Model,Device number,Pipeline parallelism,Tensor parallelism,Channels per device,Channels per block,Sequence length,PIM latency,CXL latency,Acc latency,TransformerBlock latency,Embedding latency,Token latency (ms),Throughput (tokens/s),Token energy (mJ),Total power (W),Device utilization
Llama2-13B,8,1,8,32,32,128,0.0308485,0.0047594247860378,0.00290525,0.0385131747860378,0.016064,1.706590991441515,585.9634821787761,215.0158052391843,174.251426519267,1.0
Llama2-13B,8,1,8,32,32,256,0.0319685,0.0047594247860378,0.00345525,0.0401831747860378,0.016064,1.773390991441515,563.8914400862848,215.4909796675152,168.51821298114962,1.0
Llama2-13B,8,1,8,32,32,384,0.033051,0.0047594247860378,0.00400525,0.0418156747860378,0.016064,1.8386909914415148,543.8651761795005,215.9657583263452,163.35796067164782,1.0
Llama2-13B,8,1,8,32,32,512,0.034166,0.0047594247860378,0.00455525,0.0434806747860378,0.016064,1.9052909914415148,524.8542109798225,216.44088696402605,158.3744709389643,1.0
Llama2-13B,8,1,8,32,32,640,0.0353285,0.0047594247860378,0.00510525,0.0451931747860378,0.016064,1.9737909914415148,506.639256302245,216.91655050650783,153.49968899508028,1.0
Llama2-13B,8,1,8,32,32,768,0.0364485,0.0047594247860378,0.00565525,0.0468631747860378,0.016064,2.0405909914415146,490.0541089292861,217.39172493483863,149.10882816497164,1.0
Llama2-13B,8,1,8,32,32,896,0.037531,0.0047594247860378,0.00620525,0.0484956747860378,0.016064,2.1058909914415147,474.8583872878836,217.8665035936688,145.12436625301004,1.0
Llama2-13B,8,1,8,32,32,1024,0.038646,0.0047594247860378,0.00675525,0.0501606747860378,0.016064,2.172490991441515,460.30110317579226,218.3416322313496,141.2446516012973,1.0
Llama2-13B,8,1,8,32,32,1152,0.0411985,0.0047594247860378,0.00730525,0.0532631747860378,0.016064,2.296590991441515,435.4279903241823,220.1289451531064,133.57825233510104,1.0
Llama2-13B,8,1,8,32,32,1280,0.0423185,0.0047594247860378,0.00785525,0.0549331747860378,0.016064,2.3633909914415145,423.1208478077786,220.6041195814373,130.32368797419406,1.0
Llama2-13B,8,1,8,32,32,1408,0.043401,0.0047594247860378,0.00840525,0.0565656747860378,0.016064,2.4286909914415147,411.7444349750169,221.0788982402673,127.34666150564928,1.0
Llama2-13B,8,1,8,32,32,1536,0.044516,0.0047594247860378,0.00895525,0.0582306747860378,0.016064,2.495290991441515,400.7548632323262,221.55402687794816,124.42381777223252,1.0
Llama2-13B,8,1,8,32,32,1664,0.0456785,0.0047594247860378,0.00950525,0.0599431747860378,0.016064,2.5637909914415147,390.0473959609871,222.0296904204299,121.5176124546723,1.0
Llama2-13B,8,1,8,32,32,1792,0.0467985,0.0047594247860378,0.01005525,0.0616131747860378,0.016064,2.630590991441515,380.14271441415474,222.5048648487608,118.86324607025912,1.0
Llama2-13B,8,1,8,32,32,1920,0.047881,0.0047594247860378,0.0106052499999999,0.0632456747860378,0.016064,2.6958909914415146,370.9348794794154,222.97964350759085,116.4238651592442,1.0
Llama2-13B,8,1,8,32,32,2048,0.048996,0.0047594247860378,0.01115525,0.0649106747860378,0.016064,2.7624909914415148,361.9921306886083,223.4547721452716,114.01684430630648,1.0
Llama2-13B,8,1,8,32,32,2176,0.0515165,0.0047594247860378,0.0117052499999999,0.0679811747860378,0.016064,2.8853109914415147,346.58309033800043,225.1609988854872,109.26644807269868,1.0
Llama2-13B,8,1,8,32,32,2304,0.0526365,0.0047594247860378,0.01225525,0.0696511747860378,0.016064,2.952110991441515,338.74065131667027,225.6361733138181,107.16716219439836,1.0
Llama2-13B,8,1,8,32,32,2432,0.053719,0.0047594247860378,0.0128052499999999,0.0712836747860378,0.016064,3.017410991441515,331.4099414486018,226.11095197264817,105.2285746070516,1.0
Llama2-13B,8,1,8,32,32,2560,0.054834,0.0047594247860378,0.01335525,0.0729486747860378,0.016064,3.0840109914415144,324.2530596600061,226.5860806103289,103.30546768899266,1.0
Llama2-13B,8,1,8,32,32,2688,0.0559965,0.0047594247860378,0.01390525,0.0746611747860378,0.016064,3.152510991441514,317.2074586622586,227.06174415281072,101.37318589233732,1.0
Llama2-13B,8,1,8,32,32,2816,0.0571165,0.0047594247860378,0.01445525,0.0763311747860378,0.016064,3.2193109914415152,310.6254731706516,227.5369185811416,99.59333930700478,1.0
Llama2-13B,8,1,8,32,32,2944,0.058199,0.0047594247860378,0.01500525,0.0779636747860378,0.016064,3.284610991441515,304.45005591396705,228.0116972399716,97.94485181874758,1.0
Llama2-13B,8,1,8,32,32,3072,0.059314,0.0047594247860378,0.01555525,0.0796286747860378,0.016064,3.3512109914415147,298.39959422246125,228.4868258776524,96.30391892203042,1.0
Llama2-13B,8,1,8,32,32,3200,0.0618345,0.0047594247860378,0.01610525,0.0826991747860378,0.016064,3.474030991441515,287.85005155784745,230.19305261786803,93.0682113617269,1.0
Llama2-13B,8,1,8,32,32,3328,0.0629545,0.0047594247860378,0.01665525,0.0843691747860378,0.016064,3.540830991441515,282.4195795893912,230.6682270461989,91.6011671311022,1.0
Llama2-13B,8,1,8,32,32,3456,0.064037,0.0047594247860378,0.01720525,0.0860016747860378,0.016064,3.606130991441515,277.30551174466905,231.14300570502897,90.23806772062596,1.0
Llama2-13B,8,1,8,32,32,3584,0.065152,0.0047594247860378,0.01775525,0.0876666747860378,0.016064,3.6727309914415134,272.2769520365848,231.6181343427097,88.876064565443,1.0
Llama2-13B,8,1,8,32,32,3712,0.0663145,0.0047594247860378,0.01830525,0.0893791747860378,0.016064,3.741230991441515,267.2917021931049,232.0937978851916,87.49737911210653,1.0
Llama2-13B,8,1,8,32,32,3840,0.0674345,0.0047594247860378,0.01885525,0.0910491747860378,0.016064,3.808030991441514,262.60290482075465,232.5689723135224,86.22032205826484,1.0
Llama2-13B,8,1,8,32,32,3968,0.068517,0.0047594247860378,0.01940525,0.0926816747860378,0.016064,3.8733309914415135,258.17571547838105,233.04375097235243,85.03136118494406,1.0
Llama2-13B,8,1,8,32,32,4096,0.069632,0.0047594247860378,0.01995525,0.0943466747860378,0.016064,3.9399309914415146,253.81155207343545,233.5188796100332,83.84036061366655,1.0
Llama2-13B,8,2,4,32,32,128,0.0383105,0.0045839222208658,0.00290525,0.0457996722208658,0.024332,2.0063188888346355,996.8505062331812,159.0467614234441,207.57594056909213,1.0
Llama2-13B,8,2,4,32,32,256,0.0394305,0.0045839222208658,0.00345525,0.0474696722208658,0.024332,2.073118888834636,964.7300069337856,159.51788157683177,202.27727466914163,1.0
Llama2-13B,8,2,4,32,32,384,0.040513,0.0045839222208658,0.00400525,0.0491021722208658,0.024332,2.1384188888346354,935.2704516606336,159.98860596071862,197.4534173730884,1.0
Llama2-13B,8,2,4,32,32,512,0.041628,0.0045839222208658,0.00455525,0.0507671722208658,0.024332,2.205018888834635,907.0217085791094,160.45968032345618,192.7304702645529,1.0
Llama2-13B,8,2,4,32,32,640,0.0427905,0.0045839222208658,0.00510525,0.0524796722208658,0.024332,2.273518888834636,879.6935929681956,160.93128959099474,188.0455820696121,1.0
Llama2-13B,8,2,4,32,32,768,0.0439105,0.0045839222208658,0.00565525,0.0541496722208658,0.024332,2.340318888834635,854.5843942642803,161.40240974438242,183.78566600742693,1.0
Llama2-13B,8,2,4,32,32,896,0.044993,0.0045839222208658,0.00620525,0.0557821722208658,0.024332,2.405618888834636,831.3868872923878,161.87313412826924,179.88702034568635,1.0
Llama2-13B,8,2,4,32,32,1024,0.046108,0.0045839222208658,0.00675525,0.0574471722208658,0.024332,2.472218888834635,808.9898548355354,162.34420849100687,176.0477666467933,1.0
Llama2-13B,8,2,4,32,32,1152,0.0486605,0.0045839222208658,0.00730525,0.0605496722208658,0.024332,2.596318888834636,770.321399501779,164.12746713782053,168.64547953455116,1.0
Llama2-13B,8,2,4,32,32,1280,0.0497805,0.0045839222208658,0.00785525,0.0622196722208658,0.024332,2.663118888834635,750.9991417901692,164.59858729120828,165.3243612370388,1.0
Llama2-13B,8,2,4,32,32,1408,0.050863,0.0045839222208658,0.00840525,0.0638521722208658,0.024332,2.728418888834635,733.0252726897966,165.0693116750951,162.26855639177313,1.0
Llama2-13B,8,2,4,32,32,1536,0.051978,0.0045839222208658,0.00895525,0.0655171722208659,0.024332,2.7950188888346355,715.5586704581759,165.54038603783263,159.24081922912836,1.0
Llama2-13B,8,2,4,32,32,1664,0.0531405,0.0045839222208658,0.00950525,0.0672296722208658,0.024332,2.8635188888346352,698.4413505349493,166.01199530537122,156.20100987511523,1.0
Llama2-13B,8,2,4,32,32,1792,0.0542605,0.0045839222208658,0.01005525,0.0688996722208658,0.024332,2.9303188888346354,682.5195741052552,166.48311545875885,153.4109669637755,1.0
Llama2-13B,8,2,4,32,32,1920,0.055343,0.0045839222208658,0.0106052499999999,0.0705321722208658,0.024332,2.995618888834635,667.641670792791,166.9538398426458,150.83555268294606,1.0
Llama2-13B,8,2,4,32,32,2048,0.056458,0.0045839222208658,0.01115525,0.0721971722208658,0.024332,3.062218888834635,653.1211753974663,167.4249142053833,148.27386216779132,1.0
Llama2-13B,8,2,4,32,32,2176,0.0612385,0.0045839222208658,0.0117052499999999,0.0775276722208658,0.024332,3.275438888834635,610.6051945641941,170.93844218997285,139.56779002586018,1.0
Llama2-13B,8,2,4,32,32,2304,0.0623585,0.0045839222208658,0.01225525,0.0791976722208658,0.024332,3.342238888834635,598.40127127997,171.4095623433604,137.43881134357022,1.0
Llama2-13B,8,2,4,32,32,2432,0.063441,0.0045839222208658,0.0128052499999999,0.0808301722208658,0.024332,3.407538888834635,586.933873756608,171.8802867272473,135.46467326117752,1.0
Llama2-13B,8,2,4,32,32,2560,0.064556,0.0045839222208658,0.01335525,0.0824951722208658,0.024332,3.474138888834635,575.6822234216663,172.35136108998486,133.4898081433057,1.0
Llama2-13B,8,2,4,32,32,2688,0.0657185,0.0045839222208658,0.01390525,0.0842076722208658,0.024332,3.542638888834635,564.5509076026397,172.82297035752345,131.48730597740624,1.0
Llama2-13B,8,2,4,32,32,2816,0.0668385,0.0045839222208658,0.01445525,0.0858776722208658,0.024332,3.609438888834635,554.1027460491877,173.29409051091113,129.63642998489726,1.0
Llama2-13B,8,2,4,32,32,2944,0.067921,0.0045839222208658,0.01500525,0.0875101722208658,0.024332,3.674738888834635,544.2563568466921,173.76481489479798,127.91685553422212,1.0
Llama2-13B,8,2,4,32,32,3072,0.069036,0.0045839222208658,0.01555525,0.0891751722208658,0.024332,3.741338888834636,534.5679874038266,174.2358892575355,126.19205143514657,1.0
Llama2-13B,8,2,4,32,32,3200,0.0715565,0.0045839222208658,0.01610525,0.0922456722208658,0.024332,3.864158888834635,517.5770607619,175.93806172280796,122.93646399894342,1.0
Llama2-13B,8,2,4,32,32,3328,0.0726765,0.0045839222208658,0.01665525,0.0939156722208658,0.024332,3.930958888834635,508.78171371385577,176.40918187619553,121.36604120740238,1.0
Llama2-13B,8,2,4,32,32,3456,0.073759,0.0045839222208658,0.01720525,0.0955481722208659,0.024332,3.9962588888346353,500.4680766773916,176.87990626008244,119.90394816909289,1.0
Llama2-13B,8,2,4,32,32,3584,0.074874,0.0045839222208658,0.01775525,0.0972131722208658,0.024332,4.062858888834636,492.26420476879207,177.35098062282003,118.4329544453482,1.0
Llama2-13B,8,2,4,32,32,3712,0.0760365,0.0045839222208658,0.01830525,0.0989256722208659,0.024332,4.131358888834636,484.1022176517217,177.8225898903586,116.93238766273996,1.0
Llama2-13B,8,2,4,32,32,3840,0.0771565,0.0045839222208658,0.01885525,0.1005956722208658,0.024332,4.198158888834636,476.3993104975544,178.29371004374624,115.54030447450717,1.0
Llama2-13B,8,2,4,32,32,3968,0.078239,0.0045839222208658,0.01940525,0.1022281722208658,0.024332,4.263458888834636,469.10268215267706,178.76443442763315,114.24253532613729,1.0
Llama2-13B,8,2,4,32,32,4096,0.079354,0.0045839222208658,0.01995525,0.1038931722208658,0.024332,4.330058888834636,461.8874826753839,179.23550879037066,112.93413614333916,1.0
Llama2-13B,8,4,2,32,32,128,0.0544235,0.0042163602447509,0.00290525,0.0615451102447509,0.040868,2.652672409790039,1507.9132972610828,134.86227258951848,247.8015426966631,1.0
Llama2-13B,8,4,2,32,32,256,0.0555435,0.0042163602447509,0.00345525,0.0632151102447509,0.040868,2.71947240979004,1470.8735362050704,135.33136560543457,243.6493299943909,1.0
Llama2-13B,8,4,2,32,32,384,0.056626,0.0042163602447509,0.00400525,0.0648476102447509,0.040868,2.7847724097900395,1436.3830903874775,135.80006285184984,239.81927533615263,1.0
Llama2-13B,8,4,2,32,32,512,0.057741,0.0042163602447509,0.00455525,0.0665126102447509,0.040868,2.85137240979004,1402.833241377453,136.26911007711573,236.0006062886264,1.0
Llama2-13B,8,4,2,32,32,640,0.0589035,0.0042163602447509,0.00510525,0.0682251102447509,0.040868,2.919872409790039,1369.9228728585542,136.7386922071827,232.1401821745444,1.0
Llama2-13B,8,4,2,32,32,768,0.0600235,0.0042163602447509,0.00565525,0.0698951102447509,0.040868,2.9866724097900392,1339.2831389503467,137.2077852230988,228.59011091172425,1.0
Llama2-13B,8,4,2,32,32,896,0.061106,0.0042163602447509,0.00620525,0.0715276102447509,0.040868,3.051972409790039,1310.627837646534,137.67648246951407,225.30763340672607,1.0
Llama2-13B,8,4,2,32,32,1024,0.062221,0.0042163602447509,0.00675525,0.0731926102447509,0.040868,3.118572409790039,1282.6381672084708,138.14552969477995,222.02396248015944,1.0
Llama2-13B,8,4,2,32,32,1152,0.0670335,0.0042163602447509,0.00730525,0.0785551102447509,0.040868,3.333072409790039,1200.09393982892,141.7381167234392,211.44370609238536,1.0
Llama2-13B,8,4,2,32,32,1280,0.0681535,0.0042163602447509,0.00785525,0.0802251102447509,0.040868,3.3998724097900395,1176.514738753688,142.2072097393553,208.6572365899847,1.0
Llama2-13B,8,4,2,32,32,1408,0.069236,0.0042163602447509,0.00840525,0.0818576102447509,0.040868,3.465172409790039,1154.3437171261464,142.6759069857705,206.071851328457,1.0
Llama2-13B,8,4,2,32,32,1536,0.070351,0.0042163602447509,0.00895525,0.0835226102447509,0.040868,3.5317724097900385,1132.5758106360531,143.14495421103643,203.47252236789308,1.0
Llama2-13B,8,4,2,32,32,1664,0.0715135,0.0042163602447509,0.00950525,0.0852351102447509,0.040868,3.6002724097900387,1111.027040377001,143.61453634110345,200.8215740260279,1.0
Llama2-13B,8,4,2,32,32,1792,0.0726335,0.0042163602447509,0.01005525,0.0869051102447509,0.040868,3.6670724097900393,1090.78838730349,144.08362935701945,198.37076467059885,1.0
Llama2-13B,8,4,2,32,32,1920,0.073716,0.0042163602447509,0.0106052499999999,0.0885376102447509,0.040868,3.732372409790039,1071.704417680286,144.55232660343478,196.0935571699966,1.0
Llama2-13B,8,4,2,32,32,2048,0.074831,0.0042163602447509,0.01115525,0.0902026102447509,0.040868,3.798972409790039,1052.9163069707768,145.0213738287007,193.79852444668745,1.0
Llama2-13B,8,4,2,32,32,2176,0.0796115,0.0042163602447509,0.0117052499999999,0.0955331102447509,0.040868,4.012192409790039,996.9611602473778,148.5328746758186,186.57213427183072,1.0
Llama2-13B,8,4,2,32,32,2304,0.0807315,0.0042163602447509,0.01225525,0.0972031102447509,0.040868,4.078992409790039,980.6343327336308,149.00196769173465,184.56484481489213,1.0
Llama2-13B,8,4,2,32,32,2432,0.081814,0.0042163602447509,0.0128052499999999,0.0988356102447509,0.040868,4.144292409790039,965.1828598172324,149.47066493814984,182.69570603826963,1.0
Llama2-13B,8,4,2,32,32,2560,0.082929,0.0042163602447509,0.01335525,0.1005006102447509,0.040868,4.210892409790039,949.9174072223436,149.93971216341586,180.8049200682701,1.0
Llama2-13B,8,4,2,32,32,2688,0.0840915,0.0042163602447509,0.01390525,0.1022131102447509,0.040868,4.279392409790039,934.7121312944174,150.4092942934828,178.86384984627793,1.0
Llama2-13B,8,4,2,32,32,2816,0.0852115,0.0042163602447509,0.01445525,0.1038831102447509,0.040868,4.346192409790039,920.3458160273298,150.8783873093989,177.0634096447063,1.0
Llama2-13B,8,4,2,32,32,2944,0.086294,0.0042163602447509,0.01500525,0.1055156102447509,0.040868,4.411492409790038,906.7226299932312,151.34708455581418,175.38540866782645,1.0
Llama2-13B,8,4,2,32,32,3072,0.087409,0.0042163602447509,0.01555525,0.1071806102447509,0.040868,4.478092409790039,893.2374846162553,151.81613178108012,173.68478278104098,1.0
Llama2-13B,8,4,2,32,32,3200,0.0921895,0.0042163602447509,0.01610525,0.1125111102447509,0.040868,4.691312409790038,852.6398693151672,155.32763262819793,168.48733600702676,1.0
Llama2-13B,8,4,2,32,32,3328,0.0933095,0.0042163602447509,0.01665525,0.1141811102447509,0.040868,4.758112409790039,840.6695041020496,155.79672564411402,166.96769958483767,1.0
Llama2-13B,8,4,2,32,32,3456,0.094392,0.0042163602447509,0.01720525,0.1158136102447509,0.040868,4.82341240979004,829.2884083229611,156.26542289052924,165.54943521752824,1.0
Llama2-13B,8,4,2,32,32,3584,0.095507,0.0042163602447509,0.01775525,0.1174786102447509,0.040868,4.890012409790039,817.9938341243897,156.7344701157953,164.10783514904173,1.0
Llama2-13B,8,4,2,32,32,3712,0.0966695,0.0042163602447509,0.01830525,0.1191911102447509,0.040868,4.958512409790039,806.6935543213401,157.20405224586224,162.62011518199864,1.0
Llama2-13B,8,4,2,32,32,3840,0.0977895,0.0042163602447509,0.01885525,0.1208611102447509,0.040868,5.025312409790039,795.9704141393117,157.67314526177825,161.23729568284762,1.0
Llama2-13B,8,4,2,32,32,3968,0.098872,0.0042163602447509,0.01940525,0.1224936102447509,0.040868,5.090612409790039,785.7600771780186,158.14184250819355,159.94603376910908,1.0
Llama2-13B,8,4,2,32,32,4096,0.099987,0.0042163602447509,0.01995525,0.1241586102447509,0.040868,5.157212409790039,775.6128082695839,158.61088973345952,158.63151182999738,1.0
Llama2-13B,8,8,1,32,32,128,0.089525,0.0035309068298339,0.00290525,0.0959611568298339,0.077148,4.065594273193359,1967.7320122050264,127.2825340864004,284.3508161662116,1.0
Llama2-13B,8,8,1,32,32,256,0.090645,0.0035309068298339,0.00345525,0.0976311568298339,0.077148,4.132394273193359,1935.9236972850367,127.75061353358066,281.8701826544887,1.0
Llama2-13B,8,8,1,32,32,384,0.0917275,0.0035309068298339,0.00400525,0.0992636568298339,0.077148,4.19769427319336,1905.80816022937,127.77195894118658,278.5903004904451,1.0
Llama2-13B,8,8,1,32,32,512,0.0928425,0.0035309068298339,0.00455525,0.1009286568298339,0.077148,4.264294273193359,1876.0431357400485,128.6863308677902,277.2142733506536,1.0
Llama2-13B,8,8,1,32,32,640,0.096265,0.0035309068298339,0.00510525,0.1049011568298339,0.077148,4.42319427319336,1808.647666344607,130.9662549484385,272.095268162756,1.0
Llama2-13B,8,8,1,32,32,768,0.097385,0.0035309068298339,0.00565525,0.1065711568298339,0.077148,4.48999427319336,1781.7394662978634,131.43433439561875,269.9272668185425,1.0
Llama2-13B,8,8,1,32,32,896,0.0984675,0.0035309068298339,0.00620525,0.1082036568298339,0.077148,4.55529427319336,1756.198287139818,131.45574077034885,267.003307223904,1.0
Llama2-13B,8,8,1,32,32,1024,0.0995825,0.0035309068298339,0.00675525,0.1098686568298339,0.077148,4.62189427319336,1730.892038443934,132.3700517298284,265.85002732373346,1.0
Llama2-13B,8,8,1,32,32,1152,0.104395,0.0035309068298339,0.00730525,0.1152311568298339,0.077148,4.83639427319336,1654.124859989503,135.96162518975171,260.4753583787571,1.0
Llama2-13B,8,8,1,32,32,1280,0.105515,0.0035309068298339,0.00785525,0.1169011568298339,0.077148,4.90319427319336,1631.5894403241232,136.42970463693194,258.59774370834856,1.0
Llama2-13B,8,8,1,32,32,1408,0.1065975,0.0035309068298339,0.00840525,0.1185336568298339,0.077148,4.96849427319336,1610.1457625024543,136.45111101166205,256.0118408249013,1.0
Llama2-13B,8,8,1,32,32,1536,0.1077125,0.0035309068298339,0.00895525,0.1201986568298339,0.077148,5.03509427319336,1588.8481061003524,137.36542197114156,255.05938859675825,1.0
Llama2-13B,8,8,1,32,32,1664,0.111135,0.0035309068298339,0.00950525,0.1241711568298339,0.077148,5.19399427319336,1540.2404352443496,139.64534605178983,251.3075917609932,1.0
Llama2-13B,8,8,1,32,32,1792,0.112255,0.0035309068298339,0.01005525,0.1258411568298339,0.077148,5.260794273193359,1520.682920593265,140.11342549897012,249.6341819945127,1.0
Llama2-13B,8,8,1,32,32,1920,0.1133375,0.0035309068298339,0.0106052499999999,0.1274736568298339,0.077148,5.32609427319336,1502.0387529121692,140.13483187370025,247.2876706715787,1.0
Llama2-13B,8,8,1,32,32,2048,0.1144525,0.0035309068298339,0.01115525,0.1291386568298339,0.077148,5.392694273193359,1483.4885114417375,141.0491428331797,246.47629860978088,1.0
Llama2-13B,8,8,1,32,32,2176,0.119233,0.0035309068298339,0.0117052499999999,0.1344691568298339,0.077148,5.60591427319336,1427.064277142945,144.55963011156177,242.4825847065188,1.0
Llama2-13B,8,8,1,32,32,2304,0.120353,0.0035309068298339,0.01225525,0.136139156829834,0.077148,5.67271427319336,1410.2596419855522,145.0277095587421,241.00389613676776,1.0
Llama2-13B,8,8,1,32,32,2432,0.1214355,0.0035309068298339,0.0128052499999999,0.1377716568298339,0.077148,5.738014273193359,1394.2105437719283,145.04911593347217,238.89079541562748,1.0
Llama2-13B,8,8,1,32,32,2560,0.1225505,0.0035309068298339,0.01335525,0.139436656829834,0.077148,5.80461427319336,1378.2138870011197,145.96342689295165,238.2094351193209,1.0
Llama2-13B,8,8,1,32,32,2688,0.125973,0.0035309068298339,0.01390525,0.143409156829834,0.077148,5.96351427319336,1341.490878283106,148.24335097359992,235.3573400230207,1.0
Llama2-13B,8,8,1,32,32,2816,0.127093,0.0035309068298339,0.01445525,0.145079156829834,0.077148,6.03031427319336,1326.6306924603434,148.7114304207802,234.0198601351454,1.0
Llama2-13B,8,8,1,32,32,2944,0.1281755,0.0035309068298339,0.01500525,0.1467116568298339,0.077148,6.09561427319336,1312.4190018357206,148.73283679551022,232.0768583629637,1.0
Llama2-13B,8,8,1,32,32,3072,0.1292905,0.0035309068298339,0.01555525,0.1483766568298339,0.077148,6.162214273193359,1298.234635364971,149.6471477549898,231.48978115946613,1.0
Llama2-13B,8,8,1,32,32,3200,0.134071,0.0035309068298339,0.01610525,0.153707156829834,0.077148,6.375434273193361,1254.8164810728915,153.15763503337183,228.47242883751423,1.0
Llama2-13B,8,8,1,32,32,3328,0.135191,0.0035309068298339,0.01665525,0.155377156829834,0.077148,6.44223427319336,1241.8051968846623,153.62571448055215,227.27210314377749,1.0
Llama2-13B,8,8,1,32,32,3456,0.1362735,0.0035309068298339,0.01720525,0.1570096568298339,0.077148,6.50753427319336,1229.3442745210868,153.64712085528217,225.49816487472947,1.0
Llama2-13B,8,8,1,32,32,3584,0.1373885,0.0035309068298339,0.01775525,0.1586746568298339,0.077148,6.574134273193359,1216.890265326758,154.5614318147617,224.9990818951539,1.0
Llama2-13B,8,8,1,32,32,3712,0.140811,0.0035309068298339,0.01830525,0.1626471568298339,0.077148,6.73303427319336,1188.1715843703466,156.84135589540995,222.76861309899084,1.0
Llama2-13B,8,8,1,32,32,3840,0.141931,0.0035309068298339,0.01885525,0.164317156829834,0.077148,6.799834273193361,1176.4992613920006,157.30943534259023,221.670298021701,1.0
Llama2-13B,8,8,1,32,32,3968,0.1430135,0.0035309068298339,0.01940525,0.1659496568298339,0.077148,6.86513427319336,1165.3085987317113,157.33084171732037,220.0223639269305,1.0
Llama2-13B,8,8,1,32,32,4096,0.1441285,0.0035309068298339,0.01995525,0.1676146568298339,0.077148,6.93173427319336,1154.112331013304,158.24515267679988,219.58898160571968,1.0
Llama2-13B,8,40,1,32,6,128,0.439355,0.0003588139343261,0.01452625,0.4542400639343262,0.3976785,18.717281057373047,2137.0625294021183,120.30804672912714,273.82878703810616,1.0
Llama2-13B,8,40,1,32,6,256,0.446951,0.0003588139343261,0.01727625,0.4645860639343261,0.3976785,19.131121057373047,2090.83408546956,121.01415535937676,270.7548598378273,1.0
Llama2-13B,8,40,1,32,6,384,0.454565,0.0003588139343261,0.02002625,0.4749500639343262,0.3976785,19.54568105737305,2046.4879111956625,121.68448798991696,267.69436272022034,1.0
Llama2-13B,8,40,1,32,6,512,0.464403,0.0003588139343261,0.02277625,0.4875380639343262,0.3976785,20.049201057373047,1995.0919682802069,122.7663116429919,264.3529685273176,1.0
Llama2-13B,8,40,1,32,6,640,0.471999,0.0003588139343261,0.02552625,0.4978840639343261,0.3976785,20.463041057373047,1954.743671180173,123.47242027324153,261.59466497437813,1.0
Llama2-13B,8,40,1,32,6,768,0.479613,0.0003588139343261,0.02827625,0.5082480639343262,0.3976785,20.87760105737305,1915.9289369538824,124.1418163317817,258.83747173613256,1.0
Llama2-13B,8,40,1,32,6,896,0.489451,0.0003588139343261,0.03102625,0.5208360639343262,0.3976785,21.38112105737305,1870.8092944549524,125.22457655685665,255.84701340247875,1.0
Llama2-13B,8,40,1,32,6,1024,0.497047,0.0003588139343261,0.03377625,0.5311820639343262,0.3976785,21.794961057373047,1835.2866010957312,125.93068518710623,253.3577009560589,1.0
Llama2-13B,8,40,1,32,6,1152,0.509273,0.0003588139343261,0.03652625,0.5461580639343261,0.3976785,22.394001057373043,1786.1926458572852,127.38314700653702,250.12743068361564,1.0
Llama2-13B,8,40,1,32,6,1280,0.519111,0.0003588139343261,0.03927625,0.5587460639343261,0.3976785,22.897521057373044,1746.9139956143822,128.46702966721196,247.4750673116384,1.0
Llama2-13B,8,40,1,32,6,1408,0.526707,0.0003588139343261,0.04202625,0.5690920639343262,0.3976785,23.31136105737305,1715.901525507391,129.17313829746155,245.24667091468595,1.0
Llama2-13B,8,40,1,32,6,1536,0.534321,0.0003588139343261,0.04477625,0.5794560639343261,0.3976785,23.725921057373046,1685.919796465378,129.8404753484017,243.00088401616577,1.0
Llama2-13B,8,40,1,32,6,1664,0.544159,0.0003588139343261,0.04752625,0.5920440639343261,0.3976785,24.22944105737304,1650.8841415401932,130.92529458107666,240.60117462189663,1.0
Llama2-13B,8,40,1,32,6,1792,0.551755,0.0003588139343261,0.05027625,0.6023900639343261,0.3976785,24.643281057373045,1623.1604836577703,131.63140321132624,238.56857339095475,1.0
Llama2-13B,8,40,1,32,6,1920,0.559369,0.0003588139343261,0.0530262499999999,0.6127540639343261,0.3976785,25.057841057373043,1596.3067172632718,132.29780369026648,236.51257701135825,1.0
Llama2-13B,8,40,1,32,6,2048,0.569207,0.0003588139343261,0.05577625,0.6253420639343261,0.3976785,25.561361057373045,1564.8618987940083,133.38355949494144,234.3322543379498,1.0
Llama2-13B,8,40,1,32,6,2176,0.581415,0.0003588139343261,0.0585262499999999,0.6403000639343261,0.3976785,26.15968105737305,1529.0706301912687,134.8738563216816,231.9751921117989,1.0
Llama2-13B,8,40,1,32,6,2304,0.589029,0.0003588139343261,0.06127625,0.6506640639343262,0.3976785,26.574241057373047,1505.217022515944,135.53913436502177,230.10604633222093,1.0
Llama2-13B,8,40,1,32,6,2432,0.598867,0.0003588139343261,0.0640262499999999,0.6632520639343261,0.3976785,27.07776105737305,1477.2270098420245,136.62601260529672,228.14082693702724,1.0
Llama2-13B,8,40,1,32,6,2560,0.606463,0.0003588139343261,0.06677625,0.6735980639343261,0.3976785,27.49160105737304,1454.9898318589303,137.3321212355463,226.4476501213533,1.0
Llama2-13B,8,40,1,32,6,2688,0.614077,0.0003588139343261,0.06952625,0.6839620639343261,0.3976785,27.906161057373044,1433.375229138931,137.99646270688655,224.72175754325028,1.0
Llama2-13B,8,40,1,32,6,2816,0.623915,0.0003588139343261,0.07227625,0.6965500639343262,0.3976785,28.40968105737305,1407.970751914477,139.08427751916145,222.921836338542,1.0
Llama2-13B,8,40,1,32,6,2944,0.631511,0.0003588139343261,0.07502625,0.7068960639343261,0.3976785,28.823521057373046,1387.7555042765332,139.79038614941095,221.35859256515087,1.0
Llama2-13B,8,40,1,32,6,3072,0.639125,0.0003588139343261,0.07777625,0.7172600639343262,0.3976785,29.238081057373048,1368.0788394255133,140.4537910487512,219.7595009563876,1.0
Llama2-13B,8,40,1,32,6,3200,0.653575,0.0003588139343261,0.08052625,0.7344600639343262,0.3976785,29.926081057373047,1336.626734496697,142.32673062951673,217.76648529934084,1.0
Llama2-13B,8,40,1,32,6,3328,0.661171,0.0003588139343261,0.08327625,0.7448060639343261,0.3976785,30.339921057373044,1318.394992668559,143.03283925976632,216.3325966501349,1.0
Llama2-13B,8,40,1,32,6,3456,0.668785,0.0003588139343261,0.08602625,0.7551700639343261,0.3976785,30.75448105737304,1300.623474198094,143.69512172350653,214.8599650463251,1.0
Llama2-13B,8,40,1,32,6,3584,0.678623,0.0003588139343261,0.08877625,0.7677580639343261,0.3976785,31.258001057373043,1279.6723605767786,144.78499554338143,213.3511471662196,1.0
Llama2-13B,8,40,1,32,6,3712,0.686219,0.0003588139343261,0.09152625,0.7781040639343262,0.3976785,31.671841057373047,1262.9515261692752,145.491104173631,212.018472490023,1.0
Llama2-13B,8,40,1,32,6,3840,0.693833,0.0003588139343261,0.09427625,0.7884680639343262,0.3976785,32.08640105737305,1246.6340468810072,146.1524500653713,210.64499680091785,1.0
Llama2-13B,8,40,1,32,6,3968,0.703671,0.0003588139343261,0.09702625,0.8010560639343262,0.3976785,32.58992105737304,1227.3733320673548,147.24326045724618,209.2501473803044,1.0
Llama2-13B,8,40,1,32,6,4096,0.711267,0.0003588139343261,0.09977625,0.8114020639343261,0.3976785,33.00376105737304,1211.98308066965,147.9493690874958,208.008200981482,1.0
Llama2-13B,20,1,20,32,32,128,0.0245755,0.0094062218148367,0.00290525,0.0368869718148367,0.010106,1.6355848725934707,611.4020842063344,324.5311995613599,330.13692454005,1.0
Llama2-13B,20,1,20,32,32,256,0.0256955,0.0094062218148367,0.00345525,0.0385569718148367,0.010106,1.702384872593471,587.4112347324644,325.01853681452053,316.2212613244734,1.0
Llama2-13B,20,1,20,32,32,384,0.026778,0.0094062218148367,0.00400525,0.0401894718148367,0.010106,1.767684872593471,565.7116918881832,325.50547829818004,303.8926341569387,1.0
Llama2-13B,20,1,20,32,32,512,0.027893,0.0094062218148367,0.00455525,0.0418544718148367,0.010106,1.8342848725934704,545.1715897248356,325.9927697606905,292.1815238238004,1.0
Llama2-13B,20,1,20,32,32,640,0.0290555,0.0094062218148367,0.00510525,0.0435669718148367,0.010106,1.9027848725934708,525.5454856738551,326.4805961280018,280.91118387912945,1.0
Llama2-13B,20,1,20,32,32,768,0.0301755,0.0094062218148367,0.00565525,0.0452369718148367,0.010106,1.9695848725934708,507.7212025309881,326.9679333811623,270.8885796268185,1.0
Llama2-13B,20,1,20,32,32,896,0.031258,0.0094062218148367,0.00620525,0.0468694718148367,0.010106,2.034884872593471,491.4282932997064,327.45487486482193,261.89685429715763,1.0
Llama2-13B,20,1,20,32,32,1024,0.032373,0.0094062218148367,0.00675525,0.0485344718148367,0.010106,2.101484872593471,475.8540082974218,327.9421663273324,253.2528390381896,1.0
Llama2-13B,20,1,20,32,32,1152,0.0349255,0.0094062218148367,0.00730525,0.0516369718148367,0.010106,2.225584872593471,449.3200921314232,329.74164207391897,236.03215564123565,1.0
Llama2-13B,20,1,20,32,32,1280,0.0360455,0.0094062218148367,0.00785525,0.0533069718148367,0.010106,2.292384872593471,436.2269233039642,330.2289793270794,229.0362037751449,1.0
Llama2-13B,20,1,20,32,32,1408,0.037128,0.0094062218148367,0.00840525,0.0549394718148367,0.010106,2.3576848725934707,424.14489384240426,330.7159208107392,222.686328923413,1.0
Llama2-13B,20,1,20,32,32,1536,0.038243,0.0094062218148367,0.00895525,0.0566044718148367,0.010106,2.4242848725934705,412.4927772742368,331.2032122732495,216.51231092830687,1.0
Llama2-13B,20,1,20,32,32,1664,0.0394055,0.0094062218148367,0.00950525,0.0583169718148367,0.010106,2.4927848725934707,401.1577617444417,331.691038640561,210.4344816336304,1.0
Llama2-13B,20,1,20,32,32,1792,0.0405255,0.0094062218148367,0.01005525,0.0599869718148367,0.010106,2.559584872593471,390.6883536886828,332.17837589372147,204.91935688253164,1.0
Llama2-13B,20,1,20,32,32,1920,0.041608,0.0094062218148367,0.0106052499999999,0.0616194718148367,0.010106,2.6248848725934706,380.9690895174263,332.6653173773811,199.8806223426872,1.0
Llama2-13B,20,1,20,32,32,2048,0.042723,0.0094062218148367,0.01115525,0.0632844718148367,0.010106,2.691484872593471,371.5421216677381,333.1526088398915,194.94921285952032,1.0
Llama2-13B,20,1,20,32,32,2176,0.0452435,0.0094062218148367,0.0117052499999999,0.0663549718148367,0.010106,2.8143048725934703,355.3275303391237,334.87099840493664,185.0381813989505,1.0
Llama2-13B,20,1,20,32,32,2304,0.0463635,0.0094062218148367,0.01225525,0.0680249718148367,0.010106,2.881104872593471,347.0890662511131,335.35833565809725,180.83100696566115,1.0
Llama2-13B,20,1,20,32,32,2432,0.047446,0.0094062218148367,0.0128052499999999,0.0696574718148367,0.010106,2.946404872593471,339.396669243146,335.845277141757,176.9618498618202,1.0
Llama2-13B,20,1,20,32,32,2560,0.048561,0.0094062218148367,0.01335525,0.0713224718148367,0.010106,3.013004872593471,331.8945844051162,336.3325686042673,173.1495277096164,1.0
Llama2-13B,20,1,20,32,32,2688,0.0497235,0.0094062218148367,0.01390525,0.0730349718148367,0.010106,3.0815048725934706,324.5167674060419,336.82039497157865,169.34668465191447,1.0
Llama2-13B,20,1,20,32,32,2816,0.0508435,0.0094062218148367,0.01445525,0.0747049718148367,0.010106,3.148304872593471,317.6312461684286,337.307732224739,165.8558774596257,1.0
Llama2-13B,20,1,20,32,32,2944,0.051926,0.0094062218148367,0.01500525,0.0763374718148367,0.010106,3.2136048725934705,311.1770238240184,337.7946737083988,162.63272431363805,1.0
Llama2-13B,20,1,20,32,32,3072,0.053041,0.0094062218148367,0.01555525,0.0780024718148367,0.010106,3.2802048725934707,304.85900693433126,338.28196517090925,159.44362152434402,1.0
Llama2-13B,20,1,20,32,32,3200,0.0555615,0.0094062218148367,0.01610525,0.0810729718148367,0.010106,3.40302487259347,293.8562124695529,340.0003547359545,152.9837903656104,1.0
Llama2-13B,20,1,20,32,32,3328,0.0566815,0.0094062218148367,0.01665525,0.0827429718148367,0.010106,3.469824872593472,288.1989831528772,340.487691989115,150.17584749394197,1.0
Llama2-13B,20,1,20,32,32,3456,0.057764,0.0094062218148367,0.01720525,0.0843754718148367,0.010106,3.5351248725934714,282.8754389279524,340.9746334727747,147.57229133750022,1.0
Llama2-13B,20,1,20,32,32,3584,0.058879,0.0094062218148367,0.01775525,0.0860404718148367,0.010106,3.6017248725934707,277.64474949468763,341.46192493528514,144.98459762193863,1.0
Llama2-13B,20,1,20,32,32,3712,0.0600415,0.0094062218148367,0.01830525,0.0877529718148367,0.010106,3.670224872593472,272.4628693645617,341.9497513025964,142.38058313941042,1.0
Llama2-13B,20,1,20,32,32,3840,0.0611615,0.0094062218148367,0.01885525,0.0894229718148367,0.010106,3.737024872593471,267.5925459671898,342.43708855575693,139.97248618647225,1.0
Llama2-13B,20,1,20,32,32,3968,0.062244,0.0094062218148367,0.01940525,0.0910554718148367,0.010106,3.802324872593471,262.9969909220106,342.92403003941666,137.73376953578529,1.0
Llama2-13B,20,1,20,32,32,4096,0.063359,0.0094062218148367,0.01995525,0.0927204718148367,0.010106,3.868924872593471,258.46973847534707,343.41132150192715,135.50218654884355,1.0
Llama2-13B,20,2,10,32,32,128,0.0257645,0.0091337434387207,0.00290525,0.0378034934387207,0.0118385,1.673978237548828,1194.758662411621,184.60858196200928,358.26152644532067,1.0
Llama2-13B,20,2,10,32,32,256,0.0268845,0.0091337434387207,0.00345525,0.0394734934387207,0.0118385,1.740778237548828,1148.9114218340524,185.0857835278117,344.22396460378985,1.0
Llama2-13B,20,2,10,32,32,384,0.027967,0.0091337434387207,0.00400525,0.0411059934387207,0.0118385,1.806078237548828,1107.371739728373,185.56258932411345,331.7527609756383,1.0
Llama2-13B,20,2,10,32,32,512,0.029082,0.0091337434387207,0.00455525,0.0427709934387207,0.0118385,1.872678237548828,1067.989129097706,186.03974509926584,319.8537671055392,1.0
Llama2-13B,20,2,10,32,32,640,0.0302445,0.0091337434387207,0.00510525,0.0444834934387207,0.0118385,1.941178237548828,1030.3020924680504,186.5174357792192,308.34934579711864,1.0
Llama2-13B,20,2,10,32,32,768,0.0313645,0.0091337434387207,0.00565525,0.0461534934387207,0.0118385,2.007978237548828,996.0267310672812,186.9946373450217,298.09918434061063,1.0
Llama2-13B,20,2,10,32,32,896,0.032447,0.0091337434387207,0.00620525,0.0477859934387207,0.0118385,2.0732782375488283,964.6558593913268,187.4714431413233,288.8887156614223,1.0
Llama2-13B,20,2,10,32,32,1024,0.033562,0.0091337434387207,0.00675525,0.0494509934387207,0.0118385,2.139878237548828,934.6326182983876,187.9485989164757,280.00208407793866,1.0
Llama2-13B,20,2,10,32,32,1152,0.0361145,0.0091337434387207,0.00730525,0.0525534934387207,0.0118385,2.2639782375488284,883.4007177407176,189.7379389757042,262.6894169595373,1.0
Llama2-13B,20,2,10,32,32,1280,0.0372345,0.0091337434387207,0.00785525,0.0542234934387207,0.0118385,2.330778237548828,858.0824926970777,190.21514054150663,255.42862203266685,1.0
Llama2-13B,20,2,10,32,32,1408,0.038317,0.0091337434387207,0.00840525,0.0558559934387207,0.0118385,2.3960782375488283,834.6972851963242,190.6919463378084,248.8346508570717,1.0
Llama2-13B,20,2,10,32,32,1536,0.039432,0.0091337434387207,0.00895525,0.0575209934387207,0.0118385,2.462678237548828,812.1239589913522,191.16910211296064,242.4035074469476,1.0
Llama2-13B,20,2,10,32,32,1664,0.0405945,0.0091337434387207,0.00950525,0.0592334934387207,0.0118385,2.5311782375488283,790.1458578976972,191.64679279291408,236.0501949684244,1.0
Llama2-13B,20,2,10,32,32,1792,0.0417145,0.0091337434387207,0.01005525,0.0609034934387207,0.0118385,2.597978237548828,769.829389289644,192.12399435871657,230.28442670859843,1.0
Llama2-13B,20,2,10,32,32,1920,0.042797,0.0091337434387207,0.0106052499999999,0.0625359934387207,0.0118385,2.663278237548828,750.9542081644155,192.60080015501825,225.01670695962127,1.0
Llama2-13B,20,2,10,32,32,2048,0.043912,0.0091337434387207,0.01115525,0.0642009934387207,0.0118385,2.7298782375488284,732.6334092453186,193.07795593017065,219.8464610245157,1.0
Llama2-13B,20,2,10,32,32,2176,0.0464325,0.0091337434387207,0.0117052499999999,0.0672714934387207,0.0118385,2.852698237548828,701.0906284004626,194.7862098078577,209.752016160941,1.0
Llama2-13B,20,2,10,32,32,2304,0.0475525,0.0091337434387207,0.01225525,0.0689414934387206,0.0118385,2.919498237548828,685.0492232799475,195.2634113736603,205.3135075691713,1.0
Llama2-13B,20,2,10,32,32,2432,0.048635,0.0091337434387207,0.0128052499999999,0.0705739934387207,0.0118385,2.984798237548828,670.0620413265981,195.740217169962,201.2339027140557,1.0
Llama2-13B,20,2,10,32,32,2560,0.04975,0.0091337434387207,0.01335525,0.0722389934387207,0.0118385,3.051398237548828,655.437227232126,196.2173729451144,197.2033898945872,1.0
Llama2-13B,20,2,10,32,32,2688,0.0509125,0.0091337434387207,0.01390525,0.0739514934387206,0.0118385,3.119898237548828,641.0465495090364,196.6950636250677,193.1697163025463,1.0
Llama2-13B,20,2,10,32,32,2816,0.0520325,0.0091337434387207,0.01445525,0.0756214934387207,0.0118385,3.1866982375488284,627.6088449273368,197.17226519087023,189.4702975936869,1.0
Llama2-13B,20,2,10,32,32,2944,0.053115,0.0091337434387207,0.01500525,0.0772539934387207,0.0118385,3.251998237548828,615.0064833698947,197.64907098717188,186.0576776684288,1.0
Llama2-13B,20,2,10,32,32,3072,0.05423,0.0091337434387207,0.01555525,0.0789189934387207,0.0118385,3.3185982375488283,602.6640939450486,198.12622676232425,182.6721618682688,1.0
Llama2-13B,20,2,10,32,32,3200,0.0567505,0.0091337434387207,0.01610525,0.0819894934387207,0.0118385,3.4414182375488283,581.1557508989412,199.83448064001144,176.06407048397062,1.0
Llama2-13B,20,2,10,32,32,3328,0.0578705,0.0091337434387207,0.01665525,0.0836594934387207,0.0118385,3.508218237548828,570.0899615063254,200.311682205814,173.06890575147438,1.0
Llama2-13B,20,2,10,32,32,3456,0.058953,0.0091337434387207,0.01720525,0.0852919934387207,0.0118385,3.5735182375488286,559.6725319560293,200.78848800211568,170.2953946381996,1.0
Llama2-13B,20,2,10,32,32,3584,0.060068,0.0091337434387207,0.01775525,0.0869569934387207,0.0118385,3.640118237548829,549.4327023142946,201.265643777268,167.53150078017245,1.0
Llama2-13B,20,2,10,32,32,3712,0.0612305,0.0091337434387207,0.01830525,0.0886694934387207,0.0118385,3.708618237548829,539.2844104983635,201.74333445722127,164.7408844099112,1.0
Llama2-13B,20,2,10,32,32,3840,0.0623505,0.0091337434387207,0.01885525,0.0903394934387207,0.0118385,3.775418237548828,529.7426335733575,202.22053602302384,162.16432588593818,1.0
Llama2-13B,20,2,10,32,32,3968,0.063433,0.0091337434387207,0.01940525,0.0919719934387207,0.0118385,3.840718237548828,520.7359343486788,202.6973418193256,159.77278531625927,1.0
Llama2-13B,20,2,10,32,32,4096,0.064548,0.0091337434387207,0.01995525,0.0936369934387207,0.0118385,3.907318237548828,511.8600222475498,203.174497594478,157.38248868630936,1.0
Llama2-13B,20,4,5,32,32,128,0.0332265,0.0085462119402204,0.00290525,0.0446779619402204,0.0189515,1.9560699776088168,2044.9166163726773,155.89215141691784,469.1801767171318,1.0
Llama2-13B,20,4,5,32,32,256,0.0343465,0.0085462119402204,0.00345525,0.0463479619402204,0.0189515,2.022869977608817,1977.3885836836128,156.3642851390412,455.25536849181503,1.0
Llama2-13B,20,4,5,32,32,384,0.035429,0.0085462119402204,0.00400525,0.0479804619402204,0.0189515,2.088169977608817,1915.5528730378728,156.83602309166398,442.6769682792738,1.0
Llama2-13B,20,4,5,32,32,512,0.036544,0.0085462119402204,0.00455525,0.0496454619402204,0.0189515,2.1547699776088165,1856.346636330466,157.30811102313731,430.462212738445,1.0
Llama2-13B,20,4,5,32,32,640,0.0377065,0.0085462119402204,0.00510525,0.0513579619402204,0.0189515,2.2232699776088167,1799.15171809323,157.78073385941164,418.44438985164817,1.0
Llama2-13B,20,4,5,32,32,768,0.0388265,0.0085462119402204,0.00565525,0.0530279619402204,0.0189515,2.290069977608817,1746.6715162025796,158.25286758153516,407.5898357604604,1.0
Llama2-13B,20,4,5,32,32,896,0.039909,0.0085462119402204,0.00620525,0.0546604619402204,0.0189515,2.355369977608817,1698.247000694481,158.7246055341578,397.7163184598908,1.0
Llama2-13B,20,4,5,32,32,1024,0.041024,0.0085462119402204,0.00675525,0.0563254619402204,0.0189515,2.4219699776088164,1651.5481351875198,159.19669346563114,388.05746262098097,1.0
Llama2-13B,20,4,5,32,32,1152,0.0435765,0.0085462119402204,0.00730525,0.0594279619402204,0.0189515,2.5460699776088167,1571.048728109455,160.98096568118063,369.4215131577358,1.0
Llama2-13B,20,4,5,32,32,1280,0.0446965,0.0085462119402204,0.00785525,0.0610979619402204,0.0189515,2.612869977608817,1530.88367744216,161.4530994033041,361.2208996304053,1.0
Llama2-13B,20,4,5,32,32,1408,0.045779,0.0085462119402204,0.00840525,0.0627304619402204,0.0189515,2.678169977608817,1493.5571802546187,161.9248373559268,353.70986119383747,1.0
Llama2-13B,20,4,5,32,32,1536,0.046894,0.0085462119402204,0.00895525,0.0643954619402204,0.0189515,2.7447699776088164,1457.317018413584,162.39692528740017,346.3064044171966,1.0
Llama2-13B,20,4,5,32,32,1664,0.0480565,0.0085462119402204,0.00950525,0.0661079619402204,0.0189515,2.8132699776088166,1421.832967271724,162.86954812367455,338.9126301825444,1.0
Llama2-13B,20,4,5,32,32,1792,0.0491765,0.0085462119402204,0.01005525,0.0677779619402204,0.0189515,2.880069977608817,1388.8551427910118,163.34168184579798,332.1539390680467,1.0
Llama2-13B,20,4,5,32,32,1920,0.050259,0.0085462119402204,0.0106052499999999,0.0694104619402204,0.0189515,2.945369977608817,1358.0636831395216,163.81341979842068,325.93847827935423,1.0
Llama2-13B,20,4,5,32,32,2048,0.051374,0.0085462119402204,0.01115525,0.0710754619402204,0.0189515,3.011969977608817,1328.0344856476868,164.28550772989408,319.78336849358425,1.0
Llama2-13B,20,4,5,32,32,2176,0.0538945,0.0085462119402204,0.0117052499999999,0.0741459619402204,0.0189515,3.134789977608817,1276.002548359286,165.9886937639022,307.98818759595565,1.0
Llama2-13B,20,4,5,32,32,2304,0.0550145,0.0085462119402204,0.01225525,0.0758159619402204,0.0189515,3.201589977608817,1249.3792234405653,166.46082748602575,302.57627986444606,1.0
Llama2-13B,20,4,5,32,32,2432,0.056097,0.0085462119402204,0.0128052499999999,0.0774484619402204,0.0189515,3.266889977608817,1224.4060949147051,166.93256543864842,297.5784185226453,1.0
Llama2-13B,20,4,5,32,32,2560,0.057212,0.0085462119402204,0.01335525,0.0791134619402204,0.0189515,3.3334899776088167,1199.9436107107438,167.4046533701217,292.6040924458536,1.0
Llama2-13B,20,4,5,32,32,2688,0.0606345,0.0085462119402204,0.01390525,0.0830859619402204,0.0189515,3.4923899776088168,1145.3474628107642,169.6886317257132,279.8549204260169,1.0
Llama2-13B,20,4,5,32,32,2816,0.0617545,0.0085462119402204,0.01445525,0.0847559619402204,0.0189515,3.5591899776088165,1123.851220408115,170.1607654478367,275.54391250489715,1.0
Llama2-13B,20,4,5,32,32,2944,0.062837,0.0085462119402204,0.01500525,0.0863884619402204,0.0189515,3.624489977608817,1103.6035482815482,170.63250340045929,271.54781959746543,1.0
Llama2-13B,20,4,5,32,32,3072,0.063952,0.0085462119402204,0.01555525,0.0880534619402204,0.0189515,3.691089977608817,1083.6907320778191,171.10459133193265,267.5515876468799,1.0
Llama2-13B,20,4,5,32,32,3200,0.0664725,0.0085462119402204,0.01610525,0.0911239619402204,0.0189515,3.813909977608817,1048.7924527541822,172.8077773659409,259.9688252524591,1.0
Llama2-13B,20,4,5,32,32,3328,0.0675925,0.0085462119402204,0.01665525,0.0927939619402204,0.0189515,3.880709977608817,1030.7392263476197,173.27991108806435,256.35967169148097,1.0
Llama2-13B,20,4,5,32,32,3456,0.068675,0.0085462119402204,0.01720525,0.0944264619402204,0.0189515,3.946009977608817,1013.6821809112352,173.75164904068697,253.00567752557268,1.0
Llama2-13B,20,4,5,32,32,3584,0.06979,0.0085462119402204,0.01775525,0.0960914619402204,0.0189515,4.012609977608817,996.8574125870236,174.22373697216037,249.6399727355787,1.0
Llama2-13B,20,4,5,32,32,3712,0.0709525,0.0085462119402204,0.01830525,0.0978039619402204,0.0189515,4.0811099776088176,980.1255104484244,174.69635980843478,246.2159329247521,1.0
Llama2-13B,20,4,5,32,32,3840,0.0720725,0.0085462119402204,0.01885525,0.0994739619402204,0.0189515,4.147909977608817,964.3410830014964,175.16849353055818,243.044841694902,1.0
Llama2-13B,20,4,5,32,32,3968,0.073155,0.0085462119402204,0.01940525,0.1011064619402204,0.0189515,4.213209977608817,949.3948844842944,175.64023148318088,240.0932697466761,1.0
Llama2-13B,20,4,5,32,32,4096,0.07427,0.0085462119402204,0.01995525,0.1027714619402204,0.0189515,4.279809977608818,934.6209343235488,176.11231941465425,237.12443707372327,1.0
Llama2-13B,20,5,4,32,32,128,0.0383105,0.0083929428536551,0.00290525,0.0496086928536551,0.024332,2.158679714146205,2316.230595596988,159.0467614234441,518.9398514227302,1.0
Llama2-13B,20,5,4,32,32,256,0.0394305,0.0083929428536551,0.00345525,0.0512786928536551,0.024332,2.2254797141462053,2246.706617102653,159.51788157683177,505.6931866728541,1.0
Llama2-13B,20,5,4,32,32,384,0.040513,0.0083929428536551,0.00400525,0.0529111928536551,0.024332,2.290779714146205,2182.6629462115466,159.98860596071862,493.6335434327211,1.0
Llama2-13B,20,5,4,32,32,512,0.041628,0.0083929428536551,0.00455525,0.0545761928536551,0.024332,2.3573797141462047,2120.998993075199,160.45968032345618,481.8261756613823,1.0
Llama2-13B,20,5,4,32,32,640,0.0427905,0.0083929428536551,0.00510525,0.0562886928536551,0.024332,2.425879714146205,2061.107964604817,160.93128959099474,470.1139551740304,1.0
Llama2-13B,20,5,4,32,32,768,0.0439105,0.0083929428536551,0.00565525,0.0579586928536551,0.024332,2.492679714146205,2005.873426748131,161.40240974438242,459.4641650185675,1.0
Llama2-13B,20,5,4,32,32,896,0.044993,0.0083929428536551,0.00620525,0.0595911928536551,0.024332,2.557979714146205,1954.6675731433177,161.87313412826924,449.7175508642159,1.0
Llama2-13B,20,5,4,32,32,1024,0.046108,0.0083929428536551,0.00675525,0.0612561928536551,0.024332,2.624579714146205,1905.0669229250432,162.34420849100687,440.1194166169831,1.0
Llama2-13B,20,5,4,32,32,1152,0.0486605,0.0083929428536551,0.00730525,0.0643586928536551,0.024332,2.7486797141462054,1819.0551537406384,164.12746713782053,421.613698836378,1.0
Llama2-13B,20,5,4,32,32,1280,0.0497805,0.0083929428536551,0.00785525,0.0660286928536551,0.024332,2.815479714146205,1775.8962974862884,164.59858729120828,413.31090309259696,1.0
Llama2-13B,20,5,4,32,32,1408,0.050863,0.0083929428536551,0.00840525,0.0676611928536551,0.024332,2.880779714146205,1735.6412138863875,165.0693116750951,405.6713909794326,1.0
Llama2-13B,20,5,4,32,32,1536,0.051978,0.0083929428536551,0.00895525,0.0693261928536551,0.024332,2.947379714146205,1696.4220714426665,165.54038603783263,398.1020480728208,1.0
Llama2-13B,20,5,4,32,32,1664,0.0531405,0.0083929428536551,0.00950525,0.0710386928536551,0.024332,3.0158797141462053,1657.8910546555064,166.01199530537122,390.502524687788,1.0
Llama2-13B,20,5,4,32,32,1792,0.0542605,0.0083929428536551,0.01005525,0.0727086928536551,0.024332,3.082679714146205,1621.965453321454,166.48311545875885,383.52741740943895,1.0
Llama2-13B,20,5,4,32,32,1920,0.055343,0.0083929428536551,0.0106052499999999,0.0743411928536551,0.024332,3.147979714146205,1588.3202733268245,166.9538398426458,377.0888817073654,1.0
Llama2-13B,20,5,4,32,32,2048,0.056458,0.0083929428536551,0.01115525,0.0760061928536551,0.024332,3.214579714146206,1555.4132871543995,167.4249142053833,370.6846554194785,1.0
Llama2-13B,20,5,4,32,32,2176,0.0612385,0.0083929428536551,0.0117052499999999,0.0813366928536551,0.024332,3.427799714146205,1458.661653819934,170.93844218997285,348.9194750646503,1.0
Llama2-13B,20,5,4,32,32,2304,0.0623585,0.0083929428536551,0.01225525,0.0830066928536551,0.024332,3.494599714146205,1430.779033077782,171.4095623433604,343.5970283589256,1.0
Llama2-13B,20,5,4,32,32,2432,0.063441,0.0083929428536551,0.0128052499999999,0.0846391928536551,0.024332,3.559899714146205,1404.53394800173,171.8802867272473,338.66168315294385,1.0
Llama2-13B,20,5,4,32,32,2560,0.064556,0.0083929428536551,0.01335525,0.0863041928536551,0.024332,3.626499714146205,1378.7399404709895,172.35136108998486,333.7245203582644,1.0
Llama2-13B,20,5,4,32,32,2688,0.0657185,0.0083929428536551,0.01390525,0.0880166928536551,0.024332,3.694999714146205,1353.1800776215591,172.82297035752345,328.7182649435157,1.0
Llama2-13B,20,5,4,32,32,2816,0.0668385,0.0083929428536551,0.01445525,0.0896866928536551,0.024332,3.761799714146205,1329.151039380847,173.29409051091113,324.09107496224334,1.0
Llama2-13B,20,5,4,32,32,2944,0.067921,0.0083929428536551,0.01500525,0.0913191928536551,0.024332,3.827099714146205,1306.4723611768918,173.76481489479798,319.7921388355553,1.0
Llama2-13B,20,5,4,32,32,3072,0.069036,0.0083929428536551,0.01555525,0.0929841928536551,0.024332,3.893699714146205,1284.1257331258737,174.2358892575355,315.4801285878663,1.0
Llama2-13B,20,5,4,32,32,3200,0.0715565,0.0083929428536551,0.01610525,0.0960546928536551,0.024332,4.016519714146205,1244.8588220269332,175.93806172280796,307.34115999735855,1.0
Llama2-13B,20,5,4,32,32,3328,0.0726765,0.0083929428536551,0.01665525,0.0977246928536551,0.024332,4.083319714146206,1224.493879986438,176.40918187619553,303.415103018506,1.0
Llama2-13B,20,5,4,32,32,3456,0.073759,0.0083929428536551,0.01720525,0.0993571928536551,0.024332,4.148619714146205,1205.2201321202588,176.87990626008244,299.7598704227323,1.0
Llama2-13B,20,5,4,32,32,3584,0.074874,0.0083929428536551,0.01775525,0.1010221928536551,0.024332,4.2152197141462056,1186.1777888398285,177.35098062282003,296.08238611337043,1.0
Llama2-13B,20,5,4,32,32,3712,0.0760365,0.0083929428536551,0.01830525,0.1027346928536551,0.024332,4.283719714146206,1167.2098861856923,177.8225898903586,292.33096915685,1.0
Llama2-13B,20,5,4,32,32,3840,0.0771565,0.0083929428536551,0.01885525,0.1044046928536551,0.024332,4.350519714146206,1149.2879767311329,178.29371004374624,288.850761186268,1.0
Llama2-13B,20,5,4,32,32,3968,0.078239,0.0083929428536551,0.01940525,0.1060371928536551,0.024332,4.415819714146206,1132.2926033375763,178.76443442763315,285.60633831534324,1.0
Llama2-13B,20,5,4,32,32,4096,0.079354,0.0083929428536551,0.01995525,0.1077021928536551,0.024332,4.482419714146205,1115.468947323328,179.23550879037066,282.3353403583479,1.0
Llama2-13B,20,10,2,32,32,128,0.0544235,0.0074477834865025,0.00290525,0.0647765334865025,0.040868,2.781929339460101,3594.627605437576,134.86227258951848,619.5038567416581,1.0
Llama2-13B,20,10,2,32,32,256,0.0555435,0.0074477834865025,0.00345525,0.0664465334865025,0.040868,2.8487293394601005,3510.3369988442737,135.33136560543457,609.1233249859771,1.0
Llama2-13B,20,10,2,32,32,384,0.056626,0.0074477834865025,0.00400525,0.0680790334865025,0.040868,2.9140293394601007,3431.6744394388143,135.80006285184984,599.5481883403814,1.0
Llama2-13B,20,10,2,32,32,512,0.057741,0.0074477834865025,0.00455525,0.0697440334865025,0.040868,2.9806293394601,3354.9961639347484,136.26911007711573,590.0015157215662,1.0
Llama2-13B,20,10,2,32,32,640,0.0589035,0.0074477834865025,0.00510525,0.0714565334865025,0.040868,3.0491293394601,3279.624734374393,136.7386922071827,580.3504554363609,1.0
Llama2-13B,20,10,2,32,32,768,0.0600235,0.0074477834865025,0.00565525,0.0731265334865025,0.040868,3.1159293394601004,3209.3153953653864,137.2077852230988,571.4752772793106,1.0
Llama2-13B,20,10,2,32,32,896,0.061106,0.0074477834865025,0.00620525,0.0747590334865025,0.040868,3.1812293394601,3143.438882560144,137.67648246951407,563.2690835168153,1.0
Llama2-13B,20,10,2,32,32,1024,0.062221,0.0074477834865025,0.00675525,0.0764240334865025,0.040868,3.2478293394601003,3078.979513641052,138.14552969477995,555.0599062003986,1.0
Llama2-13B,20,10,2,32,32,1152,0.0670335,0.0074477834865025,0.00730525,0.0817865334865025,0.040868,3.4623293394601,2888.2289983307464,141.7381167234392,528.6092652309635,1.0
Llama2-13B,20,10,2,32,32,1280,0.0681535,0.0074477834865025,0.00785525,0.0834565334865025,0.040868,3.5291293394601,2833.5600761886044,142.2072097393553,521.6430914749617,1.0
Llama2-13B,20,10,2,32,32,1408,0.069236,0.0074477834865025,0.00840525,0.0850890334865025,0.040868,3.594429339460101,2782.082788558042,142.6759069857705,515.1796283211424,1.0
Llama2-13B,20,10,2,32,32,1536,0.070351,0.0074477834865025,0.00895525,0.0867540334865025,0.040868,3.6610293394601,2731.4722371153466,143.14495421103643,508.68130591973255,1.0
Llama2-13B,20,10,2,32,32,1664,0.0715135,0.0074477834865025,0.00950525,0.0884665334865024,0.040868,3.7295293394601,2681.303480896503,143.61453634110345,502.0539350650696,1.0
Llama2-13B,20,10,2,32,32,1792,0.0726335,0.0074477834865025,0.01005525,0.0901365334865025,0.040868,3.796329339460101,2634.123413913863,144.08362935701945,495.92691167649735,1.0
Llama2-13B,20,10,2,32,32,1920,0.073716,0.0074477834865025,0.0106052499999999,0.0917690334865025,0.040868,3.8616293394601,2589.5804907568145,144.55232660343478,490.2338929249916,1.0
Llama2-13B,20,10,2,32,32,2048,0.074831,0.0074477834865025,0.01115525,0.0934340334865025,0.040868,3.9282293394601,2545.676215883671,145.0213738287007,484.4963111167186,1.0
Llama2-13B,20,10,2,32,32,2176,0.0796115,0.0074477834865025,0.0117052499999999,0.0987645334865025,0.040868,4.141449339460101,2414.6136244428017,148.5328746758186,466.430335679577,1.0
Llama2-13B,20,10,2,32,32,2304,0.0807315,0.0074477834865025,0.01225525,0.1004345334865025,0.040868,4.2082493394601,2376.2850518935643,149.00196769173465,461.4121120372303,1.0
Llama2-13B,20,10,2,32,32,2432,0.081814,0.0074477834865025,0.0128052499999999,0.1020670334865025,0.040868,4.2735493394601,2339.975323945447,149.47066493814984,456.739265095674,1.0
Llama2-13B,20,10,2,32,32,2560,0.082929,0.0074477834865025,0.01335525,0.1037320334865025,0.040868,4.3401493394601,2304.068182419724,149.93971216341586,452.0123001706755,1.0
Llama2-13B,20,10,2,32,32,2688,0.0840915,0.0074477834865025,0.01390525,0.1054445334865025,0.040868,4.4086493394601,2268.2684037702666,150.4092942934828,447.1596246156947,1.0
Llama2-13B,20,10,2,32,32,2816,0.0852115,0.0074477834865025,0.01445525,0.1071145334865025,0.040868,4.4754493394601,2234.41251179627,150.8783873093989,442.6585241117656,1.0
Llama2-13B,20,10,2,32,32,2944,0.086294,0.0074477834865025,0.01500525,0.1087470334865025,0.040868,4.5407493394601,2202.279679500876,151.34708455581418,438.463521669566,1.0
Llama2-13B,20,10,2,32,32,3072,0.087409,0.0074477834865025,0.01555525,0.1104120334865025,0.040868,4.6073493394601,2170.445360926728,151.81613178108012,434.2119569526024,1.0
Llama2-13B,20,10,2,32,32,3200,0.0921895,0.0074477834865025,0.01610525,0.1157425334865025,0.040868,4.8205693394601,2074.4437629269723,155.32763262819793,421.218340017567,1.0
Llama2-13B,20,10,2,32,32,3328,0.0933095,0.0074477834865025,0.01665525,0.1174125334865025,0.040868,4.8873693394601005,2046.090505020986,155.79672564411402,417.419248962094,1.0
Llama2-13B,20,10,2,32,32,3456,0.094392,0.0074477834865025,0.01720525,0.1190450334865025,0.040868,4.9526693394601,2019.1131922185057,156.26542289052924,413.8735880438206,1.0
Llama2-13B,20,10,2,32,32,3584,0.095507,0.0074477834865025,0.01775525,0.1207100334865025,0.040868,5.0192693394601005,1992.321854773319,156.7344701157953,410.2695878726042,1.0
Llama2-13B,20,10,2,32,32,3712,0.0966695,0.0074477834865025,0.01830525,0.1224225334865025,0.040868,5.087769339460101,1965.497909357104,157.20405224586224,406.5502879549968,1.0
Llama2-13B,20,10,2,32,32,3840,0.0977895,0.0074477834865025,0.01885525,0.1240925334865025,0.040868,5.1545693394601,1940.0262837568928,157.67314526177825,403.09323920711904,1.0
Llama2-13B,20,10,2,32,32,3968,0.098872,0.0074477834865025,0.01940525,0.1257250334865025,0.040868,5.219869339460101,1915.7567650983224,158.14184250819355,399.8650844227728,1.0
Llama2-13B,20,10,2,32,32,4096,0.099987,0.0074477834865025,0.01995525,0.1273900334865025,0.040868,5.286469339460101,1891.62167750722,158.61088973345952,396.5787795749935,1.0
Llama2-13B,20,20,1,32,32,128,0.089525,0.0056851889910016,0.00290525,0.0981154389910016,0.077148,4.151765559640067,4817.227686077216,127.2825340864004,710.8770404155285,1.0
Llama2-13B,20,20,1,32,32,256,0.090645,0.0056851889910016,0.00345525,0.0997854389910016,0.077148,4.218565559640068,4740.948011178099,127.75061353358066,704.6754566362214,1.0
Llama2-13B,20,20,1,32,32,384,0.0917275,0.0056851889910016,0.00400525,0.1014179389910016,0.077148,4.283865559640068,4668.680592693579,127.77195894118658,696.4757512261128,1.0
Llama2-13B,20,20,1,32,32,512,0.0928425,0.0056851889910016,0.00455525,0.1030829389910016,0.077148,4.350465559640067,4597.209132177267,128.6863308677902,693.0356833766338,1.0
Llama2-13B,20,20,1,32,32,640,0.096265,0.0056851889910016,0.00510525,0.1070554389910016,0.077148,4.509365559640068,4435.213720308001,130.9662549484385,680.2381704068895,1.0
Llama2-13B,20,20,1,32,32,768,0.097385,0.0056851889910016,0.00565525,0.1087254389910016,0.077148,4.576165559640068,4370.471247017792,131.43433439561875,674.8181670463557,1.0
Llama2-13B,20,20,1,32,32,896,0.0984675,0.0056851889910016,0.00620525,0.1103579389910016,0.077148,4.641465559640068,4308.983820522185,131.45574077034885,667.50826805976,1.0
Llama2-13B,20,20,1,32,32,1024,0.0995825,0.0056851889910016,0.00675525,0.1120229389910016,0.077148,4.708065559640068,4248.02920576344,132.3700517298284,664.6250683093332,1.0
Llama2-13B,20,20,1,32,32,1152,0.104395,0.0056851889910016,0.00730525,0.1173854389910016,0.077148,4.922565559640067,4062.9220185464383,135.96162518975171,651.1883959468923,1.0
Llama2-13B,20,20,1,32,32,1280,0.105515,0.0056851889910016,0.00785525,0.1190554389910016,0.077148,4.989365559640068,4008.5256854666704,136.42970463693194,646.4943592708715,1.0
Llama2-13B,20,20,1,32,32,1408,0.1065975,0.0056851889910016,0.00840525,0.1206879389910016,0.077148,5.054665559640068,3956.7405131001706,136.45111101166205,640.0296020622533,1.0
Llama2-13B,20,20,1,32,32,1536,0.1077125,0.0056851889910016,0.00895525,0.1223529389910016,0.077148,5.121265559640068,3905.284693224469,137.36542197114156,637.6484714918953,1.0
Llama2-13B,20,20,1,32,32,1664,0.111135,0.0056851889910016,0.00950525,0.1263254389910016,0.077148,5.280165559640068,3787.760018904282,139.64534605178983,628.2689794024823,1.0
Llama2-13B,20,20,1,32,32,1792,0.112255,0.0056851889910016,0.01005525,0.1279954389910016,0.077148,5.346965559640067,3740.439278487948,140.11342549897012,624.0854549862817,1.0
Llama2-13B,20,20,1,32,32,1920,0.1133375,0.0056851889910016,0.0106052499999999,0.1296279389910016,0.077148,5.412265559640067,3695.3101764153016,140.13483187370025,618.2191766789463,1.0
Llama2-13B,20,20,1,32,32,2048,0.1144525,0.0056851889910016,0.01115525,0.1312929389910016,0.077148,5.478865559640068,3650.390720905715,141.0491428331797,616.190746524452,1.0
Llama2-13B,20,20,1,32,32,2176,0.119233,0.0056851889910016,0.0117052499999999,0.1366234389910016,0.077148,5.692085559640068,3513.6506277788058,144.55963011156177,606.2064617662969,1.0
Llama2-13B,20,20,1,32,32,2304,0.120353,0.0056851889910016,0.01225525,0.1382934389910016,0.077148,5.758885559640067,3472.8941551062894,145.0277095587421,602.5097403419192,1.0
Llama2-13B,20,20,1,32,32,2432,0.1214355,0.0056851889910016,0.0128052499999999,0.1399259389910016,0.077148,5.824185559640068,3433.956524083685,145.04911593347217,597.2269885390687,1.0
Llama2-13B,20,20,1,32,32,2560,0.1225505,0.0056851889910016,0.01335525,0.1415909389910017,0.077148,5.890785559640069,3395.132923701608,145.96342689295165,595.5235877983018,1.0
Llama2-13B,20,20,1,32,32,2688,0.125973,0.0056851889910016,0.01390525,0.1455634389910017,0.077148,6.049685559640068,3305.956946494575,148.24335097359992,588.3933500575514,1.0
Llama2-13B,20,20,1,32,32,2816,0.127093,0.0056851889910016,0.01445525,0.1472334389910017,0.077148,6.1164855596400685,3269.851584702658,148.7114304207802,585.0496503378633,1.0
Llama2-13B,20,20,1,32,32,2944,0.1281755,0.0056851889910016,0.01500525,0.1488659389910016,0.077148,6.181785559640067,3235.311190762899,148.73283679551022,580.1921459074091,1.0
Llama2-13B,20,20,1,32,32,3072,0.1292905,0.0056851889910016,0.01555525,0.1505309389910016,0.077148,6.248385559640068,3200.8268070371896,149.6471477549898,578.7244528986653,1.0
Llama2-13B,20,20,1,32,32,3200,0.134071,0.0056851889910016,0.01610525,0.1558614389910017,0.077148,6.461605559640068,3095.20595390754,153.15763503337183,571.1810720937855,1.0
Llama2-13B,20,20,1,32,32,3328,0.135191,0.0056851889910016,0.01665525,0.1575314389910017,0.077148,6.528405559640068,3063.535164488565,153.62571448055215,568.1802578594436,1.0
Llama2-13B,20,20,1,32,32,3456,0.1362735,0.0056851889910016,0.01720525,0.1591639389910016,0.077148,6.593705559640068,3033.195798492972,153.64712085528217,563.7454121868235,1.0
Llama2-13B,20,20,1,32,32,3584,0.1373885,0.0056851889910016,0.01775525,0.1608289389910016,0.077148,6.660305559640068,3002.865232069147,154.5614318147617,562.4977047378846,1.0
Llama2-13B,20,20,1,32,32,3712,0.140811,0.0056851889910016,0.01830525,0.1648014389910016,0.077148,6.819205559640067,2932.8929631292194,156.84135589540995,556.921532747477,1.0
Llama2-13B,20,20,1,32,32,3840,0.141931,0.0056851889910016,0.01885525,0.1664714389910017,0.077148,6.886005559640068,2904.4414540155267,157.30943534259023,554.1757450542524,1.0
Llama2-13B,20,20,1,32,32,3968,0.1430135,0.0056851889910016,0.01940525,0.1681039389910016,0.077148,6.951305559640068,2877.1573668293154,157.33084171732037,550.0559098173262,1.0
Llama2-13B,20,20,1,32,32,4096,0.1441285,0.0056851889910016,0.01995525,0.1697689389910016,0.077148,7.017905559640068,2849.853112162107,158.24515267679988,548.9724540142992,1.0
Llama2-13B,20,40,1,32,16,128,0.1688745,0.0006398072596958,0.0058105,0.1753248072596958,0.1499815,7.312973790387836,5469.731076101483,122.12998276812692,723.199670572685,1.0
Llama2-13B,20,40,1,32,16,256,0.171046,0.0006398072596958,0.0069105,0.1785963072596958,0.1499815,7.443833790387836,5373.575112820452,122.52362312154686,716.3197217213315,1.0
Llama2-13B,20,40,1,32,16,384,0.1754385,0.0006398072596958,0.0080105,0.1840888072596958,0.1499815,7.663533790387835,5219.524190024572,123.82271628593992,705.7898710142863,1.0
Llama2-13B,20,40,1,32,16,512,0.17761,0.0006398072596958,0.0091105,0.1873603072596958,0.1499815,7.794393790387835,5131.893650193632,124.21635663935984,699.3770431809012,1.0
Llama2-13B,20,40,1,32,16,640,0.1820025,0.0006398072596958,0.0102105,0.1928528072596959,0.1499815,8.014093790387836,4991.206872070339,125.51544980375289,689.6358555720547,1.0
Llama2-13B,20,40,1,32,16,768,0.184174,0.0006398072596958,0.0113105,0.1961243072596958,0.1499815,8.144953790387834,4911.01619842282,125.90909015717288,683.6420458760344,1.0
Llama2-13B,20,40,1,32,16,896,0.1885665,0.0006398072596958,0.0124105,0.2016168072596958,0.1499815,8.364653790387836,4782.02696756746,127.20818332156593,674.6064827080414,1.0
Llama2-13B,20,40,1,32,16,1024,0.190738,0.0006398072596958,0.0135105,0.2048883072596958,0.1499815,8.495513790387834,4708.367379175772,127.60182367498582,668.990047473423,1.0
Llama2-13B,20,40,1,32,16,1152,0.197149,0.0006398072596958,0.0146105,0.2123993072596958,0.1499815,8.795953790387836,4547.545491167968,129.85137150584015,658.6458541805442,1.0
Llama2-13B,20,40,1,32,16,1280,0.1993205,0.0006398072596958,0.0157105,0.2156708072596959,0.1499815,8.926813790387834,4480.882086178495,130.24501185926007,653.4451391565847,1.0
Llama2-13B,20,40,1,32,16,1408,0.203713,0.0006398072596958,0.0168105,0.2211633072596958,0.1499815,9.146513790387834,4373.250936552068,131.5441050236532,645.7325012328771,1.0
Llama2-13B,20,40,1,32,16,1536,0.2058845,0.0006398072596958,0.0179105,0.2244348072596958,0.1499815,9.277373790387836,4311.564986358906,131.93774537707307,640.8337945647829,1.0
Llama2-13B,20,40,1,32,16,1664,0.210277,0.0006398072596958,0.0190105,0.2299273072596958,0.1499815,9.497073790387836,4211.823650405322,133.23683854146617,633.6253538973169,1.0
Llama2-13B,20,40,1,32,16,1792,0.2124485,0.0006398072596958,0.0201105,0.2331988072596958,0.1499815,9.627933790387834,4154.577801514848,133.6304788948861,629.0017528713358,1.0
Llama2-13B,20,40,1,32,16,1920,0.216841,0.0006398072596958,0.0212104999999999,0.2386913072596958,0.1499815,9.847633790387832,4061.889470244472,134.9295720592791,622.251198155695,1.0
Llama2-13B,20,40,1,32,16,2048,0.2190125,0.0006398072596958,0.0223105,0.2419628072596958,0.1499815,9.978493790387835,4008.621024400649,135.32321241269906,617.8789448670692,1.0
Llama2-13B,20,40,1,32,16,2176,0.225395,0.0006398072596958,0.0234104999999999,0.2494453072596958,0.1499815,10.277793790387834,3891.885828397282,137.52218654924337,610.1385858126545,1.0
Llama2-13B,20,40,1,32,16,2304,0.2275665,0.0006398072596958,0.0245105,0.2527168072596958,0.1499815,10.408653790387836,3842.956140681624,137.91582690266333,606.0462629722003,1.0
Llama2-13B,20,40,1,32,16,2432,0.231959,0.0006398072596958,0.0256104999999999,0.2582093072596959,0.1499815,10.628353790387836,3763.5179246832704,139.21492006705637,600.1703752260369,1.0
Llama2-13B,20,40,1,32,16,2560,0.2341305,0.0006398072596958,0.0267105,0.2614808072596958,0.1499815,10.759213790387834,3717.743766346159,139.6085604204762,596.285235885441,1.0
Llama2-13B,20,40,1,32,16,2688,0.238523,0.0006398072596958,0.0278105,0.2669733072596958,0.1499815,10.978913790387834,3643.3476720639214,140.90765358486928,590.7508021652807,1.0
Llama2-13B,20,40,1,32,16,2816,0.2406945,0.0006398072596958,0.0289105,0.2702448072596958,0.1499815,11.109773790387836,3600.4333440711416,141.3012939382892,587.0565963837529,1.0
Llama2-13B,20,40,1,32,16,2944,0.245087,0.0006398072596958,0.0300105,0.2757373072596958,0.1499815,11.329473790387835,3530.6141079506133,142.60038710268233,581.8357852627116,1.0
Llama2-13B,20,40,1,32,16,3072,0.2472585,0.0006398072596958,0.0311105,0.2790088072596958,0.1499815,11.460333790387834,3490.2997357327704,142.9940274561022,578.3179444027293,1.0
Llama2-13B,20,40,1,32,16,3200,0.253641,0.0006398072596958,0.0322105,0.2864913072596958,0.1499815,11.759633790387833,3401.4664668125524,145.19300159264657,572.435062125786,1.0
Llama2-13B,20,40,1,32,16,3328,0.2558125,0.0006398072596958,0.0333105,0.2897628072596959,0.1499815,11.890493790387834,3364.031864878112,145.58664194606646,569.1146521224193,1.0
Llama2-13B,20,40,1,32,16,3456,0.260205,0.0006398072596958,0.0344105,0.2952553072596959,0.1499815,12.110193790387838,3303.0024698489133,146.88573511045956,564.5000484635556,1.0
Llama2-13B,20,40,1,32,16,3584,0.2623765,0.0006398072596958,0.0355105,0.2985268072596959,0.1499815,12.241053790387836,3267.6925275346466,147.27937546387943,561.3283791188593,1.0
Llama2-13B,20,40,1,32,16,3712,0.266769,0.0006398072596958,0.0366105,0.3040193072596958,0.1499815,12.460753790387832,3210.078673639777,148.57846862827253,556.9555256730447,1.0
Llama2-13B,20,40,1,32,16,3840,0.2689405,0.0006398072596958,0.0377105,0.3072908072596959,0.1499815,12.591613790387838,3176.7175094375216,148.97210898169246,553.9221834632283,1.0
Llama2-13B,20,40,1,32,16,3968,0.273333,0.0006398072596958,0.0388105,0.3127833072596959,0.1499815,12.811313790387835,3122.240283429127,150.2712021460855,549.77336123368,1.0
Llama2-13B,20,40,1,32,16,4096,0.2755045,0.0006398072596958,0.0399105,0.3160548072596958,0.1499815,12.942173790387836,3090.670906436756,150.6648424995054,546.8688986913295,1.0
Llama2-13B,32,1,32,32,32,128,0.0233865,0.015258120689392,0.00290525,0.041549870689392,0.008951,1.8209458275756836,549.1651562920739,454.4380583011357,485.7910100925059,1.0
Llama2-13B,32,1,32,32,32,256,0.0245065,0.015258120689392,0.00345525,0.043219870689392,0.008951,1.8877458275756835,529.7323322834403,454.9375583791258,464.0988700743943,1.0
Llama2-13B,32,1,32,32,32,384,0.025589,0.015258120689392,0.00400525,0.044852370689392,0.008951,1.9530458275756832,512.0207554173476,455.4366626876151,444.95355688734907,1.0
Llama2-13B,32,1,32,32,32,512,0.026704,0.015258120689392,0.00455525,0.046517370689392,0.008951,2.019645827575684,495.1363186288791,455.936116974955,426.8425301218499,1.0
Llama2-13B,32,1,32,32,32,640,0.0278665,0.015258120689392,0.00510525,0.048229870689392,0.008951,2.0881458275756835,478.8937567454233,456.4361061670961,409.484601732453,1.0
Llama2-13B,32,1,32,32,32,768,0.0289865,0.015258120689392,0.00565525,0.049899870689392,0.008951,2.154945827575683,464.0487882356659,456.93560624508615,394.09346268529,1.0
Llama2-13B,32,1,32,32,32,896,0.030069,0.015258120689392,0.00620525,0.051532370689392,0.008951,2.220245827575684,450.4005761794015,457.4347105535756,380.3208541634038,1.0
Llama2-13B,32,1,32,32,32,1024,0.031184,0.015258120689392,0.00675525,0.053197370689392,0.008951,2.286845827575684,437.28352298244505,457.9341648409155,367.122695004582,1.0
Llama2-13B,32,1,32,32,32,1152,0.0337365,0.015258120689392,0.00730525,0.056299870689392,0.008951,2.4109458275756834,414.7749769249464,459.74580341233167,340.68872246108185,1.0
Llama2-13B,32,1,32,32,32,1280,0.0348565,0.015258120689392,0.00785525,0.057969870689392,0.008951,2.477745827575684,403.5926481524686,460.24530349032176,330.10005557809995,1.0
Llama2-13B,32,1,32,32,32,1408,0.035939,0.015258120689392,0.00840525,0.059602370689392,0.008951,2.543045827575684,393.2292486263655,460.7444077988112,320.5044713255872,1.0
Llama2-13B,32,1,32,32,32,1536,0.037054,0.015258120689392,0.00895525,0.061267370689392,0.008951,2.6096458275756835,383.193761173708,461.24386208615095,311.197078646132,1.0
Llama2-13B,32,1,32,32,32,1664,0.0382165,0.015258120689392,0.00950525,0.062979870689392,0.008951,2.678145827575684,373.3926620811466,461.74385127829214,302.05791430291373,1.0
Llama2-13B,32,1,32,32,32,1792,0.0393365,0.015258120689392,0.01005525,0.0646498706893921,0.008951,2.744945827575684,364.3059145116874,462.24335135628223,293.7750888845488,1.0
Llama2-13B,32,1,32,32,32,1920,0.040419,0.015258120689392,0.0106052499999999,0.066282370689392,0.008951,2.810245827575683,355.84075606035884,462.7424556647716,286.2159229970877,1.0
Llama2-13B,32,1,32,32,32,2048,0.041534,0.015258120689392,0.01115525,0.067947370689392,0.008951,2.876845827575684,347.6029165048095,463.24190995211154,278.8329500843354,1.0
Llama2-13B,32,1,32,32,32,2176,0.0440545,0.015258120689392,0.0117052499999999,0.0710178706893921,0.008951,2.999665827575684,333.3704677391333,464.9724623419864,263.8620699031803,1.0
Llama2-13B,32,1,32,32,32,2304,0.0451745,0.015258120689392,0.01225525,0.072687870689392,0.008951,3.0664658275756835,326.1083136838964,465.4719624199765,257.59663218185955,1.0
Llama2-13B,32,1,32,32,32,2432,0.046257,0.015258120689392,0.0128052499999999,0.0743203706893921,0.008951,3.131765827575684,319.3086760174866,465.9710667284658,251.8381362434149,1.0
Llama2-13B,32,1,32,32,32,2560,0.047372,0.015258120689392,0.01335525,0.075985370689392,0.008951,3.1983658275756834,312.6596686902405,466.4705210158057,246.174175153997,1.0
Llama2-13B,32,1,32,32,32,2688,0.0485345,0.015258120689392,0.01390525,0.077697870689392,0.008951,3.266865827575684,306.10378655865776,466.97051020794686,240.535346098109,1.0
Llama2-13B,32,1,32,32,32,2816,0.0496545,0.015258120689392,0.01445525,0.079367870689392,0.008951,3.333665827575684,299.97007850280613,467.4700102859369,235.3613520858819,1.0
Llama2-13B,32,1,32,32,32,2944,0.050737,0.015258120689392,0.01500525,0.081000370689392,0.008951,3.398965827575684,294.2071355607747,467.96911459442623,230.5857237294412,1.0
Llama2-13B,32,1,32,32,32,3072,0.051852,0.015258120689392,0.01555525,0.0826653706893921,0.008951,3.465565827575684,288.5531684445146,468.4685688817663,225.86812894476896,1.0
Llama2-13B,32,1,32,32,32,3200,0.0543725,0.015258120689392,0.01610525,0.085735870689392,0.008951,3.588385827575684,278.6768335543229,470.19912127164105,216.19344396139644,1.0
Llama2-13B,32,1,32,32,32,3328,0.0554925,0.015258120689392,0.01665525,0.087405870689392,0.008951,3.655185827575683,273.58390165986555,470.6986213496313,212.0550621028208,1.0
Llama2-13B,32,1,32,32,32,3456,0.056575,0.015258120689392,0.01720525,0.089038370689392,0.008951,3.720485827575684,268.78210167826734,471.1977256581204,208.218173070314,1.0
Llama2-13B,32,1,32,32,32,3584,0.05769,0.015258120689392,0.01775525,0.090703370689392,0.008951,3.787085827575684,264.05527773320983,471.69717994546056,204.4102877212084,1.0
Llama2-13B,32,1,32,32,32,3712,0.0588525,0.015258120689392,0.01830525,0.092415870689392,0.008951,3.855585827575683,259.3639578317416,472.1971691376016,200.58500876666304,1.0
Llama2-13B,32,1,32,32,32,3840,0.0599725,0.015258120689392,0.01885525,0.094085870689392,0.008951,3.922385827575684,254.9468726328924,472.69666921559167,197.04725883346185,1.0
Llama2-13B,32,1,32,32,32,3968,0.061055,0.015258120689392,0.01940525,0.095718370689392,0.008951,3.987685827575684,250.7720124501259,473.19577352408106,193.75799423637744,1.0
Llama2-13B,32,1,32,32,32,4096,0.06217,0.015258120689392,0.01995525,0.0973833706893921,0.008951,4.054285827575684,246.65256534169023,473.6952278114209,190.4838458305537,1.0
Llama2-13B,32,2,16,32,32,128,0.0245755,0.0148110858535766,0.00290525,0.0422918358535766,0.010106,1.851779434143066,1080.042235659413,260.96209604573056,530.9395455753303,1.0
Llama2-13B,32,2,16,32,32,256,0.0256955,0.0148110858535766,0.00345525,0.0439618358535766,0.010106,1.9185794341430664,1042.4379436201452,261.44537902394785,508.73767590423984,1.0
Llama2-13B,32,2,16,32,32,384,0.026778,0.0148110858535766,0.00400525,0.0455943358535766,0.010106,1.9838794341430663,1008.1257790062716,261.9282662326644,489.0736168359559,1.0
Llama2-13B,32,2,16,32,32,512,0.027893,0.0148110858535766,0.00455525,0.0472593358535766,0.010106,2.050479434143066,975.3816432866772,262.41150342023167,470.3895303843823,1.0
Llama2-13B,32,2,16,32,32,640,0.0290555,0.0148110858535766,0.00510525,0.0489718358535766,0.010106,2.1189794341430663,943.8505951374736,262.8952755125997,452.4019127404447,1.0
Llama2-13B,32,2,16,32,32,768,0.0301755,0.0148110858535766,0.00565525,0.0506418358535766,0.010106,2.1857794341430665,915.0054066567328,263.37855849081706,436.411258290363,1.0
Llama2-13B,32,2,16,32,32,896,0.031258,0.0148110858535766,0.00620525,0.0522743358535766,0.010106,2.2510794341430667,888.4626502579875,263.86144569953353,422.070263131892,1.0
Llama2-13B,32,2,16,32,32,1024,0.032373,0.0148110858535766,0.00675525,0.0539393358535766,0.010106,2.317679434143066,862.9321080978034,264.3446828871007,408.27955840839695,1.0
Llama2-13B,32,2,16,32,32,1152,0.0349255,0.0148110858535766,0.00730525,0.0570418358535766,0.010106,2.441779434143066,819.0747993181838,266.14010435874405,381.0111585499764,1.0
Llama2-13B,32,2,16,32,32,1280,0.0360455,0.0148110858535766,0.00785525,0.0587118358535766,0.010106,2.5085794341430665,797.2639705081542,266.6233873369613,369.842819959442,1.0
Llama2-13B,32,2,16,32,32,1408,0.037128,0.0148110858535766,0.00840525,0.0603443358535766,0.010106,2.573879434143066,777.0371733304863,267.1062745456777,359.71002282061767,1.0
Llama2-13B,32,2,16,32,32,1536,0.038243,0.0148110858535766,0.00895525,0.0620093358535766,0.010106,2.640479434143066,757.4382038878006,267.589511733245,349.85423702801177,1.0
Llama2-13B,32,2,16,32,32,1664,0.0394055,0.0148110858535766,0.00950525,0.0637218358535766,0.010106,2.708979434143066,738.2854128727122,268.0732838256132,340.14704016649097,1.0
Llama2-13B,32,2,16,32,32,1792,0.0405255,0.0148110858535766,0.01005525,0.0653918358535766,0.010106,2.7757794341430664,720.5183435684025,268.5565668038305,331.34269386414786,1.0
Llama2-13B,32,2,16,32,32,1920,0.041608,0.0148110858535766,0.0106052499999999,0.0670243358535766,0.010106,2.841079434143066,703.9577901148143,269.0394540125469,323.30255481223185,1.0
Llama2-13B,32,2,16,32,32,2048,0.042723,0.0148110858535766,0.01115525,0.0686893358535766,0.010106,2.9076794341430663,687.8337331534032,269.5226912001141,315.4304370012805,1.0
Llama2-13B,32,2,16,32,32,2176,0.0452435,0.0148110858535766,0.0117052499999999,0.0717598358535766,0.010106,3.030499434143066,659.9572260159619,271.23702649021607,299.75247990342933,1.0
Llama2-13B,32,2,16,32,32,2304,0.0463635,0.0148110858535766,0.01225525,0.0734298358535766,0.010106,3.097299434143066,645.7238128005995,271.7203094684335,293.0325681499816,1.0
Llama2-13B,32,2,16,32,32,2432,0.047446,0.0148110858535766,0.0128052499999999,0.0750623358535766,0.010106,3.1625994341430665,632.3911837864213,272.20319667715,286.8557904535156,1.0
Llama2-13B,32,2,16,32,32,2560,0.048561,0.0148110858535766,0.01335525,0.0767273358535766,0.010106,3.2291994341430663,619.348553964658,272.6864338647171,280.7669054021922,1.0
Llama2-13B,32,2,16,32,32,2688,0.0497235,0.0148110858535766,0.01390525,0.0784398358535766,0.010106,3.297699434143066,606.4834106143201,273.1702059570853,274.68923744012915,1.0
Llama2-13B,32,2,16,32,32,2816,0.0508435,0.0148110858535766,0.01445525,0.0801098358535766,0.010106,3.3644994341430663,594.4420675788871,273.6534889353027,269.11354345718,1.0
Llama2-13B,32,2,16,32,32,2944,0.051926,0.0148110858535766,0.01500525,0.0817423358535766,0.010106,3.429799434143066,583.1244766356722,274.13637614401904,263.9683165890103,1.0
Llama2-13B,32,2,16,32,32,3072,0.053041,0.0148110858535766,0.01555525,0.0834073358535766,0.010106,3.496399434143066,572.0170242763412,274.6196133315861,258.8748452438551,1.0
Llama2-13B,32,2,16,32,32,3200,0.0555615,0.0148110858535766,0.01610525,0.0864778358535766,0.010106,3.619219434143066,552.6053438850265,276.33394862168825,248.67394564733524,1.0
Llama2-13B,32,2,16,32,32,3328,0.0566815,0.0148110858535766,0.01665525,0.0881478358535766,0.010106,3.6860194341430654,542.5907366288654,276.81723159990554,244.18657904246135,1.0
Llama2-13B,32,2,16,32,32,3456,0.057764,0.0148110858535766,0.01720525,0.0897803358535766,0.010106,3.751319434143067,533.145746479697,277.3001188086221,240.0284942253151,1.0
Llama2-13B,32,2,16,32,32,3584,0.058879,0.0148110858535766,0.01775525,0.0914453358535766,0.010106,3.817919434143066,523.8455222795714,277.7833559961892,235.89340511573667,1.0
Llama2-13B,32,2,16,32,32,3712,0.0600415,0.0148110858535766,0.01830525,0.0931578358535766,0.010106,3.8864194341430656,514.6124945829449,278.26712808855746,231.7289941861525,1.0
Llama2-13B,32,2,16,32,32,3840,0.0611615,0.0148110858535766,0.01885525,0.0948278358535766,0.010106,3.953219434143066,505.91676817290994,278.7504110667747,227.88062021596485,1.0
Llama2-13B,32,2,16,32,32,3968,0.062244,0.0148110858535766,0.01940525,0.0964603358535766,0.010106,4.018519434143067,497.695739133956,279.2332982754911,224.30539351221904,1.0
Llama2-13B,32,2,16,32,32,4096,0.063359,0.0148110858535766,0.01995525,0.0981253358535766,0.010106,4.085119434143066,489.5817692095309,279.7165354630585,220.7393862458833,1.0
Llama2-13B,32,4,8,32,32,128,0.0308485,0.0138574115371704,0.00290525,0.0476111615371704,0.016064,2.0705104614868164,1931.89074597944,215.0158052391843,697.005706077068,1.0
Llama2-13B,32,4,8,32,32,256,0.0319685,0.0138574115371704,0.00345525,0.0492811615371704,0.016064,2.137310461486816,1871.5109817117573,215.4909796675152,674.0728519245985,1.0
Llama2-13B,32,4,8,32,32,384,0.033051,0.0138574115371704,0.00400525,0.0509136615371704,0.016064,2.2026104614868163,1816.0269688812343,215.9657583263452,653.4318426865913,1.0
Llama2-13B,32,4,8,32,32,512,0.034166,0.0138574115371704,0.00455525,0.0525786615371704,0.016064,2.269210461486816,1762.7276393654329,216.44088696402605,633.4978837558571,1.0
Llama2-13B,32,4,8,32,32,640,0.0353285,0.0138574115371704,0.00510525,0.0542911615371704,0.016064,2.3377104614868163,1711.075886384982,216.91655050650783,613.9987559803211,1.0
Llama2-13B,32,4,8,32,32,768,0.0364485,0.0138574115371704,0.00565525,0.0559611615371704,0.016064,2.4045104614868165,1663.540277353013,217.39172493483863,596.4353126598866,1.0
Llama2-13B,32,4,8,32,32,896,0.037531,0.0138574115371704,0.00620525,0.0575936615371704,0.016064,2.4698104614868166,1619.557477132077,217.86650359366877,580.4974650120402,1.0
Llama2-13B,32,4,8,32,32,1024,0.038646,0.0138574115371704,0.00675525,0.0592586615371704,0.016064,2.536410461486816,1577.0318174981994,218.34163223134956,564.9786064051892,1.0
Llama2-13B,32,4,8,32,32,1152,0.0411985,0.0138574115371704,0.00730525,0.0623611615371704,0.016064,2.660510461486816,1503.4708782030557,220.1289451531064,534.3130093404042,1.0
Llama2-13B,32,4,8,32,32,1280,0.0423185,0.0138574115371704,0.00785525,0.0640311615371704,0.016064,2.727310461486817,1466.6463743256295,220.6041195814373,521.2947518967762,1.0
Llama2-13B,32,4,8,32,32,1408,0.043401,0.0138574115371704,0.00840525,0.0656636615371704,0.016064,2.792610461486817,1432.351577552408,221.0788982402673,509.3866460225971,1.0
Llama2-13B,32,4,8,32,32,1536,0.044516,0.0138574115371704,0.00895525,0.0673286615371704,0.016064,2.8592104614868163,1398.987606501678,221.55402687794816,497.6952710889301,1.0
Llama2-13B,32,4,8,32,32,1664,0.0456785,0.0138574115371704,0.00950525,0.0690411615371704,0.016064,2.927710461486817,1366.2553222454344,222.0296904204299,486.0704498186892,1.0
Llama2-13B,32,4,8,32,32,1792,0.0467985,0.0138574115371704,0.01005525,0.0707111615371704,0.016064,2.9945104614868163,1335.7776008616595,222.5048648487608,475.4529842810365,1.0
Llama2-13B,32,4,8,32,32,1920,0.047881,0.0138574115371704,0.0106052499999999,0.0723436615371704,0.016064,3.0598104614868165,1307.2705157221826,222.97964350759085,465.6954606369768,1.0
Llama2-13B,32,4,8,32,32,2048,0.048996,0.0138574115371704,0.01115525,0.0740086615371704,0.016064,3.126410461486816,1279.4225356122097,223.4547721452716,456.0673772252259,1.0
Llama2-13B,32,4,8,32,32,2176,0.0515165,0.0138574115371704,0.0117052499999999,0.0770791615371704,0.016064,3.2492304614868166,1231.0607226578932,225.1609988854872,437.0657922907947,1.0
Llama2-13B,32,4,8,32,32,2304,0.0526365,0.0138574115371704,0.01225525,0.0787491615371704,0.016064,3.316030461486816,1206.2615366345312,225.6361733138181,428.6686487775935,1.0
Llama2-13B,32,4,8,32,32,2432,0.053719,0.0138574115371704,0.0128052499999999,0.0803816615371704,0.016064,3.3813304614868165,1182.966304405854,226.11095197264817,420.9142984282064,1.0
Llama2-13B,32,4,8,32,32,2560,0.054834,0.0138574115371704,0.01335525,0.0820466615371704,0.016064,3.4479304614868167,1160.116204395584,226.5860806103289,413.22187075597066,1.0
Llama2-13B,32,4,8,32,32,2688,0.0559965,0.0138574115371704,0.01390525,0.0837591615371704,0.016064,3.516430461486816,1137.5171623068927,227.06174415281072,405.4927435693493,1.0
Llama2-13B,32,4,8,32,32,2816,0.0571165,0.0138574115371704,0.01445525,0.0854291615371704,0.016064,3.583230461486816,1116.3111172983974,227.5369185811416,398.37335722801913,1.0
Llama2-13B,32,4,8,32,32,2944,0.058199,0.0138574115371704,0.01500525,0.0870616615371704,0.016064,3.648530461486816,1096.33180871675,228.0116972399716,391.7794072749903,1.0
Llama2-13B,32,4,8,32,32,3072,0.059314,0.0138574115371704,0.01555525,0.0887266615371704,0.016064,3.7151304614868166,1076.6782059112877,228.4868258776524,385.2156756881217,1.0
Llama2-13B,32,4,8,32,32,3200,0.0618345,0.0138574115371704,0.01610525,0.0917971615371704,0.016064,3.837950461486817,1042.2229364707343,230.19305261786803,372.2728454469076,1.0
Llama2-13B,32,4,8,32,32,3328,0.0629545,0.0138574115371704,0.01665525,0.0934671615371704,0.016064,3.904750461486816,1024.3932459839996,230.6682270461989,366.4046685244088,1.0
Llama2-13B,32,4,8,32,32,3456,0.064037,0.0138574115371704,0.01720525,0.0950996615371704,0.016064,3.970050461486816,1007.5438684731396,231.14300570502897,360.9522708825038,1.0
Llama2-13B,32,4,8,32,32,3584,0.065152,0.0138574115371704,0.01775525,0.0967646615371704,0.016064,4.036650461486817,990.9205758991288,231.6181343427097,355.504258261772,1.0
Llama2-13B,32,4,8,32,32,3712,0.0663145,0.0138574115371704,0.01830525,0.0984771615371704,0.016064,4.105150461486816,974.3857228929114,232.0937978851916,349.9895164484261,1.0
Llama2-13B,32,4,8,32,32,3840,0.0674345,0.0138574115371704,0.01885525,0.1001471615371704,0.016064,4.171950461486817,958.784155498928,232.5689723135224,344.88128823305937,1.0
Llama2-13B,32,4,8,32,32,3968,0.068517,0.0138574115371704,0.01940525,0.1017796615371704,0.016064,4.237250461486816,944.0083932627464,233.04375097235243,340.12544473977624,1.0
Llama2-13B,32,4,8,32,32,4096,0.069632,0.0138574115371704,0.01995525,0.1034446615371704,0.016064,4.303850461486817,929.400320897337,233.5188796100332,335.3614424546662,1.0
Llama2-13B,32,8,4,32,32,128,0.0383105,0.0130676499938964,0.00290525,0.0542833999938964,0.024332,2.3456679997558587,3410.542327743165,159.0467614234441,830.3037622763685,1.0
Llama2-13B,32,8,4,32,32,256,0.0394305,0.0130676499938964,0.00345525,0.0559533999938964,0.024332,2.41246799975586,3316.106162158253,159.51788157683177,809.1090986765665,1.0
Llama2-13B,32,8,4,32,32,384,0.040513,0.0130676499938964,0.00400525,0.0575858999938964,0.024332,2.4777679997558595,3228.712292994445,159.98860596071862,789.8136694923535,1.0
Llama2-13B,32,8,4,32,32,512,0.041628,0.0130676499938964,0.00455525,0.0592508999938964,0.024332,2.544367999755859,3144.199267074428,160.45968032345618,770.9218810582116,1.0
Llama2-13B,32,8,4,32,32,640,0.0427905,0.0130676499938964,0.00510525,0.0609633999938964,0.024332,2.612867999755859,3061.769672538951,160.93128959099474,752.1823282784484,1.0
Llama2-13B,32,8,4,32,32,768,0.0439105,0.0130676499938964,0.00565525,0.0626333999938964,0.024332,2.6796679997558592,2985.4444657804133,161.40240974438242,735.1426640297079,1.0
Llama2-13B,32,8,4,32,32,896,0.044993,0.0130676499938964,0.00620525,0.0642658999938964,0.024332,2.744967999755859,2914.423774962597,161.87313412826924,719.5480813827454,1.0
Llama2-13B,32,8,4,32,32,1024,0.046108,0.0130676499938964,0.00675525,0.0659308999938965,0.024332,2.81156799975586,2845.387342826022,162.34420849100687,704.1910665871732,1.0
Llama2-13B,32,8,4,32,32,1152,0.0486605,0.0130676499938964,0.00730525,0.0690333999938964,0.024332,2.935667999755859,2725.103792617322,164.12746713782053,674.5819181382046,1.0
Llama2-13B,32,8,4,32,32,1280,0.0497805,0.0130676499938964,0.00785525,0.0707033999938964,0.024332,3.00246799975586,2664.474692369912,164.59858729120828,661.2974449481552,1.0
Llama2-13B,32,8,4,32,32,1408,0.050863,0.0130676499938964,0.00840525,0.0723358999938964,0.024332,3.06776799975586,2607.759126712535,165.0693116750951,649.0742255670925,1.0
Llama2-13B,32,8,4,32,32,1536,0.051978,0.0130676499938964,0.00895525,0.0740008999938964,0.024332,3.134367999755859,2552.348671446088,165.54038603783263,636.9632769165135,1.0
Llama2-13B,32,8,4,32,32,1664,0.0531405,0.0130676499938964,0.00950525,0.0757133999938964,0.024332,3.202867999755859,2497.761381552348,166.01199530537122,624.8040395004609,1.0
Llama2-13B,32,8,4,32,32,1792,0.0542605,0.0130676499938964,0.01005525,0.0773833999938964,0.024332,3.269667999755859,2446.731594950113,166.48311545875885,613.643867855102,1.0
Llama2-13B,32,8,4,32,32,1920,0.055343,0.0130676499938964,0.0106052499999999,0.0790158999938964,0.024332,3.334967999755859,2398.8236170738824,166.9538398426458,603.3422107317842,1.0
Llama2-13B,32,8,4,32,32,2048,0.056458,0.0130676499938964,0.01115525,0.0806808999938965,0.024332,3.4015679997558594,2351.8565557337624,167.4249142053833,593.0954486711653,1.0
Llama2-13B,32,8,4,32,32,2176,0.0612385,0.0130676499938964,0.0117052499999999,0.0860113999938964,0.024332,3.614787999755859,2213.131171327424,170.93844218997285,558.2711601034407,1.0
Llama2-13B,32,8,4,32,32,2304,0.0623585,0.0130676499938964,0.01225525,0.0876813999938964,0.024332,3.6815879997558585,2172.975357517059,171.4095623433604,549.7552453742809,1.0
Llama2-13B,32,8,4,32,32,2432,0.063441,0.0130676499938964,0.0128052499999999,0.0893138999938964,0.024332,3.746887999755859,2135.105186096106,171.8802867272473,541.8586930447101,1.0
Llama2-13B,32,8,4,32,32,2560,0.064556,0.0130676499938964,0.01335525,0.0909788999938964,0.024332,3.813487999755859,2097.817011752014,172.35136108998486,533.9592325732228,1.0
Llama2-13B,32,8,4,32,32,2688,0.0657185,0.0130676499938964,0.01390525,0.0926913999938964,0.024332,3.8819879997558586,2060.7997759145896,172.82297035752345,525.949223909625,1.0
Llama2-13B,32,8,4,32,32,2816,0.0668385,0.0130676499938964,0.01445525,0.0943613999938964,0.024332,3.948787999755859,2025.9380854314325,173.29409051091113,518.545719939589,1.0
Llama2-13B,32,8,4,32,32,2944,0.067921,0.0130676499938964,0.01500525,0.0959938999938964,0.024332,4.0140879997558585,1992.9807220186924,173.76481489479798,511.6674221368884,1.0
Llama2-13B,32,8,4,32,32,3072,0.069036,0.0130676499938964,0.01555525,0.0976588999938964,0.024332,4.08068799975586,1960.4537275279624,174.2358892575355,504.7682057405862,1.0
Llama2-13B,32,8,4,32,32,3200,0.0715565,0.0130676499938964,0.01610525,0.1007293999938964,0.024332,4.20350799975586,1903.17230286338,175.93806172280796,491.7458559957737,1.0
Llama2-13B,32,8,4,32,32,3328,0.0726765,0.0130676499938964,0.01665525,0.1023993999938964,0.024332,4.27030799975586,1873.4011692967747,176.40918187619553,485.4641648296095,1.0
Llama2-13B,32,8,4,32,32,3456,0.073759,0.0130676499938964,0.01720525,0.1040318999938964,0.024332,4.33560799975586,1845.1852659305189,176.87990626008244,479.61579267637154,1.0
Llama2-13B,32,8,4,32,32,3584,0.074874,0.0130676499938964,0.01775525,0.1056968999938964,0.024332,4.40220799975586,1817.2698792159908,177.35098062282003,473.7318177813928,1.0
Llama2-13B,32,8,4,32,32,3712,0.0760365,0.0130676499938964,0.01830525,0.1074093999938964,0.024332,4.47070799975586,1789.4257465343003,177.8225898903586,467.7295506509599,1.0
Llama2-13B,32,8,4,32,32,3840,0.0771565,0.0130676499938964,0.01885525,0.1090793999938964,0.024332,4.53750799975586,1763.0822910792529,178.29371004374624,462.1612178980287,1.0
Llama2-13B,32,8,4,32,32,3968,0.078239,0.0130676499938964,0.01940525,0.1107118999938964,0.024332,4.60280799975586,1738.0694568238198,178.76443442763315,456.9701413045491,1.0
Llama2-13B,32,8,4,32,32,4096,0.079354,0.0130676499938964,0.01995525,0.1123768999938964,0.024332,4.669407999755859,1713.279285172399,179.23550879037066,451.7365445733567,1.0
Llama2-13B,32,16,2,32,32,128,0.0544235,0.0114136211013793,0.00290525,0.0687423711013793,0.040868,2.9405628440551754,5441.135200475853,134.86227258951848,991.2061707866524,1.0
Llama2-13B,32,16,2,32,32,256,0.0555435,0.0114136211013793,0.00345525,0.0704123711013794,0.040868,3.0073628440551765,5320.275879456349,135.33136560543457,974.5973199775636,1.0
Llama2-13B,32,16,2,32,32,384,0.056626,0.0114136211013793,0.00400525,0.0720448711013794,0.040868,3.072662844055176,5207.209776027313,135.80006285184984,959.2771013446104,1.0
Llama2-13B,32,16,2,32,32,512,0.057741,0.0114136211013793,0.00455525,0.0737098711013793,0.040868,3.1392628440551755,5096.737926962443,136.26911007711573,944.0024251545054,1.0
Llama2-13B,32,16,2,32,32,640,0.0589035,0.0114136211013793,0.00510525,0.0754223711013793,0.040868,3.207762844055176,4987.899909637082,136.7386922071827,928.5607286981776,1.0
Llama2-13B,32,16,2,32,32,768,0.0600235,0.0114136211013793,0.00565525,0.0770923711013794,0.040868,3.274562844055176,4886.148399639755,137.2077852230988,914.360443646897,1.0
Llama2-13B,32,16,2,32,32,896,0.061106,0.0114136211013793,0.00620525,0.0787248711013793,0.040868,3.339862844055176,4790.615886661145,137.67648246951407,901.2305336269044,1.0
Llama2-13B,32,16,2,32,32,1024,0.062221,0.0114136211013793,0.00675525,0.0803898711013793,0.040868,3.406462844055176,4696.954211000002,138.14552969477995,888.0958499206378,1.0
Llama2-13B,32,16,2,32,32,1152,0.0670335,0.0114136211013793,0.00730525,0.0857523711013793,0.040868,3.620962844055176,4418.714217481817,141.7381167234392,845.7748243695414,1.0
Llama2-13B,32,16,2,32,32,1280,0.0681535,0.0114136211013793,0.00785525,0.0874223711013794,0.040868,3.687762844055176,4338.673791291284,142.2072097393553,834.6289463599388,1.0
Llama2-13B,32,16,2,32,32,1408,0.069236,0.0114136211013793,0.00840525,0.0890548711013794,0.040868,3.753062844055176,4263.184674710119,142.6759069857705,824.287405313828,1.0
Llama2-13B,32,16,2,32,32,1536,0.070351,0.0114136211013793,0.00895525,0.0907198711013793,0.040868,3.819662844055175,4188.851386425896,143.14495421103643,813.8900894715723,1.0
Llama2-13B,32,16,2,32,32,1664,0.0715135,0.0114136211013793,0.00950525,0.0924323711013793,0.040868,3.888162844055176,4115.053983519048,143.61453634110345,803.2862961041116,1.0
Llama2-13B,32,16,2,32,32,1792,0.0726335,0.0114136211013793,0.01005525,0.0941023711013794,0.040868,3.954962844055176,4045.5500167467017,144.08362935701945,793.4830586823954,1.0
Llama2-13B,32,16,2,32,32,1920,0.073716,0.0114136211013793,0.0106052499999999,0.0957348711013793,0.040868,4.020262844055176,3979.83928430437,144.55232660343478,784.3742286799863,1.0
Llama2-13B,32,16,2,32,32,2048,0.074831,0.0114136211013793,0.01115525,0.0973998711013793,0.040868,4.086862844055176,3914.983352884936,145.0213738287007,775.1940977867498,1.0
Llama2-13B,32,16,2,32,32,2176,0.0796115,0.0114136211013793,0.0117052499999999,0.1027303711013793,0.040868,4.300082844055176,3720.85854627658,148.5328746758186,746.2885370873229,1.0
Llama2-13B,32,16,2,32,32,2304,0.0807315,0.0114136211013793,0.01225525,0.1044003711013793,0.040868,4.366882844055176,3663.9407493566,149.00196769173465,738.2593792595685,1.0
Llama2-13B,32,16,2,32,32,2432,0.081814,0.0114136211013793,0.0128052499999999,0.1060328711013793,0.040868,4.432182844055176,3609.959372831509,149.47066493814984,730.7828241530785,1.0
Llama2-13B,32,16,2,32,32,2560,0.082929,0.0114136211013793,0.01335525,0.1076978711013793,0.040868,4.498782844055175,3556.517519209195,149.93971216341586,723.2196802730807,1.0
Llama2-13B,32,16,2,32,32,2688,0.0840915,0.0114136211013793,0.01390525,0.1094103711013793,0.040868,4.567282844055176,3503.176953629174,150.4092942934828,715.4553993851117,1.0
Llama2-13B,32,16,2,32,32,2816,0.0852115,0.0114136211013793,0.01445525,0.1110803711013793,0.040868,4.634082844055175,3452.6788878031325,150.8783873093989,708.2536385788252,1.0
Llama2-13B,32,16,2,32,32,2944,0.086294,0.0114136211013793,0.01500525,0.1127128711013793,0.040868,4.699382844055175,3404.7023898553743,151.34708455581418,701.5416346713058,1.0
Llama2-13B,32,16,2,32,32,3072,0.087409,0.0114136211013793,0.01555525,0.1143778711013794,0.040868,4.765982844055176,3357.124967404681,151.81613178108012,694.7391311241639,1.0
Llama2-13B,32,16,2,32,32,3200,0.0921895,0.0114136211013793,0.01610525,0.1197083711013793,0.040868,4.979202844055175,3213.3657738211846,155.32763262819793,673.949344028107,1.0
Llama2-13B,32,16,2,32,32,3328,0.0933095,0.0114136211013793,0.01665525,0.1213783711013793,0.040868,5.046002844055176,3170.826591754701,155.79672564411402,667.8707983393507,1.0
Llama2-13B,32,16,2,32,32,3456,0.094392,0.0114136211013793,0.01720525,0.1230108711013794,0.040868,5.111302844055176,3130.317355116061,156.26542289052924,662.197740870113,1.0
Llama2-13B,32,16,2,32,32,3584,0.095507,0.0114136211013793,0.01775525,0.1246758711013793,0.040868,5.177902844055176,3090.05411686506,156.7344701157953,656.4313405961669,1.0
Llama2-13B,32,16,2,32,32,3712,0.0966695,0.0114136211013793,0.01830525,0.1263883711013794,0.040868,5.246402844055176,3049.708624287207,157.20405224586224,650.4804607279946,1.0
Llama2-13B,32,16,2,32,32,3840,0.0977895,0.0114136211013793,0.01885525,0.1280583711013794,0.040868,5.313202844055176,3011.3663019476176,157.67314526177825,644.9491827313905,1.0
Llama2-13B,32,16,2,32,32,3968,0.098872,0.0114136211013793,0.01940525,0.1296908711013794,0.040868,5.378502844055175,2974.805529327682,158.14184250819355,639.7841350764363,1.0
Llama2-13B,32,16,2,32,32,4096,0.099987,0.0114136211013793,0.01995525,0.1313558711013794,0.040868,5.445102844055175,2938.420165464532,158.61088973345952,634.5260473199895,1.0
Llama2-13B,32,32,1,32,32,128,0.089525,0.0083290807342529,0.00290525,0.1007593307342529,0.077148,4.257521229370117,7516.110496232163,127.2825340864004,1137.403264664846,1.0
Llama2-13B,32,32,1,32,32,256,0.090645,0.0083290807342529,0.00345525,0.1024293307342529,0.077148,4.324321229370118,7400.005296244176,127.75061353358066,1127.4807306179548,1.0
Llama2-13B,32,32,1,32,32,384,0.0917275,0.0083290807342529,0.00400525,0.1040618307342529,0.077148,4.389621229370118,7289.922826574218,127.77195894118658,1114.3612019617804,1.0
Llama2-13B,32,32,1,32,32,512,0.0928425,0.0083290807342529,0.00455525,0.1057268307342529,0.077148,4.456221229370117,7180.972028294738,128.6863308677902,1108.8570934026145,1.0
Llama2-13B,32,32,1,32,32,640,0.096265,0.0083290807342529,0.00510525,0.1096993307342529,0.077148,4.615121229370118,6933.729020237986,130.9662549484385,1088.3810726510235,1.0
Llama2-13B,32,32,1,32,32,768,0.097385,0.0083290807342529,0.00565525,0.1113693307342529,0.077148,4.681921229370118,6834.801021269023,131.43433439561875,1079.70906727417,1.0
Llama2-13B,32,32,1,32,32,896,0.0984675,0.0083290807342529,0.00620525,0.1130018307342529,0.077148,4.747221229370117,6740.785494053309,131.45574077034885,1068.013228895616,1.0
Llama2-13B,32,32,1,32,32,1024,0.0995825,0.0083290807342529,0.00675525,0.1146668307342529,0.077148,4.8138212293701175,6647.525629901125,132.3700517298284,1063.4001092949338,1.0
Llama2-13B,32,32,1,32,32,1152,0.104395,0.0083290807342529,0.00730525,0.1200293307342529,0.077148,5.028321229370118,6363.95300544642,135.96162518975171,1041.9014335150284,1.0
Llama2-13B,32,32,1,32,32,1280,0.105515,0.0083290807342529,0.00785525,0.1216993307342529,0.077148,5.095121229370117,6280.517883566823,136.42970463693194,1034.3909748333942,1.0
Llama2-13B,32,32,1,32,32,1408,0.1065975,0.0083290807342529,0.00840525,0.1233318307342529,0.077148,5.160421229370118,6201.044174044282,136.45111101166205,1024.0473632996052,1.0
Llama2-13B,32,32,1,32,32,1536,0.1077125,0.0083290807342529,0.00895525,0.1249968307342529,0.077148,5.227021229370117,6122.033677650888,137.36542197114156,1020.237554387033,1.0
Llama2-13B,32,32,1,32,32,1664,0.111135,0.0083290807342529,0.00950525,0.1289693307342529,0.077148,5.385921229370118,5941.4162660790325,139.64534605178983,1005.2303670439728,1.0
Llama2-13B,32,32,1,32,32,1792,0.112255,0.0083290807342529,0.01005525,0.1306393307342529,0.077148,5.452721229370117,5868.629378600481,140.11342549897012,998.5367279780507,1.0
Llama2-13B,32,32,1,32,32,1920,0.1133375,0.0083290807342529,0.0106052499999999,0.1322718307342529,0.077148,5.518021229370118,5799.180298487689,140.13483187370025,989.1506826863148,1.0
Llama2-13B,32,32,1,32,32,2048,0.1144525,0.0083290807342529,0.01115525,0.1339368307342529,0.077148,5.584621229370117,5730.021551275241,141.0491428331797,985.9051944391234,1.0
Llama2-13B,32,32,1,32,32,2176,0.119233,0.0083290807342529,0.0117052499999999,0.1392673307342529,0.077148,5.797841229370118,5519.295671274618,144.55963011156177,969.930338826075,1.0
Llama2-13B,32,32,1,32,32,2304,0.120353,0.0083290807342529,0.01225525,0.1409373307342529,0.077148,5.864641229370118,5456.4292594309145,145.0277095587421,964.0155845470712,1.0
Llama2-13B,32,32,1,32,32,2432,0.1214355,0.0083290807342529,0.0128052499999999,0.1425698307342529,0.077148,5.929941229370117,5396.34353229485,145.04911593347217,955.56318166251,1.0
Llama2-13B,32,32,1,32,32,2560,0.1225505,0.0083290807342529,0.01335525,0.1442348307342529,0.077148,5.996541229370118,5336.409569447971,145.96342689295165,952.8377404772834,1.0
Llama2-13B,32,32,1,32,32,2688,0.125973,0.0083290807342529,0.01390525,0.1482073307342529,0.077148,6.155441229370118,5198.652510451235,148.24335097359992,941.4293600920828,1.0
Llama2-13B,32,32,1,32,32,2816,0.127093,0.0083290807342529,0.01445525,0.1498773307342529,0.077148,6.222241229370118,5142.841432915545,148.7114304207802,936.0794405405816,1.0
Llama2-13B,32,32,1,32,32,2944,0.1281755,0.0083290807342529,0.01500525,0.1515098307342529,0.077148,6.287541229370118,5089.429847477238,148.73283679551022,928.3074334518548,1.0
Llama2-13B,32,32,1,32,32,3072,0.1292905,0.0083290807342529,0.01555525,0.1531748307342529,0.077148,6.354141229370117,5036.085734463939,149.6471477549898,925.9591246378644,1.0
Llama2-13B,32,32,1,32,32,3200,0.134071,0.0083290807342529,0.01610525,0.1585053307342529,0.077148,6.567361229370119,4872.581069074093,153.15763503337183,913.889715350057,1.0
Llama2-13B,32,32,1,32,32,3328,0.135191,0.0083290807342529,0.01665525,0.1601753307342529,0.077148,6.634161229370118,4823.518587147489,153.62571448055215,909.08841257511,1.0
Llama2-13B,32,32,1,32,32,3456,0.1362735,0.0083290807342529,0.01720525,0.1618078307342529,0.077148,6.699461229370118,4776.503498477389,153.64712085528217,901.992659498918,1.0
Llama2-13B,32,32,1,32,32,3584,0.1373885,0.0083290807342529,0.01775525,0.1634728307342529,0.077148,6.766061229370117,4729.4872031447785,154.5614318147617,899.9963275806156,1.0
Llama2-13B,32,32,1,32,32,3712,0.140811,0.0083290807342529,0.01830525,0.1674453307342529,0.077148,6.924961229370117,4620.964499307481,156.84135589540995,891.0744523959634,1.0
Llama2-13B,32,32,1,32,32,3840,0.141931,0.0083290807342529,0.01885525,0.1691153307342529,0.077148,6.991761229370119,4576.815333106398,157.30943534259023,886.681192086804,1.0
Llama2-13B,32,32,1,32,32,3968,0.1430135,0.0083290807342529,0.01940525,0.1707478307342529,0.077148,7.057061229370118,4534.465404214182,157.33084171732037,880.089455707722,1.0
Llama2-13B,32,32,1,32,32,4096,0.1441285,0.0083290807342529,0.01995525,0.1724128307342529,0.077148,7.123661229370118,4492.072119890726,158.24515267679988,878.3559264228787,1.0
Llama2-13B,32,40,1,32,16,128,0.1688745,0.0009846627044677,0.0058105,0.1756696627044678,0.1499815,7.326768008178712,5459.433130044362,122.12998276812692,723.199670572685,0.625
Llama2-13B,32,40,1,32,16,256,0.171046,0.0009846627044677,0.0069105,0.1789411627044678,0.1499815,7.457628008178712,5363.635723869891,122.52362312154686,716.3197217213315,0.625
Llama2-13B,32,40,1,32,16,384,0.1754385,0.0009846627044677,0.0080105,0.1844336627044678,0.1499815,7.677328008178712,5210.146024422522,123.82271628593992,705.7898710142863,0.625
Llama2-13B,32,40,1,32,16,512,0.17761,0.0009846627044677,0.0091105,0.1877051627044677,0.1499815,7.808188008178711,5122.827467538163,124.21635663935984,699.3770431809012,0.625
Llama2-13B,32,40,1,32,16,640,0.1820025,0.0009846627044677,0.0102105,0.1931976627044678,0.1499815,8.027888008178712,4982.630544826797,125.51544980375289,689.6358555720547,0.625
Llama2-13B,32,40,1,32,16,768,0.184174,0.0009846627044677,0.0113105,0.1964691627044678,0.1499815,8.158748008178712,4902.713009386014,125.90909015717288,683.6420458760344,0.625
Llama2-13B,32,40,1,32,16,896,0.1885665,0.0009846627044677,0.0124105,0.2019616627044677,0.1499815,8.37844800817871,4774.15387204809,127.20818332156593,674.6064827080414,0.625
Llama2-13B,32,40,1,32,16,1024,0.190738,0.0009846627044677,0.0135105,0.2052331627044678,0.1499815,8.509308008178712,4700.734767334083,127.60182367498582,668.990047473423,0.625
Llama2-13B,32,40,1,32,16,1152,0.197149,0.0009846627044677,0.0146105,0.2127441627044677,0.1499815,8.80974800817871,4540.424988644985,129.85137150584015,658.6458541805442,0.625
Llama2-13B,32,40,1,32,16,1280,0.1993205,0.0009846627044677,0.0157105,0.2160156627044678,0.1499815,8.940608008178712,4473.968656651617,130.24501185926007,653.4451391565847,0.625
Llama2-13B,32,40,1,32,16,1408,0.203713,0.0009846627044677,0.0168105,0.2215081627044678,0.1499815,9.160308008178712,4366.665396434956,131.5441050236532,645.7325012328771,0.625
Llama2-13B,32,40,1,32,16,1536,0.2058845,0.0009846627044677,0.0179105,0.2247796627044677,0.1499815,9.29116800817871,4305.163781861367,131.93774537707307,640.8337945647829,0.625
Llama2-13B,32,40,1,32,16,1664,0.210277,0.0009846627044677,0.0190105,0.2302721627044677,0.1499815,9.51086800817871,4205.714974238174,133.23683854146617,633.6253538973169,0.625
Llama2-13B,32,40,1,32,16,1792,0.2124485,0.0009846627044677,0.0201105,0.2335436627044678,0.1499815,9.641728008178712,4148.633934297827,133.6304788948861,629.0017528713358,0.625
Llama2-13B,32,40,1,32,16,1920,0.216841,0.0009846627044677,0.0212104999999999,0.2390361627044678,0.1499815,9.861428008178711,4056.2076777141656,134.9295720592791,622.251198155695,0.625
Llama2-13B,32,40,1,32,16,2048,0.2190125,0.0009846627044677,0.0223105,0.2423076627044678,0.1499815,9.992288008178711,4003.0871775573214,135.32321241269906,617.8789448670692,0.625
Llama2-13B,32,40,1,32,16,2176,0.225395,0.0009846627044677,0.0234104999999999,0.2497901627044678,0.1499815,10.291588008178712,3886.669381655392,137.52218654924337,610.1385858126545,0.625
Llama2-13B,32,40,1,32,16,2304,0.2275665,0.0009846627044677,0.0245105,0.2530616627044678,0.1499815,10.42244800817871,3837.8699484623166,137.91582690266333,606.0462629722003,0.625
Llama2-13B,32,40,1,32,16,2432,0.231959,0.0009846627044677,0.0256104999999999,0.2585541627044678,0.1499815,10.642148008178712,3758.639700299146,139.21492006705637,600.1703752260369,0.625
Llama2-13B,32,40,1,32,16,2560,0.2341305,0.0009846627044677,0.0267105,0.2618256627044678,0.1499815,10.773008008178712,3712.9834090564655,139.6085604204762,596.285235885441,0.625
Llama2-13B,32,40,1,32,16,2688,0.238523,0.0009846627044677,0.0278105,0.2673181627044678,0.1499815,10.992708008178711,3638.775811223177,140.90765358486928,590.7508021652807,0.625
Llama2-13B,32,40,1,32,16,2816,0.2406945,0.0009846627044677,0.0289105,0.2705896627044677,0.1499815,11.12356800817871,3595.968485164977,141.3012939382892,587.0565963837529,0.625
Llama2-13B,32,40,1,32,16,2944,0.245087,0.0009846627044677,0.0300105,0.2760821627044678,0.1499815,11.343268008178711,3526.320630982116,142.60038710268233,581.8357852627116,0.625
Llama2-13B,32,40,1,32,16,3072,0.2472585,0.0009846627044677,0.0311105,0.2793536627044677,0.1499815,11.474128008178711,3486.1036909722607,142.9940274561022,578.3179444027293,0.625
Llama2-13B,32,40,1,32,16,3200,0.253641,0.0009846627044677,0.0322105,0.2868361627044677,0.1499815,11.77342800817871,3397.481173046031,145.19300159264657,572.435062125786,0.625
Llama2-13B,32,40,1,32,16,3328,0.2558125,0.0009846627044677,0.0333105,0.2901076627044678,0.1499815,11.904288008178712,3360.133757896183,145.58664194606646,569.1146521224193,0.625
Llama2-13B,32,40,1,32,16,3456,0.260205,0.0009846627044677,0.0344105,0.2956001627044678,0.1499815,12.123988008178712,3299.244437805154,146.88573511045956,564.5000484635556,0.625
Llama2-13B,32,40,1,32,16,3584,0.2623765,0.0009846627044677,0.0355105,0.2988716627044678,0.1499815,12.254848008178714,3264.014369929726,147.27937546387943,561.3283791188593,0.625
Llama2-13B,32,40,1,32,16,3712,0.266769,0.0009846627044677,0.0366105,0.3043641627044677,0.1499815,12.47454800817871,3206.5290039987603,148.57846862827253,556.9555256730447,0.625
Llama2-13B,32,40,1,32,16,3840,0.2689405,0.0009846627044677,0.0377105,0.3076356627044678,0.1499815,12.605408008178715,3173.2411972739765,148.97210898169246,553.9221834632283,0.625
Llama2-13B,32,40,1,32,16,3968,0.273333,0.0009846627044677,0.0388105,0.3131281627044678,0.1499815,12.825108008178711,3118.8821158068663,150.2712021460855,549.77336123368,0.625
Llama2-13B,32,40,1,32,16,4096,0.2755045,0.0009846627044677,0.0399105,0.3163996627044678,0.1499815,12.955968008178711,3087.3802694441047,150.6648424995054,546.8688986913295,0.625
Llama2-70B,8,1,8,32,32,128,0.0534235,0.0067296894327799,0.003287,0.0634401894327799,0.0192475,5.244462654622396,190.67730401676403,835.3761209972417,195.4608273974099,1.0
Llama2-70B,8,1,8,32,32,256,0.0554845,0.0067296894327799,0.004167,0.0663811894327799,0.0192475,5.479742654622395,182.4903217227652,838.2065349613572,188.837994160837,1.0
Llama2-70B,8,1,8,32,32,384,0.057613,0.0067296894327799,0.0050469999999999,0.0693896894327799,0.0192475,5.720422654622396,174.81225783062527,841.0384801682753,182.47584750149176,1.0
Llama2-70B,8,1,8,32,32,512,0.059757,0.0067296894327799,0.005927,0.0724136894327799,0.0192475,5.962342654622395,167.71931066805345,843.870782985924,176.52132448623684,1.0
Llama2-70B,8,1,8,32,32,640,0.0619355,0.0067296894327799,0.0068069999999999,0.0754721894327799,0.0192475,6.207022654622395,161.1078379511465,846.7038556815941,170.8841972054787,1.0
Llama2-70B,8,1,8,32,32,768,0.0639965,0.0067296894327799,0.0076869999999999,0.0784131894327799,0.0192475,6.442302654622396,155.224001977382,849.5342696457093,165.93373654139475,1.0
Llama2-70B,8,1,8,32,32,896,0.066125,0.0067296894327799,0.008567,0.0814216894327799,0.0192475,6.682982654622396,149.63378654115365,852.3662148526276,161.1278288946365,1.0
Llama2-70B,8,1,8,32,32,1024,0.068269,0.0067296894327799,0.0094469999999999,0.0844456894327799,0.0192475,6.924902654622396,144.40636206380412,855.1985176702766,156.58617338584796,1.0
Llama2-70B,8,1,8,32,32,1152,0.075626,0.0067296894327799,0.010327,0.0926826894327799,0.0192475,7.583862654622396,131.85892803458088,867.183669595253,143.33424840584797,1.0
Llama2-70B,8,1,8,32,32,1280,0.077687,0.0067296894327799,0.011207,0.0956236894327799,0.0192475,7.819142654622396,127.89125920459271,870.014083559368,139.98707691752932,1.0
Llama2-70B,8,1,8,32,32,1408,0.0798155,0.0067296894327799,0.012087,0.0986321894327799,0.0192475,8.059822654622396,124.07220888743616,872.8460287662862,136.69745048992465,1.0
Llama2-70B,8,1,8,32,32,1536,0.0819595,0.0067296894327799,0.012967,0.1016561894327799,0.0192475,8.301742654622398,120.45663682952176,875.6783315839349,133.5535129521189,1.0
Llama2-70B,8,1,8,32,32,1664,0.084138,0.0067296894327799,0.013847,0.1047146894327799,0.0192475,8.546422654622397,117.00802083069722,878.5114042796055,130.51644386002835,1.0
Llama2-70B,8,1,8,32,32,1792,0.086199,0.0067296894327799,0.014727,0.1076556894327799,0.0192475,8.781702654622396,113.87313364266932,881.3418182437206,127.80627069973556,1.0
Llama2-70B,8,1,8,32,32,1920,0.0883275,0.0067296894327799,0.015607,0.1106641894327799,0.0192475,9.022382654622398,110.83546755664086,884.1737634506388,125.12719190663135,1.0
Llama2-70B,8,1,8,32,32,2048,0.0904715,0.0067296894327799,0.0164869999999999,0.1136881894327799,0.0192475,9.264302654622396,107.94120586086994,887.0060662682873,122.55324415261816,1.0
Llama2-70B,8,1,8,32,32,2176,0.0978,0.0067296894327799,0.017367,0.1218966894327799,0.0192475,9.920982654622398,100.7964669239774,898.8050046820109,114.87794027121816,1.0
Llama2-70B,8,1,8,32,32,2304,0.099861,0.0067296894327799,0.018247,0.1248376894327799,0.0192475,10.156262654622395,98.46141577924556,901.635418646126,112.86130454408207,1.0
Llama2-70B,8,1,8,32,32,2432,0.1019895,0.0067296894327799,0.019127,0.1278461894327799,0.0192475,10.396942654622396,96.18212134270146,904.4673638530442,110.8530000457209,1.0
Llama2-70B,8,1,8,32,32,2560,0.1041335,0.0067296894327799,0.020007,0.1308701894327799,0.0192475,10.638862654622397,93.9950098486813,907.299666670693,108.9106371473509,1.0
Llama2-70B,8,1,8,32,32,2688,0.106312,0.0067296894327799,0.020887,0.1339286894327799,0.0192475,10.8835426546224,91.88184690720033,910.1327393663632,107.01199527879773,1.0
Llama2-70B,8,1,8,32,32,2816,0.108373,0.0067296894327799,0.021767,0.1368696894327799,0.0192475,11.118822654622395,89.93757981959294,912.9631533304788,105.30334508254808,1.0
Llama2-70B,8,1,8,32,32,2944,0.1105015,0.0067296894327799,0.022647,0.1398781894327799,0.0192475,11.359502654622398,88.03202309152866,915.7950985373966,103.59532433240686,1.0
Llama2-70B,8,1,8,32,32,3072,0.1126455,0.0067296894327799,0.023527,0.1429021894327799,0.0192475,11.601422654622397,86.19632520685438,918.6274013550452,101.9378716143838,1.0
Llama2-70B,8,1,8,32,32,3200,0.119974,0.0067296894327799,0.024407,0.1511106894327799,0.0192475,12.258102654622396,81.5786935527833,930.4263397687688,96.94041414897904,1.0
Llama2-70B,8,1,8,32,32,3328,0.122035,0.0067296894327799,0.025287,0.1540516894327799,0.0192475,12.493382654622398,80.0423734423929,933.256753732884,95.5931447671656,1.0
Llama2-70B,8,1,8,32,32,3456,0.1241635,0.0067296894327799,0.026167,0.1570601894327799,0.0192475,12.734062654622395,78.52953351356454,936.0886989398024,94.23952076695268,1.0
Llama2-70B,8,1,8,32,32,3584,0.1263075,0.0067296894327799,0.027047,0.1600841894327799,0.0192475,12.975982654622394,77.06545443352401,938.9210017574512,92.92015535077596,1.0
Llama2-70B,8,1,8,32,32,3712,0.128486,0.0067296894327799,0.027927,0.1631426894327799,0.0192475,13.220662654622398,75.6391737785069,941.7540744531212,91.62030050483332,1.0
Llama2-70B,8,1,8,32,32,3840,0.130547,0.0067296894327799,0.028807,0.1660836894327799,0.0192475,13.455942654622396,74.31660684556196,944.5844884172363,90.44486740572712,1.0
Llama2-70B,8,1,8,32,32,3968,0.1326755,0.0067296894327799,0.029687,0.1690921894327799,0.0192475,13.696622654622397,73.01069944147987,947.4164336241546,89.26068053485332,1.0
Llama2-70B,8,1,8,32,32,4096,0.1348195,0.0067296894327799,0.030567,0.1721161894327799,0.0192475,13.938542654622395,71.7435118418476,950.2487364418035,88.10379214818737,1.0
Llama2-70B,8,2,4,32,32,128,0.0767615,0.0064117979939778,0.003287,0.0864602979939778,0.0339355,7.10075933951823,281.66001752366043,731.4363109562772,238.21717623948115,1.0
Llama2-70B,8,2,4,32,32,256,0.0788225,0.0064117979939778,0.004167,0.0894012979939778,0.0339355,7.336039339518231,272.62667325490963,734.2537512405742,232.88202963639,1.0
Llama2-70B,8,2,4,32,32,384,0.080951,0.0064117979939778,0.0050469999999999,0.0924097979939778,0.0339355,7.576719339518229,263.9664887108213,737.072722767674,227.6292827660172,1.0
Llama2-70B,8,2,4,32,32,512,0.083095,0.0064117979939778,0.005927,0.0954337979939778,0.0339355,7.8186393395182305,255.79898408809788,739.8920519055048,222.60426376602217,1.0
Llama2-70B,8,2,4,32,32,640,0.0852735,0.0064117979939778,0.0068069999999999,0.0984922979939778,0.0339355,8.063319339518229,248.0368091336808,742.7121509213566,217.74412652270533,1.0
Llama2-70B,8,2,4,32,32,768,0.0873345,0.0064117979939778,0.0076869999999999,0.1014332979939778,0.0339355,8.29859933951823,241.00452596571665,745.5295912056534,213.41210838948345,1.0
Llama2-70B,8,2,4,32,32,896,0.089463,0.0064117979939778,0.008567,0.1044417979939778,0.0339355,8.539279339518231,234.21180177867748,748.348562732753,209.12236419881785,1.0
Llama2-70B,8,2,4,32,32,1024,0.091607,0.0064117979939778,0.0094469999999999,0.1074657979939778,0.0339355,8.78119933951823,227.75932109858329,751.1678918705837,204.9974051848068,1.0
Llama2-70B,8,2,4,32,32,1152,0.098964,0.0064117979939778,0.010327,0.1157027979939778,0.0339355,9.44015933951823,211.8608307412392,763.1400701157422,192.7822415514081,1.0
Llama2-70B,8,2,4,32,32,1280,0.101025,0.0064117979939778,0.011207,0.1186437979939778,0.0339355,9.67543933951823,206.7089596470548,765.9575104000392,189.5465257114672,1.0
Llama2-70B,8,2,4,32,32,1408,0.1031535,0.0064117979939778,0.012087,0.1216522979939778,0.0339355,9.916119339518229,201.69180417479416,768.7764819271391,186.3185645487402,1.0
Llama2-70B,8,2,4,32,32,1536,0.1052975,0.0064117979939778,0.012967,0.1246762979939778,0.0339355,10.15803933951823,196.88838890585112,771.5958110649698,183.19423800778023,1.0
Llama2-70B,8,2,4,32,32,1664,0.107476,0.0064117979939778,0.013847,0.1277347979939778,0.0339355,10.402719339518232,192.25742180723137,774.4159100808213,180.13693989374866,1.0
Llama2-70B,8,2,4,32,32,1792,0.109537,0.0064117979939778,0.014727,0.1306757979939778,0.0339355,10.63799933951823,188.0052758200844,777.2333503651183,177.3905964115135,1.0
Llama2-70B,8,2,4,32,32,1920,0.1116655,0.0064117979939778,0.015607,0.1336842979939778,0.0339355,10.87867933951823,183.8458453991504,780.0523218922184,174.6404041293457,1.0
Llama2-70B,8,2,4,32,32,2048,0.1138095,0.0064117979939778,0.0164869999999999,0.1367082979939778,0.0339355,11.120599339518227,179.84642184641865,782.871651030049,171.96975011533505,1.0
Llama2-70B,8,2,4,32,32,2176,0.124446,0.0064117979939778,0.017367,0.1482247979939778,0.0339355,12.04191933951823,166.0864803699985,799.5982310195208,160.6315653013196,1.0
Llama2-70B,8,2,4,32,32,2304,0.126507,0.0064117979939778,0.018247,0.1511657979939779,0.0339355,12.277199339518232,162.90360241707063,802.4156713038176,158.57139749259284,1.0
Llama2-70B,8,2,4,32,32,2432,0.1286355,0.0064117979939778,0.019127,0.1541742979939779,0.0339355,12.517879339518233,159.7714713295018,805.2346428309174,156.4954158904263,1.0
Llama2-70B,8,2,4,32,32,2560,0.1307795,0.0064117979939778,0.020007,0.1571982979939778,0.0339355,12.75979933951823,156.7422768010013,808.053971968748,154.4687760636698,1.0
Llama2-70B,8,2,4,32,32,2688,0.132958,0.0064117979939778,0.020887,0.1602567979939778,0.0339355,13.004479339518229,153.7931621700814,810.8740709846,152.4680859716226,1.0
Llama2-70B,8,2,4,32,32,2816,0.135019,0.0064117979939778,0.021767,0.1631977979939778,0.0339355,13.23975933951823,151.0601475987838,813.6915112688971,150.66240885891926,1.0
Llama2-70B,8,2,4,32,32,2944,0.1371475,0.0064117979939778,0.022647,0.1662062979939778,0.0339355,13.480439339518233,148.3631170786068,816.5104827959972,148.83801797262012,1.0
Llama2-70B,8,2,4,32,32,3072,0.1392915,0.0064117979939778,0.023527,0.1692302979939778,0.0339355,13.722359339518231,145.7475314933865,819.3298119338273,147.05308865469672,1.0
Llama2-70B,8,2,4,32,32,3200,0.14662,0.0064117979939778,0.024407,0.1774387979939778,0.0339355,14.379039339518233,139.0913504564492,831.1157766677323,141.71255228954658,1.0
Llama2-70B,8,2,4,32,32,3328,0.148681,0.0064117979939778,0.025287,0.1803797979939778,0.0339355,14.61431933951823,136.85208004124064,833.9332169520295,140.22188728755344,1.0
Llama2-70B,8,2,4,32,32,3456,0.1508095,0.0064117979939778,0.026167,0.1833882979939778,0.0339355,14.85499933951823,134.63480908272211,836.7521884791294,138.7101257677947,1.0
Llama2-70B,8,2,4,32,32,3584,0.1529535,0.0064117979939778,0.027047,0.1864122979939778,0.0339355,15.096919339518228,132.4773587923153,839.5715176169596,137.226594621398,1.0
Llama2-70B,8,2,4,32,32,3712,0.155132,0.0064117979939778,0.027927,0.1894707979939778,0.0339355,15.341599339518227,130.36450475200624,842.391616632812,135.754005722999,1.0
Llama2-70B,8,2,4,32,32,3840,0.157193,0.0064117979939778,0.028807,0.1924117979939778,0.0339355,15.57687933951823,128.3954222413497,845.2090569171089,134.4221843398097,1.0
Llama2-70B,8,2,4,32,32,3968,0.1593215,0.0064117979939778,0.029687,0.1954202979939778,0.0339355,15.81755933951823,126.44175735780208,848.0280284442084,133.0686737891949,1.0
Llama2-70B,8,2,4,32,32,4096,0.1614655,0.0064117979939778,0.030567,0.1984442979939779,0.0339355,16.05947933951823,124.5370386995372,850.8473575820391,131.7382595015714,1.0
Llama2-70B,8,4,2,32,32,128,0.1236895,0.005782637854682,0.003287,0.132759137854682,0.0633115,10.834042528374566,369.2065994317378,679.7273435243529,274.7716433182902,1.0
Llama2-70B,8,4,2,32,32,256,0.1257505,0.005782637854682,0.004167,0.135700137854682,0.0633115,11.069322528374563,361.3590614734184,682.5382969687407,271.3859177374012,1.0
Llama2-70B,8,4,2,32,32,384,0.127879,0.005782637854682,0.0050469999999999,0.138708637854682,0.0633115,11.310002528374564,353.6692401230494,685.3507816559317,267.9684630220489,1.0
Llama2-70B,8,4,2,32,32,512,0.130023,0.005782637854682,0.005927,0.141732637854682,0.0633115,11.551922528374565,346.2627099666697,688.163623953853,264.63149748654195,1.0
Llama2-70B,8,4,2,32,32,640,0.1322015,0.005782637854682,0.0068069999999999,0.1447911378546821,0.0633115,11.796602528374567,339.08067940567906,690.9772361297953,261.33486992575564,1.0
Llama2-70B,8,4,2,32,32,768,0.1342625,0.005782637854682,0.0076869999999999,0.1477321378546821,0.0633115,12.031882528374569,332.4500543091968,693.7881895741833,258.3700547711326,1.0
Llama2-70B,8,4,2,32,32,896,0.136391,0.005782637854682,0.008567,0.150740637854682,0.0633115,12.272562528374566,325.930301088454,696.6006742613741,255.3690031825319,1.0
Llama2-70B,8,4,2,32,32,1024,0.138535,0.005782637854682,0.0094469999999999,0.153764637854682,0.0633115,12.514482528374566,319.6296763314541,699.4135165592957,252.43206285750745,1.0
Llama2-70B,8,4,2,32,32,1152,0.1492,0.005782637854682,0.010327,0.165309637854682,0.0633115,13.438082528374569,297.6615146955664,716.3198232201113,240.05356006035905,1.0
Llama2-70B,8,4,2,32,32,1280,0.151261,0.005782637854682,0.011207,0.168250637854682,0.0633115,13.673362528374566,292.5395996558502,719.1307766644992,237.71189423066727,1.0
Llama2-70B,8,4,2,32,32,1408,0.1533895,0.005782637854682,0.012087,0.1712591378546821,0.0633115,13.91404252837457,287.4793570483127,721.94326135169,235.33007844464257,1.0
Llama2-70B,8,4,2,32,32,1536,0.1555335,0.005782637854682,0.012967,0.174283137854682,0.0633115,14.155962528374566,282.5664444916621,724.7561036496112,232.99035373395805,1.0
Llama2-70B,8,4,2,32,32,1664,0.157712,0.005782637854682,0.013847,0.177341637854682,0.0633115,14.400642528374563,277.765383879124,727.5697158255543,230.6640318509544,1.0
Llama2-70B,8,4,2,32,32,1792,0.159773,0.005782637854682,0.014727,0.180282637854682,0.0633115,14.635922528374564,273.3001621349954,730.3806692699421,228.56824033783624,1.0
Llama2-70B,8,4,2,32,32,1920,0.1619015,0.005782637854682,0.015607,0.1832911378546821,0.0633115,14.876602528374567,268.87859592744286,733.1931539571326,226.43185948157765,1.0
Llama2-70B,8,4,2,32,32,2048,0.1640455,0.005782637854682,0.0164869999999999,0.1863151378546821,0.0633115,15.118522528374568,264.5761179700441,736.0059962550542,224.3298341786437,1.0
Llama2-70B,8,4,2,32,32,2176,0.174682,0.005782637854682,0.017367,0.197831637854682,0.0633115,16.039842528374564,249.3790068651845,752.7260894046169,215.4561115068001,1.0
Llama2-70B,8,4,2,32,32,2304,0.176743,0.005782637854682,0.018247,0.2007726378546821,0.0633115,16.275122528374567,245.77387930728463,755.5370428490049,213.7388872116589,1.0
Llama2-70B,8,4,2,32,32,2432,0.1788715,0.005782637854682,0.019127,0.203781137854682,0.0633115,16.515802528374564,242.1922878484348,758.3495275361959,211.98165373919147,1.0
Llama2-70B,8,4,2,32,32,2560,0.1810155,0.005782637854682,0.020007,0.206805137854682,0.0633115,16.757722528374565,238.6959202377953,761.162369834117,210.24784337090384,1.0
Llama2-70B,8,4,2,32,32,2688,0.183194,0.005782637854682,0.020887,0.2098636378546821,0.0633115,17.002402528374567,235.2608693579966,763.9759820100599,208.51555782669192,1.0
Llama2-70B,8,4,2,32,32,2816,0.185255,0.005782637854682,0.021767,0.2128046378546821,0.0633115,17.237682528374567,232.0497545662353,766.7869354544479,206.9544507447701,1.0
Llama2-70B,8,4,2,32,32,2944,0.1873835,0.005782637854682,0.022647,0.2158131378546821,0.0633115,17.478362528374568,228.85439030723592,769.5994201416383,205.35410538858497,1.0
Llama2-70B,8,4,2,32,32,3072,0.1895275,0.005782637854682,0.023527,0.218837137854682,0.0633115,17.720282528374565,225.7300352629823,772.41226243956,203.7731364682065,1.0
Llama2-70B,8,4,2,32,32,3200,0.200164,0.005782637854682,0.024407,0.2303536378546821,0.0633115,18.64160252837457,214.5738272185324,789.1323555891224,197.12144930884745,1.0
Llama2-70B,8,4,2,32,32,3328,0.202225,0.005782637854682,0.025287,0.233294637854682,0.0633115,18.87688252837457,211.89939567550127,791.9433090335104,195.8074691639289,1.0
Llama2-70B,8,4,2,32,32,3456,0.2043535,0.005782637854682,0.026167,0.236303137854682,0.0633115,19.117562528374567,209.2316943681048,794.755793720701,194.45612473500609,1.0
Llama2-70B,8,4,2,32,32,3584,0.2064975,0.005782637854682,0.027047,0.239327137854682,0.0633115,19.359482528374567,206.61709289684416,797.5686360186224,193.11823049156104,1.0
Llama2-70B,8,4,2,32,32,3712,0.208676,0.005782637854682,0.027927,0.2423856378546821,0.0633115,19.60416252837457,204.0383002441702,800.3822481945655,191.7763058987534,1.0
Llama2-70B,8,4,2,32,32,3840,0.210737,0.005782637854682,0.028807,0.2453266378546821,0.0633115,19.839442528374565,201.61856837858025,803.1932016389532,190.56767478870665,1.0
Llama2-70B,8,4,2,32,32,3968,0.2128655,0.005782637854682,0.029687,0.2483351378546821,0.0633115,20.080122528374567,199.201971718436,806.0056863261439,189.32276163261392,1.0
Llama2-70B,8,4,2,32,32,4096,0.2150095,0.005782637854682,0.030567,0.251359137854682,0.0633115,20.322042528374563,196.8306086563404,808.8185286240653,188.08902132791,1.0
Llama2-70B,8,8,1,32,32,128,0.2196135,0.0045739881134033,0.003287,0.2274744881134033,0.1213595,18.469318549072263,433.15079431568137,659.9146444941874,300.4891067690226,1.0
Llama2-70B,8,8,1,32,32,256,0.2216745,0.0045739881134033,0.004167,0.2304154881134033,0.1213595,18.704598549072266,427.7023096225069,662.7223545186207,298.96192594034073,1.0
Llama2-70B,8,8,1,32,32,384,0.223803,0.0045739881134033,0.0050469999999999,0.2334239881134033,0.1213595,18.945278549072263,422.2687979634776,664.315540565909,296.83048956712344,1.0
Llama2-70B,8,8,1,32,32,512,0.225947,0.0045739881134033,0.005927,0.2364479881134033,0.1213595,19.187198549072264,416.9446612823431,668.3411946638237,295.795560314509,1.0
Llama2-70B,8,8,1,32,32,640,0.2314335,0.0045739881134033,0.0068069999999999,0.2428144881134033,0.1213595,19.696518549072263,406.16314908996,676.0921786753787,292.1323743863264,1.0
Llama2-70B,8,8,1,32,32,768,0.2334945,0.0045739881134033,0.0076869999999999,0.2457554881134033,0.1213595,19.931798549072266,401.3686963724789,678.8998886998116,290.75626565071644,1.0
Llama2-70B,8,8,1,32,32,896,0.235623,0.0045739881134033,0.008567,0.2487639881134033,0.1213595,20.172478549072263,396.5799235100896,680.4931966813489,288.8059301007748,1.0
Llama2-70B,8,8,1,32,32,1024,0.237767,0.0045739881134033,0.0094469999999999,0.2517879881134033,0.1213595,20.414398549072263,391.8802692506247,684.5187288450148,287.89475782804794,1.0
Llama2-70B,8,8,1,32,32,1152,0.248432,0.0045739881134033,0.010327,0.2633329881134033,0.1213595,21.33799854907226,374.9180121838478,701.4217920858762,282.3395504950555,1.0
Llama2-70B,8,8,1,32,32,1280,0.250493,0.0045739881134033,0.011207,0.2662739881134033,0.1213595,21.573278549072267,370.8291246415131,704.2295021103096,281.13739789547395,1.0
Llama2-70B,8,8,1,32,32,1408,0.2526215,0.0045739881134033,0.012087,0.2692824881134033,0.1213595,21.813958549072265,366.7376547912362,705.8228100918463,279.39934253095885,1.0
Llama2-70B,8,8,1,32,32,1536,0.2547655,0.0045739881134033,0.012967,0.2723064881134033,0.1213595,22.055878549072265,362.7150912261667,709.8483422555121,278.62812753513026,1.0
Llama2-70B,8,8,1,32,32,1664,0.260252,0.0045739881134033,0.013847,0.2786729881134033,0.1213595,22.565198549072264,354.5282343783724,717.5993262670673,275.7324924561838,1.0
Llama2-70B,8,8,1,32,32,1792,0.262313,0.0045739881134033,0.014727,0.2816139881134033,0.1213595,22.800478549072263,350.8698285775899,720.4070362915005,274.63642148559194,1.0
Llama2-70B,8,8,1,32,32,1920,0.2644415,0.0045739881134033,0.015607,0.2846224881134033,0.1213595,23.04115854907226,347.2047632918231,722.0003442730376,273.0283802931982,1.0
Llama2-70B,8,8,1,32,32,2048,0.2665855,0.0045739881134033,0.0164869999999999,0.2876464881134032,0.1213595,23.28307854907226,343.5971743658773,726.0258764367035,272.34259794201256,1.0
Llama2-70B,8,8,1,32,32,2176,0.277222,0.0045739881134033,0.017367,0.2991629881134033,0.1213595,24.20439854907227,330.51843795170987,742.7427261663119,267.92344264391414,1.0
Llama2-70B,8,8,1,32,32,2304,0.279283,0.0045739881134033,0.018247,0.3021039881134033,0.1213595,24.439678549072266,327.33654757106785,745.550436190745,266.9515997002126,1.0
Llama2-70B,8,8,1,32,32,2432,0.2814115,0.0045739881134033,0.019127,0.3051124881134033,0.1213595,24.680358549072263,324.1443994459603,747.1437441722818,265.49865381204467,1.0
Llama2-70B,8,8,1,32,32,2560,0.2835555,0.0045739881134033,0.020007,0.3081364881134033,0.1213595,24.922278549072264,320.99793701638896,751.169276335948,264.91084684865854,1.0
Llama2-70B,8,8,1,32,32,2688,0.289042,0.0045739881134033,0.020887,0.3145029881134033,0.1213595,25.431598549072262,314.5692939656692,758.920260347503,262.5640081190634,1.0
Llama2-70B,8,8,1,32,32,2816,0.291103,0.0045739881134033,0.021767,0.3174439881134033,0.1213595,25.666878549072266,311.68573867308703,761.7279703719363,261.6695706921388,1.0
Llama2-70B,8,8,1,32,32,2944,0.2932315,0.0045739881134033,0.022647,0.3204524881134033,0.1213595,25.907558549072267,308.7901928252701,763.3212783534732,260.3135332846142,1.0
Llama2-70B,8,8,1,32,32,3072,0.2953755,0.0045739881134033,0.023527,0.3234764881134033,0.1213595,26.149478549072267,305.9334428022017,767.346810517139,259.78688500472765,1.0
Llama2-70B,8,8,1,32,32,3200,0.306012,0.0045739881134033,0.024407,0.3349929881134033,0.1213595,27.070798549072265,295.5213894225579,784.0636602467476,256.2199064895324,1.0
Llama2-70B,8,8,1,32,32,3328,0.308073,0.0045739881134033,0.025287,0.3379339881134033,0.1213595,27.306078549072264,292.9750599531548,786.8713702711809,255.4171804316448,1.0
Llama2-70B,8,8,1,32,32,3456,0.3102015,0.0045739881134033,0.026167,0.3409424881134033,0.1213595,27.546758549072266,290.4152946252701,788.4646782527178,254.178228748964,1.0
Llama2-70B,8,8,1,32,32,3584,0.3123455,0.0045739881134033,0.027047,0.3439664881134033,0.1213595,27.788678549072262,287.8870251376917,792.4902104163838,253.72230764214112,1.0
Llama2-70B,8,8,1,32,32,3712,0.317832,0.0045739881134033,0.027927,0.3503329881134033,0.1213595,28.297998549072265,282.7055060493766,800.2411944279389,251.78119082658088,1.0
Llama2-70B,8,8,1,32,32,3840,0.319893,0.0045739881134033,0.028807,0.3532739881134033,0.1213595,28.533278549072264,280.37437009705684,803.0489044523721,251.0367230456346,1.0
Llama2-70B,8,8,1,32,32,3968,0.3220215,0.0045739881134033,0.029687,0.3562824881134033,0.1213595,28.773958549072265,278.0291764984814,804.642212433909,249.87220183556343,1.0
Llama2-70B,8,8,1,32,32,4096,0.3241655,0.0045739881134033,0.030567,0.3593064881134033,0.1213595,29.015878549072266,275.7111071605236,808.667744597575,249.4613845697876,1.0
Llama2-70B,8,80,1,32,3,128,2.196188,0.0004647777472601,0.0328699999999999,2.22952277774726,1.2585155,179.7703377197808,445.0122362494583,630.1768442250193,286.9412109641886,1.0
Llama2-70B,8,80,1,32,3,256,2.223296,0.0004647777472601,0.04167,2.26543077774726,1.2585155,182.6429777197808,438.013007665368,632.779463396739,284.6132334141468,1.0
Llama2-70B,8,80,1,32,3,384,2.2471115,0.0004647777472601,0.0504699999999999,2.29804627774726,1.2585155,185.2522177197808,431.8436830862176,634.8083007262745,282.49968936845136,1.0
Llama2-70B,8,80,1,32,3,512,2.274204,0.0004647777472601,0.05927,2.3339387777472607,1.2585155,188.12361771978084,425.2522940482882,637.5211718591635,280.32717023589964,1.0
Llama2-70B,8,80,1,32,3,640,2.301312,0.0004647777472601,0.0680699999999999,2.3698467777472603,1.2585155,190.9962577197808,418.8563742299684,640.123791030883,278.156021882684,1.0
Llama2-70B,8,80,1,32,3,768,2.3251275,0.0004647777472601,0.07687,2.40246227774726,1.2585155,193.6054977197808,413.2114064022591,642.1505508148191,276.1786400164373,1.0
Llama2-70B,8,80,1,32,3,896,2.35222,0.0004647777472601,0.08567,2.4383547777472603,1.2585155,196.4768977197808,407.17255274509455,644.8654994933081,274.1518648312268,1.0
Llama2-70B,8,80,1,32,3,1024,2.379328,0.0004647777472601,0.0944699999999999,2.4742627777472603,1.2585155,199.3495377197808,401.3051693776857,647.4681186650273,272.1222625317012,1.0
Llama2-70B,8,80,1,32,3,1152,2.4188755,0.0004647777472601,0.10327,2.5226102777472605,1.2585155,203.21733771978083,393.667198368247,652.1542502668638,269.6105071413818,1.0
Llama2-70B,8,80,1,32,3,1280,2.445968,0.0004647777472601,0.11207,2.5585027777472606,1.2585155,206.08873771978085,388.1822989705343,654.8719104905525,267.73527310682414,1.0
Llama2-70B,8,80,1,32,3,1408,2.473076,0.0004647777472601,0.12087,2.5944107777472603,1.2585155,208.9613777197808,382.8458678487504,657.474529662272,265.85294170590475,1.0
Llama2-70B,8,80,1,32,3,1536,2.4968915,0.0004647777472601,0.12967,2.62702627774726,1.2585155,211.5706177197808,378.1243391081728,659.4965003554079,264.1270156734516,1.0
Llama2-70B,8,80,1,32,3,1664,2.523984,0.0004647777472601,0.13847,2.6629187777472603,1.2585155,214.4420177197808,373.0612165034695,662.216238124697,262.3694279063168,1.0
Llama2-70B,8,80,1,32,3,1792,2.551092,0.0004647777472601,0.14727,2.6988267777472608,1.2585155,217.31465771978085,368.1297931737169,664.8188572964164,260.6016785346888,1.0
Llama2-70B,8,80,1,32,3,1920,2.5749075,0.0004647777472601,0.15607,2.7314422777472607,1.2585155,219.92389771978085,363.7621960571704,666.8387504439523,258.9758080412412,1.0
Llama2-70B,8,80,1,32,3,2048,2.602,0.0004647777472601,0.16487,2.7673347777472603,1.2585155,222.7952977197808,359.07400568489294,669.5605657588411,257.3253519442127,1.0
Llama2-70B,8,80,1,32,3,2176,2.64484,0.0004647777472601,0.17367,2.81897477774726,1.2585155,226.92649771978083,352.5370584918983,674.8252682936608,255.14786085118973,1.0
Llama2-70B,8,80,1,32,3,2304,2.6686555,0.0004647777472601,0.18247,2.85159027774726,1.2585155,229.5357377197808,348.5296049962585,676.8424498959965,253.62676070253224,1.0
Llama2-70B,8,80,1,32,3,2432,2.695748,0.0004647777472601,0.19127,2.8874827777472603,1.2585155,232.4071377197808,344.22350700974613,679.5669767560854,252.08846552277345,1.0
Llama2-70B,8,80,1,32,3,2560,2.722856,0.0004647777472601,0.20007,2.9233907777472607,1.2585155,235.27977771978087,340.0207224578404,682.169595927805,250.5345842482324,1.0
Llama2-70B,8,80,1,32,3,2688,2.7466715,0.0004647777472601,0.20887,2.9560062777472607,1.2585155,237.88901771978084,336.2912704706497,684.1846999845411,249.0959330173052,1.0
Llama2-70B,8,80,1,32,3,2816,2.773764,0.0004647777472601,0.21767,2.9918987777472603,1.2585155,240.7604177197808,332.28053331055185,686.9113043902299,247.6459080117233,1.0
Llama2-70B,8,80,1,32,3,2944,2.800872,0.0004647777472601,0.22647,3.0278067777472604,1.2585155,243.6330577197808,328.362664528118,689.5139235619495,246.1783057426221,1.0
Llama2-70B,8,80,1,32,3,3072,2.8246875,0.0004647777472601,0.23527,3.0604222777472603,1.2585155,246.2422977197808,324.88325824119187,691.5269500730855,244.8153822584216,1.0
Llama2-70B,8,80,1,32,3,3200,2.867512,0.0004647777472601,0.24407,3.1120467777472607,1.2585155,250.37225771978083,319.52421857191865,696.9177153874742,243.03916265650287,1.0
Llama2-70B,8,80,1,32,3,3328,2.89462,0.0004647777472601,0.25287,3.1479547777472607,1.2585155,253.24489771978085,315.899750479953,699.5203345591935,241.6622335778768,1.0
Llama2-70B,8,80,1,32,3,3456,2.9184355,0.0004647777472601,0.26167,3.1805702777472606,1.2585155,255.85413771978085,312.6781560500632,701.5306495251295,240.3790145525332,1.0
Llama2-70B,8,80,1,32,3,3584,2.945528,0.0004647777472601,0.27047,3.2164627777472603,1.2585155,258.7255377197808,309.207976549443,704.2620430216185,239.0953482776665,1.0
Llama2-70B,8,80,1,32,3,3712,2.972636,0.0004647777472601,0.27927,3.2523707777472604,1.2585155,261.5981777197808,305.8125278139152,706.864662193338,237.79052066695616,1.0
Llama2-70B,8,80,1,32,3,3840,2.9964515,0.0004647777472601,0.28807,3.2849862777472607,1.2585155,264.20741771978084,302.7924071565933,708.8728996136739,236.57079035441555,1.0
Llama2-70B,8,80,1,32,3,3968,3.023544,0.0004647777472601,0.29687,3.3208787777472604,1.2585155,267.0788177197808,299.53704559204704,711.6063706557629,235.35505706408208,1.0
Llama2-70B,8,80,1,32,3,4096,3.050652,0.0004647777472601,0.30567,3.3567867777472604,1.2585155,269.9514577197808,296.3495758672392,714.2089898274826,234.11683463976968,1.0
Llama2-70B,20,1,20,32,32,128,0.0408135,0.0148387594386509,0.003287,0.0589392594386509,0.0119035,4.877044255092076,205.0422238748212,1237.8052747279007,379.1041183456151,1.0
Llama2-70B,20,1,20,32,32,256,0.0428745,0.0148387594386509,0.004167,0.0618802594386509,0.0119035,5.112324255092076,195.6057460564949,1240.6746097314708,361.7169324806909,1.0
Llama2-70B,20,1,20,32,32,384,0.045003,0.0148387594386509,0.0050469999999999,0.0648887594386509,0.0119035,5.353004255092077,186.81098544779675,1243.545475977844,345.4062717979478,1.0
Llama2-70B,20,1,20,32,32,512,0.047147,0.0148387594386509,0.005927,0.0679127594386509,0.0119035,5.594924255092076,178.733429516919,1246.416699834948,330.4602360264034,1.0
Llama2-70B,20,1,20,32,32,640,0.0493255,0.0148387594386509,0.0068069999999999,0.0709712594386509,0.0119035,5.839604255092076,171.2444810156459,1249.2886935700722,316.5930131397734,1.0
Llama2-70B,20,1,20,32,32,768,0.0513865,0.0148387594386509,0.0076869999999999,0.0739122594386509,0.0119035,6.074884255092075,164.61218979798377,1252.1580285736425,304.5931393881764,1.0
Llama2-70B,20,1,20,32,32,896,0.053515,0.0148387594386509,0.008567,0.0769207594386509,0.0119035,6.3155642550920765,158.33897963966177,1255.028894820015,293.1488589227356,1.0
Llama2-70B,20,1,20,32,32,1024,0.055659,0.0148387594386509,0.0094469999999999,0.0799447594386509,0.0119035,6.557484255092075,152.49750683327545,1257.900118677119,282.50150889279337,1.0
Llama2-70B,20,1,20,32,32,1152,0.063016,0.0148387594386509,0.010327,0.0881817594386509,0.0119035,7.2164442550920755,138.5724000146442,1269.9241916415506,251.9051097422777,1.0
Llama2-70B,20,1,20,32,32,1280,0.065077,0.0148387594386509,0.011207,0.0911227594386509,0.0119035,7.451724255092075,134.19712884795194,1272.7935266451204,244.47837305137,1.0
Llama2-70B,20,1,20,32,32,1408,0.0672055,0.0148387594386509,0.012087,0.0941312594386509,0.0119035,7.692404255092076,129.9983681094293,1275.6643928914932,237.26934419271728,1.0
Llama2-70B,20,1,20,32,32,1536,0.0693495,0.0148387594386509,0.012967,0.0971552594386509,0.0119035,7.934324255092076,126.03467766750543,1278.5356167485968,230.45148428406063,1.0
Llama2-70B,20,1,20,32,32,1664,0.071528,0.0148387594386509,0.013847,0.1002137594386509,0.0119035,8.179004255092076,122.26427188583756,1281.4076104837218,223.93461485077904,1.0
Llama2-70B,20,1,20,32,32,1792,0.073589,0.0148387594386509,0.014727,0.1031547594386509,0.0119035,8.414284255092078,118.84552145892022,1284.276945487292,218.1502917364164,1.0
Llama2-70B,20,1,20,32,32,1920,0.0757175,0.0148387594386509,0.015607,0.1061632594386509,0.0119035,8.654964255092075,115.54062738175476,1287.1478117336646,212.49179709671884,1.0
Llama2-70B,20,1,20,32,32,2048,0.0778615,0.0148387594386509,0.0164869999999999,0.1091872594386509,0.0119035,8.896884255092077,112.39889958416128,1290.019035590768,207.1015578287677,1.0
Llama2-70B,20,1,20,32,32,2176,0.08519,0.0148387594386509,0.017367,0.1173957594386509,0.0119035,9.553564255092075,104.6729757919404,1301.8568950439465,191.02255180243367,1.0
Llama2-70B,20,1,20,32,32,2304,0.087251,0.0148387594386509,0.018247,0.1203367594386509,0.0119035,9.788844255092076,102.15710598110785,1304.7262300475163,186.92138629464367,1.0
Llama2-70B,20,1,20,32,32,2432,0.0893795,0.0148387594386509,0.019127,0.1233452594386509,0.0119035,10.029524255092078,99.70562656471878,1307.5970962938893,182.87150525202773,1.0
Llama2-70B,20,1,20,32,32,2560,0.0915235,0.0148387594386509,0.020007,0.1263692594386509,0.0119035,10.271444255092076,97.3572922331978,1310.468320150993,178.97975931741476,1.0
Llama2-70B,20,1,20,32,32,2688,0.093702,0.0148387594386509,0.020887,0.1294277594386509,0.0119035,10.516124255092077,95.09206773738757,1313.3403138861177,175.2017451449966,1.0
Llama2-70B,20,1,20,32,32,2816,0.095763,0.0148387594386509,0.021767,0.1323687594386509,0.0119035,10.751404255092076,93.01110592380344,1316.2096488896875,171.80560979836778,1.0
Llama2-70B,20,1,20,32,32,2944,0.0978915,0.0148387594386509,0.022647,0.1353772594386509,0.0119035,10.992084255092076,90.97455739904382,1319.0805151360607,168.4365490282686,1.0
Llama2-70B,20,1,20,32,32,3072,0.1000355,0.0148387594386509,0.023527,0.1384012594386509,0.0119035,11.234004255092078,89.0154549787291,1321.9517389931643,165.18532658320848,1.0
Llama2-70B,20,1,20,32,32,3200,0.107364,0.0148387594386509,0.024407,0.1466097594386509,0.0119035,11.890684255092076,84.09944949734572,1333.7895984463426,155.28827149304496,1.0
Llama2-70B,20,1,20,32,32,3328,0.109425,0.0148387594386509,0.025287,0.1495507594386509,0.0119035,12.125964255092075,82.46766846439189,1336.6589334499124,152.69121926546865,1.0
Llama2-70B,20,1,20,32,32,3456,0.1115535,0.0148387594386509,0.026167,0.1525592594386509,0.0119035,12.366644255092076,80.86268023665684,1339.529799696286,150.0994813807147,1.0
Llama2-70B,20,1,20,32,32,3584,0.1136975,0.0148387594386509,0.027047,0.1555832594386509,0.0119035,12.60856425509208,79.31117134103046,1342.401023553389,147.58471201580826,1.0
Llama2-70B,20,1,20,32,32,3712,0.115876,0.0148387594386509,0.027927,0.1586417594386509,0.0119035,12.85324425509208,77.80136906709987,1345.2730172885142,145.11989295545592,1.0
Llama2-70B,20,1,20,32,32,3840,0.117937,0.0148387594386509,0.028807,0.1615827594386509,0.0119035,13.088524255092077,76.40280756716717,1348.1423522920843,142.88797751045945,1.0
Llama2-70B,20,1,20,32,32,3968,0.1200655,0.0148387594386509,0.029687,0.1645912594386509,0.0119035,13.329204255092076,75.0232332600032,1351.0132185384568,140.65377008158637,1.0
Llama2-70B,20,1,20,32,32,4096,0.1222095,0.0148387594386509,0.030567,0.1676152594386509,0.0119035,13.571124255092078,73.6858628071868,1353.8844423955604,138.47986883134703,1.0
Llama2-70B,20,2,10,32,32,128,0.0515415,0.0141149887520926,0.003287,0.0689434887520926,0.0183235,5.68380260016741,351.87710423671155,977.9557238334888,474.3535422103978,1.0
Llama2-70B,20,2,10,32,32,256,0.0536025,0.0141149887520926,0.004167,0.0718844887520926,0.0183235,5.919082600167411,337.8901993939793,980.7926246375132,457.4379108425507,1.0
Llama2-70B,20,2,10,32,32,384,0.055731,0.0141149887520926,0.0050469999999999,0.0748929887520926,0.0183235,6.159762600167411,324.68783779843136,983.6310566843404,441.2405378892988,1.0
Llama2-70B,20,2,10,32,32,512,0.057875,0.0141149887520926,0.005927,0.0779169887520926,0.0183235,6.401682600167412,312.4178633829327,986.4698463418983,426.120883948984,1.0
Llama2-70B,20,2,10,32,32,640,0.0600535,0.0141149887520926,0.0068069999999999,0.0809754887520926,0.0183235,6.646362600167412,300.91647421547884,989.3094058774776,411.845023969243,1.0
Llama2-70B,20,2,10,32,32,768,0.0621145,0.0141149887520926,0.0076869999999999,0.0839164887520926,0.0183235,6.881642600167411,290.6282869080335,992.146306681502,399.3215379184819,1.0
Llama2-70B,20,2,10,32,32,896,0.064243,0.0141149887520926,0.008567,0.0869249887520926,0.0183235,7.122322600167411,280.80727485623714,994.9847387283288,387.1957795901223,1.0
Llama2-70B,20,2,10,32,32,1024,0.066387,0.0141149887520926,0.0094469999999999,0.0899489887520926,0.0183235,7.364242600167411,271.58257930754945,997.8235283858872,375.7601369190832,1.0
Llama2-70B,20,2,10,32,32,1152,0.073744,0.0141149887520926,0.010327,0.0981859887520926,0.0183235,8.02320260016741,249.2770156344137,1009.8151671507728,342.3380773862188,1.0
Llama2-70B,20,2,10,32,32,1280,0.075805,0.0141149887520926,0.011207,0.1011269887520926,0.0183235,8.25848260016741,242.17523930600248,1012.6520679547972,333.9661196341921,1.0
Llama2-70B,20,2,10,32,32,1408,0.0779335,0.0141149887520926,0.012087,0.1041354887520926,0.0183235,8.499162600167411,235.31730054918648,1015.4905000016244,325.7554517638834,1.0
Llama2-70B,20,2,10,32,32,1536,0.0800775,0.0141149887520926,0.012967,0.1071594887520926,0.0183235,8.74108260016741,228.8046105366509,1018.3292896591826,317.9199180978371,1.0
Llama2-70B,20,2,10,32,32,1664,0.082256,0.0141149887520926,0.013847,0.1102179887520926,0.0183235,8.98576260016741,222.5743199539613,1021.1688491947616,310.3630279842084,1.0
Llama2-70B,20,2,10,32,32,1792,0.084317,0.0141149887520926,0.014727,0.1131589887520926,0.0183235,9.221042600167412,216.8952131252153,1024.005749998786,303.6178202494117,1.0
Llama2-70B,20,2,10,32,32,1920,0.0864455,0.0141149887520926,0.015607,0.1161674887520926,0.0183235,9.461722600167407,211.37800002344324,1026.8441820456133,296.9628789369063,1.0
Llama2-70B,20,2,10,32,32,2048,0.0885895,0.0141149887520926,0.0164869999999999,0.1191914887520926,0.0183235,9.703642600167411,206.1081680775728,1029.6829717031712,290.5770355694441,1.0
Llama2-70B,20,2,10,32,32,2176,0.095918,0.0141149887520926,0.017367,0.1273999887520926,0.0183235,10.360322600167413,193.04418184504044,1041.488396956804,271.452802643092,1.0
Llama2-70B,20,2,10,32,32,2304,0.097979,0.0141149887520926,0.018247,0.1303409887520926,0.0183235,10.59560260016741,188.7575511720683,1044.3252977608277,266.4666147237744,1.0
Llama2-70B,20,2,10,32,32,2432,0.1001075,0.0141149887520926,0.019127,0.1333494887520926,0.0183235,10.83628260016741,184.56513859920025,1047.1637298076555,261.5098094068016,1.0
Llama2-70B,20,2,10,32,32,2560,0.1022515,0.0141149887520926,0.020007,0.1363734887520926,0.0183235,11.07820260016741,180.53470153811563,1050.0025194652144,256.7205663157051,1.0
Llama2-70B,20,2,10,32,32,2688,0.10443,0.0141149887520926,0.020887,0.1394319887520926,0.0183235,11.322882600167407,176.63346610786462,1052.8420790007929,252.0449293787208,1.0
Llama2-70B,20,2,10,32,32,2816,0.106491,0.0141149887520926,0.021767,0.1423729887520926,0.0183235,11.55816260016741,173.03788406394557,1055.6789798048171,247.8329107165903,1.0
Llama2-70B,20,2,10,32,32,2944,0.1086195,0.0141149887520926,0.022647,0.1453814887520926,0.0183235,11.798842600167408,169.50815158527692,1058.5174118516445,243.6296916878747,1.0
Llama2-70B,20,2,10,32,32,3072,0.1107635,0.0141149887520926,0.023527,0.1484054887520926,0.0183235,12.040762600167412,166.10243606764513,1061.3562015092025,239.554591880268,1.0
Llama2-70B,20,2,10,32,32,3200,0.118092,0.0141149887520926,0.024407,0.1566139887520926,0.0183235,12.697442600167411,157.51203316907538,1073.1616267628349,227.1876221003189,1.0
Llama2-70B,20,2,10,32,32,3328,0.120153,0.0141149887520926,0.025287,0.1595549887520926,0.0183235,12.93272260016741,154.64647791750446,1075.9985275668596,223.88091174728456,1.0
Llama2-70B,20,2,10,32,32,3456,0.1222815,0.0141149887520926,0.026167,0.1625634887520926,0.0183235,13.17340260016741,151.8210640563421,1078.836959613686,220.56422263663887,1.0
Llama2-70B,20,2,10,32,32,3584,0.1244255,0.0141149887520926,0.027047,0.1655874887520926,0.0183235,13.415322600167409,149.08325797361312,1081.675749271244,217.33401699636408,1.0
Llama2-70B,20,2,10,32,32,3712,0.126604,0.0141149887520926,0.027927,0.1686459887520926,0.0183235,13.66000260016741,146.41285646427983,1084.5153088068234,214.1550244871456,1.0
Llama2-70B,20,2,10,32,32,3840,0.128665,0.0141149887520926,0.028807,0.1715869887520926,0.0183235,13.89528260016741,143.9337405038386,1087.352209610848,211.27583445592205,1.0
Llama2-70B,20,2,10,32,32,3968,0.1307935,0.0141149887520926,0.029687,0.1745954887520926,0.0183235,14.13596260016741,141.48311342987807,1090.1906416576749,208.3801262405385,1.0
Llama2-70B,20,2,10,32,32,4096,0.1329375,0.0141149887520926,0.030567,0.1776194887520926,0.0183235,14.37788260016741,139.10254072993425,1093.0294313152333,205.55325459618868,1.0
Llama2-70B,20,4,5,32,32,128,0.0729975,0.0134763675580705,0.003287,0.0897608675580706,0.0311635,7.362032904645648,543.3281882611375,848.030958058283,580.8630145267184,1.0
Llama2-70B,20,4,5,32,32,256,0.0750585,0.0134763675580705,0.004167,0.0927018675580706,0.0311635,7.597312904645648,526.5019422267125,850.8516417625341,566.7923298244266,1.0
Llama2-70B,20,4,5,32,32,384,0.077187,0.0134763675580705,0.0050469999999999,0.0957103675580706,0.0311635,7.837992904645648,510.3347309269908,853.6738567095889,552.9906957839977,1.0
Llama2-70B,20,4,5,32,32,512,0.079331,0.0134763675580705,0.005927,0.0987343675580706,0.0311635,8.079912904645647,495.0548412100024,856.4964292673737,539.8245511006878,1.0
Llama2-70B,20,4,5,32,32,640,0.0815095,0.0134763675580705,0.0068069999999999,0.1017928675580705,0.0311635,8.324592904645646,480.5039772897181,859.3197717031802,527.1285995516965,1.0
Llama2-70B,20,4,5,32,32,768,0.0835705,0.0134763675580705,0.0076869999999999,0.1047338675580706,0.0311635,8.559872904645648,467.29665785447634,862.1404554074317,515.8162601680209,1.0
Llama2-70B,20,4,5,32,32,896,0.085699,0.0134763675580705,0.008567,0.1077423675580706,0.0311635,8.800552904645649,454.51689721545495,864.9626703544864,504.6515539005628,1.0
Llama2-70B,20,4,5,32,32,1024,0.087843,0.0134763675580705,0.0094469999999999,0.1107663675580706,0.0311635,9.042472904645647,442.3568687659508,867.7852429122711,493.9410328155181,1.0
Llama2-70B,20,4,5,32,32,1152,0.0952,0.0134763675580705,0.010327,0.1190033675580706,0.0311635,9.701432904645648,412.3102266763657,879.7606645773843,462.0591725721554,1.0
Llama2-70B,20,4,5,32,32,1280,0.097261,0.0134763675580705,0.011207,0.1219443675580705,0.0311635,9.936712904645647,402.5476068781162,882.5813482816357,453.7180104469602,1.0
Llama2-70B,20,4,5,32,32,1408,0.0993895,0.0134763675580705,0.012087,0.1249528675580706,0.0311635,10.177392904645648,393.0279628070692,885.4035632286902,445.4210772912078,1.0
Llama2-70B,20,4,5,32,32,1536,0.1015335,0.0134763675580705,0.012967,0.1279768675580705,0.0311635,10.419312904645649,383.9024738585713,888.2261357864753,437.40545523717554,1.0
Llama2-70B,20,4,5,32,32,1664,0.103712,0.0134763675580705,0.013847,0.1310353675580706,0.0311635,10.66399290464565,375.09402301434807,891.0494782222819,429.5787749837444,1.0
Llama2-70B,20,4,5,32,32,1792,0.105773,0.0134763675580705,0.014727,0.1339763675580706,0.0311635,10.899272904645647,366.996957961761,893.8701619265333,422.5417459685048,1.0
Llama2-70B,20,4,5,32,32,1920,0.1079015,0.0134763675580705,0.015607,0.1369848675580706,0.0311635,11.139952904645648,359.0679452811597,896.6923768735876,415.5143241167119,1.0
Llama2-70B,20,4,5,32,32,2048,0.1100455,0.0134763675580705,0.0164869999999999,0.1400088675580706,0.0311635,11.381872904645649,351.4360100056426,899.5149494313727,408.70137780798507,1.0
Llama2-70B,20,4,5,32,32,2176,0.117374,0.0134763675580705,0.017367,0.1482173675580705,0.0311635,12.038552904645648,332.26584886763345,911.3041575852326,388.2052914551914,1.0
Llama2-70B,20,4,5,32,32,2304,0.119435,0.0134763675580705,0.018247,0.1511583675580706,0.0311635,12.273832904645648,325.8965663844095,914.1248412894842,382.6871692927048,1.0
Llama2-70B,20,4,5,32,32,2432,0.1215635,0.0134763675580705,0.019127,0.1541668675580706,0.0311635,12.514512904645647,319.62890049960447,916.9470562365386,377.1473576511611,1.0
Llama2-70B,20,4,5,32,32,2560,0.1237075,0.0134763675580705,0.020007,0.1571908675580705,0.0311635,12.756432904645646,313.56728247622243,919.7696287943236,371.7517647654037,1.0
Llama2-70B,20,4,5,32,32,2688,0.129194,0.0134763675580705,0.020887,0.1635573675580706,0.0311635,13.265752904645648,301.5283059131311,927.5335864856964,358.9692967497317,1.0
Llama2-70B,20,4,5,32,32,2816,0.131255,0.0134763675580705,0.021767,0.1664983675580706,0.0311635,13.501032904645648,296.27362796987313,930.3542701899482,354.40717313243226,1.0
Llama2-70B,20,4,5,32,32,2944,0.1333835,0.0134763675580705,0.022647,0.1695068675580705,0.0311635,13.741712904645643,291.08452692587724,933.1764851370028,349.80956607713955,1.0
Llama2-70B,20,4,5,32,32,3072,0.1355275,0.0134763675580705,0.023527,0.1725308675580705,0.0311635,13.983632904645646,286.04869902377936,935.999057694788,345.3170233697176,1.0
Llama2-70B,20,4,5,32,32,3200,0.142856,0.0134763675580705,0.024407,0.1807393675580706,0.0311635,14.640312904645649,273.2182041499075,947.7882658486478,331.7285468754017,1.0
Llama2-70B,20,4,5,32,32,3328,0.144917,0.0134763675580705,0.025287,0.1836803675580705,0.0311635,14.875592904645648,268.89684502933665,950.6089495528992,327.9839320276087,1.0
Llama2-70B,20,4,5,32,32,3456,0.1470455,0.0134763675580705,0.026167,0.1866888675580705,0.0311635,15.116272904645646,264.61549253789207,953.4311644999536,324.1959680846928,1.0
Llama2-70B,20,4,5,32,32,3584,0.1491895,0.0134763675580705,0.027047,0.1897128675580706,0.0311635,15.358192904645648,260.4473081458726,956.2537370577388,320.4829217397132,1.0
Llama2-70B,20,4,5,32,32,3712,0.151368,0.0134763675580705,0.027927,0.1927713675580706,0.0311635,15.602872904645649,256.363044449912,959.077079493545,316.8031154185644,1.0
Llama2-70B,20,4,5,32,32,3840,0.153429,0.0134763675580705,0.028807,0.1957123675580706,0.0311635,15.838152904645646,252.55470281681144,961.8977631977964,313.466738099641,1.0
Llama2-70B,20,4,5,32,32,3968,0.1555575,0.0134763675580705,0.029687,0.1987208675580705,0.0311635,16.078832904645644,248.7742750808912,964.7199781448512,310.0846883450978,1.0
Llama2-70B,20,4,5,32,32,4096,0.1577015,0.0134763675580705,0.030567,0.2017448675580705,0.0311635,16.320752904645648,245.08673241792744,967.5425507026364,306.7639022782395,1.0
Llama2-70B,20,5,4,32,32,128,0.0767615,0.0130931948416573,0.003287,0.0931416948416573,0.0339355,7.635271087332589,654.8555961942628,731.4363109562772,595.5429405987027,1.0
Llama2-70B,20,5,4,32,32,256,0.0788225,0.0130931948416573,0.004167,0.0960826948416573,0.0339355,7.870551087332591,635.279530558838,734.2537512405742,582.2050740909749,1.0
Llama2-70B,20,5,4,32,32,384,0.080951,0.0130931948416573,0.0050469999999999,0.0990911948416573,0.0339355,8.11123108733259,616.4292381964758,737.072722767674,569.073206915043,1.0
Llama2-70B,20,5,4,32,32,512,0.083095,0.0130931948416573,0.005927,0.1021151948416573,0.0339355,8.353151087332591,598.5765069642297,739.8920519055048,556.5106594150557,1.0
Llama2-70B,20,5,4,32,32,640,0.0852735,0.0130931948416573,0.0068069999999999,0.1051736948416573,0.0339355,8.59783108733259,581.5420132371095,742.7121509213566,544.3603163067633,1.0
Llama2-70B,20,5,4,32,32,768,0.0873345,0.0130931948416573,0.0076869999999999,0.1081146948416573,0.0339355,8.83311108733259,566.0519776741417,745.5295912056534,533.5302709737084,1.0
Llama2-70B,20,5,4,32,32,896,0.089463,0.0130931948416573,0.008567,0.1111231948416573,0.0339355,9.07379108733259,551.0375929836227,748.348562732753,522.8059104970442,1.0
Llama2-70B,20,5,4,32,32,1024,0.091607,0.0130931948416573,0.0094469999999999,0.1141471948416573,0.0339355,9.31571108733259,536.7276800585787,751.1678918705837,512.4935129620169,1.0
Llama2-70B,20,5,4,32,32,1152,0.098964,0.0130931948416573,0.010327,0.1223841948416573,0.0339355,9.97467108733259,501.2696615480172,763.1400701157422,481.9556038785204,1.0
Llama2-70B,20,5,4,32,32,1280,0.101025,0.0130931948416573,0.011207,0.1253251948416573,0.0339355,10.209951087332591,489.7183108157552,765.9575104000392,473.866314278668,1.0
Llama2-70B,20,5,4,32,32,1408,0.1031535,0.0130931948416573,0.012087,0.1283336948416573,0.0339355,10.450631087332589,478.4400059878294,768.7764819271391,465.7964113718506,1.0
Llama2-70B,20,5,4,32,32,1536,0.1052975,0.0130931948416573,0.012967,0.1313576948416573,0.0339355,10.69255108733259,467.6152546910413,771.5958110649698,457.9855950194504,1.0
Llama2-70B,20,5,4,32,32,1664,0.107476,0.0130931948416573,0.013847,0.1344161948416573,0.0339355,10.93723108733259,457.1540968710955,774.4159100808213,450.3423497343718,1.0
Llama2-70B,20,5,4,32,32,1792,0.109537,0.0130931948416573,0.014727,0.1373571948416573,0.0339355,11.172511087332593,447.5269669384358,777.2333503651183,443.476491028784,1.0
Llama2-70B,20,5,4,32,32,1920,0.1116655,0.0130931948416573,0.015607,0.1403656948416573,0.0339355,11.41319108733259,438.08957212233656,780.0523218922184,436.6010103233642,1.0
Llama2-70B,20,5,4,32,32,2048,0.1138095,0.0130931948416573,0.0164869999999999,0.1433896948416573,0.0339355,11.655111087332587,428.9963401064682,782.871651030049,429.9243752883375,1.0
Llama2-70B,20,5,4,32,32,2176,0.124446,0.0130931948416573,0.017367,0.1549061948416573,0.0339355,12.576431087332589,397.5690691007063,799.5982310195208,401.578913253299,1.0
Llama2-70B,20,5,4,32,32,2304,0.126507,0.0130931948416573,0.018247,0.1578471948416573,0.0339355,12.81171108733259,390.2679326685476,802.4156713038176,396.428493731482,1.0
Llama2-70B,20,5,4,32,32,2432,0.1286355,0.0130931948416573,0.019127,0.1608556948416573,0.0339355,13.052391087332593,383.0715741311586,805.2346428309174,391.23853972606577,1.0
Llama2-70B,20,5,4,32,32,2560,0.1307795,0.0130931948416573,0.020007,0.1638796948416573,0.0339355,13.294311087332588,376.1007221174645,808.053971968748,386.1719401591744,1.0
Llama2-70B,20,5,4,32,32,2688,0.132958,0.0130931948416573,0.020887,0.1669381948416573,0.0339355,13.538991087332588,369.3037367221641,810.8740709846,381.1702149290567,1.0
Llama2-70B,20,5,4,32,32,2816,0.135019,0.0130931948416573,0.021767,0.1698791948416573,0.0339355,13.77427108733259,362.9956146716333,813.6915112688971,376.6560221472982,1.0
Llama2-70B,20,5,4,32,32,2944,0.1371475,0.0130931948416573,0.022647,0.1728876948416573,0.0339355,14.014951087332587,356.76185873522235,816.5104827959972,372.0950449315503,1.0
Llama2-70B,20,5,4,32,32,3072,0.1392915,0.0130931948416573,0.023527,0.1759116948416573,0.0339355,14.25687108733259,350.70808800695147,819.3298119338273,367.6327216367416,1.0
Llama2-70B,20,5,4,32,32,3200,0.14662,0.0130931948416573,0.024407,0.1841201948416573,0.0339355,14.91355108733259,335.26555618580653,831.1157766677323,354.28138072386633,1.0
Llama2-70B,20,5,4,32,32,3328,0.148681,0.0130931948416573,0.025287,0.1870611948416573,0.0339355,15.14883108733259,330.0584692756252,833.9332169520295,350.5547182188836,1.0
Llama2-70B,20,5,4,32,32,3456,0.1508095,0.0130931948416573,0.026167,0.1900696948416573,0.0339355,15.38951108733259,324.89661118055915,836.7521884791294,346.77531441948673,1.0
Llama2-70B,20,5,4,32,32,3584,0.1529535,0.0130931948416573,0.027047,0.1930936948416573,0.0339355,15.631431087332588,319.86834551904235,839.5715176169596,343.0664865534949,1.0
Llama2-70B,20,5,4,32,32,3712,0.155132,0.0130931948416573,0.027927,0.1961521948416573,0.0339355,15.876111087332587,314.93858744724054,842.391616632812,339.3850143074977,1.0
Llama2-70B,20,5,4,32,32,3840,0.157193,0.0130931948416573,0.028807,0.1990931948416573,0.0339355,16.11139108733259,310.339434558894,845.2090569171089,336.0554608495244,1.0
Llama2-70B,20,5,4,32,32,3968,0.1593215,0.0130931948416573,0.029687,0.2021016948416573,0.0339355,16.352071087332586,305.7716648427083,848.0280284442084,332.6716844729872,1.0
Llama2-70B,20,5,4,32,32,4096,0.1614655,0.0130931948416573,0.030567,0.2051256948416573,0.0339355,16.593991087332586,301.3138896896761,850.8473575820391,329.34564875392846,1.0
Llama2-70B,20,10,2,32,32,128,0.1236895,0.0114753544834681,0.003287,0.1384518544834682,0.0633115,11.289459858677455,885.781970544292,679.7273435243529,686.9291082957253,1.0
Llama2-70B,20,10,2,32,32,256,0.1257505,0.0114753544834681,0.004167,0.1413928544834682,0.0633115,11.524739858677457,867.6985444032027,682.5382969687407,678.4647943435026,1.0
Llama2-70B,20,10,2,32,32,384,0.127879,0.0114753544834681,0.0050469999999999,0.1444013544834682,0.0633115,11.765419858677454,849.9484183409411,685.3507816559317,669.921157555122,1.0
Llama2-70B,20,10,2,32,32,512,0.130023,0.0114753544834681,0.005927,0.1474253544834682,0.0633115,12.007339858677454,832.8239325026857,688.163623953853,661.5787437163551,1.0
Llama2-70B,20,10,2,32,32,640,0.1322015,0.0114753544834681,0.0068069999999999,0.1504838544834682,0.0633115,12.252019858677455,816.1919516411434,690.9772361297953,653.3371748143892,1.0
Llama2-70B,20,10,2,32,32,768,0.1342625,0.0114753544834681,0.0076869999999999,0.1534248544834682,0.0633115,12.487299858677456,800.8136357077207,693.7881895741833,645.9251369278313,1.0
Llama2-70B,20,10,2,32,32,896,0.136391,0.0114753544834681,0.008567,0.1564333544834682,0.0633115,12.727979858677456,785.6706335988093,696.6006742613741,638.4225079563296,1.0
Llama2-70B,20,10,2,32,32,1024,0.138535,0.0114753544834681,0.0094469999999999,0.1594573544834682,0.0633115,12.969899858677456,771.0159761418313,699.4135165592957,631.0801571437684,1.0
Llama2-70B,20,10,2,32,32,1152,0.1492,0.0114753544834681,0.010327,0.1710023544834682,0.0633115,13.893499858677457,719.7610466562394,716.3198232201113,600.1339001508976,1.0
Llama2-70B,20,10,2,32,32,1280,0.151261,0.0114753544834681,0.011207,0.1739433544834682,0.0633115,14.128779858677456,707.7752006913967,719.1307766644992,594.2797355766683,1.0
Llama2-70B,20,10,2,32,32,1408,0.1533895,0.0114753544834681,0.012087,0.1769518544834682,0.0633115,14.36945985867746,695.920382418632,721.94326135169,588.3251961116061,1.0
Llama2-70B,20,10,2,32,32,1536,0.1555335,0.0114753544834681,0.012967,0.1799758544834682,0.0633115,14.611379858677456,684.398058001426,724.7561036496112,582.4758843348951,1.0
Llama2-70B,20,10,2,32,32,1664,0.157712,0.0114753544834681,0.013847,0.1830343544834682,0.0633115,14.856059858677456,673.1259900086482,727.5697158255543,576.6600796273859,1.0
Llama2-70B,20,10,2,32,32,1792,0.159773,0.0114753544834681,0.014727,0.1859753544834682,0.0633115,15.091339858677454,662.6316876861033,730.3806692699421,571.4206008445906,1.0
Llama2-70B,20,10,2,32,32,1920,0.1619015,0.0114753544834681,0.015607,0.1889838544834682,0.0633115,15.332019858677455,652.2297839537629,733.1931539571326,566.0796487039441,1.0
Llama2-70B,20,10,2,32,32,2048,0.1640455,0.0114753544834681,0.0164869999999999,0.1920078544834682,0.0633115,15.573939858677456,642.0982802516871,736.0059962550542,560.8245854466096,1.0
Llama2-70B,20,10,2,32,32,2176,0.174682,0.0114753544834681,0.017367,0.2035243544834682,0.0633115,16.495259858677457,606.2347659675954,752.7260894046169,538.6402787670004,1.0
Llama2-70B,20,10,2,32,32,2304,0.176743,0.0114753544834681,0.018247,0.2064653544834682,0.0633115,16.730539858677457,597.7093437790893,755.5370428490049,534.3472180291475,1.0
Llama2-70B,20,10,2,32,32,2432,0.1788715,0.0114753544834681,0.019127,0.2094738544834682,0.0633115,16.971219858677454,589.2328355458172,758.3495275361959,529.9541343479785,1.0
Llama2-70B,20,10,2,32,32,2560,0.1810155,0.0114753544834681,0.020007,0.2124978544834682,0.0633115,17.213139858677454,580.9515336598407,761.162369834117,525.6196084272598,1.0
Llama2-70B,20,10,2,32,32,2688,0.183194,0.0114753544834681,0.020887,0.2155563544834682,0.0633115,17.457819858677457,572.8092099099919,763.9759820100599,521.2888945667298,1.0
Llama2-70B,20,10,2,32,32,2816,0.185255,0.0114753544834681,0.021767,0.2184973544834682,0.0633115,17.693099858677456,565.1920850430045,766.7869354544479,517.3861268619253,1.0
Llama2-70B,20,10,2,32,32,2944,0.1873835,0.0114753544834681,0.022647,0.2215058544834682,0.0633115,17.933779858677457,557.6069338869123,769.5994201416383,513.3852634714627,1.0
Llama2-70B,20,10,2,32,32,3072,0.1895275,0.0114753544834681,0.023527,0.2245298544834681,0.0633115,18.17569985867745,550.1851415765866,772.41226243956,509.4328411705159,1.0
Llama2-70B,20,10,2,32,32,3200,0.200164,0.0114753544834681,0.024407,0.2360463544834682,0.0633115,19.09701985867746,523.6419124032129,789.1323555891224,492.8036232721182,1.0
Llama2-70B,20,10,2,32,32,3328,0.202225,0.0114753544834681,0.025287,0.2389873544834682,0.0633115,19.33229985867745,517.2690302292938,791.9433090335104,489.5186729098222,1.0
Llama2-70B,20,10,2,32,32,3456,0.2043535,0.0114753544834681,0.026167,0.2419958544834682,0.0633115,19.572979858677456,510.908409051809,794.755793720701,486.1403118375152,1.0
Llama2-70B,20,10,2,32,32,3584,0.2064975,0.0114753544834681,0.027047,0.2450198544834682,0.0633115,19.814899858677453,504.6707311831679,797.5686360186224,482.7955762289025,1.0
Llama2-70B,20,10,2,32,32,3712,0.208676,0.0114753544834681,0.027927,0.2480783544834682,0.0633115,20.059579858677456,498.5149275533884,800.3822481945655,479.44076474688353,1.0
Llama2-70B,20,10,2,32,32,3840,0.210737,0.0114753544834681,0.028807,0.2510193544834682,0.0633115,20.29485985867746,492.73560249416096,803.1932016389532,476.4191869717666,1.0
Llama2-70B,20,10,2,32,32,3968,0.2128655,0.0114753544834681,0.029687,0.2540278544834682,0.0633115,20.535539858677456,486.9606579042245,806.0056863261439,473.306904081535,1.0
Llama2-70B,20,10,2,32,32,4096,0.2150095,0.0114753544834681,0.030567,0.2570518544834682,0.0633115,20.777459858677453,481.29078665136353,808.8185286240653,470.222553319775,1.0
Llama2-70B,20,20,1,32,32,128,0.2196135,0.0083673980058942,0.003287,0.2312678980058942,0.1213595,18.77279134047154,1065.371666752763,659.9146444941874,751.222766922556,1.0
Llama2-70B,20,20,1,32,32,256,0.2216745,0.0083673980058942,0.004167,0.2342088980058942,0.1213595,19.00807134047154,1052.1846031488988,662.7223545186207,747.4048148508516,1.0
Llama2-70B,20,20,1,32,32,384,0.223803,0.0083673980058942,0.0050469999999999,0.2372173980058942,0.1213595,19.24875134047154,1039.028435987373,664.315540565909,742.0762239178082,1.0
Llama2-70B,20,20,1,32,32,512,0.225947,0.0083673980058942,0.005927,0.2402413980058942,0.1213595,19.49067134047154,1026.1319197595242,668.3411946638237,739.4889007862722,1.0
Llama2-70B,20,20,1,32,32,640,0.2314335,0.0083673980058942,0.0068069999999999,0.2466078980058942,0.1213595,19.99999134047154,1000.0004329766105,676.0921786753787,730.3309359658155,1.0
Llama2-70B,20,20,1,32,32,768,0.2334945,0.0083673980058942,0.0076869999999999,0.2495488980058942,0.1213595,20.23527134047153,988.3732055521796,678.8998886998116,726.8906641267907,1.0
Llama2-70B,20,20,1,32,32,896,0.235623,0.0083673980058942,0.008567,0.2525573980058943,0.1213595,20.475951340471543,976.7555933027244,680.4931966813489,722.0148252519369,1.0
Llama2-70B,20,20,1,32,32,1024,0.237767,0.0083673980058942,0.0094469999999999,0.2555813980058942,0.1213595,20.71787134047154,965.3501400470034,684.5187288450148,719.7368945701197,1.0
Llama2-70B,20,20,1,32,32,1152,0.248432,0.0083673980058942,0.010327,0.2671263980058942,0.1213595,21.641471340471536,924.1515831041564,701.4217920858762,705.8488762376383,1.0
Llama2-70B,20,20,1,32,32,1280,0.250493,0.0083673980058942,0.011207,0.2700673980058943,0.1213595,21.876751340471543,914.2125212622592,704.2295021103096,702.8434947386845,1.0
Llama2-70B,20,20,1,32,32,1408,0.2526215,0.0083673980058942,0.012087,0.2730758980058942,0.1213595,22.11743134047154,904.2641386390578,705.8228100918463,698.498356327397,1.0
Llama2-70B,20,20,1,32,32,1536,0.2547655,0.0083673980058942,0.012967,0.2760998980058942,0.1213595,22.359351340471537,894.4803315380176,709.8483422555121,696.5703188378253,1.0
Llama2-70B,20,20,1,32,32,1664,0.260252,0.0083673980058942,0.013847,0.2824663980058942,0.1213595,22.86867134047154,874.5588977268328,717.5993262670673,689.3312311404592,1.0
Llama2-70B,20,20,1,32,32,1792,0.262313,0.0083673980058942,0.014727,0.2854073980058942,0.1213595,23.10395134047154,865.6527926877036,720.4070362915005,686.5910537139795,1.0
Llama2-70B,20,20,1,32,32,1920,0.2644415,0.0083673980058942,0.015607,0.2884158980058942,0.1213595,23.344631340471537,856.7280291690406,722.0003442730376,682.570950732995,1.0
Llama2-70B,20,20,1,32,32,2048,0.2665855,0.0083673980058942,0.0164869999999999,0.2914398980058942,0.1213595,23.586551340471534,847.940833371538,726.0258764367035,680.8564948550311,1.0
Llama2-70B,20,20,1,32,32,2176,0.277222,0.0083673980058942,0.017367,0.3029563980058943,0.1213595,24.507871340471542,816.0643461095952,742.7427261663119,669.8086066097851,1.0
Llama2-70B,20,20,1,32,32,2304,0.279283,0.0083673980058942,0.018247,0.3058973980058942,0.1213595,24.74315134047154,808.3044768548407,745.550436190745,667.3789992505317,1.0
Llama2-70B,20,20,1,32,32,2432,0.2814115,0.0083673980058942,0.019127,0.3089058980058942,0.1213595,24.98383134047154,800.5177319461734,747.1437441722818,663.7466345301112,1.0
Llama2-70B,20,20,1,32,32,2560,0.2835555,0.0083673980058942,0.020007,0.3119298980058942,0.1213595,25.22575134047154,792.8406068093012,751.169276335948,662.2771171216463,1.0
Llama2-70B,20,20,1,32,32,2688,0.289042,0.0083673980058942,0.020887,0.3182963980058942,0.1213595,25.73507134047154,777.1495845262166,758.920260347503,656.4100202976582,1.0
Llama2-70B,20,20,1,32,32,2816,0.291103,0.0083673980058942,0.021767,0.3212373980058942,0.1213595,25.97035134047153,770.1089499252367,761.7279703719363,654.1739267303464,1.0
Llama2-70B,20,20,1,32,32,2944,0.2932315,0.0083673980058942,0.022647,0.3242458980058942,0.1213595,26.211031340471536,763.0375066210654,763.3212783534732,650.7838332115352,1.0
Llama2-70B,20,20,1,32,32,3072,0.2953755,0.0083673980058942,0.023527,0.3272698980058943,0.1213595,26.452951340471543,756.0593047854404,767.346810517139,649.4672125118188,1.0
Llama2-70B,20,20,1,32,32,3200,0.306012,0.0083673980058942,0.024407,0.3387863980058943,0.1213595,27.37427134047154,730.6130545447968,784.0636602467476,640.5497662238305,1.0
Llama2-70B,20,20,1,32,32,3328,0.308073,0.0083673980058942,0.025287,0.3417273980058942,0.1213595,27.609551340471537,724.3869975780065,786.8713702711809,638.5429510791117,1.0
Llama2-70B,20,20,1,32,32,3456,0.3102015,0.0083673980058942,0.026167,0.3447358980058942,0.1213595,27.85023134047154,718.1268893424342,788.4646782527178,635.4455718724101,1.0
Llama2-70B,20,20,1,32,32,3584,0.3123455,0.0083673980058942,0.027047,0.3477598980058942,0.1213595,28.09215134047154,711.9426261664263,792.4902104163838,634.3057691053526,1.0
Llama2-70B,20,20,1,32,32,3712,0.317832,0.0083673980058942,0.027927,0.3541263980058942,0.1213595,28.601471340471537,699.2647252975297,800.2411944279389,629.4529770664523,1.0
Llama2-70B,20,20,1,32,32,3840,0.319893,0.0083673980058942,0.028807,0.3570673980058942,0.1213595,28.83675134047154,693.5594014687287,803.0489044523721,627.5918076140864,1.0
Llama2-70B,20,20,1,32,32,3968,0.3220215,0.0083673980058942,0.029687,0.3600758980058943,0.1213595,29.07743134047154,687.8186647856655,804.642212433909,624.6805045889085,1.0
Llama2-70B,20,20,1,32,32,4096,0.3241655,0.0083673980058942,0.030567,0.3630998980058942,0.1213595,29.31935134047154,682.1433314724331,808.667744597575,623.653461424469,1.0
Llama2-70B,20,80,1,32,8,128,0.826453,0.0009122856358119,0.013148,0.840513285635812,0.4731,67.86416285086496,1178.8254159386624,631.4092680029022,763.9990029716174,1.0
Llama2-70B,20,80,1,32,8,256,0.836513,0.0009122856358119,0.016668,0.8540932856358119,0.4731,68.95056285086496,1160.2515874023272,633.7864567335295,757.6528478738878,1.0
Llama2-70B,20,80,1,32,8,384,0.846573,0.0009122856358119,0.0201879999999999,0.8676732856358119,0.4731,70.03696285086497,1142.2539862322426,636.1636454641572,751.4575180925414,1.0
Llama2-70B,20,80,1,32,8,512,0.856633,0.0009122856358119,0.023708,0.8812532856358118,0.4731,71.12336285086495,1124.806207037033,638.5408341947847,745.4076999074098,1.0
Llama2-70B,20,80,1,32,8,640,0.866693,0.0009122856358119,0.0272279999999999,0.894833285635812,0.4731,72.20976285086496,1107.8834335077963,640.9180229254117,739.4983263109447,1.0
Llama2-70B,20,80,1,32,8,768,0.876753,0.0009122856358119,0.0307479999999999,0.908413285635812,0.4731,73.29616285086496,1091.4623206507451,643.2952116560392,733.7245628541207,1.0
Llama2-70B,20,80,1,32,8,896,0.886813,0.0009122856358119,0.034268,0.9219932856358118,0.4731,74.38256285086496,1075.5208873401937,645.6724003866664,728.0817944557268,1.0
Llama2-70B,20,80,1,32,8,1024,0.896873,0.0009122856358119,0.0377879999999999,0.935573285635812,0.4731,75.46896285086497,1060.0384181519607,648.049589117294,722.5656130993956,1.0
Llama2-70B,20,80,1,32,8,1152,0.912177,0.0009122856358119,0.041308,0.954397285635812,0.4731,76.97488285086496,1039.300055253037,652.8017690135376,715.6525203042144,1.0
Llama2-70B,20,80,1,32,8,1280,0.922237,0.0009122856358119,0.044828,0.967977285635812,0.4731,78.06128285086496,1024.835835107129,655.1789577441649,710.4236305246536,1.0
Llama2-70B,20,80,1,32,8,1408,0.932297,0.0009122856358119,0.048348,0.981557285635812,0.4731,79.14768285086497,1010.768693642504,657.5561464747923,705.3075859675535,1.0
Llama2-70B,20,80,1,32,8,1536,0.942357,0.0009122856358119,0.051868,0.995137285635812,0.4731,80.23408285086497,997.0825010700244,659.9333352054197,700.3007726428726,1.0
Llama2-70B,20,80,1,32,8,1664,0.952417,0.0009122856358119,0.055388,1.008717285635812,0.4731,81.32048285086496,983.7619895434386,662.310523936047,695.399729253097,1.0
Llama2-70B,20,80,1,32,8,1792,0.962477,0.0009122856358119,0.058908,1.022297285635812,0.4731,82.40688285086496,970.7926963428432,664.6877126666743,690.6011392133779,1.0
Llama2-70B,20,80,1,32,8,1920,0.972537,0.0009122856358119,0.062428,1.0358772856358118,0.4731,83.49328285086496,958.1609114938668,667.0649013973018,685.9018231669353,1.0
Llama2-70B,20,80,1,32,8,2048,0.982597,0.0009122856358119,0.0659479999999999,1.049457285635812,0.4731,84.57968285086497,945.853629423746,669.4420901279291,681.298731960233,1.0
Llama2-70B,20,80,1,32,8,2176,0.997901,0.0009122856358119,0.069468,1.068281285635812,0.4731,86.08560285086496,929.3075421518778,674.1942700241729,675.6123804106547,1.0
Llama2-70B,20,80,1,32,8,2304,1.007961,0.0009122856358119,0.072988,1.081861285635812,0.4731,87.17200285086497,917.7258452678328,676.5714587548002,671.2278141265388,1.0
Llama2-70B,20,80,1,32,8,2432,1.018021,0.0009122856358119,0.076508,1.095441285635812,0.4731,88.25840285086497,906.4292737676247,678.9486474854275,666.9299036910116,1.0
Llama2-70B,20,80,1,32,8,2560,1.028081,0.0009122856358119,0.080028,1.109021285635812,0.4731,89.34480285086497,895.4074265912994,681.3258362160548,662.7161052641328,1.0
Llama2-70B,20,80,1,32,8,2688,1.038141,0.0009122856358119,0.083548,1.122601285635812,0.4731,90.43120285086496,884.6504024936213,683.7030249466821,658.5839736092516,1.0
Llama2-70B,20,80,1,32,8,2816,1.048201,0.0009122856358119,0.087068,1.1361812856358118,0.4731,91.51760285086496,874.1487703777187,686.0802136773095,654.5311573613358,1.0
Llama2-70B,20,80,1,32,8,2944,1.058261,0.0009122856358119,0.090588,1.1497612856358117,0.4731,92.60400285086494,863.8935417169473,688.4574024079371,650.5553945651753,1.0
Llama2-70B,20,80,1,32,8,3072,1.068321,0.0009122856358119,0.094108,1.163341285635812,0.4731,93.69040285086496,853.8761448954687,690.8345911385643,646.6545084656805,1.0
Llama2-70B,20,80,1,32,8,3200,1.083625,0.0009122856358119,0.097628,1.182165285635812,0.4731,95.19632285086496,840.3685941244642,695.5867710348078,641.9072751503592,1.0
Llama2-70B,20,80,1,32,8,3328,1.093685,0.0009122856358119,0.101148,1.195745285635812,0.4731,96.28272285086496,830.8863483629796,697.9639597654352,638.1764034118007,1.0
Llama2-70B,20,80,1,32,8,3456,1.103745,0.0009122856358119,0.104668,1.209325285635812,0.4731,97.36912285086495,821.6156996970353,700.3411484960628,634.5135411676272,1.0
Llama2-70B,20,80,1,32,8,3584,1.113805,0.0009122856358119,0.108188,1.2229052856358118,0.4731,98.45552285086497,812.5496435703219,702.71833722669,630.9168456118355,1.0
Llama2-70B,20,80,1,32,8,3712,1.123865,0.0009122856358119,0.111708,1.2364852856358115,0.4731,99.54192285086496,803.6814812172865,705.0955259573176,627.3845399201126,1.0
Llama2-70B,20,80,1,32,8,3840,1.133925,0.0009122856358119,0.115228,1.250065285635812,0.4731,100.62832285086498,795.0048031562949,707.4727146879447,623.9149103229443,1.0
Llama2-70B,20,80,1,32,8,3968,1.143985,0.0009122856358119,0.118748,1.263645285635812,0.4731,101.71472285086496,786.5134737406374,709.8499034185721,620.5063033331489,1.0
Llama2-70B,20,80,1,32,8,4096,1.154045,0.0009122856358119,0.122268,1.277225285635812,0.4731,102.80112285086496,778.2016166891206,712.2270921491995,617.1571231184222,1.0
Llama2-70B,32,1,32,32,32,128,0.0389315,0.024571346435546874,0.003287,0.06678984643554688,0.0100555,5.50324321484375,181.71103128837316,1772.955286728616,569.2547444641922,1.0
Llama2-70B,32,1,32,32,32,256,0.0409925,0.024571346435546874,0.0041670000000000006,0.06973084643554688,0.0100555,5.738523214843751,174.2608616470027,1775.863542771641,541.5208705164481,1.0
Llama2-70B,32,1,32,32,32,384,0.043121,0.024571346435546874,0.005046999999999999,0.07273934643554687,0.0100555,5.97920321484375,167.24636445161067,1778.7733300574682,515.6342994299381,1.0
Llama2-70B,32,1,32,32,32,512,0.045265,0.024571346435546874,0.005927,0.07576334643554687,0.0100555,6.22112321484375,160.74267708023783,1781.6834749540265,492.0146567309252,1.0
Llama2-70B,32,1,32,32,32,640,0.0474435,0.024571346435546874,0.006806999999999999,0.07882184643554686,0.0100555,6.465803214843749,154.65982597556763,1784.5943897286065,470.18938045480576,1.0
Llama2-70B,32,1,32,32,32,768,0.0495045,0.024571346435546874,0.007686999999999999,0.08176284643554688,0.0100555,6.7010832148437505,149.22960481745295,1787.502645771631,451.34852532891733,1.0
Llama2-70B,32,1,32,32,32,896,0.051633,0.024571346435546874,0.008567,0.08477134643554687,0.0100555,6.94176321484375,144.05561945150686,1790.412433057459,433.44673780756955,1.0
Llama2-70B,32,1,32,32,32,1024,0.053777,0.024571346435546874,0.009446999999999999,0.08779534643554687,0.0100555,7.18368321484375,139.20435660827656,1793.3225779540182,416.8423717281592,1.0
Llama2-70B,32,1,32,32,32,1152,0.061134,0.024571346435546874,0.010327,0.09603234643554688,0.0100555,7.842643214843751,127.50803174461673,1805.3855719579033,369.1451508076322,1.0
Llama2-70B,32,1,32,32,32,1280,0.063195,0.024571346435546874,0.011207,0.09897334643554687,0.0100555,8.07792321484375,123.79419479531941,1808.2938280009284,357.6813489993132,1.0
Llama2-70B,32,1,32,32,32,1408,0.0653235,0.024571346435546874,0.012087,0.10198184643554688,0.0100555,8.318603214843751,120.21248930536748,1811.2036152867563,346.58346829371413,1.0
Llama2-70B,32,1,32,32,32,1536,0.0674675,0.024571346435546874,0.012967,0.10500584643554686,0.0100555,8.56052321484375,116.81528977878631,1814.1137601833143,336.10882280048054,1.0
Llama2-70B,32,1,32,32,32,1664,0.069646,0.024571346435546874,0.013847,0.10806434643554687,0.0100555,8.80520321484375,113.56921306645222,1817.0246749578941,326.11791685055374,1.0
Llama2-70B,32,1,32,32,32,1792,0.071707,0.024571346435546874,0.014727,0.11100534643554688,0.0100555,9.040483214843752,110.61355640349841,1819.932931000919,317.2516161255036,1.0
Llama2-70B,32,1,32,32,32,1920,0.0738355,0.024571346435546874,0.015607,0.11401384643554686,0.0100555,9.28116321484375,107.74511522442128,1822.8427182867465,308.5986277411859,1.0
Llama2-70B,32,1,32,32,32,2048,0.0759795,0.024571346435546874,0.016486999999999998,0.11703784643554688,0.0100555,9.52308321484375,105.00800816707003,1825.7528631833047,300.36932053766213,1.0
Llama2-70B,32,1,32,32,32,2176,0.083308,0.024571346435546874,0.017367,0.12524634643554686,0.0100555,10.17976321484375,98.2341120215682,1837.629643675938,275.7282679448459,1.0
Llama2-70B,32,1,32,32,32,2304,0.085369,0.024571346435546874,0.018247000000000003,0.12818734643554688,0.0100555,10.41504321484375,96.01496406416997,1840.5378997189625,269.49740241173066,1.0
Llama2-70B,32,1,32,32,32,2432,0.0874975,0.024571346435546874,0.019127,0.13119584643554688,0.0100555,10.655723214843752,93.84628146186915,1843.4476870047904,263.3571940633717,1.0
Llama2-70B,32,1,32,32,32,2560,0.0896415,0.024571346435546874,0.020007,0.13421984643554688,0.0100555,10.89764321484375,91.76296014517098,1846.3578319013488,257.4641533080866,1.0
Llama2-70B,32,1,32,32,32,2688,0.09182,0.024571346435546874,0.020887000000000003,0.13727834643554687,0.0100555,11.142323214843751,89.74789015883192,1849.2687466759285,251.75189864353197,1.0
Llama2-70B,32,1,32,32,32,2816,0.093881,0.024571346435546874,0.021767,0.14021934643554687,0.0100555,11.37760321484375,87.89197347780186,1852.177002718953,246.61233406106572,1.0
Llama2-70B,32,1,32,32,32,2944,0.0960095,0.024571346435546874,0.022647,0.14322784643554687,0.0100555,11.61828321484375,86.07123630127901,1855.0867900047806,241.52385831672655,1.0
Llama2-70B,32,1,32,32,32,3072,0.0981535,0.024571346435546874,0.023527000000000003,0.14625184643554687,0.0100555,11.86020321484375,84.31558733736033,1857.9969349013393,236.61878268494488,1.0
Llama2-70B,32,1,32,32,32,3200,0.105482,0.024571346435546874,0.024407,0.1544603464355469,0.0100555,12.516883214843753,79.89209317013531,1869.8737153939721,221.58682469449434,1.0
Llama2-70B,32,1,32,32,32,3328,0.107543,0.024571346435546874,0.025287,0.15740134643554687,0.0100555,12.75216321484375,78.41806783307022,1872.7819714369973,217.6782742062475,1.0
Llama2-70B,32,1,32,32,32,3456,0.1096715,0.024571346435546874,0.026167000000000003,0.16040984643554687,0.0100555,12.99284321484375,76.96544809049524,1875.6917587228245,213.78523120441778,1.0
Llama2-70B,32,1,32,32,32,3584,0.1118155,0.024571346435546874,0.027047,0.16343384643554687,0.0100555,13.23476321484375,75.558586411159,1878.6019036193834,210.01134722147003,1.0
Llama2-70B,32,1,32,32,32,3712,0.113994,0.024571346435546874,0.027927,0.1664923464355469,0.0100555,13.479443214843752,74.18704052247395,1881.512818393963,206.317088881209,1.0
Llama2-70B,32,1,32,32,32,3840,0.116055,0.024571346435546874,0.028807000000000003,0.1694333464355469,0.0100555,13.714723214843751,72.91434062028155,1884.421074436988,202.96638171954976,1.0
Llama2-70B,32,1,32,32,32,3968,0.1181835,0.024571346435546874,0.029687,0.17244184643554686,0.0100555,13.955403214843749,71.65683317099315,1887.3308617228158,199.61869272390132,1.0
Llama2-70B,32,1,32,32,32,4096,0.1203275,0.024571346435546874,0.030567,0.17546584643554688,0.0100555,14.19732321484375,70.43581278437532,1890.2410066193745,196.36419424273058,1.0
Llama2-70B,32,2,16,32,32,128,0.0426955,0.023975299987792967,0.003287,0.06995779998779296,0.0119035,5.758527499023437,347.31100968766253,1091.7542913366444,639.2677749040556,1.0
Llama2-70B,32,2,16,32,32,256,0.0447565,0.023975299987792967,0.0041670000000000006,0.07289879998779297,0.0119035,5.993807499023438,333.677716597648,1094.610652660396,611.4255206843678,1.0
Llama2-70B,32,2,16,32,32,384,0.046885,0.023975299987792967,0.005046999999999999,0.07590729998779297,0.0119035,6.234487499023438,320.7962162588789,1097.4685452269512,585.1917165548422,1.0
Llama2-70B,32,2,16,32,32,512,0.049029,0.023975299987792967,0.005927,0.07893129998779297,0.0119035,6.476407499023438,308.8131808107466,1100.3267954042365,561.0591667198171,1.0
Llama2-70B,32,2,16,32,32,640,0.0512075,0.023975299987792967,0.006806999999999999,0.08198979998779296,0.0119035,6.7210874990234375,297.57089165861873,1103.185815459543,538.586054513276,1.0
Llama2-70B,32,2,16,32,32,768,0.0532685,0.023975299987792967,0.007686999999999999,0.08493079998779297,0.0119035,6.956367499023438,287.5063745957596,1106.0421767832945,519.0882870661342,1.0
Llama2-70B,32,2,16,32,32,896,0.055397,0.023975299987792967,0.008567,0.08793929998779297,0.0119035,7.197047499023438,277.89173272392304,1108.9000693498492,500.4332677536008,1.0
Llama2-70B,32,2,16,32,32,1024,0.057541,0.023975299987792967,0.009446999999999999,0.09096329998779297,0.0119035,7.438967499023438,268.85451512761057,1111.758319527134,483.0287618946207,1.0
Llama2-70B,32,2,16,32,32,1152,0.064898,0.023975299987792967,0.010327,0.09920029998779296,0.0119035,8.097927499023436,246.97677279046874,1123.7694188117473,432.8983246062081,1.0
Llama2-70B,32,2,16,32,32,1280,0.066959,0.023975299987792967,0.011207,0.10214129998779296,0.0119035,8.333207499023437,240.0036240828491,1126.6257801354996,420.64016044725105,1.0
Llama2-70B,32,2,16,32,32,1408,0.0690875,0.023975299987792967,0.012087,0.10514979998779296,0.0119035,8.573887499023439,233.26641505709037,1129.4836727020543,408.7149168453244,1.0
Llama2-70B,32,2,16,32,32,1536,0.0712315,0.023975299987792967,0.012967,0.10817379998779297,0.0119035,8.815807499023439,226.86520777836265,1132.3419228793393,397.416144149477,1.0
Llama2-70B,32,2,16,32,32,1664,0.07341,0.023975299987792967,0.013847,0.11123229998779297,0.0119035,9.060487499023438,220.7386744052751,1135.200942934646,386.59615274984543,1.0
Llama2-70B,32,2,16,32,32,1792,0.075471,0.023975299987792967,0.014727,0.11417329998779296,0.0119035,9.295767499023437,215.1516806127207,1138.0573042583978,376.98496914655885,1.0
Llama2-70B,32,2,16,32,32,1920,0.0775995,0.023975299987792967,0.015607,0.11718179998779296,0.0119035,9.536447499023438,209.72170194454552,1140.9151968249528,367.5652539078707,1.0
Llama2-70B,32,2,16,32,32,2048,0.0797435,0.023975299987792967,0.016486999999999998,0.12020579998779296,0.0119035,9.778367499023439,204.5331186621631,1143.7734470022376,358.57889577277064,1.0
Llama2-70B,32,2,16,32,32,2176,0.087072,0.023975299987792967,0.017367,0.12841429998779297,0.0119035,10.435047499023439,191.66180126991944,1155.5983327755978,331.7938983759412,1.0
Llama2-70B,32,2,16,32,32,2304,0.089133,0.023975299987792967,0.018247000000000003,0.13135529998779297,0.0119035,10.670327499023438,187.4356715089619,1158.4546940993496,324.923062754353,1.0
Llama2-70B,32,2,16,32,32,2432,0.0912615,0.023975299987792967,0.019127,0.13436379998779296,0.0119035,10.911007499023437,183.3011296325298,1161.3125866659043,318.1277391522998,1.0
Llama2-70B,32,2,16,32,32,2560,0.0934055,0.023975299987792967,0.020007,0.13738779998779296,0.0119035,11.152927499023438,179.3251144307288,1164.1708368431898,311.5905478915026,1.0
Llama2-70B,32,2,16,32,32,2688,0.095584,0.023975299987792967,0.020887000000000003,0.14044629998779296,0.0119035,11.397607499023437,175.47542325627225,1167.0298568984963,305.2367176772515,1.0
Llama2-70B,32,2,16,32,32,2816,0.097645,0.023975299987792967,0.021767,0.14338729998779295,0.0119035,11.632887499023438,171.92635965643927,1169.8862182222479,299.5253771883475,1.0
Llama2-70B,32,2,16,32,32,2944,0.0997735,0.023975299987792967,0.022647,0.14639579998779295,0.0119035,11.873567499023437,168.44137199409474,1172.7441107888028,293.8516015747674,1.0
Llama2-70B,32,2,16,32,32,3072,0.1019175,0.023975299987792967,0.023527000000000003,0.14941979998779295,0.0119035,12.115487499023438,165.07796324012625,1175.6023609660883,288.37107488068483,1.0
Llama2-70B,32,2,16,32,32,3200,0.109246,0.023975299987792967,0.024407,0.15762829998779299,0.0119035,12.772167499023439,156.59049258106896,1187.427246739448,271.7324311049027,1.0
Llama2-70B,32,2,16,32,32,3328,0.111307,0.023975299987792967,0.025287,0.16056929998779298,0.0119035,13.00744749902344,153.75806822592625,1190.2836080631996,267.3424870096219,1.0
Llama2-70B,32,2,16,32,32,3456,0.1134355,0.023975299987792967,0.026167000000000003,0.16357779998779295,0.0119035,13.248127499023438,150.96473068721798,1193.1415006297543,262.95593104225617,1.0
Llama2-70B,32,2,16,32,32,3584,0.1155795,0.023975299987792967,0.027047,0.16660179998779295,0.0119035,13.490047499023436,148.2574468432956,1195.9997508070398,258.69634122120254,1.0
Llama2-70B,32,2,16,32,32,3712,0.117758,0.023975299987792967,0.027927,0.16966029998779297,0.0119035,13.734727499023439,145.61628544448394,1198.858770862346,254.51747882571593,1.0
Llama2-70B,32,2,16,32,32,3840,0.119819,0.023975299987792967,0.028807000000000003,0.17260129998779297,0.0119035,13.970007499023438,143.1638458418729,1201.7151321860974,250.73551193594054,1.0
Llama2-70B,32,2,16,32,32,3968,0.1219475,0.023975299987792967,0.029687,0.17560979998779297,0.0119035,14.21068749902344,140.73914440363566,1204.5730247526526,246.94500189685164,1.0
Llama2-70B,32,2,16,32,32,4096,0.1240915,0.023975299987792967,0.030567,0.17863379998779297,0.0119035,14.452607499023438,138.3833332590773,1207.431274929938,243.25422670568454,1.0
Llama2-70B,32,4,8,32,32,128,0.0534235,0.022723602447509764,0.003287,0.07943410244750976,0.0192475,6.523975695800781,613.1230688941159,835.3761209972417,781.8433095896396,1.0
Llama2-70B,32,4,8,32,32,256,0.0554845,0.022723602447509764,0.0041670000000000006,0.08237510244750977,0.0192475,6.759255695800782,591.7811339028079,838.2065349613572,755.351976643348,1.0
Llama2-70B,32,4,8,32,32,384,0.057613,0.022723602447509764,0.005046999999999999,0.08538360244750975,0.0192475,6.99993569580078,571.4338207991791,841.0384801682753,729.903390005967,1.0
Llama2-70B,32,4,8,32,32,512,0.059757,0.022723602447509764,0.005927,0.08840760244750977,0.0192475,7.241855695800782,552.3446155271246,843.870782985924,706.0852979449473,1.0
Llama2-70B,32,4,8,32,32,640,0.0619355,0.022723602447509764,0.006806999999999999,0.09146610244750976,0.0192475,7.4865356958007805,534.292516930576,846.7038556815941,683.5367888219148,1.0
Llama2-70B,32,4,8,32,32,768,0.0639965,0.022723602447509764,0.007686999999999999,0.09440710244750976,0.0192475,7.721815695800781,518.0128816303204,849.5342696457093,663.734946165579,1.0
Llama2-70B,32,4,8,32,32,896,0.066125,0.022723602447509764,0.008567,0.09741560244750977,0.0192475,7.962495695800782,502.3550596215077,852.3662148526276,644.511315578546,1.0
Llama2-70B,32,4,8,32,32,1024,0.068269,0.022723602447509764,0.009446999999999999,0.10043960244750975,0.0192475,8.204415695800781,487.5423367501109,855.1985176702766,626.3446935433918,1.0
Llama2-70B,32,4,8,32,32,1152,0.075626,0.022723602447509764,0.010327,0.10867660244750976,0.0192475,8.863375695800782,451.2953232812965,867.183669595253,573.3369936233919,1.0
Llama2-70B,32,4,8,32,32,1280,0.077687,0.022723602447509764,0.011207,0.11161760244750976,0.0192475,9.098655695800781,439.62538354386606,870.014083559368,559.9483076701173,1.0
Llama2-70B,32,4,8,32,32,1408,0.0798155,0.022723602447509764,0.012087,0.11462610244750976,0.0192475,9.33933569580078,428.29598702598395,872.8460287662862,546.7898019596986,1.0
Llama2-70B,32,4,8,32,32,1536,0.0819595,0.022723602447509764,0.012967,0.11765010244750976,0.0192475,9.581255695800781,417.4818131357352,875.6783315839349,534.2140518084756,1.0
Llama2-70B,32,4,8,32,32,1664,0.084138,0.022723602447509764,0.013847,0.12070860244750976,0.0192475,9.825935695800782,407.08591261282555,878.5114042796055,522.0657754401135,1.0
Llama2-70B,32,4,8,32,32,1792,0.086199,0.022723602447509764,0.014727,0.12364960244750976,0.0192475,10.061215695800781,397.5662704129748,881.3418182437206,511.2250827989422,1.0
Llama2-70B,32,4,8,32,32,1920,0.0883275,0.022723602447509764,0.015607,0.12665810244750977,0.0192475,10.301895695800782,388.27805271125624,884.1737634506388,500.5087676265254,1.0
Llama2-70B,32,4,8,32,32,2048,0.0904715,0.022723602447509764,0.016486999999999998,0.12968210244750975,0.0192475,10.543815695800781,379.3693019115513,887.0060662682873,490.2129766104726,1.0
Llama2-70B,32,4,8,32,32,2176,0.0978,0.022723602447509764,0.017367,0.13789060244750975,0.0192475,11.20049569580078,357.1270512161042,898.8050046820109,459.5117610848726,1.0
Llama2-70B,32,4,8,32,32,2304,0.099861,0.022723602447509764,0.018247000000000003,0.14083160244750978,0.0192475,11.435775695800784,349.7795083081946,901.635418646126,451.44521817632835,1.0
Llama2-70B,32,4,8,32,32,2432,0.1019895,0.022723602447509764,0.019127,0.14384010244750975,0.0192475,11.676455695800781,342.56970644255733,904.4673638530442,443.4120001828836,1.0
Llama2-70B,32,4,8,32,32,2560,0.1041335,0.022723602447509764,0.020007,0.14686410244750978,0.0192475,11.918375695800783,335.6162032557276,907.299666670693,435.6425485894036,1.0
Llama2-70B,32,4,8,32,32,2688,0.106312,0.022723602447509764,0.020887000000000003,0.14992260244750977,0.0192475,12.163055695800782,328.86472774937425,910.1327393663632,428.0479811151909,1.0
Llama2-70B,32,4,8,32,32,2816,0.108373,0.022723602447509764,0.021767,0.15286360244750977,0.0192475,12.398335695800782,322.6239471282237,912.9631533304787,421.2133803301923,1.0
Llama2-70B,32,4,8,32,32,2944,0.1105015,0.022723602447509764,0.022647,0.15587210244750976,0.0192475,12.639015695800783,316.48034121272354,915.7950985373966,414.38129732962744,1.0
Llama2-70B,32,4,8,32,32,3072,0.1126455,0.022723602447509764,0.023527000000000003,0.15889610244750976,0.0192475,12.880935695800781,310.536446611096,918.6274013550453,407.7514864575352,1.0
Llama2-70B,32,4,8,32,32,3200,0.119974,0.022723602447509764,0.024407,0.16710460244750977,0.0192475,13.537615695800783,295.47300572587204,930.4263397687688,387.7616565959161,1.0
Llama2-70B,32,4,8,32,32,3328,0.122035,0.022723602447509764,0.025287,0.17004560244750977,0.0192475,13.772895695800782,290.4254913670449,933.2567537328841,382.3725790686624,1.0
Llama2-70B,32,4,8,32,32,3456,0.1241635,0.022723602447509764,0.026167000000000003,0.17305410244750977,0.0192475,14.013575695800782,285.43749909586705,936.0886989398025,376.95808306781066,1.0
Llama2-70B,32,4,8,32,32,3584,0.1263075,0.022723602447509764,0.027047,0.17607810244750977,0.0192475,14.255495695800782,280.5935398779766,938.9210017574511,371.6806214031039,1.0
Llama2-70B,32,4,8,32,32,3712,0.128486,0.022723602447509764,0.027927,0.17913660244750976,0.0192475,14.500175695800781,275.8587263986319,941.7540744531211,366.4812020193333,1.0
Llama2-70B,32,4,8,32,32,3840,0.130547,0.022723602447509764,0.028807000000000003,0.18207760244750976,0.0192475,14.73545569580078,271.45410922988253,944.5844884172363,361.77946962290844,1.0
Llama2-70B,32,4,8,32,32,3968,0.1326755,0.022723602447509764,0.029687,0.18508610244750975,0.0192475,14.976135695800782,267.0915970080036,947.4164336241546,357.0427221394133,1.0
Llama2-70B,32,4,8,32,32,4096,0.1348195,0.022723602447509764,0.030567,0.18811010244750978,0.0192475,15.218055695800784,262.8456670127542,950.2487364418035,352.41516859274947,1.0
Llama2-70B,32,8,4,32,32,128,0.0767615,0.02129309097290039,0.003287,0.10134159097290038,0.0339355,8.291262777832031,964.8711196790473,731.4363109562772,952.8687049579246,1.0
Llama2-70B,32,8,4,32,32,256,0.0788225,0.02129309097290039,0.0041670000000000006,0.1042825909729004,0.0339355,8.526542777832033,938.2466268508053,734.2537512405742,931.5281185455598,1.0
Llama2-70B,32,8,4,32,32,384,0.080951,0.02129309097290039,0.005046999999999999,0.10729109097290038,0.0339355,8.76722277783203,912.4896449794846,737.072722767674,910.5171310640685,1.0
Llama2-70B,32,8,4,32,32,512,0.083095,0.02129309097290039,0.005927,0.11031509097290039,0.0339355,9.009142777832032,887.9868148704295,739.8920519055048,890.4170550640887,1.0
Llama2-70B,32,8,4,32,32,640,0.0852735,0.02129309097290039,0.006806999999999999,0.11337359097290038,0.0339355,9.253822777832031,864.5075869795537,742.7121509213566,870.9765060908213,1.0
Llama2-70B,32,8,4,32,32,768,0.0873345,0.02129309097290039,0.007686999999999999,0.11631459097290038,0.0339355,9.48910277783203,843.0723312101964,745.5295912056534,853.6484335579337,1.0
Llama2-70B,32,8,4,32,32,896,0.089463,0.02129309097290039,0.008567,0.11932309097290039,0.0339355,9.729782777832032,822.2177393545616,748.348562732753,836.4894567952714,1.0
Llama2-70B,32,8,4,32,32,1024,0.091607,0.02129309097290039,0.009446999999999999,0.12234709097290038,0.0339355,9.97170277783203,802.2702018139471,751.1678918705837,819.9896207392272,1.0
Llama2-70B,32,8,4,32,32,1152,0.098964,0.02129309097290039,0.010327,0.13058409097290039,0.0339355,10.63066277783203,752.5400971877582,763.1400701157422,771.1289662056324,1.0
Llama2-70B,32,8,4,32,32,1280,0.101025,0.02129309097290039,0.011207,0.13352509097290038,0.0339355,10.865942777832032,736.2453643986662,765.9575104000392,758.1861028458687,1.0
Llama2-70B,32,8,4,32,32,1408,0.1031535,0.02129309097290039,0.012087,0.13653359097290038,0.0339355,11.106622777832031,720.2909615303931,768.7764819271391,745.2742581949608,1.0
Llama2-70B,32,8,4,32,32,1536,0.1052975,0.02129309097290039,0.012967,0.1395575909729004,0.0339355,11.348542777832034,704.9363214832308,771.5958110649698,732.7769520311209,1.0
Llama2-70B,32,8,4,32,32,1664,0.107476,0.02129309097290039,0.013847,0.1426160909729004,0.0339355,11.593222777832032,690.0583343655908,774.4159100808213,720.5477595749946,1.0
Llama2-70B,32,8,4,32,32,1792,0.109537,0.02129309097290039,0.014727,0.14555709097290037,0.0339355,11.82850277783203,676.3324277179794,777.2333503651183,709.562385646054,1.0
Llama2-70B,32,8,4,32,32,1920,0.1116655,0.02129309097290039,0.015607,0.1485655909729004,0.0339355,12.069182777832033,662.8452105882373,780.0523218922184,698.5616165173828,1.0
Llama2-70B,32,8,4,32,32,2048,0.1138095,0.02129309097290039,0.016486999999999998,0.1515895909729004,0.0339355,12.311102777832032,649.8199344420378,782.871651030049,687.8790004613402,1.0
Llama2-70B,32,8,4,32,32,2176,0.124446,0.02129309097290039,0.017367,0.16310609097290038,0.0339355,13.232422777832031,604.5756045070002,799.5982310195208,642.5262612052784,1.0
Llama2-70B,32,8,4,32,32,2304,0.126507,0.02129309097290039,0.018247000000000003,0.1660470909729004,0.0339355,13.467702777832033,594.0137031512216,802.4156713038176,634.2855899703713,1.0
Llama2-70B,32,8,4,32,32,2432,0.1286355,0.02129309097290039,0.019127,0.1690555909729004,0.0339355,13.708382777832032,583.5845212125885,805.2346428309174,625.9816635617052,1.0
Llama2-70B,32,8,4,32,32,2560,0.1307795,0.02129309097290039,0.020007,0.17207959097290038,0.0339355,13.95030277783203,573.4642557516771,808.053971968748,617.8751042546792,1.0
Llama2-70B,32,8,4,32,32,2688,0.132958,0.02129309097290039,0.020887000000000003,0.1751380909729004,0.0339355,14.194982777832031,563.5794086691961,810.8740709846,609.8723438864904,1.0
Llama2-70B,32,8,4,32,32,2816,0.135019,0.02129309097290039,0.021767,0.1780790909729004,0.0339355,14.430262777832032,554.3904586609268,813.6915112688971,602.649635435677,1.0
Llama2-70B,32,8,4,32,32,2944,0.1371475,0.02129309097290039,0.022647,0.1810875909729004,0.0339355,14.670942777832032,545.2955628787603,816.5104827959972,595.3520718904805,1.0
Llama2-70B,32,8,4,32,32,3072,0.1392915,0.02129309097290039,0.023527000000000003,0.1841115909729004,0.0339355,14.912862777832032,536.4496488153836,819.3298119338273,588.2123546187869,1.0
Llama2-70B,32,8,4,32,32,3200,0.14662,0.02129309097290039,0.024407,0.1923200909729004,0.0339355,15.569542777832032,513.8236950278609,831.1157766677323,566.8502091581863,1.0
Llama2-70B,32,8,4,32,32,3328,0.148681,0.02129309097290039,0.025287,0.1952610909729004,0.0339355,15.804822777832033,506.1746096400943,833.9332169520295,560.8875491502138,1.0
Llama2-70B,32,8,4,32,32,3456,0.1508095,0.02129309097290039,0.026167000000000003,0.1982695909729004,0.0339355,16.04550277783203,498.58207067543884,836.7521884791294,554.8405030711788,1.0
Llama2-70B,32,8,4,32,32,3584,0.1529535,0.02129309097290039,0.027047,0.2012935909729004,0.0339355,16.287422777832028,491.1765421161897,839.5715176169596,548.906378485592,1.0
Llama2-70B,32,8,4,32,32,3712,0.155132,0.02129309097290039,0.027927,0.20435209097290039,0.0339355,16.532102777832026,483.90698433881244,842.391616632812,543.016022891996,1.0
Llama2-70B,32,8,4,32,32,3840,0.157193,0.02129309097290039,0.028807000000000003,0.20729309097290038,0.0339355,16.767382777832026,477.1167990854669,845.2090569171089,537.6887373592388,1.0
Llama2-70B,32,8,4,32,32,3968,0.1593215,0.02129309097290039,0.029687,0.21030159097290038,0.0339355,17.008062777832027,470.36515001738127,848.0280284442084,532.2746951567796,1.0
Llama2-70B,32,8,4,32,32,4096,0.1614655,0.02129309097290039,0.030567,0.2133255909729004,0.0339355,17.24998277783203,463.76857896234003,850.8473575820391,526.9530380062856,1.0
Llama2-70B,32,16,2,32,32,128,0.1236895,0.018461870346069335,0.003287,0.14543837034606935,0.0633115,11.848381127685547,1350.3954529799487,679.7273435243529,1099.0865732731609,1.0
Llama2-70B,32,16,2,32,32,256,0.1257505,0.018461870346069335,0.0041670000000000006,0.14837937034606932,0.0633115,12.083661127685545,1324.102011048747,682.5382969687407,1085.5436709496048,1.0
Llama2-70B,32,16,2,32,32,384,0.127879,0.018461870346069335,0.005046999999999999,0.15138787034606932,0.0633115,12.324341127685546,1298.2438439696716,685.3507816559317,1071.8738520881957,1.0
Llama2-70B,32,16,2,32,32,512,0.130023,0.018461870346069335,0.005927,0.15441187034606932,0.0633115,12.566261127685545,1273.250638151181,688.163623953853,1058.5259899461678,1.0
Llama2-70B,32,16,2,32,32,640,0.1322015,0.018461870346069335,0.006806999999999999,0.15747037034606934,0.0633115,12.810941127685547,1248.932443021116,690.9772361297953,1045.3394797030226,1.0
Llama2-70B,32,16,2,32,32,768,0.1342625,0.018461870346069335,0.007686999999999999,0.16041137034606934,0.0633115,13.046221127685547,1226.408769513051,693.7881895741833,1033.4802190845303,1.0
Llama2-70B,32,16,2,32,32,896,0.136391,0.018461870346069335,0.008567,0.16341987034606933,0.0633115,13.286901127685546,1204.1935020244296,696.6006742613741,1021.4760127301276,1.0
Llama2-70B,32,16,2,32,32,1024,0.138535,0.018461870346069335,0.009446999999999999,0.16644387034606933,0.0633115,13.528821127685546,1182.6603256108845,699.4135165592957,1009.7282514300297,1.0
Llama2-70B,32,16,2,32,32,1152,0.1492,0.018461870346069335,0.010327,0.17798887034606933,0.0633115,14.452421127685547,1107.0809422616296,716.3198232201113,960.2142402414361,1.0
Llama2-70B,32,16,2,32,32,1280,0.151261,0.018461870346069335,0.011207,0.18092987034606933,0.0633115,14.687701127685546,1089.3467848308023,719.1307766644992,950.8475769226691,1.0
Llama2-70B,32,16,2,32,32,1408,0.1533895,0.018461870346069335,0.012087,0.18393837034606936,0.0633115,14.928381127685547,1071.7839974173137,721.94326135169,941.3203137785703,1.0
Llama2-70B,32,16,2,32,32,1536,0.1555335,0.018461870346069335,0.012967,0.18696237034606933,0.0633115,15.170301127685546,1054.692313971294,724.7561036496112,931.9614149358322,1.0
Llama2-70B,32,16,2,32,32,1664,0.157712,0.018461870346069335,0.013847,0.19002087034606932,0.0633115,15.414981127685545,1037.9513193995258,727.5697158255543,922.6561274038174,1.0
Llama2-70B,32,16,2,32,32,1792,0.159773,0.018461870346069335,0.014727,0.19296187034606932,0.0633115,15.650261127685546,1022.3471589043177,730.3806692699421,914.2729613513449,1.0
Llama2-70B,32,16,2,32,32,1920,0.1619015,0.018461870346069335,0.015607,0.19597037034606934,0.0633115,15.890941127685547,1006.8629586780388,733.1931539571326,905.7274379263106,1.0
Llama2-70B,32,16,2,32,32,2048,0.1640455,0.018461870346069335,0.016486999999999998,0.19899437034606934,0.0633115,16.132861127685548,991.7645650927011,736.0059962550542,897.3193367145747,1.0
Llama2-70B,32,16,2,32,32,2176,0.174682,0.018461870346069335,0.017367,0.21051087034606933,0.0633115,17.054181127685546,938.1863532588967,752.7260894046169,861.8244460272005,1.0
Llama2-70B,32,16,2,32,32,2304,0.176743,0.018461870346069335,0.018247000000000003,0.21345187034606936,0.0633115,17.28946112768555,925.419241342303,755.5370428490049,854.9555488466359,1.0
Llama2-70B,32,16,2,32,32,2432,0.1788715,0.018461870346069335,0.019127,0.21646037034606933,0.0633115,17.530141127685546,912.7137017015239,758.3495275361959,847.9266149567659,1.0
Llama2-70B,32,16,2,32,32,2560,0.1810155,0.018461870346069335,0.020007,0.21948437034606932,0.0633115,17.772061127685546,900.2894985025115,761.162369834117,840.9913734836153,1.0
Llama2-70B,32,16,2,32,32,2688,0.183194,0.018461870346069335,0.020887000000000003,0.22254287034606934,0.0633115,18.016741127685545,888.0629347231667,763.9759820100599,834.0622313067677,1.0
Llama2-70B,32,16,2,32,32,2816,0.185255,0.018461870346069335,0.021767,0.22548387034606934,0.0633115,18.25202112768555,876.6152465016834,766.7869354544479,827.8178029790804,1.0
Llama2-70B,32,16,2,32,32,2944,0.1873835,0.018461870346069335,0.022647,0.22849237034606934,0.0633115,18.492701127685546,865.2062178221381,769.5994201416383,821.4164215543399,1.0
Llama2-70B,32,16,2,32,32,3072,0.1895275,0.018461870346069335,0.023527000000000003,0.2315163703460693,0.0633115,18.734621127685546,854.0338174416352,772.41226243956,815.092545872826,1.0
Llama2-70B,32,16,2,32,32,3200,0.200164,0.018461870346069335,0.024407,0.24303287034606935,0.0633115,19.655941127685548,814.0032520479965,789.1323555891224,788.4857972353897,1.0
Llama2-70B,32,16,2,32,32,3328,0.202225,0.018461870346069335,0.025287,0.24597387034606932,0.0633115,19.891221127685544,804.3749499989441,791.9433090335104,783.2298766557155,1.0
Llama2-70B,32,16,2,32,32,3456,0.2043535,0.018461870346069335,0.026167000000000003,0.24898237034606932,0.0633115,20.131901127685545,794.7585227307061,794.755793720701,777.8244989400242,1.0
Llama2-70B,32,16,2,32,32,3584,0.2064975,0.018461870346069335,0.027047,0.2520063703460693,0.0633115,20.373821127685545,785.3215113515425,797.5686360186224,772.4729219662443,1.0
Llama2-70B,32,16,2,32,32,3712,0.208676,0.018461870346069335,0.027927,0.25506487034606934,0.0633115,20.618501127685548,776.0020915640641,800.3822481945655,767.1052235950136,1.0
Llama2-70B,32,16,2,32,32,3840,0.210737,0.018461870346069335,0.028807000000000003,0.25800587034606937,0.0633115,20.853781127685547,767.2469516215622,803.1932016389532,762.2706991548265,1.0
Llama2-70B,32,16,2,32,32,3968,0.2128655,0.018461870346069335,0.029687,0.26101437034606934,0.0633115,21.094461127685545,758.4929476582224,806.0056863261439,757.2910465304557,1.0
Llama2-70B,32,16,2,32,32,4096,0.2150095,0.018461870346069335,0.030567,0.2640383703460693,0.0633115,21.336381127685545,749.8928662855018,808.8185286240653,752.35608531164,1.0
Llama2-70B,32,32,1,32,32,128,0.2196135,0.01302294651031494,0.003287,0.23592344651031494,0.1213595,19.145235220825196,1671.4341522005464,659.9146444941874,1201.9564270760904,1.0
Llama2-70B,32,32,1,32,32,256,0.2216745,0.01302294651031494,0.0041670000000000006,0.23886444651031494,0.1213595,19.380515220825195,1651.142894571483,662.7223545186207,1195.847703761363,1.0
Llama2-70B,32,32,1,32,32,384,0.223803,0.01302294651031494,0.005046999999999999,0.24187294651031493,0.1213595,19.621195220825193,1630.8894356260425,664.315540565909,1187.3219582684937,1.0
Llama2-70B,32,32,1,32,32,512,0.225947,0.01302294651031494,0.005927,0.24489694651031493,0.1213595,19.863115220825193,1611.0262486143195,668.3411946638237,1183.182241258036,1.0
Llama2-70B,32,32,1,32,32,640,0.2314335,0.01302294651031494,0.006806999999999999,0.2512634465103149,0.1213595,20.372435220825192,1570.7498712421395,676.0921786753787,1168.5294975453055,1.0
Llama2-70B,32,32,1,32,32,768,0.2334945,0.01302294651031494,0.007686999999999999,0.25420444651031493,0.1213595,20.607715220825195,1552.816489217703,678.8998886998116,1163.0250626028658,1.0
Llama2-70B,32,32,1,32,32,896,0.235623,0.01302294651031494,0.008567,0.25721294651031495,0.1213595,20.848395220825196,1534.8903194254303,680.4931966813489,1155.2237204030992,1.0
Llama2-70B,32,32,1,32,32,1024,0.237767,0.01302294651031494,0.009446999999999999,0.2602369465103149,0.1213595,21.090315220825193,1517.2841024396955,684.5187288450148,1151.5790313121918,1.0
Llama2-70B,32,32,1,32,32,1152,0.248432,0.01302294651031494,0.010327,0.2717819465103149,0.1213595,22.01391522082519,1453.6260214960746,701.4217920858762,1129.358201980222,1.0
Llama2-70B,32,32,1,32,32,1280,0.250493,0.01302294651031494,0.011207,0.274722946510315,0.1213595,22.249195220825197,1438.2542686329648,704.2295021103096,1124.5495915818958,1.0
Llama2-70B,32,32,1,32,32,1408,0.2526215,0.01302294651031494,0.012087,0.27773144651031495,0.1213595,22.489875220825194,1422.8624963809764,705.8228100918463,1117.5973701238354,1.0
Llama2-70B,32,32,1,32,32,1536,0.2547655,0.01302294651031494,0.012967,0.2807554465103149,0.1213595,22.731795220825195,1407.7198782207909,709.8483422555121,1114.512510140521,1.0
Llama2-70B,32,32,1,32,32,1664,0.260252,0.01302294651031494,0.013847,0.2871219465103149,0.1213595,23.241115220825193,1376.8702446484328,717.5993262670673,1102.9299698247353,1.0
Llama2-70B,32,32,1,32,32,1792,0.262313,0.01302294651031494,0.014727,0.29006294651031495,0.1213595,23.476395220825193,1363.0712764459588,720.4070362915005,1098.5456859423678,1.0
Llama2-70B,32,32,1,32,32,1920,0.2644415,0.01302294651031494,0.015607,0.2930714465103149,0.1213595,23.71707522082519,1349.2388796701982,722.0003442730376,1092.1135211727928,1.0
Llama2-70B,32,32,1,32,32,2048,0.2665855,0.01302294651031494,0.016486999999999998,0.2960954465103149,0.1213595,23.95899522082519,1335.6152753929161,726.0258764367035,1089.3703917680502,1.0
Llama2-70B,32,32,1,32,32,2176,0.277222,0.01302294651031494,0.017367,0.307611946510315,0.1213595,24.8803152208252,1286.1573382806466,742.7427261663119,1071.6937705756566,1.0
Llama2-70B,32,32,1,32,32,2304,0.279283,0.01302294651031494,0.018247000000000003,0.31055294651031495,0.1213595,25.115595220825195,1274.1087646398455,745.550436190745,1067.8063988008505,1.0
Llama2-70B,32,32,1,32,32,2432,0.2814115,0.01302294651031494,0.019127,0.3135614465103149,0.1213595,25.356275220825193,1262.0150129037206,747.1437441722818,1061.9946152481787,1.0
Llama2-70B,32,32,1,32,32,2560,0.2835555,0.01302294651031494,0.020007,0.31658544651031495,0.1213595,25.598195220825193,1250.088130196252,751.169276335948,1059.6433873946341,1.0
Llama2-70B,32,32,1,32,32,2688,0.289042,0.01302294651031494,0.020887000000000003,0.32295194651031495,0.1213595,26.107515220825196,1225.700712202383,758.920260347503,1050.2560324762535,1.0
Llama2-70B,32,32,1,32,32,2816,0.291103,0.01302294651031494,0.021767,0.3258929465103149,0.1213595,26.34279522082519,1214.7533977222936,761.7279703719363,1046.6782827685552,1.0
Llama2-70B,32,32,1,32,32,2944,0.2932315,0.01302294651031494,0.022647,0.32890144651031494,0.1213595,26.583475220825196,1203.7553304893545,763.3212783534732,1041.2541331384568,1.0
Llama2-70B,32,32,1,32,32,3072,0.2953755,0.01302294651031494,0.023527000000000003,0.33192544651031497,0.1213595,26.825395220825197,1192.8994796377738,767.346810517139,1039.1475400189106,1.0
Llama2-70B,32,32,1,32,32,3200,0.306012,0.01302294651031494,0.024407,0.34344194651031495,0.1213595,27.746715220825195,1153.2896685364226,784.0636602467476,1024.8796259581295,1.0
Llama2-70B,32,32,1,32,32,3328,0.308073,0.01302294651031494,0.025287,0.3463829465103149,0.1213595,27.981995220825194,1143.5925046611567,786.8713702711809,1021.6687217265791,1.0
Llama2-70B,32,32,1,32,32,3456,0.3102015,0.01302294651031494,0.026167000000000003,0.34939144651031495,0.1213595,28.222675220825195,1133.8400683003842,788.4646782527178,1016.712914995856,1.0
Llama2-70B,32,32,1,32,32,3584,0.3123455,0.01302294651031494,0.027047,0.3524154465103149,0.1213595,28.464595220825192,1124.2035852520482,792.4902104163838,1014.8892305685645,1.0
Llama2-70B,32,32,1,32,32,3712,0.317832,0.01302294651031494,0.027927,0.3587819465103149,0.1213595,28.973915220825194,1104.441693713516,800.2411944279389,1007.1247633063235,1.0
Llama2-70B,32,32,1,32,32,3840,0.319893,0.01302294651031494,0.028807000000000003,0.36172294651031495,0.1213595,29.209195220825194,1095.5454184230675,803.0489044523721,1004.1468921825384,1.0
Llama2-70B,32,32,1,32,32,3968,0.3220215,0.01302294651031494,0.029687,0.36473144651031497,0.1213595,29.449875220825195,1086.5920402057088,804.642212433909,999.4888073422537,1.0
Llama2-70B,32,32,1,32,32,4096,0.3241655,0.01302294651031494,0.030567,0.36775544651031494,0.1213595,29.691795220825195,1077.7388083815113,808.667744597575,997.8455382791504,1.0
Llama2-70B,32,80,1,32,10,128,0.67056,0.0014614998626708,0.009861,0.6818824998626709,0.382388,55.08298798901368,1452.3540374381296,649.1584424625006,968.084052825251,0.84375
Llama2-70B,32,80,1,32,10,256,0.679077,0.0014614998626708,0.012501,0.6930394998626709,0.382388,55.97554798901367,1429.1954768482412,651.8377552724029,959.8878408080424,0.84375
Llama2-70B,32,80,1,32,10,384,0.687601,0.0014614998626708,0.0151409999999999,0.7042034998626708,0.382388,56.86866798901367,1406.7500229731954,654.8853544792706,952.4205963622368,0.84375
Llama2-70B,32,80,1,32,10,512,0.696125,0.0014614998626708,0.0177809999999999,0.7153674998626709,0.382388,57.76178798901367,1384.99867793594,657.7488394072069,944.871739137665,0.84375
Llama2-70B,32,80,1,32,10,640,0.70136,0.0014614998626708,0.0204209999999999,0.7232424998626709,0.382388,58.39178798901367,1370.0556663045134,658.8618137469728,939.4060307787336,0.84375
Llama2-70B,32,80,1,32,10,768,0.709872,0.0014614998626708,0.0230609999999999,0.7343944998626708,0.382388,59.28394798901366,1349.437794102805,661.9114494693671,932.4377485932206,0.84375
Llama2-70B,32,80,1,32,10,896,0.718389,0.0014614998626708,0.025701,0.7455514998626709,0.382388,60.17650798901367,1329.4224386467467,664.5872193576636,925.1077332164932,0.84375
Llama2-70B,32,80,1,32,10,1024,0.726913,0.0014614998626708,0.0283409999999999,0.7567154998626708,0.382388,61.06962798901367,1309.980142901671,667.638365770531,918.4570447502392,0.84375
Llama2-70B,32,80,1,32,10,1152,0.740681,0.0014614998626708,0.0309809999999999,0.7731234998626709,0.382388,62.38226798901367,1282.415702072407,673.485839627414,909.2792168658488,0.84375
Llama2-70B,32,80,1,32,10,1280,0.745916,0.0014614998626708,0.033621,0.7809984998626709,0.382388,63.01226798901367,1269.5940418133844,674.5945535116292,904.3840774452204,0.84375
Llama2-70B,32,80,1,32,10,1408,0.754428,0.0014614998626708,0.036261,0.7921504998626708,0.382388,63.90442798901366,1251.8694324867984,677.6484496895735,898.2281273886618,0.84375
Llama2-70B,32,80,1,32,10,1536,0.762945,0.0014614998626708,0.038901,0.8033074998626708,0.382388,64.79698798901367,1234.62528865638,680.31995912232,891.7024937869962,0.84375
Llama2-70B,32,80,1,32,10,1664,0.771469,0.0014614998626708,0.041541,0.8144714998626709,0.382388,65.69010798901368,1217.8393741319403,683.3753659907372,885.8105328804365,0.84375
Llama2-70B,32,80,1,32,10,1792,0.779993,0.0014614998626708,0.044181,0.8256354998626709,0.382388,66.58322798901368,1201.5037782968425,686.2388509186742,879.8012942663256,0.84375
Llama2-70B,32,80,1,32,10,1920,0.785228,0.0014614998626708,0.046821,0.8335104998626709,0.382388,67.21322798901369,1190.24189722113,687.3440175968894,875.3432348271959,0.84375
Llama2-70B,32,80,1,32,10,2048,0.79374,0.0014614998626708,0.0494609999999999,0.8446624998626708,0.382388,68.10538798901368,1174.6500880797432,690.4014609808337,869.8080744082871,0.84375
Llama2-70B,32,80,1,32,10,2176,0.807501,0.0014614998626708,0.052101,0.8610634998626708,0.382388,69.41746798901367,1152.447680930413,696.0526988869765,861.9836989514273,0.84375
Llama2-70B,32,80,1,32,10,2304,0.816025,0.0014614998626708,0.054741,0.8722274998626709,0.382388,70.31058798901368,1137.8087182616127,699.1123662109441,856.7291029207978,0.84375
Llama2-70B,32,80,1,32,10,2432,0.824549,0.0014614998626708,0.057381,0.8833914998626708,0.382388,71.20370798901368,1123.5369934996015,701.9758511388804,851.3452216167631,0.84375
Llama2-70B,32,80,1,32,10,2560,0.829784,0.0014614998626708,0.060021,0.8912664998626708,0.382388,71.83370798901367,1113.6832865739757,703.0767573615461,847.3009329675507,0.84375
Llama2-70B,32,80,1,32,10,2688,0.838296,0.0014614998626708,0.062661,0.9024184998626708,0.382388,72.72586798901368,1100.021247076559,706.1384612010404,842.3497919601674,0.84375
Llama2-70B,32,80,1,32,10,2816,0.846813,0.0014614998626708,0.065301,0.9135754998626708,0.382388,73.61842798901368,1086.684437379438,708.802162972237,837.0232424068085,0.84375
Llama2-70B,32,80,1,32,10,2944,0.855337,0.0014614998626708,0.067941,0.9247394998626708,0.382388,74.51154798901368,1073.6590791510005,711.8653775022043,832.2630466146142,0.84375
Llama2-70B,32,80,1,32,10,3072,0.863861,0.0014614998626708,0.070581,0.9359034998626709,0.382388,75.40466798901367,1060.942274975017,714.728862430141,827.3655859335482,0.84375
Llama2-70B,32,80,1,32,10,3200,0.87434,0.0014614998626708,0.073221,0.9490224998626708,0.382388,76.45418798901368,1046.3782574147,718.8094971262028,822.1166790106854,0.84375
Llama2-70B,32,80,1,32,10,3328,0.882852,0.0014614998626708,0.075861,0.9601744998626708,0.382388,77.34634798901368,1034.3086917479704,721.8754614212471,817.6630527214608,0.84375
Llama2-70B,32,80,1,32,10,3456,0.891369,0.0014614998626708,0.078501,0.9713314998626708,0.382388,78.23890798901368,1022.5091588859294,724.5349027368936,812.8338575123137,0.84375
Llama2-70B,32,80,1,32,10,3584,0.899893,0.0014614998626708,0.081141,0.9824954998626708,0.382388,79.13202798901368,1010.9686562197904,727.602377722411,808.5432131624658,0.84375
Llama2-70B,32,80,1,32,10,3712,0.908417,0.0014614998626708,0.083781,0.9936594998626708,0.382388,80.02514798901369,999.685748922112,730.4658626503475,804.1085345720604,0.84375
Llama2-70B,32,80,1,32,10,3840,0.913652,0.0014614998626708,0.086421,1.001534499862671,0.382388,80.65514798901368,991.8771708272988,731.5589612114633,800.697597347199,0.84375
Llama2-70B,32,80,1,32,10,3968,0.922164,0.0014614998626708,0.089061,1.0126864998626708,0.382388,81.54730798901367,981.0256398749284,734.6284727125076,796.6353845004874,0.84375
Llama2-70B,32,80,1,32,10,4096,0.930681,0.0014614998626708,0.091701,1.0238434998626709,0.382388,82.43986798901368,970.4042710337816,737.2843668221537,792.1987950996678,0.84375
Llama2-7B,8,1,8,32,32,128,0.0200025,0.0042958331044514,0.00233,0.0266283331044514,0.0112625,1.013369159342448,986.8072170746516,95.07751469106044,148.54004919863212,1.0
Llama2-7B,8,1,8,32,32,256,0.0208585,0.0042958331044514,0.00277,0.0279243331044515,0.0112625,1.0548411593424478,948.0100308404404,95.31708116729745,142.8031155873167,1.0
Llama2-7B,8,1,8,32,32,384,0.02172,0.0042958331044514,0.00321,0.0292258331044515,0.0112625,1.096489159342448,912.0017206551212,95.55670098038657,137.48374335345673,1.0
Llama2-7B,8,1,8,32,32,512,0.022571,0.0042958331044514,0.00365,0.0305168331044515,0.0112625,1.137801159342448,878.8881886690243,95.79622647170346,132.63178756992312,1.0
Llama2-7B,8,1,8,32,32,640,0.0234265,0.0042958331044514,0.00409,0.0318123331044515,0.0112625,1.179257159342448,847.991459774218,96.0358186392085,128.10788348559387,1.0
Llama2-7B,8,1,8,32,32,768,0.0242825,0.0042958331044514,0.00453,0.0331083331044515,0.0112625,1.220729159342448,819.1825290211427,96.27538511544546,123.90016616319042,1.0
Llama2-7B,8,1,8,32,32,896,0.025144,0.0042958331044514,0.00497,0.0344098331044515,0.0112625,1.2623771593424478,792.1562843555282,96.51500492853458,119.9528278721248,1.0
Llama2-7B,8,1,8,32,32,1024,0.025995,0.0042958331044514,0.00541,0.0357008331044515,0.0112625,1.3036891593424478,767.05401194283,96.75453041985148,116.31387096058316,1.0
Llama2-7B,8,1,8,32,32,1152,0.0276125,0.0042958331044514,0.00585,0.0377583331044515,0.0112625,1.369529159342448,730.1779543563206,97.60420127416484,110.46197518579083,1.0
Llama2-7B,8,1,8,32,32,1280,0.0284685,0.0042958331044514,0.00629,0.0390543331044515,0.0112625,1.411001159342448,708.7166395143277,97.84376775040184,107.40354223791408,1.0
Llama2-7B,8,1,8,32,32,1408,0.02933,0.0042958331044514,0.00673,0.0403558331044515,0.0112625,1.4526491593424478,688.3974658083699,98.08338756349094,104.50412074187156,1.0
Llama2-7B,8,1,8,32,32,1536,0.030181,0.0042958331044514,0.00717,0.0416468331044515,0.0112625,1.4939611593424478,669.3614447380547,98.32291305480784,101.80547473452656,1.0
Llama2-7B,8,1,8,32,32,1664,0.0310365,0.0042958331044514,0.00761,0.0429423331044514,0.0112625,1.5354171593424475,651.2888005161128,98.5625052223129,99.24051643056649,1.0
Llama2-7B,8,1,8,32,32,1792,0.0318925,0.0042958331044514,0.00805,0.0442383331044514,0.0112625,1.5768891593424477,634.1599814263378,98.80207169854988,96.81162469482432,1.0
Llama2-7B,8,1,8,32,32,1920,0.032754,0.0042958331044514,0.00849,0.0455398331044514,0.0112625,1.6185371593424476,617.8418544349414,99.04169151163896,94.49388959329298,1.0
Llama2-7B,8,1,8,32,32,2048,0.033605,0.0042958331044514,0.00893,0.0468308331044515,0.0112625,1.6598491593424478,602.464383207057,99.2812170029559,92.32370276275472,1.0
Llama2-7B,8,1,8,32,32,2176,0.0351865,0.0042958331044514,0.00937,0.0488523331044515,0.0112625,1.724537159342448,579.8657306875846,100.06919825057751,88.87392736789813,1.0
Llama2-7B,8,1,8,32,32,2304,0.0360425,0.0042958331044514,0.00981,0.0501483331044514,0.0112625,1.7660091593424476,566.2484787861111,100.30876472681456,86.97090650518011,1.0
Llama2-7B,8,1,8,32,32,2432,0.036904,0.0042958331044514,0.0102499999999999,0.0514498331044514,0.0112625,1.8076571593424475,553.2022456978289,100.54838453990364,85.1435350333836,1.0
Llama2-7B,8,1,8,32,32,2560,0.037755,0.0042958331044514,0.0106899999999999,0.0527408331044514,0.0112625,1.8489691593424475,540.8419036884487,100.78791003122056,83.42265099922241,1.0
Llama2-7B,8,1,8,32,32,2688,0.0386105,0.0042958331044514,0.01113,0.0540363331044514,0.0112625,1.890425159342448,528.9815336290981,101.0275021987256,81.76815746261182,1.0
Llama2-7B,8,1,8,32,32,2816,0.0394665,0.0042958331044514,0.01157,0.0553323331044515,0.0112625,1.931897159342448,517.625896991518,101.26706867496256,80.18435625385024,1.0
Llama2-7B,8,1,8,32,32,2944,0.040328,0.0042958331044514,0.01201,0.0566338331044515,0.0112625,1.973545159342448,506.7023651656308,101.50668848805168,78.65711206237889,1.0
Llama2-7B,8,1,8,32,32,3072,0.041179,0.0042958331044514,0.01245,0.0579248331044515,0.0112625,2.014857159342448,496.3130986051397,101.74621397936862,77.21336571687677,1.0
Llama2-7B,8,1,8,32,32,3200,0.0427605,0.0042958331044514,0.0128899999999999,0.0599463331044514,0.0112625,2.079545159342448,480.8743852026758,102.5341952269902,74.93349237832686,1.0
Llama2-7B,8,1,8,32,32,3328,0.0436165,0.0042958331044514,0.0133299999999999,0.0612423331044515,0.0112625,2.121017159342448,471.471904692189,102.77376170322724,73.63452026700564,1.0
Llama2-7B,8,1,8,32,32,3456,0.044478,0.0042958331044514,0.01377,0.0625438331044515,0.0112625,2.162665159342448,462.3924307838978,103.01338151631636,72.37663951582547,1.0
Llama2-7B,8,1,8,32,32,3584,0.045329,0.0042958331044514,0.01421,0.0638348331044515,0.0112625,2.203977159342448,453.7252102459846,103.25290700763328,71.1829809611626,1.0
Llama2-7B,8,1,8,32,32,3712,0.0461845,0.0042958331044514,0.01465,0.0651303331044515,0.0112625,2.245433159342448,445.34837113247215,103.49249917513828,70.02653702482587,1.0
Llama2-7B,8,1,8,32,32,3840,0.0470405,0.0042958331044514,0.01509,0.0664263331044515,0.0112625,2.286905159342448,437.27217804149313,103.73206565137524,68.91140722580495,1.0
Llama2-7B,8,1,8,32,32,3968,0.047902,0.0042958331044514,0.0155299999999999,0.0677278331044514,0.0112625,2.328553159342448,429.4512220980975,103.9716854644644,67.82838233820115,1.0
Llama2-7B,8,1,8,32,32,4096,0.048753,0.0042958331044514,0.0159699999999999,0.0690188331044514,0.0112625,2.369865159342448,421.9649358773914,104.21121095578133,66.79794766205497,1.0
Llama2-7B,8,2,4,32,32,128,0.025979,0.0040872168477376,0.00233,0.0323962168477376,0.0186065,1.205285439127604,1659.357970380541,80.35710176548481,193.3222549113823,1.0
Llama2-7B,8,2,4,32,32,256,0.026835,0.0040872168477376,0.00277,0.0336922168477376,0.0186065,1.2467574391276042,1604.1612724600734,80.59407350575817,187.7074564602156,1.0
Llama2-7B,8,2,4,32,32,384,0.0276965,0.0040872168477376,0.00321,0.0349937168477376,0.0186065,1.288405439127604,1552.3063930514188,80.83109858288361,182.40368499378,1.0
Llama2-7B,8,2,4,32,32,512,0.0285475,0.0040872168477376,0.00365,0.0362847168477376,0.0186065,1.329717439127604,1504.0789427505383,81.06802933823691,177.48495782957542,1.0
Llama2-7B,8,2,4,32,32,640,0.029403,0.0040872168477376,0.00409,0.0375802168477376,0.0186065,1.371173439127604,1458.6046833524435,81.30502676977824,172.82468364150392,1.0
Llama2-7B,8,2,4,32,32,768,0.030259,0.0040872168477376,0.00453,0.0388762168477376,0.0186065,1.412645439127604,1415.783426331751,81.5419985100516,168.42509358796465,1.0
Llama2-7B,8,2,4,32,32,896,0.0311205,0.0040872168477376,0.00497,0.0401777168477376,0.0186065,1.454293439127604,1375.2382746082883,81.77902358717706,164.23865214885896,1.0
Llama2-7B,8,2,4,32,32,1024,0.0319715,0.0040872168477376,0.00541,0.0414687168477376,0.0186065,1.495605439127604,1337.2510875372402,82.01595434253034,160.330204914006,1.0
Llama2-7B,8,2,4,32,32,1152,0.033589,0.0040872168477376,0.00585,0.0435262168477376,0.0186065,1.561445439127604,1280.8644797204192,82.86303046087998,154.18557872532668,1.0
Llama2-7B,8,2,4,32,32,1280,0.034445,0.0040872168477376,0.00629,0.0448222168477376,0.0186065,1.602917439127604,1247.7248990993012,83.10000220115333,150.78386231882956,1.0
Llama2-7B,8,2,4,32,32,1408,0.0353065,0.0040872168477376,0.00673,0.0461237168477376,0.0186065,1.644565439127604,1216.1267362282308,83.33702727827878,147.52422938814178,1.0
Llama2-7B,8,2,4,32,32,1536,0.0361575,0.0040872168477376,0.00717,0.0474147168477376,0.0186065,1.685877439127604,1186.3258583227414,83.57395803363204,144.4616573906382,1.0
Llama2-7B,8,2,4,32,32,1664,0.037013,0.0040872168477376,0.00761,0.0487102168477376,0.0186065,1.7273334391276038,1157.854039466814,83.81095546517341,141.52283566782853,1.0
Llama2-7B,8,2,4,32,32,1792,0.037869,0.0040872168477376,0.00805,0.0500062168477376,0.0186065,1.768805439127604,1130.706608967928,84.04792720544677,138.71492382530366,1.0
Llama2-7B,8,2,4,32,32,1920,0.0387305,0.0040872168477376,0.00849,0.0513077168477376,0.0186065,1.810453439127604,1104.6956286065729,84.28495228257225,136.01191612968503,1.0
Llama2-7B,8,2,4,32,32,2048,0.0395815,0.0040872168477376,0.00893,0.0525987168477376,0.0186065,1.851765439127604,1080.0503982525086,84.52188303792549,133.46178618471615,1.0
Llama2-7B,8,2,4,32,32,2176,0.042971,0.0040872168477376,0.00937,0.0564282168477376,0.0186065,1.974309439127604,1013.012428732422,86.46653708194643,125.762923078859,1.0
Llama2-7B,8,2,4,32,32,2304,0.043827,0.0040872168477376,0.00981,0.0577242168477376,0.0186065,2.015781439127604,992.1710564343553,86.70350882221975,123.64454106803424,1.0
Llama2-7B,8,2,4,32,32,2432,0.0446885,0.0040872168477376,0.0102499999999999,0.0590257168477376,0.0186065,2.057429439127604,972.0868001422418,86.94053389934521,121.59243135726364,1.0
Llama2-7B,8,2,4,32,32,2560,0.0455395,0.0040872168477376,0.0106899999999999,0.0603167168477376,0.0186065,2.098741439127604,952.9520705663256,87.17746465469847,119.64539665386434,1.0
Llama2-7B,8,2,4,32,32,2688,0.046395,0.0040872168477376,0.01113,0.0616122168477376,0.0186065,2.140197439127604,934.4932217166132,87.41446208623981,117.75846277379006,1.0
Llama2-7B,8,2,4,32,32,2816,0.047251,0.0040872168477376,0.01157,0.0629082168477376,0.0186065,2.1816694391276044,916.7291635160598,87.65143382651317,115.93859630816434,1.0
Llama2-7B,8,2,4,32,32,2944,0.0481125,0.0040872168477376,0.01201,0.0642097168477376,0.0186065,2.2233174391276043,899.5566556545202,87.88845890363861,114.17051039703642,1.0
Llama2-7B,8,2,4,32,32,3072,0.0489635,0.0040872168477376,0.01245,0.0655007168477376,0.0186065,2.2646294391276043,883.1466929841084,88.12538965899189,112.48862629687407,1.0
Llama2-7B,8,2,4,32,32,3200,0.050545,0.0040872168477376,0.0128899999999999,0.0675222168477376,0.0186065,2.329317439127604,858.6206269717609,88.91077617064987,109.94012287398589,1.0
Llama2-7B,8,2,4,32,32,3328,0.051401,0.0040872168477376,0.0133299999999999,0.0688182168477376,0.0186065,2.3707894391276043,843.6008558971621,89.14774791092323,108.39739002028564,1.0
Llama2-7B,8,2,4,32,32,3456,0.0522625,0.0040872168477376,0.01377,0.0701197168477376,0.0186065,2.412437439127604,829.0370426033714,89.38477298804868,106.89401218374633,1.0
Llama2-7B,8,2,4,32,32,3584,0.0531135,0.0040872168477376,0.01421,0.0714107168477376,0.0186065,2.453749439127604,815.0791470831967,89.62170374340195,105.4601275374928,1.0
Llama2-7B,8,2,4,32,32,3712,0.053969,0.0040872168477376,0.01465,0.0727062168477376,0.0186065,2.4952054391276044,801.53720757328,89.8587011749433,104.06286615342064,1.0
Llama2-7B,8,2,4,32,32,3840,0.054825,0.0040872168477376,0.01509,0.0740022168477376,0.0186065,2.536677439127604,788.4329198306843,90.09567291521664,102.70824545738336,1.0
Llama2-7B,8,2,4,32,32,3968,0.0556865,0.0040872168477376,0.0155299999999999,0.0753037168477376,0.0186065,2.578325439127604,775.6972683311518,90.3326979923421,101.38532004204576,1.0
Llama2-7B,8,2,4,32,32,4096,0.0565375,0.0040872168477376,0.0159699999999999,0.0765947168477376,0.0186065,2.619637439127604,763.464428369921,90.56962874769538,100.12119030255958,1.0
Llama2-7B,8,4,2,32,32,128,0.036974,0.0038090618387858,0.00233,0.0431130618387858,0.0332945,1.5629124788411457,2559.32437302304,70.56015341480528,238.54652395874567,1.0
Llama2-7B,8,4,2,32,32,256,0.03783,0.0038090618387858,0.00277,0.0444090618387858,0.0332945,1.604384478841146,2493.167973607684,70.79582778709681,233.9275303565187,1.0
Llama2-7B,8,4,2,32,32,384,0.0386915,0.0038090618387858,0.00321,0.0457105618387858,0.0332945,1.6460324788411456,2430.085706945537,71.03155549624043,229.48049150407863,1.0
Llama2-7B,8,4,2,32,32,512,0.0395425,0.0038090618387858,0.00365,0.0470015618387858,0.0332945,1.6873444788411458,2370.588845466319,71.26718888361185,225.28668168303687,1.0
Llama2-7B,8,4,2,32,32,640,0.040398,0.0038090618387858,0.00409,0.0482970618387858,0.0332945,1.7288004788411455,2313.7429963469763,71.50288894717141,221.24513882856647,1.0
Llama2-7B,8,4,2,32,32,768,0.041254,0.0038090618387858,0.00453,0.0495930618387858,0.0332945,1.7702724788411457,2259.5391657551368,71.73856331946294,217.368507658236,1.0
Llama2-7B,8,4,2,32,32,896,0.0421155,0.0038090618387858,0.00497,0.0508945618387858,0.0332945,1.8119204788411456,2207.602401269999,71.97429102860659,213.62173970570976,1.0
Llama2-7B,8,4,2,32,32,1024,0.0429665,0.0038090618387858,0.00541,0.0521855618387858,0.0332945,1.8532324788411456,2158.390836373244,72.20992441597798,210.0762350202426,1.0
Llama2-7B,8,4,2,32,32,1152,0.046392,0.0038090618387858,0.00585,0.0560510618387858,0.0332945,1.9769284788411456,2023.3407747480865,74.21497069870877,199.96704900281503,1.0
Llama2-7B,8,4,2,32,32,1280,0.047248,0.0038090618387858,0.00629,0.0573470618387858,0.0332945,2.018400478841146,1981.7672666707745,74.45064507100032,196.96771575251947,1.0
Llama2-7B,8,4,2,32,32,1408,0.0481095,0.0038090618387858,0.00673,0.0586485618387858,0.0332945,2.060048478841146,1941.701877933547,74.6863727801439,194.0530788621372,1.0
Llama2-7B,8,4,2,32,32,1536,0.0489605,0.0038090618387858,0.00717,0.0599395618387858,0.0332945,2.101360478841146,1903.5287092702488,74.92200616751538,191.28176327732405,1.0
Llama2-7B,8,4,2,32,32,1664,0.049816,0.0038090618387858,0.00761,0.0612350618387858,0.0332945,2.1428164788411457,1866.7020902150407,75.1577062310749,188.5882704128064,1.0
Llama2-7B,8,4,2,32,32,1792,0.050672,0.0038090618387858,0.00805,0.0625310618387858,0.0332945,2.184288478841146,1831.2599451708704,75.39338060336642,185.98382884868963,1.0
Llama2-7B,8,4,2,32,32,1920,0.0515335,0.0038090618387858,0.00849,0.0638325618387858,0.0332945,2.2259364788411458,1796.9964722813909,75.62910831251008,183.44646761938853,1.0
Llama2-7B,8,4,2,32,32,2048,0.0523845,0.0038090618387858,0.00893,0.0651235618387858,0.0332945,2.2672484788411458,1764.2530306358449,75.86474169988149,181.0286003013332,1.0
Llama2-7B,8,4,2,32,32,2176,0.055774,0.0038090618387858,0.00937,0.0689530618387858,0.0332945,2.3897924788411453,1673.7855003793777,77.80809837592061,174.38254916251432,1.0
Llama2-7B,8,4,2,32,32,2304,0.05663,0.0038090618387858,0.00981,0.0702490618387858,0.0332945,2.431264478841145,1645.234418061579,78.04377274821208,172.26684784613312,1.0
Llama2-7B,8,4,2,32,32,2432,0.0574915,0.0038090618387858,0.0102499999999999,0.0715505618387858,0.0332945,2.4729124788411454,1617.525906891164,78.27950045735571,170.19798678360215,1.0
Llama2-7B,8,4,2,32,32,2560,0.0583425,0.0038090618387858,0.0106899999999999,0.0728415618387858,0.0332945,2.5142244788411454,1590.947838453819,78.5151338447272,168.2202807660093,1.0
Llama2-7B,8,4,2,32,32,2688,0.059198,0.0038090618387858,0.01113,0.0741370618387858,0.0332945,2.5556804788411456,1565.14088248378,78.75083390828671,166.28693939889595,1.0
Llama2-7B,8,4,2,32,32,2816,0.060054,0.0038090618387858,0.01157,0.0754330618387858,0.0332945,2.5971524788411458,1540.1483095766512,78.9865082805782,164.4072590513917,1.0
Llama2-7B,8,4,2,32,32,2944,0.0609155,0.0038090618387858,0.01201,0.0767345618387858,0.0332945,2.638800478841145,1515.8402585089111,79.22223598972187,162.56584118517023,1.0
Llama2-7B,8,4,2,32,32,3072,0.0617665,0.0038090618387858,0.01245,0.0780255618387858,0.0332945,2.6801124788411457,1492.47467469334,79.4578693770933,160.80292184495906,1.0
Llama2-7B,8,4,2,32,32,3200,0.065156,0.0038090618387858,0.0128899999999999,0.0818550618387858,0.0332945,2.8026564788411457,1427.217366879703,81.40122605313239,156.16602088282806,1.0
Llama2-7B,8,4,2,32,32,3328,0.066012,0.0038090618387858,0.0133299999999999,0.0831510618387858,0.0332945,2.8441284788411454,1406.4062259345685,81.63690042542392,154.58723494482797,1.0
Llama2-7B,8,4,2,32,32,3456,0.0668735,0.0038090618387858,0.01377,0.0844525618387858,0.0332945,2.8857764788411457,1386.1087403437075,81.87262813456753,153.03638237599264,1.0
Llama2-7B,8,4,2,32,32,3584,0.0677245,0.0038090618387858,0.01421,0.0857435618387858,0.0332945,2.9270884788411458,1366.5456404596375,82.108261521939,151.54829773925783,1.0
Llama2-7B,8,4,2,32,32,3712,0.06858,0.0038090618387858,0.01465,0.0870390618387858,0.0332945,2.968544478841145,1347.4617033737395,82.3439615854985,150.08741904618424,1.0
Llama2-7B,8,4,2,32,32,3840,0.069436,0.0038090618387858,0.01509,0.0883350618387858,0.0332945,3.0100164788411456,1328.8963791786275,82.57963595779007,148.66142195293156,1.0
Llama2-7B,8,4,2,32,32,3968,0.0702975,0.0038090618387858,0.0155299999999999,0.0896365618387858,0.0332945,3.0516644788411456,1310.7600877272655,82.81536366693366,147.2587283810479,1.0
Llama2-7B,8,4,2,32,32,4096,0.0711485,0.0038090618387858,0.0159699999999999,0.0909275618387858,0.0332945,3.0929764788411456,1293.2526410607209,83.05099705430509,145.91136330053536,1.0
Llama2-7B,8,8,1,32,32,128,0.060064,0.0032527518208821,0.00233,0.0656467518208821,0.0623185,2.313014558268229,3458.6898605556808,66.93044797209143,278.5797148545363,1.0
Llama2-7B,8,8,1,32,32,256,0.06092,0.0032527518208821,0.00277,0.0669427518208821,0.0623185,2.354486558268229,3397.7683889960945,67.16547366039207,275.62981640016443,1.0
Llama2-7B,8,8,1,32,32,384,0.0617815,0.0032527518208821,0.00321,0.0682442518208821,0.0623185,2.3961345582682294,3338.710663136498,67.11327685595785,271.57513517783576,1.0
Llama2-7B,8,8,1,32,32,512,0.0626325,0.0032527518208821,0.00365,0.0695352518208821,0.0623185,2.437446558268229,3282.1232419897183,67.6355373889253,269.9698135509733,1.0
Llama2-7B,8,8,1,32,32,640,0.065296,0.0032527518208821,0.00409,0.0726387518208821,0.0623185,2.5367585582682293,3153.6308309377955,69.02985630085682,264.2958845138173,1.0
Llama2-7B,8,8,1,32,32,768,0.066152,0.0032527518208821,0.00453,0.0739347518208821,0.0623185,2.578230558268229,3102.903258339129,69.26488198915746,261.7641265160444,1.0
Llama2-7B,8,8,1,32,32,896,0.0670135,0.0032527518208821,0.00497,0.0752362518208821,0.0623185,2.6198785582682294,3053.576653296516,69.21434354042259,258.2104484186866,1.0
Llama2-7B,8,8,1,32,32,1024,0.0678645,0.0032527518208821,0.00541,0.0765272518208821,0.0623185,2.661190558268229,3006.173299068821,69.73494571769072,256.89036874098656,1.0
Llama2-7B,8,8,1,32,32,1152,0.07129,0.0032527518208821,0.00585,0.0803927518208821,0.0623185,2.784886558268229,2872.648430237952,71.73934331643055,251.5757585791505,1.0
Llama2-7B,8,8,1,32,32,1280,0.072146,0.0032527518208821,0.00629,0.0816887518208821,0.0623185,2.8263585582682293,2830.4972051747645,71.97436900473116,249.4052650345521,1.0
Llama2-7B,8,8,1,32,32,1408,0.0730075,0.0032527518208821,0.00673,0.0829902518208821,0.0623185,2.8680065582682293,2789.3939004207127,71.92383055599633,246.2891845221255,1.0
Llama2-7B,8,8,1,32,32,1536,0.0738585,0.0032527518208821,0.00717,0.0842812518208821,0.0623185,2.909318558268229,2749.7848172260647,72.4444327332644,245.21359333477,1.0
Llama2-7B,8,8,1,32,32,1664,0.076522,0.0032527518208821,0.00761,0.0873847518208821,0.0623185,3.0086305582682296,2659.0170660916265,73.83875164519598,241.23373554401337,1.0
Llama2-7B,8,8,1,32,32,1792,0.077378,0.0032527518208821,0.00805,0.0886807518208821,0.0623185,3.0501025582682293,2622.862624180807,74.0737773334966,239.32441176269927,1.0
Llama2-7B,8,8,1,32,32,1920,0.0782395,0.0032527518208821,0.00849,0.0899822518208821,0.0623185,3.091750558268229,2587.530866164381,74.02323888476172,236.5277094203111,1.0
Llama2-7B,8,8,1,32,32,2048,0.0790905,0.0032527518208821,0.00893,0.0912732518208821,0.0623185,3.133062558268229,2553.4121490449666,74.54384106202981,235.6283025838433,1.0
Llama2-7B,8,8,1,32,32,2176,0.08248,0.0032527518208821,0.00937,0.0951027518208821,0.0623185,3.255606558268229,2457.2993870166792,76.486549054078,231.83362346653124,1.0
Llama2-7B,8,8,1,32,32,2304,0.083336,0.0032527518208821,0.00981,0.0963987518208821,0.0623185,3.297078558268229,2426.390472237323,76.72157474237858,230.1573591916417,1.0
Llama2-7B,8,8,1,32,32,2432,0.0841975,0.0032527518208821,0.0102499999999999,0.0977002518208821,0.0623185,3.338726558268229,2396.1231506630293,76.67103629364374,227.65235397025964,1.0
Llama2-7B,8,8,1,32,32,2560,0.0850485,0.0032527518208821,0.0106899999999999,0.0989912518208821,0.0623185,3.3800385582682293,2366.8369049904622,77.19163847091184,226.9047616092932,1.0
Llama2-7B,8,8,1,32,32,2688,0.087712,0.0032527518208821,0.01113,0.1020947518208821,0.0623185,3.479350558268229,2299.279669014388,78.58595738284338,223.9886143938212,1.0
Llama2-7B,8,8,1,32,32,2816,0.088568,0.0032527518208821,0.01157,0.1033907518208821,0.0623185,3.520822558268229,2272.196302881825,78.82098307114403,222.4871936566932,1.0
Llama2-7B,8,8,1,32,32,2944,0.0894295,0.0032527518208821,0.01201,0.1046922518208821,0.0623185,3.562470558268229,2245.632593771925,78.77044462240913,220.2026306263849,1.0
Llama2-7B,8,8,1,32,32,3072,0.0902805,0.0032527518208821,0.01245,0.1059832518208821,0.0623185,3.603782558268229,2219.8897604533445,79.29104679967725,219.56858568483017,1.0
Llama2-7B,8,8,1,32,32,3200,0.09367,0.0032527518208821,0.0128899999999999,0.1098127518208821,0.0623185,3.726326558268229,2146.8864510140825,81.23375479172543,216.80835590830952,1.0
Llama2-7B,8,8,1,32,32,3328,0.094526,0.0032527518208821,0.0133299999999999,0.1111087518208821,0.0623185,3.767798558268229,2123.2557622923964,81.46878048002606,215.46659247198136,1.0
Llama2-7B,8,8,1,32,32,3456,0.0953875,0.0032527518208821,0.01377,0.1124102518208821,0.0623185,3.809446558268229,2100.042585618209,81.41824203129116,213.3881326989678,1.0
Llama2-7B,8,8,1,32,32,3584,0.0962385,0.0032527518208821,0.01421,0.1137012518208821,0.0623185,3.850758558268229,2077.512749487409,81.93884420855929,212.85359863401675,1.0
Llama2-7B,8,8,1,32,32,3712,0.098902,0.0032527518208821,0.01465,0.1168047518208821,0.0623185,3.950070558268229,2025.28027841288,83.3331631204908,210.6457986706305,1.0
Llama2-7B,8,8,1,32,32,3840,0.099758,0.0032527518208821,0.01509,0.1181007518208821,0.0623185,3.991542558268229,2004.2376808506035,83.56818880879142,209.4272860542298,1.0
Llama2-7B,8,8,1,32,32,3968,0.1006195,0.0032527518208821,0.0155299999999999,0.1194022518208821,0.0623185,4.033190558268229,1983.541289314889,83.51765036005654,207.50861006081465,1.0
Llama2-7B,8,8,1,32,32,4096,0.1014705,0.0032527518208821,0.0159699999999999,0.1206932518208821,0.0623185,4.07450255826823,1963.4298630555309,84.03825253732468,207.05094716524675,1.0
Llama2-7B,8,32,1,32,8,128,0.2168885,0.00032238887363,0.00932,0.2265308888736301,0.237748,7.636736443956163,4190.271621240159,61.66354967441315,284.3099088905735,1.0
Llama2-7B,8,32,1,32,8,256,0.2220725,0.00032238887363,0.01108,0.2334748888736301,0.237748,7.8589444439561635,4071.793639489239,62.18177354085102,280.0066354044334,1.0
Llama2-7B,8,32,1,32,8,384,0.2272565,0.00032238887363,0.01284,0.24041888887363,0.237748,8.081152443956162,3959.831252030468,62.699997407288905,275.89968782978224,1.0
Llama2-7B,8,32,1,32,8,512,0.2324405,0.00032238887363,0.0146,0.2473628888736301,0.237748,8.303360443956164,3853.861363237833,63.21822127372676,271.9759305014693,1.0
Llama2-7B,8,32,1,32,8,640,0.2376245,0.00032238887363,0.01636,0.25430688887363,0.237748,8.525568443956162,3753.415412749989,63.73644514016465,268.22337402146934,1.0
Llama2-7B,8,32,1,32,8,768,0.2428085,0.00032238887363,0.01812,0.2612508888736301,0.237748,8.747776443956164,3658.072449040326,64.25466900660251,264.6310528939576,1.0
Llama2-7B,8,32,1,32,8,896,0.2479925,0.00032238887363,0.01988,0.2681948888736301,0.237748,8.969984443956163,3567.453232492628,64.77289287304038,261.18891850777896,1.0
Llama2-7B,8,32,1,32,8,1024,0.2531765,0.00032238887363,0.02164,0.2751388888736301,0.237748,9.192192443956165,3481.2151937745703,65.29111673947826,257.8877452665561,1.0
Llama2-7B,8,32,1,32,8,1152,0.261011,0.00032238887363,0.0234,0.2847333888736301,0.237748,9.499216443956165,3368.6989015141207,66.30939269655951,254.04826883372536,1.0
Llama2-7B,8,32,1,32,8,1280,0.266195,0.00032238887363,0.02516,0.2916773888736301,0.237748,9.721424443956163,3291.698678982634,66.82761656299739,251.0476025582651,1.0
Llama2-7B,8,32,1,32,8,1408,0.271379,0.00032238887363,0.02692,0.2986213888736301,0.237748,9.943632443956163,3218.13986793628,67.34584042943527,248.1615763542325,1.0
Llama2-7B,8,32,1,32,8,1536,0.276563,0.00032238887363,0.02868,0.3055653888736301,0.237748,10.165840443956164,3147.796798151084,67.86406429587309,245.383743652886,1.0
Llama2-7B,8,32,1,32,8,1664,0.281747,0.00032238887363,0.03044,0.3125093888736301,0.237748,10.388048443956166,3080.4631084116486,68.38228816231099,242.7081323396912,1.0
Llama2-7B,8,32,1,32,8,1792,0.286931,0.00032238887363,0.0322,0.3194533888736301,0.237748,10.610256443956164,3015.949724591992,68.90051202874885,240.12920189435383,1.0
Llama2-7B,8,32,1,32,8,1920,0.292115,0.00032238887363,0.03396,0.3263973888736301,0.237748,10.832464443956164,2954.0830865919893,69.41873589518671,237.64180509452345,1.0
Llama2-7B,8,32,1,32,8,2048,0.297299,0.00032238887363,0.03572,0.3333413888736301,0.237748,11.054672443956164,2894.7035891140417,69.93695976162459,235.24115372612948,1.0
Llama2-7B,8,32,1,32,8,2176,0.305105,0.00032238887363,0.03748,0.3429073888736301,0.237748,11.360784443956163,2816.706905923535,70.93018186118572,232.4779399262081,1.0
Llama2-7B,8,32,1,32,8,2304,0.310289,0.00032238887363,0.03924,0.3498513888736301,0.237748,11.582992443956163,2762.671231534571,71.44840572762362,230.2640626242748,1.0
Llama2-7B,8,32,1,32,8,2432,0.315473,0.00032238887363,0.0409999999999999,0.3567953888736301,0.237748,11.805200443956164,2710.669772352984,71.96662959406147,228.12294425849896,1.0
Llama2-7B,8,32,1,32,8,2560,0.320657,0.00032238887363,0.0427599999999999,0.3637393888736301,0.237748,12.027408443956164,2660.5897811743616,72.48485346049935,226.0510559897315,1.0
Llama2-7B,8,32,1,32,8,2688,0.325841,0.00032238887363,0.04452,0.3706833888736301,0.237748,12.249616443956164,2612.3266917298847,73.00307732693722,224.04509354850128,1.0
Llama2-7B,8,32,1,32,8,2816,0.331025,0.00032238887363,0.04628,0.3776273888736301,0.237748,12.471824443956164,2565.7833898958684,73.52130119337508,222.1019596507064,1.0
Llama2-7B,8,32,1,32,8,2944,0.336209,0.00032238887363,0.04804,0.38457138887363,0.237748,12.694032443956162,2520.8695614478065,74.03952505981292,220.2187480400969,1.0
Llama2-7B,8,32,1,32,8,3072,0.341393,0.00032238887363,0.0498,0.3915153888736301,0.237748,12.916240443956164,2477.5011071409413,74.55774892625082,218.39272898463287,1.0
Llama2-7B,8,32,1,32,8,3200,0.349199,0.00032238887363,0.0515599999999999,0.4010813888736301,0.237748,13.222352443956163,2420.144231946181,75.55097102581193,216.35506122815912,1.0
Llama2-7B,8,32,1,32,8,3328,0.354383,0.00032238887363,0.0533199999999999,0.4080253888736301,0.237748,13.444560443956163,2380.1447532176635,76.06919489224983,214.6524943133553,1.0
Llama2-7B,8,32,1,32,8,3456,0.359567,0.00032238887363,0.05508,0.4149693888736301,0.237748,13.666768443956164,2341.445977607919,76.5874187586877,212.9990203736374,1.0
Llama2-7B,8,32,1,32,8,3584,0.364751,0.00032238887363,0.05684,0.4219133888736301,0.237748,13.888976443956164,2303.9854757565604,77.10564262512558,211.39254621680425,1.0
Llama2-7B,8,32,1,32,8,3712,0.369935,0.00032238887363,0.0586,0.4288573888736301,0.237748,14.111184443956164,2267.7047505892133,77.62386649156345,209.8310959805464,1.0
Llama2-7B,8,32,1,32,8,3840,0.375119,0.00032238887363,0.06036,0.43580138887363,0.237748,14.333392443956162,2232.5489325099143,78.14209035800131,208.31280302517675,1.0
Llama2-7B,8,32,1,32,8,3968,0.380303,0.00032238887363,0.0621199999999999,0.4427453888736301,0.237748,14.555600443956164,2198.466502512933,78.66031422443916,206.83590248943383,1.0
Llama2-7B,8,32,1,32,8,4096,0.385487,0.00032238887363,0.0638799999999999,0.4496893888736301,0.237748,14.777808443956165,2165.4090402753445,79.178538090877,205.39872444693864,1.0
Llama2-7B,20,1,20,32,32,128,0.0190445,0.0083673980058942,0.00233,0.0297418980058942,0.0094145,1.111155236188616,899.9642601065441,207.3060290519315,340.1671562851666,1.0
Llama2-7B,20,1,20,32,32,256,0.0199005,0.0083673980058942,0.00277,0.0310378980058942,0.0094145,1.152627236188616,867.5831774604708,207.5533797360594,325.92362587632743,1.0
Llama2-7B,20,1,20,32,32,384,0.020762,0.0083673980058942,0.00321,0.0323393980058942,0.0094145,1.194275236188616,837.3279204811935,207.80078375703943,312.77210733106085,1.0
Llama2-7B,20,1,20,32,32,512,0.021613,0.0083673980058942,0.00365,0.0336303980058942,0.0094145,1.235587236188616,809.3317660715517,208.04809345624733,300.81445983934333,1.0
Llama2-7B,20,1,20,32,32,640,0.0224685,0.0083673980058942,0.00409,0.0349258980058942,0.0094145,1.277043236188616,783.0588437902368,208.2954698316433,289.70485044568414,1.0
Llama2-7B,20,1,20,32,32,768,0.0233245,0.0083673980058942,0.00453,0.0362218980058942,0.0094145,1.318515236188616,758.4288543306208,208.5428205157713,279.40419477878845,1.0
Llama2-7B,20,1,20,32,32,896,0.024186,0.0083673980058942,0.00497,0.0375233980058942,0.0094145,1.3601632361886162,735.2058733789569,208.7902245367514,269.77154208109977,1.0
Llama2-7B,20,1,20,32,32,1024,0.025037,0.0083673980058942,0.00541,0.0388143980058942,0.0094145,1.401475236188616,713.5338350462413,209.0375342359592,260.9107698555627,1.0
Llama2-7B,20,1,20,32,32,1152,0.0266545,0.0083673980058942,0.00585,0.0408718980058942,0.0094145,1.467315236188616,681.5168106599384,209.89498929816352,246.08296593699407,1.0
Llama2-7B,20,1,20,32,32,1280,0.0275105,0.0083673980058942,0.00629,0.0421678980058942,0.0094145,1.508787236188616,662.7839737868702,210.14233998229147,238.7069709546031,1.0
Llama2-7B,20,1,20,32,32,1408,0.028372,0.0083673980058942,0.00673,0.0434693980058942,0.0094145,1.550435236188616,644.9801814736016,210.38974400327152,231.73126674546148,1.0
Llama2-7B,20,1,20,32,32,1536,0.029223,0.0083673980058942,0.00717,0.0447603980058942,0.0094145,1.5917472361886162,628.2404500317937,210.63705370247945,225.24750806564973,1.0
Llama2-7B,20,1,20,32,32,1664,0.0300785,0.0083673980058942,0.00761,0.0460558980058942,0.0094145,1.633203236188616,612.2936679538343,210.8844300778753,219.09797496329944,1.0
Llama2-7B,20,1,20,32,32,1792,0.0309345,0.0083673980058942,0.00805,0.0473518980058942,0.0094145,1.674675236188616,597.1307023539049,211.1317807620034,213.28510720433832,1.0
Llama2-7B,20,1,20,32,32,1920,0.031796,0.0083673980058942,0.00849,0.0486533980058942,0.0094145,1.7163232361886158,582.6408329824096,211.37918478298337,207.7493874848481,1.0
Llama2-7B,20,1,20,32,32,2048,0.032647,0.0083673980058942,0.00893,0.0499443980058942,0.0094145,1.757635236188616,568.9462633717293,211.6264944821913,202.5707707467295,1.0
Llama2-7B,20,1,20,32,32,2176,0.0342285,0.0083673980058942,0.00937,0.0519658980058942,0.0094145,1.822323236188616,548.7500681226549,212.42225993770387,193.9376724966985,1.0
Llama2-7B,20,1,20,32,32,2304,0.0350845,0.0083673980058942,0.00981,0.0532618980058942,0.0094145,1.863795236188616,536.5396265551996,212.66961062183185,189.4262518186733,1.0
Llama2-7B,20,1,20,32,32,2432,0.035946,0.0083673980058942,0.0102499999999999,0.0545633980058942,0.0094145,1.905443236188616,524.812275174495,212.91701464281184,185.10144960740752,1.0
Llama2-7B,20,1,20,32,32,2560,0.036797,0.0083673980058942,0.0106899999999999,0.0558543980058942,0.0094145,1.946755236188616,513.6752589184317,213.16432434201977,181.03065836041296,1.0
Llama2-7B,20,1,20,32,32,2688,0.0376525,0.0083673980058942,0.01113,0.0571498980058942,0.0094145,1.988211236188616,502.964665825444,213.41170071741573,177.12278460711082,1.0
Llama2-7B,20,1,20,32,32,2816,0.0385085,0.0083673980058942,0.01157,0.0584458980058942,0.0094145,2.029683236188616,492.68771706358575,213.6590514015437,173.38627462244023,1.0
Llama2-7B,20,1,20,32,32,2944,0.03937,0.0083673980058942,0.01201,0.0597473980058942,0.0094145,2.0713312361886165,482.7813063062114,213.9064554225237,169.7885885688054,1.0
Llama2-7B,20,1,20,32,32,3072,0.040221,0.0083673980058942,0.01245,0.0610383980058942,0.0094145,2.112643236188616,473.3406866197073,214.15376512173168,166.38833345899195,1.0
Llama2-7B,20,1,20,32,32,3200,0.0418025,0.0083673980058942,0.0128899999999999,0.0630598980058942,0.0094145,2.177331236188616,459.2778459149304,214.9495305772442,160.68830406169204,1.0
Llama2-7B,20,1,20,32,32,3328,0.0426585,0.0083673980058942,0.0133299999999999,0.0643558980058942,0.0094145,2.218803236188616,450.6934115157348,215.1968812613721,157.64507752072575,1.0
Llama2-7B,20,1,20,32,32,3456,0.04352,0.0083673980058942,0.01377,0.0656573980058942,0.0094145,2.2604512361886164,442.38954771088817,215.44428528235227,154.70206606326994,1.0
Llama2-7B,20,1,20,32,32,3584,0.044371,0.0083673980058942,0.01421,0.0669483980058942,0.0094145,2.301763236188616,434.4495490578145,215.6915949815601,151.9091826457315,1.0
Llama2-7B,20,1,20,32,32,3712,0.0452265,0.0083673980058942,0.01465,0.0682438980058942,0.0094145,2.343219236188616,426.7633111558775,215.93897135695607,149.20661238222897,1.0
Llama2-7B,20,1,20,32,32,3840,0.0460825,0.0083673980058942,0.01509,0.0695398980058942,0.0094145,2.384691236188616,419.3414999915341,216.18632204108408,146.60277901120546,1.0
Llama2-7B,20,1,20,32,32,3968,0.046944,0.0083673980058942,0.0155299999999999,0.0708413980058942,0.0094145,2.426339236188616,412.14352267197273,216.43372606206407,144.0770692620889,1.0
Llama2-7B,20,1,20,32,32,4096,0.047795,0.0083673980058942,0.0159699999999999,0.0721323980058942,0.0094145,2.467651236188616,405.243652480056,216.681035761272,141.67344633413015,1.0
Llama2-7B,20,2,10,32,32,128,0.0200025,0.0078054113551548,0.00233,0.0301379113551548,0.0108005,1.1252136633649552,1777.44020101835,117.8435100123585,368.2149419208801,1.0
Llama2-7B,20,2,10,32,32,256,0.0208585,0.0078054113551548,0.00277,0.0314339113551548,0.0108005,1.1666856633649552,1714.2578012243669,118.08437385657729,353.8257001239821,1.0
Llama2-7B,20,2,10,32,32,384,0.02172,0.0078054113551548,0.00321,0.0327354113551548,0.0108005,1.2083336633649553,1655.1719617166175,118.32529103764826,340.48483839102283,1.0
Llama2-7B,20,2,10,32,32,512,0.022571,0.0078054113551548,0.00365,0.0340264113551548,0.0108005,1.2496456633649553,1600.4536794970704,118.56611389694694,328.314302359629,1.0
Llama2-7B,20,2,10,32,32,640,0.0234265,0.0078054113551548,0.00409,0.0353219113551548,0.0108005,1.2911016633649552,1549.0646916118646,118.80700343243382,316.9674392046236,1.0
Llama2-7B,20,2,10,32,32,768,0.0242825,0.0078054113551548,0.00453,0.0366179113551548,0.0108005,1.3325736633649552,1500.8551159188378,119.04786727665262,306.4137426043773,1.0
Llama2-7B,20,2,10,32,32,896,0.025144,0.0078054113551548,0.00497,0.0379194113551548,0.0108005,1.374221663364955,1455.3692852598083,119.2887844577236,296.5140402723403,1.0
Llama2-7B,20,2,10,32,32,1024,0.025995,0.0078054113551548,0.00541,0.0392104113551548,0.0108005,1.4155336633649551,1412.8946924834502,119.52960731702233,287.38605336848974,1.0
Llama2-7B,20,2,10,32,32,1152,0.0276125,0.0078054113551548,0.00585,0.0412679113551548,0.0108005,1.4813736633649557,1350.0982564095136,120.38057553931743,272.4775363044759,1.0
Llama2-7B,20,2,10,32,32,1280,0.0284685,0.0078054113551548,0.00629,0.0425639113551548,0.0108005,1.5228456633649554,1313.3307255711657,120.62143938353628,264.81338888494366,1.0
Llama2-7B,20,2,10,32,32,1408,0.02933,0.0078054113551548,0.00673,0.0438654113551548,0.0108005,1.564493663364955,1278.368872200061,120.8623565646072,257.5484925089653,1.0
Llama2-7B,20,2,10,32,32,1536,0.030181,0.0078054113551548,0.00717,0.0451564113551548,0.0108005,1.6058056633649551,1245.480723868549,121.10317942390598,250.78521964130155,1.0
Llama2-7B,20,2,10,32,32,1664,0.0310365,0.0078054113551548,0.00761,0.0464519113551548,0.0108005,1.6472616633649553,1214.1361900661768,121.3440689593928,244.35758896660545,1.0
Llama2-7B,20,2,10,32,32,1792,0.0318925,0.0078054113551548,0.00805,0.0477479113551548,0.0108005,1.6887336633649552,1184.3193769317172,121.58493280361164,238.2710135682599,1.0
Llama2-7B,20,2,10,32,32,1920,0.032754,0.0078054113551548,0.00849,0.0490494113551548,0.0108005,1.7303816633649551,1155.814374564474,121.82584998468252,232.463687611976,1.0
Llama2-7B,20,2,10,32,32,2048,0.033605,0.0078054113551548,0.00893,0.0503404113551548,0.0108005,1.7716936633649554,1128.863325165043,122.06667284398132,227.02475979017512,1.0
Llama2-7B,20,2,10,32,32,2176,0.0351865,0.0078054113551548,0.00937,0.0523619113551548,0.0108005,1.836381663364956,1089.0982195581462,122.85595145958476,218.2228117665596,1.0
Llama2-7B,20,2,10,32,32,2304,0.0360425,0.0078054113551548,0.00981,0.0536579113551548,0.0108005,1.8778536633649552,1065.04571629728,123.09681530380362,213.45775005861768,1.0
Llama2-7B,20,2,10,32,32,2432,0.036904,0.0078054113551548,0.0102499999999999,0.0549594113551548,0.0108005,1.919501663364955,1041.9371017860583,123.33773248487456,208.88273033559125,1.0
Llama2-7B,20,2,10,32,32,2560,0.037755,0.0078054113551548,0.0106899999999999,0.0562504113551548,0.0108005,1.960813663364955,1019.9847325460784,123.57855534417328,204.5731614093718,1.0
Llama2-7B,20,2,10,32,32,2688,0.0386105,0.0078054113551548,0.01113,0.0575459113551548,0.0108005,2.0022696633649555,998.8664547006416,123.81944487966013,200.43033125649129,1.0
Llama2-7B,20,2,10,32,32,2816,0.0394665,0.0078054113551548,0.01157,0.0588419113551548,0.0108005,2.043741663364956,978.5972639551046,124.06030872387896,196.46457869946505,1.0
Llama2-7B,20,2,10,32,32,2944,0.040328,0.0078054113551548,0.01201,0.0601434113551548,0.0108005,2.085389663364956,959.053377474226,124.30122590494987,192.6410092010356,1.0
Llama2-7B,20,2,10,32,32,3072,0.041179,0.0078054113551548,0.01245,0.0614344113551548,0.0108005,2.126701663364956,940.423395745841,124.54204876424863,189.02542674094897,1.0
Llama2-7B,20,2,10,32,32,3200,0.0427605,0.0078054113551548,0.0128899999999999,0.0634559113551548,0.0108005,2.1913896633649554,912.662879375332,125.33132737985208,183.1879412364392,1.0
Llama2-7B,20,2,10,32,32,3328,0.0436165,0.0078054113551548,0.0133299999999999,0.0647519113551548,0.0108005,2.232861663364956,895.7115583174868,125.5721912240709,179.93791229246804,1.0
Llama2-7B,20,2,10,32,32,3456,0.044478,0.0078054113551548,0.01377,0.0660534113551548,0.0108005,2.2745096633649555,879.3103991658403,125.81310840514182,176.79120633394865,1.0
Llama2-7B,20,2,10,32,32,3584,0.045329,0.0078054113551548,0.01421,0.0673444113551548,0.0108005,2.3158216633649555,863.6243591805521,126.0539312644406,173.80420269645342,1.0
Llama2-7B,20,2,10,32,32,3712,0.0461845,0.0078054113551548,0.01465,0.0686399113551548,0.0108005,2.357277663364956,848.4363259714808,126.29482079992744,170.91072329451356,1.0
Llama2-7B,20,2,10,32,32,3840,0.0470405,0.0078054113551548,0.01509,0.0699359113551548,0.0108005,2.3987496633649554,833.7677042940816,126.53568464414624,168.12066815316888,1.0
Llama2-7B,20,2,10,32,32,3968,0.047902,0.0078054113551548,0.0155299999999999,0.0712374113551548,0.0108005,2.440397663364956,819.5385653837618,126.77660182521716,165.4114152660864,1.0
Llama2-7B,20,2,10,32,32,4096,0.048753,0.0078054113551548,0.0159699999999999,0.0725284113551548,0.0108005,2.481709663364956,805.8960439748604,127.01742468451596,162.8328316776864,1.0
Llama2-7B,20,4,5,32,32,128,0.025021,0.0072859994506835,0.00233,0.0346369994506835,0.0172205,1.275604482421875,3135.768222141679,93.35112881885964,466.3638984196258,1.0
Llama2-7B,20,4,5,32,32,256,0.025877,0.0072859994506835,0.00277,0.0359329994506835,0.0172205,1.317076482421875,3037.0294006348777,93.58874924312389,452.0846178224095,1.0
Llama2-7B,20,4,5,32,32,384,0.0267385,0.0072859994506835,0.00321,0.0372344994506835,0.0172205,1.358724482421875,2943.937532405504,93.82642300424028,438.6297988118269,1.0
Llama2-7B,20,4,5,32,32,512,0.0275895,0.0072859994506835,0.00365,0.0385254994506835,0.0172205,1.400036482421875,2857.068405160798,94.06400244358444,426.1766362365414,1.0
Llama2-7B,20,4,5,32,32,640,0.028445,0.0072859994506835,0.00409,0.0398209994506836,0.0172205,1.441492482421875,2774.90174161681,94.30164855911671,414.403447702218,1.0
Llama2-7B,20,4,5,32,32,768,0.029301,0.0072859994506835,0.00453,0.0411169994506835,0.0172205,1.482964482421875,2697.2999336217927,94.539268983381,403.3107615072054,1.0
Llama2-7B,20,4,5,32,32,896,0.0301625,0.0072859994506835,0.00497,0.0424184994506835,0.0172205,1.524612482421875,2623.617506821095,94.77694274449736,392.7763893265535,1.0
Llama2-7B,20,4,5,32,32,1024,0.0310135,0.0072859994506835,0.00541,0.0437094994506835,0.0172205,1.565924482421875,2554.401597843057,95.01452218384152,382.9563020291226,1.0
Llama2-7B,20,4,5,32,32,1152,0.032631,0.0072859994506835,0.00585,0.0457669994506836,0.0172205,1.631764482421875,2451.334149682664,95.86224698618214,367.2207677752066,1.0
Llama2-7B,20,4,5,32,32,1280,0.033487,0.0072859994506835,0.00629,0.0470629994506835,0.0172205,1.673236482421875,2390.576611269151,96.09986741044638,358.7207999016273,1.0
Llama2-7B,20,4,5,32,32,1408,0.0343485,0.0072859994506835,0.00673,0.0483644994506835,0.0172205,1.714884482421875,2332.5186279316795,96.33754117156276,350.5886034745432,1.0
Llama2-7B,20,4,5,32,32,1536,0.0351995,0.0072859994506835,0.00717,0.0496554994506836,0.0172205,1.7561964824218752,2277.6494771722905,96.57512061090694,342.9562941622287,1.0
Llama2-7B,20,4,5,32,32,1664,0.036055,0.0072859994506835,0.00761,0.0509509994506835,0.0172205,1.797652482421875,2225.124176732439,96.81276672643918,335.6426526363861,1.0
Llama2-7B,20,4,5,32,32,1792,0.036911,0.0072859994506835,0.00805,0.0522469994506836,0.0172205,1.839124482421875,2174.9479375819888,97.05038715070346,328.6634985190847,1.0
Llama2-7B,20,4,5,32,32,1920,0.0377725,0.0072859994506835,0.00849,0.0535484994506836,0.0172205,1.8807724824218752,2126.785689063884,97.28806091181984,321.9540039440725,1.0
Llama2-7B,20,4,5,32,32,2048,0.0386235,0.0072859994506835,0.00893,0.0548394994506835,0.0172205,1.922084482421875,2081.073978059434,97.525640351164,315.6292165105571,1.0
Llama2-7B,20,4,5,32,32,2176,0.040205,0.0072859994506835,0.00937,0.0568609994506836,0.0172205,1.986772482421875,2013.315583636432,98.31167554681292,305.6574914401595,1.0
Llama2-7B,20,4,5,32,32,2304,0.041061,0.0072859994506835,0.00981,0.0581569994506835,0.0172205,2.028244482421876,1972.1488384002407,98.54929597107716,300.008816063531,1.0
Llama2-7B,20,4,5,32,32,2432,0.0419225,0.0072859994506835,0.0102499999999999,0.0594584994506836,0.0172205,2.069892482421875,1932.467523781624,98.78696973219353,294.55235772017875,1.0
Llama2-7B,20,4,5,32,32,2560,0.0427735,0.0072859994506835,0.0106899999999999,0.0607494994506835,0.0172205,2.111204482421875,1894.653044413484,99.02454917153771,289.38638751662165,1.0
Llama2-7B,20,4,5,32,32,2688,0.045437,0.0072859994506835,0.01113,0.0638529994506836,0.0172205,2.210516482421875,1809.5318590963595,100.42146281943292,276.2656612987019,1.0
Llama2-7B,20,4,5,32,32,2816,0.046293,0.0072859994506835,0.01157,0.0651489994506836,0.0172205,2.251988482421875,1776.2080184789604,100.6590832436972,271.79887683801326,1.0
Llama2-7B,20,4,5,32,32,2944,0.0471545,0.0072859994506835,0.01201,0.0664504994506836,0.0172205,2.293636482421875,1743.9555180846955,100.89675700481357,267.46322462546937,1.0
Llama2-7B,20,4,5,32,32,3072,0.0480055,0.0072859994506835,0.01245,0.0677414994506836,0.0172205,2.334948482421875,1713.099894971167,101.13433644415774,263.3404933917929,1.0
Llama2-7B,20,4,5,32,32,3200,0.049587,0.0072859994506835,0.0128899999999999,0.0697629994506836,0.0172205,2.399636482421875,1666.919147671455,101.92037163980665,256.9231140213328,1.0
Llama2-7B,20,4,5,32,32,3328,0.050443,0.0072859994506835,0.0133299999999999,0.0710589994506836,0.0172205,2.441108482421875,1638.5998528142084,102.15799206407092,253.15205297085544,1.0
Llama2-7B,20,4,5,32,32,3456,0.0513045,0.0072859994506835,0.01377,0.0723604994506836,0.0172205,2.482756482421875,1611.112498676506,102.3956658251873,249.48022548019,1.0
Llama2-7B,20,4,5,32,32,3584,0.0521555,0.0072859994506835,0.01421,0.0736514994506836,0.0172205,2.524068482421875,1584.7430558468643,102.63324526453142,245.9789601876395,1.0
Llama2-7B,20,4,5,32,32,3712,0.053011,0.0072859994506835,0.01465,0.0749469994506836,0.0172205,2.565524482421876,1559.135384365527,102.87089138006375,242.5696821887526,1.0
Llama2-7B,20,4,5,32,32,3840,0.053867,0.0072859994506835,0.01509,0.0762429994506836,0.0172205,2.606996482421875,1534.3327185021892,103.10851180432796,239.26641497653475,1.0
Llama2-7B,20,4,5,32,32,3968,0.0547285,0.0072859994506835,0.0155299999999999,0.0775444994506835,0.0172205,2.648644482421875,1510.2064571317887,103.34618556544436,236.042887995844,1.0
Llama2-7B,20,4,5,32,32,4096,0.0555795,0.0072859994506835,0.0159699999999999,0.0788354994506835,0.0172205,2.689956482421875,1487.012903791901,103.58376500478856,232.96306418011267,1.0
Llama2-7B,20,5,4,32,32,128,0.025979,0.007115700465611,0.00233,0.035424700465611,0.0186065,1.3021969148995534,3839.665063548151,80.35710176548481,483.30563727845583,1.0
Llama2-7B,20,5,4,32,32,256,0.026835,0.007115700465611,0.00277,0.036720700465611,0.0186065,1.3436689148995535,3721.1547759693294,80.59407350575817,469.268641150539,1.0
Llama2-7B,20,5,4,32,32,384,0.0276965,0.007115700465611,0.00321,0.038022200465611,0.0186065,1.3853169148995534,3609.282429329566,80.83109858288361,456.0092124844497,1.0
Llama2-7B,20,5,4,32,32,512,0.0285475,0.007115700465611,0.00365,0.039313200465611,0.0186065,1.4266289148995537,3504.7656386188146,81.06802933823691,443.7123945739386,1.0
Llama2-7B,20,5,4,32,32,640,0.029403,0.007115700465611,0.00409,0.040608700465611,0.0186065,1.4680849148995534,3405.797545669966,81.30502676977824,432.06170910375977,1.0
Llama2-7B,20,5,4,32,32,768,0.030259,0.007115700465611,0.00453,0.041904700465611,0.0186065,1.5095569148995536,3312.2301985763165,81.5419985100516,421.0627339699117,1.0
Llama2-7B,20,5,4,32,32,896,0.0311205,0.007115700465611,0.00497,0.043206200465611,0.0186065,1.5512049148995537,3223.3007721766853,81.77902358717706,410.5966303721473,1.0
Llama2-7B,20,5,4,32,32,1024,0.0319715,0.007115700465611,0.00541,0.044497200465611,0.0186065,1.5925169148995535,3139.684076960257,82.01595434253034,400.8255122850151,1.0
Llama2-7B,20,5,4,32,32,1152,0.033589,0.007115700465611,0.00585,0.046554700465611,0.0186065,1.6583569148995536,3015.032503001834,82.86303046087998,385.4639468133167,1.0
Llama2-7B,20,5,4,32,32,1280,0.034445,0.007115700465611,0.00629,0.047850700465611,0.0186065,1.6998289148995538,2941.472495363135,83.10000220115333,376.9596557970738,1.0
Llama2-7B,20,5,4,32,32,1408,0.0353065,0.007115700465611,0.00673,0.049152200465611,0.0186065,1.7414769148995537,2871.12620168634,83.33702727827878,368.8105734703543,1.0
Llama2-7B,20,5,4,32,32,1536,0.0361575,0.007115700465611,0.00717,0.050443200465611,0.0186065,1.7827889148995535,2804.594508196003,83.57395803363204,361.15414347659583,1.0
Llama2-7B,20,5,4,32,32,1664,0.037013,0.007115700465611,0.00761,0.051738700465611,0.0186065,1.8242449148995528,2740.860045250728,83.81095546517341,353.8070891695713,1.0
Llama2-7B,20,5,4,32,32,1792,0.037869,0.007115700465611,0.00805,0.053034700465611,0.0186065,1.8657169148995536,2679.934967663189,84.04792720544677,346.7873095632591,1.0
Llama2-7B,20,5,4,32,32,1920,0.0387305,0.007115700465611,0.00849,0.054336200465611,0.0186065,1.9073649148995533,2621.417622260978,84.28495228257225,340.02979032421257,1.0
Llama2-7B,20,5,4,32,32,2048,0.0395815,0.007115700465611,0.00893,0.055627200465611,0.0186065,1.9486769148995533,2565.843502209154,84.52188303792549,333.6544654617905,1.0
Llama2-7B,20,5,4,32,32,2176,0.042971,0.007115700465611,0.00937,0.059456700465611,0.0186065,2.0712209148995537,2414.035105590116,86.46653708194643,314.4073076971475,1.0
Llama2-7B,20,5,4,32,32,2304,0.043827,0.007115700465611,0.00981,0.060752700465611,0.0186065,2.112692914899553,2366.64778148211,86.70350882221975,309.11135267008547,1.0
Llama2-7B,20,5,4,32,32,2432,0.0446885,0.007115700465611,0.0102499999999999,0.062054200465611,0.0186065,2.154340914899554,2320.8954374025457,86.94053389934521,303.981078393159,1.0
Llama2-7B,20,5,4,32,32,2560,0.0455395,0.007115700465611,0.0106899999999999,0.063345200465611,0.0186065,2.1956529148995534,2277.226954255992,87.17746465469847,299.1134916346608,1.0
Llama2-7B,20,5,4,32,32,2688,0.046395,0.007115700465611,0.01113,0.064640700465611,0.0186065,2.237108914899553,2235.0275244531404,87.41446208623981,294.3961569344752,1.0
Llama2-7B,20,5,4,32,32,2816,0.047251,0.007115700465611,0.01157,0.065936700465611,0.0186065,2.2785809148995537,2194.3482310876875,87.65143382651317,289.8464907704108,1.0
Llama2-7B,20,5,4,32,32,2944,0.0481125,0.007115700465611,0.01201,0.067238200465611,0.0186065,2.3202289148995536,2154.9597834472543,87.88845890363861,285.426275992591,1.0
Llama2-7B,20,5,4,32,32,3072,0.0489635,0.007115700465611,0.01245,0.068529200465611,0.0186065,2.3615409148995536,2117.2616440620386,88.12538965899189,281.2215657421852,1.0
Llama2-7B,20,5,4,32,32,3200,0.050545,0.007115700465611,0.0128899999999999,0.070550700465611,0.0186065,2.426228914899553,2060.811314750571,88.91077617064987,274.85030718496466,1.0
Llama2-7B,20,5,4,32,32,3328,0.051401,0.007115700465611,0.0133299999999999,0.071846700465611,0.0186065,2.4677009148995537,2026.1774714313472,89.14774791092323,270.99347505071404,1.0
Llama2-7B,20,5,4,32,32,3456,0.0522625,0.007115700465611,0.01377,0.073148200465611,0.0186065,2.509348914899554,1992.5487325863344,89.38477298804868,267.2350304593658,1.0
Llama2-7B,20,5,4,32,32,3584,0.0531135,0.007115700465611,0.01421,0.074439200465611,0.0186065,2.550660914899554,1960.2762447931664,89.62170374340195,263.6503188437319,1.0
Llama2-7B,20,5,4,32,32,3712,0.053969,0.007115700465611,0.01465,0.075734700465611,0.0186065,2.5921169148995538,1928.925339462844,89.8587011749433,260.1571653835516,1.0
Llama2-7B,20,5,4,32,32,3840,0.054825,0.007115700465611,0.01509,0.077030700465611,0.0186065,2.633588914899554,1898.549911002607,90.09567291521664,256.77061364345843,1.0
Llama2-7B,20,5,4,32,32,3968,0.0556865,0.007115700465611,0.0155299999999999,0.078332200465611,0.0186065,2.675236914899554,1868.9933486461828,90.3326979923421,253.46330010511448,1.0
Llama2-7B,20,5,4,32,32,4096,0.0565375,0.007115700465611,0.0159699999999999,0.079623200465611,0.0186065,2.7165489148995534,1840.5705756212672,90.56962874769538,250.3029757563989,1.0
Llama2-7B,20,10,2,32,32,128,0.036974,0.0064004447283063,0.00233,0.0457044447283063,0.0332945,1.645836731305803,6075.936822764929,70.56015341480528,596.3663098968641,1.0
Llama2-7B,20,10,2,32,32,256,0.03783,0.0064004447283063,0.00277,0.0470004447283063,0.0332945,1.6873087313058035,5926.597672650592,70.79582778709681,584.8188258912968,1.0
Llama2-7B,20,10,2,32,32,384,0.0386915,0.0064004447283063,0.00321,0.0483019447283063,0.0332945,1.7289567313058032,5783.834736250137,71.03155549624043,573.7012287601964,1.0
Llama2-7B,20,10,2,32,32,512,0.0395425,0.0064004447283063,0.00365,0.0495929447283063,0.0332945,1.7702687313058034,5648.859872604597,71.26718888361185,563.2167042075922,1.0
Llama2-7B,20,10,2,32,32,640,0.040398,0.0064004447283063,0.00409,0.0508884447283063,0.0332945,1.811724731305804,5519.602303376674,71.50288894717141,553.1128470714159,1.0
Llama2-7B,20,10,2,32,32,768,0.041254,0.0064004447283063,0.00453,0.0521844447283063,0.0332945,1.8531967313058035,5396.081177497965,71.73856331946294,543.4212691455898,1.0
Llama2-7B,20,10,2,32,32,896,0.0421155,0.0064004447283063,0.00497,0.0534859447283063,0.0332945,1.894844731305804,5277.477270187014,71.97429102860659,534.0543492642745,1.0
Llama2-7B,20,10,2,32,32,1024,0.0429665,0.0064004447283063,0.00541,0.0547769447283063,0.0332945,1.9361567313058032,5164.871127584643,72.20992441597798,525.1905875506064,1.0
Llama2-7B,20,10,2,32,32,1152,0.046392,0.0064004447283063,0.00585,0.0586424447283063,0.0332945,2.059852731305804,4854.715994021909,74.21497069870877,499.9176225070375,1.0
Llama2-7B,20,10,2,32,32,1280,0.047248,0.0064004447283063,0.00629,0.0599384447283063,0.0332945,2.101324731305804,4758.9027297964585,74.45064507100032,492.41928938129854,1.0
Llama2-7B,20,10,2,32,32,1408,0.0481095,0.0064004447283063,0.00673,0.0612399447283063,0.0332945,2.142972731305804,4666.414954289492,74.6863727801439,485.132697155343,1.0
Llama2-7B,20,10,2,32,32,1536,0.0489605,0.0064004447283063,0.00717,0.0625309447283063,0.0332945,2.184284731305803,4578.157717570927,74.92200616751538,478.2044081933101,1.0
Llama2-7B,20,10,2,32,32,1664,0.049816,0.0064004447283063,0.00761,0.0638264447283063,0.0332945,2.2257407313058035,4492.886282461648,75.1577062310749,471.470676032016,1.0
Llama2-7B,20,10,2,32,32,1792,0.050672,0.0064004447283063,0.00805,0.0651224447283063,0.0332945,2.267212731305804,4410.702119796448,75.39338060336642,464.9595721217244,1.0
Llama2-7B,20,10,2,32,32,1920,0.0515335,0.0064004447283063,0.00849,0.0664239447283063,0.0332945,2.308860731305803,4331.140403754185,75.62910831251008,458.6161690484711,1.0
Llama2-7B,20,10,2,32,32,2048,0.0523845,0.0064004447283063,0.00893,0.0677149447283063,0.0332945,2.350172731305803,4255.006394548625,75.86474169988149,452.571500753333,1.0
Llama2-7B,20,10,2,32,32,2176,0.055774,0.0064004447283063,0.00937,0.0715444447283063,0.0332945,2.472716731305803,4044.134887508589,77.80809837592061,435.9563729062858,1.0
Llama2-7B,20,10,2,32,32,2304,0.05663,0.0064004447283063,0.00981,0.0728404447283063,0.0332945,2.514188731305804,3977.4261476409774,78.04377274821208,430.6671196153328,1.0
Llama2-7B,20,10,2,32,32,2432,0.0574915,0.0064004447283063,0.0102499999999999,0.0741419447283063,0.0332945,2.5558367313058032,3912.612991867793,78.27950045735571,425.4949669590056,1.0
Llama2-7B,20,10,2,32,32,2560,0.0583425,0.0064004447283063,0.0106899999999999,0.0754329447283063,0.0332945,2.597148731305804,3850.376329803864,78.5151338447272,420.5507019150234,1.0
Llama2-7B,20,10,2,32,32,2688,0.059198,0.0064004447283063,0.01113,0.0767284447283063,0.0332945,2.6386047313058034,3789.881781592637,78.75083390828671,415.7173484972396,1.0
Llama2-7B,20,10,2,32,32,2816,0.060054,0.0064004447283063,0.01157,0.0780244447283063,0.0332945,2.680076731305803,3731.236454236793,78.9865082805782,411.01814762847937,1.0
Llama2-7B,20,10,2,32,32,2944,0.0609155,0.0064004447283063,0.01201,0.0793259447283063,0.0332945,2.7217247313058035,3674.140843479897,79.22223598972187,406.4146029629255,1.0
Llama2-7B,20,10,2,32,32,3072,0.0617665,0.0064004447283063,0.01245,0.0806169447283063,0.0332945,2.7630367313058035,3619.20631987908,79.4578693770933,402.00730461239766,1.0
Llama2-7B,20,10,2,32,32,3200,0.065156,0.0064004447283063,0.0128899999999999,0.0844464447283063,0.0332945,2.8855807313058035,3465.5069225787106,81.40122605313239,390.41505220707023,1.0
Llama2-7B,20,10,2,32,32,3328,0.066012,0.0064004447283063,0.0133299999999999,0.0857424447283063,0.0332945,2.9270527313058032,3416.405824550638,81.63690042542392,386.46808736207015,1.0
Llama2-7B,20,10,2,32,32,3456,0.0668735,0.0064004447283063,0.01377,0.0870439447283063,0.0332945,2.968700731305804,3368.476955102656,81.87262813456753,382.5909559399815,1.0
Llama2-7B,20,10,2,32,32,3584,0.0677245,0.0064004447283063,0.01421,0.0883349447283063,0.0332945,3.010012731305804,3322.2450842132484,82.108261521939,378.8707443481448,1.0
Llama2-7B,20,10,2,32,32,3712,0.06858,0.0064004447283063,0.01465,0.0896304447283063,0.0332945,3.051468731305804,3277.1104279743804,82.3439615854985,375.21854761546047,1.0
Llama2-7B,20,10,2,32,32,3840,0.069436,0.0064004447283063,0.01509,0.0909264447283063,0.0332945,3.092940731305803,3233.168970482702,82.57963595779007,371.6535548823289,1.0
Llama2-7B,20,10,2,32,32,3968,0.0702975,0.0064004447283063,0.0155299999999999,0.0922279447283063,0.0332945,3.1345887313058034,3190.2111751145776,82.81536366693366,368.1468209526196,1.0
Llama2-7B,20,10,2,32,32,4096,0.0711485,0.0064004447283063,0.0159699999999999,0.0935189447283063,0.0332945,3.1759007313058034,3148.7130253874147,83.05099705430509,364.7784082513383,1.0
Llama2-7B,20,20,1,32,32,128,0.060064,0.0049699332536969,0.00233,0.0673639332536969,0.0623185,2.3679643641183032,8446.073050363186,66.93044797209143,696.4492871363403,1.0
Llama2-7B,20,20,1,32,32,256,0.06092,0.0049699332536969,0.00277,0.0686599332536969,0.0623185,2.4094363641183034,8300.696502237235,67.16547366039207,689.0745410004108,1.0
Llama2-7B,20,20,1,32,32,384,0.0617815,0.0049699332536969,0.00321,0.069961433253697,0.0623185,2.451084364118304,8159.653862911542,67.11327685595785,678.9378379445894,1.0
Llama2-7B,20,20,1,32,32,512,0.0626325,0.0049699332536969,0.00365,0.0712524332536969,0.0623185,2.492396364118304,8024.405864143158,67.6355373889253,674.924533877433,1.0
Llama2-7B,20,20,1,32,32,640,0.065296,0.0049699332536969,0.00409,0.0743559332536969,0.0623185,2.591708364118304,7716.91764277806,69.02985630085682,660.739711284543,1.0
Llama2-7B,20,20,1,32,32,768,0.066152,0.0049699332536969,0.00453,0.075651933253697,0.0623185,2.633180364118304,7595.377921138652,69.26488198915746,654.4103162901107,1.0
Llama2-7B,20,20,1,32,32,896,0.0670135,0.0049699332536969,0.00497,0.076953433253697,0.0623185,2.674828364118304,7477.115267765057,69.21434354042259,645.5261210467162,1.0
Llama2-7B,20,20,1,32,32,1024,0.0678645,0.0049699332536969,0.00541,0.0782444332536969,0.0623185,2.716140364118304,7363.389707030946,69.73494571769072,642.2259218524661,1.0
Llama2-7B,20,20,1,32,32,1152,0.07129,0.0049699332536969,0.00585,0.0821099332536969,0.0623185,2.8398363641183035,7042.659306959571,71.73934331643055,628.9393964478762,1.0
Llama2-7B,20,20,1,32,32,1280,0.072146,0.0049699332536969,0.00629,0.083405933253697,0.0623185,2.881308364118304,6941.291063832423,71.97436900473116,623.5131625863801,1.0
Llama2-7B,20,20,1,32,32,1408,0.0730075,0.0049699332536969,0.00673,0.0847074332536969,0.0623185,2.922956364118304,6842.387469589512,71.92383055599633,615.7229613053138,1.0
Llama2-7B,20,20,1,32,32,1536,0.0738585,0.0049699332536969,0.00717,0.0859984332536969,0.0623185,2.964268364118303,6747.027442621185,72.4444327332644,613.0339833369248,1.0
Llama2-7B,20,20,1,32,32,1664,0.076522,0.0049699332536969,0.00761,0.089101933253697,0.0623185,3.063580364118304,6528.309240471315,73.83875164519598,603.0843388600333,1.0
Llama2-7B,20,20,1,32,32,1792,0.077378,0.0049699332536969,0.00805,0.090397933253697,0.0623185,3.105052364118304,6441.115206660647,74.0737773334966,598.3110294067479,1.0
Llama2-7B,20,20,1,32,32,1920,0.0782395,0.0049699332536969,0.00849,0.0916994332536969,0.0623185,3.146700364118304,6355.864138848168,74.02323888476172,591.3192735507777,1.0
Llama2-7B,20,20,1,32,32,2048,0.0790905,0.0049699332536969,0.00893,0.0929904332536969,0.0623185,3.188012364118304,6273.5013907423545,74.54384106202981,589.0707564596082,1.0
Llama2-7B,20,20,1,32,32,2176,0.08248,0.0049699332536969,0.00937,0.0968199332536969,0.0623185,3.310556364118304,6041.280618802143,76.486549054078,579.584058666328,1.0
Llama2-7B,20,20,1,32,32,2304,0.083336,0.0049699332536969,0.00981,0.0981159332536969,0.0623185,3.352028364118304,5966.53662423906,76.72157474237858,575.3933979791041,1.0
Llama2-7B,20,20,1,32,32,2432,0.0841975,0.0049699332536969,0.0102499999999999,0.0994174332536969,0.0623185,3.393676364118303,5893.3138738455145,76.67103629364374,569.130884925649,1.0
Llama2-7B,20,20,1,32,32,2560,0.0850485,0.0049699332536969,0.0106899999999999,0.100708433253697,0.0623185,3.434988364118304,5822.436025961217,77.19163847091184,567.2619040232324,1.0
Llama2-7B,20,20,1,32,32,2688,0.087712,0.0049699332536969,0.01113,0.1038119332536969,0.0623185,3.5343003641183035,5658.828605244866,78.58595738284338,559.9715359845529,1.0
Llama2-7B,20,20,1,32,32,2816,0.088568,0.0049699332536969,0.01157,0.1051079332536969,0.0623185,3.5757723641183032,5593.197207040752,78.82098307114403,556.217984141733,1.0
Llama2-7B,20,20,1,32,32,2944,0.0894295,0.0049699332536969,0.01201,0.1064094332536969,0.0623185,3.617420364118303,5528.801739046639,78.77044462240913,550.5065765659622,1.0
Llama2-7B,20,20,1,32,32,3072,0.0902805,0.0049699332536969,0.01245,0.1077004332536969,0.0623185,3.658732364118304,5466.374145357769,79.29104679967725,548.9214642120754,1.0
Llama2-7B,20,20,1,32,32,3200,0.09367,0.0049699332536969,0.0128899999999999,0.1115299332536969,0.0623185,3.781276364118304,5289.219320170872,81.23375479172543,542.0208897707736,1.0
Llama2-7B,20,20,1,32,32,3328,0.094526,0.0049699332536969,0.0133299999999999,0.1128259332536969,0.0623185,3.8227483641183033,5231.837959235618,81.46878048002606,538.6664811799533,1.0
Llama2-7B,20,20,1,32,32,3456,0.0953875,0.0049699332536969,0.01377,0.114127433253697,0.0623185,3.864396364118304,5175.452545630158,81.41824203129116,533.4703317474192,1.0
Llama2-7B,20,20,1,32,32,3584,0.0962385,0.0049699332536969,0.01421,0.115418433253697,0.0623185,3.905708364118304,5120.710031434954,81.93884420855929,532.1339965850415,1.0
Llama2-7B,20,20,1,32,32,3712,0.098902,0.0049699332536969,0.01465,0.1185219332536969,0.0623185,4.005020364118304,4993.732411246542,83.3331631204908,526.6144966765762,1.0
Llama2-7B,20,20,1,32,32,3840,0.099758,0.0049699332536969,0.01509,0.119817933253697,0.0623185,4.046492364118304,4942.552265104256,83.56818880879142,523.5682151355743,1.0
Llama2-7B,20,20,1,32,32,3968,0.1006195,0.0049699332536969,0.0155299999999999,0.1211194332536969,0.0623185,4.088140364118304,4892.19992922465,83.51765036005654,518.7715251520364,1.0
Llama2-7B,20,20,1,32,32,4096,0.1014705,0.0049699332536969,0.0159699999999999,0.1224104332536969,0.0623185,4.129452364118304,4843.257225530505,84.03825253732468,517.6273679131167,1.0
Llama2-7B,20,32,1,32,16,128,0.111627,0.0005461428179059,0.00466,0.1168331428179059,0.12064,4.009300570172991,7981.442009626951,63.19612738218126,566.1365743250401,0.8
Llama2-7B,20,32,1,32,16,256,0.1133425,0.0005461428179059,0.00554,0.1194286428179059,0.12064,4.092356570172991,7819.455477861085,63.42683375025373,559.6032710611972,0.8
Llama2-7B,20,32,1,32,16,384,0.116827,0.0005461428179059,0.00642,0.1237931428179059,0.12064,4.232020570172991,7561.399919824101,64.23699392555932,549.8471579819674,0.8
Llama2-7B,20,32,1,32,16,512,0.1185425,0.0005461428179059,0.0073,0.1263886428179059,0.12064,4.315076570172991,7415.859134735383,64.46770029363181,543.8361793755977,0.8
Llama2-7B,20,32,1,32,16,640,0.122027,0.0005461428179059,0.00818,0.1307531428179059,0.12064,4.454740570172991,7183.358827730196,65.2778604689374,534.9460403757973,0.8
Llama2-7B,20,32,1,32,16,768,0.1237425,0.0005461428179059,0.00906,0.1333486428179059,0.12064,4.537796570172992,7051.880688159647,65.50856683700984,529.3942407581052,0.8
Llama2-7B,20,32,1,32,16,896,0.127227,0.0005461428179059,0.00994,0.1377131428179059,0.12064,4.677460570172991,6841.319027691239,66.31872701231543,521.2629945869622,0.8
Llama2-7B,20,32,1,32,16,1024,0.1289425,0.0005461428179059,0.01082,0.1403086428179059,0.12064,4.760516570172991,6721.95958743132,66.5494333803879,516.1171326784258,0.8
Llama2-7B,20,32,1,32,16,1152,0.1338135,0.0005461428179059,0.0117,0.1460596428179059,0.12064,4.944548570172991,6471.773822393749,67.89629810673182,507.3949796300959,0.8
Llama2-7B,20,32,1,32,16,1280,0.135529,0.0005461428179059,0.01258,0.1486551428179059,0.12064,5.027604570172992,6364.860154246167,68.12700447480428,502.67473732414686,0.8
Llama2-7B,20,32,1,32,16,1408,0.1390135,0.0005461428179059,0.01346,0.1530196428179059,0.12064,5.167268570172992,6192.826938532575,68.93716465010986,495.902661612792,0.8
Llama2-7B,20,32,1,32,16,1536,0.140729,0.0005461428179059,0.01434,0.1556151428179059,0.12064,5.250324570172991,6094.861293298225,69.16787101818238,491.49692684650887,0.8
Llama2-7B,20,32,1,32,16,1664,0.1442135,0.0005461428179059,0.01522,0.1599796428179059,0.12064,5.389988570172991,5936.932812266235,69.97803119348794,485.23911557162086,0.8
Llama2-7B,20,32,1,32,16,1792,0.145929,0.0005461428179059,0.0161,0.1625751428179059,0.12064,5.473044570172991,5846.8370921723645,70.2087375615604,481.1157313594995,0.8
Llama2-7B,20,32,1,32,16,1920,0.1494135,0.0005461428179059,0.01698,0.1669396428179059,0.12064,5.612708570172991,5701.347148158401,71.018897736866,475.3178108863388,0.8
Llama2-7B,20,32,1,32,16,2048,0.151129,0.0005461428179059,0.01786,0.169535142817906,0.12064,5.695764570172992,5618.209742652354,71.24960410493848,471.44892181473085,0.8
Llama2-7B,20,32,1,32,16,2176,0.1559715,0.0005461428179059,0.01874,0.1752576428179059,0.12064,5.878884570172992,5443.209441864985,72.55922612903176,465.2082343827671,0.8
Llama2-7B,20,32,1,32,16,2304,0.157687,0.0005461428179059,0.01962,0.1778531428179059,0.12064,5.961940570172991,5367.379903129678,72.78993249710427,461.61023100892425,0.8
Llama2-7B,20,32,1,32,16,2432,0.1611715,0.0005461428179059,0.0204999999999999,0.1822176428179059,0.12064,6.101604570172991,5244.52209774924,73.60009267240984,456.6569937762559,0.8
Llama2-7B,20,32,1,32,16,2560,0.162887,0.0005461428179059,0.0213799999999999,0.1848131428179059,0.12064,6.184660570172991,5174.091550687143,73.8307990404823,453.2639132679851,0.8
Llama2-7B,20,32,1,32,16,2688,0.1663715,0.0005461428179059,0.02226,0.1891776428179059,0.12064,6.324324570172991,5059.828863135766,74.64095921578789,448.6402972611768,0.8
Llama2-7B,20,32,1,32,16,2816,0.168087,0.0005461428179059,0.02314,0.1917731428179059,0.12064,6.407380570172991,4994.240571406553,74.87166558386038,445.4340049132911,0.8
Llama2-7B,20,32,1,32,16,2944,0.1715715,0.0005461428179059,0.02402,0.1961376428179059,0.12064,6.547044570172991,4887.701566258693,75.68182575916596,441.1095418479524,0.8
Llama2-7B,20,32,1,32,16,3072,0.173287,0.0005461428179059,0.0249,0.1987331428179059,0.12064,6.630100570172991,4826.472790467047,75.91253212723845,438.07401667314,0.8
Llama2-7B,20,32,1,32,16,3200,0.1781295,0.0005461428179059,0.0257799999999999,0.2044556428179059,0.12064,6.813220570172991,4696.750922770654,77.22215415133172,433.5169309481682,0.8
Llama2-7B,20,32,1,32,16,3328,0.179845,0.0005461428179059,0.0266599999999999,0.2070511428179059,0.12064,6.896276570172991,4640.185130973842,77.45286051940418,430.6645195551959,0.8
Llama2-7B,20,32,1,32,16,3456,0.1833295,0.0005461428179059,0.02754,0.2114156428179059,0.12064,7.035940570172992,4548.077073825145,78.26302069470977,426.898129841132,0.8
Llama2-7B,20,32,1,32,16,3584,0.185045,0.0005461428179059,0.02842,0.2140111428179059,0.12064,7.118996570172991,4495.015510201658,78.49372706278227,424.1872358765828,0.8
Llama2-7B,20,32,1,32,16,3712,0.1885295,0.0005461428179059,0.0293,0.2183756428179059,0.12064,7.2586605701729905,4408.526847431491,79.30388723808785,420.64444682709,0.8
Llama2-7B,20,32,1,32,16,3840,0.190245,0.0005461428179059,0.03018,0.2209711428179059,0.12064,7.341716570172991,4358.653687341404,79.53459360616031,418.0640416629099,0.8
Llama2-7B,20,32,1,32,16,3968,0.1937295,0.0005461428179059,0.0310599999999999,0.2253356428179059,0.12064,7.481380570172991,4277.285415418997,80.34475378146591,414.7264808997385,0.8
Llama2-7B,20,32,1,32,16,4096,0.195445,0.0005461428179059,0.0319399999999999,0.2279311428179059,0.12064,7.564436570172991,4230.321677384121,80.57546014953837,412.2666742538226,0.8
Llama2-7B,32,1,32,32,32,128,0.0180865,0.0135444871520996,0.00233,0.0339609871520996,0.0084905,1.2452420888671871,803.0566979226608,290.2935943325019,501.5716043950287,1.0
Llama2-7B,32,1,32,32,32,256,0.0189425,0.0135444871520996,0.00277,0.0352569871520996,0.0084905,1.2867140888671873,777.173428543393,290.54872922452086,479.32679362630495,1.0
Llama2-7B,32,1,32,32,32,384,0.019804,0.0135444871520996,0.00321,0.0365584871520996,0.0084905,1.3283620888671872,752.8067899414302,290.8039174533919,458.8781266622146,1.0
Llama2-7B,32,1,32,32,32,512,0.020655,0.0135444871520996,0.00365,0.0378494871520996,0.0084905,1.3696740888671874,730.1006919296161,291.0590113604908,440.3579813611877,1.0
Llama2-7B,32,1,32,32,32,640,0.0215105,0.0135444871520996,0.00409,0.0391449871520996,0.0084905,1.4111300888671872,708.6518868028461,291.3141719437777,423.215075114156,1.0
Llama2-7B,32,1,32,32,32,768,0.0223665,0.0135444871520996,0.00453,0.0404409871520996,0.0084905,1.4526020888671871,688.4197728091184,291.56930683579645,407.37445906237656,1.0
Llama2-7B,32,1,32,32,32,896,0.023228,0.0135444871520996,0.00497,0.0417424871520996,0.0084905,1.4942500888671872,669.2320164144106,291.8244950646676,392.6087252785803,1.0
Llama2-7B,32,1,32,32,32,1024,0.024079,0.0135444871520996,0.00541,0.0430334871520996,0.0084905,1.5355620888671873,651.227330532573,292.07958897176644,379.0642117765564,1.0
Llama2-7B,32,1,32,32,32,1152,0.0256965,0.0135444871520996,0.00585,0.0450909871520996,0.0084905,1.6014020888671874,624.4527885606718,292.94482824186167,356.255750104418,1.0
Llama2-7B,32,1,32,32,32,1280,0.0265525,0.0135444871520996,0.00629,0.0463869871520996,0.0084905,1.6428740888671876,608.6893735657678,293.19996313388054,345.07104219692206,1.0
Llama2-7B,32,1,32,32,32,1408,0.027414,0.0135444871520996,0.00673,0.0476884871520996,0.0084905,1.6845220888671877,593.6401823454171,293.4551513627516,334.51789159137627,1.0
Llama2-7B,32,1,32,32,32,1536,0.028265,0.0135444871520996,0.00717,0.0489794871520996,0.0084905,1.7258340888671873,579.4299732811429,293.7102452698505,324.7282916922989,1.0
Llama2-7B,32,1,32,32,32,1664,0.0291205,0.0135444871520996,0.00761,0.0502749871520996,0.0084905,1.7672900888671874,565.8380626357659,293.9654058531373,315.4622665445492,1.0
Llama2-7B,32,1,32,32,32,1792,0.0299765,0.0135444871520996,0.00805,0.0515709871520996,0.0084905,1.808762088867188,552.864307669281,294.2205407451563,306.71999393812257,1.0
Llama2-7B,32,1,32,32,32,1920,0.030838,0.0135444871520996,0.00849,0.0528724871520996,0.0084905,1.8504100888671875,540.4207456587072,294.4757289740274,298.409965965314,1.0
Llama2-7B,32,1,32,32,32,2048,0.031689,0.0135444871520996,0.00893,0.0541634871520996,0.0084905,1.8917220888671875,528.6188737156556,294.7308228811261,290.6478025508912,1.0
Llama2-7B,32,1,32,32,32,2176,0.0332705,0.0135444871520996,0.00937,0.0561849871520996,0.0084905,1.956410088867188,511.1402796839113,295.53437254452973,277.5867252375694,1.0
Llama2-7B,32,1,32,32,32,2304,0.0341265,0.0135444871520996,0.00981,0.0574809871520996,0.0084905,1.9978820888671875,500.53003907102783,295.78950743654866,270.85760647567554,1.0
Llama2-7B,32,1,32,32,32,2432,0.034988,0.0135444871520996,0.0102499999999999,0.0587824871520996,0.0084905,2.0395300888671875,490.309020425106,296.0446956654196,264.41627813948685,1.0
Llama2-7B,32,1,32,32,32,2560,0.035839,0.0135444871520996,0.0106899999999999,0.0600734871520996,0.0084905,2.0808420888671875,480.5746699137564,296.2997895725186,258.3601223287816,1.0
Llama2-7B,32,1,32,32,32,2688,0.0366945,0.0135444871520996,0.01113,0.0613689871520996,0.0084905,2.122298088867188,471.1873441556774,296.55495015580544,252.55398472165905,1.0
Llama2-7B,32,1,32,32,32,2816,0.0375505,0.0135444871520996,0.01157,0.0626649871520996,0.0084905,2.163770088867188,462.1563100188415,296.8100850478244,247.0090986203781,1.0
Llama2-7B,32,1,32,32,32,2944,0.038412,0.0135444871520996,0.01201,0.0639664871520996,0.0084905,2.205418088867188,453.42876484415245,297.0652732766952,241.6768142741,1.0
Llama2-7B,32,1,32,32,32,3072,0.039263,0.0135444871520996,0.01245,0.0652574871520996,0.0084905,2.246730088867188,445.0912928771986,297.3203671837941,236.6416594374746,1.0
Llama2-7B,32,1,32,32,32,3200,0.0408445,0.0135444871520996,0.0128899999999999,0.0672789871520996,0.0084905,2.311418088867188,432.63484214147263,298.1239168471976,228.0936821720165,1.0
Llama2-7B,32,1,32,32,32,3328,0.0417005,0.0135444871520996,0.0133299999999999,0.0685749871520996,0.0084905,2.352890088867188,425.00922789872254,298.3790517392165,223.60272339301733,1.0
Llama2-7B,32,1,32,32,32,3456,0.042562,0.0135444871520996,0.01377,0.0698764871520996,0.0084905,2.394538088867188,417.6170780699846,298.6342399680876,219.264132301178,1.0
Llama2-7B,32,1,32,32,32,3584,0.043413,0.0135444871520996,0.01421,0.0711674871520996,0.0084905,2.435850088867188,410.53429542745727,298.8893338751864,215.14964834495603,1.0
Llama2-7B,32,1,32,32,32,3712,0.0442685,0.0135444871520996,0.01465,0.0724629871520996,0.0084905,2.4773060888671874,403.6642885971656,299.14449445847345,211.1719496216788,1.0
Llama2-7B,32,1,32,32,32,3840,0.0451245,0.0135444871520996,0.01509,0.0737589871520996,0.0084905,2.518778088867188,397.017904999224,299.39962935049226,207.3427609658364,1.0
Llama2-7B,32,1,32,32,32,3968,0.045986,0.0135444871520996,0.0155299999999999,0.0750604871520996,0.0084905,2.5604260888671875,390.5599948180622,299.6548175793632,203.63182380192012,1.0
Llama2-7B,32,1,32,32,32,4096,0.046837,0.0135444871520996,0.0159699999999999,0.0763514871520996,0.0084905,2.6017380888671875,384.3584426422439,299.90991148646225,200.10215713969603,1.0
Llama2-7B,32,2,16,32,32,128,0.0190445,0.0122182838058471,0.00233,0.0335927838058471,0.0094145,1.2343835817871094,1620.241900094337,166.64752992271883,546.9017627225674,1.0
Llama2-7B,32,2,16,32,32,256,0.0199005,0.0122182838058471,0.00277,0.0348887838058471,0.0094145,1.2758555817871091,1567.5755379763054,166.89228587088314,524.1460197949898,1.0
Llama2-7B,32,2,16,32,32,384,0.020762,0.0122182838058471,0.00321,0.0361902838058471,0.0094145,1.3175035817871092,1518.0224385326742,167.1370951558996,503.1340163396457,1.0
Llama2-7B,32,2,16,32,32,512,0.021613,0.0122182838058471,0.00365,0.0374812838058471,0.0094145,1.3588155817871097,1471.8700806842437,167.38181011914384,484.0310522577378,1.0
Llama2-7B,32,2,16,32,32,640,0.0224685,0.0122182838058471,0.00409,0.0387767838058471,0.0094145,1.4002715817871092,1428.2943580469455,167.62659175857607,466.28221665491714,1.0
Llama2-7B,32,2,16,32,32,768,0.0233245,0.0122182838058471,0.00453,0.0400727838058471,0.0094145,1.4417435817871094,1387.2092272614143,167.8713477067404,449.8256867959132,1.0
Llama2-7B,32,2,16,32,32,896,0.024186,0.0122182838058471,0.00497,0.0413742838058471,0.0094145,1.4833915817871093,1348.2616623659878,168.11615699175675,434.43561614094114,1.0
Llama2-7B,32,2,16,32,32,1024,0.025037,0.0122182838058471,0.00541,0.0426652838058471,0.0094145,1.5247035817871093,1311.7303742775985,168.360871955001,420.280165242943,1.0
Llama2-7B,32,2,16,32,32,1152,0.0266545,0.0122182838058471,0.00585,0.0447227838058471,0.0094145,1.5905435817871094,1257.4317503157204,169.21573228124169,396.7804035932995,1.0
Llama2-7B,32,2,16,32,32,1280,0.0275105,0.0122182838058471,0.00629,0.0460187838058471,0.0094145,1.6320155817871096,1225.4784956219205,169.46048822940597,384.9904768847485,1.0
Llama2-7B,32,2,16,32,32,1408,0.028372,0.0122182838058471,0.00673,0.0473202838058471,0.0094145,1.6736635817871095,1194.9832820431177,169.70529751442243,373.8397396958761,1.0
Llama2-7B,32,2,16,32,32,1536,0.029223,0.0122182838058471,0.00717,0.0486112838058471,0.0094145,1.7149755817871093,1166.1973623647036,169.9500124776666,363.4765691357548,1.0
Llama2-7B,32,2,16,32,32,1664,0.0300785,0.0122182838058471,0.00761,0.0499067838058471,0.0094145,1.7564315817871097,1138.6723062478004,170.1947941170989,353.64711113648224,1.0
Llama2-7B,32,2,16,32,32,1792,0.0309345,0.0122182838058471,0.00805,0.0512027838058471,0.0094145,1.7979035817871094,1112.4067053762735,170.43955006526323,344.3557154335433,1.0
Llama2-7B,32,2,16,32,32,1920,0.031796,0.0122182838058471,0.00849,0.0525042838058471,0.0094145,1.839551581787109,1087.2214836493013,170.6843593502796,335.5067448544621,1.0
Llama2-7B,32,2,16,32,32,2048,0.032647,0.0122182838058471,0.00893,0.0537952838058471,0.0094145,1.8808635817871096,1063.341339247843,170.9290743135238,327.2296733113376,1.0
Llama2-7B,32,2,16,32,32,2176,0.0342285,0.0122182838058471,0.00937,0.0558167838058471,0.0094145,1.9455515817871096,1027.9861087840582,171.72224503307282,313.5585934109601,1.0
Llama2-7B,32,2,16,32,32,2304,0.0350845,0.0122182838058471,0.00981,0.0571127838058471,0.0094145,1.9870235817871087,1006.5305808807864,171.9670009812371,306.344327589885,1.0
Llama2-7B,32,2,16,32,32,2432,0.035946,0.0122182838058471,0.0102499999999999,0.0584142838058471,0.0094145,2.0286715817871093,985.8668194277894,172.21181026625348,299.4279792366562,1.0
Llama2-7B,32,2,16,32,32,2560,0.036797,0.0122182838058471,0.0106899999999999,0.0597052838058471,0.0094145,2.0699835817871097,966.191238228716,172.45652522949774,292.91879302235526,1.0
Llama2-7B,32,2,16,32,32,2688,0.0376525,0.0122182838058471,0.01113,0.0610007838058471,0.0094145,2.111439581787109,947.22104163038,172.70130686893006,286.6697212484728,1.0
Llama2-7B,32,2,16,32,32,2816,0.0385085,0.0122182838058471,0.01157,0.0622967838058471,0.0094145,2.152911581787109,928.9745184703876,172.94606281709437,280.69462394194534,1.0
Llama2-7B,32,2,16,32,32,2944,0.03937,0.0122182838058471,0.01201,0.0635982838058471,0.0094145,2.194559581787109,911.3445889545306,173.19087210211077,274.94105934421964,1.0
Llama2-7B,32,2,16,32,32,3072,0.040221,0.0122182838058471,0.01245,0.0648892838058471,0.0094145,2.235871581787109,894.5057561854336,173.4355870653551,269.5040946665842,1.0
Llama2-7B,32,2,16,32,32,3200,0.0418025,0.0122182838058471,0.0128899999999999,0.0669107838058471,0.0094145,2.3005595817871094,869.3537067387622,174.22875778490393,260.4939264770408,1.0
Llama2-7B,32,2,16,32,32,3328,0.0426585,0.0122182838058471,0.0133299999999999,0.0682067838058471,0.0094145,2.342031581787109,853.95944937424,174.47351373306824,255.6253644248336,1.0
Llama2-7B,32,2,16,32,32,3456,0.04352,0.0122182838058471,0.01377,0.0695082838058471,0.0094145,2.383679581787109,839.0389443620378,174.71832301808467,250.91670929757092,1.0
Llama2-7B,32,2,16,32,32,3584,0.044371,0.0122182838058471,0.01421,0.0707992838058471,0.0094145,2.424991581787109,824.7451310845748,174.9630379813289,246.4490291819669,1.0
Llama2-7B,32,2,16,32,32,3712,0.0452265,0.0122182838058471,0.01465,0.0720947838058471,0.0094145,2.466447581787109,810.8828319598277,175.2078196207612,242.12549558992123,1.0
Llama2-7B,32,2,16,32,32,3840,0.0460825,0.0122182838058471,0.01509,0.0733907838058471,0.0094145,2.507919581787109,797.4737366079448,175.45257556892554,237.9598757241436,1.0
Llama2-7B,32,2,16,32,32,3968,0.046944,0.0122182838058471,0.0155299999999999,0.0746922838058471,0.0094145,2.5495675817871093,784.4467486514352,175.6973848539419,233.91885125620672,1.0
Llama2-7B,32,2,16,32,32,4096,0.047795,0.0122182838058471,0.0159699999999999,0.0759832838058471,0.0094145,2.5908795817871093,771.9386165452203,175.9420998171862,230.0738830123263,1.0
Llama2-7B,32,4,8,32,32,128,0.0200025,0.0117712489700317,0.00233,0.0341037489700317,0.0112625,1.2525824670410155,3193.4025146058675,95.07751469106044,594.1601967945285,1.0
Llama2-7B,32,4,8,32,32,256,0.0208585,0.0117712489700317,0.00277,0.0353997489700317,0.0112625,1.2940544670410157,3091.059999310847,95.31708116729745,571.2124623492668,1.0
Llama2-7B,32,4,8,32,32,384,0.02172,0.0117712489700317,0.00321,0.0367012489700317,0.0112625,1.3357024670410154,2994.678903948728,95.55670098038657,549.9349734138269,1.0
Llama2-7B,32,4,8,32,32,512,0.022571,0.0117712489700317,0.00365,0.0379922489700317,0.0112625,1.3770144670410156,2904.8351311772067,95.79622647170346,530.5271502796925,1.0
Llama2-7B,32,4,8,32,32,640,0.0234265,0.0117712489700317,0.00409,0.0392877489700317,0.0112625,1.418470467041015,2819.938865801102,96.0358186392085,512.4315339423755,1.0
Llama2-7B,32,4,8,32,32,768,0.0242825,0.0117712489700317,0.00453,0.0405837489700317,0.0112625,1.4599424670410153,2739.833993669029,96.27538511544546,495.6006646527617,1.0
Llama2-7B,32,4,8,32,32,896,0.025144,0.0117712489700317,0.00497,0.0418852489700317,0.0112625,1.5015904670410154,2663.842164556537,96.51500492853458,479.8113114884992,1.0
Llama2-7B,32,4,8,32,32,1024,0.025995,0.0117712489700317,0.00541,0.0431762489700317,0.0112625,1.5429024670410154,2592.516432792552,96.75453041985148,465.2554838423327,1.0
Llama2-7B,32,4,8,32,32,1152,0.0276125,0.0117712489700317,0.00585,0.0452337489700317,0.0112625,1.6087424670410155,2486.4141290167227,97.60420127416484,441.8479007431634,1.0
Llama2-7B,32,4,8,32,32,1280,0.0284685,0.0117712489700317,0.00629,0.0465297489700317,0.0112625,1.6502144670410157,2423.927362103644,97.84376775040184,429.61416895165627,1.0
Llama2-7B,32,4,8,32,32,1408,0.02933,0.0117712489700317,0.00673,0.0478312489700317,0.0112625,1.6918624670410154,2364.2583708330644,98.08338756349094,418.0164829674862,1.0
Llama2-7B,32,4,8,32,32,1536,0.030181,0.0117712489700317,0.00717,0.0491222489700317,0.0112625,1.7331744670410154,2307.9038354569416,98.32291305480784,407.2218989381063,1.0
Llama2-7B,32,4,8,32,32,1664,0.0310365,0.0117712489700317,0.00761,0.0504177489700317,0.0112625,1.7746304670410156,2253.990379568724,98.5625052223129,396.962065722266,1.0
Llama2-7B,32,4,8,32,32,1792,0.0318925,0.0117712489700317,0.00805,0.0517137489700317,0.0112625,1.8161024670410155,2202.5188955980107,98.80207169854988,387.24649877929727,1.0
Llama2-7B,32,4,8,32,32,1920,0.032754,0.0117712489700317,0.00849,0.0530152489700317,0.0112625,1.857750467041016,2153.1417006564466,99.04169151163896,377.9755583731719,1.0
Llama2-7B,32,4,8,32,32,2048,0.033605,0.0117712489700317,0.00893,0.0543062489700317,0.0112625,1.899062467041016,2106.3024884234146,99.2812170029559,369.2948110510189,1.0
Llama2-7B,32,4,8,32,32,2176,0.0351865,0.0117712489700317,0.00937,0.0563277489700317,0.0112625,1.963750467041016,2036.918675328037,100.06919825057751,355.49570947159253,1.0
Llama2-7B,32,4,8,32,32,2304,0.0360425,0.0117712489700317,0.00981,0.0576237489700317,0.0112625,2.0052224670410155,1994.7911345231216,100.30876472681456,347.88362602072044,1.0
Llama2-7B,32,4,8,32,32,2432,0.036904,0.0117712489700317,0.0102499999999999,0.0589252489700317,0.0112625,2.0468704670410154,1954.202801011857,100.54838453990364,340.5741401335344,1.0
Llama2-7B,32,4,8,32,32,2560,0.037755,0.0117712489700317,0.0106899999999999,0.0602162489700317,0.0112625,2.0881824670410154,1915.5414161043395,100.78791003122056,333.69060399688965,1.0
Llama2-7B,32,4,8,32,32,2688,0.0386105,0.0117712489700317,0.01113,0.0615117489700317,0.0112625,2.129638467041016,1878.253075301425,101.0275021987256,327.0726298504473,1.0
Llama2-7B,32,4,8,32,32,2816,0.0394665,0.0117712489700317,0.01157,0.0628077489700317,0.0112625,2.171110467041016,1842.37516272102,101.26706867496256,320.73742501540096,1.0
Llama2-7B,32,4,8,32,32,2944,0.040328,0.0117712489700317,0.01201,0.0641092489700317,0.0112625,2.212758467041015,1807.6984269091747,101.50668848805168,314.62844824951554,1.0
Llama2-7B,32,4,8,32,32,3072,0.041179,0.0117712489700317,0.01245,0.0654002489700317,0.0112625,2.254070467041016,1774.5674141460702,101.74621397936862,308.85346286750706,1.0
Llama2-7B,32,4,8,32,32,3200,0.0427605,0.0117712489700317,0.0128899999999999,0.0674217489700317,0.0112625,2.3187584670410155,1725.0610862909016,102.5341952269902,299.73396951330744,1.0
Llama2-7B,32,4,8,32,32,3328,0.0436165,0.0117712489700317,0.0133299999999999,0.0687177489700317,0.0112625,2.3602304670410152,1694.749752559011,102.77376170322724,294.53808106802256,1.0
Llama2-7B,32,4,8,32,32,3456,0.044478,0.0117712489700317,0.01377,0.0700192489700317,0.0112625,2.401878467041016,1665.3631958855035,103.01338151631636,289.5065580633019,1.0
Llama2-7B,32,4,8,32,32,3584,0.045329,0.0117712489700317,0.01421,0.0713102489700317,0.0112625,2.443190467041016,1637.2035066281426,103.25290700763328,284.7319238446504,1.0
Llama2-7B,32,4,8,32,32,3712,0.0461845,0.0117712489700317,0.01465,0.0726057489700317,0.0112625,2.484646467041016,1609.886981130008,103.49249917513828,280.1061480993035,1.0
Llama2-7B,32,4,8,32,32,3840,0.0470405,0.0117712489700317,0.01509,0.0739017489700317,0.0112625,2.5261184670410155,1583.4570120875703,103.73206565137524,275.6456289032198,1.0
Llama2-7B,32,4,8,32,32,3968,0.047902,0.0117712489700317,0.0155299999999999,0.0752032489700317,0.0112625,2.5677664670410154,1557.774062144144,103.9716854644644,271.3135293528046,1.0
Llama2-7B,32,4,8,32,32,4096,0.048753,0.0117712489700317,0.0159699999999999,0.0764942489700317,0.0112625,2.6090784670410154,1533.1083562758631,104.21121095578133,267.19179064821986,1.0
Llama2-7B,32,8,4,32,32,128,0.025979,0.0108324758148193,0.00233,0.0391414758148193,0.0186065,1.4211337260742185,5629.308384721426,80.35710176548481,773.2890196455292,1.0
Llama2-7B,32,8,4,32,32,256,0.026835,0.0108324758148193,0.00277,0.0404374758148193,0.0186065,1.462605726074219,5469.690058901114,80.59407350575817,750.8298258408624,1.0
Llama2-7B,32,8,4,32,32,384,0.0276965,0.0108324758148193,0.00321,0.0417389758148193,0.0186065,1.5042537260742184,5318.251742595509,80.83109858288361,729.6147399751198,1.0
Llama2-7B,32,8,4,32,32,512,0.0285475,0.0108324758148193,0.00365,0.0430299758148193,0.0186065,1.5455657260742186,5176.098217654082,81.06802933823691,709.9398313183017,1.0
Llama2-7B,32,8,4,32,32,640,0.029403,0.0108324758148193,0.00409,0.0443254758148193,0.0186065,1.5870217260742183,5040.888772070833,81.30502676977824,691.2987345660157,1.0
Llama2-7B,32,8,4,32,32,768,0.030259,0.0108324758148193,0.00453,0.0456214758148193,0.0186065,1.6284937260742187,4912.515087967492,81.5419985100516,673.7003743518586,1.0
Llama2-7B,32,8,4,32,32,896,0.0311205,0.0108324758148193,0.00497,0.0469229758148193,0.0186065,1.6701417260742186,4790.012652880988,81.77902358717706,656.9546085954358,1.0
Llama2-7B,32,8,4,32,32,1024,0.0319715,0.0108324758148193,0.00541,0.0482139758148193,0.0186065,1.7114537260742184,4674.388724695835,82.01595434253034,641.320819656024,1.0
Llama2-7B,32,8,4,32,32,1152,0.033589,0.0108324758148193,0.00585,0.0502714758148193,0.0186065,1.7772937260742188,4501.22558957704,82.86303046087998,616.7423149013067,1.0
Llama2-7B,32,8,4,32,32,1280,0.034445,0.0108324758148193,0.00629,0.0515674758148193,0.0186065,1.8187657260742187,4398.587396557055,83.10000220115333,603.1354492753183,1.0
Llama2-7B,32,8,4,32,32,1408,0.0353065,0.0108324758148193,0.00673,0.0528689758148193,0.0186065,1.8604137260742184,4300.118778891901,83.33702727827878,590.0969175525671,1.0
Llama2-7B,32,8,4,32,32,1536,0.0361575,0.0108324758148193,0.00717,0.0541599758148193,0.0186065,1.9017257260742189,4206.705462472028,83.57395803363204,577.8466295625528,1.0
Llama2-7B,32,8,4,32,32,1664,0.037013,0.0108324758148193,0.00761,0.0554554758148193,0.0186065,1.9431817260742184,4116.95925947301,83.81095546517341,566.0913426713141,1.0
Llama2-7B,32,8,4,32,32,1792,0.037869,0.0108324758148193,0.00805,0.0567514758148193,0.0186065,1.9846537260742183,4030.929877034293,84.04792720544677,554.8596953012146,1.0
Llama2-7B,32,8,4,32,32,1920,0.0387305,0.0108324758148193,0.00849,0.0580529758148193,0.0186065,2.0263017260742187,3948.079349218784,84.28495228257225,544.0476645187401,1.0
Llama2-7B,32,8,4,32,32,2048,0.0395815,0.0108324758148193,0.00893,0.0593439758148193,0.0186065,2.0676137260742187,3869.194665867116,84.52188303792549,533.8471447388646,1.0
Llama2-7B,32,8,4,32,32,2176,0.042971,0.0108324758148193,0.00937,0.0631734758148193,0.0186065,2.190157726074219,3652.704964924933,86.46653708194643,503.051692315436,1.0
Llama2-7B,32,8,4,32,32,2304,0.043827,0.0108324758148193,0.00981,0.0644694758148193,0.0186065,2.231629726074219,3584.8240891078444,86.70350882221975,494.5781642721369,1.0
Llama2-7B,32,8,4,32,32,2432,0.0446885,0.0108324758148193,0.0102499999999999,0.0657709758148193,0.0186065,2.2732777260742187,3519.147664291509,86.94053389934521,486.36972542905454,1.0
Llama2-7B,32,8,4,32,32,2560,0.0455395,0.0108324758148193,0.0106899999999999,0.0670619758148193,0.0186065,2.3145897260742183,3456.3360883696746,87.17746465469847,478.58158661545735,1.0
Llama2-7B,32,8,4,32,32,2688,0.046395,0.0108324758148193,0.01113,0.0683574758148193,0.0186065,2.356045726074219,3395.5198371001347,87.41446208623981,471.0338510951602,1.0
Llama2-7B,32,8,4,32,32,2816,0.047251,0.0108324758148193,0.01157,0.0696534758148193,0.0186065,2.397517726074218,3336.7845054891363,87.65143382651317,463.7543852326573,1.0
Llama2-7B,32,8,4,32,32,2944,0.0481125,0.0108324758148193,0.01201,0.0709549758148193,0.0186065,2.4391657260742186,3279.809942588779,87.88845890363861,456.6820415881457,1.0
Llama2-7B,32,8,4,32,32,3072,0.0489635,0.0108324758148193,0.01245,0.0722459758148193,0.0186065,2.480477726074219,3225.1851794135523,88.12538965899189,449.9545051874963,1.0
Llama2-7B,32,8,4,32,32,3200,0.050545,0.0108324758148193,0.0128899999999999,0.0742674758148193,0.0186065,2.545165726074219,3143.2137868442733,88.91077617064987,439.76049149594354,1.0
Llama2-7B,32,8,4,32,32,3328,0.051401,0.0108324758148193,0.0133299999999999,0.0755634758148193,0.0186065,2.5866377260742186,3092.8181087584026,89.14774791092323,433.5895600811425,1.0
Llama2-7B,32,8,4,32,32,3456,0.0522625,0.0108324758148193,0.01377,0.0768649758148193,0.0186065,2.628285726074219,3043.8090960336067,89.38477298804868,427.5760487349853,1.0
Llama2-7B,32,8,4,32,32,3584,0.0531135,0.0108324758148193,0.01421,0.0781559758148193,0.0186065,2.669597726074219,2996.7061785613714,89.62170374340195,421.8405101499712,1.0
Llama2-7B,32,8,4,32,32,3712,0.053969,0.0108324758148193,0.01465,0.0794514758148193,0.0186065,2.7110537260742187,2950.882132308207,89.8587011749433,416.2514646136826,1.0
Llama2-7B,32,8,4,32,32,3840,0.054825,0.0108324758148193,0.01509,0.0807474758148193,0.0186065,2.752525726074219,2906.421518323092,90.09567291521664,410.8329818295334,1.0
Llama2-7B,32,8,4,32,32,3968,0.0556865,0.0108324758148193,0.0155299999999999,0.0820489758148193,0.0186065,2.7941737260742188,2863.100431210448,90.3326979923421,405.5412801681831,1.0
Llama2-7B,32,8,4,32,32,4096,0.0565375,0.0108324758148193,0.0159699999999999,0.0833399758148193,0.0186065,2.835485726074219,2821.3860949588147,90.56962874769538,400.48476121023833,1.0
Llama2-7B,32,16,2,32,32,128,0.036974,0.0095807782745361,0.00233,0.0488847782745361,0.0332945,1.7476074047851562,9155.37434562826,70.56015341480528,954.1860958349828,1.0
Llama2-7B,32,16,2,32,32,256,0.03783,0.0095807782745361,0.00277,0.0501807782745361,0.0332945,1.789079404785156,8943.146937584574,70.79582778709681,935.7101214260748,1.0
Llama2-7B,32,16,2,32,32,384,0.0386915,0.0095807782745361,0.00321,0.0514822782745361,0.0332945,1.830727404785156,8739.695466501016,71.03155549624043,917.9219660163144,1.0
Llama2-7B,32,16,2,32,32,512,0.0395425,0.0095807782745361,0.00365,0.0527732782745361,0.0332945,1.8720394047851563,8546.828639985937,71.26718888361185,901.1467267321476,1.0
Llama2-7B,32,16,2,32,32,640,0.040398,0.0095807782745361,0.00409,0.0540687782745361,0.0332945,1.913495404785156,8361.661052327665,71.50288894717141,884.9805553142659,1.0
Llama2-7B,32,16,2,32,32,768,0.041254,0.0095807782745361,0.00453,0.0553647782745361,0.0332945,1.954967404785156,8184.279676907628,71.73856331946294,869.474030632944,1.0
Llama2-7B,32,16,2,32,32,896,0.0421155,0.0095807782745361,0.00497,0.0566662782745361,0.0332945,1.996615404785156,8013.561330666816,71.97429102860659,854.4869588228391,1.0
Llama2-7B,32,16,2,32,32,1024,0.0429665,0.0095807782745361,0.00541,0.0579572782745361,0.0332945,2.0379274047851563,7851.1138141776755,72.20992441597798,840.3049400809704,1.0
Llama2-7B,32,16,2,32,32,1152,0.046392,0.0095807782745361,0.00585,0.0618227782745361,0.0332945,2.161623404785156,7401.844356690911,74.21497069870877,799.8681960112601,1.0
Llama2-7B,32,16,2,32,32,1280,0.047248,0.0095807782745361,0.00629,0.0631187782745361,0.0332945,2.203095404785156,7262.508906898794,74.45064507100032,787.8708630100779,1.0
Llama2-7B,32,16,2,32,32,1408,0.0481095,0.0095807782745361,0.00673,0.0644202782745361,0.0332945,2.244743404785156,7127.763452113298,74.6863727801439,776.2123154485486,1.0
Llama2-7B,32,16,2,32,32,1536,0.0489605,0.0095807782745361,0.00717,0.0657112782745361,0.0332945,2.286055404785156,6998.95547872939,74.92200616751538,765.1270531092962,1.0
Llama2-7B,32,16,2,32,32,1664,0.049816,0.0095807782745361,0.00761,0.0670067782745361,0.0332945,2.327511404785156,6874.294994690649,75.1577062310749,754.3530816512254,1.0
Llama2-7B,32,16,2,32,32,1792,0.050672,0.0095807782745361,0.00805,0.0683027782745361,0.0332945,2.368983404785156,6753.951913585079,75.39338060336642,743.9353153947586,1.0
Llama2-7B,32,16,2,32,32,1920,0.0515335,0.0095807782745361,0.00849,0.0696042782745361,0.0332945,2.410631404785156,6637.265227790384,75.62910831251008,733.7858704775541,1.0
Llama2-7B,32,16,2,32,32,2048,0.0523845,0.0095807782745361,0.00893,0.0708952782745361,0.0332945,2.451943404785156,6525.436096434678,75.86474169988149,724.1144012053327,1.0
Llama2-7B,32,16,2,32,32,2176,0.055774,0.0095807782745361,0.00937,0.0747247782745361,0.0332945,2.574487404785156,6214.829394877237,77.80809837592061,697.5301966500573,1.0
Llama2-7B,32,16,2,32,32,2304,0.05663,0.0095807782745361,0.00981,0.0760207782745361,0.0332945,2.615959404785156,6116.302864154749,78.04377274821208,689.0673913845325,1.0
Llama2-7B,32,16,2,32,32,2432,0.0574915,0.0095807782745361,0.0102499999999999,0.0773222782745361,0.0332945,2.657607404785156,6020.452822035037,78.27950045735571,680.7919471344086,1.0
Llama2-7B,32,16,2,32,32,2560,0.0583425,0.0095807782745361,0.0106899999999999,0.0786132782745361,0.0332945,2.698919404785156,5928.298552239896,78.5151338447272,672.8811230640372,1.0
Llama2-7B,32,16,2,32,32,2688,0.059198,0.0095807782745361,0.01113,0.0799087782745361,0.0332945,2.740375404785156,5838.616115172144,78.75083390828671,665.1477575955838,1.0
Llama2-7B,32,16,2,32,32,2816,0.060054,0.0095807782745361,0.01157,0.0812047782745361,0.0332945,2.781847404785156,5751.573566716069,78.9865082805782,657.6290362055668,1.0
Llama2-7B,32,16,2,32,32,2944,0.0609155,0.0095807782745361,0.01201,0.0825062782745361,0.0332945,2.823495404785156,5666.73491760737,79.22223598972187,650.2633647406809,1.0
Llama2-7B,32,16,2,32,32,3072,0.0617665,0.0095807782745361,0.01245,0.0837972782745361,0.0332945,2.864807404785156,5585.0176780731645,79.4578693770933,643.2116873798362,1.0
Llama2-7B,32,16,2,32,32,3200,0.065156,0.0095807782745361,0.0128899999999999,0.0876267782745361,0.0332945,2.987351404785156,5355.914933332287,81.40122605313239,624.6640835313123,1.0
Llama2-7B,32,16,2,32,32,3328,0.066012,0.0095807782745361,0.0133299999999999,0.0889227782745361,0.0332945,3.028823404785156,5282.5793589424975,81.63690042542392,618.3489397793119,1.0
Llama2-7B,32,16,2,32,32,3456,0.0668735,0.0095807782745361,0.01377,0.0902242782745361,0.0332945,3.070471404785156,5210.926235973051,81.87262813456753,612.1455295039706,1.0
Llama2-7B,32,16,2,32,32,3584,0.0677245,0.0095807782745361,0.01421,0.0915152782745361,0.0332945,3.111783404785156,5141.746040356133,82.108261521939,606.1931909570313,1.0
Llama2-7B,32,16,2,32,32,3712,0.06858,0.0095807782745361,0.01465,0.0928107782745361,0.0332945,3.153239404785156,5074.1469156193525,82.3439615854985,600.349676184737,1.0
Llama2-7B,32,16,2,32,32,3840,0.069436,0.0095807782745361,0.01509,0.0941067782745361,0.0332945,3.1947114047851555,5008.277109486201,82.57963595779007,594.6456878117262,1.0
Llama2-7B,32,16,2,32,32,3968,0.0702975,0.0095807782745361,0.0155299999999999,0.0954082782745361,0.0332945,3.236359404785156,4943.826688822946,82.81536366693366,589.0349135241916,1.0
Llama2-7B,32,16,2,32,32,4096,0.0711485,0.0095807782745361,0.0159699999999999,0.0966992782745361,0.0332945,3.277671404785156,4881.514350902044,83.05099705430509,583.6454532021414,1.0
Llama2-7B,32,32,1,32,32,128,0.060064,0.0008207499313354,0.00233,0.0632147499313354,0.0623185,2.2351904978027344,14316.453130709464,66.92215766809143,1114.1808349109529,1.0
Llama2-7B,32,32,1,32,32,256,0.06092,0.0008207499313354,0.00277,0.0645107499313354,0.0623185,2.276662497802734,14055.662633738651,67.15718335639207,1102.3831805054508,1.0
Llama2-7B,32,32,1,32,32,384,0.0617815,0.0008207499313354,0.00321,0.0658122499313354,0.0623185,2.3183104978027345,13803.155371262475,67.10498655195785,1086.166353228035,1.0
Llama2-7B,32,32,1,32,32,512,0.0626325,0.0008207499313354,0.00365,0.0671032499313354,0.0623185,2.359622497802734,13561.49131049488,67.6272470849253,1079.746889952107,1.0
Llama2-7B,32,32,1,32,32,640,0.065296,0.0008207499313354,0.00409,0.0702067499313354,0.0623185,2.4589344978027343,13013.766746773736,69.02156599685682,1057.0565730957003,1.0
Llama2-7B,32,32,1,32,32,768,0.066152,0.0008207499313354,0.00453,0.0715027499313354,0.0623185,2.5004064978027345,12797.919069607451,69.25659168515746,1046.9311840179807,1.0
Llama2-7B,32,32,1,32,32,896,0.0670135,0.0008207499313354,0.00497,0.0728042499313354,0.0623185,2.5420544978027344,12588.243103229972,69.20605323642259,1032.7180827209834,1.0
Llama2-7B,32,32,1,32,32,1024,0.0678645,0.0008207499313354,0.00541,0.0740952499313354,0.0623185,2.583366497802734,12386.93775243172,69.72665541369072,1027.439315307572,1.0
Llama2-7B,32,32,1,32,32,1152,0.07129,0.0008207499313354,0.00585,0.0779607499313354,0.0623185,2.7070624978027342,11820.93136969454,71.73105301243055,1006.1867444582768,1.0
Llama2-7B,32,32,1,32,32,1280,0.072146,0.0008207499313354,0.00629,0.0792567499313354,0.0623185,2.7485344978027344,11642.56807603536,71.96607870073116,997.5061500392424,1.0
Llama2-7B,32,32,1,32,32,1408,0.0730075,0.0008207499313354,0.00673,0.0805582499313354,0.0623185,2.7901824978027343,11468.783860983993,71.91554025199633,985.0431839468044,1.0
Llama2-7B,32,32,1,32,32,1536,0.0738585,0.0008207499313354,0.00717,0.0818492499313354,0.0623185,2.831494497802734,11301.452298364802,72.43614242926442,980.742127571836,1.0
Llama2-7B,32,32,1,32,32,1664,0.076522,0.0008207499313354,0.00761,0.0849527499313354,0.0623185,2.9308064978027346,10918.496333344025,73.83046134119598,964.8266033453904,1.0
Llama2-7B,32,32,1,32,32,1792,0.077378,0.0008207499313354,0.00805,0.0862487499313354,0.0623185,2.9722784978027343,10766.151295599017,74.0654870294966,957.190506726674,1.0
Llama2-7B,32,32,1,32,32,1920,0.0782395,0.0008207499313354,0.00849,0.0875502499313354,0.0623185,3.0139264978027343,10617.379031416063,74.01494858076173,946.004877085893,1.0
Llama2-7B,32,32,1,32,32,2048,0.0790905,0.0008207499313354,0.00893,0.0888412499313354,0.0623185,3.055238497802734,10473.81408129472,74.53555075802981,942.408389857566,1.0
Llama2-7B,32,32,1,32,32,2176,0.08248,0.0008207499313354,0.00937,0.0926707499313354,0.0623185,3.1777824978027343,10069.915112858189,76.478258750078,927.233980966028,1.0
Llama2-7B,32,32,1,32,32,2304,0.083336,0.0008207499313354,0.00981,0.0939667499313354,0.0623185,3.219254497802734,9940.189575518569,76.71328443837858,920.5299563019416,1.0
Llama2-7B,32,32,1,32,32,2432,0.0841975,0.0008207499313354,0.0102499999999999,0.0952682499313354,0.0623185,3.260902497802734,9813.234226280085,76.66274598964374,910.5109532901064,1.0
Llama2-7B,32,32,1,32,32,2560,0.0850485,0.0008207499313354,0.0106899999999999,0.0965592499313354,0.0623185,3.302214497802734,9690.466812889512,77.18334816691184,907.5215690683772,1.0
Llama2-7B,32,32,1,32,32,2688,0.087712,0.0008207499313354,0.01113,0.0996627499313354,0.0623185,3.401526497802734,9407.54100274417,78.57766707884338,895.8599402458431,1.0
Llama2-7B,32,32,1,32,32,2816,0.088568,0.0008207499313354,0.01157,0.1009587499313354,0.0623185,3.442998497802734,9294.224211954168,78.81269276714403,889.855170796947,1.0
Llama2-7B,32,32,1,32,32,2944,0.0894295,0.0008207499313354,0.01201,0.1022602499313354,0.0623185,3.4846464978027343,9183.140964277954,78.76215431840913,880.7178203882294,1.0
Llama2-7B,32,32,1,32,32,3072,0.0902805,0.0008207499313354,0.01245,0.1035512499313354,0.0623185,3.5259584978027343,9075.546413816664,79.28275649567725,878.1825144486046,1.0
Llama2-7B,32,32,1,32,32,3200,0.09367,0.0008207499313354,0.0128899999999999,0.1073807499313354,0.0623185,3.6485024978027343,8770.721691782206,81.22546448772543,867.144918199268,1.0
Llama2-7B,32,32,1,32,32,3328,0.094526,0.0008207499313354,0.0133299999999999,0.1086767499313354,0.0623185,3.689974497802734,8672.146655499926,81.46049017602606,861.7786659334579,1.0
Llama2-7B,32,32,1,32,32,3456,0.0953875,0.0008207499313354,0.01377,0.1099782499313354,0.0623185,3.7316224978027344,8575.358310987336,81.40995172729116,853.4656189468344,1.0
Llama2-7B,32,32,1,32,32,3584,0.0962385,0.0008207499313354,0.01421,0.1112692499313354,0.0623185,3.7729344978027344,8481.461848499099,81.93055390455929,851.328251215047,1.0
Llama2-7B,32,32,1,32,32,3712,0.098902,0.0008207499313354,0.01465,0.1143727499313354,0.0623185,3.872246497802734,8263.936714297002,83.3248728164908,842.4993712613577,1.0
Llama2-7B,32,32,1,32,32,3840,0.099758,0.0008207499313354,0.01509,0.1156687499313354,0.0623185,3.913718497802734,8176.367313583145,83.55989850479142,837.6260400648713,1.0
Llama2-7B,32,32,1,32,32,3968,0.1006195,0.0008207499313354,0.0155299999999999,0.1169702499313354,0.0623185,3.9553664978027343,8090.274319150067,83.50936005605654,829.9520476255254,1.0
Llama2-7B,32,32,1,32,32,4096,0.1014705,0.0008207499313354,0.0159699999999999,0.1182612499313354,0.0623185,3.9966784978027343,8006.648525167269,84.02996223332468,828.1220870432754,1.0
