Model,Device number,Pipeline parallelism,Tensor parallelism,Channels per device,Channels per block,Sequence length,PIM latency,CXL latency,Acc latency,TransformerBlock latency,Embedding latency,Token latency (ms),Throughput (tokens/s),Token energy (mJ),Total power (W),Device utilization
Llama2-13B,8,1,8,32,32,128,0.003303,0.0047594247860378,0.00192,0.0099824247860378,0.003303,0.5525999914415147,1809.6272448202465,8.826814581460201,66.80907191538147,1.0
Llama2-13B,8,1,8,32,32,256,0.003303,0.0047594247860378,0.00192,0.0099824247860378,0.003303,0.5525999914415147,1809.6272448202465,8.834923131346613,66.87044453032556,1.0
Llama2-13B,8,1,8,32,32,384,0.003303,0.0047594247860378,0.00192,0.0099824247860378,0.003303,0.5525999914415147,1809.6272448202465,8.843031681233027,66.93181714526965,1.0
Llama2-13B,8,1,8,32,32,512,0.003303,0.0047594247860378,0.00192,0.0099824247860378,0.003303,0.5525999914415147,1809.6272448202465,8.851140231119441,66.99318976021374,1.0
Llama2-13B,8,1,8,32,32,640,0.003303,0.0047594247860378,0.00192,0.0099824247860378,0.003303,0.5525999914415147,1809.6272448202465,8.859248781005851,67.05456237515781,1.0
Llama2-13B,8,1,8,32,32,768,0.003303,0.0047594247860378,0.00192,0.0099824247860378,0.003303,0.5525999914415147,1809.6272448202465,8.867357330892265,67.1159349901019,1.0
Llama2-13B,8,1,8,32,32,896,0.003303,0.0047594247860378,0.00192,0.0099824247860378,0.003303,0.5525999914415147,1809.6272448202465,8.875465880778679,67.17730760504597,1.0
Llama2-13B,8,1,8,32,32,1024,0.003303,0.0047594247860378,0.00192,0.0099824247860378,0.003303,0.5525999914415147,1809.6272448202465,8.883574430665089,67.23868021999007,1.0
Llama2-13B,8,1,8,32,32,1152,0.003303,0.0047594247860378,0.00192,0.0099824247860378,0.003303,0.5525999914415147,1809.6272448202465,8.891682980551504,67.30005283493415,1.0
Llama2-13B,8,1,8,32,32,1280,0.003303,0.0047594247860378,0.00192,0.0099824247860378,0.003303,0.5525999914415147,1809.6272448202465,8.899791530437916,67.36142544987824,1.0
Llama2-13B,8,1,8,32,32,1408,0.003303,0.0047594247860378,0.00192,0.0099824247860378,0.003303,0.5525999914415147,1809.6272448202465,8.90790008032433,67.42279806482235,1.0
Llama2-13B,8,1,8,32,32,1536,0.003303,0.0047594247860378,0.00192,0.0099824247860378,0.003303,0.5525999914415147,1809.6272448202465,8.916008630210742,67.48417067976644,1.0
Llama2-13B,8,1,8,32,32,1664,0.003303,0.0047594247860378,0.00192,0.0099824247860378,0.003303,0.5525999914415147,1809.6272448202465,8.924117180097152,67.54554329471051,1.0
Llama2-13B,8,1,8,32,32,1792,0.003303,0.0047594247860378,0.00192,0.0099824247860378,0.003303,0.5525999914415147,1809.6272448202465,8.932225729983568,67.60691590965459,1.0
Llama2-13B,8,1,8,32,32,1920,0.003303,0.0047594247860378,0.00192,0.0099824247860378,0.003303,0.5525999914415147,1809.6272448202465,8.94033427986998,67.6682885245987,1.0
Llama2-13B,8,1,8,32,32,2048,0.003303,0.0047594247860378,0.00192,0.0099824247860378,0.003303,0.5525999914415147,1809.6272448202465,8.948442829756393,67.72966113954277,1.0
Llama2-13B,8,1,8,32,32,2176,0.003303,0.0047594247860378,0.00192,0.0099824247860378,0.003303,0.5525999914415147,1809.6272448202465,8.956551379642805,67.79103375448686,1.0
Llama2-13B,8,1,8,32,32,2304,0.003303,0.0047594247860378,0.00192,0.0099824247860378,0.003303,0.5525999914415147,1809.6272448202465,8.964659929529219,67.85240636943095,1.0
Llama2-13B,8,1,8,32,32,2432,0.003303,0.0047594247860378,0.00192,0.0099824247860378,0.003303,0.5525999914415147,1809.6272448202465,8.972768479415631,67.91377898437504,1.0
Llama2-13B,8,1,8,32,32,2560,0.003303,0.0047594247860378,0.00192,0.0099824247860378,0.003303,0.5525999914415147,1809.6272448202465,8.980877029302043,67.97515159931912,1.0
Llama2-13B,8,1,8,32,32,2688,0.003303,0.0047594247860378,0.00192,0.0099824247860378,0.003303,0.5525999914415147,1809.6272448202465,8.988985579188457,68.03652421426321,1.0
Llama2-13B,8,1,8,32,32,2816,0.003303,0.0047594247860378,0.00192,0.0099824247860378,0.003303,0.5525999914415147,1809.6272448202465,8.997094129074869,68.0978968292073,1.0
Llama2-13B,8,1,8,32,32,2944,0.003303,0.0047594247860378,0.00192,0.0099824247860378,0.003303,0.5525999914415147,1809.6272448202465,9.005202678961282,68.15926944415138,1.0
Llama2-13B,8,1,8,32,32,3072,0.003303,0.0047594247860378,0.00192,0.0099824247860378,0.003303,0.5525999914415147,1809.6272448202465,9.013311228847696,68.22064205909547,1.0
Llama2-13B,8,1,8,32,32,3200,0.003303,0.0047594247860378,0.00192,0.0099824247860378,0.003303,0.5525999914415147,1809.6272448202465,9.021419778734106,68.28201467403954,1.0
Llama2-13B,8,1,8,32,32,3328,0.003303,0.0047594247860378,0.00192,0.0099824247860378,0.003303,0.5525999914415147,1809.6272448202465,9.02952832862052,68.34338728898365,1.0
Llama2-13B,8,1,8,32,32,3456,0.003303,0.0047594247860378,0.00192,0.0099824247860378,0.003303,0.5525999914415147,1809.6272448202465,9.037636878506934,68.40475990392773,1.0
Llama2-13B,8,1,8,32,32,3584,0.003303,0.0047594247860378,0.00192,0.0099824247860378,0.003303,0.5525999914415147,1809.6272448202465,9.045745428393346,68.46613251887182,1.0
Llama2-13B,8,1,8,32,32,3712,0.003303,0.0047594247860378,0.00192,0.0099824247860378,0.003303,0.5525999914415147,1809.6272448202465,9.053853978279758,68.52750513381591,1.0
Llama2-13B,8,1,8,32,32,3840,0.003303,0.0047594247860378,0.00192,0.0099824247860378,0.003303,0.5525999914415147,1809.6272448202465,9.061962528166172,68.58887774876,1.0
Llama2-13B,8,1,8,32,32,3968,0.003303,0.0047594247860378,0.00192,0.0099824247860378,0.003303,0.5525999914415147,1809.6272448202465,9.070071078052584,68.65025036370409,1.0
Llama2-13B,8,1,8,32,32,4096,0.003303,0.0047594247860378,0.00192,0.0099824247860378,0.003303,0.5525999914415147,1809.6272448202465,9.078179627938995,68.71162297864817,1.0
Llama2-13B,8,2,4,32,32,128,0.003303,0.0045839222208658,0.00192,0.0098069222208658,0.003303,0.5455798888346354,3665.824274190205,4.413407290730101,66.80907191538147,1.0
Llama2-13B,8,2,4,32,32,256,0.003303,0.0045839222208658,0.00192,0.0098069222208658,0.003303,0.5455798888346354,3665.824274190205,4.417461565673307,66.87044453032556,1.0
Llama2-13B,8,2,4,32,32,384,0.003303,0.0045839222208658,0.00192,0.0098069222208658,0.003303,0.5455798888346354,3665.824274190205,4.421515840616514,66.93181714526965,1.0
Llama2-13B,8,2,4,32,32,512,0.003303,0.0045839222208658,0.00192,0.0098069222208658,0.003303,0.5455798888346354,3665.824274190205,4.4255701155597205,66.99318976021374,1.0
Llama2-13B,8,2,4,32,32,640,0.003303,0.0045839222208658,0.00192,0.0098069222208658,0.003303,0.5455798888346354,3665.824274190205,4.429624390502926,67.05456237515781,1.0
Llama2-13B,8,2,4,32,32,768,0.003303,0.0045839222208658,0.00192,0.0098069222208658,0.003303,0.5455798888346354,3665.824274190205,4.433678665446132,67.1159349901019,1.0
Llama2-13B,8,2,4,32,32,896,0.003303,0.0045839222208658,0.00192,0.0098069222208658,0.003303,0.5455798888346354,3665.824274190205,4.437732940389339,67.17730760504597,1.0
Llama2-13B,8,2,4,32,32,1024,0.003303,0.0045839222208658,0.00192,0.0098069222208658,0.003303,0.5455798888346354,3665.824274190205,4.441787215332544,67.23868021999007,1.0
Llama2-13B,8,2,4,32,32,1152,0.003303,0.0045839222208658,0.00192,0.0098069222208658,0.003303,0.5455798888346354,3665.824274190205,4.445841490275752,67.30005283493415,1.0
Llama2-13B,8,2,4,32,32,1280,0.003303,0.0045839222208658,0.00192,0.0098069222208658,0.003303,0.5455798888346354,3665.824274190205,4.449895765218958,67.36142544987824,1.0
Llama2-13B,8,2,4,32,32,1408,0.003303,0.0045839222208658,0.00192,0.0098069222208658,0.003303,0.5455798888346354,3665.824274190205,4.453950040162165,67.42279806482235,1.0
Llama2-13B,8,2,4,32,32,1536,0.003303,0.0045839222208658,0.00192,0.0098069222208658,0.003303,0.5455798888346354,3665.824274190205,4.458004315105371,67.48417067976644,1.0
Llama2-13B,8,2,4,32,32,1664,0.003303,0.0045839222208658,0.00192,0.0098069222208658,0.003303,0.5455798888346354,3665.824274190205,4.462058590048576,67.54554329471051,1.0
Llama2-13B,8,2,4,32,32,1792,0.003303,0.0045839222208658,0.00192,0.0098069222208658,0.003303,0.5455798888346354,3665.824274190205,4.466112864991784,67.60691590965459,1.0
Llama2-13B,8,2,4,32,32,1920,0.003303,0.0045839222208658,0.00192,0.0098069222208658,0.003303,0.5455798888346354,3665.824274190205,4.47016713993499,67.6682885245987,1.0
Llama2-13B,8,2,4,32,32,2048,0.003303,0.0045839222208658,0.00192,0.0098069222208658,0.003303,0.5455798888346354,3665.824274190205,4.474221414878197,67.72966113954277,1.0
Llama2-13B,8,2,4,32,32,2176,0.003303,0.0045839222208658,0.00192,0.0098069222208658,0.003303,0.5455798888346354,3665.824274190205,4.478275689821403,67.79103375448686,1.0
Llama2-13B,8,2,4,32,32,2304,0.003303,0.0045839222208658,0.00192,0.0098069222208658,0.003303,0.5455798888346354,3665.824274190205,4.4823299647646095,67.85240636943095,1.0
Llama2-13B,8,2,4,32,32,2432,0.003303,0.0045839222208658,0.00192,0.0098069222208658,0.003303,0.5455798888346354,3665.824274190205,4.486384239707816,67.91377898437504,1.0
Llama2-13B,8,2,4,32,32,2560,0.003303,0.0045839222208658,0.00192,0.0098069222208658,0.003303,0.5455798888346354,3665.824274190205,4.4904385146510215,67.97515159931912,1.0
Llama2-13B,8,2,4,32,32,2688,0.003303,0.0045839222208658,0.00192,0.0098069222208658,0.003303,0.5455798888346354,3665.824274190205,4.494492789594228,68.03652421426321,1.0
Llama2-13B,8,2,4,32,32,2816,0.003303,0.0045839222208658,0.00192,0.0098069222208658,0.003303,0.5455798888346354,3665.824274190205,4.498547064537434,68.0978968292073,1.0
Llama2-13B,8,2,4,32,32,2944,0.003303,0.0045839222208658,0.00192,0.0098069222208658,0.003303,0.5455798888346354,3665.824274190205,4.502601339480641,68.15926944415138,1.0
Llama2-13B,8,2,4,32,32,3072,0.003303,0.0045839222208658,0.00192,0.0098069222208658,0.003303,0.5455798888346354,3665.824274190205,4.506655614423848,68.22064205909547,1.0
Llama2-13B,8,2,4,32,32,3200,0.003303,0.0045839222208658,0.00192,0.0098069222208658,0.003303,0.5455798888346354,3665.824274190205,4.510709889367053,68.28201467403954,1.0
Llama2-13B,8,2,4,32,32,3328,0.003303,0.0045839222208658,0.00192,0.0098069222208658,0.003303,0.5455798888346354,3665.824274190205,4.51476416431026,68.34338728898365,1.0
Llama2-13B,8,2,4,32,32,3456,0.003303,0.0045839222208658,0.00192,0.0098069222208658,0.003303,0.5455798888346354,3665.824274190205,4.518818439253467,68.40475990392773,1.0
Llama2-13B,8,2,4,32,32,3584,0.003303,0.0045839222208658,0.00192,0.0098069222208658,0.003303,0.5455798888346354,3665.824274190205,4.522872714196673,68.46613251887182,1.0
Llama2-13B,8,2,4,32,32,3712,0.003303,0.0045839222208658,0.00192,0.0098069222208658,0.003303,0.5455798888346354,3665.824274190205,4.526926989139879,68.52750513381591,1.0
Llama2-13B,8,2,4,32,32,3840,0.003303,0.0045839222208658,0.00192,0.0098069222208658,0.003303,0.5455798888346354,3665.824274190205,4.530981264083087,68.58887774876,1.0
Llama2-13B,8,2,4,32,32,3968,0.003303,0.0045839222208658,0.00192,0.0098069222208658,0.003303,0.5455798888346354,3665.824274190205,4.535035539026292,68.65025036370409,1.0
Llama2-13B,8,2,4,32,32,4096,0.003303,0.0045839222208658,0.00192,0.0098069222208658,0.003303,0.5455798888346354,3665.824274190205,4.539089813969499,68.71162297864817,1.0
Llama2-13B,8,4,2,32,32,128,0.003303,0.0042163602447509,0.00192,0.0094393602447509,0.003303,0.5308774097900391,7534.696195835479,2.2067036453650504,66.80907191538147,1.0
Llama2-13B,8,4,2,32,32,256,0.003303,0.0042163602447509,0.00192,0.0094393602447509,0.003303,0.5308774097900391,7534.696195835479,2.2087307828366534,66.87044453032556,1.0
Llama2-13B,8,4,2,32,32,384,0.003303,0.0042163602447509,0.00192,0.0094393602447509,0.003303,0.5308774097900391,7534.696195835479,2.210757920308257,66.93181714526965,1.0
Llama2-13B,8,4,2,32,32,512,0.003303,0.0042163602447509,0.00192,0.0094393602447509,0.003303,0.5308774097900391,7534.696195835479,2.21278505777986,66.99318976021374,1.0
Llama2-13B,8,4,2,32,32,640,0.003303,0.0042163602447509,0.00192,0.0094393602447509,0.003303,0.5308774097900391,7534.696195835479,2.214812195251463,67.05456237515781,1.0
Llama2-13B,8,4,2,32,32,768,0.003303,0.0042163602447509,0.00192,0.0094393602447509,0.003303,0.5308774097900391,7534.696195835479,2.216839332723066,67.1159349901019,1.0
Llama2-13B,8,4,2,32,32,896,0.003303,0.0042163602447509,0.00192,0.0094393602447509,0.003303,0.5308774097900391,7534.696195835479,2.2188664701946696,67.17730760504597,1.0
Llama2-13B,8,4,2,32,32,1024,0.003303,0.0042163602447509,0.00192,0.0094393602447509,0.003303,0.5308774097900391,7534.696195835479,2.220893607666272,67.23868021999007,1.0
Llama2-13B,8,4,2,32,32,1152,0.003303,0.0042163602447509,0.00192,0.0094393602447509,0.003303,0.5308774097900391,7534.696195835479,2.222920745137876,67.30005283493415,1.0
Llama2-13B,8,4,2,32,32,1280,0.003303,0.0042163602447509,0.00192,0.0094393602447509,0.003303,0.5308774097900391,7534.696195835479,2.224947882609479,67.36142544987824,1.0
Llama2-13B,8,4,2,32,32,1408,0.003303,0.0042163602447509,0.00192,0.0094393602447509,0.003303,0.5308774097900391,7534.696195835479,2.2269750200810825,67.42279806482235,1.0
Llama2-13B,8,4,2,32,32,1536,0.003303,0.0042163602447509,0.00192,0.0094393602447509,0.003303,0.5308774097900391,7534.696195835479,2.229002157552685,67.48417067976644,1.0
Llama2-13B,8,4,2,32,32,1664,0.003303,0.0042163602447509,0.00192,0.0094393602447509,0.003303,0.5308774097900391,7534.696195835479,2.231029295024288,67.54554329471051,1.0
Llama2-13B,8,4,2,32,32,1792,0.003303,0.0042163602447509,0.00192,0.0094393602447509,0.003303,0.5308774097900391,7534.696195835479,2.233056432495892,67.60691590965459,1.0
Llama2-13B,8,4,2,32,32,1920,0.003303,0.0042163602447509,0.00192,0.0094393602447509,0.003303,0.5308774097900391,7534.696195835479,2.235083569967495,67.6682885245987,1.0
Llama2-13B,8,4,2,32,32,2048,0.003303,0.0042163602447509,0.00192,0.0094393602447509,0.003303,0.5308774097900391,7534.696195835479,2.2371107074390983,67.72966113954277,1.0
Llama2-13B,8,4,2,32,32,2176,0.003303,0.0042163602447509,0.00192,0.0094393602447509,0.003303,0.5308774097900391,7534.696195835479,2.2391378449107013,67.79103375448686,1.0
Llama2-13B,8,4,2,32,32,2304,0.003303,0.0042163602447509,0.00192,0.0094393602447509,0.003303,0.5308774097900391,7534.696195835479,2.2411649823823048,67.85240636943095,1.0
Llama2-13B,8,4,2,32,32,2432,0.003303,0.0042163602447509,0.00192,0.0094393602447509,0.003303,0.5308774097900391,7534.696195835479,2.243192119853908,67.91377898437504,1.0
Llama2-13B,8,4,2,32,32,2560,0.003303,0.0042163602447509,0.00192,0.0094393602447509,0.003303,0.5308774097900391,7534.696195835479,2.2452192573255108,67.97515159931912,1.0
Llama2-13B,8,4,2,32,32,2688,0.003303,0.0042163602447509,0.00192,0.0094393602447509,0.003303,0.5308774097900391,7534.696195835479,2.247246394797114,68.03652421426321,1.0
Llama2-13B,8,4,2,32,32,2816,0.003303,0.0042163602447509,0.00192,0.0094393602447509,0.003303,0.5308774097900391,7534.696195835479,2.249273532268717,68.0978968292073,1.0
Llama2-13B,8,4,2,32,32,2944,0.003303,0.0042163602447509,0.00192,0.0094393602447509,0.003303,0.5308774097900391,7534.696195835479,2.2513006697403206,68.15926944415138,1.0
Llama2-13B,8,4,2,32,32,3072,0.003303,0.0042163602447509,0.00192,0.0094393602447509,0.003303,0.5308774097900391,7534.696195835479,2.253327807211924,68.22064205909547,1.0
Llama2-13B,8,4,2,32,32,3200,0.003303,0.0042163602447509,0.00192,0.0094393602447509,0.003303,0.5308774097900391,7534.696195835479,2.2553549446835266,68.28201467403954,1.0
Llama2-13B,8,4,2,32,32,3328,0.003303,0.0042163602447509,0.00192,0.0094393602447509,0.003303,0.5308774097900391,7534.696195835479,2.25738208215513,68.34338728898365,1.0
Llama2-13B,8,4,2,32,32,3456,0.003303,0.0042163602447509,0.00192,0.0094393602447509,0.003303,0.5308774097900391,7534.696195835479,2.259409219626733,68.40475990392773,1.0
Llama2-13B,8,4,2,32,32,3584,0.003303,0.0042163602447509,0.00192,0.0094393602447509,0.003303,0.5308774097900391,7534.696195835479,2.2614363570983365,68.46613251887182,1.0
Llama2-13B,8,4,2,32,32,3712,0.003303,0.0042163602447509,0.00192,0.0094393602447509,0.003303,0.5308774097900391,7534.696195835479,2.2634634945699394,68.52750513381591,1.0
Llama2-13B,8,4,2,32,32,3840,0.003303,0.0042163602447509,0.00192,0.0094393602447509,0.003303,0.5308774097900391,7534.696195835479,2.265490632041544,68.58887774876,1.0
Llama2-13B,8,4,2,32,32,3968,0.003303,0.0042163602447509,0.00192,0.0094393602447509,0.003303,0.5308774097900391,7534.696195835479,2.267517769513146,68.65025036370409,1.0
Llama2-13B,8,4,2,32,32,4096,0.003303,0.0042163602447509,0.00192,0.0094393602447509,0.003303,0.5308774097900391,7534.696195835479,2.2695449069847493,68.71162297864817,1.0
Llama2-13B,8,8,1,32,32,128,0.003303,0.0035309068298339,0.00192,0.0087539068298339,0.003303,0.5034592731933594,15890.063856123486,1.1033518226825252,66.80907191538147,1.0
Llama2-13B,8,8,1,32,32,256,0.003303,0.0035309068298339,0.00192,0.0087539068298339,0.003303,0.5034592731933594,15890.063856123486,1.104365391418327,66.87044453032556,1.0
Llama2-13B,8,8,1,32,32,384,0.003303,0.0035309068298339,0.00192,0.0087539068298339,0.003303,0.5034592731933594,15890.063856123486,1.1053789601541284,66.93181714526965,1.0
Llama2-13B,8,8,1,32,32,512,0.003303,0.0035309068298339,0.00192,0.0087539068298339,0.003303,0.5034592731933594,15890.063856123486,1.10639252888993,66.99318976021374,1.0
Llama2-13B,8,8,1,32,32,640,0.003303,0.0035309068298339,0.00192,0.0087539068298339,0.003303,0.5034592731933594,15890.063856123486,1.1074060976257314,67.05456237515781,1.0
Llama2-13B,8,8,1,32,32,768,0.003303,0.0035309068298339,0.00192,0.0087539068298339,0.003303,0.5034592731933594,15890.063856123486,1.108419666361533,67.1159349901019,1.0
Llama2-13B,8,8,1,32,32,896,0.003303,0.0035309068298339,0.00192,0.0087539068298339,0.003303,0.5034592731933594,15890.063856123486,1.1094332350973348,67.17730760504597,1.0
Llama2-13B,8,8,1,32,32,1024,0.003303,0.0035309068298339,0.00192,0.0087539068298339,0.003303,0.5034592731933594,15890.063856123486,1.110446803833136,67.23868021999007,1.0
Llama2-13B,8,8,1,32,32,1152,0.003303,0.0035309068298339,0.00192,0.0087539068298339,0.003303,0.5034592731933594,15890.063856123486,1.111460372568938,67.30005283493415,1.0
Llama2-13B,8,8,1,32,32,1280,0.003303,0.0035309068298339,0.00192,0.0087539068298339,0.003303,0.5034592731933594,15890.063856123486,1.1124739413047395,67.36142544987824,1.0
Llama2-13B,8,8,1,32,32,1408,0.003303,0.0035309068298339,0.00192,0.0087539068298339,0.003303,0.5034592731933594,15890.063856123486,1.1134875100405413,67.42279806482235,1.0
Llama2-13B,8,8,1,32,32,1536,0.003303,0.0035309068298339,0.00192,0.0087539068298339,0.003303,0.5034592731933594,15890.063856123486,1.1145010787763427,67.48417067976644,1.0
Llama2-13B,8,8,1,32,32,1664,0.003303,0.0035309068298339,0.00192,0.0087539068298339,0.003303,0.5034592731933594,15890.063856123486,1.115514647512144,67.54554329471051,1.0
Llama2-13B,8,8,1,32,32,1792,0.003303,0.0035309068298339,0.00192,0.0087539068298339,0.003303,0.5034592731933594,15890.063856123486,1.116528216247946,67.60691590965459,1.0
Llama2-13B,8,8,1,32,32,1920,0.003303,0.0035309068298339,0.00192,0.0087539068298339,0.003303,0.5034592731933594,15890.063856123486,1.1175417849837477,67.6682885245987,1.0
Llama2-13B,8,8,1,32,32,2048,0.003303,0.0035309068298339,0.00192,0.0087539068298339,0.003303,0.5034592731933594,15890.063856123486,1.1185553537195492,67.72966113954277,1.0
Llama2-13B,8,8,1,32,32,2176,0.003303,0.0035309068298339,0.00192,0.0087539068298339,0.003303,0.5034592731933594,15890.063856123486,1.119568922455351,67.79103375448686,1.0
Llama2-13B,8,8,1,32,32,2304,0.003303,0.0035309068298339,0.00192,0.0087539068298339,0.003303,0.5034592731933594,15890.063856123486,1.1205824911911524,67.85240636943095,1.0
Llama2-13B,8,8,1,32,32,2432,0.003303,0.0035309068298339,0.00192,0.0087539068298339,0.003303,0.5034592731933594,15890.063856123486,1.121596059926954,67.91377898437504,1.0
Llama2-13B,8,8,1,32,32,2560,0.003303,0.0035309068298339,0.00192,0.0087539068298339,0.003303,0.5034592731933594,15890.063856123486,1.1226096286627554,67.97515159931912,1.0
Llama2-13B,8,8,1,32,32,2688,0.003303,0.0035309068298339,0.00192,0.0087539068298339,0.003303,0.5034592731933594,15890.063856123486,1.123623197398557,68.03652421426321,1.0
Llama2-13B,8,8,1,32,32,2816,0.003303,0.0035309068298339,0.00192,0.0087539068298339,0.003303,0.5034592731933594,15890.063856123486,1.1246367661343586,68.0978968292073,1.0
Llama2-13B,8,8,1,32,32,2944,0.003303,0.0035309068298339,0.00192,0.0087539068298339,0.003303,0.5034592731933594,15890.063856123486,1.1256503348701603,68.15926944415138,1.0
Llama2-13B,8,8,1,32,32,3072,0.003303,0.0035309068298339,0.00192,0.0087539068298339,0.003303,0.5034592731933594,15890.063856123486,1.126663903605962,68.22064205909547,1.0
Llama2-13B,8,8,1,32,32,3200,0.003303,0.0035309068298339,0.00192,0.0087539068298339,0.003303,0.5034592731933594,15890.063856123486,1.1276774723417633,68.28201467403954,1.0
Llama2-13B,8,8,1,32,32,3328,0.003303,0.0035309068298339,0.00192,0.0087539068298339,0.003303,0.5034592731933594,15890.063856123486,1.128691041077565,68.34338728898365,1.0
Llama2-13B,8,8,1,32,32,3456,0.003303,0.0035309068298339,0.00192,0.0087539068298339,0.003303,0.5034592731933594,15890.063856123486,1.1297046098133667,68.40475990392773,1.0
Llama2-13B,8,8,1,32,32,3584,0.003303,0.0035309068298339,0.00192,0.0087539068298339,0.003303,0.5034592731933594,15890.063856123486,1.1307181785491682,68.46613251887182,1.0
Llama2-13B,8,8,1,32,32,3712,0.003303,0.0035309068298339,0.00192,0.0087539068298339,0.003303,0.5034592731933594,15890.063856123486,1.1317317472849695,68.52750513381591,1.0
Llama2-13B,8,8,1,32,32,3840,0.003303,0.0035309068298339,0.00192,0.0087539068298339,0.003303,0.5034592731933594,15890.063856123486,1.1327453160207717,68.58887774876,1.0
Llama2-13B,8,8,1,32,32,3968,0.003303,0.0035309068298339,0.00192,0.0087539068298339,0.003303,0.5034592731933594,15890.063856123486,1.133758884756573,68.65025036370409,1.0
Llama2-13B,8,8,1,32,32,4096,0.003303,0.0035309068298339,0.00192,0.0087539068298339,0.003303,0.5034592731933594,15890.063856123486,1.1347724534923749,68.71162297864817,1.0
Llama2-13B,8,40,1,32,6,128,0.0137015,0.0003588139343261,0.0096,0.0236603139343261,0.0137015,1.110114057373047,36032.333555576486,0.5985562469320674,43.68545392344398,1.0
Llama2-13B,8,40,1,32,6,256,0.0137015,0.0003588139343261,0.0096,0.0236603139343261,0.0137015,1.110114057373047,36032.333555576486,0.5987589606792278,43.70024892743335,1.0
Llama2-13B,8,40,1,32,6,384,0.0137015,0.0003588139343261,0.0096,0.0236603139343261,0.0137015,1.110114057373047,36032.333555576486,0.5989616744263881,43.71504393142272,1.0
Llama2-13B,8,40,1,32,6,512,0.0137015,0.0003588139343261,0.0096,0.0236603139343261,0.0137015,1.110114057373047,36032.333555576486,0.5991643881735484,43.72983893541209,1.0
Llama2-13B,8,40,1,32,6,640,0.0137015,0.0003588139343261,0.0096,0.0236603139343261,0.0137015,1.110114057373047,36032.333555576486,0.5993671019207086,43.74463393940145,1.0
Llama2-13B,8,40,1,32,6,768,0.0137015,0.0003588139343261,0.0096,0.0236603139343261,0.0137015,1.110114057373047,36032.333555576486,0.599569815667869,43.75942894339082,1.0
Llama2-13B,8,40,1,32,6,896,0.0137015,0.0003588139343261,0.0096,0.0236603139343261,0.0137015,1.110114057373047,36032.333555576486,0.5997725294150293,43.774223947380186,1.0
Llama2-13B,8,40,1,32,6,1024,0.0137015,0.0003588139343261,0.0096,0.0236603139343261,0.0137015,1.110114057373047,36032.333555576486,0.5999752431621898,43.78901895136956,1.0
Llama2-13B,8,40,1,32,6,1152,0.0137015,0.0003588139343261,0.0096,0.0236603139343261,0.0137015,1.110114057373047,36032.333555576486,0.60017795690935,43.803813955358926,1.0
Llama2-13B,8,40,1,32,6,1280,0.0137015,0.0003588139343261,0.0096,0.0236603139343261,0.0137015,1.110114057373047,36032.333555576486,0.6003806706565104,43.818608959348296,1.0
Llama2-13B,8,40,1,32,6,1408,0.0137015,0.0003588139343261,0.0096,0.0236603139343261,0.0137015,1.110114057373047,36032.333555576486,0.6005833844036707,43.83340396333766,1.0
Llama2-13B,8,40,1,32,6,1536,0.0137015,0.0003588139343261,0.0096,0.0236603139343261,0.0137015,1.110114057373047,36032.333555576486,0.600786098150831,43.848198967327015,1.0
Llama2-13B,8,40,1,32,6,1664,0.0137015,0.0003588139343261,0.0096,0.0236603139343261,0.0137015,1.110114057373047,36032.333555576486,0.6009888118979915,43.86299397131639,1.0
Llama2-13B,8,40,1,32,6,1792,0.0137015,0.0003588139343261,0.0096,0.0236603139343261,0.0137015,1.110114057373047,36032.333555576486,0.6011915256451517,43.87778897530576,1.0
Llama2-13B,8,40,1,32,6,1920,0.0137015,0.0003588139343261,0.0096,0.0236603139343261,0.0137015,1.110114057373047,36032.333555576486,0.6013942393923121,43.89258397929513,1.0
Llama2-13B,8,40,1,32,6,2048,0.0137015,0.0003588139343261,0.0096,0.0236603139343261,0.0137015,1.110114057373047,36032.333555576486,0.6015969531394724,43.907378983284495,1.0
Llama2-13B,8,40,1,32,6,2176,0.0137015,0.0003588139343261,0.0096,0.0236603139343261,0.0137015,1.110114057373047,36032.333555576486,0.6017996668866328,43.922173987273865,1.0
Llama2-13B,8,40,1,32,6,2304,0.0137015,0.0003588139343261,0.0096,0.0236603139343261,0.0137015,1.110114057373047,36032.333555576486,0.602002380633793,43.93696899126324,1.0
Llama2-13B,8,40,1,32,6,2432,0.0137015,0.0003588139343261,0.0096,0.0236603139343261,0.0137015,1.110114057373047,36032.333555576486,0.6022050943809533,43.9517639952526,1.0
Llama2-13B,8,40,1,32,6,2560,0.0137015,0.0003588139343261,0.0096,0.0236603139343261,0.0137015,1.110114057373047,36032.333555576486,0.6024078081281137,43.96655899924197,1.0
Llama2-13B,8,40,1,32,6,2688,0.0137015,0.0003588139343261,0.0096,0.0236603139343261,0.0137015,1.110114057373047,36032.333555576486,0.602610521875274,43.98135400323133,1.0
Llama2-13B,8,40,1,32,6,2816,0.0137015,0.0003588139343261,0.0096,0.0236603139343261,0.0137015,1.110114057373047,36032.333555576486,0.6028132356224343,43.9961490072207,1.0
Llama2-13B,8,40,1,32,6,2944,0.0137015,0.0003588139343261,0.0096,0.0236603139343261,0.0137015,1.110114057373047,36032.333555576486,0.6030159493695946,44.01094401121007,1.0
Llama2-13B,8,40,1,32,6,3072,0.0137015,0.0003588139343261,0.0096,0.0236603139343261,0.0137015,1.110114057373047,36032.333555576486,0.603218663116755,44.02573901519944,1.0
Llama2-13B,8,40,1,32,6,3200,0.0137015,0.0003588139343261,0.0096,0.0236603139343261,0.0137015,1.110114057373047,36032.333555576486,0.6034213768639153,44.0405340191888,1.0
Llama2-13B,8,40,1,32,6,3328,0.0137015,0.0003588139343261,0.0096,0.0236603139343261,0.0137015,1.110114057373047,36032.333555576486,0.6036240906110756,44.05532902317817,1.0
Llama2-13B,8,40,1,32,6,3456,0.0137015,0.0003588139343261,0.0096,0.0236603139343261,0.0137015,1.110114057373047,36032.333555576486,0.6038268043582358,44.07012402716754,1.0
Llama2-13B,8,40,1,32,6,3584,0.0137015,0.0003588139343261,0.0096,0.0236603139343261,0.0137015,1.110114057373047,36032.333555576486,0.6040295181053962,44.08491903115691,1.0
Llama2-13B,8,40,1,32,6,3712,0.0137015,0.0003588139343261,0.0096,0.0236603139343261,0.0137015,1.110114057373047,36032.333555576486,0.6042322318525566,44.09971403514628,1.0
Llama2-13B,8,40,1,32,6,3840,0.0137015,0.0003588139343261,0.0096,0.0236603139343261,0.0137015,1.110114057373047,36032.333555576486,0.6044349455997169,44.11450903913564,1.0
Llama2-13B,8,40,1,32,6,3968,0.0137015,0.0003588139343261,0.0096,0.0236603139343261,0.0137015,1.110114057373047,36032.333555576486,0.6046376593468772,44.12930404312501,1.0
Llama2-13B,8,40,1,32,6,4096,0.0137015,0.0003588139343261,0.0096,0.0236603139343261,0.0137015,1.110114057373047,36032.333555576486,0.6048403730940375,44.14409904711437,1.0
Llama2-13B,20,1,20,32,32,128,0.003303,0.0094062218148367,0.00192,0.0146292218148367,0.003303,0.738471872593471,1354.147716538014,22.06703645365049,167.02267978845376,1.0
Llama2-13B,20,1,20,32,32,256,0.003303,0.0094062218148367,0.00192,0.0146292218148367,0.003303,0.738471872593471,1354.147716538014,22.087307828366523,167.17611132581396,1.0
Llama2-13B,20,1,20,32,32,384,0.003303,0.0094062218148367,0.00192,0.0146292218148367,0.003303,0.738471872593471,1354.147716538014,22.10757920308256,167.32954286317417,1.0
Llama2-13B,20,1,20,32,32,512,0.003303,0.0094062218148367,0.00192,0.0146292218148367,0.003303,0.738471872593471,1354.147716538014,22.12785057779859,167.4829744005344,1.0
Llama2-13B,20,1,20,32,32,640,0.003303,0.0094062218148367,0.00192,0.0146292218148367,0.003303,0.738471872593471,1354.147716538014,22.14812195251462,167.63640593789464,1.0
Llama2-13B,20,1,20,32,32,768,0.003303,0.0094062218148367,0.00192,0.0146292218148367,0.003303,0.738471872593471,1354.147716538014,22.16839332723065,167.78983747525484,1.0
Llama2-13B,20,1,20,32,32,896,0.003303,0.0094062218148367,0.00192,0.0146292218148367,0.003303,0.738471872593471,1354.147716538014,22.18866470194669,167.94326901261505,1.0
Llama2-13B,20,1,20,32,32,1024,0.003303,0.0094062218148367,0.00192,0.0146292218148367,0.003303,0.738471872593471,1354.147716538014,22.208936076662724,168.09670054997528,1.0
Llama2-13B,20,1,20,32,32,1152,0.003303,0.0094062218148367,0.00192,0.0146292218148367,0.003303,0.738471872593471,1354.147716538014,22.229207451378752,168.25013208733546,1.0
Llama2-13B,20,1,20,32,32,1280,0.003303,0.0094062218148367,0.00192,0.0146292218148367,0.003303,0.738471872593471,1354.147716538014,22.249478826094784,168.40356362469572,1.0
Llama2-13B,20,1,20,32,32,1408,0.003303,0.0094062218148367,0.00192,0.0146292218148367,0.003303,0.738471872593471,1354.147716538014,22.26975020081081,168.55699516205593,1.0
Llama2-13B,20,1,20,32,32,1536,0.003303,0.0094062218148367,0.00192,0.0146292218148367,0.003303,0.738471872593471,1354.147716538014,22.29002157552685,168.71042669941616,1.0
Llama2-13B,20,1,20,32,32,1664,0.003303,0.0094062218148367,0.00192,0.0146292218148367,0.003303,0.738471872593471,1354.147716538014,22.31029295024288,168.86385823677637,1.0
Llama2-13B,20,1,20,32,32,1792,0.003303,0.0094062218148367,0.00192,0.0146292218148367,0.003303,0.738471872593471,1354.147716538014,22.33056432495891,169.0172897741366,1.0
Llama2-13B,20,1,20,32,32,1920,0.003303,0.0094062218148367,0.00192,0.0146292218148367,0.003303,0.738471872593471,1354.147716538014,22.35083569967494,169.17072131149678,1.0
Llama2-13B,20,1,20,32,32,2048,0.003303,0.0094062218148367,0.00192,0.0146292218148367,0.003303,0.738471872593471,1354.147716538014,22.371107074390977,169.324152848857,1.0
Llama2-13B,20,1,20,32,32,2176,0.003303,0.0094062218148367,0.00192,0.0146292218148367,0.003303,0.738471872593471,1354.147716538014,22.39137844910701,169.47758438621722,1.0
Llama2-13B,20,1,20,32,32,2304,0.003303,0.0094062218148367,0.00192,0.0146292218148367,0.003303,0.738471872593471,1354.147716538014,22.41164982382304,169.63101592357745,1.0
Llama2-13B,20,1,20,32,32,2432,0.003303,0.0094062218148367,0.00192,0.0146292218148367,0.003303,0.738471872593471,1354.147716538014,22.431921198539072,169.78444746093768,1.0
Llama2-13B,20,1,20,32,32,2560,0.003303,0.0094062218148367,0.00192,0.0146292218148367,0.003303,0.738471872593471,1354.147716538014,22.452192573255104,169.9378789982979,1.0
Llama2-13B,20,1,20,32,32,2688,0.003303,0.0094062218148367,0.00192,0.0146292218148367,0.003303,0.738471872593471,1354.147716538014,22.472463947971136,170.09131053565812,1.0
Llama2-13B,20,1,20,32,32,2816,0.003303,0.0094062218148367,0.00192,0.0146292218148367,0.003303,0.738471872593471,1354.147716538014,22.492735322687164,170.24474207301833,1.0
Llama2-13B,20,1,20,32,32,2944,0.003303,0.0094062218148367,0.00192,0.0146292218148367,0.003303,0.738471872593471,1354.147716538014,22.5130066974032,170.39817361037854,1.0
Llama2-13B,20,1,20,32,32,3072,0.003303,0.0094062218148367,0.00192,0.0146292218148367,0.003303,0.738471872593471,1354.147716538014,22.53327807211923,170.55160514773874,1.0
Llama2-13B,20,1,20,32,32,3200,0.003303,0.0094062218148367,0.00192,0.0146292218148367,0.003303,0.738471872593471,1354.147716538014,22.553549446835262,170.70503668509895,1.0
Llama2-13B,20,1,20,32,32,3328,0.003303,0.0094062218148367,0.00192,0.0146292218148367,0.003303,0.738471872593471,1354.147716538014,22.57382082155129,170.85846822245918,1.0
Llama2-13B,20,1,20,32,32,3456,0.003303,0.0094062218148367,0.00192,0.0146292218148367,0.003303,0.738471872593471,1354.147716538014,22.59409219626733,171.0118997598194,1.0
Llama2-13B,20,1,20,32,32,3584,0.003303,0.0094062218148367,0.00192,0.0146292218148367,0.003303,0.738471872593471,1354.147716538014,22.61436357098336,171.16533129717965,1.0
Llama2-13B,20,1,20,32,32,3712,0.003303,0.0094062218148367,0.00192,0.0146292218148367,0.003303,0.738471872593471,1354.147716538014,22.63463494569939,171.31876283453985,1.0
Llama2-13B,20,1,20,32,32,3840,0.003303,0.0094062218148367,0.00192,0.0146292218148367,0.003303,0.738471872593471,1354.147716538014,22.654906320415424,171.4721943719001,1.0
Llama2-13B,20,1,20,32,32,3968,0.003303,0.0094062218148367,0.00192,0.0146292218148367,0.003303,0.738471872593471,1354.147716538014,22.675177695131453,171.62562590926026,1.0
Llama2-13B,20,1,20,32,32,4096,0.003303,0.0094062218148367,0.00192,0.0146292218148367,0.003303,0.738471872593471,1354.147716538014,22.695449069847484,171.7790574466205,1.0
Llama2-13B,20,2,10,32,32,128,0.003303,0.0091337434387207,0.00192,0.0143567434387207,0.003303,0.727572737548828,2748.866053912277,11.033518226825247,167.0226797884538,1.0
Llama2-13B,20,2,10,32,32,256,0.003303,0.0091337434387207,0.00192,0.0143567434387207,0.003303,0.727572737548828,2748.866053912277,11.04365391418326,167.176111325814,1.0
Llama2-13B,20,2,10,32,32,384,0.003303,0.0091337434387207,0.00192,0.0143567434387207,0.003303,0.727572737548828,2748.866053912277,11.05378960154128,167.3295428631742,1.0
Llama2-13B,20,2,10,32,32,512,0.003303,0.0091337434387207,0.00192,0.0143567434387207,0.003303,0.727572737548828,2748.866053912277,11.063925288899297,167.48297440053443,1.0
Llama2-13B,20,2,10,32,32,640,0.003303,0.0091337434387207,0.00192,0.0143567434387207,0.003303,0.727572737548828,2748.866053912277,11.07406097625731,167.63640593789466,1.0
Llama2-13B,20,2,10,32,32,768,0.003303,0.0091337434387207,0.00192,0.0143567434387207,0.003303,0.727572737548828,2748.866053912277,11.084196663615325,167.78983747525487,1.0
Llama2-13B,20,2,10,32,32,896,0.003303,0.0091337434387207,0.00192,0.0143567434387207,0.003303,0.727572737548828,2748.866053912277,11.094332350973344,167.94326901261508,1.0
Llama2-13B,20,2,10,32,32,1024,0.003303,0.0091337434387207,0.00192,0.0143567434387207,0.003303,0.727572737548828,2748.866053912277,11.104468038331362,168.0967005499753,1.0
Llama2-13B,20,2,10,32,32,1152,0.003303,0.0091337434387207,0.00192,0.0143567434387207,0.003303,0.727572737548828,2748.866053912277,11.114603725689376,168.2501320873355,1.0
Llama2-13B,20,2,10,32,32,1280,0.003303,0.0091337434387207,0.00192,0.0143567434387207,0.003303,0.727572737548828,2748.866053912277,11.124739413047392,168.40356362469575,1.0
Llama2-13B,20,2,10,32,32,1408,0.003303,0.0091337434387207,0.00192,0.0143567434387207,0.003303,0.727572737548828,2748.866053912277,11.134875100405408,168.55699516205596,1.0
Llama2-13B,20,2,10,32,32,1536,0.003303,0.0091337434387207,0.00192,0.0143567434387207,0.003303,0.727572737548828,2748.866053912277,11.145010787763423,168.7104266994162,1.0
Llama2-13B,20,2,10,32,32,1664,0.003303,0.0091337434387207,0.00192,0.0143567434387207,0.003303,0.727572737548828,2748.866053912277,11.15514647512144,168.8638582367764,1.0
Llama2-13B,20,2,10,32,32,1792,0.003303,0.0091337434387207,0.00192,0.0143567434387207,0.003303,0.727572737548828,2748.866053912277,11.165282162479455,169.01728977413663,1.0
Llama2-13B,20,2,10,32,32,1920,0.003303,0.0091337434387207,0.00192,0.0143567434387207,0.003303,0.727572737548828,2748.866053912277,11.17541784983747,169.1707213114968,1.0
Llama2-13B,20,2,10,32,32,2048,0.003303,0.0091337434387207,0.00192,0.0143567434387207,0.003303,0.727572737548828,2748.866053912277,11.185553537195489,169.32415284885704,1.0
Llama2-13B,20,2,10,32,32,2176,0.003303,0.0091337434387207,0.00192,0.0143567434387207,0.003303,0.727572737548828,2748.866053912277,11.195689224553504,169.47758438621725,1.0
Llama2-13B,20,2,10,32,32,2304,0.003303,0.0091337434387207,0.00192,0.0143567434387207,0.003303,0.727572737548828,2748.866053912277,11.20582491191152,169.63101592357748,1.0
Llama2-13B,20,2,10,32,32,2432,0.003303,0.0091337434387207,0.00192,0.0143567434387207,0.003303,0.727572737548828,2748.866053912277,11.215960599269536,169.7844474609377,1.0
Llama2-13B,20,2,10,32,32,2560,0.003303,0.0091337434387207,0.00192,0.0143567434387207,0.003303,0.727572737548828,2748.866053912277,11.226096286627552,169.93787899829792,1.0
Llama2-13B,20,2,10,32,32,2688,0.003303,0.0091337434387207,0.00192,0.0143567434387207,0.003303,0.727572737548828,2748.866053912277,11.236231973985568,170.09131053565815,1.0
Llama2-13B,20,2,10,32,32,2816,0.003303,0.0091337434387207,0.00192,0.0143567434387207,0.003303,0.727572737548828,2748.866053912277,11.246367661343582,170.24474207301833,1.0
Llama2-13B,20,2,10,32,32,2944,0.003303,0.0091337434387207,0.00192,0.0143567434387207,0.003303,0.727572737548828,2748.866053912277,11.2565033487016,170.39817361037856,1.0
Llama2-13B,20,2,10,32,32,3072,0.003303,0.0091337434387207,0.00192,0.0143567434387207,0.003303,0.727572737548828,2748.866053912277,11.266639036059615,170.55160514773877,1.0
Llama2-13B,20,2,10,32,32,3200,0.003303,0.0091337434387207,0.00192,0.0143567434387207,0.003303,0.727572737548828,2748.866053912277,11.276774723417631,170.705036685099,1.0
Llama2-13B,20,2,10,32,32,3328,0.003303,0.0091337434387207,0.00192,0.0143567434387207,0.003303,0.727572737548828,2748.866053912277,11.286910410775649,170.8584682224592,1.0
Llama2-13B,20,2,10,32,32,3456,0.003303,0.0091337434387207,0.00192,0.0143567434387207,0.003303,0.727572737548828,2748.866053912277,11.297046098133665,171.01189975981944,1.0
Llama2-13B,20,2,10,32,32,3584,0.003303,0.0091337434387207,0.00192,0.0143567434387207,0.003303,0.727572737548828,2748.866053912277,11.30718178549168,171.16533129717968,1.0
Llama2-13B,20,2,10,32,32,3712,0.003303,0.0091337434387207,0.00192,0.0143567434387207,0.003303,0.727572737548828,2748.866053912277,11.317317472849696,171.31876283453988,1.0
Llama2-13B,20,2,10,32,32,3840,0.003303,0.0091337434387207,0.00192,0.0143567434387207,0.003303,0.727572737548828,2748.866053912277,11.327453160207712,171.47219437190012,1.0
Llama2-13B,20,2,10,32,32,3968,0.003303,0.0091337434387207,0.00192,0.0143567434387207,0.003303,0.727572737548828,2748.866053912277,11.337588847565726,171.6256259092603,1.0
Llama2-13B,20,2,10,32,32,4096,0.003303,0.0091337434387207,0.00192,0.0143567434387207,0.003303,0.727572737548828,2748.866053912277,11.347724534923742,171.77905744662053,1.0
Llama2-13B,20,4,5,32,32,128,0.003303,0.0085462119402204,0.00192,0.0137692119402204,0.003303,0.7040714776088169,5681.241361438029,5.516759113412624,167.02267978845376,1.0
Llama2-13B,20,4,5,32,32,256,0.003303,0.0085462119402204,0.00192,0.0137692119402204,0.003303,0.7040714776088169,5681.241361438029,5.521826957091631,167.17611132581396,1.0
Llama2-13B,20,4,5,32,32,384,0.003303,0.0085462119402204,0.00192,0.0137692119402204,0.003303,0.7040714776088169,5681.241361438029,5.52689480077064,167.32954286317417,1.0
Llama2-13B,20,4,5,32,32,512,0.003303,0.0085462119402204,0.00192,0.0137692119402204,0.003303,0.7040714776088169,5681.241361438029,5.531962644449648,167.4829744005344,1.0
Llama2-13B,20,4,5,32,32,640,0.003303,0.0085462119402204,0.00192,0.0137692119402204,0.003303,0.7040714776088169,5681.241361438029,5.537030488128655,167.63640593789464,1.0
Llama2-13B,20,4,5,32,32,768,0.003303,0.0085462119402204,0.00192,0.0137692119402204,0.003303,0.7040714776088169,5681.241361438029,5.542098331807662,167.78983747525484,1.0
Llama2-13B,20,4,5,32,32,896,0.003303,0.0085462119402204,0.00192,0.0137692119402204,0.003303,0.7040714776088169,5681.241361438029,5.547166175486672,167.94326901261505,1.0
Llama2-13B,20,4,5,32,32,1024,0.003303,0.0085462119402204,0.00192,0.0137692119402204,0.003303,0.7040714776088169,5681.241361438029,5.552234019165681,168.09670054997528,1.0
Llama2-13B,20,4,5,32,32,1152,0.003303,0.0085462119402204,0.00192,0.0137692119402204,0.003303,0.7040714776088169,5681.241361438029,5.557301862844688,168.25013208733546,1.0
Llama2-13B,20,4,5,32,32,1280,0.003303,0.0085462119402204,0.00192,0.0137692119402204,0.003303,0.7040714776088169,5681.241361438029,5.562369706523696,168.40356362469572,1.0
Llama2-13B,20,4,5,32,32,1408,0.003303,0.0085462119402204,0.00192,0.0137692119402204,0.003303,0.7040714776088169,5681.241361438029,5.567437550202704,168.55699516205593,1.0
Llama2-13B,20,4,5,32,32,1536,0.003303,0.0085462119402204,0.00192,0.0137692119402204,0.003303,0.7040714776088169,5681.241361438029,5.572505393881713,168.71042669941616,1.0
Llama2-13B,20,4,5,32,32,1664,0.003303,0.0085462119402204,0.00192,0.0137692119402204,0.003303,0.7040714776088169,5681.241361438029,5.57757323756072,168.86385823677637,1.0
Llama2-13B,20,4,5,32,32,1792,0.003303,0.0085462119402204,0.00192,0.0137692119402204,0.003303,0.7040714776088169,5681.241361438029,5.582641081239728,169.0172897741366,1.0
Llama2-13B,20,4,5,32,32,1920,0.003303,0.0085462119402204,0.00192,0.0137692119402204,0.003303,0.7040714776088169,5681.241361438029,5.587708924918735,169.17072131149678,1.0
Llama2-13B,20,4,5,32,32,2048,0.003303,0.0085462119402204,0.00192,0.0137692119402204,0.003303,0.7040714776088169,5681.241361438029,5.592776768597744,169.324152848857,1.0
Llama2-13B,20,4,5,32,32,2176,0.003303,0.0085462119402204,0.00192,0.0137692119402204,0.003303,0.7040714776088169,5681.241361438029,5.597844612276752,169.47758438621722,1.0
Llama2-13B,20,4,5,32,32,2304,0.003303,0.0085462119402204,0.00192,0.0137692119402204,0.003303,0.7040714776088169,5681.241361438029,5.602912455955759,169.63101592357745,1.0
Llama2-13B,20,4,5,32,32,2432,0.003303,0.0085462119402204,0.00192,0.0137692119402204,0.003303,0.7040714776088169,5681.241361438029,5.607980299634768,169.78444746093768,1.0
Llama2-13B,20,4,5,32,32,2560,0.003303,0.0085462119402204,0.00192,0.0137692119402204,0.003303,0.7040714776088169,5681.241361438029,5.613048143313776,169.9378789982979,1.0
Llama2-13B,20,4,5,32,32,2688,0.003303,0.0085462119402204,0.00192,0.0137692119402204,0.003303,0.7040714776088169,5681.241361438029,5.618115986992784,170.09131053565812,1.0
Llama2-13B,20,4,5,32,32,2816,0.003303,0.0085462119402204,0.00192,0.0137692119402204,0.003303,0.7040714776088169,5681.241361438029,5.623183830671791,170.24474207301833,1.0
Llama2-13B,20,4,5,32,32,2944,0.003303,0.0085462119402204,0.00192,0.0137692119402204,0.003303,0.7040714776088169,5681.241361438029,5.6282516743508,170.39817361037854,1.0
Llama2-13B,20,4,5,32,32,3072,0.003303,0.0085462119402204,0.00192,0.0137692119402204,0.003303,0.7040714776088169,5681.241361438029,5.633319518029808,170.55160514773874,1.0
Llama2-13B,20,4,5,32,32,3200,0.003303,0.0085462119402204,0.00192,0.0137692119402204,0.003303,0.7040714776088169,5681.241361438029,5.638387361708816,170.70503668509895,1.0
Llama2-13B,20,4,5,32,32,3328,0.003303,0.0085462119402204,0.00192,0.0137692119402204,0.003303,0.7040714776088169,5681.241361438029,5.643455205387824,170.85846822245918,1.0
Llama2-13B,20,4,5,32,32,3456,0.003303,0.0085462119402204,0.00192,0.0137692119402204,0.003303,0.7040714776088169,5681.241361438029,5.648523049066832,171.0118997598194,1.0
Llama2-13B,20,4,5,32,32,3584,0.003303,0.0085462119402204,0.00192,0.0137692119402204,0.003303,0.7040714776088169,5681.241361438029,5.653590892745839,171.16533129717965,1.0
Llama2-13B,20,4,5,32,32,3712,0.003303,0.0085462119402204,0.00192,0.0137692119402204,0.003303,0.7040714776088169,5681.241361438029,5.658658736424847,171.31876283453985,1.0
Llama2-13B,20,4,5,32,32,3840,0.003303,0.0085462119402204,0.00192,0.0137692119402204,0.003303,0.7040714776088169,5681.241361438029,5.663726580103856,171.4721943719001,1.0
Llama2-13B,20,4,5,32,32,3968,0.003303,0.0085462119402204,0.00192,0.0137692119402204,0.003303,0.7040714776088169,5681.241361438029,5.668794423782863,171.62562590926026,1.0
Llama2-13B,20,4,5,32,32,4096,0.003303,0.0085462119402204,0.00192,0.0137692119402204,0.003303,0.7040714776088169,5681.241361438029,5.673862267461871,171.7790574466205,1.0
Llama2-13B,20,5,4,32,32,128,0.003303,0.0083929428536551,0.00192,0.0136159428536551,0.003303,0.6979407141462053,7163.93226338218,4.413407290730101,167.02267978845376,1.0
Llama2-13B,20,5,4,32,32,256,0.003303,0.0083929428536551,0.00192,0.0136159428536551,0.003303,0.6979407141462053,7163.93226338218,4.417461565673307,167.17611132581396,1.0
Llama2-13B,20,5,4,32,32,384,0.003303,0.0083929428536551,0.00192,0.0136159428536551,0.003303,0.6979407141462053,7163.93226338218,4.421515840616514,167.32954286317417,1.0
Llama2-13B,20,5,4,32,32,512,0.003303,0.0083929428536551,0.00192,0.0136159428536551,0.003303,0.6979407141462053,7163.93226338218,4.4255701155597205,167.4829744005344,1.0
Llama2-13B,20,5,4,32,32,640,0.003303,0.0083929428536551,0.00192,0.0136159428536551,0.003303,0.6979407141462053,7163.93226338218,4.429624390502926,167.63640593789464,1.0
Llama2-13B,20,5,4,32,32,768,0.003303,0.0083929428536551,0.00192,0.0136159428536551,0.003303,0.6979407141462053,7163.93226338218,4.433678665446132,167.78983747525484,1.0
Llama2-13B,20,5,4,32,32,896,0.003303,0.0083929428536551,0.00192,0.0136159428536551,0.003303,0.6979407141462053,7163.93226338218,4.437732940389339,167.94326901261505,1.0
Llama2-13B,20,5,4,32,32,1024,0.003303,0.0083929428536551,0.00192,0.0136159428536551,0.003303,0.6979407141462053,7163.93226338218,4.441787215332544,168.09670054997528,1.0
Llama2-13B,20,5,4,32,32,1152,0.003303,0.0083929428536551,0.00192,0.0136159428536551,0.003303,0.6979407141462053,7163.93226338218,4.445841490275752,168.25013208733546,1.0
Llama2-13B,20,5,4,32,32,1280,0.003303,0.0083929428536551,0.00192,0.0136159428536551,0.003303,0.6979407141462053,7163.93226338218,4.449895765218958,168.40356362469572,1.0
Llama2-13B,20,5,4,32,32,1408,0.003303,0.0083929428536551,0.00192,0.0136159428536551,0.003303,0.6979407141462053,7163.93226338218,4.453950040162165,168.55699516205593,1.0
Llama2-13B,20,5,4,32,32,1536,0.003303,0.0083929428536551,0.00192,0.0136159428536551,0.003303,0.6979407141462053,7163.93226338218,4.458004315105371,168.71042669941616,1.0
Llama2-13B,20,5,4,32,32,1664,0.003303,0.0083929428536551,0.00192,0.0136159428536551,0.003303,0.6979407141462053,7163.93226338218,4.462058590048576,168.86385823677637,1.0
Llama2-13B,20,5,4,32,32,1792,0.003303,0.0083929428536551,0.00192,0.0136159428536551,0.003303,0.6979407141462053,7163.93226338218,4.466112864991784,169.0172897741366,1.0
Llama2-13B,20,5,4,32,32,1920,0.003303,0.0083929428536551,0.00192,0.0136159428536551,0.003303,0.6979407141462053,7163.93226338218,4.47016713993499,169.17072131149678,1.0
Llama2-13B,20,5,4,32,32,2048,0.003303,0.0083929428536551,0.00192,0.0136159428536551,0.003303,0.6979407141462053,7163.93226338218,4.474221414878197,169.324152848857,1.0
Llama2-13B,20,5,4,32,32,2176,0.003303,0.0083929428536551,0.00192,0.0136159428536551,0.003303,0.6979407141462053,7163.93226338218,4.478275689821403,169.47758438621722,1.0
Llama2-13B,20,5,4,32,32,2304,0.003303,0.0083929428536551,0.00192,0.0136159428536551,0.003303,0.6979407141462053,7163.93226338218,4.4823299647646095,169.63101592357745,1.0
Llama2-13B,20,5,4,32,32,2432,0.003303,0.0083929428536551,0.00192,0.0136159428536551,0.003303,0.6979407141462053,7163.93226338218,4.486384239707816,169.78444746093768,1.0
Llama2-13B,20,5,4,32,32,2560,0.003303,0.0083929428536551,0.00192,0.0136159428536551,0.003303,0.6979407141462053,7163.93226338218,4.4904385146510215,169.9378789982979,1.0
Llama2-13B,20,5,4,32,32,2688,0.003303,0.0083929428536551,0.00192,0.0136159428536551,0.003303,0.6979407141462053,7163.93226338218,4.494492789594228,170.09131053565812,1.0
Llama2-13B,20,5,4,32,32,2816,0.003303,0.0083929428536551,0.00192,0.0136159428536551,0.003303,0.6979407141462053,7163.93226338218,4.498547064537434,170.24474207301833,1.0
Llama2-13B,20,5,4,32,32,2944,0.003303,0.0083929428536551,0.00192,0.0136159428536551,0.003303,0.6979407141462053,7163.93226338218,4.502601339480641,170.39817361037854,1.0
Llama2-13B,20,5,4,32,32,3072,0.003303,0.0083929428536551,0.00192,0.0136159428536551,0.003303,0.6979407141462053,7163.93226338218,4.506655614423848,170.55160514773874,1.0
Llama2-13B,20,5,4,32,32,3200,0.003303,0.0083929428536551,0.00192,0.0136159428536551,0.003303,0.6979407141462053,7163.93226338218,4.510709889367053,170.70503668509895,1.0
Llama2-13B,20,5,4,32,32,3328,0.003303,0.0083929428536551,0.00192,0.0136159428536551,0.003303,0.6979407141462053,7163.93226338218,4.51476416431026,170.85846822245918,1.0
Llama2-13B,20,5,4,32,32,3456,0.003303,0.0083929428536551,0.00192,0.0136159428536551,0.003303,0.6979407141462053,7163.93226338218,4.518818439253467,171.0118997598194,1.0
Llama2-13B,20,5,4,32,32,3584,0.003303,0.0083929428536551,0.00192,0.0136159428536551,0.003303,0.6979407141462053,7163.93226338218,4.522872714196673,171.16533129717965,1.0
Llama2-13B,20,5,4,32,32,3712,0.003303,0.0083929428536551,0.00192,0.0136159428536551,0.003303,0.6979407141462053,7163.93226338218,4.526926989139879,171.31876283453985,1.0
Llama2-13B,20,5,4,32,32,3840,0.003303,0.0083929428536551,0.00192,0.0136159428536551,0.003303,0.6979407141462053,7163.93226338218,4.530981264083087,171.4721943719001,1.0
Llama2-13B,20,5,4,32,32,3968,0.003303,0.0083929428536551,0.00192,0.0136159428536551,0.003303,0.6979407141462053,7163.93226338218,4.535035539026292,171.62562590926026,1.0
Llama2-13B,20,5,4,32,32,4096,0.003303,0.0083929428536551,0.00192,0.0136159428536551,0.003303,0.6979407141462053,7163.93226338218,4.539089813969499,171.7790574466205,1.0
Llama2-13B,20,10,2,32,32,128,0.003303,0.0074477834865025,0.00192,0.0126707834865025,0.003303,0.6601343394601004,15148.43176947685,2.2067036453650504,167.02267978845376,1.0
Llama2-13B,20,10,2,32,32,256,0.003303,0.0074477834865025,0.00192,0.0126707834865025,0.003303,0.6601343394601004,15148.43176947685,2.2087307828366534,167.17611132581396,1.0
Llama2-13B,20,10,2,32,32,384,0.003303,0.0074477834865025,0.00192,0.0126707834865025,0.003303,0.6601343394601004,15148.43176947685,2.210757920308257,167.32954286317417,1.0
Llama2-13B,20,10,2,32,32,512,0.003303,0.0074477834865025,0.00192,0.0126707834865025,0.003303,0.6601343394601004,15148.43176947685,2.21278505777986,167.4829744005344,1.0
Llama2-13B,20,10,2,32,32,640,0.003303,0.0074477834865025,0.00192,0.0126707834865025,0.003303,0.6601343394601004,15148.43176947685,2.214812195251463,167.63640593789464,1.0
Llama2-13B,20,10,2,32,32,768,0.003303,0.0074477834865025,0.00192,0.0126707834865025,0.003303,0.6601343394601004,15148.43176947685,2.216839332723066,167.78983747525484,1.0
Llama2-13B,20,10,2,32,32,896,0.003303,0.0074477834865025,0.00192,0.0126707834865025,0.003303,0.6601343394601004,15148.43176947685,2.2188664701946696,167.94326901261505,1.0
Llama2-13B,20,10,2,32,32,1024,0.003303,0.0074477834865025,0.00192,0.0126707834865025,0.003303,0.6601343394601004,15148.43176947685,2.220893607666272,168.09670054997528,1.0
Llama2-13B,20,10,2,32,32,1152,0.003303,0.0074477834865025,0.00192,0.0126707834865025,0.003303,0.6601343394601004,15148.43176947685,2.222920745137876,168.25013208733546,1.0
Llama2-13B,20,10,2,32,32,1280,0.003303,0.0074477834865025,0.00192,0.0126707834865025,0.003303,0.6601343394601004,15148.43176947685,2.224947882609479,168.40356362469572,1.0
Llama2-13B,20,10,2,32,32,1408,0.003303,0.0074477834865025,0.00192,0.0126707834865025,0.003303,0.6601343394601004,15148.43176947685,2.2269750200810825,168.55699516205593,1.0
Llama2-13B,20,10,2,32,32,1536,0.003303,0.0074477834865025,0.00192,0.0126707834865025,0.003303,0.6601343394601004,15148.43176947685,2.229002157552685,168.71042669941616,1.0
Llama2-13B,20,10,2,32,32,1664,0.003303,0.0074477834865025,0.00192,0.0126707834865025,0.003303,0.6601343394601004,15148.43176947685,2.231029295024288,168.86385823677637,1.0
Llama2-13B,20,10,2,32,32,1792,0.003303,0.0074477834865025,0.00192,0.0126707834865025,0.003303,0.6601343394601004,15148.43176947685,2.233056432495892,169.0172897741366,1.0
Llama2-13B,20,10,2,32,32,1920,0.003303,0.0074477834865025,0.00192,0.0126707834865025,0.003303,0.6601343394601004,15148.43176947685,2.235083569967495,169.17072131149678,1.0
Llama2-13B,20,10,2,32,32,2048,0.003303,0.0074477834865025,0.00192,0.0126707834865025,0.003303,0.6601343394601004,15148.43176947685,2.2371107074390983,169.324152848857,1.0
Llama2-13B,20,10,2,32,32,2176,0.003303,0.0074477834865025,0.00192,0.0126707834865025,0.003303,0.6601343394601004,15148.43176947685,2.2391378449107013,169.47758438621722,1.0
Llama2-13B,20,10,2,32,32,2304,0.003303,0.0074477834865025,0.00192,0.0126707834865025,0.003303,0.6601343394601004,15148.43176947685,2.2411649823823048,169.63101592357745,1.0
Llama2-13B,20,10,2,32,32,2432,0.003303,0.0074477834865025,0.00192,0.0126707834865025,0.003303,0.6601343394601004,15148.43176947685,2.243192119853908,169.78444746093768,1.0
Llama2-13B,20,10,2,32,32,2560,0.003303,0.0074477834865025,0.00192,0.0126707834865025,0.003303,0.6601343394601004,15148.43176947685,2.2452192573255108,169.9378789982979,1.0
Llama2-13B,20,10,2,32,32,2688,0.003303,0.0074477834865025,0.00192,0.0126707834865025,0.003303,0.6601343394601004,15148.43176947685,2.247246394797114,170.09131053565812,1.0
Llama2-13B,20,10,2,32,32,2816,0.003303,0.0074477834865025,0.00192,0.0126707834865025,0.003303,0.6601343394601004,15148.43176947685,2.249273532268717,170.24474207301833,1.0
Llama2-13B,20,10,2,32,32,2944,0.003303,0.0074477834865025,0.00192,0.0126707834865025,0.003303,0.6601343394601004,15148.43176947685,2.2513006697403206,170.39817361037854,1.0
Llama2-13B,20,10,2,32,32,3072,0.003303,0.0074477834865025,0.00192,0.0126707834865025,0.003303,0.6601343394601004,15148.43176947685,2.253327807211924,170.55160514773874,1.0
Llama2-13B,20,10,2,32,32,3200,0.003303,0.0074477834865025,0.00192,0.0126707834865025,0.003303,0.6601343394601004,15148.43176947685,2.2553549446835266,170.70503668509895,1.0
Llama2-13B,20,10,2,32,32,3328,0.003303,0.0074477834865025,0.00192,0.0126707834865025,0.003303,0.6601343394601004,15148.43176947685,2.25738208215513,170.85846822245918,1.0
Llama2-13B,20,10,2,32,32,3456,0.003303,0.0074477834865025,0.00192,0.0126707834865025,0.003303,0.6601343394601004,15148.43176947685,2.259409219626733,171.0118997598194,1.0
Llama2-13B,20,10,2,32,32,3584,0.003303,0.0074477834865025,0.00192,0.0126707834865025,0.003303,0.6601343394601004,15148.43176947685,2.2614363570983365,171.16533129717965,1.0
Llama2-13B,20,10,2,32,32,3712,0.003303,0.0074477834865025,0.00192,0.0126707834865025,0.003303,0.6601343394601004,15148.43176947685,2.2634634945699394,171.31876283453985,1.0
Llama2-13B,20,10,2,32,32,3840,0.003303,0.0074477834865025,0.00192,0.0126707834865025,0.003303,0.6601343394601004,15148.43176947685,2.265490632041544,171.4721943719001,1.0
Llama2-13B,20,10,2,32,32,3968,0.003303,0.0074477834865025,0.00192,0.0126707834865025,0.003303,0.6601343394601004,15148.43176947685,2.267517769513146,171.62562590926026,1.0
Llama2-13B,20,10,2,32,32,4096,0.003303,0.0074477834865025,0.00192,0.0126707834865025,0.003303,0.6601343394601004,15148.43176947685,2.2695449069847493,171.7790574466205,1.0
Llama2-13B,20,20,1,32,32,128,0.003303,0.0056851889910016,0.00192,0.0109081889910016,0.003303,0.5896305596400669,33919.54448936426,1.1033518226825252,167.02267978845376,1.0
Llama2-13B,20,20,1,32,32,256,0.003303,0.0056851889910016,0.00192,0.0109081889910016,0.003303,0.5896305596400669,33919.54448936426,1.104365391418327,167.17611132581396,1.0
Llama2-13B,20,20,1,32,32,384,0.003303,0.0056851889910016,0.00192,0.0109081889910016,0.003303,0.5896305596400669,33919.54448936426,1.1053789601541284,167.32954286317417,1.0
Llama2-13B,20,20,1,32,32,512,0.003303,0.0056851889910016,0.00192,0.0109081889910016,0.003303,0.5896305596400669,33919.54448936426,1.10639252888993,167.4829744005344,1.0
Llama2-13B,20,20,1,32,32,640,0.003303,0.0056851889910016,0.00192,0.0109081889910016,0.003303,0.5896305596400669,33919.54448936426,1.1074060976257314,167.63640593789464,1.0
Llama2-13B,20,20,1,32,32,768,0.003303,0.0056851889910016,0.00192,0.0109081889910016,0.003303,0.5896305596400669,33919.54448936426,1.108419666361533,167.78983747525484,1.0
Llama2-13B,20,20,1,32,32,896,0.003303,0.0056851889910016,0.00192,0.0109081889910016,0.003303,0.5896305596400669,33919.54448936426,1.1094332350973348,167.94326901261505,1.0
Llama2-13B,20,20,1,32,32,1024,0.003303,0.0056851889910016,0.00192,0.0109081889910016,0.003303,0.5896305596400669,33919.54448936426,1.110446803833136,168.09670054997528,1.0
Llama2-13B,20,20,1,32,32,1152,0.003303,0.0056851889910016,0.00192,0.0109081889910016,0.003303,0.5896305596400669,33919.54448936426,1.111460372568938,168.25013208733546,1.0
Llama2-13B,20,20,1,32,32,1280,0.003303,0.0056851889910016,0.00192,0.0109081889910016,0.003303,0.5896305596400669,33919.54448936426,1.1124739413047395,168.40356362469572,1.0
Llama2-13B,20,20,1,32,32,1408,0.003303,0.0056851889910016,0.00192,0.0109081889910016,0.003303,0.5896305596400669,33919.54448936426,1.1134875100405413,168.55699516205593,1.0
Llama2-13B,20,20,1,32,32,1536,0.003303,0.0056851889910016,0.00192,0.0109081889910016,0.003303,0.5896305596400669,33919.54448936426,1.1145010787763427,168.71042669941616,1.0
Llama2-13B,20,20,1,32,32,1664,0.003303,0.0056851889910016,0.00192,0.0109081889910016,0.003303,0.5896305596400669,33919.54448936426,1.115514647512144,168.86385823677637,1.0
Llama2-13B,20,20,1,32,32,1792,0.003303,0.0056851889910016,0.00192,0.0109081889910016,0.003303,0.5896305596400669,33919.54448936426,1.116528216247946,169.0172897741366,1.0
Llama2-13B,20,20,1,32,32,1920,0.003303,0.0056851889910016,0.00192,0.0109081889910016,0.003303,0.5896305596400669,33919.54448936426,1.1175417849837477,169.17072131149678,1.0
Llama2-13B,20,20,1,32,32,2048,0.003303,0.0056851889910016,0.00192,0.0109081889910016,0.003303,0.5896305596400669,33919.54448936426,1.1185553537195492,169.324152848857,1.0
Llama2-13B,20,20,1,32,32,2176,0.003303,0.0056851889910016,0.00192,0.0109081889910016,0.003303,0.5896305596400669,33919.54448936426,1.119568922455351,169.47758438621722,1.0
Llama2-13B,20,20,1,32,32,2304,0.003303,0.0056851889910016,0.00192,0.0109081889910016,0.003303,0.5896305596400669,33919.54448936426,1.1205824911911524,169.63101592357745,1.0
Llama2-13B,20,20,1,32,32,2432,0.003303,0.0056851889910016,0.00192,0.0109081889910016,0.003303,0.5896305596400669,33919.54448936426,1.121596059926954,169.78444746093768,1.0
Llama2-13B,20,20,1,32,32,2560,0.003303,0.0056851889910016,0.00192,0.0109081889910016,0.003303,0.5896305596400669,33919.54448936426,1.1226096286627554,169.9378789982979,1.0
Llama2-13B,20,20,1,32,32,2688,0.003303,0.0056851889910016,0.00192,0.0109081889910016,0.003303,0.5896305596400669,33919.54448936426,1.123623197398557,170.09131053565812,1.0
Llama2-13B,20,20,1,32,32,2816,0.003303,0.0056851889910016,0.00192,0.0109081889910016,0.003303,0.5896305596400669,33919.54448936426,1.1246367661343586,170.24474207301833,1.0
Llama2-13B,20,20,1,32,32,2944,0.003303,0.0056851889910016,0.00192,0.0109081889910016,0.003303,0.5896305596400669,33919.54448936426,1.1256503348701603,170.39817361037854,1.0
Llama2-13B,20,20,1,32,32,3072,0.003303,0.0056851889910016,0.00192,0.0109081889910016,0.003303,0.5896305596400669,33919.54448936426,1.126663903605962,170.55160514773874,1.0
Llama2-13B,20,20,1,32,32,3200,0.003303,0.0056851889910016,0.00192,0.0109081889910016,0.003303,0.5896305596400669,33919.54448936426,1.1276774723417633,170.70503668509895,1.0
Llama2-13B,20,20,1,32,32,3328,0.003303,0.0056851889910016,0.00192,0.0109081889910016,0.003303,0.5896305596400669,33919.54448936426,1.128691041077565,170.85846822245918,1.0
Llama2-13B,20,20,1,32,32,3456,0.003303,0.0056851889910016,0.00192,0.0109081889910016,0.003303,0.5896305596400669,33919.54448936426,1.1297046098133667,171.0118997598194,1.0
Llama2-13B,20,20,1,32,32,3584,0.003303,0.0056851889910016,0.00192,0.0109081889910016,0.003303,0.5896305596400669,33919.54448936426,1.1307181785491682,171.16533129717965,1.0
Llama2-13B,20,20,1,32,32,3712,0.003303,0.0056851889910016,0.00192,0.0109081889910016,0.003303,0.5896305596400669,33919.54448936426,1.1317317472849695,171.31876283453985,1.0
Llama2-13B,20,20,1,32,32,3840,0.003303,0.0056851889910016,0.00192,0.0109081889910016,0.003303,0.5896305596400669,33919.54448936426,1.1327453160207717,171.4721943719001,1.0
Llama2-13B,20,20,1,32,32,3968,0.003303,0.0056851889910016,0.00192,0.0109081889910016,0.003303,0.5896305596400669,33919.54448936426,1.133758884756573,171.62562590926026,1.0
Llama2-13B,20,20,1,32,32,4096,0.003303,0.0056851889910016,0.00192,0.0109081889910016,0.003303,0.5896305596400669,33919.54448936426,1.1347724534923749,171.7790574466205,1.0
Llama2-13B,20,40,1,32,16,128,0.0058615,0.0006398072596958,0.00384,0.0103413072596958,0.0058615,0.5695137903878349,70235.34930165656,0.7841767368301807,133.7843106423579,1.0
Llama2-13B,20,40,1,32,16,256,0.0058615,0.0006398072596958,0.00384,0.0103413072596958,0.0058615,0.5695137903878349,70235.34930165656,0.7846835211980815,133.87077048504335,1.0
Llama2-13B,20,40,1,32,16,384,0.0058615,0.0006398072596958,0.00384,0.0103413072596958,0.0058615,0.5695137903878349,70235.34930165656,0.7851903055659823,133.95723032772878,1.0
Llama2-13B,20,40,1,32,16,512,0.0058615,0.0006398072596958,0.00384,0.0103413072596958,0.0058615,0.5695137903878349,70235.34930165656,0.7856970899338832,134.0436901704143,1.0
Llama2-13B,20,40,1,32,16,640,0.0058615,0.0006398072596958,0.00384,0.0103413072596958,0.0058615,0.5695137903878349,70235.34930165656,0.7862038743017838,134.13015001309972,1.0
Llama2-13B,20,40,1,32,16,768,0.0058615,0.0006398072596958,0.00384,0.0103413072596958,0.0058615,0.5695137903878349,70235.34930165656,0.7867106586696847,134.21660985578518,1.0
Llama2-13B,20,40,1,32,16,896,0.0058615,0.0006398072596958,0.00384,0.0103413072596958,0.0058615,0.5695137903878349,70235.34930165656,0.7872174430375856,134.3030696984706,1.0
Llama2-13B,20,40,1,32,16,1024,0.0058615,0.0006398072596958,0.00384,0.0103413072596958,0.0058615,0.5695137903878349,70235.34930165656,0.7877242274054862,134.3895295411561,1.0
Llama2-13B,20,40,1,32,16,1152,0.0058615,0.0006398072596958,0.00384,0.0103413072596958,0.0058615,0.5695137903878349,70235.34930165656,0.7882310117733872,134.47598938384152,1.0
Llama2-13B,20,40,1,32,16,1280,0.0058615,0.0006398072596958,0.00384,0.0103413072596958,0.0058615,0.5695137903878349,70235.34930165656,0.7887377961412879,134.562449226527,1.0
Llama2-13B,20,40,1,32,16,1408,0.0058615,0.0006398072596958,0.00384,0.0103413072596958,0.0058615,0.5695137903878349,70235.34930165656,0.7892445805091888,134.64890906921246,1.0
Llama2-13B,20,40,1,32,16,1536,0.0058615,0.0006398072596958,0.00384,0.0103413072596958,0.0058615,0.5695137903878349,70235.34930165656,0.7897513648770895,134.7353689118979,1.0
Llama2-13B,20,40,1,32,16,1664,0.0058615,0.0006398072596958,0.00384,0.0103413072596958,0.0058615,0.5695137903878349,70235.34930165656,0.7902581492449902,134.82182875458335,1.0
Llama2-13B,20,40,1,32,16,1792,0.0058615,0.0006398072596958,0.00384,0.0103413072596958,0.0058615,0.5695137903878349,70235.34930165656,0.7907649336128911,134.9082885972688,1.0
Llama2-13B,20,40,1,32,16,1920,0.0058615,0.0006398072596958,0.00384,0.0103413072596958,0.0058615,0.5695137903878349,70235.34930165656,0.7912717179807919,134.9947484399543,1.0
Llama2-13B,20,40,1,32,16,2048,0.0058615,0.0006398072596958,0.00384,0.0103413072596958,0.0058615,0.5695137903878349,70235.34930165656,0.7917785023486927,135.0812082826397,1.0
Llama2-13B,20,40,1,32,16,2176,0.0058615,0.0006398072596958,0.00384,0.0103413072596958,0.0058615,0.5695137903878349,70235.34930165656,0.7922852867165935,135.16766812532518,1.0
Llama2-13B,20,40,1,32,16,2304,0.0058615,0.0006398072596958,0.00384,0.0103413072596958,0.0058615,0.5695137903878349,70235.34930165656,0.7927920710844942,135.25412796801064,1.0
Llama2-13B,20,40,1,32,16,2432,0.0058615,0.0006398072596958,0.00384,0.0103413072596958,0.0058615,0.5695137903878349,70235.34930165656,0.7932988554523951,135.34058781069612,1.0
Llama2-13B,20,40,1,32,16,2560,0.0058615,0.0006398072596958,0.00384,0.0103413072596958,0.0058615,0.5695137903878349,70235.34930165656,0.7938056398202958,135.42704765338155,1.0
Llama2-13B,20,40,1,32,16,2688,0.0058615,0.0006398072596958,0.00384,0.0103413072596958,0.0058615,0.5695137903878349,70235.34930165656,0.7943124241881967,135.513507496067,1.0
Llama2-13B,20,40,1,32,16,2816,0.0058615,0.0006398072596958,0.00384,0.0103413072596958,0.0058615,0.5695137903878349,70235.34930165656,0.7948192085560974,135.59996733875246,1.0
Llama2-13B,20,40,1,32,16,2944,0.0058615,0.0006398072596958,0.00384,0.0103413072596958,0.0058615,0.5695137903878349,70235.34930165656,0.7953259929239983,135.6864271814379,1.0
Llama2-13B,20,40,1,32,16,3072,0.0058615,0.0006398072596958,0.00384,0.0103413072596958,0.0058615,0.5695137903878349,70235.34930165656,0.7958327772918992,135.77288702412338,1.0
Llama2-13B,20,40,1,32,16,3200,0.0058615,0.0006398072596958,0.00384,0.0103413072596958,0.0058615,0.5695137903878349,70235.34930165656,0.7963395616597998,135.8593468668088,1.0
Llama2-13B,20,40,1,32,16,3328,0.0058615,0.0006398072596958,0.00384,0.0103413072596958,0.0058615,0.5695137903878349,70235.34930165656,0.7968463460277007,135.9458067094943,1.0
Llama2-13B,20,40,1,32,16,3456,0.0058615,0.0006398072596958,0.00384,0.0103413072596958,0.0058615,0.5695137903878349,70235.34930165656,0.7973531303956015,136.03226655217972,1.0
Llama2-13B,20,40,1,32,16,3584,0.0058615,0.0006398072596958,0.00384,0.0103413072596958,0.0058615,0.5695137903878349,70235.34930165656,0.7978599147635023,136.1187263948652,1.0
Llama2-13B,20,40,1,32,16,3712,0.0058615,0.0006398072596958,0.00384,0.0103413072596958,0.0058615,0.5695137903878349,70235.34930165656,0.798366699131403,136.20518623755066,1.0
Llama2-13B,20,40,1,32,16,3840,0.0058615,0.0006398072596958,0.00384,0.0103413072596958,0.0058615,0.5695137903878349,70235.34930165656,0.798873483499304,136.29164608023612,1.0
Llama2-13B,20,40,1,32,16,3968,0.0058615,0.0006398072596958,0.00384,0.0103413072596958,0.0058615,0.5695137903878349,70235.34930165656,0.7993802678672046,136.37810592292155,1.0
Llama2-13B,20,40,1,32,16,4096,0.0058615,0.0006398072596958,0.00384,0.0103413072596958,0.0058615,0.5695137903878349,70235.34930165656,0.7998870522351055,136.46456576560703,1.0
Llama2-13B,32,1,32,32,32,128,0.003303,0.015258120689392,0.00192,0.020481120689392,0.003303,0.9725478275756836,1028.2270667271423,35.307258325840806,267.23628766152586,1.0
Llama2-13B,32,1,32,32,32,256,0.003303,0.015258120689392,0.00192,0.020481120689392,0.003303,0.9725478275756836,1028.2270667271423,35.339692525386454,267.4817781213022,1.0
Llama2-13B,32,1,32,32,32,384,0.003303,0.015258120689392,0.00192,0.020481120689392,0.003303,0.9725478275756836,1028.2270667271423,35.37212672493211,267.7272685810786,1.0
Llama2-13B,32,1,32,32,32,512,0.003303,0.015258120689392,0.00192,0.020481120689392,0.003303,0.9725478275756836,1028.2270667271423,35.404560924477764,267.9727590408549,1.0
Llama2-13B,32,1,32,32,32,640,0.003303,0.015258120689392,0.00192,0.020481120689392,0.003303,0.9725478275756836,1028.2270667271423,35.436995124023404,268.21824950063126,1.0
Llama2-13B,32,1,32,32,32,768,0.003303,0.015258120689392,0.00192,0.020481120689392,0.003303,0.9725478275756836,1028.2270667271423,35.46942932356906,268.4637399604076,1.0
Llama2-13B,32,1,32,32,32,896,0.003303,0.015258120689392,0.00192,0.020481120689392,0.003303,0.9725478275756836,1028.2270667271423,35.501863523114714,268.70923042018387,1.0
Llama2-13B,32,1,32,32,32,1024,0.003303,0.015258120689392,0.00192,0.020481120689392,0.003303,0.9725478275756836,1028.2270667271423,35.534297722660355,268.9547208799603,1.0
Llama2-13B,32,1,32,32,32,1152,0.003303,0.015258120689392,0.00192,0.020481120689392,0.003303,0.9725478275756836,1028.2270667271423,35.56673192220602,269.2002113397366,1.0
Llama2-13B,32,1,32,32,32,1280,0.003303,0.015258120689392,0.00192,0.020481120689392,0.003303,0.9725478275756836,1028.2270667271423,35.599166121751665,269.44570179951296,1.0
Llama2-13B,32,1,32,32,32,1408,0.003303,0.015258120689392,0.00192,0.020481120689392,0.003303,0.9725478275756836,1028.2270667271423,35.63160032129732,269.6911922592894,1.0
Llama2-13B,32,1,32,32,32,1536,0.003303,0.015258120689392,0.00192,0.020481120689392,0.003303,0.9725478275756836,1028.2270667271423,35.66403452084297,269.93668271906574,1.0
Llama2-13B,32,1,32,32,32,1664,0.003303,0.015258120689392,0.00192,0.020481120689392,0.003303,0.9725478275756836,1028.2270667271423,35.69646872038861,270.18217317884205,1.0
Llama2-13B,32,1,32,32,32,1792,0.003303,0.015258120689392,0.00192,0.020481120689392,0.003303,0.9725478275756836,1028.2270667271423,35.72890291993427,270.4276636386184,1.0
Llama2-13B,32,1,32,32,32,1920,0.003303,0.015258120689392,0.00192,0.020481120689392,0.003303,0.9725478275756836,1028.2270667271423,35.76133711947992,270.6731540983948,1.0
Llama2-13B,32,1,32,32,32,2048,0.003303,0.015258120689392,0.00192,0.020481120689392,0.003303,0.9725478275756836,1028.2270667271423,35.79377131902557,270.9186445581711,1.0
Llama2-13B,32,1,32,32,32,2176,0.003303,0.015258120689392,0.00192,0.020481120689392,0.003303,0.9725478275756836,1028.2270667271423,35.82620551857122,271.16413501794744,1.0
Llama2-13B,32,1,32,32,32,2304,0.003303,0.015258120689392,0.00192,0.020481120689392,0.003303,0.9725478275756836,1028.2270667271423,35.85863971811688,271.4096254777238,1.0
Llama2-13B,32,1,32,32,32,2432,0.003303,0.015258120689392,0.00192,0.020481120689392,0.003303,0.9725478275756836,1028.2270667271423,35.891073917662524,271.65511593750017,1.0
Llama2-13B,32,1,32,32,32,2560,0.003303,0.015258120689392,0.00192,0.020481120689392,0.003303,0.9725478275756836,1028.2270667271423,35.92350811720817,271.9006063972765,1.0
Llama2-13B,32,1,32,32,32,2688,0.003303,0.015258120689392,0.00192,0.020481120689392,0.003303,0.9725478275756836,1028.2270667271423,35.95594231675383,272.14609685705284,1.0
Llama2-13B,32,1,32,32,32,2816,0.003303,0.015258120689392,0.00192,0.020481120689392,0.003303,0.9725478275756836,1028.2270667271423,35.988376516299475,272.3915873168292,1.0
Llama2-13B,32,1,32,32,32,2944,0.003303,0.015258120689392,0.00192,0.020481120689392,0.003303,0.9725478275756836,1028.2270667271423,36.02081071584513,272.6370777766055,1.0
Llama2-13B,32,1,32,32,32,3072,0.003303,0.015258120689392,0.00192,0.020481120689392,0.003303,0.9725478275756836,1028.2270667271423,36.05324491539079,272.88256823638187,1.0
Llama2-13B,32,1,32,32,32,3200,0.003303,0.015258120689392,0.00192,0.020481120689392,0.003303,0.9725478275756836,1028.2270667271423,36.085679114936426,273.1280586961582,1.0
Llama2-13B,32,1,32,32,32,3328,0.003303,0.015258120689392,0.00192,0.020481120689392,0.003303,0.9725478275756836,1028.2270667271423,36.11811331448208,273.3735491559346,1.0
Llama2-13B,32,1,32,32,32,3456,0.003303,0.015258120689392,0.00192,0.020481120689392,0.003303,0.9725478275756836,1028.2270667271423,36.150547514027735,273.6190396157109,1.0
Llama2-13B,32,1,32,32,32,3584,0.003303,0.015258120689392,0.00192,0.020481120689392,0.003303,0.9725478275756836,1028.2270667271423,36.18298171357338,273.86453007548727,1.0
Llama2-13B,32,1,32,32,32,3712,0.003303,0.015258120689392,0.00192,0.020481120689392,0.003303,0.9725478275756836,1028.2270667271423,36.21541591311903,274.11002053526363,1.0
Llama2-13B,32,1,32,32,32,3840,0.003303,0.015258120689392,0.00192,0.020481120689392,0.003303,0.9725478275756836,1028.2270667271423,36.24785011266469,274.35551099504,1.0
Llama2-13B,32,1,32,32,32,3968,0.003303,0.015258120689392,0.00192,0.020481120689392,0.003303,0.9725478275756836,1028.2270667271423,36.280284312210334,274.6010014548164,1.0
Llama2-13B,32,1,32,32,32,4096,0.003303,0.015258120689392,0.00192,0.020481120689392,0.003303,0.9725478275756836,1028.2270667271423,36.31271851175599,274.84649191459266,1.0
Llama2-13B,32,2,16,32,32,128,0.003303,0.0148110858535766,0.00192,0.0200340858535766,0.003303,0.9546664341430664,2094.9725773015707,17.653629162920403,267.23628766152586,1.0
Llama2-13B,32,2,16,32,32,256,0.003303,0.0148110858535766,0.00192,0.0200340858535766,0.003303,0.9546664341430664,2094.9725773015707,17.669846262693227,267.4817781213022,1.0
Llama2-13B,32,2,16,32,32,384,0.003303,0.0148110858535766,0.00192,0.0200340858535766,0.003303,0.9546664341430664,2094.9725773015707,17.686063362466054,267.7272685810786,1.0
Llama2-13B,32,2,16,32,32,512,0.003303,0.0148110858535766,0.00192,0.0200340858535766,0.003303,0.9546664341430664,2094.9725773015707,17.702280462238882,267.9727590408549,1.0
Llama2-13B,32,2,16,32,32,640,0.003303,0.0148110858535766,0.00192,0.0200340858535766,0.003303,0.9546664341430664,2094.9725773015707,17.718497562011702,268.21824950063126,1.0
Llama2-13B,32,2,16,32,32,768,0.003303,0.0148110858535766,0.00192,0.0200340858535766,0.003303,0.9546664341430664,2094.9725773015707,17.73471466178453,268.4637399604076,1.0
Llama2-13B,32,2,16,32,32,896,0.003303,0.0148110858535766,0.00192,0.0200340858535766,0.003303,0.9546664341430664,2094.9725773015707,17.750931761557357,268.70923042018387,1.0
Llama2-13B,32,2,16,32,32,1024,0.003303,0.0148110858535766,0.00192,0.0200340858535766,0.003303,0.9546664341430664,2094.9725773015707,17.767148861330178,268.9547208799603,1.0
Llama2-13B,32,2,16,32,32,1152,0.003303,0.0148110858535766,0.00192,0.0200340858535766,0.003303,0.9546664341430664,2094.9725773015707,17.78336596110301,269.2002113397366,1.0
Llama2-13B,32,2,16,32,32,1280,0.003303,0.0148110858535766,0.00192,0.0200340858535766,0.003303,0.9546664341430664,2094.9725773015707,17.799583060875833,269.44570179951296,1.0
Llama2-13B,32,2,16,32,32,1408,0.003303,0.0148110858535766,0.00192,0.0200340858535766,0.003303,0.9546664341430664,2094.9725773015707,17.81580016064866,269.6911922592894,1.0
Llama2-13B,32,2,16,32,32,1536,0.003303,0.0148110858535766,0.00192,0.0200340858535766,0.003303,0.9546664341430664,2094.9725773015707,17.832017260421484,269.93668271906574,1.0
Llama2-13B,32,2,16,32,32,1664,0.003303,0.0148110858535766,0.00192,0.0200340858535766,0.003303,0.9546664341430664,2094.9725773015707,17.848234360194304,270.18217317884205,1.0
Llama2-13B,32,2,16,32,32,1792,0.003303,0.0148110858535766,0.00192,0.0200340858535766,0.003303,0.9546664341430664,2094.9725773015707,17.864451459967135,270.4276636386184,1.0
Llama2-13B,32,2,16,32,32,1920,0.003303,0.0148110858535766,0.00192,0.0200340858535766,0.003303,0.9546664341430664,2094.9725773015707,17.88066855973996,270.6731540983948,1.0
Llama2-13B,32,2,16,32,32,2048,0.003303,0.0148110858535766,0.00192,0.0200340858535766,0.003303,0.9546664341430664,2094.9725773015707,17.896885659512787,270.9186445581711,1.0
Llama2-13B,32,2,16,32,32,2176,0.003303,0.0148110858535766,0.00192,0.0200340858535766,0.003303,0.9546664341430664,2094.9725773015707,17.91310275928561,271.16413501794744,1.0
Llama2-13B,32,2,16,32,32,2304,0.003303,0.0148110858535766,0.00192,0.0200340858535766,0.003303,0.9546664341430664,2094.9725773015707,17.929319859058438,271.4096254777238,1.0
Llama2-13B,32,2,16,32,32,2432,0.003303,0.0148110858535766,0.00192,0.0200340858535766,0.003303,0.9546664341430664,2094.9725773015707,17.945536958831262,271.65511593750017,1.0
Llama2-13B,32,2,16,32,32,2560,0.003303,0.0148110858535766,0.00192,0.0200340858535766,0.003303,0.9546664341430664,2094.9725773015707,17.961754058604086,271.9006063972765,1.0
Llama2-13B,32,2,16,32,32,2688,0.003303,0.0148110858535766,0.00192,0.0200340858535766,0.003303,0.9546664341430664,2094.9725773015707,17.977971158376914,272.14609685705284,1.0
Llama2-13B,32,2,16,32,32,2816,0.003303,0.0148110858535766,0.00192,0.0200340858535766,0.003303,0.9546664341430664,2094.9725773015707,17.994188258149737,272.3915873168292,1.0
Llama2-13B,32,2,16,32,32,2944,0.003303,0.0148110858535766,0.00192,0.0200340858535766,0.003303,0.9546664341430664,2094.9725773015707,18.010405357922565,272.6370777766055,1.0
Llama2-13B,32,2,16,32,32,3072,0.003303,0.0148110858535766,0.00192,0.0200340858535766,0.003303,0.9546664341430664,2094.9725773015707,18.026622457695392,272.88256823638187,1.0
Llama2-13B,32,2,16,32,32,3200,0.003303,0.0148110858535766,0.00192,0.0200340858535766,0.003303,0.9546664341430664,2094.9725773015707,18.042839557468213,273.1280586961582,1.0
Llama2-13B,32,2,16,32,32,3328,0.003303,0.0148110858535766,0.00192,0.0200340858535766,0.003303,0.9546664341430664,2094.9725773015707,18.05905665724104,273.3735491559346,1.0
Llama2-13B,32,2,16,32,32,3456,0.003303,0.0148110858535766,0.00192,0.0200340858535766,0.003303,0.9546664341430664,2094.9725773015707,18.075273757013868,273.6190396157109,1.0
Llama2-13B,32,2,16,32,32,3584,0.003303,0.0148110858535766,0.00192,0.0200340858535766,0.003303,0.9546664341430664,2094.9725773015707,18.09149085678669,273.86453007548727,1.0
Llama2-13B,32,2,16,32,32,3712,0.003303,0.0148110858535766,0.00192,0.0200340858535766,0.003303,0.9546664341430664,2094.9725773015707,18.10770795655952,274.11002053526363,1.0
Llama2-13B,32,2,16,32,32,3840,0.003303,0.0148110858535766,0.00192,0.0200340858535766,0.003303,0.9546664341430664,2094.9725773015707,18.123925056332347,274.35551099504,1.0
Llama2-13B,32,2,16,32,32,3968,0.003303,0.0148110858535766,0.00192,0.0200340858535766,0.003303,0.9546664341430664,2094.9725773015707,18.140142156105167,274.6010014548164,1.0
Llama2-13B,32,2,16,32,32,4096,0.003303,0.0148110858535766,0.00192,0.0200340858535766,0.003303,0.9546664341430664,2094.9725773015707,18.156359255877994,274.84649191459266,1.0
Llama2-13B,32,4,8,32,32,128,0.003303,0.0138574115371704,0.00192,0.0190804115371704,0.003303,0.9165194614868164,4364.337221504311,8.826814581460201,267.23628766152586,1.0
Llama2-13B,32,4,8,32,32,256,0.003303,0.0138574115371704,0.00192,0.0190804115371704,0.003303,0.9165194614868164,4364.337221504311,8.834923131346613,267.4817781213022,1.0
Llama2-13B,32,4,8,32,32,384,0.003303,0.0138574115371704,0.00192,0.0190804115371704,0.003303,0.9165194614868164,4364.337221504311,8.843031681233027,267.7272685810786,1.0
Llama2-13B,32,4,8,32,32,512,0.003303,0.0138574115371704,0.00192,0.0190804115371704,0.003303,0.9165194614868164,4364.337221504311,8.851140231119441,267.9727590408549,1.0
Llama2-13B,32,4,8,32,32,640,0.003303,0.0138574115371704,0.00192,0.0190804115371704,0.003303,0.9165194614868164,4364.337221504311,8.859248781005851,268.21824950063126,1.0
Llama2-13B,32,4,8,32,32,768,0.003303,0.0138574115371704,0.00192,0.0190804115371704,0.003303,0.9165194614868164,4364.337221504311,8.867357330892265,268.4637399604076,1.0
Llama2-13B,32,4,8,32,32,896,0.003303,0.0138574115371704,0.00192,0.0190804115371704,0.003303,0.9165194614868164,4364.337221504311,8.875465880778679,268.70923042018387,1.0
Llama2-13B,32,4,8,32,32,1024,0.003303,0.0138574115371704,0.00192,0.0190804115371704,0.003303,0.9165194614868164,4364.337221504311,8.883574430665089,268.9547208799603,1.0
Llama2-13B,32,4,8,32,32,1152,0.003303,0.0138574115371704,0.00192,0.0190804115371704,0.003303,0.9165194614868164,4364.337221504311,8.891682980551504,269.2002113397366,1.0
Llama2-13B,32,4,8,32,32,1280,0.003303,0.0138574115371704,0.00192,0.0190804115371704,0.003303,0.9165194614868164,4364.337221504311,8.899791530437916,269.44570179951296,1.0
Llama2-13B,32,4,8,32,32,1408,0.003303,0.0138574115371704,0.00192,0.0190804115371704,0.003303,0.9165194614868164,4364.337221504311,8.90790008032433,269.6911922592894,1.0
Llama2-13B,32,4,8,32,32,1536,0.003303,0.0138574115371704,0.00192,0.0190804115371704,0.003303,0.9165194614868164,4364.337221504311,8.916008630210742,269.93668271906574,1.0
Llama2-13B,32,4,8,32,32,1664,0.003303,0.0138574115371704,0.00192,0.0190804115371704,0.003303,0.9165194614868164,4364.337221504311,8.924117180097152,270.18217317884205,1.0
Llama2-13B,32,4,8,32,32,1792,0.003303,0.0138574115371704,0.00192,0.0190804115371704,0.003303,0.9165194614868164,4364.337221504311,8.932225729983568,270.4276636386184,1.0
Llama2-13B,32,4,8,32,32,1920,0.003303,0.0138574115371704,0.00192,0.0190804115371704,0.003303,0.9165194614868164,4364.337221504311,8.94033427986998,270.6731540983948,1.0
Llama2-13B,32,4,8,32,32,2048,0.003303,0.0138574115371704,0.00192,0.0190804115371704,0.003303,0.9165194614868164,4364.337221504311,8.948442829756393,270.9186445581711,1.0
Llama2-13B,32,4,8,32,32,2176,0.003303,0.0138574115371704,0.00192,0.0190804115371704,0.003303,0.9165194614868164,4364.337221504311,8.956551379642805,271.16413501794744,1.0
Llama2-13B,32,4,8,32,32,2304,0.003303,0.0138574115371704,0.00192,0.0190804115371704,0.003303,0.9165194614868164,4364.337221504311,8.964659929529219,271.4096254777238,1.0
Llama2-13B,32,4,8,32,32,2432,0.003303,0.0138574115371704,0.00192,0.0190804115371704,0.003303,0.9165194614868164,4364.337221504311,8.972768479415631,271.65511593750017,1.0
Llama2-13B,32,4,8,32,32,2560,0.003303,0.0138574115371704,0.00192,0.0190804115371704,0.003303,0.9165194614868164,4364.337221504311,8.980877029302043,271.9006063972765,1.0
Llama2-13B,32,4,8,32,32,2688,0.003303,0.0138574115371704,0.00192,0.0190804115371704,0.003303,0.9165194614868164,4364.337221504311,8.988985579188457,272.14609685705284,1.0
Llama2-13B,32,4,8,32,32,2816,0.003303,0.0138574115371704,0.00192,0.0190804115371704,0.003303,0.9165194614868164,4364.337221504311,8.997094129074869,272.3915873168292,1.0
Llama2-13B,32,4,8,32,32,2944,0.003303,0.0138574115371704,0.00192,0.0190804115371704,0.003303,0.9165194614868164,4364.337221504311,9.005202678961282,272.6370777766055,1.0
Llama2-13B,32,4,8,32,32,3072,0.003303,0.0138574115371704,0.00192,0.0190804115371704,0.003303,0.9165194614868164,4364.337221504311,9.013311228847696,272.88256823638187,1.0
Llama2-13B,32,4,8,32,32,3200,0.003303,0.0138574115371704,0.00192,0.0190804115371704,0.003303,0.9165194614868164,4364.337221504311,9.021419778734106,273.1280586961582,1.0
Llama2-13B,32,4,8,32,32,3328,0.003303,0.0138574115371704,0.00192,0.0190804115371704,0.003303,0.9165194614868164,4364.337221504311,9.02952832862052,273.3735491559346,1.0
Llama2-13B,32,4,8,32,32,3456,0.003303,0.0138574115371704,0.00192,0.0190804115371704,0.003303,0.9165194614868164,4364.337221504311,9.037636878506934,273.6190396157109,1.0
Llama2-13B,32,4,8,32,32,3584,0.003303,0.0138574115371704,0.00192,0.0190804115371704,0.003303,0.9165194614868164,4364.337221504311,9.045745428393346,273.86453007548727,1.0
Llama2-13B,32,4,8,32,32,3712,0.003303,0.0138574115371704,0.00192,0.0190804115371704,0.003303,0.9165194614868164,4364.337221504311,9.053853978279758,274.11002053526363,1.0
Llama2-13B,32,4,8,32,32,3840,0.003303,0.0138574115371704,0.00192,0.0190804115371704,0.003303,0.9165194614868164,4364.337221504311,9.061962528166172,274.35551099504,1.0
Llama2-13B,32,4,8,32,32,3968,0.003303,0.0138574115371704,0.00192,0.0190804115371704,0.003303,0.9165194614868164,4364.337221504311,9.070071078052584,274.6010014548164,1.0
Llama2-13B,32,4,8,32,32,4096,0.003303,0.0138574115371704,0.00192,0.0190804115371704,0.003303,0.9165194614868164,4364.337221504311,9.078179627938995,274.84649191459266,1.0
Llama2-13B,32,8,4,32,32,128,0.003303,0.0130676499938964,0.00192,0.0182906499938964,0.003303,0.8849289997558594,9040.273289955576,4.413407290730101,267.23628766152586,1.0
Llama2-13B,32,8,4,32,32,256,0.003303,0.0130676499938964,0.00192,0.0182906499938964,0.003303,0.8849289997558594,9040.273289955576,4.417461565673307,267.4817781213022,1.0
Llama2-13B,32,8,4,32,32,384,0.003303,0.0130676499938964,0.00192,0.0182906499938964,0.003303,0.8849289997558594,9040.273289955576,4.421515840616514,267.7272685810786,1.0
Llama2-13B,32,8,4,32,32,512,0.003303,0.0130676499938964,0.00192,0.0182906499938964,0.003303,0.8849289997558594,9040.273289955576,4.4255701155597205,267.9727590408549,1.0
Llama2-13B,32,8,4,32,32,640,0.003303,0.0130676499938964,0.00192,0.0182906499938964,0.003303,0.8849289997558594,9040.273289955576,4.429624390502926,268.21824950063126,1.0
Llama2-13B,32,8,4,32,32,768,0.003303,0.0130676499938964,0.00192,0.0182906499938964,0.003303,0.8849289997558594,9040.273289955576,4.433678665446132,268.4637399604076,1.0
Llama2-13B,32,8,4,32,32,896,0.003303,0.0130676499938964,0.00192,0.0182906499938964,0.003303,0.8849289997558594,9040.273289955576,4.437732940389339,268.70923042018387,1.0
Llama2-13B,32,8,4,32,32,1024,0.003303,0.0130676499938964,0.00192,0.0182906499938964,0.003303,0.8849289997558594,9040.273289955576,4.441787215332544,268.9547208799603,1.0
Llama2-13B,32,8,4,32,32,1152,0.003303,0.0130676499938964,0.00192,0.0182906499938964,0.003303,0.8849289997558594,9040.273289955576,4.445841490275752,269.2002113397366,1.0
Llama2-13B,32,8,4,32,32,1280,0.003303,0.0130676499938964,0.00192,0.0182906499938964,0.003303,0.8849289997558594,9040.273289955576,4.449895765218958,269.44570179951296,1.0
Llama2-13B,32,8,4,32,32,1408,0.003303,0.0130676499938964,0.00192,0.0182906499938964,0.003303,0.8849289997558594,9040.273289955576,4.453950040162165,269.6911922592894,1.0
Llama2-13B,32,8,4,32,32,1536,0.003303,0.0130676499938964,0.00192,0.0182906499938964,0.003303,0.8849289997558594,9040.273289955576,4.458004315105371,269.93668271906574,1.0
Llama2-13B,32,8,4,32,32,1664,0.003303,0.0130676499938964,0.00192,0.0182906499938964,0.003303,0.8849289997558594,9040.273289955576,4.462058590048576,270.18217317884205,1.0
Llama2-13B,32,8,4,32,32,1792,0.003303,0.0130676499938964,0.00192,0.0182906499938964,0.003303,0.8849289997558594,9040.273289955576,4.466112864991784,270.4276636386184,1.0
Llama2-13B,32,8,4,32,32,1920,0.003303,0.0130676499938964,0.00192,0.0182906499938964,0.003303,0.8849289997558594,9040.273289955576,4.47016713993499,270.6731540983948,1.0
Llama2-13B,32,8,4,32,32,2048,0.003303,0.0130676499938964,0.00192,0.0182906499938964,0.003303,0.8849289997558594,9040.273289955576,4.474221414878197,270.9186445581711,1.0
Llama2-13B,32,8,4,32,32,2176,0.003303,0.0130676499938964,0.00192,0.0182906499938964,0.003303,0.8849289997558594,9040.273289955576,4.478275689821403,271.16413501794744,1.0
Llama2-13B,32,8,4,32,32,2304,0.003303,0.0130676499938964,0.00192,0.0182906499938964,0.003303,0.8849289997558594,9040.273289955576,4.4823299647646095,271.4096254777238,1.0
Llama2-13B,32,8,4,32,32,2432,0.003303,0.0130676499938964,0.00192,0.0182906499938964,0.003303,0.8849289997558594,9040.273289955576,4.486384239707816,271.65511593750017,1.0
Llama2-13B,32,8,4,32,32,2560,0.003303,0.0130676499938964,0.00192,0.0182906499938964,0.003303,0.8849289997558594,9040.273289955576,4.4904385146510215,271.9006063972765,1.0
Llama2-13B,32,8,4,32,32,2688,0.003303,0.0130676499938964,0.00192,0.0182906499938964,0.003303,0.8849289997558594,9040.273289955576,4.494492789594228,272.14609685705284,1.0
Llama2-13B,32,8,4,32,32,2816,0.003303,0.0130676499938964,0.00192,0.0182906499938964,0.003303,0.8849289997558594,9040.273289955576,4.498547064537434,272.3915873168292,1.0
Llama2-13B,32,8,4,32,32,2944,0.003303,0.0130676499938964,0.00192,0.0182906499938964,0.003303,0.8849289997558594,9040.273289955576,4.502601339480641,272.6370777766055,1.0
Llama2-13B,32,8,4,32,32,3072,0.003303,0.0130676499938964,0.00192,0.0182906499938964,0.003303,0.8849289997558594,9040.273289955576,4.506655614423848,272.88256823638187,1.0
Llama2-13B,32,8,4,32,32,3200,0.003303,0.0130676499938964,0.00192,0.0182906499938964,0.003303,0.8849289997558594,9040.273289955576,4.510709889367053,273.1280586961582,1.0
Llama2-13B,32,8,4,32,32,3328,0.003303,0.0130676499938964,0.00192,0.0182906499938964,0.003303,0.8849289997558594,9040.273289955576,4.51476416431026,273.3735491559346,1.0
Llama2-13B,32,8,4,32,32,3456,0.003303,0.0130676499938964,0.00192,0.0182906499938964,0.003303,0.8849289997558594,9040.273289955576,4.518818439253467,273.6190396157109,1.0
Llama2-13B,32,8,4,32,32,3584,0.003303,0.0130676499938964,0.00192,0.0182906499938964,0.003303,0.8849289997558594,9040.273289955576,4.522872714196673,273.86453007548727,1.0
Llama2-13B,32,8,4,32,32,3712,0.003303,0.0130676499938964,0.00192,0.0182906499938964,0.003303,0.8849289997558594,9040.273289955576,4.526926989139879,274.11002053526363,1.0
Llama2-13B,32,8,4,32,32,3840,0.003303,0.0130676499938964,0.00192,0.0182906499938964,0.003303,0.8849289997558594,9040.273289955576,4.530981264083087,274.35551099504,1.0
Llama2-13B,32,8,4,32,32,3968,0.003303,0.0130676499938964,0.00192,0.0182906499938964,0.003303,0.8849289997558594,9040.273289955576,4.535035539026292,274.6010014548164,1.0
Llama2-13B,32,8,4,32,32,4096,0.003303,0.0130676499938964,0.00192,0.0182906499938964,0.003303,0.8849289997558594,9040.273289955576,4.539089813969499,274.84649191459266,1.0
Llama2-13B,32,16,2,32,32,128,0.003303,0.0114136211013793,0.00192,0.0166366211013793,0.003303,0.8187678440551758,19541.558838895704,2.2067036453650504,267.23628766152586,1.0
Llama2-13B,32,16,2,32,32,256,0.003303,0.0114136211013793,0.00192,0.0166366211013793,0.003303,0.8187678440551758,19541.558838895704,2.2087307828366534,267.4817781213022,1.0
Llama2-13B,32,16,2,32,32,384,0.003303,0.0114136211013793,0.00192,0.0166366211013793,0.003303,0.8187678440551758,19541.558838895704,2.210757920308257,267.7272685810786,1.0
Llama2-13B,32,16,2,32,32,512,0.003303,0.0114136211013793,0.00192,0.0166366211013793,0.003303,0.8187678440551758,19541.558838895704,2.21278505777986,267.9727590408549,1.0
Llama2-13B,32,16,2,32,32,640,0.003303,0.0114136211013793,0.00192,0.0166366211013793,0.003303,0.8187678440551758,19541.558838895704,2.214812195251463,268.21824950063126,1.0
Llama2-13B,32,16,2,32,32,768,0.003303,0.0114136211013793,0.00192,0.0166366211013793,0.003303,0.8187678440551758,19541.558838895704,2.216839332723066,268.4637399604076,1.0
Llama2-13B,32,16,2,32,32,896,0.003303,0.0114136211013793,0.00192,0.0166366211013793,0.003303,0.8187678440551758,19541.558838895704,2.2188664701946696,268.70923042018387,1.0
Llama2-13B,32,16,2,32,32,1024,0.003303,0.0114136211013793,0.00192,0.0166366211013793,0.003303,0.8187678440551758,19541.558838895704,2.220893607666272,268.9547208799603,1.0
Llama2-13B,32,16,2,32,32,1152,0.003303,0.0114136211013793,0.00192,0.0166366211013793,0.003303,0.8187678440551758,19541.558838895704,2.222920745137876,269.2002113397366,1.0
Llama2-13B,32,16,2,32,32,1280,0.003303,0.0114136211013793,0.00192,0.0166366211013793,0.003303,0.8187678440551758,19541.558838895704,2.224947882609479,269.44570179951296,1.0
Llama2-13B,32,16,2,32,32,1408,0.003303,0.0114136211013793,0.00192,0.0166366211013793,0.003303,0.8187678440551758,19541.558838895704,2.2269750200810825,269.6911922592894,1.0
Llama2-13B,32,16,2,32,32,1536,0.003303,0.0114136211013793,0.00192,0.0166366211013793,0.003303,0.8187678440551758,19541.558838895704,2.229002157552685,269.93668271906574,1.0
Llama2-13B,32,16,2,32,32,1664,0.003303,0.0114136211013793,0.00192,0.0166366211013793,0.003303,0.8187678440551758,19541.558838895704,2.231029295024288,270.18217317884205,1.0
Llama2-13B,32,16,2,32,32,1792,0.003303,0.0114136211013793,0.00192,0.0166366211013793,0.003303,0.8187678440551758,19541.558838895704,2.233056432495892,270.4276636386184,1.0
Llama2-13B,32,16,2,32,32,1920,0.003303,0.0114136211013793,0.00192,0.0166366211013793,0.003303,0.8187678440551758,19541.558838895704,2.235083569967495,270.6731540983948,1.0
Llama2-13B,32,16,2,32,32,2048,0.003303,0.0114136211013793,0.00192,0.0166366211013793,0.003303,0.8187678440551758,19541.558838895704,2.2371107074390983,270.9186445581711,1.0
Llama2-13B,32,16,2,32,32,2176,0.003303,0.0114136211013793,0.00192,0.0166366211013793,0.003303,0.8187678440551758,19541.558838895704,2.2391378449107013,271.16413501794744,1.0
Llama2-13B,32,16,2,32,32,2304,0.003303,0.0114136211013793,0.00192,0.0166366211013793,0.003303,0.8187678440551758,19541.558838895704,2.2411649823823048,271.4096254777238,1.0
Llama2-13B,32,16,2,32,32,2432,0.003303,0.0114136211013793,0.00192,0.0166366211013793,0.003303,0.8187678440551758,19541.558838895704,2.243192119853908,271.65511593750017,1.0
Llama2-13B,32,16,2,32,32,2560,0.003303,0.0114136211013793,0.00192,0.0166366211013793,0.003303,0.8187678440551758,19541.558838895704,2.2452192573255108,271.9006063972765,1.0
Llama2-13B,32,16,2,32,32,2688,0.003303,0.0114136211013793,0.00192,0.0166366211013793,0.003303,0.8187678440551758,19541.558838895704,2.247246394797114,272.14609685705284,1.0
Llama2-13B,32,16,2,32,32,2816,0.003303,0.0114136211013793,0.00192,0.0166366211013793,0.003303,0.8187678440551758,19541.558838895704,2.249273532268717,272.3915873168292,1.0
Llama2-13B,32,16,2,32,32,2944,0.003303,0.0114136211013793,0.00192,0.0166366211013793,0.003303,0.8187678440551758,19541.558838895704,2.2513006697403206,272.6370777766055,1.0
Llama2-13B,32,16,2,32,32,3072,0.003303,0.0114136211013793,0.00192,0.0166366211013793,0.003303,0.8187678440551758,19541.558838895704,2.253327807211924,272.88256823638187,1.0
Llama2-13B,32,16,2,32,32,3200,0.003303,0.0114136211013793,0.00192,0.0166366211013793,0.003303,0.8187678440551758,19541.558838895704,2.2553549446835266,273.1280586961582,1.0
Llama2-13B,32,16,2,32,32,3328,0.003303,0.0114136211013793,0.00192,0.0166366211013793,0.003303,0.8187678440551758,19541.558838895704,2.25738208215513,273.3735491559346,1.0
Llama2-13B,32,16,2,32,32,3456,0.003303,0.0114136211013793,0.00192,0.0166366211013793,0.003303,0.8187678440551758,19541.558838895704,2.259409219626733,273.6190396157109,1.0
Llama2-13B,32,16,2,32,32,3584,0.003303,0.0114136211013793,0.00192,0.0166366211013793,0.003303,0.8187678440551758,19541.558838895704,2.2614363570983365,273.86453007548727,1.0
Llama2-13B,32,16,2,32,32,3712,0.003303,0.0114136211013793,0.00192,0.0166366211013793,0.003303,0.8187678440551758,19541.558838895704,2.2634634945699394,274.11002053526363,1.0
Llama2-13B,32,16,2,32,32,3840,0.003303,0.0114136211013793,0.00192,0.0166366211013793,0.003303,0.8187678440551758,19541.558838895704,2.2654906320415438,274.35551099504,1.0
Llama2-13B,32,16,2,32,32,3968,0.003303,0.0114136211013793,0.00192,0.0166366211013793,0.003303,0.8187678440551758,19541.558838895704,2.267517769513146,274.6010014548164,1.0
Llama2-13B,32,16,2,32,32,4096,0.003303,0.0114136211013793,0.00192,0.0166366211013793,0.003303,0.8187678440551758,19541.558838895704,2.2695449069847493,274.84649191459266,1.0
Llama2-13B,32,32,1,32,32,128,0.003303,0.0083290807342529,0.00192,0.0135520807342529,0.003303,0.6953862293701171,46017.59230835747,1.1033518226825252,267.23628766152586,1.0
Llama2-13B,32,32,1,32,32,256,0.003303,0.0083290807342529,0.00192,0.0135520807342529,0.003303,0.6953862293701171,46017.59230835747,1.104365391418327,267.4817781213022,1.0
Llama2-13B,32,32,1,32,32,384,0.003303,0.0083290807342529,0.00192,0.0135520807342529,0.003303,0.6953862293701171,46017.59230835747,1.1053789601541284,267.7272685810786,1.0
Llama2-13B,32,32,1,32,32,512,0.003303,0.0083290807342529,0.00192,0.0135520807342529,0.003303,0.6953862293701171,46017.59230835747,1.10639252888993,267.9727590408549,1.0
Llama2-13B,32,32,1,32,32,640,0.003303,0.0083290807342529,0.00192,0.0135520807342529,0.003303,0.6953862293701171,46017.59230835747,1.1074060976257314,268.21824950063126,1.0
Llama2-13B,32,32,1,32,32,768,0.003303,0.0083290807342529,0.00192,0.0135520807342529,0.003303,0.6953862293701171,46017.59230835747,1.108419666361533,268.4637399604076,1.0
Llama2-13B,32,32,1,32,32,896,0.003303,0.0083290807342529,0.00192,0.0135520807342529,0.003303,0.6953862293701171,46017.59230835747,1.1094332350973348,268.70923042018387,1.0
Llama2-13B,32,32,1,32,32,1024,0.003303,0.0083290807342529,0.00192,0.0135520807342529,0.003303,0.6953862293701171,46017.59230835747,1.110446803833136,268.9547208799603,1.0
Llama2-13B,32,32,1,32,32,1152,0.003303,0.0083290807342529,0.00192,0.0135520807342529,0.003303,0.6953862293701171,46017.59230835747,1.111460372568938,269.2002113397366,1.0
Llama2-13B,32,32,1,32,32,1280,0.003303,0.0083290807342529,0.00192,0.0135520807342529,0.003303,0.6953862293701171,46017.59230835747,1.1124739413047395,269.44570179951296,1.0
Llama2-13B,32,32,1,32,32,1408,0.003303,0.0083290807342529,0.00192,0.0135520807342529,0.003303,0.6953862293701171,46017.59230835747,1.1134875100405413,269.6911922592894,1.0
Llama2-13B,32,32,1,32,32,1536,0.003303,0.0083290807342529,0.00192,0.0135520807342529,0.003303,0.6953862293701171,46017.59230835747,1.1145010787763427,269.93668271906574,1.0
Llama2-13B,32,32,1,32,32,1664,0.003303,0.0083290807342529,0.00192,0.0135520807342529,0.003303,0.6953862293701171,46017.59230835747,1.115514647512144,270.18217317884205,1.0
Llama2-13B,32,32,1,32,32,1792,0.003303,0.0083290807342529,0.00192,0.0135520807342529,0.003303,0.6953862293701171,46017.59230835747,1.116528216247946,270.4276636386184,1.0
Llama2-13B,32,32,1,32,32,1920,0.003303,0.0083290807342529,0.00192,0.0135520807342529,0.003303,0.6953862293701171,46017.59230835747,1.1175417849837477,270.6731540983948,1.0
Llama2-13B,32,32,1,32,32,2048,0.003303,0.0083290807342529,0.00192,0.0135520807342529,0.003303,0.6953862293701171,46017.59230835747,1.1185553537195492,270.9186445581711,1.0
Llama2-13B,32,32,1,32,32,2176,0.003303,0.0083290807342529,0.00192,0.0135520807342529,0.003303,0.6953862293701171,46017.59230835747,1.119568922455351,271.16413501794744,1.0
Llama2-13B,32,32,1,32,32,2304,0.003303,0.0083290807342529,0.00192,0.0135520807342529,0.003303,0.6953862293701171,46017.59230835747,1.1205824911911524,271.4096254777238,1.0
Llama2-13B,32,32,1,32,32,2432,0.003303,0.0083290807342529,0.00192,0.0135520807342529,0.003303,0.6953862293701171,46017.59230835747,1.121596059926954,271.65511593750017,1.0
Llama2-13B,32,32,1,32,32,2560,0.003303,0.0083290807342529,0.00192,0.0135520807342529,0.003303,0.6953862293701171,46017.59230835747,1.1226096286627554,271.9006063972765,1.0
Llama2-13B,32,32,1,32,32,2688,0.003303,0.0083290807342529,0.00192,0.0135520807342529,0.003303,0.6953862293701171,46017.59230835747,1.123623197398557,272.14609685705284,1.0
Llama2-13B,32,32,1,32,32,2816,0.003303,0.0083290807342529,0.00192,0.0135520807342529,0.003303,0.6953862293701171,46017.59230835747,1.1246367661343586,272.3915873168292,1.0
Llama2-13B,32,32,1,32,32,2944,0.003303,0.0083290807342529,0.00192,0.0135520807342529,0.003303,0.6953862293701171,46017.59230835747,1.1256503348701603,272.6370777766055,1.0
Llama2-13B,32,32,1,32,32,3072,0.003303,0.0083290807342529,0.00192,0.0135520807342529,0.003303,0.6953862293701171,46017.59230835747,1.126663903605962,272.88256823638187,1.0
Llama2-13B,32,32,1,32,32,3200,0.003303,0.0083290807342529,0.00192,0.0135520807342529,0.003303,0.6953862293701171,46017.59230835747,1.1276774723417633,273.1280586961582,1.0
Llama2-13B,32,32,1,32,32,3328,0.003303,0.0083290807342529,0.00192,0.0135520807342529,0.003303,0.6953862293701171,46017.59230835747,1.128691041077565,273.3735491559346,1.0
Llama2-13B,32,32,1,32,32,3456,0.003303,0.0083290807342529,0.00192,0.0135520807342529,0.003303,0.6953862293701171,46017.59230835747,1.1297046098133667,273.6190396157109,1.0
Llama2-13B,32,32,1,32,32,3584,0.003303,0.0083290807342529,0.00192,0.0135520807342529,0.003303,0.6953862293701171,46017.59230835747,1.1307181785491682,273.86453007548727,1.0
Llama2-13B,32,32,1,32,32,3712,0.003303,0.0083290807342529,0.00192,0.0135520807342529,0.003303,0.6953862293701171,46017.59230835747,1.1317317472849695,274.11002053526363,1.0
Llama2-13B,32,32,1,32,32,3840,0.003303,0.0083290807342529,0.00192,0.0135520807342529,0.003303,0.6953862293701171,46017.59230835747,1.1327453160207717,274.35551099504,1.0
Llama2-13B,32,32,1,32,32,3968,0.003303,0.0083290807342529,0.00192,0.0135520807342529,0.003303,0.6953862293701171,46017.59230835747,1.133758884756573,274.6010014548164,1.0
Llama2-13B,32,32,1,32,32,4096,0.003303,0.0083290807342529,0.00192,0.0135520807342529,0.003303,0.6953862293701171,46017.59230835747,1.1347724534923749,274.84649191459266,1.0
Llama2-13B,32,40,1,32,16,128,0.0058615,0.0009846627044677,0.00384,0.0106861627044677,0.0058615,0.583308008178711,68574.40569844705,0.7841767368301807,133.7843106423579,0.625
Llama2-13B,32,40,1,32,16,256,0.0058615,0.0009846627044677,0.00384,0.0106861627044677,0.0058615,0.583308008178711,68574.40569844705,0.7846835211980815,133.87077048504335,0.625
Llama2-13B,32,40,1,32,16,384,0.0058615,0.0009846627044677,0.00384,0.0106861627044677,0.0058615,0.583308008178711,68574.40569844705,0.7851903055659823,133.95723032772878,0.625
Llama2-13B,32,40,1,32,16,512,0.0058615,0.0009846627044677,0.00384,0.0106861627044677,0.0058615,0.583308008178711,68574.40569844705,0.7856970899338832,134.0436901704143,0.625
Llama2-13B,32,40,1,32,16,640,0.0058615,0.0009846627044677,0.00384,0.0106861627044677,0.0058615,0.583308008178711,68574.40569844705,0.7862038743017838,134.13015001309972,0.625
Llama2-13B,32,40,1,32,16,768,0.0058615,0.0009846627044677,0.00384,0.0106861627044677,0.0058615,0.583308008178711,68574.40569844705,0.7867106586696847,134.21660985578518,0.625
Llama2-13B,32,40,1,32,16,896,0.0058615,0.0009846627044677,0.00384,0.0106861627044677,0.0058615,0.583308008178711,68574.40569844705,0.7872174430375856,134.3030696984706,0.625
Llama2-13B,32,40,1,32,16,1024,0.0058615,0.0009846627044677,0.00384,0.0106861627044677,0.0058615,0.583308008178711,68574.40569844705,0.7877242274054862,134.3895295411561,0.625
Llama2-13B,32,40,1,32,16,1152,0.0058615,0.0009846627044677,0.00384,0.0106861627044677,0.0058615,0.583308008178711,68574.40569844705,0.7882310117733872,134.47598938384152,0.625
Llama2-13B,32,40,1,32,16,1280,0.0058615,0.0009846627044677,0.00384,0.0106861627044677,0.0058615,0.583308008178711,68574.40569844705,0.7887377961412879,134.562449226527,0.625
Llama2-13B,32,40,1,32,16,1408,0.0058615,0.0009846627044677,0.00384,0.0106861627044677,0.0058615,0.583308008178711,68574.40569844705,0.7892445805091888,134.64890906921246,0.625
Llama2-13B,32,40,1,32,16,1536,0.0058615,0.0009846627044677,0.00384,0.0106861627044677,0.0058615,0.583308008178711,68574.40569844705,0.7897513648770895,134.7353689118979,0.625
Llama2-13B,32,40,1,32,16,1664,0.0058615,0.0009846627044677,0.00384,0.0106861627044677,0.0058615,0.583308008178711,68574.40569844705,0.7902581492449902,134.82182875458335,0.625
Llama2-13B,32,40,1,32,16,1792,0.0058615,0.0009846627044677,0.00384,0.0106861627044677,0.0058615,0.583308008178711,68574.40569844705,0.7907649336128911,134.9082885972688,0.625
Llama2-13B,32,40,1,32,16,1920,0.0058615,0.0009846627044677,0.00384,0.0106861627044677,0.0058615,0.583308008178711,68574.40569844705,0.7912717179807919,134.9947484399543,0.625
Llama2-13B,32,40,1,32,16,2048,0.0058615,0.0009846627044677,0.00384,0.0106861627044677,0.0058615,0.583308008178711,68574.40569844705,0.7917785023486927,135.0812082826397,0.625
Llama2-13B,32,40,1,32,16,2176,0.0058615,0.0009846627044677,0.00384,0.0106861627044677,0.0058615,0.583308008178711,68574.40569844705,0.7922852867165935,135.16766812532518,0.625
Llama2-13B,32,40,1,32,16,2304,0.0058615,0.0009846627044677,0.00384,0.0106861627044677,0.0058615,0.583308008178711,68574.40569844705,0.7927920710844942,135.25412796801064,0.625
Llama2-13B,32,40,1,32,16,2432,0.0058615,0.0009846627044677,0.00384,0.0106861627044677,0.0058615,0.583308008178711,68574.40569844705,0.7932988554523951,135.34058781069612,0.625
Llama2-13B,32,40,1,32,16,2560,0.0058615,0.0009846627044677,0.00384,0.0106861627044677,0.0058615,0.583308008178711,68574.40569844705,0.7938056398202958,135.42704765338155,0.625
Llama2-13B,32,40,1,32,16,2688,0.0058615,0.0009846627044677,0.00384,0.0106861627044677,0.0058615,0.583308008178711,68574.40569844705,0.7943124241881967,135.513507496067,0.625
Llama2-13B,32,40,1,32,16,2816,0.0058615,0.0009846627044677,0.00384,0.0106861627044677,0.0058615,0.583308008178711,68574.40569844705,0.7948192085560974,135.59996733875246,0.625
Llama2-13B,32,40,1,32,16,2944,0.0058615,0.0009846627044677,0.00384,0.0106861627044677,0.0058615,0.583308008178711,68574.40569844705,0.7953259929239983,135.6864271814379,0.625
Llama2-13B,32,40,1,32,16,3072,0.0058615,0.0009846627044677,0.00384,0.0106861627044677,0.0058615,0.583308008178711,68574.40569844705,0.7958327772918992,135.77288702412338,0.625
Llama2-13B,32,40,1,32,16,3200,0.0058615,0.0009846627044677,0.00384,0.0106861627044677,0.0058615,0.583308008178711,68574.40569844705,0.7963395616597998,135.8593468668088,0.625
Llama2-13B,32,40,1,32,16,3328,0.0058615,0.0009846627044677,0.00384,0.0106861627044677,0.0058615,0.583308008178711,68574.40569844705,0.7968463460277007,135.9458067094943,0.625
Llama2-13B,32,40,1,32,16,3456,0.0058615,0.0009846627044677,0.00384,0.0106861627044677,0.0058615,0.583308008178711,68574.40569844705,0.7973531303956015,136.03226655217972,0.625
Llama2-13B,32,40,1,32,16,3584,0.0058615,0.0009846627044677,0.00384,0.0106861627044677,0.0058615,0.583308008178711,68574.40569844705,0.7978599147635023,136.1187263948652,0.625
Llama2-13B,32,40,1,32,16,3712,0.0058615,0.0009846627044677,0.00384,0.0106861627044677,0.0058615,0.583308008178711,68574.40569844705,0.798366699131403,136.20518623755066,0.625
Llama2-13B,32,40,1,32,16,3840,0.0058615,0.0009846627044677,0.00384,0.0106861627044677,0.0058615,0.583308008178711,68574.40569844705,0.798873483499304,136.29164608023612,0.625
Llama2-13B,32,40,1,32,16,3968,0.0058615,0.0009846627044677,0.00384,0.0106861627044677,0.0058615,0.583308008178711,68574.40569844705,0.7993802678672046,136.37810592292155,0.625
Llama2-13B,32,40,1,32,16,4096,0.0058615,0.0009846627044677,0.00384,0.0106861627044677,0.0058615,0.583308008178711,68574.40569844705,0.7998870522351055,136.46456576560703,0.625
Llama2-70B,8,1,8,32,32,128,0.002961,0.0067296894327799,0.001728,0.0114186894327799,0.002961,1.0664561546223958,937.6850568733169,16.03399381672937,67.68825488318711,1.0
Llama2-70B,8,1,8,32,32,256,0.002961,0.0067296894327799,0.001728,0.0114186894327799,0.002961,1.0664561546223958,937.6850568733169,16.0599411763659,67.79779287557363,1.0
Llama2-70B,8,1,8,32,32,384,0.002961,0.0067296894327799,0.001728,0.0114186894327799,0.002961,1.0664561546223958,937.6850568733169,16.085888536002418,67.90733086796018,1.0
Llama2-70B,8,1,8,32,32,512,0.002961,0.0067296894327799,0.001728,0.0114186894327799,0.002961,1.0664561546223958,937.6850568733169,16.11183589563894,68.01686886034672,1.0
Llama2-70B,8,1,8,32,32,640,0.002961,0.0067296894327799,0.001728,0.0114186894327799,0.002961,1.0664561546223958,937.6850568733169,16.13778325527546,68.12640685273324,1.0
Llama2-70B,8,1,8,32,32,768,0.002961,0.0067296894327799,0.001728,0.0114186894327799,0.002961,1.0664561546223958,937.6850568733169,16.163730614911984,68.23594484511977,1.0
Llama2-70B,8,1,8,32,32,896,0.002961,0.0067296894327799,0.001728,0.0114186894327799,0.002961,1.0664561546223958,937.6850568733169,16.189677974548502,68.3454828375063,1.0
Llama2-70B,8,1,8,32,32,1024,0.002961,0.0067296894327799,0.001728,0.0114186894327799,0.002961,1.0664561546223958,937.6850568733169,16.215625334185024,68.45502082989283,1.0
Llama2-70B,8,1,8,32,32,1152,0.002961,0.0067296894327799,0.001728,0.0114186894327799,0.002961,1.0664561546223958,937.6850568733169,16.241572693821542,68.56455882227937,1.0
Llama2-70B,8,1,8,32,32,1280,0.002961,0.0067296894327799,0.001728,0.0114186894327799,0.002961,1.0664561546223958,937.6850568733169,16.26752005345806,68.6740968146659,1.0
Llama2-70B,8,1,8,32,32,1408,0.002961,0.0067296894327799,0.001728,0.0114186894327799,0.002961,1.0664561546223958,937.6850568733169,16.29346741309459,68.78363480705241,1.0
Llama2-70B,8,1,8,32,32,1536,0.002961,0.0067296894327799,0.001728,0.0114186894327799,0.002961,1.0664561546223958,937.6850568733169,16.319414772731108,68.89317279943894,1.0
Llama2-70B,8,1,8,32,32,1664,0.002961,0.0067296894327799,0.001728,0.0114186894327799,0.002961,1.0664561546223958,937.6850568733169,16.34536213236763,69.00271079182546,1.0
Llama2-70B,8,1,8,32,32,1792,0.002961,0.0067296894327799,0.001728,0.0114186894327799,0.002961,1.0664561546223958,937.6850568733169,16.371309492004148,69.11224878421201,1.0
Llama2-70B,8,1,8,32,32,1920,0.002961,0.0067296894327799,0.001728,0.0114186894327799,0.002961,1.0664561546223958,937.6850568733169,16.39725685164067,69.22178677659853,1.0
Llama2-70B,8,1,8,32,32,2048,0.002961,0.0067296894327799,0.001728,0.0114186894327799,0.002961,1.0664561546223958,937.6850568733169,16.42320421127719,69.33132476898506,1.0
Llama2-70B,8,1,8,32,32,2176,0.002961,0.0067296894327799,0.001728,0.0114186894327799,0.002961,1.0664561546223958,937.6850568733169,16.44915157091371,69.44086276137158,1.0
Llama2-70B,8,1,8,32,32,2304,0.002961,0.0067296894327799,0.001728,0.0114186894327799,0.002961,1.0664561546223958,937.6850568733169,16.47509893055023,69.55040075375811,1.0
Llama2-70B,8,1,8,32,32,2432,0.002961,0.0067296894327799,0.001728,0.0114186894327799,0.002961,1.0664561546223958,937.6850568733169,16.50104629018675,69.65993874614463,1.0
Llama2-70B,8,1,8,32,32,2560,0.002961,0.0067296894327799,0.001728,0.0114186894327799,0.002961,1.0664561546223958,937.6850568733169,16.52699364982327,69.76947673853118,1.0
Llama2-70B,8,1,8,32,32,2688,0.002961,0.0067296894327799,0.001728,0.0114186894327799,0.002961,1.0664561546223958,937.6850568733169,16.552941009459794,69.8790147309177,1.0
Llama2-70B,8,1,8,32,32,2816,0.002961,0.0067296894327799,0.001728,0.0114186894327799,0.002961,1.0664561546223958,937.6850568733169,16.578888369096315,69.98855272330424,1.0
Llama2-70B,8,1,8,32,32,2944,0.002961,0.0067296894327799,0.001728,0.0114186894327799,0.002961,1.0664561546223958,937.6850568733169,16.604835728732837,70.09809071569076,1.0
Llama2-70B,8,1,8,32,32,3072,0.002961,0.0067296894327799,0.001728,0.0114186894327799,0.002961,1.0664561546223958,937.6850568733169,16.63078308836936,70.2076287080773,1.0
Llama2-70B,8,1,8,32,32,3200,0.002961,0.0067296894327799,0.001728,0.0114186894327799,0.002961,1.0664561546223958,937.6850568733169,16.656730448005877,70.31716670046382,1.0
Llama2-70B,8,1,8,32,32,3328,0.002961,0.0067296894327799,0.001728,0.0114186894327799,0.002961,1.0664561546223958,937.6850568733169,16.6826778076424,70.42670469285035,1.0
Llama2-70B,8,1,8,32,32,3456,0.002961,0.0067296894327799,0.001728,0.0114186894327799,0.002961,1.0664561546223958,937.6850568733169,16.70862516727892,70.53624268523687,1.0
Llama2-70B,8,1,8,32,32,3584,0.002961,0.0067296894327799,0.001728,0.0114186894327799,0.002961,1.0664561546223958,937.6850568733169,16.73457252691544,70.6457806776234,1.0
Llama2-70B,8,1,8,32,32,3712,0.002961,0.0067296894327799,0.001728,0.0114186894327799,0.002961,1.0664561546223958,937.6850568733169,16.76051988655196,70.75531867000993,1.0
Llama2-70B,8,1,8,32,32,3840,0.002961,0.0067296894327799,0.001728,0.0114186894327799,0.002961,1.0664561546223958,937.6850568733169,16.786467246188487,70.86485666239646,1.0
Llama2-70B,8,1,8,32,32,3968,0.002961,0.0067296894327799,0.001728,0.0114186894327799,0.002961,1.0664561546223958,937.6850568733169,16.81241460582501,70.974394654783,1.0
Llama2-70B,8,1,8,32,32,4096,0.002961,0.0067296894327799,0.001728,0.0114186894327799,0.002961,1.0664561546223958,937.6850568733169,16.838361965461527,71.08393264716953,1.0
Llama2-70B,8,2,4,32,32,128,0.002961,0.0064117979939778,0.001728,0.0111007979939778,0.002961,1.041024839518229,1921.1837451693948,8.016996908364685,67.68825488318711,1.0
Llama2-70B,8,2,4,32,32,256,0.002961,0.0064117979939778,0.001728,0.0111007979939778,0.002961,1.041024839518229,1921.1837451693948,8.02997058818295,67.79779287557363,1.0
Llama2-70B,8,2,4,32,32,384,0.002961,0.0064117979939778,0.001728,0.0111007979939778,0.002961,1.041024839518229,1921.1837451693948,8.042944268001209,67.90733086796018,1.0
Llama2-70B,8,2,4,32,32,512,0.002961,0.0064117979939778,0.001728,0.0111007979939778,0.002961,1.041024839518229,1921.1837451693948,8.05591794781947,68.01686886034672,1.0
Llama2-70B,8,2,4,32,32,640,0.002961,0.0064117979939778,0.001728,0.0111007979939778,0.002961,1.041024839518229,1921.1837451693948,8.06889162763773,68.12640685273324,1.0
Llama2-70B,8,2,4,32,32,768,0.002961,0.0064117979939778,0.001728,0.0111007979939778,0.002961,1.041024839518229,1921.1837451693948,8.081865307455992,68.23594484511977,1.0
Llama2-70B,8,2,4,32,32,896,0.002961,0.0064117979939778,0.001728,0.0111007979939778,0.002961,1.041024839518229,1921.1837451693948,8.094838987274251,68.3454828375063,1.0
Llama2-70B,8,2,4,32,32,1024,0.002961,0.0064117979939778,0.001728,0.0111007979939778,0.002961,1.041024839518229,1921.1837451693948,8.107812667092512,68.45502082989283,1.0
Llama2-70B,8,2,4,32,32,1152,0.002961,0.0064117979939778,0.001728,0.0111007979939778,0.002961,1.041024839518229,1921.1837451693948,8.120786346910771,68.56455882227937,1.0
Llama2-70B,8,2,4,32,32,1280,0.002961,0.0064117979939778,0.001728,0.0111007979939778,0.002961,1.041024839518229,1921.1837451693948,8.13376002672903,68.6740968146659,1.0
Llama2-70B,8,2,4,32,32,1408,0.002961,0.0064117979939778,0.001728,0.0111007979939778,0.002961,1.041024839518229,1921.1837451693948,8.146733706547295,68.78363480705241,1.0
Llama2-70B,8,2,4,32,32,1536,0.002961,0.0064117979939778,0.001728,0.0111007979939778,0.002961,1.041024839518229,1921.1837451693948,8.159707386365554,68.89317279943894,1.0
Llama2-70B,8,2,4,32,32,1664,0.002961,0.0064117979939778,0.001728,0.0111007979939778,0.002961,1.041024839518229,1921.1837451693948,8.172681066183815,69.00271079182546,1.0
Llama2-70B,8,2,4,32,32,1792,0.002961,0.0064117979939778,0.001728,0.0111007979939778,0.002961,1.041024839518229,1921.1837451693948,8.185654746002074,69.11224878421201,1.0
Llama2-70B,8,2,4,32,32,1920,0.002961,0.0064117979939778,0.001728,0.0111007979939778,0.002961,1.041024839518229,1921.1837451693948,8.198628425820335,69.22178677659853,1.0
Llama2-70B,8,2,4,32,32,2048,0.002961,0.0064117979939778,0.001728,0.0111007979939778,0.002961,1.041024839518229,1921.1837451693948,8.211602105638596,69.33132476898506,1.0
Llama2-70B,8,2,4,32,32,2176,0.002961,0.0064117979939778,0.001728,0.0111007979939778,0.002961,1.041024839518229,1921.1837451693948,8.224575785456855,69.44086276137158,1.0
Llama2-70B,8,2,4,32,32,2304,0.002961,0.0064117979939778,0.001728,0.0111007979939778,0.002961,1.041024839518229,1921.1837451693948,8.237549465275116,69.55040075375811,1.0
Llama2-70B,8,2,4,32,32,2432,0.002961,0.0064117979939778,0.001728,0.0111007979939778,0.002961,1.041024839518229,1921.1837451693948,8.250523145093375,69.65993874614463,1.0
Llama2-70B,8,2,4,32,32,2560,0.002961,0.0064117979939778,0.001728,0.0111007979939778,0.002961,1.041024839518229,1921.1837451693948,8.263496824911636,69.76947673853118,1.0
Llama2-70B,8,2,4,32,32,2688,0.002961,0.0064117979939778,0.001728,0.0111007979939778,0.002961,1.041024839518229,1921.1837451693948,8.276470504729897,69.8790147309177,1.0
Llama2-70B,8,2,4,32,32,2816,0.002961,0.0064117979939778,0.001728,0.0111007979939778,0.002961,1.041024839518229,1921.1837451693948,8.289444184548158,69.98855272330424,1.0
Llama2-70B,8,2,4,32,32,2944,0.002961,0.0064117979939778,0.001728,0.0111007979939778,0.002961,1.041024839518229,1921.1837451693948,8.302417864366419,70.09809071569076,1.0
Llama2-70B,8,2,4,32,32,3072,0.002961,0.0064117979939778,0.001728,0.0111007979939778,0.002961,1.041024839518229,1921.1837451693948,8.31539154418468,70.2076287080773,1.0
Llama2-70B,8,2,4,32,32,3200,0.002961,0.0064117979939778,0.001728,0.0111007979939778,0.002961,1.041024839518229,1921.1837451693948,8.328365224002939,70.31716670046382,1.0
Llama2-70B,8,2,4,32,32,3328,0.002961,0.0064117979939778,0.001728,0.0111007979939778,0.002961,1.041024839518229,1921.1837451693948,8.3413389038212,70.42670469285035,1.0
Llama2-70B,8,2,4,32,32,3456,0.002961,0.0064117979939778,0.001728,0.0111007979939778,0.002961,1.041024839518229,1921.1837451693948,8.35431258363946,70.53624268523687,1.0
Llama2-70B,8,2,4,32,32,3584,0.002961,0.0064117979939778,0.001728,0.0111007979939778,0.002961,1.041024839518229,1921.1837451693948,8.36728626345772,70.6457806776234,1.0
Llama2-70B,8,2,4,32,32,3712,0.002961,0.0064117979939778,0.001728,0.0111007979939778,0.002961,1.041024839518229,1921.1837451693948,8.38025994327598,70.75531867000993,1.0
Llama2-70B,8,2,4,32,32,3840,0.002961,0.0064117979939778,0.001728,0.0111007979939778,0.002961,1.041024839518229,1921.1837451693948,8.393233623094243,70.86485666239646,1.0
Llama2-70B,8,2,4,32,32,3968,0.002961,0.0064117979939778,0.001728,0.0111007979939778,0.002961,1.041024839518229,1921.1837451693948,8.406207302912504,70.974394654783,1.0
Llama2-70B,8,2,4,32,32,4096,0.002961,0.0064117979939778,0.001728,0.0111007979939778,0.002961,1.041024839518229,1921.1837451693948,8.419180982730763,71.08393264716953,1.0
Llama2-70B,8,4,2,32,32,128,0.002961,0.005782637854682,0.001728,0.010471637854682,0.002961,0.990692028374566,4037.581695860441,4.008498454182343,67.68825488318711,1.0
Llama2-70B,8,4,2,32,32,256,0.002961,0.005782637854682,0.001728,0.010471637854682,0.002961,0.990692028374566,4037.581695860441,4.014985294091475,67.79779287557363,1.0
Llama2-70B,8,4,2,32,32,384,0.002961,0.005782637854682,0.001728,0.010471637854682,0.002961,0.990692028374566,4037.581695860441,4.0214721340006045,67.90733086796018,1.0
Llama2-70B,8,4,2,32,32,512,0.002961,0.005782637854682,0.001728,0.010471637854682,0.002961,0.990692028374566,4037.581695860441,4.027958973909735,68.01686886034672,1.0
Llama2-70B,8,4,2,32,32,640,0.002961,0.005782637854682,0.001728,0.010471637854682,0.002961,0.990692028374566,4037.581695860441,4.034445813818865,68.12640685273324,1.0
Llama2-70B,8,4,2,32,32,768,0.002961,0.005782637854682,0.001728,0.010471637854682,0.002961,0.990692028374566,4037.581695860441,4.040932653727996,68.23594484511977,1.0
Llama2-70B,8,4,2,32,32,896,0.002961,0.005782637854682,0.001728,0.010471637854682,0.002961,0.990692028374566,4037.581695860441,4.0474194936371255,68.3454828375063,1.0
Llama2-70B,8,4,2,32,32,1024,0.002961,0.005782637854682,0.001728,0.010471637854682,0.002961,0.990692028374566,4037.581695860441,4.053906333546256,68.45502082989283,1.0
Llama2-70B,8,4,2,32,32,1152,0.002961,0.005782637854682,0.001728,0.010471637854682,0.002961,0.990692028374566,4037.581695860441,4.0603931734553855,68.56455882227937,1.0
Llama2-70B,8,4,2,32,32,1280,0.002961,0.005782637854682,0.001728,0.010471637854682,0.002961,0.990692028374566,4037.581695860441,4.066880013364515,68.6740968146659,1.0
Llama2-70B,8,4,2,32,32,1408,0.002961,0.005782637854682,0.001728,0.010471637854682,0.002961,0.990692028374566,4037.581695860441,4.073366853273647,68.78363480705241,1.0
Llama2-70B,8,4,2,32,32,1536,0.002961,0.005782637854682,0.001728,0.010471637854682,0.002961,0.990692028374566,4037.581695860441,4.079853693182777,68.89317279943894,1.0
Llama2-70B,8,4,2,32,32,1664,0.002961,0.005782637854682,0.001728,0.010471637854682,0.002961,0.990692028374566,4037.581695860441,4.086340533091907,69.00271079182546,1.0
Llama2-70B,8,4,2,32,32,1792,0.002961,0.005782637854682,0.001728,0.010471637854682,0.002961,0.990692028374566,4037.581695860441,4.092827373001037,69.11224878421201,1.0
Llama2-70B,8,4,2,32,32,1920,0.002961,0.005782637854682,0.001728,0.010471637854682,0.002961,0.990692028374566,4037.581695860441,4.099314212910167,69.22178677659853,1.0
Llama2-70B,8,4,2,32,32,2048,0.002961,0.005782637854682,0.001728,0.010471637854682,0.002961,0.990692028374566,4037.581695860441,4.105801052819298,69.33132476898506,1.0
Llama2-70B,8,4,2,32,32,2176,0.002961,0.005782637854682,0.001728,0.010471637854682,0.002961,0.990692028374566,4037.581695860441,4.112287892728427,69.44086276137158,1.0
Llama2-70B,8,4,2,32,32,2304,0.002961,0.005782637854682,0.001728,0.010471637854682,0.002961,0.990692028374566,4037.581695860441,4.118774732637558,69.55040075375811,1.0
Llama2-70B,8,4,2,32,32,2432,0.002961,0.005782637854682,0.001728,0.010471637854682,0.002961,0.990692028374566,4037.581695860441,4.125261572546688,69.65993874614463,1.0
Llama2-70B,8,4,2,32,32,2560,0.002961,0.005782637854682,0.001728,0.010471637854682,0.002961,0.990692028374566,4037.581695860441,4.131748412455818,69.76947673853118,1.0
Llama2-70B,8,4,2,32,32,2688,0.002961,0.005782637854682,0.001728,0.010471637854682,0.002961,0.990692028374566,4037.581695860441,4.138235252364948,69.8790147309177,1.0
Llama2-70B,8,4,2,32,32,2816,0.002961,0.005782637854682,0.001728,0.010471637854682,0.002961,0.990692028374566,4037.581695860441,4.144722092274079,69.98855272330424,1.0
Llama2-70B,8,4,2,32,32,2944,0.002961,0.005782637854682,0.001728,0.010471637854682,0.002961,0.990692028374566,4037.581695860441,4.151208932183209,70.09809071569076,1.0
Llama2-70B,8,4,2,32,32,3072,0.002961,0.005782637854682,0.001728,0.010471637854682,0.002961,0.990692028374566,4037.581695860441,4.15769577209234,70.2076287080773,1.0
Llama2-70B,8,4,2,32,32,3200,0.002961,0.005782637854682,0.001728,0.010471637854682,0.002961,0.990692028374566,4037.581695860441,4.164182612001469,70.31716670046382,1.0
Llama2-70B,8,4,2,32,32,3328,0.002961,0.005782637854682,0.001728,0.010471637854682,0.002961,0.990692028374566,4037.581695860441,4.1706694519106,70.42670469285035,1.0
Llama2-70B,8,4,2,32,32,3456,0.002961,0.005782637854682,0.001728,0.010471637854682,0.002961,0.990692028374566,4037.581695860441,4.17715629181973,70.53624268523687,1.0
Llama2-70B,8,4,2,32,32,3584,0.002961,0.005782637854682,0.001728,0.010471637854682,0.002961,0.990692028374566,4037.581695860441,4.18364313172886,70.6457806776234,1.0
Llama2-70B,8,4,2,32,32,3712,0.002961,0.005782637854682,0.001728,0.010471637854682,0.002961,0.990692028374566,4037.581695860441,4.19012997163799,70.75531867000993,1.0
Llama2-70B,8,4,2,32,32,3840,0.002961,0.005782637854682,0.001728,0.010471637854682,0.002961,0.990692028374566,4037.581695860441,4.196616811547122,70.86485666239646,1.0
Llama2-70B,8,4,2,32,32,3968,0.002961,0.005782637854682,0.001728,0.010471637854682,0.002961,0.990692028374566,4037.581695860441,4.203103651456252,70.974394654783,1.0
Llama2-70B,8,4,2,32,32,4096,0.002961,0.005782637854682,0.001728,0.010471637854682,0.002961,0.990692028374566,4037.581695860441,4.209590491365382,71.08393264716953,1.0
Llama2-70B,8,8,1,32,32,128,0.002961,0.0045739881134033,0.001728,0.0092629881134033,0.002961,0.8940000490722657,8948.545370105821,2.004249227091172,67.68825488318711,1.0
Llama2-70B,8,8,1,32,32,256,0.002961,0.0045739881134033,0.001728,0.0092629881134033,0.002961,0.8940000490722657,8948.545370105821,2.007492647045737,67.79779287557363,1.0
Llama2-70B,8,8,1,32,32,384,0.002961,0.0045739881134033,0.001728,0.0092629881134033,0.002961,0.8940000490722657,8948.545370105821,2.0107360670003023,67.90733086796018,1.0
Llama2-70B,8,8,1,32,32,512,0.002961,0.0045739881134033,0.001728,0.0092629881134033,0.002961,0.8940000490722657,8948.545370105821,2.0139794869548675,68.01686886034672,1.0
Llama2-70B,8,8,1,32,32,640,0.002961,0.0045739881134033,0.001728,0.0092629881134033,0.002961,0.8940000490722657,8948.545370105821,2.0172229069094323,68.12640685273324,1.0
Llama2-70B,8,8,1,32,32,768,0.002961,0.0045739881134033,0.001728,0.0092629881134033,0.002961,0.8940000490722657,8948.545370105821,2.020466326863998,68.23594484511977,1.0
Llama2-70B,8,8,1,32,32,896,0.002961,0.0045739881134033,0.001728,0.0092629881134033,0.002961,0.8940000490722657,8948.545370105821,2.0237097468185627,68.3454828375063,1.0
Llama2-70B,8,8,1,32,32,1024,0.002961,0.0045739881134033,0.001728,0.0092629881134033,0.002961,0.8940000490722657,8948.545370105821,2.026953166773128,68.45502082989283,1.0
Llama2-70B,8,8,1,32,32,1152,0.002961,0.0045739881134033,0.001728,0.0092629881134033,0.002961,0.8940000490722657,8948.545370105821,2.0301965867276928,68.56455882227937,1.0
Llama2-70B,8,8,1,32,32,1280,0.002961,0.0045739881134033,0.001728,0.0092629881134033,0.002961,0.8940000490722657,8948.545370105821,2.0334400066822576,68.6740968146659,1.0
Llama2-70B,8,8,1,32,32,1408,0.002961,0.0045739881134033,0.001728,0.0092629881134033,0.002961,0.8940000490722657,8948.545370105821,2.036683426636824,68.78363480705241,1.0
Llama2-70B,8,8,1,32,32,1536,0.002961,0.0045739881134033,0.001728,0.0092629881134033,0.002961,0.8940000490722657,8948.545370105821,2.0399268465913885,68.89317279943894,1.0
Llama2-70B,8,8,1,32,32,1664,0.002961,0.0045739881134033,0.001728,0.0092629881134033,0.002961,0.8940000490722657,8948.545370105821,2.0431702665459537,69.00271079182546,1.0
Llama2-70B,8,8,1,32,32,1792,0.002961,0.0045739881134033,0.001728,0.0092629881134033,0.002961,0.8940000490722657,8948.545370105821,2.0464136865005185,69.11224878421201,1.0
Llama2-70B,8,8,1,32,32,1920,0.002961,0.0045739881134033,0.001728,0.0092629881134033,0.002961,0.8940000490722657,8948.545370105821,2.049657106455084,69.22178677659853,1.0
Llama2-70B,8,8,1,32,32,2048,0.002961,0.0045739881134033,0.001728,0.0092629881134033,0.002961,0.8940000490722657,8948.545370105821,2.052900526409649,69.33132476898506,1.0
Llama2-70B,8,8,1,32,32,2176,0.002961,0.0045739881134033,0.001728,0.0092629881134033,0.002961,0.8940000490722657,8948.545370105821,2.0561439463642137,69.44086276137158,1.0
Llama2-70B,8,8,1,32,32,2304,0.002961,0.0045739881134033,0.001728,0.0092629881134033,0.002961,0.8940000490722657,8948.545370105821,2.059387366318779,69.55040075375811,1.0
Llama2-70B,8,8,1,32,32,2432,0.002961,0.0045739881134033,0.001728,0.0092629881134033,0.002961,0.8940000490722657,8948.545370105821,2.062630786273344,69.65993874614463,1.0
Llama2-70B,8,8,1,32,32,2560,0.002961,0.0045739881134033,0.001728,0.0092629881134033,0.002961,0.8940000490722657,8948.545370105821,2.065874206227909,69.76947673853118,1.0
Llama2-70B,8,8,1,32,32,2688,0.002961,0.0045739881134033,0.001728,0.0092629881134033,0.002961,0.8940000490722657,8948.545370105821,2.069117626182474,69.8790147309177,1.0
Llama2-70B,8,8,1,32,32,2816,0.002961,0.0045739881134033,0.001728,0.0092629881134033,0.002961,0.8940000490722657,8948.545370105821,2.0723610461370394,69.98855272330424,1.0
Llama2-70B,8,8,1,32,32,2944,0.002961,0.0045739881134033,0.001728,0.0092629881134033,0.002961,0.8940000490722657,8948.545370105821,2.0756044660916046,70.09809071569076,1.0
Llama2-70B,8,8,1,32,32,3072,0.002961,0.0045739881134033,0.001728,0.0092629881134033,0.002961,0.8940000490722657,8948.545370105821,2.07884788604617,70.2076287080773,1.0
Llama2-70B,8,8,1,32,32,3200,0.002961,0.0045739881134033,0.001728,0.0092629881134033,0.002961,0.8940000490722657,8948.545370105821,2.0820913060007347,70.31716670046382,1.0
Llama2-70B,8,8,1,32,32,3328,0.002961,0.0045739881134033,0.001728,0.0092629881134033,0.002961,0.8940000490722657,8948.545370105821,2.0853347259553,70.42670469285035,1.0
Llama2-70B,8,8,1,32,32,3456,0.002961,0.0045739881134033,0.001728,0.0092629881134033,0.002961,0.8940000490722657,8948.545370105821,2.088578145909865,70.53624268523687,1.0
Llama2-70B,8,8,1,32,32,3584,0.002961,0.0045739881134033,0.001728,0.0092629881134033,0.002961,0.8940000490722657,8948.545370105821,2.09182156586443,70.6457806776234,1.0
Llama2-70B,8,8,1,32,32,3712,0.002961,0.0045739881134033,0.001728,0.0092629881134033,0.002961,0.8940000490722657,8948.545370105821,2.095064985818995,70.75531867000993,1.0
Llama2-70B,8,8,1,32,32,3840,0.002961,0.0045739881134033,0.001728,0.0092629881134033,0.002961,0.8940000490722657,8948.545370105821,2.098308405773561,70.86485666239646,1.0
Llama2-70B,8,8,1,32,32,3968,0.002961,0.0045739881134033,0.001728,0.0092629881134033,0.002961,0.8940000490722657,8948.545370105821,2.101551825728126,70.974394654783,1.0
Llama2-70B,8,8,1,32,32,4096,0.002961,0.0045739881134033,0.001728,0.0092629881134033,0.002961,0.8940000490722657,8948.545370105821,2.104795245682691,71.08393264716953,1.0
Llama2-70B,8,80,1,32,3,128,0.0239575,0.0004647777472601,0.01728,0.0417022777472602,0.0239575,3.510139719780816,22791.115564196243,0.975803897584384,40.73062287736132,1.0
Llama2-70B,8,80,1,32,3,256,0.0239575,0.0004647777472601,0.01728,0.0417022777472602,0.0239575,3.510139719780816,22791.115564196243,0.9761282395798404,40.744161101109896,1.0
Llama2-70B,8,80,1,32,3,384,0.0239575,0.0004647777472601,0.01728,0.0417022777472602,0.0239575,3.510139719780816,22791.115564196243,0.976452581575297,40.75769932485848,1.0
Llama2-70B,8,80,1,32,3,512,0.0239575,0.0004647777472601,0.01728,0.0417022777472602,0.0239575,3.510139719780816,22791.115564196243,0.9767769235707536,40.77123754860705,1.0
Llama2-70B,8,80,1,32,3,640,0.0239575,0.0004647777472601,0.01728,0.0417022777472602,0.0239575,3.510139719780816,22791.115564196243,0.97710126556621,40.78477577235562,1.0
Llama2-70B,8,80,1,32,3,768,0.0239575,0.0004647777472601,0.01728,0.0417022777472602,0.0239575,3.510139719780816,22791.115564196243,0.9774256075616664,40.7983139961042,1.0
Llama2-70B,8,80,1,32,3,896,0.0239575,0.0004647777472601,0.01728,0.0417022777472602,0.0239575,3.510139719780816,22791.115564196243,0.977749949557123,40.81185221985278,1.0
Llama2-70B,8,80,1,32,3,1024,0.0239575,0.0004647777472601,0.01728,0.0417022777472602,0.0239575,3.510139719780816,22791.115564196243,0.9780742915525796,40.82539044360135,1.0
Llama2-70B,8,80,1,32,3,1152,0.0239575,0.0004647777472601,0.01728,0.0417022777472602,0.0239575,3.510139719780816,22791.115564196243,0.978398633548036,40.838928667349926,1.0
Llama2-70B,8,80,1,32,3,1280,0.0239575,0.0004647777472601,0.01728,0.0417022777472602,0.0239575,3.510139719780816,22791.115564196243,0.9787229755434926,40.8524668910985,1.0
Llama2-70B,8,80,1,32,3,1408,0.0239575,0.0004647777472601,0.01728,0.0417022777472602,0.0239575,3.510139719780816,22791.115564196243,0.979047317538949,40.86600511484709,1.0
Llama2-70B,8,80,1,32,3,1536,0.0239575,0.0004647777472601,0.01728,0.0417022777472602,0.0239575,3.510139719780816,22791.115564196243,0.9793716595344056,40.87954333859565,1.0
Llama2-70B,8,80,1,32,3,1664,0.0239575,0.0004647777472601,0.01728,0.0417022777472602,0.0239575,3.510139719780816,22791.115564196243,0.979696001529862,40.89308156234423,1.0
Llama2-70B,8,80,1,32,3,1792,0.0239575,0.0004647777472601,0.01728,0.0417022777472602,0.0239575,3.510139719780816,22791.115564196243,0.9800203435253186,40.90661978609281,1.0
Llama2-70B,8,80,1,32,3,1920,0.0239575,0.0004647777472601,0.01728,0.0417022777472602,0.0239575,3.510139719780816,22791.115564196243,0.9803446855207752,40.920158009841394,1.0
Llama2-70B,8,80,1,32,3,2048,0.0239575,0.0004647777472601,0.01728,0.0417022777472602,0.0239575,3.510139719780816,22791.115564196243,0.9806690275162316,40.93369623358996,1.0
Llama2-70B,8,80,1,32,3,2176,0.0239575,0.0004647777472601,0.01728,0.0417022777472602,0.0239575,3.510139719780816,22791.115564196243,0.980993369511688,40.94723445733853,1.0
Llama2-70B,8,80,1,32,3,2304,0.0239575,0.0004647777472601,0.01728,0.0417022777472602,0.0239575,3.510139719780816,22791.115564196243,0.9813177115071448,40.96077268108712,1.0
Llama2-70B,8,80,1,32,3,2432,0.0239575,0.0004647777472601,0.01728,0.0417022777472602,0.0239575,3.510139719780816,22791.115564196243,0.9816420535026013,40.9743109048357,1.0
Llama2-70B,8,80,1,32,3,2560,0.0239575,0.0004647777472601,0.01728,0.0417022777472602,0.0239575,3.510139719780816,22791.115564196243,0.9819663954980578,40.987849128584266,1.0
Llama2-70B,8,80,1,32,3,2688,0.0239575,0.0004647777472601,0.01728,0.0417022777472602,0.0239575,3.510139719780816,22791.115564196243,0.982290737493514,41.00138735233284,1.0
Llama2-70B,8,80,1,32,3,2816,0.0239575,0.0004647777472601,0.01728,0.0417022777472602,0.0239575,3.510139719780816,22791.115564196243,0.9826150794889706,41.01492557608142,1.0
Llama2-70B,8,80,1,32,3,2944,0.0239575,0.0004647777472601,0.01728,0.0417022777472602,0.0239575,3.510139719780816,22791.115564196243,0.9829394214844271,41.02846379983,1.0
Llama2-70B,8,80,1,32,3,3072,0.0239575,0.0004647777472601,0.01728,0.0417022777472602,0.0239575,3.510139719780816,22791.115564196243,0.9832637634798838,41.04200202357857,1.0
Llama2-70B,8,80,1,32,3,3200,0.0239575,0.0004647777472601,0.01728,0.0417022777472602,0.0239575,3.510139719780816,22791.115564196243,0.9835881054753404,41.05554024732714,1.0
Llama2-70B,8,80,1,32,3,3328,0.0239575,0.0004647777472601,0.01728,0.0417022777472602,0.0239575,3.510139719780816,22791.115564196243,0.9839124474707968,41.06907847107572,1.0
Llama2-70B,8,80,1,32,3,3456,0.0239575,0.0004647777472601,0.01728,0.0417022777472602,0.0239575,3.510139719780816,22791.115564196243,0.9842367894662534,41.0826166948243,1.0
Llama2-70B,8,80,1,32,3,3584,0.0239575,0.0004647777472601,0.01728,0.0417022777472602,0.0239575,3.510139719780816,22791.115564196243,0.98456113146171,41.09615491857288,1.0
Llama2-70B,8,80,1,32,3,3712,0.0239575,0.0004647777472601,0.01728,0.0417022777472602,0.0239575,3.510139719780816,22791.115564196243,0.9848854734571664,41.109693142321454,1.0
Llama2-70B,8,80,1,32,3,3840,0.0239575,0.0004647777472601,0.01728,0.0417022777472602,0.0239575,3.510139719780816,22791.115564196243,0.9852098154526228,41.12323136607002,1.0
Llama2-70B,8,80,1,32,3,3968,0.0239575,0.0004647777472601,0.01728,0.0417022777472602,0.0239575,3.510139719780816,22791.115564196243,0.9855341574480794,41.136769589818606,1.0
Llama2-70B,8,80,1,32,3,4096,0.0239575,0.0004647777472601,0.01728,0.0417022777472602,0.0239575,3.510139719780816,22791.115564196243,0.985858499443536,41.15030781356718,1.0
Llama2-70B,20,1,20,32,32,128,0.002961,0.0148387594386509,0.001728,0.0195277594386509,0.002961,1.7151817550920758,583.0285898454634,40.084984541823424,169.22063720796788,1.0
Llama2-70B,20,1,20,32,32,256,0.002961,0.0148387594386509,0.001728,0.0195277594386509,0.002961,1.7151817550920758,583.0285898454634,40.14985294091473,169.49448218893423,1.0
Llama2-70B,20,1,20,32,32,384,0.002961,0.0148387594386509,0.001728,0.0195277594386509,0.002961,1.7151817550920758,583.0285898454634,40.21472134000603,169.76832716990054,1.0
Llama2-70B,20,1,20,32,32,512,0.002961,0.0148387594386509,0.001728,0.0195277594386509,0.002961,1.7151817550920758,583.0285898454634,40.27958973909733,170.04217215086686,1.0
Llama2-70B,20,1,20,32,32,640,0.002961,0.0148387594386509,0.001728,0.0195277594386509,0.002961,1.7151817550920758,583.0285898454634,40.34445813818864,170.3160171318332,1.0
Llama2-70B,20,1,20,32,32,768,0.002961,0.0148387594386509,0.001728,0.0195277594386509,0.002961,1.7151817550920758,583.0285898454634,40.40932653727994,170.5898621127995,1.0
Llama2-70B,20,1,20,32,32,896,0.002961,0.0148387594386509,0.001728,0.0195277594386509,0.002961,1.7151817550920758,583.0285898454634,40.474194936371234,170.86370709376587,1.0
Llama2-70B,20,1,20,32,32,1024,0.002961,0.0148387594386509,0.001728,0.0195277594386509,0.002961,1.7151817550920758,583.0285898454634,40.53906333546254,171.13755207473218,1.0
Llama2-70B,20,1,20,32,32,1152,0.002961,0.0148387594386509,0.001728,0.0195277594386509,0.002961,1.7151817550920758,583.0285898454634,40.603931734553846,171.4113970556985,1.0
Llama2-70B,20,1,20,32,32,1280,0.002961,0.0148387594386509,0.001728,0.0195277594386509,0.002961,1.7151817550920758,583.0285898454634,40.66880013364514,171.68524203666482,1.0
Llama2-70B,20,1,20,32,32,1408,0.002961,0.0148387594386509,0.001728,0.0195277594386509,0.002961,1.7151817550920758,583.0285898454634,40.733668532736445,171.9590870176311,1.0
Llama2-70B,20,1,20,32,32,1536,0.002961,0.0148387594386509,0.001728,0.0195277594386509,0.002961,1.7151817550920758,583.0285898454634,40.79853693182776,172.23293199859745,1.0
Llama2-70B,20,1,20,32,32,1664,0.002961,0.0148387594386509,0.001728,0.0195277594386509,0.002961,1.7151817550920758,583.0285898454634,40.86340533091905,172.50677697956377,1.0
Llama2-70B,20,1,20,32,32,1792,0.002961,0.0148387594386509,0.001728,0.0195277594386509,0.002961,1.7151817550920758,583.0285898454634,40.928273730010346,172.78062196053008,1.0
Llama2-70B,20,1,20,32,32,1920,0.002961,0.0148387594386509,0.001728,0.0195277594386509,0.002961,1.7151817550920758,583.0285898454634,40.993142129101656,173.0544669414964,1.0
Llama2-70B,20,1,20,32,32,2048,0.002961,0.0148387594386509,0.001728,0.0195277594386509,0.002961,1.7151817550920758,583.0285898454634,41.05801052819296,173.32831192246277,1.0
Llama2-70B,20,1,20,32,32,2176,0.002961,0.0148387594386509,0.001728,0.0195277594386509,0.002961,1.7151817550920758,583.0285898454634,41.12287892728426,173.60215690342906,1.0
Llama2-70B,20,1,20,32,32,2304,0.002961,0.0148387594386509,0.001728,0.0195277594386509,0.002961,1.7151817550920758,583.0285898454634,41.187747326375565,173.87600188439538,1.0
Llama2-70B,20,1,20,32,32,2432,0.002961,0.0148387594386509,0.001728,0.0195277594386509,0.002961,1.7151817550920758,583.0285898454634,41.25261572546687,174.14984686536172,1.0
Llama2-70B,20,1,20,32,32,2560,0.002961,0.0148387594386509,0.001728,0.0195277594386509,0.002961,1.7151817550920758,583.0285898454634,41.31748412455816,174.423691846328,1.0
Llama2-70B,20,1,20,32,32,2688,0.002961,0.0148387594386509,0.001728,0.0195277594386509,0.002961,1.7151817550920758,583.0285898454634,41.382352523649466,174.69753682729436,1.0
Llama2-70B,20,1,20,32,32,2816,0.002961,0.0148387594386509,0.001728,0.0195277594386509,0.002961,1.7151817550920758,583.0285898454634,41.447220922740776,174.9713818082607,1.0
Llama2-70B,20,1,20,32,32,2944,0.002961,0.0148387594386509,0.001728,0.0195277594386509,0.002961,1.7151817550920758,583.0285898454634,41.51208932183207,175.245226789227,1.0
Llama2-70B,20,1,20,32,32,3072,0.002961,0.0148387594386509,0.001728,0.0195277594386509,0.002961,1.7151817550920758,583.0285898454634,41.576957720923374,175.51907177019334,1.0
Llama2-70B,20,1,20,32,32,3200,0.002961,0.0148387594386509,0.001728,0.0195277594386509,0.002961,1.7151817550920758,583.0285898454634,41.64182612001469,175.79291675115962,1.0
Llama2-70B,20,1,20,32,32,3328,0.002961,0.0148387594386509,0.001728,0.0195277594386509,0.002961,1.7151817550920758,583.0285898454634,41.70669451910598,176.06676173212597,1.0
Llama2-70B,20,1,20,32,32,3456,0.002961,0.0148387594386509,0.001728,0.0195277594386509,0.002961,1.7151817550920758,583.0285898454634,41.77156291819728,176.34060671309228,1.0
Llama2-70B,20,1,20,32,32,3584,0.002961,0.0148387594386509,0.001728,0.0195277594386509,0.002961,1.7151817550920758,583.0285898454634,41.83643131728858,176.61445169405857,1.0
Llama2-70B,20,1,20,32,32,3712,0.002961,0.0148387594386509,0.001728,0.0195277594386509,0.002961,1.7151817550920758,583.0285898454634,41.90129971637989,176.88829667502492,1.0
Llama2-70B,20,1,20,32,32,3840,0.002961,0.0148387594386509,0.001728,0.0195277594386509,0.002961,1.7151817550920758,583.0285898454634,41.96616811547119,177.16214165599126,1.0
Llama2-70B,20,1,20,32,32,3968,0.002961,0.0148387594386509,0.001728,0.0195277594386509,0.002961,1.7151817550920758,583.0285898454634,42.03103651456249,177.43598663695758,1.0
Llama2-70B,20,1,20,32,32,4096,0.002961,0.0148387594386509,0.001728,0.0195277594386509,0.002961,1.7151817550920758,583.0285898454634,42.0959049136538,177.7098316179239,1.0
Llama2-70B,20,2,10,32,32,128,0.002961,0.0141149887520926,0.001728,0.0188039887520926,0.002961,1.6572801001674105,1206.7966059557282,20.042492270911712,169.22063720796788,1.0
Llama2-70B,20,2,10,32,32,256,0.002961,0.0141149887520926,0.001728,0.0188039887520926,0.002961,1.6572801001674105,1206.7966059557282,20.074926470457363,169.49448218893423,1.0
Llama2-70B,20,2,10,32,32,384,0.002961,0.0141149887520926,0.001728,0.0188039887520926,0.002961,1.6572801001674105,1206.7966059557282,20.10736067000301,169.76832716990054,1.0
Llama2-70B,20,2,10,32,32,512,0.002961,0.0141149887520926,0.001728,0.0188039887520926,0.002961,1.6572801001674105,1206.7966059557282,20.139794869548663,170.04217215086686,1.0
Llama2-70B,20,2,10,32,32,640,0.002961,0.0141149887520926,0.001728,0.0188039887520926,0.002961,1.6572801001674105,1206.7966059557282,20.17222906909432,170.3160171318332,1.0
Llama2-70B,20,2,10,32,32,768,0.002961,0.0141149887520926,0.001728,0.0188039887520926,0.002961,1.6572801001674105,1206.7966059557282,20.20466326863997,170.5898621127995,1.0
Llama2-70B,20,2,10,32,32,896,0.002961,0.0141149887520926,0.001728,0.0188039887520926,0.002961,1.6572801001674105,1206.7966059557282,20.237097468185617,170.86370709376587,1.0
Llama2-70B,20,2,10,32,32,1024,0.002961,0.0141149887520926,0.001728,0.0188039887520926,0.002961,1.6572801001674105,1206.7966059557282,20.26953166773127,171.13755207473218,1.0
Llama2-70B,20,2,10,32,32,1152,0.002961,0.0141149887520926,0.001728,0.0188039887520926,0.002961,1.6572801001674105,1206.7966059557282,20.301965867276923,171.4113970556985,1.0
Llama2-70B,20,2,10,32,32,1280,0.002961,0.0141149887520926,0.001728,0.0188039887520926,0.002961,1.6572801001674105,1206.7966059557282,20.33440006682257,171.68524203666482,1.0
Llama2-70B,20,2,10,32,32,1408,0.002961,0.0141149887520926,0.001728,0.0188039887520926,0.002961,1.6572801001674105,1206.7966059557282,20.366834266368222,171.9590870176311,1.0
Llama2-70B,20,2,10,32,32,1536,0.002961,0.0141149887520926,0.001728,0.0188039887520926,0.002961,1.6572801001674105,1206.7966059557282,20.39926846591388,172.23293199859745,1.0
Llama2-70B,20,2,10,32,32,1664,0.002961,0.0141149887520926,0.001728,0.0188039887520926,0.002961,1.6572801001674105,1206.7966059557282,20.43170266545953,172.50677697956377,1.0
Llama2-70B,20,2,10,32,32,1792,0.002961,0.0141149887520926,0.001728,0.0188039887520926,0.002961,1.6572801001674105,1206.7966059557282,20.464136865005173,172.78062196053008,1.0
Llama2-70B,20,2,10,32,32,1920,0.002961,0.0141149887520926,0.001728,0.0188039887520926,0.002961,1.6572801001674105,1206.7966059557282,20.496571064550828,173.0544669414964,1.0
Llama2-70B,20,2,10,32,32,2048,0.002961,0.0141149887520926,0.001728,0.0188039887520926,0.002961,1.6572801001674105,1206.7966059557282,20.52900526409648,173.32831192246277,1.0
Llama2-70B,20,2,10,32,32,2176,0.002961,0.0141149887520926,0.001728,0.0188039887520926,0.002961,1.6572801001674105,1206.7966059557282,20.56143946364213,173.60215690342906,1.0
Llama2-70B,20,2,10,32,32,2304,0.002961,0.0141149887520926,0.001728,0.0188039887520926,0.002961,1.6572801001674105,1206.7966059557282,20.593873663187782,173.87600188439538,1.0
Llama2-70B,20,2,10,32,32,2432,0.002961,0.0141149887520926,0.001728,0.0188039887520926,0.002961,1.6572801001674105,1206.7966059557282,20.62630786273344,174.14984686536172,1.0
Llama2-70B,20,2,10,32,32,2560,0.002961,0.0141149887520926,0.001728,0.0188039887520926,0.002961,1.6572801001674105,1206.7966059557282,20.65874206227908,174.423691846328,1.0
Llama2-70B,20,2,10,32,32,2688,0.002961,0.0141149887520926,0.001728,0.0188039887520926,0.002961,1.6572801001674105,1206.7966059557282,20.691176261824733,174.69753682729436,1.0
Llama2-70B,20,2,10,32,32,2816,0.002961,0.0141149887520926,0.001728,0.0188039887520926,0.002961,1.6572801001674105,1206.7966059557282,20.723610461370388,174.9713818082607,1.0
Llama2-70B,20,2,10,32,32,2944,0.002961,0.0141149887520926,0.001728,0.0188039887520926,0.002961,1.6572801001674105,1206.7966059557282,20.75604466091604,175.245226789227,1.0
Llama2-70B,20,2,10,32,32,3072,0.002961,0.0141149887520926,0.001728,0.0188039887520926,0.002961,1.6572801001674105,1206.7966059557282,20.788478860461687,175.51907177019334,1.0
Llama2-70B,20,2,10,32,32,3200,0.002961,0.0141149887520926,0.001728,0.0188039887520926,0.002961,1.6572801001674105,1206.7966059557282,20.820913060007346,175.79291675115962,1.0
Llama2-70B,20,2,10,32,32,3328,0.002961,0.0141149887520926,0.001728,0.0188039887520926,0.002961,1.6572801001674105,1206.7966059557282,20.85334725955299,176.06676173212597,1.0
Llama2-70B,20,2,10,32,32,3456,0.002961,0.0141149887520926,0.001728,0.0188039887520926,0.002961,1.6572801001674105,1206.7966059557282,20.88578145909864,176.34060671309228,1.0
Llama2-70B,20,2,10,32,32,3584,0.002961,0.0141149887520926,0.001728,0.0188039887520926,0.002961,1.6572801001674105,1206.7966059557282,20.91821565864429,176.61445169405857,1.0
Llama2-70B,20,2,10,32,32,3712,0.002961,0.0141149887520926,0.001728,0.0188039887520926,0.002961,1.6572801001674105,1206.7966059557282,20.950649858189944,176.88829667502492,1.0
Llama2-70B,20,2,10,32,32,3840,0.002961,0.0141149887520926,0.001728,0.0188039887520926,0.002961,1.6572801001674105,1206.7966059557282,20.9830840577356,177.16214165599126,1.0
Llama2-70B,20,2,10,32,32,3968,0.002961,0.0141149887520926,0.001728,0.0188039887520926,0.002961,1.6572801001674105,1206.7966059557282,21.015518257281244,177.43598663695758,1.0
Llama2-70B,20,2,10,32,32,4096,0.002961,0.0141149887520926,0.001728,0.0188039887520926,0.002961,1.6572801001674105,1206.7966059557282,21.0479524568269,177.7098316179239,1.0
Llama2-70B,20,4,5,32,32,128,0.002961,0.0134763675580705,0.001728,0.0181653675580705,0.002961,1.6061904046456472,2490.3647714683416,10.021246135455856,169.22063720796788,1.0
Llama2-70B,20,4,5,32,32,256,0.002961,0.0134763675580705,0.001728,0.0181653675580705,0.002961,1.6061904046456472,2490.3647714683416,10.037463235228682,169.49448218893423,1.0
Llama2-70B,20,4,5,32,32,384,0.002961,0.0134763675580705,0.001728,0.0181653675580705,0.002961,1.6061904046456472,2490.3647714683416,10.053680335001507,169.76832716990054,1.0
Llama2-70B,20,4,5,32,32,512,0.002961,0.0134763675580705,0.001728,0.0181653675580705,0.002961,1.6061904046456472,2490.3647714683416,10.069897434774331,170.04217215086686,1.0
Llama2-70B,20,4,5,32,32,640,0.002961,0.0134763675580705,0.001728,0.0181653675580705,0.002961,1.6061904046456472,2490.3647714683416,10.08611453454716,170.3160171318332,1.0
Llama2-70B,20,4,5,32,32,768,0.002961,0.0134763675580705,0.001728,0.0181653675580705,0.002961,1.6061904046456472,2490.3647714683416,10.102331634319984,170.5898621127995,1.0
Llama2-70B,20,4,5,32,32,896,0.002961,0.0134763675580705,0.001728,0.0181653675580705,0.002961,1.6061904046456472,2490.3647714683416,10.118548734092808,170.86370709376587,1.0
Llama2-70B,20,4,5,32,32,1024,0.002961,0.0134763675580705,0.001728,0.0181653675580705,0.002961,1.6061904046456472,2490.3647714683416,10.134765833865634,171.13755207473218,1.0
Llama2-70B,20,4,5,32,32,1152,0.002961,0.0134763675580705,0.001728,0.0181653675580705,0.002961,1.6061904046456472,2490.3647714683416,10.150982933638462,171.4113970556985,1.0
Llama2-70B,20,4,5,32,32,1280,0.002961,0.0134763675580705,0.001728,0.0181653675580705,0.002961,1.6061904046456472,2490.3647714683416,10.167200033411286,171.68524203666482,1.0
Llama2-70B,20,4,5,32,32,1408,0.002961,0.0134763675580705,0.001728,0.0181653675580705,0.002961,1.6061904046456472,2490.3647714683416,10.183417133184111,171.9590870176311,1.0
Llama2-70B,20,4,5,32,32,1536,0.002961,0.0134763675580705,0.001728,0.0181653675580705,0.002961,1.6061904046456472,2490.3647714683416,10.19963423295694,172.23293199859745,1.0
Llama2-70B,20,4,5,32,32,1664,0.002961,0.0134763675580705,0.001728,0.0181653675580705,0.002961,1.6061904046456472,2490.3647714683416,10.215851332729764,172.50677697956377,1.0
Llama2-70B,20,4,5,32,32,1792,0.002961,0.0134763675580705,0.001728,0.0181653675580705,0.002961,1.6061904046456472,2490.3647714683416,10.232068432502588,172.78062196053008,1.0
Llama2-70B,20,4,5,32,32,1920,0.002961,0.0134763675580705,0.001728,0.0181653675580705,0.002961,1.6061904046456472,2490.3647714683416,10.248285532275414,173.0544669414964,1.0
Llama2-70B,20,4,5,32,32,2048,0.002961,0.0134763675580705,0.001728,0.0181653675580705,0.002961,1.6061904046456472,2490.3647714683416,10.26450263204824,173.32831192246277,1.0
Llama2-70B,20,4,5,32,32,2176,0.002961,0.0134763675580705,0.001728,0.0181653675580705,0.002961,1.6061904046456472,2490.3647714683416,10.280719731821064,173.60215690342906,1.0
Llama2-70B,20,4,5,32,32,2304,0.002961,0.0134763675580705,0.001728,0.0181653675580705,0.002961,1.6061904046456472,2490.3647714683416,10.296936831593891,173.87600188439538,1.0
Llama2-70B,20,4,5,32,32,2432,0.002961,0.0134763675580705,0.001728,0.0181653675580705,0.002961,1.6061904046456472,2490.3647714683416,10.313153931366717,174.14984686536172,1.0
Llama2-70B,20,4,5,32,32,2560,0.002961,0.0134763675580705,0.001728,0.0181653675580705,0.002961,1.6061904046456472,2490.3647714683416,10.32937103113954,174.423691846328,1.0
Llama2-70B,20,4,5,32,32,2688,0.002961,0.0134763675580705,0.001728,0.0181653675580705,0.002961,1.6061904046456472,2490.3647714683416,10.345588130912368,174.69753682729436,1.0
Llama2-70B,20,4,5,32,32,2816,0.002961,0.0134763675580705,0.001728,0.0181653675580705,0.002961,1.6061904046456472,2490.3647714683416,10.361805230685194,174.9713818082607,1.0
Llama2-70B,20,4,5,32,32,2944,0.002961,0.0134763675580705,0.001728,0.0181653675580705,0.002961,1.6061904046456472,2490.3647714683416,10.378022330458018,175.245226789227,1.0
Llama2-70B,20,4,5,32,32,3072,0.002961,0.0134763675580705,0.001728,0.0181653675580705,0.002961,1.6061904046456472,2490.3647714683416,10.394239430230844,175.51907177019334,1.0
Llama2-70B,20,4,5,32,32,3200,0.002961,0.0134763675580705,0.001728,0.0181653675580705,0.002961,1.6061904046456472,2490.3647714683416,10.410456530003673,175.79291675115962,1.0
Llama2-70B,20,4,5,32,32,3328,0.002961,0.0134763675580705,0.001728,0.0181653675580705,0.002961,1.6061904046456472,2490.3647714683416,10.426673629776497,176.06676173212597,1.0
Llama2-70B,20,4,5,32,32,3456,0.002961,0.0134763675580705,0.001728,0.0181653675580705,0.002961,1.6061904046456472,2490.3647714683416,10.44289072954932,176.34060671309228,1.0
Llama2-70B,20,4,5,32,32,3584,0.002961,0.0134763675580705,0.001728,0.0181653675580705,0.002961,1.6061904046456472,2490.3647714683416,10.459107829322145,176.61445169405857,1.0
Llama2-70B,20,4,5,32,32,3712,0.002961,0.0134763675580705,0.001728,0.0181653675580705,0.002961,1.6061904046456472,2490.3647714683416,10.475324929094972,176.88829667502492,1.0
Llama2-70B,20,4,5,32,32,3840,0.002961,0.0134763675580705,0.001728,0.0181653675580705,0.002961,1.6061904046456472,2490.3647714683416,10.491542028867798,177.16214165599126,1.0
Llama2-70B,20,4,5,32,32,3968,0.002961,0.0134763675580705,0.001728,0.0181653675580705,0.002961,1.6061904046456472,2490.3647714683416,10.507759128640622,177.43598663695758,1.0
Llama2-70B,20,4,5,32,32,4096,0.002961,0.0134763675580705,0.001728,0.0181653675580705,0.002961,1.6061904046456472,2490.3647714683416,10.52397622841345,177.7098316179239,1.0
Llama2-70B,20,5,4,32,32,128,0.002961,0.0130931948416573,0.001728,0.0177821948416573,0.002961,1.5755365873325893,3173.5219862238087,8.016996908364685,169.22063720796788,1.0
Llama2-70B,20,5,4,32,32,256,0.002961,0.0130931948416573,0.001728,0.0177821948416573,0.002961,1.5755365873325893,3173.5219862238087,8.02997058818295,169.49448218893423,1.0
Llama2-70B,20,5,4,32,32,384,0.002961,0.0130931948416573,0.001728,0.0177821948416573,0.002961,1.5755365873325893,3173.5219862238087,8.042944268001209,169.76832716990054,1.0
Llama2-70B,20,5,4,32,32,512,0.002961,0.0130931948416573,0.001728,0.0177821948416573,0.002961,1.5755365873325893,3173.5219862238087,8.05591794781947,170.04217215086686,1.0
Llama2-70B,20,5,4,32,32,640,0.002961,0.0130931948416573,0.001728,0.0177821948416573,0.002961,1.5755365873325893,3173.5219862238087,8.06889162763773,170.3160171318332,1.0
Llama2-70B,20,5,4,32,32,768,0.002961,0.0130931948416573,0.001728,0.0177821948416573,0.002961,1.5755365873325893,3173.5219862238087,8.081865307455992,170.5898621127995,1.0
Llama2-70B,20,5,4,32,32,896,0.002961,0.0130931948416573,0.001728,0.0177821948416573,0.002961,1.5755365873325893,3173.5219862238087,8.094838987274251,170.86370709376587,1.0
Llama2-70B,20,5,4,32,32,1024,0.002961,0.0130931948416573,0.001728,0.0177821948416573,0.002961,1.5755365873325893,3173.5219862238087,8.107812667092512,171.13755207473218,1.0
Llama2-70B,20,5,4,32,32,1152,0.002961,0.0130931948416573,0.001728,0.0177821948416573,0.002961,1.5755365873325893,3173.5219862238087,8.120786346910771,171.4113970556985,1.0
Llama2-70B,20,5,4,32,32,1280,0.002961,0.0130931948416573,0.001728,0.0177821948416573,0.002961,1.5755365873325893,3173.5219862238087,8.13376002672903,171.68524203666482,1.0
Llama2-70B,20,5,4,32,32,1408,0.002961,0.0130931948416573,0.001728,0.0177821948416573,0.002961,1.5755365873325893,3173.5219862238087,8.146733706547295,171.9590870176311,1.0
Llama2-70B,20,5,4,32,32,1536,0.002961,0.0130931948416573,0.001728,0.0177821948416573,0.002961,1.5755365873325893,3173.5219862238087,8.159707386365554,172.23293199859745,1.0
Llama2-70B,20,5,4,32,32,1664,0.002961,0.0130931948416573,0.001728,0.0177821948416573,0.002961,1.5755365873325893,3173.5219862238087,8.172681066183815,172.50677697956377,1.0
Llama2-70B,20,5,4,32,32,1792,0.002961,0.0130931948416573,0.001728,0.0177821948416573,0.002961,1.5755365873325893,3173.5219862238087,8.185654746002074,172.78062196053008,1.0
Llama2-70B,20,5,4,32,32,1920,0.002961,0.0130931948416573,0.001728,0.0177821948416573,0.002961,1.5755365873325893,3173.5219862238087,8.198628425820335,173.0544669414964,1.0
Llama2-70B,20,5,4,32,32,2048,0.002961,0.0130931948416573,0.001728,0.0177821948416573,0.002961,1.5755365873325893,3173.5219862238087,8.211602105638596,173.32831192246277,1.0
Llama2-70B,20,5,4,32,32,2176,0.002961,0.0130931948416573,0.001728,0.0177821948416573,0.002961,1.5755365873325893,3173.5219862238087,8.224575785456855,173.60215690342906,1.0
Llama2-70B,20,5,4,32,32,2304,0.002961,0.0130931948416573,0.001728,0.0177821948416573,0.002961,1.5755365873325893,3173.5219862238087,8.237549465275116,173.87600188439538,1.0
Llama2-70B,20,5,4,32,32,2432,0.002961,0.0130931948416573,0.001728,0.0177821948416573,0.002961,1.5755365873325893,3173.5219862238087,8.250523145093375,174.14984686536172,1.0
Llama2-70B,20,5,4,32,32,2560,0.002961,0.0130931948416573,0.001728,0.0177821948416573,0.002961,1.5755365873325893,3173.5219862238087,8.263496824911636,174.423691846328,1.0
Llama2-70B,20,5,4,32,32,2688,0.002961,0.0130931948416573,0.001728,0.0177821948416573,0.002961,1.5755365873325893,3173.5219862238087,8.276470504729897,174.69753682729436,1.0
Llama2-70B,20,5,4,32,32,2816,0.002961,0.0130931948416573,0.001728,0.0177821948416573,0.002961,1.5755365873325893,3173.5219862238087,8.289444184548158,174.9713818082607,1.0
Llama2-70B,20,5,4,32,32,2944,0.002961,0.0130931948416573,0.001728,0.0177821948416573,0.002961,1.5755365873325893,3173.5219862238087,8.302417864366419,175.245226789227,1.0
Llama2-70B,20,5,4,32,32,3072,0.002961,0.0130931948416573,0.001728,0.0177821948416573,0.002961,1.5755365873325893,3173.5219862238087,8.31539154418468,175.51907177019334,1.0
Llama2-70B,20,5,4,32,32,3200,0.002961,0.0130931948416573,0.001728,0.0177821948416573,0.002961,1.5755365873325893,3173.5219862238087,8.328365224002939,175.79291675115962,1.0
Llama2-70B,20,5,4,32,32,3328,0.002961,0.0130931948416573,0.001728,0.0177821948416573,0.002961,1.5755365873325893,3173.5219862238087,8.3413389038212,176.06676173212597,1.0
Llama2-70B,20,5,4,32,32,3456,0.002961,0.0130931948416573,0.001728,0.0177821948416573,0.002961,1.5755365873325893,3173.5219862238087,8.35431258363946,176.34060671309228,1.0
Llama2-70B,20,5,4,32,32,3584,0.002961,0.0130931948416573,0.001728,0.0177821948416573,0.002961,1.5755365873325893,3173.5219862238087,8.36728626345772,176.61445169405857,1.0
Llama2-70B,20,5,4,32,32,3712,0.002961,0.0130931948416573,0.001728,0.0177821948416573,0.002961,1.5755365873325893,3173.5219862238087,8.38025994327598,176.88829667502492,1.0
Llama2-70B,20,5,4,32,32,3840,0.002961,0.0130931948416573,0.001728,0.0177821948416573,0.002961,1.5755365873325893,3173.5219862238087,8.393233623094243,177.16214165599126,1.0
Llama2-70B,20,5,4,32,32,3968,0.002961,0.0130931948416573,0.001728,0.0177821948416573,0.002961,1.5755365873325893,3173.5219862238087,8.406207302912504,177.43598663695758,1.0
Llama2-70B,20,5,4,32,32,4096,0.002961,0.0130931948416573,0.001728,0.0177821948416573,0.002961,1.5755365873325893,3173.5219862238087,8.419180982730763,177.7098316179239,1.0
Llama2-70B,20,10,2,32,32,128,0.002961,0.0114753544834681,0.001728,0.0161643544834681,0.002961,1.4461093586774552,6915.106343786848,4.008498454182343,169.22063720796788,1.0
Llama2-70B,20,10,2,32,32,256,0.002961,0.0114753544834681,0.001728,0.0161643544834681,0.002961,1.4461093586774552,6915.106343786848,4.014985294091475,169.49448218893423,1.0
Llama2-70B,20,10,2,32,32,384,0.002961,0.0114753544834681,0.001728,0.0161643544834681,0.002961,1.4461093586774552,6915.106343786848,4.0214721340006045,169.76832716990054,1.0
Llama2-70B,20,10,2,32,32,512,0.002961,0.0114753544834681,0.001728,0.0161643544834681,0.002961,1.4461093586774552,6915.106343786848,4.027958973909735,170.04217215086686,1.0
Llama2-70B,20,10,2,32,32,640,0.002961,0.0114753544834681,0.001728,0.0161643544834681,0.002961,1.4461093586774552,6915.106343786848,4.034445813818865,170.3160171318332,1.0
Llama2-70B,20,10,2,32,32,768,0.002961,0.0114753544834681,0.001728,0.0161643544834681,0.002961,1.4461093586774552,6915.106343786848,4.040932653727996,170.5898621127995,1.0
Llama2-70B,20,10,2,32,32,896,0.002961,0.0114753544834681,0.001728,0.0161643544834681,0.002961,1.4461093586774552,6915.106343786848,4.0474194936371255,170.86370709376587,1.0
Llama2-70B,20,10,2,32,32,1024,0.002961,0.0114753544834681,0.001728,0.0161643544834681,0.002961,1.4461093586774552,6915.106343786848,4.053906333546256,171.13755207473218,1.0
Llama2-70B,20,10,2,32,32,1152,0.002961,0.0114753544834681,0.001728,0.0161643544834681,0.002961,1.4461093586774552,6915.106343786848,4.0603931734553855,171.4113970556985,1.0
Llama2-70B,20,10,2,32,32,1280,0.002961,0.0114753544834681,0.001728,0.0161643544834681,0.002961,1.4461093586774552,6915.106343786848,4.066880013364515,171.68524203666482,1.0
Llama2-70B,20,10,2,32,32,1408,0.002961,0.0114753544834681,0.001728,0.0161643544834681,0.002961,1.4461093586774552,6915.106343786848,4.073366853273647,171.9590870176311,1.0
Llama2-70B,20,10,2,32,32,1536,0.002961,0.0114753544834681,0.001728,0.0161643544834681,0.002961,1.4461093586774552,6915.106343786848,4.079853693182777,172.23293199859745,1.0
Llama2-70B,20,10,2,32,32,1664,0.002961,0.0114753544834681,0.001728,0.0161643544834681,0.002961,1.4461093586774552,6915.106343786848,4.086340533091907,172.50677697956377,1.0
Llama2-70B,20,10,2,32,32,1792,0.002961,0.0114753544834681,0.001728,0.0161643544834681,0.002961,1.4461093586774552,6915.106343786848,4.092827373001037,172.78062196053008,1.0
Llama2-70B,20,10,2,32,32,1920,0.002961,0.0114753544834681,0.001728,0.0161643544834681,0.002961,1.4461093586774552,6915.106343786848,4.099314212910167,173.0544669414964,1.0
Llama2-70B,20,10,2,32,32,2048,0.002961,0.0114753544834681,0.001728,0.0161643544834681,0.002961,1.4461093586774552,6915.106343786848,4.105801052819298,173.32831192246277,1.0
Llama2-70B,20,10,2,32,32,2176,0.002961,0.0114753544834681,0.001728,0.0161643544834681,0.002961,1.4461093586774552,6915.106343786848,4.112287892728427,173.60215690342906,1.0
Llama2-70B,20,10,2,32,32,2304,0.002961,0.0114753544834681,0.001728,0.0161643544834681,0.002961,1.4461093586774552,6915.106343786848,4.118774732637558,173.87600188439538,1.0
Llama2-70B,20,10,2,32,32,2432,0.002961,0.0114753544834681,0.001728,0.0161643544834681,0.002961,1.4461093586774552,6915.106343786848,4.125261572546688,174.14984686536172,1.0
Llama2-70B,20,10,2,32,32,2560,0.002961,0.0114753544834681,0.001728,0.0161643544834681,0.002961,1.4461093586774552,6915.106343786848,4.131748412455818,174.423691846328,1.0
Llama2-70B,20,10,2,32,32,2688,0.002961,0.0114753544834681,0.001728,0.0161643544834681,0.002961,1.4461093586774552,6915.106343786848,4.138235252364948,174.69753682729436,1.0
Llama2-70B,20,10,2,32,32,2816,0.002961,0.0114753544834681,0.001728,0.0161643544834681,0.002961,1.4461093586774552,6915.106343786848,4.144722092274079,174.9713818082607,1.0
Llama2-70B,20,10,2,32,32,2944,0.002961,0.0114753544834681,0.001728,0.0161643544834681,0.002961,1.4461093586774552,6915.106343786848,4.151208932183209,175.245226789227,1.0
Llama2-70B,20,10,2,32,32,3072,0.002961,0.0114753544834681,0.001728,0.0161643544834681,0.002961,1.4461093586774552,6915.106343786848,4.15769577209234,175.51907177019334,1.0
Llama2-70B,20,10,2,32,32,3200,0.002961,0.0114753544834681,0.001728,0.0161643544834681,0.002961,1.4461093586774552,6915.106343786848,4.164182612001469,175.79291675115962,1.0
Llama2-70B,20,10,2,32,32,3328,0.002961,0.0114753544834681,0.001728,0.0161643544834681,0.002961,1.4461093586774552,6915.106343786848,4.1706694519106,176.06676173212597,1.0
Llama2-70B,20,10,2,32,32,3456,0.002961,0.0114753544834681,0.001728,0.0161643544834681,0.002961,1.4461093586774552,6915.106343786848,4.17715629181973,176.34060671309228,1.0
Llama2-70B,20,10,2,32,32,3584,0.002961,0.0114753544834681,0.001728,0.0161643544834681,0.002961,1.4461093586774552,6915.106343786848,4.18364313172886,176.61445169405857,1.0
Llama2-70B,20,10,2,32,32,3712,0.002961,0.0114753544834681,0.001728,0.0161643544834681,0.002961,1.4461093586774552,6915.106343786848,4.19012997163799,176.88829667502492,1.0
Llama2-70B,20,10,2,32,32,3840,0.002961,0.0114753544834681,0.001728,0.0161643544834681,0.002961,1.4461093586774552,6915.106343786848,4.196616811547122,177.16214165599126,1.0
Llama2-70B,20,10,2,32,32,3968,0.002961,0.0114753544834681,0.001728,0.0161643544834681,0.002961,1.4461093586774552,6915.106343786848,4.203103651456252,177.43598663695758,1.0
Llama2-70B,20,10,2,32,32,4096,0.002961,0.0114753544834681,0.001728,0.0161643544834681,0.002961,1.4461093586774552,6915.106343786848,4.209590491365382,177.7098316179239,1.0
Llama2-70B,20,20,1,32,32,128,0.002961,0.0083673980058942,0.001728,0.0130563980058942,0.002961,1.19747284047154,16701.84017879221,2.004249227091172,169.22063720796788,1.0
Llama2-70B,20,20,1,32,32,256,0.002961,0.0083673980058942,0.001728,0.0130563980058942,0.002961,1.19747284047154,16701.84017879221,2.007492647045737,169.49448218893423,1.0
Llama2-70B,20,20,1,32,32,384,0.002961,0.0083673980058942,0.001728,0.0130563980058942,0.002961,1.19747284047154,16701.84017879221,2.0107360670003023,169.76832716990054,1.0
Llama2-70B,20,20,1,32,32,512,0.002961,0.0083673980058942,0.001728,0.0130563980058942,0.002961,1.19747284047154,16701.84017879221,2.0139794869548675,170.04217215086686,1.0
Llama2-70B,20,20,1,32,32,640,0.002961,0.0083673980058942,0.001728,0.0130563980058942,0.002961,1.19747284047154,16701.84017879221,2.0172229069094323,170.3160171318332,1.0
Llama2-70B,20,20,1,32,32,768,0.002961,0.0083673980058942,0.001728,0.0130563980058942,0.002961,1.19747284047154,16701.84017879221,2.020466326863998,170.5898621127995,1.0
Llama2-70B,20,20,1,32,32,896,0.002961,0.0083673980058942,0.001728,0.0130563980058942,0.002961,1.19747284047154,16701.84017879221,2.0237097468185627,170.86370709376587,1.0
Llama2-70B,20,20,1,32,32,1024,0.002961,0.0083673980058942,0.001728,0.0130563980058942,0.002961,1.19747284047154,16701.84017879221,2.026953166773128,171.13755207473218,1.0
Llama2-70B,20,20,1,32,32,1152,0.002961,0.0083673980058942,0.001728,0.0130563980058942,0.002961,1.19747284047154,16701.84017879221,2.0301965867276928,171.4113970556985,1.0
Llama2-70B,20,20,1,32,32,1280,0.002961,0.0083673980058942,0.001728,0.0130563980058942,0.002961,1.19747284047154,16701.84017879221,2.0334400066822576,171.68524203666482,1.0
Llama2-70B,20,20,1,32,32,1408,0.002961,0.0083673980058942,0.001728,0.0130563980058942,0.002961,1.19747284047154,16701.84017879221,2.036683426636824,171.9590870176311,1.0
Llama2-70B,20,20,1,32,32,1536,0.002961,0.0083673980058942,0.001728,0.0130563980058942,0.002961,1.19747284047154,16701.84017879221,2.0399268465913885,172.23293199859745,1.0
Llama2-70B,20,20,1,32,32,1664,0.002961,0.0083673980058942,0.001728,0.0130563980058942,0.002961,1.19747284047154,16701.84017879221,2.0431702665459537,172.50677697956377,1.0
Llama2-70B,20,20,1,32,32,1792,0.002961,0.0083673980058942,0.001728,0.0130563980058942,0.002961,1.19747284047154,16701.84017879221,2.0464136865005185,172.78062196053008,1.0
Llama2-70B,20,20,1,32,32,1920,0.002961,0.0083673980058942,0.001728,0.0130563980058942,0.002961,1.19747284047154,16701.84017879221,2.049657106455084,173.0544669414964,1.0
Llama2-70B,20,20,1,32,32,2048,0.002961,0.0083673980058942,0.001728,0.0130563980058942,0.002961,1.19747284047154,16701.84017879221,2.052900526409649,173.32831192246277,1.0
Llama2-70B,20,20,1,32,32,2176,0.002961,0.0083673980058942,0.001728,0.0130563980058942,0.002961,1.19747284047154,16701.84017879221,2.0561439463642137,173.60215690342906,1.0
Llama2-70B,20,20,1,32,32,2304,0.002961,0.0083673980058942,0.001728,0.0130563980058942,0.002961,1.19747284047154,16701.84017879221,2.059387366318779,173.87600188439538,1.0
Llama2-70B,20,20,1,32,32,2432,0.002961,0.0083673980058942,0.001728,0.0130563980058942,0.002961,1.19747284047154,16701.84017879221,2.062630786273344,174.14984686536172,1.0
Llama2-70B,20,20,1,32,32,2560,0.002961,0.0083673980058942,0.001728,0.0130563980058942,0.002961,1.19747284047154,16701.84017879221,2.065874206227909,174.423691846328,1.0
Llama2-70B,20,20,1,32,32,2688,0.002961,0.0083673980058942,0.001728,0.0130563980058942,0.002961,1.19747284047154,16701.84017879221,2.069117626182474,174.69753682729436,1.0
Llama2-70B,20,20,1,32,32,2816,0.002961,0.0083673980058942,0.001728,0.0130563980058942,0.002961,1.19747284047154,16701.84017879221,2.0723610461370394,174.9713818082607,1.0
Llama2-70B,20,20,1,32,32,2944,0.002961,0.0083673980058942,0.001728,0.0130563980058942,0.002961,1.19747284047154,16701.84017879221,2.0756044660916046,175.245226789227,1.0
Llama2-70B,20,20,1,32,32,3072,0.002961,0.0083673980058942,0.001728,0.0130563980058942,0.002961,1.19747284047154,16701.84017879221,2.07884788604617,175.51907177019334,1.0
Llama2-70B,20,20,1,32,32,3200,0.002961,0.0083673980058942,0.001728,0.0130563980058942,0.002961,1.19747284047154,16701.84017879221,2.0820913060007347,175.79291675115962,1.0
Llama2-70B,20,20,1,32,32,3328,0.002961,0.0083673980058942,0.001728,0.0130563980058942,0.002961,1.19747284047154,16701.84017879221,2.0853347259553,176.06676173212597,1.0
Llama2-70B,20,20,1,32,32,3456,0.002961,0.0083673980058942,0.001728,0.0130563980058942,0.002961,1.19747284047154,16701.84017879221,2.088578145909865,176.34060671309228,1.0
Llama2-70B,20,20,1,32,32,3584,0.002961,0.0083673980058942,0.001728,0.0130563980058942,0.002961,1.19747284047154,16701.84017879221,2.09182156586443,176.61445169405857,1.0
Llama2-70B,20,20,1,32,32,3712,0.002961,0.0083673980058942,0.001728,0.0130563980058942,0.002961,1.19747284047154,16701.84017879221,2.095064985818995,176.88829667502492,1.0
Llama2-70B,20,20,1,32,32,3840,0.002961,0.0083673980058942,0.001728,0.0130563980058942,0.002961,1.19747284047154,16701.84017879221,2.098308405773561,177.16214165599126,1.0
Llama2-70B,20,20,1,32,32,3968,0.002961,0.0083673980058942,0.001728,0.0130563980058942,0.002961,1.19747284047154,16701.84017879221,2.101551825728126,177.43598663695758,1.0
Llama2-70B,20,20,1,32,32,4096,0.002961,0.0083673980058942,0.001728,0.0130563980058942,0.002961,1.19747284047154,16701.84017879221,2.104795245682691,177.7098316179239,1.0
Llama2-70B,20,80,1,32,8,128,0.0098935,0.0009122856358119,0.006912,0.0177177856358119,0.0098935,1.5773163508649553,50719.0583272216,1.146009623471383,115.83460084614975,1.0
Llama2-70B,20,80,1,32,8,256,0.0098935,0.0009122856358119,0.006912,0.0177177856358119,0.0098935,1.5773163508649553,50719.0583272216,1.1468204784600242,115.91655920149836,1.0
Llama2-70B,20,80,1,32,8,384,0.0098935,0.0009122856358119,0.006912,0.0177177856358119,0.0098935,1.5773163508649553,50719.0583272216,1.1476313334486654,115.99851755684696,1.0
Llama2-70B,20,80,1,32,8,512,0.0098935,0.0009122856358119,0.006912,0.0177177856358119,0.0098935,1.5773163508649553,50719.0583272216,1.148442188437307,116.08047591219554,1.0
Llama2-70B,20,80,1,32,8,640,0.0098935,0.0009122856358119,0.006912,0.0177177856358119,0.0098935,1.5773163508649553,50719.0583272216,1.1492530434259485,116.16243426754414,1.0
Llama2-70B,20,80,1,32,8,768,0.0098935,0.0009122856358119,0.006912,0.0177177856358119,0.0098935,1.5773163508649553,50719.0583272216,1.1500638984145894,116.24439262289272,1.0
Llama2-70B,20,80,1,32,8,896,0.0098935,0.0009122856358119,0.006912,0.0177177856358119,0.0098935,1.5773163508649553,50719.0583272216,1.1508747534032306,116.32635097824132,1.0
Llama2-70B,20,80,1,32,8,1024,0.0098935,0.0009122856358119,0.006912,0.0177177856358119,0.0098935,1.5773163508649553,50719.0583272216,1.151685608391872,116.40830933358993,1.0
Llama2-70B,20,80,1,32,8,1152,0.0098935,0.0009122856358119,0.006912,0.0177177856358119,0.0098935,1.5773163508649553,50719.0583272216,1.152496463380513,116.4902676889385,1.0
Llama2-70B,20,80,1,32,8,1280,0.0098935,0.0009122856358119,0.006912,0.0177177856358119,0.0098935,1.5773163508649553,50719.0583272216,1.1533073183691545,116.57222604428708,1.0
Llama2-70B,20,80,1,32,8,1408,0.0098935,0.0009122856358119,0.006912,0.0177177856358119,0.0098935,1.5773163508649553,50719.0583272216,1.154118173357796,116.65418439963568,1.0
Llama2-70B,20,80,1,32,8,1536,0.0098935,0.0009122856358119,0.006912,0.0177177856358119,0.0098935,1.5773163508649553,50719.0583272216,1.154929028346437,116.73614275498429,1.0
Llama2-70B,20,80,1,32,8,1664,0.0098935,0.0009122856358119,0.006912,0.0177177856358119,0.0098935,1.5773163508649553,50719.0583272216,1.1557398833350785,116.81810111033288,1.0
Llama2-70B,20,80,1,32,8,1792,0.0098935,0.0009122856358119,0.006912,0.0177177856358119,0.0098935,1.5773163508649553,50719.0583272216,1.1565507383237197,116.90005946568144,1.0
Llama2-70B,20,80,1,32,8,1920,0.0098935,0.0009122856358119,0.006912,0.0177177856358119,0.0098935,1.5773163508649553,50719.0583272216,1.157361593312361,116.98201782103006,1.0
Llama2-70B,20,80,1,32,8,2048,0.0098935,0.0009122856358119,0.006912,0.0177177856358119,0.0098935,1.5773163508649553,50719.0583272216,1.1581724483010023,117.06397617637865,1.0
Llama2-70B,20,80,1,32,8,2176,0.0098935,0.0009122856358119,0.006912,0.0177177856358119,0.0098935,1.5773163508649553,50719.0583272216,1.1589833032896435,117.14593453172722,1.0
Llama2-70B,20,80,1,32,8,2304,0.0098935,0.0009122856358119,0.006912,0.0177177856358119,0.0098935,1.5773163508649553,50719.0583272216,1.1597941582782847,117.2278928870758,1.0
Llama2-70B,20,80,1,32,8,2432,0.0098935,0.0009122856358119,0.006912,0.0177177856358119,0.0098935,1.5773163508649553,50719.0583272216,1.160605013266926,117.3098512424244,1.0
Llama2-70B,20,80,1,32,8,2560,0.0098935,0.0009122856358119,0.006912,0.0177177856358119,0.0098935,1.5773163508649553,50719.0583272216,1.161415868255567,117.391809597773,1.0
Llama2-70B,20,80,1,32,8,2688,0.0098935,0.0009122856358119,0.006912,0.0177177856358119,0.0098935,1.5773163508649553,50719.0583272216,1.1622267232442085,117.47376795312158,1.0
Llama2-70B,20,80,1,32,8,2816,0.0098935,0.0009122856358119,0.006912,0.0177177856358119,0.0098935,1.5773163508649553,50719.0583272216,1.1630375782328497,117.55572630847018,1.0
Llama2-70B,20,80,1,32,8,2944,0.0098935,0.0009122856358119,0.006912,0.0177177856358119,0.0098935,1.5773163508649553,50719.0583272216,1.1638484332214911,117.6376846638188,1.0
Llama2-70B,20,80,1,32,8,3072,0.0098935,0.0009122856358119,0.006912,0.0177177856358119,0.0098935,1.5773163508649553,50719.0583272216,1.1646592882101323,117.71964301916736,1.0
Llama2-70B,20,80,1,32,8,3200,0.0098935,0.0009122856358119,0.006912,0.0177177856358119,0.0098935,1.5773163508649553,50719.0583272216,1.1654701431987735,117.80160137451594,1.0
Llama2-70B,20,80,1,32,8,3328,0.0098935,0.0009122856358119,0.006912,0.0177177856358119,0.0098935,1.5773163508649553,50719.0583272216,1.1662809981874152,117.88355972986454,1.0
Llama2-70B,20,80,1,32,8,3456,0.0098935,0.0009122856358119,0.006912,0.0177177856358119,0.0098935,1.5773163508649553,50719.0583272216,1.167091853176056,117.96551808521312,1.0
Llama2-70B,20,80,1,32,8,3584,0.0098935,0.0009122856358119,0.006912,0.0177177856358119,0.0098935,1.5773163508649553,50719.0583272216,1.1679027081646975,118.04747644056172,1.0
Llama2-70B,20,80,1,32,8,3712,0.0098935,0.0009122856358119,0.006912,0.0177177856358119,0.0098935,1.5773163508649553,50719.0583272216,1.1687135631533387,118.12943479591031,1.0
Llama2-70B,20,80,1,32,8,3840,0.0098935,0.0009122856358119,0.006912,0.0177177856358119,0.0098935,1.5773163508649553,50719.0583272216,1.1695244181419802,118.21139315125892,1.0
Llama2-70B,20,80,1,32,8,3968,0.0098935,0.0009122856358119,0.006912,0.0177177856358119,0.0098935,1.5773163508649553,50719.0583272216,1.1703352731306211,118.2933515066075,1.0
Llama2-70B,20,80,1,32,8,4096,0.0098935,0.0009122856358119,0.006912,0.0177177856358119,0.0098935,1.5773163508649553,50719.0583272216,1.1711461281192626,118.37530986195608,1.0
Llama2-70B,32,1,32,32,32,128,0.002961,0.024571346435546874,0.001728,0.029260346435546876,0.002961,2.49378871484375,400.99628089890354,64.13597526691748,270.75301953274845,1.0
Llama2-70B,32,1,32,32,32,256,0.002961,0.024571346435546874,0.001728,0.029260346435546876,0.002961,2.49378871484375,400.99628089890354,64.2397647054636,271.19117150229454,1.0
Llama2-70B,32,1,32,32,32,384,0.002961,0.024571346435546874,0.001728,0.029260346435546876,0.002961,2.49378871484375,400.99628089890354,64.34355414400967,271.62932347184073,1.0
Llama2-70B,32,1,32,32,32,512,0.002961,0.024571346435546874,0.001728,0.029260346435546876,0.002961,2.49378871484375,400.99628089890354,64.44734358255576,272.0674754413869,1.0
Llama2-70B,32,1,32,32,32,640,0.002961,0.024571346435546874,0.001728,0.029260346435546876,0.002961,2.49378871484375,400.99628089890354,64.55113302110183,272.50562741093296,1.0
Llama2-70B,32,1,32,32,32,768,0.002961,0.024571346435546874,0.001728,0.029260346435546876,0.002961,2.49378871484375,400.99628089890354,64.65492245964793,272.9437793804791,1.0
Llama2-70B,32,1,32,32,32,896,0.002961,0.024571346435546874,0.001728,0.029260346435546876,0.002961,2.49378871484375,400.99628089890354,64.75871189819401,273.3819313500252,1.0
Llama2-70B,32,1,32,32,32,1024,0.002961,0.024571346435546874,0.001728,0.029260346435546876,0.002961,2.49378871484375,400.99628089890354,64.8625013367401,273.8200833195713,1.0
Llama2-70B,32,1,32,32,32,1152,0.002961,0.024571346435546874,0.001728,0.029260346435546876,0.002961,2.49378871484375,400.99628089890354,64.96629077528617,274.25823528911747,1.0
Llama2-70B,32,1,32,32,32,1280,0.002961,0.024571346435546874,0.001728,0.029260346435546876,0.002961,2.49378871484375,400.99628089890354,65.07008021383224,274.6963872586636,1.0
Llama2-70B,32,1,32,32,32,1408,0.002961,0.024571346435546874,0.001728,0.029260346435546876,0.002961,2.49378871484375,400.99628089890354,65.17386965237836,275.13453922820963,1.0
Llama2-70B,32,1,32,32,32,1536,0.002961,0.024571346435546874,0.001728,0.029260346435546876,0.002961,2.49378871484375,400.99628089890354,65.27765909092443,275.5726911977558,1.0
Llama2-70B,32,1,32,32,32,1664,0.002961,0.024571346435546874,0.001728,0.029260346435546876,0.002961,2.49378871484375,400.99628089890354,65.38144852947052,276.01084316730186,1.0
Llama2-70B,32,1,32,32,32,1792,0.002961,0.024571346435546874,0.001728,0.029260346435546876,0.002961,2.49378871484375,400.99628089890354,65.48523796801659,276.44899513684805,1.0
Llama2-70B,32,1,32,32,32,1920,0.002961,0.024571346435546874,0.001728,0.029260346435546876,0.002961,2.49378871484375,400.99628089890354,65.58902740656268,276.88714710639414,1.0
Llama2-70B,32,1,32,32,32,2048,0.002961,0.024571346435546874,0.001728,0.029260346435546876,0.002961,2.49378871484375,400.99628089890354,65.69281684510877,277.3252990759402,1.0
Llama2-70B,32,1,32,32,32,2176,0.002961,0.024571346435546874,0.001728,0.029260346435546876,0.002961,2.49378871484375,400.99628089890354,65.79660628365484,277.7634510454863,1.0
Llama2-70B,32,1,32,32,32,2304,0.002961,0.024571346435546874,0.001728,0.029260346435546876,0.002961,2.49378871484375,400.99628089890354,65.90039572220093,278.20160301503245,1.0
Llama2-70B,32,1,32,32,32,2432,0.002961,0.024571346435546874,0.001728,0.029260346435546876,0.002961,2.49378871484375,400.99628089890354,66.004185160747,278.63975498457853,1.0
Llama2-70B,32,1,32,32,32,2560,0.002961,0.024571346435546874,0.001728,0.029260346435546876,0.002961,2.49378871484375,400.99628089890354,66.10797459929309,279.0779069541247,1.0
Llama2-70B,32,1,32,32,32,2688,0.002961,0.024571346435546874,0.001728,0.029260346435546876,0.002961,2.49378871484375,400.99628089890354,66.21176403783917,279.5160589236708,1.0
Llama2-70B,32,1,32,32,32,2816,0.002961,0.024571346435546874,0.001728,0.029260346435546876,0.002961,2.49378871484375,400.99628089890354,66.31555347638526,279.95421089321695,1.0
Llama2-70B,32,1,32,32,32,2944,0.002961,0.024571346435546874,0.001728,0.029260346435546876,0.002961,2.49378871484375,400.99628089890354,66.41934291493135,280.39236286276304,1.0
Llama2-70B,32,1,32,32,32,3072,0.002961,0.024571346435546874,0.001728,0.029260346435546876,0.002961,2.49378871484375,400.99628089890354,66.52313235347744,280.8305148323092,1.0
Llama2-70B,32,1,32,32,32,3200,0.002961,0.024571346435546874,0.001728,0.029260346435546876,0.002961,2.49378871484375,400.99628089890354,66.62692179202351,281.26866680185526,1.0
Llama2-70B,32,1,32,32,32,3328,0.002961,0.024571346435546874,0.001728,0.029260346435546876,0.002961,2.49378871484375,400.99628089890354,66.7307112305696,281.7068187714014,1.0
Llama2-70B,32,1,32,32,32,3456,0.002961,0.024571346435546874,0.001728,0.029260346435546876,0.002961,2.49378871484375,400.99628089890354,66.83450066911568,282.1449707409475,1.0
Llama2-70B,32,1,32,32,32,3584,0.002961,0.024571346435546874,0.001728,0.029260346435546876,0.002961,2.49378871484375,400.99628089890354,66.93829010766176,282.5831227104936,1.0
Llama2-70B,32,1,32,32,32,3712,0.002961,0.024571346435546874,0.001728,0.029260346435546876,0.002961,2.49378871484375,400.99628089890354,67.04207954620784,283.0212746800397,1.0
Llama2-70B,32,1,32,32,32,3840,0.002961,0.024571346435546874,0.001728,0.029260346435546876,0.002961,2.49378871484375,400.99628089890354,67.14586898475395,283.45942664958585,1.0
Llama2-70B,32,1,32,32,32,3968,0.002961,0.024571346435546874,0.001728,0.029260346435546876,0.002961,2.49378871484375,400.99628089890354,67.24965842330003,283.897578619132,1.0
Llama2-70B,32,1,32,32,32,4096,0.002961,0.024571346435546874,0.001728,0.029260346435546876,0.002961,2.49378871484375,400.99628089890354,67.3534478618461,284.33573058867813,1.0
Llama2-70B,32,2,16,32,32,128,0.002961,0.023975299987792967,0.001728,0.02866429998779297,0.002961,2.4461049990234374,817.6263900357766,32.06798763345874,270.75301953274845,1.0
Llama2-70B,32,2,16,32,32,256,0.002961,0.023975299987792967,0.001728,0.02866429998779297,0.002961,2.4461049990234374,817.6263900357766,32.1198823527318,271.19117150229454,1.0
Llama2-70B,32,2,16,32,32,384,0.002961,0.023975299987792967,0.001728,0.02866429998779297,0.002961,2.4461049990234374,817.6263900357766,32.171777072004836,271.62932347184073,1.0
Llama2-70B,32,2,16,32,32,512,0.002961,0.023975299987792967,0.001728,0.02866429998779297,0.002961,2.4461049990234374,817.6263900357766,32.22367179127788,272.0674754413869,1.0
Llama2-70B,32,2,16,32,32,640,0.002961,0.023975299987792967,0.001728,0.02866429998779297,0.002961,2.4461049990234374,817.6263900357766,32.27556651055092,272.50562741093296,1.0
Llama2-70B,32,2,16,32,32,768,0.002961,0.023975299987792967,0.001728,0.02866429998779297,0.002961,2.4461049990234374,817.6263900357766,32.32746122982397,272.9437793804791,1.0
Llama2-70B,32,2,16,32,32,896,0.002961,0.023975299987792967,0.001728,0.02866429998779297,0.002961,2.4461049990234374,817.6263900357766,32.379355949097004,273.3819313500252,1.0
Llama2-70B,32,2,16,32,32,1024,0.002961,0.023975299987792967,0.001728,0.02866429998779297,0.002961,2.4461049990234374,817.6263900357766,32.43125066837005,273.8200833195713,1.0
Llama2-70B,32,2,16,32,32,1152,0.002961,0.023975299987792967,0.001728,0.02866429998779297,0.002961,2.4461049990234374,817.6263900357766,32.483145387643084,274.25823528911747,1.0
Llama2-70B,32,2,16,32,32,1280,0.002961,0.023975299987792967,0.001728,0.02866429998779297,0.002961,2.4461049990234374,817.6263900357766,32.53504010691612,274.6963872586636,1.0
Llama2-70B,32,2,16,32,32,1408,0.002961,0.023975299987792967,0.001728,0.02866429998779297,0.002961,2.4461049990234374,817.6263900357766,32.58693482618918,275.13453922820963,1.0
Llama2-70B,32,2,16,32,32,1536,0.002961,0.023975299987792967,0.001728,0.02866429998779297,0.002961,2.4461049990234374,817.6263900357766,32.638829545462215,275.5726911977558,1.0
Llama2-70B,32,2,16,32,32,1664,0.002961,0.023975299987792967,0.001728,0.02866429998779297,0.002961,2.4461049990234374,817.6263900357766,32.69072426473526,276.01084316730186,1.0
Llama2-70B,32,2,16,32,32,1792,0.002961,0.023975299987792967,0.001728,0.02866429998779297,0.002961,2.4461049990234374,817.6263900357766,32.742618984008296,276.44899513684805,1.0
Llama2-70B,32,2,16,32,32,1920,0.002961,0.023975299987792967,0.001728,0.02866429998779297,0.002961,2.4461049990234374,817.6263900357766,32.79451370328134,276.88714710639414,1.0
Llama2-70B,32,2,16,32,32,2048,0.002961,0.023975299987792967,0.001728,0.02866429998779297,0.002961,2.4461049990234374,817.6263900357766,32.84640842255438,277.3252990759402,1.0
Llama2-70B,32,2,16,32,32,2176,0.002961,0.023975299987792967,0.001728,0.02866429998779297,0.002961,2.4461049990234374,817.6263900357766,32.89830314182742,277.7634510454863,1.0
Llama2-70B,32,2,16,32,32,2304,0.002961,0.023975299987792967,0.001728,0.02866429998779297,0.002961,2.4461049990234374,817.6263900357766,32.95019786110046,278.20160301503245,1.0
Llama2-70B,32,2,16,32,32,2432,0.002961,0.023975299987792967,0.001728,0.02866429998779297,0.002961,2.4461049990234374,817.6263900357766,33.0020925803735,278.63975498457853,1.0
Llama2-70B,32,2,16,32,32,2560,0.002961,0.023975299987792967,0.001728,0.02866429998779297,0.002961,2.4461049990234374,817.6263900357766,33.05398729964654,279.0779069541247,1.0
Llama2-70B,32,2,16,32,32,2688,0.002961,0.023975299987792967,0.001728,0.02866429998779297,0.002961,2.4461049990234374,817.6263900357766,33.10588201891959,279.5160589236708,1.0
Llama2-70B,32,2,16,32,32,2816,0.002961,0.023975299987792967,0.001728,0.02866429998779297,0.002961,2.4461049990234374,817.6263900357766,33.15777673819263,279.95421089321695,1.0
Llama2-70B,32,2,16,32,32,2944,0.002961,0.023975299987792967,0.001728,0.02866429998779297,0.002961,2.4461049990234374,817.6263900357766,33.209671457465674,280.39236286276304,1.0
Llama2-70B,32,2,16,32,32,3072,0.002961,0.023975299987792967,0.001728,0.02866429998779297,0.002961,2.4461049990234374,817.6263900357766,33.26156617673872,280.8305148323092,1.0
Llama2-70B,32,2,16,32,32,3200,0.002961,0.023975299987792967,0.001728,0.02866429998779297,0.002961,2.4461049990234374,817.6263900357766,33.313460896011755,281.26866680185526,1.0
Llama2-70B,32,2,16,32,32,3328,0.002961,0.023975299987792967,0.001728,0.02866429998779297,0.002961,2.4461049990234374,817.6263900357766,33.3653556152848,281.7068187714014,1.0
Llama2-70B,32,2,16,32,32,3456,0.002961,0.023975299987792967,0.001728,0.02866429998779297,0.002961,2.4461049990234374,817.6263900357766,33.41725033455784,282.1449707409475,1.0
Llama2-70B,32,2,16,32,32,3584,0.002961,0.023975299987792967,0.001728,0.02866429998779297,0.002961,2.4461049990234374,817.6263900357766,33.46914505383088,282.5831227104936,1.0
Llama2-70B,32,2,16,32,32,3712,0.002961,0.023975299987792967,0.001728,0.02866429998779297,0.002961,2.4461049990234374,817.6263900357766,33.52103977310392,283.0212746800397,1.0
Llama2-70B,32,2,16,32,32,3840,0.002961,0.023975299987792967,0.001728,0.02866429998779297,0.002961,2.4461049990234374,817.6263900357766,33.57293449237697,283.45942664958585,1.0
Llama2-70B,32,2,16,32,32,3968,0.002961,0.023975299987792967,0.001728,0.02866429998779297,0.002961,2.4461049990234374,817.6263900357766,33.62482921165002,283.897578619132,1.0
Llama2-70B,32,2,16,32,32,4096,0.002961,0.023975299987792967,0.001728,0.02866429998779297,0.002961,2.4461049990234374,817.6263900357766,33.67672393092305,284.33573058867813,1.0
Llama2-70B,32,4,8,32,32,128,0.002961,0.022723602447509764,0.001728,0.027412602447509767,0.002961,2.345969195800781,1705.0522262440136,16.03399381672937,270.75301953274845,1.0
Llama2-70B,32,4,8,32,32,256,0.002961,0.022723602447509764,0.001728,0.027412602447509767,0.002961,2.345969195800781,1705.0522262440136,16.0599411763659,271.19117150229454,1.0
Llama2-70B,32,4,8,32,32,384,0.002961,0.022723602447509764,0.001728,0.027412602447509767,0.002961,2.345969195800781,1705.0522262440136,16.085888536002418,271.62932347184073,1.0
Llama2-70B,32,4,8,32,32,512,0.002961,0.022723602447509764,0.001728,0.027412602447509767,0.002961,2.345969195800781,1705.0522262440136,16.11183589563894,272.0674754413869,1.0
Llama2-70B,32,4,8,32,32,640,0.002961,0.022723602447509764,0.001728,0.027412602447509767,0.002961,2.345969195800781,1705.0522262440136,16.13778325527546,272.50562741093296,1.0
Llama2-70B,32,4,8,32,32,768,0.002961,0.022723602447509764,0.001728,0.027412602447509767,0.002961,2.345969195800781,1705.0522262440136,16.163730614911984,272.9437793804791,1.0
Llama2-70B,32,4,8,32,32,896,0.002961,0.022723602447509764,0.001728,0.027412602447509767,0.002961,2.345969195800781,1705.0522262440136,16.189677974548502,273.3819313500252,1.0
Llama2-70B,32,4,8,32,32,1024,0.002961,0.022723602447509764,0.001728,0.027412602447509767,0.002961,2.345969195800781,1705.0522262440136,16.215625334185024,273.8200833195713,1.0
Llama2-70B,32,4,8,32,32,1152,0.002961,0.022723602447509764,0.001728,0.027412602447509767,0.002961,2.345969195800781,1705.0522262440136,16.241572693821542,274.25823528911747,1.0
Llama2-70B,32,4,8,32,32,1280,0.002961,0.022723602447509764,0.001728,0.027412602447509767,0.002961,2.345969195800781,1705.0522262440136,16.26752005345806,274.6963872586636,1.0
Llama2-70B,32,4,8,32,32,1408,0.002961,0.022723602447509764,0.001728,0.027412602447509767,0.002961,2.345969195800781,1705.0522262440136,16.29346741309459,275.13453922820963,1.0
Llama2-70B,32,4,8,32,32,1536,0.002961,0.022723602447509764,0.001728,0.027412602447509767,0.002961,2.345969195800781,1705.0522262440136,16.319414772731108,275.5726911977558,1.0
Llama2-70B,32,4,8,32,32,1664,0.002961,0.022723602447509764,0.001728,0.027412602447509767,0.002961,2.345969195800781,1705.0522262440136,16.34536213236763,276.01084316730186,1.0
Llama2-70B,32,4,8,32,32,1792,0.002961,0.022723602447509764,0.001728,0.027412602447509767,0.002961,2.345969195800781,1705.0522262440136,16.371309492004148,276.44899513684805,1.0
Llama2-70B,32,4,8,32,32,1920,0.002961,0.022723602447509764,0.001728,0.027412602447509767,0.002961,2.345969195800781,1705.0522262440136,16.39725685164067,276.88714710639414,1.0
Llama2-70B,32,4,8,32,32,2048,0.002961,0.022723602447509764,0.001728,0.027412602447509767,0.002961,2.345969195800781,1705.0522262440136,16.42320421127719,277.3252990759402,1.0
Llama2-70B,32,4,8,32,32,2176,0.002961,0.022723602447509764,0.001728,0.027412602447509767,0.002961,2.345969195800781,1705.0522262440136,16.44915157091371,277.7634510454863,1.0
Llama2-70B,32,4,8,32,32,2304,0.002961,0.022723602447509764,0.001728,0.027412602447509767,0.002961,2.345969195800781,1705.0522262440136,16.47509893055023,278.20160301503245,1.0
Llama2-70B,32,4,8,32,32,2432,0.002961,0.022723602447509764,0.001728,0.027412602447509767,0.002961,2.345969195800781,1705.0522262440136,16.50104629018675,278.63975498457853,1.0
Llama2-70B,32,4,8,32,32,2560,0.002961,0.022723602447509764,0.001728,0.027412602447509767,0.002961,2.345969195800781,1705.0522262440136,16.52699364982327,279.0779069541247,1.0
Llama2-70B,32,4,8,32,32,2688,0.002961,0.022723602447509764,0.001728,0.027412602447509767,0.002961,2.345969195800781,1705.0522262440136,16.552941009459794,279.5160589236708,1.0
Llama2-70B,32,4,8,32,32,2816,0.002961,0.022723602447509764,0.001728,0.027412602447509767,0.002961,2.345969195800781,1705.0522262440136,16.578888369096315,279.95421089321695,1.0
Llama2-70B,32,4,8,32,32,2944,0.002961,0.022723602447509764,0.001728,0.027412602447509767,0.002961,2.345969195800781,1705.0522262440136,16.604835728732837,280.39236286276304,1.0
Llama2-70B,32,4,8,32,32,3072,0.002961,0.022723602447509764,0.001728,0.027412602447509767,0.002961,2.345969195800781,1705.0522262440136,16.63078308836936,280.8305148323092,1.0
Llama2-70B,32,4,8,32,32,3200,0.002961,0.022723602447509764,0.001728,0.027412602447509767,0.002961,2.345969195800781,1705.0522262440136,16.656730448005877,281.26866680185526,1.0
Llama2-70B,32,4,8,32,32,3328,0.002961,0.022723602447509764,0.001728,0.027412602447509767,0.002961,2.345969195800781,1705.0522262440136,16.6826778076424,281.7068187714014,1.0
Llama2-70B,32,4,8,32,32,3456,0.002961,0.022723602447509764,0.001728,0.027412602447509767,0.002961,2.345969195800781,1705.0522262440136,16.70862516727892,282.1449707409475,1.0
Llama2-70B,32,4,8,32,32,3584,0.002961,0.022723602447509764,0.001728,0.027412602447509767,0.002961,2.345969195800781,1705.0522262440136,16.73457252691544,282.5831227104936,1.0
Llama2-70B,32,4,8,32,32,3712,0.002961,0.022723602447509764,0.001728,0.027412602447509767,0.002961,2.345969195800781,1705.0522262440136,16.76051988655196,283.0212746800397,1.0
Llama2-70B,32,4,8,32,32,3840,0.002961,0.022723602447509764,0.001728,0.027412602447509767,0.002961,2.345969195800781,1705.0522262440136,16.786467246188487,283.45942664958585,1.0
Llama2-70B,32,4,8,32,32,3968,0.002961,0.022723602447509764,0.001728,0.027412602447509767,0.002961,2.345969195800781,1705.0522262440136,16.81241460582501,283.897578619132,1.0
Llama2-70B,32,4,8,32,32,4096,0.002961,0.022723602447509764,0.001728,0.027412602447509767,0.002961,2.345969195800781,1705.0522262440136,16.838361965461527,284.33573058867813,1.0
Llama2-70B,32,8,4,32,32,128,0.002961,0.02129309097290039,0.001728,0.02598209097290039,0.002961,2.231528277832031,3584.987059976735,8.016996908364685,270.75301953274845,1.0
Llama2-70B,32,8,4,32,32,256,0.002961,0.02129309097290039,0.001728,0.02598209097290039,0.002961,2.231528277832031,3584.987059976735,8.02997058818295,271.19117150229454,1.0
Llama2-70B,32,8,4,32,32,384,0.002961,0.02129309097290039,0.001728,0.02598209097290039,0.002961,2.231528277832031,3584.987059976735,8.042944268001209,271.62932347184073,1.0
Llama2-70B,32,8,4,32,32,512,0.002961,0.02129309097290039,0.001728,0.02598209097290039,0.002961,2.231528277832031,3584.987059976735,8.05591794781947,272.0674754413869,1.0
Llama2-70B,32,8,4,32,32,640,0.002961,0.02129309097290039,0.001728,0.02598209097290039,0.002961,2.231528277832031,3584.987059976735,8.06889162763773,272.50562741093296,1.0
Llama2-70B,32,8,4,32,32,768,0.002961,0.02129309097290039,0.001728,0.02598209097290039,0.002961,2.231528277832031,3584.987059976735,8.081865307455992,272.9437793804791,1.0
Llama2-70B,32,8,4,32,32,896,0.002961,0.02129309097290039,0.001728,0.02598209097290039,0.002961,2.231528277832031,3584.987059976735,8.094838987274251,273.3819313500252,1.0
Llama2-70B,32,8,4,32,32,1024,0.002961,0.02129309097290039,0.001728,0.02598209097290039,0.002961,2.231528277832031,3584.987059976735,8.107812667092512,273.8200833195713,1.0
Llama2-70B,32,8,4,32,32,1152,0.002961,0.02129309097290039,0.001728,0.02598209097290039,0.002961,2.231528277832031,3584.987059976735,8.120786346910771,274.25823528911747,1.0
Llama2-70B,32,8,4,32,32,1280,0.002961,0.02129309097290039,0.001728,0.02598209097290039,0.002961,2.231528277832031,3584.987059976735,8.13376002672903,274.6963872586636,1.0
Llama2-70B,32,8,4,32,32,1408,0.002961,0.02129309097290039,0.001728,0.02598209097290039,0.002961,2.231528277832031,3584.987059976735,8.146733706547295,275.13453922820963,1.0
Llama2-70B,32,8,4,32,32,1536,0.002961,0.02129309097290039,0.001728,0.02598209097290039,0.002961,2.231528277832031,3584.987059976735,8.159707386365554,275.5726911977558,1.0
Llama2-70B,32,8,4,32,32,1664,0.002961,0.02129309097290039,0.001728,0.02598209097290039,0.002961,2.231528277832031,3584.987059976735,8.172681066183815,276.01084316730186,1.0
Llama2-70B,32,8,4,32,32,1792,0.002961,0.02129309097290039,0.001728,0.02598209097290039,0.002961,2.231528277832031,3584.987059976735,8.185654746002074,276.44899513684805,1.0
Llama2-70B,32,8,4,32,32,1920,0.002961,0.02129309097290039,0.001728,0.02598209097290039,0.002961,2.231528277832031,3584.987059976735,8.198628425820335,276.88714710639414,1.0
Llama2-70B,32,8,4,32,32,2048,0.002961,0.02129309097290039,0.001728,0.02598209097290039,0.002961,2.231528277832031,3584.987059976735,8.211602105638596,277.3252990759402,1.0
Llama2-70B,32,8,4,32,32,2176,0.002961,0.02129309097290039,0.001728,0.02598209097290039,0.002961,2.231528277832031,3584.987059976735,8.224575785456855,277.7634510454863,1.0
Llama2-70B,32,8,4,32,32,2304,0.002961,0.02129309097290039,0.001728,0.02598209097290039,0.002961,2.231528277832031,3584.987059976735,8.237549465275116,278.20160301503245,1.0
Llama2-70B,32,8,4,32,32,2432,0.002961,0.02129309097290039,0.001728,0.02598209097290039,0.002961,2.231528277832031,3584.987059976735,8.250523145093375,278.63975498457853,1.0
Llama2-70B,32,8,4,32,32,2560,0.002961,0.02129309097290039,0.001728,0.02598209097290039,0.002961,2.231528277832031,3584.987059976735,8.263496824911636,279.0779069541247,1.0
Llama2-70B,32,8,4,32,32,2688,0.002961,0.02129309097290039,0.001728,0.02598209097290039,0.002961,2.231528277832031,3584.987059976735,8.276470504729897,279.5160589236708,1.0
Llama2-70B,32,8,4,32,32,2816,0.002961,0.02129309097290039,0.001728,0.02598209097290039,0.002961,2.231528277832031,3584.987059976735,8.289444184548158,279.95421089321695,1.0
Llama2-70B,32,8,4,32,32,2944,0.002961,0.02129309097290039,0.001728,0.02598209097290039,0.002961,2.231528277832031,3584.987059976735,8.302417864366419,280.39236286276304,1.0
Llama2-70B,32,8,4,32,32,3072,0.002961,0.02129309097290039,0.001728,0.02598209097290039,0.002961,2.231528277832031,3584.987059976735,8.31539154418468,280.8305148323092,1.0
Llama2-70B,32,8,4,32,32,3200,0.002961,0.02129309097290039,0.001728,0.02598209097290039,0.002961,2.231528277832031,3584.987059976735,8.328365224002939,281.26866680185526,1.0
Llama2-70B,32,8,4,32,32,3328,0.002961,0.02129309097290039,0.001728,0.02598209097290039,0.002961,2.231528277832031,3584.987059976735,8.3413389038212,281.7068187714014,1.0
Llama2-70B,32,8,4,32,32,3456,0.002961,0.02129309097290039,0.001728,0.02598209097290039,0.002961,2.231528277832031,3584.987059976735,8.35431258363946,282.1449707409475,1.0
Llama2-70B,32,8,4,32,32,3584,0.002961,0.02129309097290039,0.001728,0.02598209097290039,0.002961,2.231528277832031,3584.987059976735,8.36728626345772,282.5831227104936,1.0
Llama2-70B,32,8,4,32,32,3712,0.002961,0.02129309097290039,0.001728,0.02598209097290039,0.002961,2.231528277832031,3584.987059976735,8.38025994327598,283.0212746800397,1.0
Llama2-70B,32,8,4,32,32,3840,0.002961,0.02129309097290039,0.001728,0.02598209097290039,0.002961,2.231528277832031,3584.987059976735,8.393233623094243,283.45942664958585,1.0
Llama2-70B,32,8,4,32,32,3968,0.002961,0.02129309097290039,0.001728,0.02598209097290039,0.002961,2.231528277832031,3584.987059976735,8.406207302912504,283.897578619132,1.0
Llama2-70B,32,8,4,32,32,4096,0.002961,0.02129309097290039,0.001728,0.02598209097290039,0.002961,2.231528277832031,3584.987059976735,8.419180982730763,284.33573058867813,1.0
Llama2-70B,32,16,2,32,32,128,0.002961,0.018461870346069335,0.001728,0.023150870346069337,0.002961,2.0050306276855467,7979.9279766958825,4.008498454182343,270.75301953274845,1.0
Llama2-70B,32,16,2,32,32,256,0.002961,0.018461870346069335,0.001728,0.023150870346069337,0.002961,2.0050306276855467,7979.9279766958825,4.014985294091475,271.19117150229454,1.0
Llama2-70B,32,16,2,32,32,384,0.002961,0.018461870346069335,0.001728,0.023150870346069337,0.002961,2.0050306276855467,7979.9279766958825,4.0214721340006045,271.62932347184073,1.0
Llama2-70B,32,16,2,32,32,512,0.002961,0.018461870346069335,0.001728,0.023150870346069337,0.002961,2.0050306276855467,7979.9279766958825,4.027958973909735,272.0674754413869,1.0
Llama2-70B,32,16,2,32,32,640,0.002961,0.018461870346069335,0.001728,0.023150870346069337,0.002961,2.0050306276855467,7979.9279766958825,4.034445813818865,272.50562741093296,1.0
Llama2-70B,32,16,2,32,32,768,0.002961,0.018461870346069335,0.001728,0.023150870346069337,0.002961,2.0050306276855467,7979.9279766958825,4.040932653727996,272.9437793804791,1.0
Llama2-70B,32,16,2,32,32,896,0.002961,0.018461870346069335,0.001728,0.023150870346069337,0.002961,2.0050306276855467,7979.9279766958825,4.0474194936371255,273.3819313500252,1.0
Llama2-70B,32,16,2,32,32,1024,0.002961,0.018461870346069335,0.001728,0.023150870346069337,0.002961,2.0050306276855467,7979.9279766958825,4.053906333546256,273.8200833195713,1.0
Llama2-70B,32,16,2,32,32,1152,0.002961,0.018461870346069335,0.001728,0.023150870346069337,0.002961,2.0050306276855467,7979.9279766958825,4.0603931734553855,274.25823528911747,1.0
Llama2-70B,32,16,2,32,32,1280,0.002961,0.018461870346069335,0.001728,0.023150870346069337,0.002961,2.0050306276855467,7979.9279766958825,4.066880013364515,274.6963872586636,1.0
Llama2-70B,32,16,2,32,32,1408,0.002961,0.018461870346069335,0.001728,0.023150870346069337,0.002961,2.0050306276855467,7979.9279766958825,4.073366853273647,275.13453922820963,1.0
Llama2-70B,32,16,2,32,32,1536,0.002961,0.018461870346069335,0.001728,0.023150870346069337,0.002961,2.0050306276855467,7979.9279766958825,4.079853693182777,275.5726911977558,1.0
Llama2-70B,32,16,2,32,32,1664,0.002961,0.018461870346069335,0.001728,0.023150870346069337,0.002961,2.0050306276855467,7979.9279766958825,4.086340533091907,276.01084316730186,1.0
Llama2-70B,32,16,2,32,32,1792,0.002961,0.018461870346069335,0.001728,0.023150870346069337,0.002961,2.0050306276855467,7979.9279766958825,4.092827373001037,276.44899513684805,1.0
Llama2-70B,32,16,2,32,32,1920,0.002961,0.018461870346069335,0.001728,0.023150870346069337,0.002961,2.0050306276855467,7979.9279766958825,4.099314212910167,276.88714710639414,1.0
Llama2-70B,32,16,2,32,32,2048,0.002961,0.018461870346069335,0.001728,0.023150870346069337,0.002961,2.0050306276855467,7979.9279766958825,4.105801052819298,277.3252990759402,1.0
Llama2-70B,32,16,2,32,32,2176,0.002961,0.018461870346069335,0.001728,0.023150870346069337,0.002961,2.0050306276855467,7979.9279766958825,4.112287892728427,277.7634510454863,1.0
Llama2-70B,32,16,2,32,32,2304,0.002961,0.018461870346069335,0.001728,0.023150870346069337,0.002961,2.0050306276855467,7979.9279766958825,4.118774732637558,278.20160301503245,1.0
Llama2-70B,32,16,2,32,32,2432,0.002961,0.018461870346069335,0.001728,0.023150870346069337,0.002961,2.0050306276855467,7979.9279766958825,4.1252615725466875,278.63975498457853,1.0
Llama2-70B,32,16,2,32,32,2560,0.002961,0.018461870346069335,0.001728,0.023150870346069337,0.002961,2.0050306276855467,7979.9279766958825,4.131748412455818,279.0779069541247,1.0
Llama2-70B,32,16,2,32,32,2688,0.002961,0.018461870346069335,0.001728,0.023150870346069337,0.002961,2.0050306276855467,7979.9279766958825,4.138235252364948,279.5160589236708,1.0
Llama2-70B,32,16,2,32,32,2816,0.002961,0.018461870346069335,0.001728,0.023150870346069337,0.002961,2.0050306276855467,7979.9279766958825,4.144722092274079,279.95421089321695,1.0
Llama2-70B,32,16,2,32,32,2944,0.002961,0.018461870346069335,0.001728,0.023150870346069337,0.002961,2.0050306276855467,7979.9279766958825,4.151208932183209,280.39236286276304,1.0
Llama2-70B,32,16,2,32,32,3072,0.002961,0.018461870346069335,0.001728,0.023150870346069337,0.002961,2.0050306276855467,7979.9279766958825,4.15769577209234,280.8305148323092,1.0
Llama2-70B,32,16,2,32,32,3200,0.002961,0.018461870346069335,0.001728,0.023150870346069337,0.002961,2.0050306276855467,7979.9279766958825,4.164182612001469,281.26866680185526,1.0
Llama2-70B,32,16,2,32,32,3328,0.002961,0.018461870346069335,0.001728,0.023150870346069337,0.002961,2.0050306276855467,7979.9279766958825,4.1706694519106,281.7068187714014,1.0
Llama2-70B,32,16,2,32,32,3456,0.002961,0.018461870346069335,0.001728,0.023150870346069337,0.002961,2.0050306276855467,7979.9279766958825,4.17715629181973,282.1449707409475,1.0
Llama2-70B,32,16,2,32,32,3584,0.002961,0.018461870346069335,0.001728,0.023150870346069337,0.002961,2.0050306276855467,7979.9279766958825,4.18364313172886,282.5831227104936,1.0
Llama2-70B,32,16,2,32,32,3712,0.002961,0.018461870346069335,0.001728,0.023150870346069337,0.002961,2.0050306276855467,7979.9279766958825,4.19012997163799,283.0212746800397,1.0
Llama2-70B,32,16,2,32,32,3840,0.002961,0.018461870346069335,0.001728,0.023150870346069337,0.002961,2.0050306276855467,7979.9279766958825,4.196616811547122,283.45942664958585,1.0
Llama2-70B,32,16,2,32,32,3968,0.002961,0.018461870346069335,0.001728,0.023150870346069337,0.002961,2.0050306276855467,7979.9279766958825,4.203103651456252,283.897578619132,1.0
Llama2-70B,32,16,2,32,32,4096,0.002961,0.018461870346069335,0.001728,0.023150870346069337,0.002961,2.0050306276855467,7979.9279766958825,4.209590491365382,284.33573058867813,1.0
Llama2-70B,32,32,1,32,32,128,0.002961,0.01302294651031494,0.001728,0.017711946510314942,0.002961,1.5699167208251952,20383.246815270457,2.0042492270911714,270.75301953274845,1.0
Llama2-70B,32,32,1,32,32,256,0.002961,0.01302294651031494,0.001728,0.017711946510314942,0.002961,1.5699167208251952,20383.246815270457,2.0074926470457375,271.19117150229454,1.0
Llama2-70B,32,32,1,32,32,384,0.002961,0.01302294651031494,0.001728,0.017711946510314942,0.002961,1.5699167208251952,20383.246815270457,2.0107360670003023,271.62932347184073,1.0
Llama2-70B,32,32,1,32,32,512,0.002961,0.01302294651031494,0.001728,0.017711946510314942,0.002961,1.5699167208251952,20383.246815270457,2.0139794869548675,272.0674754413869,1.0
Llama2-70B,32,32,1,32,32,640,0.002961,0.01302294651031494,0.001728,0.017711946510314942,0.002961,1.5699167208251952,20383.246815270457,2.0172229069094323,272.50562741093296,1.0
Llama2-70B,32,32,1,32,32,768,0.002961,0.01302294651031494,0.001728,0.017711946510314942,0.002961,1.5699167208251952,20383.246815270457,2.020466326863998,272.9437793804791,1.0
Llama2-70B,32,32,1,32,32,896,0.002961,0.01302294651031494,0.001728,0.017711946510314942,0.002961,1.5699167208251952,20383.246815270457,2.0237097468185627,273.3819313500252,1.0
Llama2-70B,32,32,1,32,32,1024,0.002961,0.01302294651031494,0.001728,0.017711946510314942,0.002961,1.5699167208251952,20383.246815270457,2.026953166773128,273.8200833195713,1.0
Llama2-70B,32,32,1,32,32,1152,0.002961,0.01302294651031494,0.001728,0.017711946510314942,0.002961,1.5699167208251952,20383.246815270457,2.0301965867276928,274.25823528911747,1.0
Llama2-70B,32,32,1,32,32,1280,0.002961,0.01302294651031494,0.001728,0.017711946510314942,0.002961,1.5699167208251952,20383.246815270457,2.0334400066822576,274.6963872586636,1.0
Llama2-70B,32,32,1,32,32,1408,0.002961,0.01302294651031494,0.001728,0.017711946510314942,0.002961,1.5699167208251952,20383.246815270457,2.0366834266368237,275.13453922820963,1.0
Llama2-70B,32,32,1,32,32,1536,0.002961,0.01302294651031494,0.001728,0.017711946510314942,0.002961,1.5699167208251952,20383.246815270457,2.0399268465913885,275.5726911977558,1.0
Llama2-70B,32,32,1,32,32,1664,0.002961,0.01302294651031494,0.001728,0.017711946510314942,0.002961,1.5699167208251952,20383.246815270457,2.0431702665459537,276.01084316730186,1.0
Llama2-70B,32,32,1,32,32,1792,0.002961,0.01302294651031494,0.001728,0.017711946510314942,0.002961,1.5699167208251952,20383.246815270457,2.0464136865005185,276.44899513684805,1.0
Llama2-70B,32,32,1,32,32,1920,0.002961,0.01302294651031494,0.001728,0.017711946510314942,0.002961,1.5699167208251952,20383.246815270457,2.0496571064550837,276.88714710639414,1.0
Llama2-70B,32,32,1,32,32,2048,0.002961,0.01302294651031494,0.001728,0.017711946510314942,0.002961,1.5699167208251952,20383.246815270457,2.052900526409649,277.3252990759402,1.0
Llama2-70B,32,32,1,32,32,2176,0.002961,0.01302294651031494,0.001728,0.017711946510314942,0.002961,1.5699167208251952,20383.246815270457,2.0561439463642137,277.7634510454863,1.0
Llama2-70B,32,32,1,32,32,2304,0.002961,0.01302294651031494,0.001728,0.017711946510314942,0.002961,1.5699167208251952,20383.246815270457,2.059387366318779,278.20160301503245,1.0
Llama2-70B,32,32,1,32,32,2432,0.002961,0.01302294651031494,0.001728,0.017711946510314942,0.002961,1.5699167208251952,20383.246815270457,2.0626307862733437,278.63975498457853,1.0
Llama2-70B,32,32,1,32,32,2560,0.002961,0.01302294651031494,0.001728,0.017711946510314942,0.002961,1.5699167208251952,20383.246815270457,2.065874206227909,279.0779069541247,1.0
Llama2-70B,32,32,1,32,32,2688,0.002961,0.01302294651031494,0.001728,0.017711946510314942,0.002961,1.5699167208251952,20383.246815270457,2.069117626182474,279.5160589236708,1.0
Llama2-70B,32,32,1,32,32,2816,0.002961,0.01302294651031494,0.001728,0.017711946510314942,0.002961,1.5699167208251952,20383.246815270457,2.0723610461370394,279.95421089321695,1.0
Llama2-70B,32,32,1,32,32,2944,0.002961,0.01302294651031494,0.001728,0.017711946510314942,0.002961,1.5699167208251952,20383.246815270457,2.0756044660916046,280.39236286276304,1.0
Llama2-70B,32,32,1,32,32,3072,0.002961,0.01302294651031494,0.001728,0.017711946510314942,0.002961,1.5699167208251952,20383.246815270457,2.07884788604617,280.8305148323092,1.0
Llama2-70B,32,32,1,32,32,3200,0.002961,0.01302294651031494,0.001728,0.017711946510314942,0.002961,1.5699167208251952,20383.246815270457,2.0820913060007347,281.26866680185526,1.0
Llama2-70B,32,32,1,32,32,3328,0.002961,0.01302294651031494,0.001728,0.017711946510314942,0.002961,1.5699167208251952,20383.246815270457,2.0853347259553,281.7068187714014,1.0
Llama2-70B,32,32,1,32,32,3456,0.002961,0.01302294651031494,0.001728,0.017711946510314942,0.002961,1.5699167208251952,20383.246815270457,2.088578145909865,282.1449707409475,1.0
Llama2-70B,32,32,1,32,32,3584,0.002961,0.01302294651031494,0.001728,0.017711946510314942,0.002961,1.5699167208251952,20383.246815270457,2.09182156586443,282.5831227104936,1.0
Llama2-70B,32,32,1,32,32,3712,0.002961,0.01302294651031494,0.001728,0.017711946510314942,0.002961,1.5699167208251952,20383.246815270457,2.095064985818995,283.0212746800397,1.0
Llama2-70B,32,32,1,32,32,3840,0.002961,0.01302294651031494,0.001728,0.017711946510314942,0.002961,1.5699167208251952,20383.246815270457,2.098308405773561,283.45942664958585,1.0
Llama2-70B,32,32,1,32,32,3968,0.002961,0.01302294651031494,0.001728,0.017711946510314942,0.002961,1.5699167208251952,20383.246815270457,2.101551825728126,283.897578619132,1.0
Llama2-70B,32,32,1,32,32,4096,0.002961,0.01302294651031494,0.001728,0.017711946510314942,0.002961,1.5699167208251952,20383.246815270457,2.104795245682691,284.33573058867813,1.0
Llama2-70B,32,80,1,32,10,128,0.0078775,0.0014614998626708,0.0051839999999999,0.0145229998626708,0.0078775,1.3197174890136718,60619.03450244511,1.2689003122918223,161.07906217604852,0.84375
Llama2-70B,32,80,1,32,10,256,0.0078775,0.0014614998626708,0.0051839999999999,0.0145229998626708,0.0078775,1.3197174890136718,60619.03450244511,1.2699949665264878,161.21802177422884,0.84375
Llama2-70B,32,80,1,32,10,384,0.0078775,0.0014614998626708,0.0051839999999999,0.0145229998626708,0.0078775,1.3197174890136718,60619.03450244511,1.2710896207611533,161.35698137240925,0.84375
Llama2-70B,32,80,1,32,10,512,0.0078775,0.0014614998626708,0.0051839999999999,0.0145229998626708,0.0078775,1.3197174890136718,60619.03450244511,1.2721842749958192,161.49594097058957,0.84375
Llama2-70B,32,80,1,32,10,640,0.0078775,0.0014614998626708,0.0051839999999999,0.0145229998626708,0.0078775,1.3197174890136718,60619.03450244511,1.273278929230485,161.63490056876992,0.84375
Llama2-70B,32,80,1,32,10,768,0.0078775,0.0014614998626708,0.0051839999999999,0.0145229998626708,0.0078775,1.3197174890136718,60619.03450244511,1.2743735834651508,161.77386016695027,0.84375
Llama2-70B,32,80,1,32,10,896,0.0078775,0.0014614998626708,0.0051839999999999,0.0145229998626708,0.0078775,1.3197174890136718,60619.03450244511,1.2754682376998163,161.91281976513062,0.84375
Llama2-70B,32,80,1,32,10,1024,0.0078775,0.0014614998626708,0.0051839999999999,0.0145229998626708,0.0078775,1.3197174890136718,60619.03450244511,1.2765628919344822,162.05177936331097,0.84375
Llama2-70B,32,80,1,32,10,1152,0.0078775,0.0014614998626708,0.0051839999999999,0.0145229998626708,0.0078775,1.3197174890136718,60619.03450244511,1.2776575461691475,162.19073896149135,0.84375
Llama2-70B,32,80,1,32,10,1280,0.0078775,0.0014614998626708,0.0051839999999999,0.0145229998626708,0.0078775,1.3197174890136718,60619.03450244511,1.2787522004038137,162.3296985596717,0.84375
Llama2-70B,32,80,1,32,10,1408,0.0078775,0.0014614998626708,0.0051839999999999,0.0145229998626708,0.0078775,1.3197174890136718,60619.03450244511,1.2798468546384796,162.46865815785205,0.84375
Llama2-70B,32,80,1,32,10,1536,0.0078775,0.0014614998626708,0.0051839999999999,0.0145229998626708,0.0078775,1.3197174890136718,60619.03450244511,1.280941508873145,162.60761775603237,0.84375
Llama2-70B,32,80,1,32,10,1664,0.0078775,0.0014614998626708,0.0051839999999999,0.0145229998626708,0.0078775,1.3197174890136718,60619.03450244511,1.2820361631078108,162.74657735421275,0.84375
Llama2-70B,32,80,1,32,10,1792,0.0078775,0.0014614998626708,0.0051839999999999,0.0145229998626708,0.0078775,1.3197174890136718,60619.03450244511,1.2831308173424765,162.8855369523931,0.84375
Llama2-70B,32,80,1,32,10,1920,0.0078775,0.0014614998626708,0.0051839999999999,0.0145229998626708,0.0078775,1.3197174890136718,60619.03450244511,1.2842254715771422,163.02449655057347,0.84375
Llama2-70B,32,80,1,32,10,2048,0.0078775,0.0014614998626708,0.0051839999999999,0.0145229998626708,0.0078775,1.3197174890136718,60619.03450244511,1.285320125811808,163.1634561487538,0.84375
Llama2-70B,32,80,1,32,10,2176,0.0078775,0.0014614998626708,0.0051839999999999,0.0145229998626708,0.0078775,1.3197174890136718,60619.03450244511,1.2864147800464738,163.30241574693414,0.84375
Llama2-70B,32,80,1,32,10,2304,0.0078775,0.0014614998626708,0.0051839999999999,0.0145229998626708,0.0078775,1.3197174890136718,60619.03450244511,1.2875094342811395,163.4413753451145,0.84375
Llama2-70B,32,80,1,32,10,2432,0.0078775,0.0014614998626708,0.0051839999999999,0.0145229998626708,0.0078775,1.3197174890136718,60619.03450244511,1.2886040885158052,163.5803349432949,0.84375
Llama2-70B,32,80,1,32,10,2560,0.0078775,0.0014614998626708,0.0051839999999999,0.0145229998626708,0.0078775,1.3197174890136718,60619.03450244511,1.289698742750471,163.71929454147522,0.84375
Llama2-70B,32,80,1,32,10,2688,0.0078775,0.0014614998626708,0.0051839999999999,0.0145229998626708,0.0078775,1.3197174890136718,60619.03450244511,1.2907933969851364,163.85825413965557,0.84375
Llama2-70B,32,80,1,32,10,2816,0.0078775,0.0014614998626708,0.0051839999999999,0.0145229998626708,0.0078775,1.3197174890136718,60619.03450244511,1.2918880512198023,163.9972137378359,0.84375
Llama2-70B,32,80,1,32,10,2944,0.0078775,0.0014614998626708,0.0051839999999999,0.0145229998626708,0.0078775,1.3197174890136718,60619.03450244511,1.2929827054544685,164.13617333601624,0.84375
Llama2-70B,32,80,1,32,10,3072,0.0078775,0.0014614998626708,0.0051839999999999,0.0145229998626708,0.0078775,1.3197174890136718,60619.03450244511,1.2940773596891335,164.27513293419665,0.84375
Llama2-70B,32,80,1,32,10,3200,0.0078775,0.0014614998626708,0.0051839999999999,0.0145229998626708,0.0078775,1.3197174890136718,60619.03450244511,1.2951720139237997,164.414092532377,0.84375
Llama2-70B,32,80,1,32,10,3328,0.0078775,0.0014614998626708,0.0051839999999999,0.0145229998626708,0.0078775,1.3197174890136718,60619.03450244511,1.2962666681584651,164.55305213055732,0.84375
Llama2-70B,32,80,1,32,10,3456,0.0078775,0.0014614998626708,0.0051839999999999,0.0145229998626708,0.0078775,1.3197174890136718,60619.03450244511,1.297361322393131,164.69201172873767,0.84375
Llama2-70B,32,80,1,32,10,3584,0.0078775,0.0014614998626708,0.0051839999999999,0.0145229998626708,0.0078775,1.3197174890136718,60619.03450244511,1.2984559766277968,164.83097132691802,0.84375
Llama2-70B,32,80,1,32,10,3712,0.0078775,0.0014614998626708,0.0051839999999999,0.0145229998626708,0.0078775,1.3197174890136718,60619.03450244511,1.2995506308624625,164.96993092509842,0.84375
Llama2-70B,32,80,1,32,10,3840,0.0078775,0.0014614998626708,0.0051839999999999,0.0145229998626708,0.0078775,1.3197174890136718,60619.03450244511,1.3006452850971282,165.10889052327877,0.84375
Llama2-70B,32,80,1,32,10,3968,0.0078775,0.0014614998626708,0.0051839999999999,0.0145229998626708,0.0078775,1.3197174890136718,60619.03450244511,1.3017399393317937,165.2478501214591,0.84375
Llama2-70B,32,80,1,32,10,4096,0.0078775,0.0014614998626708,0.0051839999999999,0.0145229998626708,0.0078775,1.3197174890136718,60619.03450244511,1.3028345935664596,165.38680971963942,0.84375
Llama2-7B,8,1,8,32,32,128,0.002663,0.0042958331044514,0.001536,0.0084948331044514,0.002663,0.4244976593424479,2355.725592336628,5.887085943808147,69.08427928802276,1.0
Llama2-7B,8,1,8,32,32,256,0.002663,0.0042958331044514,0.001536,0.0084948331044514,0.002663,0.4244976593424479,2355.725592336628,5.892275415735451,69.14517714672658,1.0
Llama2-7B,8,1,8,32,32,384,0.002663,0.0042958331044514,0.001536,0.0084948331044514,0.002663,0.4244976593424479,2355.725592336628,5.897464887662756,69.20607500543038,1.0
Llama2-7B,8,1,8,32,32,512,0.002663,0.0042958331044514,0.001536,0.0084948331044514,0.002663,0.4244976593424479,2355.725592336628,5.90265435959006,69.2669728641342,1.0
Llama2-7B,8,1,8,32,32,640,0.002663,0.0042958331044514,0.001536,0.0084948331044514,0.002663,0.4244976593424479,2355.725592336628,5.907843831517364,69.32787072283801,1.0
Llama2-7B,8,1,8,32,32,768,0.002663,0.0042958331044514,0.001536,0.0084948331044514,0.002663,0.4244976593424479,2355.725592336628,5.913033303444668,69.38876858154183,1.0
Llama2-7B,8,1,8,32,32,896,0.002663,0.0042958331044514,0.001536,0.0084948331044514,0.002663,0.4244976593424479,2355.725592336628,5.918222775371972,69.44966644024564,1.0
Llama2-7B,8,1,8,32,32,1024,0.002663,0.0042958331044514,0.001536,0.0084948331044514,0.002663,0.4244976593424479,2355.725592336628,5.923412247299276,69.51056429894946,1.0
Llama2-7B,8,1,8,32,32,1152,0.002663,0.0042958331044514,0.001536,0.0084948331044514,0.002663,0.4244976593424479,2355.725592336628,5.928601719226582,69.57146215765327,1.0
Llama2-7B,8,1,8,32,32,1280,0.002663,0.0042958331044514,0.001536,0.0084948331044514,0.002663,0.4244976593424479,2355.725592336628,5.933791191153886,69.63236001635708,1.0
Llama2-7B,8,1,8,32,32,1408,0.002663,0.0042958331044514,0.001536,0.0084948331044514,0.002663,0.4244976593424479,2355.725592336628,5.938980663081189,69.69325787506088,1.0
Llama2-7B,8,1,8,32,32,1536,0.002663,0.0042958331044514,0.001536,0.0084948331044514,0.002663,0.4244976593424479,2355.725592336628,5.944170135008493,69.75415573376469,1.0
Llama2-7B,8,1,8,32,32,1664,0.002663,0.0042958331044514,0.001536,0.0084948331044514,0.002663,0.4244976593424479,2355.725592336628,5.949359606935797,69.81505359246852,1.0
Llama2-7B,8,1,8,32,32,1792,0.002663,0.0042958331044514,0.001536,0.0084948331044514,0.002663,0.4244976593424479,2355.725592336628,5.954549078863102,69.87595145117233,1.0
Llama2-7B,8,1,8,32,32,1920,0.002663,0.0042958331044514,0.001536,0.0084948331044514,0.002663,0.4244976593424479,2355.725592336628,5.959738550790406,69.93684930987615,1.0
Llama2-7B,8,1,8,32,32,2048,0.002663,0.0042958331044514,0.001536,0.0084948331044514,0.002663,0.4244976593424479,2355.725592336628,5.96492802271771,69.99774716857996,1.0
Llama2-7B,8,1,8,32,32,2176,0.002663,0.0042958331044514,0.001536,0.0084948331044514,0.002663,0.4244976593424479,2355.725592336628,5.970117494645014,70.05864502728379,1.0
Llama2-7B,8,1,8,32,32,2304,0.002663,0.0042958331044514,0.001536,0.0084948331044514,0.002663,0.4244976593424479,2355.725592336628,5.975306966572319,70.1195428859876,1.0
Llama2-7B,8,1,8,32,32,2432,0.002663,0.0042958331044514,0.001536,0.0084948331044514,0.002663,0.4244976593424479,2355.725592336628,5.980496438499622,70.1804407446914,1.0
Llama2-7B,8,1,8,32,32,2560,0.002663,0.0042958331044514,0.001536,0.0084948331044514,0.002663,0.4244976593424479,2355.725592336628,5.985685910426927,70.24133860339522,1.0
Llama2-7B,8,1,8,32,32,2688,0.002663,0.0042958331044514,0.001536,0.0084948331044514,0.002663,0.4244976593424479,2355.725592336628,5.990875382354232,70.30223646209903,1.0
Llama2-7B,8,1,8,32,32,2816,0.002663,0.0042958331044514,0.001536,0.0084948331044514,0.002663,0.4244976593424479,2355.725592336628,5.996064854281536,70.36313432080284,1.0
Llama2-7B,8,1,8,32,32,2944,0.002663,0.0042958331044514,0.001536,0.0084948331044514,0.002663,0.4244976593424479,2355.725592336628,6.001254326208839,70.42403217950665,1.0
Llama2-7B,8,1,8,32,32,3072,0.002663,0.0042958331044514,0.001536,0.0084948331044514,0.002663,0.4244976593424479,2355.725592336628,6.006443798136144,70.48493003821048,1.0
Llama2-7B,8,1,8,32,32,3200,0.002663,0.0042958331044514,0.001536,0.0084948331044514,0.002663,0.4244976593424479,2355.725592336628,6.011633270063448,70.54582789691429,1.0
Llama2-7B,8,1,8,32,32,3328,0.002663,0.0042958331044514,0.001536,0.0084948331044514,0.002663,0.4244976593424479,2355.725592336628,6.016822741990753,70.60672575561811,1.0
Llama2-7B,8,1,8,32,32,3456,0.002663,0.0042958331044514,0.001536,0.0084948331044514,0.002663,0.4244976593424479,2355.725592336628,6.022012213918056,70.66762361432191,1.0
Llama2-7B,8,1,8,32,32,3584,0.002663,0.0042958331044514,0.001536,0.0084948331044514,0.002663,0.4244976593424479,2355.725592336628,6.02720168584536,70.72852147302572,1.0
Llama2-7B,8,1,8,32,32,3712,0.002663,0.0042958331044514,0.001536,0.0084948331044514,0.002663,0.4244976593424479,2355.725592336628,6.032391157772665,70.78941933172955,1.0
Llama2-7B,8,1,8,32,32,3840,0.002663,0.0042958331044514,0.001536,0.0084948331044514,0.002663,0.4244976593424479,2355.725592336628,6.037580629699969,70.85031719043336,1.0
Llama2-7B,8,1,8,32,32,3968,0.002663,0.0042958331044514,0.001536,0.0084948331044514,0.002663,0.4244976593424479,2355.725592336628,6.042770101627273,70.91121504913718,1.0
Llama2-7B,8,1,8,32,32,4096,0.002663,0.0042958331044514,0.001536,0.0084948331044514,0.002663,0.4244976593424479,2355.725592336628,6.047959573554577,70.972112907841,1.0
Llama2-7B,8,2,4,32,32,128,0.002663,0.0040872168477376,0.001536,0.0082862168477376,0.002663,0.4178219391276041,4786.728059746986,2.943542971904073,69.08427928802276,1.0
Llama2-7B,8,2,4,32,32,256,0.002663,0.0040872168477376,0.001536,0.0082862168477376,0.002663,0.4178219391276041,4786.728059746986,2.9461377078677256,69.14517714672658,1.0
Llama2-7B,8,2,4,32,32,384,0.002663,0.0040872168477376,0.001536,0.0082862168477376,0.002663,0.4178219391276041,4786.728059746986,2.948732443831378,69.20607500543038,1.0
Llama2-7B,8,2,4,32,32,512,0.002663,0.0040872168477376,0.001536,0.0082862168477376,0.002663,0.4178219391276041,4786.728059746986,2.95132717979503,69.2669728641342,1.0
Llama2-7B,8,2,4,32,32,640,0.002663,0.0040872168477376,0.001536,0.0082862168477376,0.002663,0.4178219391276041,4786.728059746986,2.953921915758682,69.32787072283801,1.0
Llama2-7B,8,2,4,32,32,768,0.002663,0.0040872168477376,0.001536,0.0082862168477376,0.002663,0.4178219391276041,4786.728059746986,2.956516651722334,69.38876858154183,1.0
Llama2-7B,8,2,4,32,32,896,0.002663,0.0040872168477376,0.001536,0.0082862168477376,0.002663,0.4178219391276041,4786.728059746986,2.959111387685986,69.44966644024564,1.0
Llama2-7B,8,2,4,32,32,1024,0.002663,0.0040872168477376,0.001536,0.0082862168477376,0.002663,0.4178219391276041,4786.728059746986,2.961706123649638,69.51056429894946,1.0
Llama2-7B,8,2,4,32,32,1152,0.002663,0.0040872168477376,0.001536,0.0082862168477376,0.002663,0.4178219391276041,4786.728059746986,2.964300859613291,69.57146215765327,1.0
Llama2-7B,8,2,4,32,32,1280,0.002663,0.0040872168477376,0.001536,0.0082862168477376,0.002663,0.4178219391276041,4786.728059746986,2.966895595576943,69.63236001635708,1.0
Llama2-7B,8,2,4,32,32,1408,0.002663,0.0040872168477376,0.001536,0.0082862168477376,0.002663,0.4178219391276041,4786.728059746986,2.9694903315405945,69.69325787506088,1.0
Llama2-7B,8,2,4,32,32,1536,0.002663,0.0040872168477376,0.001536,0.0082862168477376,0.002663,0.4178219391276041,4786.728059746986,2.9720850675042465,69.75415573376469,1.0
Llama2-7B,8,2,4,32,32,1664,0.002663,0.0040872168477376,0.001536,0.0082862168477376,0.002663,0.4178219391276041,4786.728059746986,2.9746798034678985,69.81505359246852,1.0
Llama2-7B,8,2,4,32,32,1792,0.002663,0.0040872168477376,0.001536,0.0082862168477376,0.002663,0.4178219391276041,4786.728059746986,2.977274539431551,69.87595145117233,1.0
Llama2-7B,8,2,4,32,32,1920,0.002663,0.0040872168477376,0.001536,0.0082862168477376,0.002663,0.4178219391276041,4786.728059746986,2.979869275395203,69.93684930987615,1.0
Llama2-7B,8,2,4,32,32,2048,0.002663,0.0040872168477376,0.001536,0.0082862168477376,0.002663,0.4178219391276041,4786.728059746986,2.982464011358855,69.99774716857996,1.0
Llama2-7B,8,2,4,32,32,2176,0.002663,0.0040872168477376,0.001536,0.0082862168477376,0.002663,0.4178219391276041,4786.728059746986,2.985058747322507,70.05864502728379,1.0
Llama2-7B,8,2,4,32,32,2304,0.002663,0.0040872168477376,0.001536,0.0082862168477376,0.002663,0.4178219391276041,4786.728059746986,2.9876534832861594,70.1195428859876,1.0
Llama2-7B,8,2,4,32,32,2432,0.002663,0.0040872168477376,0.001536,0.0082862168477376,0.002663,0.4178219391276041,4786.728059746986,2.990248219249811,70.1804407446914,1.0
Llama2-7B,8,2,4,32,32,2560,0.002663,0.0040872168477376,0.001536,0.0082862168477376,0.002663,0.4178219391276041,4786.728059746986,2.9928429552134634,70.24133860339522,1.0
Llama2-7B,8,2,4,32,32,2688,0.002663,0.0040872168477376,0.001536,0.0082862168477376,0.002663,0.4178219391276041,4786.728059746986,2.995437691177116,70.30223646209903,1.0
Llama2-7B,8,2,4,32,32,2816,0.002663,0.0040872168477376,0.001536,0.0082862168477376,0.002663,0.4178219391276041,4786.728059746986,2.998032427140768,70.36313432080284,1.0
Llama2-7B,8,2,4,32,32,2944,0.002663,0.0040872168477376,0.001536,0.0082862168477376,0.002663,0.4178219391276041,4786.728059746986,3.0006271631044195,70.42403217950665,1.0
Llama2-7B,8,2,4,32,32,3072,0.002663,0.0040872168477376,0.001536,0.0082862168477376,0.002663,0.4178219391276041,4786.728059746986,3.003221899068072,70.48493003821048,1.0
Llama2-7B,8,2,4,32,32,3200,0.002663,0.0040872168477376,0.001536,0.0082862168477376,0.002663,0.4178219391276041,4786.728059746986,3.005816635031724,70.54582789691429,1.0
Llama2-7B,8,2,4,32,32,3328,0.002663,0.0040872168477376,0.001536,0.0082862168477376,0.002663,0.4178219391276041,4786.728059746986,3.0084113709953764,70.60672575561811,1.0
Llama2-7B,8,2,4,32,32,3456,0.002663,0.0040872168477376,0.001536,0.0082862168477376,0.002663,0.4178219391276041,4786.728059746986,3.011006106959028,70.66762361432191,1.0
Llama2-7B,8,2,4,32,32,3584,0.002663,0.0040872168477376,0.001536,0.0082862168477376,0.002663,0.4178219391276041,4786.728059746986,3.01360084292268,70.72852147302572,1.0
Llama2-7B,8,2,4,32,32,3712,0.002663,0.0040872168477376,0.001536,0.0082862168477376,0.002663,0.4178219391276041,4786.728059746986,3.0161955788863324,70.78941933172955,1.0
Llama2-7B,8,2,4,32,32,3840,0.002663,0.0040872168477376,0.001536,0.0082862168477376,0.002663,0.4178219391276041,4786.728059746986,3.0187903148499844,70.85031719043336,1.0
Llama2-7B,8,2,4,32,32,3968,0.002663,0.0040872168477376,0.001536,0.0082862168477376,0.002663,0.4178219391276041,4786.728059746986,3.0213850508136364,70.91121504913718,1.0
Llama2-7B,8,2,4,32,32,4096,0.002663,0.0040872168477376,0.001536,0.0082862168477376,0.002663,0.4178219391276041,4786.728059746986,3.0239797867772884,70.972112907841,1.0
Llama2-7B,8,4,2,32,32,128,0.002663,0.0038090618387858,0.001536,0.0080080618387858,0.002663,0.4089209788411458,9781.841008342804,1.4717714859520368,69.08427928802276,1.0
Llama2-7B,8,4,2,32,32,256,0.002663,0.0038090618387858,0.001536,0.0080080618387858,0.002663,0.4089209788411458,9781.841008342804,1.4730688539338628,69.14517714672658,1.0
Llama2-7B,8,4,2,32,32,384,0.002663,0.0038090618387858,0.001536,0.0080080618387858,0.002663,0.4089209788411458,9781.841008342804,1.474366221915689,69.20607500543038,1.0
Llama2-7B,8,4,2,32,32,512,0.002663,0.0038090618387858,0.001536,0.0080080618387858,0.002663,0.4089209788411458,9781.841008342804,1.475663589897515,69.2669728641342,1.0
Llama2-7B,8,4,2,32,32,640,0.002663,0.0038090618387858,0.001536,0.0080080618387858,0.002663,0.4089209788411458,9781.841008342804,1.476960957879341,69.32787072283801,1.0
Llama2-7B,8,4,2,32,32,768,0.002663,0.0038090618387858,0.001536,0.0080080618387858,0.002663,0.4089209788411458,9781.841008342804,1.478258325861167,69.38876858154183,1.0
Llama2-7B,8,4,2,32,32,896,0.002663,0.0038090618387858,0.001536,0.0080080618387858,0.002663,0.4089209788411458,9781.841008342804,1.479555693842993,69.44966644024564,1.0
Llama2-7B,8,4,2,32,32,1024,0.002663,0.0038090618387858,0.001536,0.0080080618387858,0.002663,0.4089209788411458,9781.841008342804,1.480853061824819,69.51056429894946,1.0
Llama2-7B,8,4,2,32,32,1152,0.002663,0.0038090618387858,0.001536,0.0080080618387858,0.002663,0.4089209788411458,9781.841008342804,1.4821504298066457,69.57146215765327,1.0
Llama2-7B,8,4,2,32,32,1280,0.002663,0.0038090618387858,0.001536,0.0080080618387858,0.002663,0.4089209788411458,9781.841008342804,1.4834477977884717,69.63236001635708,1.0
Llama2-7B,8,4,2,32,32,1408,0.002663,0.0038090618387858,0.001536,0.0080080618387858,0.002663,0.4089209788411458,9781.841008342804,1.4847451657702972,69.69325787506088,1.0
Llama2-7B,8,4,2,32,32,1536,0.002663,0.0038090618387858,0.001536,0.0080080618387858,0.002663,0.4089209788411458,9781.841008342804,1.4860425337521233,69.75415573376469,1.0
Llama2-7B,8,4,2,32,32,1664,0.002663,0.0038090618387858,0.001536,0.0080080618387858,0.002663,0.4089209788411458,9781.841008342804,1.4873399017339493,69.81505359246852,1.0
Llama2-7B,8,4,2,32,32,1792,0.002663,0.0038090618387858,0.001536,0.0080080618387858,0.002663,0.4089209788411458,9781.841008342804,1.4886372697157757,69.87595145117233,1.0
Llama2-7B,8,4,2,32,32,1920,0.002663,0.0038090618387858,0.001536,0.0080080618387858,0.002663,0.4089209788411458,9781.841008342804,1.4899346376976017,69.93684930987615,1.0
Llama2-7B,8,4,2,32,32,2048,0.002663,0.0038090618387858,0.001536,0.0080080618387858,0.002663,0.4089209788411458,9781.841008342804,1.4912320056794277,69.99774716857996,1.0
Llama2-7B,8,4,2,32,32,2176,0.002663,0.0038090618387858,0.001536,0.0080080618387858,0.002663,0.4089209788411458,9781.841008342804,1.4925293736612537,70.05864502728379,1.0
Llama2-7B,8,4,2,32,32,2304,0.002663,0.0038090618387858,0.001536,0.0080080618387858,0.002663,0.4089209788411458,9781.841008342804,1.4938267416430795,70.1195428859876,1.0
Llama2-7B,8,4,2,32,32,2432,0.002663,0.0038090618387858,0.001536,0.0080080618387858,0.002663,0.4089209788411458,9781.841008342804,1.4951241096249055,70.1804407446914,1.0
Llama2-7B,8,4,2,32,32,2560,0.002663,0.0038090618387858,0.001536,0.0080080618387858,0.002663,0.4089209788411458,9781.841008342804,1.4964214776067315,70.24133860339522,1.0
Llama2-7B,8,4,2,32,32,2688,0.002663,0.0038090618387858,0.001536,0.0080080618387858,0.002663,0.4089209788411458,9781.841008342804,1.497718845588558,70.30223646209903,1.0
Llama2-7B,8,4,2,32,32,2816,0.002663,0.0038090618387858,0.001536,0.0080080618387858,0.002663,0.4089209788411458,9781.841008342804,1.499016213570384,70.36313432080284,1.0
Llama2-7B,8,4,2,32,32,2944,0.002663,0.0038090618387858,0.001536,0.0080080618387858,0.002663,0.4089209788411458,9781.841008342804,1.5003135815522095,70.42403217950665,1.0
Llama2-7B,8,4,2,32,32,3072,0.002663,0.0038090618387858,0.001536,0.0080080618387858,0.002663,0.4089209788411458,9781.841008342804,1.501610949534036,70.48493003821048,1.0
Llama2-7B,8,4,2,32,32,3200,0.002663,0.0038090618387858,0.001536,0.0080080618387858,0.002663,0.4089209788411458,9781.841008342804,1.502908317515862,70.54582789691429,1.0
Llama2-7B,8,4,2,32,32,3328,0.002663,0.0038090618387858,0.001536,0.0080080618387858,0.002663,0.4089209788411458,9781.841008342804,1.5042056854976882,70.60672575561811,1.0
Llama2-7B,8,4,2,32,32,3456,0.002663,0.0038090618387858,0.001536,0.0080080618387858,0.002663,0.4089209788411458,9781.841008342804,1.505503053479514,70.66762361432191,1.0
Llama2-7B,8,4,2,32,32,3584,0.002663,0.0038090618387858,0.001536,0.0080080618387858,0.002663,0.4089209788411458,9781.841008342804,1.50680042146134,70.72852147302572,1.0
Llama2-7B,8,4,2,32,32,3712,0.002663,0.0038090618387858,0.001536,0.0080080618387858,0.002663,0.4089209788411458,9781.841008342804,1.5080977894431662,70.78941933172955,1.0
Llama2-7B,8,4,2,32,32,3840,0.002663,0.0038090618387858,0.001536,0.0080080618387858,0.002663,0.4089209788411458,9781.841008342804,1.5093951574249922,70.85031719043336,1.0
Llama2-7B,8,4,2,32,32,3968,0.002663,0.0038090618387858,0.001536,0.0080080618387858,0.002663,0.4089209788411458,9781.841008342804,1.5106925254068182,70.91121504913718,1.0
Llama2-7B,8,4,2,32,32,4096,0.002663,0.0038090618387858,0.001536,0.0080080618387858,0.002663,0.4089209788411458,9781.841008342804,1.5119898933886442,70.972112907841,1.0
Llama2-7B,8,8,1,32,32,128,0.002663,0.0032527518208821,0.001536,0.0074517518208821,0.002663,0.3911190582682292,20454.129838167093,0.7358857429760184,69.08427928802276,1.0
Llama2-7B,8,8,1,32,32,256,0.002663,0.0032527518208821,0.001536,0.0074517518208821,0.002663,0.3911190582682292,20454.129838167093,0.7365344269669314,69.14517714672658,1.0
Llama2-7B,8,8,1,32,32,384,0.002663,0.0032527518208821,0.001536,0.0074517518208821,0.002663,0.3911190582682292,20454.129838167093,0.7371831109578445,69.20607500543038,1.0
Llama2-7B,8,8,1,32,32,512,0.002663,0.0032527518208821,0.001536,0.0074517518208821,0.002663,0.3911190582682292,20454.129838167093,0.7378317949487575,69.2669728641342,1.0
Llama2-7B,8,8,1,32,32,640,0.002663,0.0032527518208821,0.001536,0.0074517518208821,0.002663,0.3911190582682292,20454.129838167093,0.7384804789396705,69.32787072283801,1.0
Llama2-7B,8,8,1,32,32,768,0.002663,0.0032527518208821,0.001536,0.0074517518208821,0.002663,0.3911190582682292,20454.129838167093,0.7391291629305835,69.38876858154183,1.0
Llama2-7B,8,8,1,32,32,896,0.002663,0.0032527518208821,0.001536,0.0074517518208821,0.002663,0.3911190582682292,20454.129838167093,0.7397778469214965,69.44966644024564,1.0
Llama2-7B,8,8,1,32,32,1024,0.002663,0.0032527518208821,0.001536,0.0074517518208821,0.002663,0.3911190582682292,20454.129838167093,0.7404265309124095,69.51056429894946,1.0
Llama2-7B,8,8,1,32,32,1152,0.002663,0.0032527518208821,0.001536,0.0074517518208821,0.002663,0.3911190582682292,20454.129838167093,0.7410752149033227,69.57146215765327,1.0
Llama2-7B,8,8,1,32,32,1280,0.002663,0.0032527518208821,0.001536,0.0074517518208821,0.002663,0.3911190582682292,20454.129838167093,0.7417238988942357,69.63236001635708,1.0
Llama2-7B,8,8,1,32,32,1408,0.002663,0.0032527518208821,0.001536,0.0074517518208821,0.002663,0.3911190582682292,20454.129838167093,0.7423725828851486,69.69325787506088,1.0
Llama2-7B,8,8,1,32,32,1536,0.002663,0.0032527518208821,0.001536,0.0074517518208821,0.002663,0.3911190582682292,20454.129838167093,0.7430212668760616,69.75415573376469,1.0
Llama2-7B,8,8,1,32,32,1664,0.002663,0.0032527518208821,0.001536,0.0074517518208821,0.002663,0.3911190582682292,20454.129838167093,0.7436699508669746,69.81505359246852,1.0
Llama2-7B,8,8,1,32,32,1792,0.002663,0.0032527518208821,0.001536,0.0074517518208821,0.002663,0.3911190582682292,20454.129838167093,0.7443186348578877,69.87595145117233,1.0
Llama2-7B,8,8,1,32,32,1920,0.002663,0.0032527518208821,0.001536,0.0074517518208821,0.002663,0.3911190582682292,20454.129838167093,0.7449673188488007,69.93684930987615,1.0
Llama2-7B,8,8,1,32,32,2048,0.002663,0.0032527518208821,0.001536,0.0074517518208821,0.002663,0.3911190582682292,20454.129838167093,0.7456160028397137,69.99774716857996,1.0
Llama2-7B,8,8,1,32,32,2176,0.002663,0.0032527518208821,0.001536,0.0074517518208821,0.002663,0.3911190582682292,20454.129838167093,0.7462646868306267,70.05864502728379,1.0
Llama2-7B,8,8,1,32,32,2304,0.002663,0.0032527518208821,0.001536,0.0074517518208821,0.002663,0.3911190582682292,20454.129838167093,0.7469133708215399,70.1195428859876,1.0
Llama2-7B,8,8,1,32,32,2432,0.002663,0.0032527518208821,0.001536,0.0074517518208821,0.002663,0.3911190582682292,20454.129838167093,0.7475620548124527,70.1804407446914,1.0
Llama2-7B,8,8,1,32,32,2560,0.002663,0.0032527518208821,0.001536,0.0074517518208821,0.002663,0.3911190582682292,20454.129838167093,0.7482107388033659,70.24133860339522,1.0
Llama2-7B,8,8,1,32,32,2688,0.002663,0.0032527518208821,0.001536,0.0074517518208821,0.002663,0.3911190582682292,20454.129838167093,0.748859422794279,70.30223646209903,1.0
Llama2-7B,8,8,1,32,32,2816,0.002663,0.0032527518208821,0.001536,0.0074517518208821,0.002663,0.3911190582682292,20454.129838167093,0.749508106785192,70.36313432080284,1.0
Llama2-7B,8,8,1,32,32,2944,0.002663,0.0032527518208821,0.001536,0.0074517518208821,0.002663,0.3911190582682292,20454.129838167093,0.7501567907761049,70.42403217950665,1.0
Llama2-7B,8,8,1,32,32,3072,0.002663,0.0032527518208821,0.001536,0.0074517518208821,0.002663,0.3911190582682292,20454.129838167093,0.750805474767018,70.48493003821048,1.0
Llama2-7B,8,8,1,32,32,3200,0.002663,0.0032527518208821,0.001536,0.0074517518208821,0.002663,0.3911190582682292,20454.129838167093,0.751454158757931,70.54582789691429,1.0
Llama2-7B,8,8,1,32,32,3328,0.002663,0.0032527518208821,0.001536,0.0074517518208821,0.002663,0.3911190582682292,20454.129838167093,0.7521028427488441,70.60672575561811,1.0
Llama2-7B,8,8,1,32,32,3456,0.002663,0.0032527518208821,0.001536,0.0074517518208821,0.002663,0.3911190582682292,20454.129838167093,0.752751526739757,70.66762361432191,1.0
Llama2-7B,8,8,1,32,32,3584,0.002663,0.0032527518208821,0.001536,0.0074517518208821,0.002663,0.3911190582682292,20454.129838167093,0.75340021073067,70.72852147302572,1.0
Llama2-7B,8,8,1,32,32,3712,0.002663,0.0032527518208821,0.001536,0.0074517518208821,0.002663,0.3911190582682292,20454.129838167093,0.7540488947215831,70.78941933172955,1.0
Llama2-7B,8,8,1,32,32,3840,0.002663,0.0032527518208821,0.001536,0.0074517518208821,0.002663,0.3911190582682292,20454.129838167093,0.7546975787124961,70.85031719043336,1.0
Llama2-7B,8,8,1,32,32,3968,0.002663,0.0032527518208821,0.001536,0.0074517518208821,0.002663,0.3911190582682292,20454.129838167093,0.7553462627034091,70.91121504913718,1.0
Llama2-7B,8,8,1,32,32,4096,0.002663,0.0032527518208821,0.001536,0.0074517518208821,0.002663,0.3911190582682292,20454.129838167093,0.7559949466943221,70.972112907841,1.0
Llama2-7B,8,32,1,32,8,128,0.0088055,0.00032238887363,0.006144,0.0152718888736301,0.0088055,0.6475059439561632,49420.39574877853,0.4113333288619749,46.71322796683605,1.0
Llama2-7B,8,32,1,32,8,256,0.0088055,0.00032238887363,0.006144,0.0152718888736301,0.0088055,0.6475059439561632,49420.39574877853,0.4114954998597031,46.73164497867279,1.0
Llama2-7B,8,32,1,32,8,384,0.0088055,0.00032238887363,0.006144,0.0152718888736301,0.0088055,0.6475059439561632,49420.39574877853,0.4116576708574313,46.75006199050951,1.0
Llama2-7B,8,32,1,32,8,512,0.0088055,0.00032238887363,0.006144,0.0152718888736301,0.0088055,0.6475059439561632,49420.39574877853,0.4118198418551597,46.76847900234623,1.0
Llama2-7B,8,32,1,32,8,640,0.0088055,0.00032238887363,0.006144,0.0152718888736301,0.0088055,0.6475059439561632,49420.39574877853,0.4119820128528879,46.78689601418295,1.0
Llama2-7B,8,32,1,32,8,768,0.0088055,0.00032238887363,0.006144,0.0152718888736301,0.0088055,0.6475059439561632,49420.39574877853,0.4121441838506161,46.80531302601968,1.0
Llama2-7B,8,32,1,32,8,896,0.0088055,0.00032238887363,0.006144,0.0152718888736301,0.0088055,0.6475059439561632,49420.39574877853,0.4123063548483444,46.82373003785639,1.0
Llama2-7B,8,32,1,32,8,1024,0.0088055,0.00032238887363,0.006144,0.0152718888736301,0.0088055,0.6475059439561632,49420.39574877853,0.4124685258460726,46.84214704969312,1.0
Llama2-7B,8,32,1,32,8,1152,0.0088055,0.00032238887363,0.006144,0.0152718888736301,0.0088055,0.6475059439561632,49420.39574877853,0.4126306968438009,46.86056406152984,1.0
Llama2-7B,8,32,1,32,8,1280,0.0088055,0.00032238887363,0.006144,0.0152718888736301,0.0088055,0.6475059439561632,49420.39574877853,0.4127928678415291,46.87898107336656,1.0
Llama2-7B,8,32,1,32,8,1408,0.0088055,0.00032238887363,0.006144,0.0152718888736301,0.0088055,0.6475059439561632,49420.39574877853,0.4129550388392574,46.89739808520328,1.0
Llama2-7B,8,32,1,32,8,1536,0.0088055,0.00032238887363,0.006144,0.0152718888736301,0.0088055,0.6475059439561632,49420.39574877853,0.4131172098369857,46.91581509704001,1.0
Llama2-7B,8,32,1,32,8,1664,0.0088055,0.00032238887363,0.006144,0.0152718888736301,0.0088055,0.6475059439561632,49420.39574877853,0.413279380834714,46.93423210887673,1.0
Llama2-7B,8,32,1,32,8,1792,0.0088055,0.00032238887363,0.006144,0.0152718888736301,0.0088055,0.6475059439561632,49420.39574877853,0.4134415518324422,46.95264912071345,1.0
Llama2-7B,8,32,1,32,8,1920,0.0088055,0.00032238887363,0.006144,0.0152718888736301,0.0088055,0.6475059439561632,49420.39574877853,0.4136037228301704,46.97106613255018,1.0
Llama2-7B,8,32,1,32,8,2048,0.0088055,0.00032238887363,0.006144,0.0152718888736301,0.0088055,0.6475059439561632,49420.39574877853,0.4137658938278987,46.989483144386895,1.0
Llama2-7B,8,32,1,32,8,2176,0.0088055,0.00032238887363,0.006144,0.0152718888736301,0.0088055,0.6475059439561632,49420.39574877853,0.4139280648256269,47.00790015622362,1.0
Llama2-7B,8,32,1,32,8,2304,0.0088055,0.00032238887363,0.006144,0.0152718888736301,0.0088055,0.6475059439561632,49420.39574877853,0.4140902358233552,47.02631716806034,1.0
Llama2-7B,8,32,1,32,8,2432,0.0088055,0.00032238887363,0.006144,0.0152718888736301,0.0088055,0.6475059439561632,49420.39574877853,0.4142524068210834,47.04473417989706,1.0
Llama2-7B,8,32,1,32,8,2560,0.0088055,0.00032238887363,0.006144,0.0152718888736301,0.0088055,0.6475059439561632,49420.39574877853,0.4144145778188117,47.06315119173378,1.0
Llama2-7B,8,32,1,32,8,2688,0.0088055,0.00032238887363,0.006144,0.0152718888736301,0.0088055,0.6475059439561632,49420.39574877853,0.41457674881654,47.0815682035705,1.0
Llama2-7B,8,32,1,32,8,2816,0.0088055,0.00032238887363,0.006144,0.0152718888736301,0.0088055,0.6475059439561632,49420.39574877853,0.4147389198142682,47.09998521540722,1.0
Llama2-7B,8,32,1,32,8,2944,0.0088055,0.00032238887363,0.006144,0.0152718888736301,0.0088055,0.6475059439561632,49420.39574877853,0.4149010908119965,47.11840222724395,1.0
Llama2-7B,8,32,1,32,8,3072,0.0088055,0.00032238887363,0.006144,0.0152718888736301,0.0088055,0.6475059439561632,49420.39574877853,0.4150632618097247,47.13681923908067,1.0
Llama2-7B,8,32,1,32,8,3200,0.0088055,0.00032238887363,0.006144,0.0152718888736301,0.0088055,0.6475059439561632,49420.39574877853,0.4152254328074529,47.15523625091739,1.0
Llama2-7B,8,32,1,32,8,3328,0.0088055,0.00032238887363,0.006144,0.0152718888736301,0.0088055,0.6475059439561632,49420.39574877853,0.4153876038051813,47.17365326275412,1.0
Llama2-7B,8,32,1,32,8,3456,0.0088055,0.00032238887363,0.006144,0.0152718888736301,0.0088055,0.6475059439561632,49420.39574877853,0.4155497748029095,47.19207027459084,1.0
Llama2-7B,8,32,1,32,8,3584,0.0088055,0.00032238887363,0.006144,0.0152718888736301,0.0088055,0.6475059439561632,49420.39574877853,0.4157119458006378,47.21048728642756,1.0
Llama2-7B,8,32,1,32,8,3712,0.0088055,0.00032238887363,0.006144,0.0152718888736301,0.0088055,0.6475059439561632,49420.39574877853,0.415874116798366,47.22890429826428,1.0
Llama2-7B,8,32,1,32,8,3840,0.0088055,0.00032238887363,0.006144,0.0152718888736301,0.0088055,0.6475059439561632,49420.39574877853,0.4160362877960942,47.24732131010099,1.0
Llama2-7B,8,32,1,32,8,3968,0.0088055,0.00032238887363,0.006144,0.0152718888736301,0.0088055,0.6475059439561632,49420.39574877853,0.4161984587938225,47.265738321937725,1.0
Llama2-7B,8,32,1,32,8,4096,0.0088055,0.00032238887363,0.006144,0.0152718888736301,0.0088055,0.6475059439561632,49420.39574877853,0.4163606297915507,47.28415533377444,1.0
Llama2-7B,20,1,20,32,32,128,0.002663,0.0083673980058942,0.001536,0.0125663980058942,0.002663,0.5547877361886161,1802.491177743016,14.717714859520369,172.71069822005694,1.0
Llama2-7B,20,1,20,32,32,256,0.002663,0.0083673980058942,0.001536,0.0125663980058942,0.002663,0.5547877361886161,1802.491177743016,14.73068853933863,172.86294286681644,1.0
Llama2-7B,20,1,20,32,32,384,0.002663,0.0083673980058942,0.001536,0.0125663980058942,0.002663,0.5547877361886161,1802.491177743016,14.743662219156889,173.01518751357597,1.0
Llama2-7B,20,1,20,32,32,512,0.002663,0.0083673980058942,0.001536,0.0125663980058942,0.002663,0.5547877361886161,1802.491177743016,14.75663589897515,173.16743216033555,1.0
Llama2-7B,20,1,20,32,32,640,0.002663,0.0083673980058942,0.001536,0.0125663980058942,0.002663,0.5547877361886161,1802.491177743016,14.769609578793409,173.31967680709505,1.0
Llama2-7B,20,1,20,32,32,768,0.002663,0.0083673980058942,0.001536,0.0125663980058942,0.002663,0.5547877361886161,1802.491177743016,14.782583258611671,173.4719214538546,1.0
Llama2-7B,20,1,20,32,32,896,0.002663,0.0083673980058942,0.001536,0.0125663980058942,0.002663,0.5547877361886161,1802.491177743016,14.79555693842993,173.6241661006141,1.0
Llama2-7B,20,1,20,32,32,1024,0.002663,0.0083673980058942,0.001536,0.0125663980058942,0.002663,0.5547877361886161,1802.491177743016,14.808530618248192,173.77641074737363,1.0
Llama2-7B,20,1,20,32,32,1152,0.002663,0.0083673980058942,0.001536,0.0125663980058942,0.002663,0.5547877361886161,1802.491177743016,14.821504298066452,173.92865539413322,1.0
Llama2-7B,20,1,20,32,32,1280,0.002663,0.0083673980058942,0.001536,0.0125663980058942,0.002663,0.5547877361886161,1802.491177743016,14.834477977884712,174.08090004089271,1.0
Llama2-7B,20,1,20,32,32,1408,0.002663,0.0083673980058942,0.001536,0.0125663980058942,0.002663,0.5547877361886161,1802.491177743016,14.847451657702974,174.23314468765227,1.0
Llama2-7B,20,1,20,32,32,1536,0.002663,0.0083673980058942,0.001536,0.0125663980058942,0.002663,0.5547877361886161,1802.491177743016,14.860425337521232,174.3853893344118,1.0
Llama2-7B,20,1,20,32,32,1664,0.002663,0.0083673980058942,0.001536,0.0125663980058942,0.002663,0.5547877361886161,1802.491177743016,14.873399017339494,174.53763398117133,1.0
Llama2-7B,20,1,20,32,32,1792,0.002663,0.0083673980058942,0.001536,0.0125663980058942,0.002663,0.5547877361886161,1802.491177743016,14.886372697157752,174.68987862793088,1.0
Llama2-7B,20,1,20,32,32,1920,0.002663,0.0083673980058942,0.001536,0.0125663980058942,0.002663,0.5547877361886161,1802.491177743016,14.899346376976014,174.8421232746904,1.0
Llama2-7B,20,1,20,32,32,2048,0.002663,0.0083673980058942,0.001536,0.0125663980058942,0.002663,0.5547877361886161,1802.491177743016,14.912320056794275,174.99436792144994,1.0
Llama2-7B,20,1,20,32,32,2176,0.002663,0.0083673980058942,0.001536,0.0125663980058942,0.002663,0.5547877361886161,1802.491177743016,14.925293736612534,175.14661256820946,1.0
Llama2-7B,20,1,20,32,32,2304,0.002663,0.0083673980058942,0.001536,0.0125663980058942,0.002663,0.5547877361886161,1802.491177743016,14.938267416430795,175.29885721496902,1.0
Llama2-7B,20,1,20,32,32,2432,0.002663,0.0083673980058942,0.001536,0.0125663980058942,0.002663,0.5547877361886161,1802.491177743016,14.951241096249056,175.45110186172855,1.0
Llama2-7B,20,1,20,32,32,2560,0.002663,0.0083673980058942,0.001536,0.0125663980058942,0.002663,0.5547877361886161,1802.491177743016,14.964214776067315,175.60334650848807,1.0
Llama2-7B,20,1,20,32,32,2688,0.002663,0.0083673980058942,0.001536,0.0125663980058942,0.002663,0.5547877361886161,1802.491177743016,14.977188455885576,175.7555911552476,1.0
Llama2-7B,20,1,20,32,32,2816,0.002663,0.0083673980058942,0.001536,0.0125663980058942,0.002663,0.5547877361886161,1802.491177743016,14.99016213570384,175.90783580200713,1.0
Llama2-7B,20,1,20,32,32,2944,0.002663,0.0083673980058942,0.001536,0.0125663980058942,0.002663,0.5547877361886161,1802.491177743016,15.0031358155221,176.06008044876668,1.0
Llama2-7B,20,1,20,32,32,3072,0.002663,0.0083673980058942,0.001536,0.0125663980058942,0.002663,0.5547877361886161,1802.491177743016,15.01610949534036,176.2123250955262,1.0
Llama2-7B,20,1,20,32,32,3200,0.002663,0.0083673980058942,0.001536,0.0125663980058942,0.002663,0.5547877361886161,1802.491177743016,15.02908317515862,176.36456974228574,1.0
Llama2-7B,20,1,20,32,32,3328,0.002663,0.0083673980058942,0.001536,0.0125663980058942,0.002663,0.5547877361886161,1802.491177743016,15.04205685497688,176.5168143890453,1.0
Llama2-7B,20,1,20,32,32,3456,0.002663,0.0083673980058942,0.001536,0.0125663980058942,0.002663,0.5547877361886161,1802.491177743016,15.055030534795142,176.6690590358048,1.0
Llama2-7B,20,1,20,32,32,3584,0.002663,0.0083673980058942,0.001536,0.0125663980058942,0.002663,0.5547877361886161,1802.491177743016,15.0680042146134,176.82130368256435,1.0
Llama2-7B,20,1,20,32,32,3712,0.002663,0.0083673980058942,0.001536,0.0125663980058942,0.002663,0.5547877361886161,1802.491177743016,15.080977894431662,176.9735483293239,1.0
Llama2-7B,20,1,20,32,32,3840,0.002663,0.0083673980058942,0.001536,0.0125663980058942,0.002663,0.5547877361886161,1802.491177743016,15.093951574249925,177.1257929760834,1.0
Llama2-7B,20,1,20,32,32,3968,0.002663,0.0083673980058942,0.001536,0.0125663980058942,0.002663,0.5547877361886161,1802.491177743016,15.106925254068184,177.27803762284296,1.0
Llama2-7B,20,1,20,32,32,4096,0.002663,0.0083673980058942,0.001536,0.0125663980058942,0.002663,0.5547877361886161,1802.491177743016,15.119898933886445,177.4302822696025,1.0
Llama2-7B,20,2,10,32,32,128,0.002663,0.0078054113551548,0.001536,0.0120044113551548,0.002663,0.5368041633649554,3725.75351775032,7.358857429760183,172.71069822005694,1.0
Llama2-7B,20,2,10,32,32,256,0.002663,0.0078054113551548,0.001536,0.0120044113551548,0.002663,0.5368041633649554,3725.75351775032,7.365344269669315,172.86294286681644,1.0
Llama2-7B,20,2,10,32,32,384,0.002663,0.0078054113551548,0.001536,0.0120044113551548,0.002663,0.5368041633649554,3725.75351775032,7.371831109578444,173.01518751357597,1.0
Llama2-7B,20,2,10,32,32,512,0.002663,0.0078054113551548,0.001536,0.0120044113551548,0.002663,0.5368041633649554,3725.75351775032,7.378317949487575,173.16743216033555,1.0
Llama2-7B,20,2,10,32,32,640,0.002663,0.0078054113551548,0.001536,0.0120044113551548,0.002663,0.5368041633649554,3725.75351775032,7.384804789396704,173.31967680709505,1.0
Llama2-7B,20,2,10,32,32,768,0.002663,0.0078054113551548,0.001536,0.0120044113551548,0.002663,0.5368041633649554,3725.75351775032,7.391291629305836,173.4719214538546,1.0
Llama2-7B,20,2,10,32,32,896,0.002663,0.0078054113551548,0.001536,0.0120044113551548,0.002663,0.5368041633649554,3725.75351775032,7.397778469214965,173.6241661006141,1.0
Llama2-7B,20,2,10,32,32,1024,0.002663,0.0078054113551548,0.001536,0.0120044113551548,0.002663,0.5368041633649554,3725.75351775032,7.404265309124096,173.77641074737363,1.0
Llama2-7B,20,2,10,32,32,1152,0.002663,0.0078054113551548,0.001536,0.0120044113551548,0.002663,0.5368041633649554,3725.75351775032,7.410752149033225,173.92865539413322,1.0
Llama2-7B,20,2,10,32,32,1280,0.002663,0.0078054113551548,0.001536,0.0120044113551548,0.002663,0.5368041633649554,3725.75351775032,7.417238988942356,174.08090004089271,1.0
Llama2-7B,20,2,10,32,32,1408,0.002663,0.0078054113551548,0.001536,0.0120044113551548,0.002663,0.5368041633649554,3725.75351775032,7.423725828851487,174.23314468765227,1.0
Llama2-7B,20,2,10,32,32,1536,0.002663,0.0078054113551548,0.001536,0.0120044113551548,0.002663,0.5368041633649554,3725.75351775032,7.430212668760617,174.3853893344118,1.0
Llama2-7B,20,2,10,32,32,1664,0.002663,0.0078054113551548,0.001536,0.0120044113551548,0.002663,0.5368041633649554,3725.75351775032,7.436699508669747,174.53763398117133,1.0
Llama2-7B,20,2,10,32,32,1792,0.002663,0.0078054113551548,0.001536,0.0120044113551548,0.002663,0.5368041633649554,3725.75351775032,7.443186348578877,174.68987862793088,1.0
Llama2-7B,20,2,10,32,32,1920,0.002663,0.0078054113551548,0.001536,0.0120044113551548,0.002663,0.5368041633649554,3725.75351775032,7.449673188488007,174.8421232746904,1.0
Llama2-7B,20,2,10,32,32,2048,0.002663,0.0078054113551548,0.001536,0.0120044113551548,0.002663,0.5368041633649554,3725.75351775032,7.456160028397138,174.99436792144994,1.0
Llama2-7B,20,2,10,32,32,2176,0.002663,0.0078054113551548,0.001536,0.0120044113551548,0.002663,0.5368041633649554,3725.75351775032,7.462646868306267,175.14661256820946,1.0
Llama2-7B,20,2,10,32,32,2304,0.002663,0.0078054113551548,0.001536,0.0120044113551548,0.002663,0.5368041633649554,3725.75351775032,7.469133708215398,175.29885721496902,1.0
Llama2-7B,20,2,10,32,32,2432,0.002663,0.0078054113551548,0.001536,0.0120044113551548,0.002663,0.5368041633649554,3725.75351775032,7.475620548124527,175.45110186172855,1.0
Llama2-7B,20,2,10,32,32,2560,0.002663,0.0078054113551548,0.001536,0.0120044113551548,0.002663,0.5368041633649554,3725.75351775032,7.482107388033658,175.60334650848807,1.0
Llama2-7B,20,2,10,32,32,2688,0.002663,0.0078054113551548,0.001536,0.0120044113551548,0.002663,0.5368041633649554,3725.75351775032,7.488594227942788,175.7555911552476,1.0
Llama2-7B,20,2,10,32,32,2816,0.002663,0.0078054113551548,0.001536,0.0120044113551548,0.002663,0.5368041633649554,3725.75351775032,7.495081067851919,175.90783580200713,1.0
Llama2-7B,20,2,10,32,32,2944,0.002663,0.0078054113551548,0.001536,0.0120044113551548,0.002663,0.5368041633649554,3725.75351775032,7.50156790776105,176.06008044876668,1.0
Llama2-7B,20,2,10,32,32,3072,0.002663,0.0078054113551548,0.001536,0.0120044113551548,0.002663,0.5368041633649554,3725.75351775032,7.50805474767018,176.2123250955262,1.0
Llama2-7B,20,2,10,32,32,3200,0.002663,0.0078054113551548,0.001536,0.0120044113551548,0.002663,0.5368041633649554,3725.75351775032,7.51454158757931,176.36456974228574,1.0
Llama2-7B,20,2,10,32,32,3328,0.002663,0.0078054113551548,0.001536,0.0120044113551548,0.002663,0.5368041633649554,3725.75351775032,7.52102842748844,176.5168143890453,1.0
Llama2-7B,20,2,10,32,32,3456,0.002663,0.0078054113551548,0.001536,0.0120044113551548,0.002663,0.5368041633649554,3725.75351775032,7.527515267397571,176.6690590358048,1.0
Llama2-7B,20,2,10,32,32,3584,0.002663,0.0078054113551548,0.001536,0.0120044113551548,0.002663,0.5368041633649554,3725.75351775032,7.5340021073067005,176.82130368256435,1.0
Llama2-7B,20,2,10,32,32,3712,0.002663,0.0078054113551548,0.001536,0.0120044113551548,0.002663,0.5368041633649554,3725.75351775032,7.540488947215831,176.9735483293239,1.0
Llama2-7B,20,2,10,32,32,3840,0.002663,0.0078054113551548,0.001536,0.0120044113551548,0.002663,0.5368041633649554,3725.75351775032,7.546975787124961,177.1257929760834,1.0
Llama2-7B,20,2,10,32,32,3968,0.002663,0.0078054113551548,0.001536,0.0120044113551548,0.002663,0.5368041633649554,3725.75351775032,7.553462627034092,177.27803762284296,1.0
Llama2-7B,20,2,10,32,32,4096,0.002663,0.0078054113551548,0.001536,0.0120044113551548,0.002663,0.5368041633649554,3725.75351775032,7.559949466943221,177.4302822696025,1.0
Llama2-7B,20,4,5,32,32,128,0.002663,0.0072859994506835,0.001536,0.0114849994506835,0.002663,0.520182982421875,7689.601803920508,3.679428714880092,172.71069822005694,1.0
Llama2-7B,20,4,5,32,32,256,0.002663,0.0072859994506835,0.001536,0.0114849994506835,0.002663,0.520182982421875,7689.601803920508,3.6826721348346574,172.86294286681644,1.0
Llama2-7B,20,4,5,32,32,384,0.002663,0.0072859994506835,0.001536,0.0114849994506835,0.002663,0.520182982421875,7689.601803920508,3.685915554789222,173.01518751357597,1.0
Llama2-7B,20,4,5,32,32,512,0.002663,0.0072859994506835,0.001536,0.0114849994506835,0.002663,0.520182982421875,7689.601803920508,3.6891589747437874,173.16743216033555,1.0
Llama2-7B,20,4,5,32,32,640,0.002663,0.0072859994506835,0.001536,0.0114849994506835,0.002663,0.520182982421875,7689.601803920508,3.692402394698352,173.31967680709505,1.0
Llama2-7B,20,4,5,32,32,768,0.002663,0.0072859994506835,0.001536,0.0114849994506835,0.002663,0.520182982421875,7689.601803920508,3.695645814652918,173.4719214538546,1.0
Llama2-7B,20,4,5,32,32,896,0.002663,0.0072859994506835,0.001536,0.0114849994506835,0.002663,0.520182982421875,7689.601803920508,3.698889234607482,173.6241661006141,1.0
Llama2-7B,20,4,5,32,32,1024,0.002663,0.0072859994506835,0.001536,0.0114849994506835,0.002663,0.520182982421875,7689.601803920508,3.702132654562048,173.77641074737363,1.0
Llama2-7B,20,4,5,32,32,1152,0.002663,0.0072859994506835,0.001536,0.0114849994506835,0.002663,0.520182982421875,7689.601803920508,3.705376074516613,173.92865539413322,1.0
Llama2-7B,20,4,5,32,32,1280,0.002663,0.0072859994506835,0.001536,0.0114849994506835,0.002663,0.520182982421875,7689.601803920508,3.708619494471178,174.08090004089271,1.0
Llama2-7B,20,4,5,32,32,1408,0.002663,0.0072859994506835,0.001536,0.0114849994506835,0.002663,0.520182982421875,7689.601803920508,3.711862914425744,174.23314468765227,1.0
Llama2-7B,20,4,5,32,32,1536,0.002663,0.0072859994506835,0.001536,0.0114849994506835,0.002663,0.520182982421875,7689.601803920508,3.715106334380309,174.3853893344118,1.0
Llama2-7B,20,4,5,32,32,1664,0.002663,0.0072859994506835,0.001536,0.0114849994506835,0.002663,0.520182982421875,7689.601803920508,3.7183497543348736,174.53763398117133,1.0
Llama2-7B,20,4,5,32,32,1792,0.002663,0.0072859994506835,0.001536,0.0114849994506835,0.002663,0.520182982421875,7689.601803920508,3.7215931742894384,174.68987862793088,1.0
Llama2-7B,20,4,5,32,32,1920,0.002663,0.0072859994506835,0.001536,0.0114849994506835,0.002663,0.520182982421875,7689.601803920508,3.724836594244004,174.8421232746904,1.0
Llama2-7B,20,4,5,32,32,2048,0.002663,0.0072859994506835,0.001536,0.0114849994506835,0.002663,0.520182982421875,7689.601803920508,3.728080014198569,174.99436792144994,1.0
Llama2-7B,20,4,5,32,32,2176,0.002663,0.0072859994506835,0.001536,0.0114849994506835,0.002663,0.520182982421875,7689.601803920508,3.7313234341531336,175.14661256820946,1.0
Llama2-7B,20,4,5,32,32,2304,0.002663,0.0072859994506835,0.001536,0.0114849994506835,0.002663,0.520182982421875,7689.601803920508,3.734566854107699,175.29885721496902,1.0
Llama2-7B,20,4,5,32,32,2432,0.002663,0.0072859994506835,0.001536,0.0114849994506835,0.002663,0.520182982421875,7689.601803920508,3.737810274062264,175.45110186172855,1.0
Llama2-7B,20,4,5,32,32,2560,0.002663,0.0072859994506835,0.001536,0.0114849994506835,0.002663,0.520182982421875,7689.601803920508,3.741053694016829,175.60334650848807,1.0
Llama2-7B,20,4,5,32,32,2688,0.002663,0.0072859994506835,0.001536,0.0114849994506835,0.002663,0.520182982421875,7689.601803920508,3.744297113971394,175.7555911552476,1.0
Llama2-7B,20,4,5,32,32,2816,0.002663,0.0072859994506835,0.001536,0.0114849994506835,0.002663,0.520182982421875,7689.601803920508,3.74754053392596,175.90783580200713,1.0
Llama2-7B,20,4,5,32,32,2944,0.002663,0.0072859994506835,0.001536,0.0114849994506835,0.002663,0.520182982421875,7689.601803920508,3.750783953880525,176.06008044876668,1.0
Llama2-7B,20,4,5,32,32,3072,0.002663,0.0072859994506835,0.001536,0.0114849994506835,0.002663,0.520182982421875,7689.601803920508,3.75402737383509,176.2123250955262,1.0
Llama2-7B,20,4,5,32,32,3200,0.002663,0.0072859994506835,0.001536,0.0114849994506835,0.002663,0.520182982421875,7689.601803920508,3.757270793789655,176.36456974228574,1.0
Llama2-7B,20,4,5,32,32,3328,0.002663,0.0072859994506835,0.001536,0.0114849994506835,0.002663,0.520182982421875,7689.601803920508,3.76051421374422,176.5168143890453,1.0
Llama2-7B,20,4,5,32,32,3456,0.002663,0.0072859994506835,0.001536,0.0114849994506835,0.002663,0.520182982421875,7689.601803920508,3.7637576336987855,176.6690590358048,1.0
Llama2-7B,20,4,5,32,32,3584,0.002663,0.0072859994506835,0.001536,0.0114849994506835,0.002663,0.520182982421875,7689.601803920508,3.7670010536533503,176.82130368256435,1.0
Llama2-7B,20,4,5,32,32,3712,0.002663,0.0072859994506835,0.001536,0.0114849994506835,0.002663,0.520182982421875,7689.601803920508,3.770244473607916,176.9735483293239,1.0
Llama2-7B,20,4,5,32,32,3840,0.002663,0.0072859994506835,0.001536,0.0114849994506835,0.002663,0.520182982421875,7689.601803920508,3.7734878935624807,177.1257929760834,1.0
Llama2-7B,20,4,5,32,32,3968,0.002663,0.0072859994506835,0.001536,0.0114849994506835,0.002663,0.520182982421875,7689.601803920508,3.776731313517046,177.27803762284296,1.0
Llama2-7B,20,4,5,32,32,4096,0.002663,0.0072859994506835,0.001536,0.0114849994506835,0.002663,0.520182982421875,7689.601803920508,3.7799747334716094,177.4302822696025,1.0
Llama2-7B,20,5,4,32,32,128,0.002663,0.007115700465611,0.001536,0.011314700465611,0.002663,0.5147334148995536,9713.766107404768,2.943542971904073,172.71069822005694,1.0
Llama2-7B,20,5,4,32,32,256,0.002663,0.007115700465611,0.001536,0.011314700465611,0.002663,0.5147334148995536,9713.766107404768,2.9461377078677256,172.86294286681644,1.0
Llama2-7B,20,5,4,32,32,384,0.002663,0.007115700465611,0.001536,0.011314700465611,0.002663,0.5147334148995536,9713.766107404768,2.948732443831378,173.01518751357597,1.0
Llama2-7B,20,5,4,32,32,512,0.002663,0.007115700465611,0.001536,0.011314700465611,0.002663,0.5147334148995536,9713.766107404768,2.95132717979503,173.16743216033555,1.0
Llama2-7B,20,5,4,32,32,640,0.002663,0.007115700465611,0.001536,0.011314700465611,0.002663,0.5147334148995536,9713.766107404768,2.953921915758682,173.31967680709505,1.0
Llama2-7B,20,5,4,32,32,768,0.002663,0.007115700465611,0.001536,0.011314700465611,0.002663,0.5147334148995536,9713.766107404768,2.956516651722334,173.4719214538546,1.0
Llama2-7B,20,5,4,32,32,896,0.002663,0.007115700465611,0.001536,0.011314700465611,0.002663,0.5147334148995536,9713.766107404768,2.959111387685986,173.6241661006141,1.0
Llama2-7B,20,5,4,32,32,1024,0.002663,0.007115700465611,0.001536,0.011314700465611,0.002663,0.5147334148995536,9713.766107404768,2.961706123649638,173.77641074737363,1.0
Llama2-7B,20,5,4,32,32,1152,0.002663,0.007115700465611,0.001536,0.011314700465611,0.002663,0.5147334148995536,9713.766107404768,2.964300859613291,173.92865539413322,1.0
Llama2-7B,20,5,4,32,32,1280,0.002663,0.007115700465611,0.001536,0.011314700465611,0.002663,0.5147334148995536,9713.766107404768,2.966895595576943,174.08090004089271,1.0
Llama2-7B,20,5,4,32,32,1408,0.002663,0.007115700465611,0.001536,0.011314700465611,0.002663,0.5147334148995536,9713.766107404768,2.9694903315405945,174.23314468765227,1.0
Llama2-7B,20,5,4,32,32,1536,0.002663,0.007115700465611,0.001536,0.011314700465611,0.002663,0.5147334148995536,9713.766107404768,2.9720850675042465,174.3853893344118,1.0
Llama2-7B,20,5,4,32,32,1664,0.002663,0.007115700465611,0.001536,0.011314700465611,0.002663,0.5147334148995536,9713.766107404768,2.9746798034678985,174.53763398117133,1.0
Llama2-7B,20,5,4,32,32,1792,0.002663,0.007115700465611,0.001536,0.011314700465611,0.002663,0.5147334148995536,9713.766107404768,2.977274539431551,174.68987862793088,1.0
Llama2-7B,20,5,4,32,32,1920,0.002663,0.007115700465611,0.001536,0.011314700465611,0.002663,0.5147334148995536,9713.766107404768,2.979869275395203,174.8421232746904,1.0
Llama2-7B,20,5,4,32,32,2048,0.002663,0.007115700465611,0.001536,0.011314700465611,0.002663,0.5147334148995536,9713.766107404768,2.982464011358855,174.99436792144994,1.0
Llama2-7B,20,5,4,32,32,2176,0.002663,0.007115700465611,0.001536,0.011314700465611,0.002663,0.5147334148995536,9713.766107404768,2.985058747322507,175.14661256820946,1.0
Llama2-7B,20,5,4,32,32,2304,0.002663,0.007115700465611,0.001536,0.011314700465611,0.002663,0.5147334148995536,9713.766107404768,2.9876534832861594,175.29885721496902,1.0
Llama2-7B,20,5,4,32,32,2432,0.002663,0.007115700465611,0.001536,0.011314700465611,0.002663,0.5147334148995536,9713.766107404768,2.990248219249811,175.45110186172855,1.0
Llama2-7B,20,5,4,32,32,2560,0.002663,0.007115700465611,0.001536,0.011314700465611,0.002663,0.5147334148995536,9713.766107404768,2.9928429552134634,175.60334650848807,1.0
Llama2-7B,20,5,4,32,32,2688,0.002663,0.007115700465611,0.001536,0.011314700465611,0.002663,0.5147334148995536,9713.766107404768,2.995437691177116,175.7555911552476,1.0
Llama2-7B,20,5,4,32,32,2816,0.002663,0.007115700465611,0.001536,0.011314700465611,0.002663,0.5147334148995536,9713.766107404768,2.998032427140768,175.90783580200713,1.0
Llama2-7B,20,5,4,32,32,2944,0.002663,0.007115700465611,0.001536,0.011314700465611,0.002663,0.5147334148995536,9713.766107404768,3.0006271631044195,176.06008044876668,1.0
Llama2-7B,20,5,4,32,32,3072,0.002663,0.007115700465611,0.001536,0.011314700465611,0.002663,0.5147334148995536,9713.766107404768,3.003221899068072,176.2123250955262,1.0
Llama2-7B,20,5,4,32,32,3200,0.002663,0.007115700465611,0.001536,0.011314700465611,0.002663,0.5147334148995536,9713.766107404768,3.005816635031724,176.36456974228574,1.0
Llama2-7B,20,5,4,32,32,3328,0.002663,0.007115700465611,0.001536,0.011314700465611,0.002663,0.5147334148995536,9713.766107404768,3.0084113709953764,176.5168143890453,1.0
Llama2-7B,20,5,4,32,32,3456,0.002663,0.007115700465611,0.001536,0.011314700465611,0.002663,0.5147334148995536,9713.766107404768,3.011006106959028,176.6690590358048,1.0
Llama2-7B,20,5,4,32,32,3584,0.002663,0.007115700465611,0.001536,0.011314700465611,0.002663,0.5147334148995536,9713.766107404768,3.01360084292268,176.82130368256435,1.0
Llama2-7B,20,5,4,32,32,3712,0.002663,0.007115700465611,0.001536,0.011314700465611,0.002663,0.5147334148995536,9713.766107404768,3.0161955788863324,176.9735483293239,1.0
Llama2-7B,20,5,4,32,32,3840,0.002663,0.007115700465611,0.001536,0.011314700465611,0.002663,0.5147334148995536,9713.766107404768,3.0187903148499844,177.1257929760834,1.0
Llama2-7B,20,5,4,32,32,3968,0.002663,0.007115700465611,0.001536,0.011314700465611,0.002663,0.5147334148995536,9713.766107404768,3.0213850508136364,177.27803762284296,1.0
Llama2-7B,20,5,4,32,32,4096,0.002663,0.007115700465611,0.001536,0.011314700465611,0.002663,0.5147334148995536,9713.766107404768,3.0239797867772884,177.4302822696025,1.0
Llama2-7B,20,10,2,32,32,128,0.002663,0.0064004447283063,0.001536,0.0105994447283063,0.002663,0.4918452313058036,20331.598973626165,1.4717714859520368,172.71069822005694,1.0
Llama2-7B,20,10,2,32,32,256,0.002663,0.0064004447283063,0.001536,0.0105994447283063,0.002663,0.4918452313058036,20331.598973626165,1.4730688539338628,172.86294286681644,1.0
Llama2-7B,20,10,2,32,32,384,0.002663,0.0064004447283063,0.001536,0.0105994447283063,0.002663,0.4918452313058036,20331.598973626165,1.474366221915689,173.01518751357597,1.0
Llama2-7B,20,10,2,32,32,512,0.002663,0.0064004447283063,0.001536,0.0105994447283063,0.002663,0.4918452313058036,20331.598973626165,1.475663589897515,173.16743216033555,1.0
Llama2-7B,20,10,2,32,32,640,0.002663,0.0064004447283063,0.001536,0.0105994447283063,0.002663,0.4918452313058036,20331.598973626165,1.476960957879341,173.31967680709505,1.0
Llama2-7B,20,10,2,32,32,768,0.002663,0.0064004447283063,0.001536,0.0105994447283063,0.002663,0.4918452313058036,20331.598973626165,1.478258325861167,173.4719214538546,1.0
Llama2-7B,20,10,2,32,32,896,0.002663,0.0064004447283063,0.001536,0.0105994447283063,0.002663,0.4918452313058036,20331.598973626165,1.479555693842993,173.6241661006141,1.0
Llama2-7B,20,10,2,32,32,1024,0.002663,0.0064004447283063,0.001536,0.0105994447283063,0.002663,0.4918452313058036,20331.598973626165,1.480853061824819,173.77641074737363,1.0
Llama2-7B,20,10,2,32,32,1152,0.002663,0.0064004447283063,0.001536,0.0105994447283063,0.002663,0.4918452313058036,20331.598973626165,1.4821504298066457,173.92865539413322,1.0
Llama2-7B,20,10,2,32,32,1280,0.002663,0.0064004447283063,0.001536,0.0105994447283063,0.002663,0.4918452313058036,20331.598973626165,1.4834477977884717,174.08090004089271,1.0
Llama2-7B,20,10,2,32,32,1408,0.002663,0.0064004447283063,0.001536,0.0105994447283063,0.002663,0.4918452313058036,20331.598973626165,1.4847451657702972,174.23314468765227,1.0
Llama2-7B,20,10,2,32,32,1536,0.002663,0.0064004447283063,0.001536,0.0105994447283063,0.002663,0.4918452313058036,20331.598973626165,1.4860425337521233,174.3853893344118,1.0
Llama2-7B,20,10,2,32,32,1664,0.002663,0.0064004447283063,0.001536,0.0105994447283063,0.002663,0.4918452313058036,20331.598973626165,1.4873399017339493,174.53763398117133,1.0
Llama2-7B,20,10,2,32,32,1792,0.002663,0.0064004447283063,0.001536,0.0105994447283063,0.002663,0.4918452313058036,20331.598973626165,1.4886372697157757,174.68987862793088,1.0
Llama2-7B,20,10,2,32,32,1920,0.002663,0.0064004447283063,0.001536,0.0105994447283063,0.002663,0.4918452313058036,20331.598973626165,1.4899346376976017,174.8421232746904,1.0
Llama2-7B,20,10,2,32,32,2048,0.002663,0.0064004447283063,0.001536,0.0105994447283063,0.002663,0.4918452313058036,20331.598973626165,1.4912320056794277,174.99436792144994,1.0
Llama2-7B,20,10,2,32,32,2176,0.002663,0.0064004447283063,0.001536,0.0105994447283063,0.002663,0.4918452313058036,20331.598973626165,1.4925293736612537,175.14661256820946,1.0
Llama2-7B,20,10,2,32,32,2304,0.002663,0.0064004447283063,0.001536,0.0105994447283063,0.002663,0.4918452313058036,20331.598973626165,1.4938267416430795,175.29885721496902,1.0
Llama2-7B,20,10,2,32,32,2432,0.002663,0.0064004447283063,0.001536,0.0105994447283063,0.002663,0.4918452313058036,20331.598973626165,1.4951241096249055,175.45110186172855,1.0
Llama2-7B,20,10,2,32,32,2560,0.002663,0.0064004447283063,0.001536,0.0105994447283063,0.002663,0.4918452313058036,20331.598973626165,1.4964214776067315,175.60334650848807,1.0
Llama2-7B,20,10,2,32,32,2688,0.002663,0.0064004447283063,0.001536,0.0105994447283063,0.002663,0.4918452313058036,20331.598973626165,1.497718845588558,175.7555911552476,1.0
Llama2-7B,20,10,2,32,32,2816,0.002663,0.0064004447283063,0.001536,0.0105994447283063,0.002663,0.4918452313058036,20331.598973626165,1.499016213570384,175.90783580200713,1.0
Llama2-7B,20,10,2,32,32,2944,0.002663,0.0064004447283063,0.001536,0.0105994447283063,0.002663,0.4918452313058036,20331.598973626165,1.5003135815522095,176.06008044876668,1.0
Llama2-7B,20,10,2,32,32,3072,0.002663,0.0064004447283063,0.001536,0.0105994447283063,0.002663,0.4918452313058036,20331.598973626165,1.501610949534036,176.2123250955262,1.0
Llama2-7B,20,10,2,32,32,3200,0.002663,0.0064004447283063,0.001536,0.0105994447283063,0.002663,0.4918452313058036,20331.598973626165,1.502908317515862,176.36456974228574,1.0
Llama2-7B,20,10,2,32,32,3328,0.002663,0.0064004447283063,0.001536,0.0105994447283063,0.002663,0.4918452313058036,20331.598973626165,1.5042056854976882,176.5168143890453,1.0
Llama2-7B,20,10,2,32,32,3456,0.002663,0.0064004447283063,0.001536,0.0105994447283063,0.002663,0.4918452313058036,20331.598973626165,1.505503053479514,176.6690590358048,1.0
Llama2-7B,20,10,2,32,32,3584,0.002663,0.0064004447283063,0.001536,0.0105994447283063,0.002663,0.4918452313058036,20331.598973626165,1.50680042146134,176.82130368256435,1.0
Llama2-7B,20,10,2,32,32,3712,0.002663,0.0064004447283063,0.001536,0.0105994447283063,0.002663,0.4918452313058036,20331.598973626165,1.5080977894431662,176.9735483293239,1.0
Llama2-7B,20,10,2,32,32,3840,0.002663,0.0064004447283063,0.001536,0.0105994447283063,0.002663,0.4918452313058036,20331.598973626165,1.5093951574249922,177.1257929760834,1.0
Llama2-7B,20,10,2,32,32,3968,0.002663,0.0064004447283063,0.001536,0.0105994447283063,0.002663,0.4918452313058036,20331.598973626165,1.5106925254068182,177.27803762284296,1.0
Llama2-7B,20,10,2,32,32,4096,0.002663,0.0064004447283063,0.001536,0.0105994447283063,0.002663,0.4918452313058036,20331.598973626165,1.5119898933886442,177.4302822696025,1.0
Llama2-7B,20,20,1,32,32,128,0.002663,0.0049699332536969,0.001536,0.0091689332536969,0.002663,0.4460688641183036,44836.126456689264,0.7358857429760184,172.71069822005694,1.0
Llama2-7B,20,20,1,32,32,256,0.002663,0.0049699332536969,0.001536,0.0091689332536969,0.002663,0.4460688641183036,44836.126456689264,0.7365344269669314,172.86294286681644,1.0
Llama2-7B,20,20,1,32,32,384,0.002663,0.0049699332536969,0.001536,0.0091689332536969,0.002663,0.4460688641183036,44836.126456689264,0.7371831109578445,173.01518751357597,1.0
Llama2-7B,20,20,1,32,32,512,0.002663,0.0049699332536969,0.001536,0.0091689332536969,0.002663,0.4460688641183036,44836.126456689264,0.7378317949487575,173.16743216033555,1.0
Llama2-7B,20,20,1,32,32,640,0.002663,0.0049699332536969,0.001536,0.0091689332536969,0.002663,0.4460688641183036,44836.126456689264,0.7384804789396705,173.31967680709505,1.0
Llama2-7B,20,20,1,32,32,768,0.002663,0.0049699332536969,0.001536,0.0091689332536969,0.002663,0.4460688641183036,44836.126456689264,0.7391291629305835,173.4719214538546,1.0
Llama2-7B,20,20,1,32,32,896,0.002663,0.0049699332536969,0.001536,0.0091689332536969,0.002663,0.4460688641183036,44836.126456689264,0.7397778469214965,173.6241661006141,1.0
Llama2-7B,20,20,1,32,32,1024,0.002663,0.0049699332536969,0.001536,0.0091689332536969,0.002663,0.4460688641183036,44836.126456689264,0.7404265309124095,173.77641074737363,1.0
Llama2-7B,20,20,1,32,32,1152,0.002663,0.0049699332536969,0.001536,0.0091689332536969,0.002663,0.4460688641183036,44836.126456689264,0.7410752149033227,173.92865539413322,1.0
Llama2-7B,20,20,1,32,32,1280,0.002663,0.0049699332536969,0.001536,0.0091689332536969,0.002663,0.4460688641183036,44836.126456689264,0.7417238988942357,174.08090004089271,1.0
Llama2-7B,20,20,1,32,32,1408,0.002663,0.0049699332536969,0.001536,0.0091689332536969,0.002663,0.4460688641183036,44836.126456689264,0.7423725828851486,174.23314468765227,1.0
Llama2-7B,20,20,1,32,32,1536,0.002663,0.0049699332536969,0.001536,0.0091689332536969,0.002663,0.4460688641183036,44836.126456689264,0.7430212668760616,174.3853893344118,1.0
Llama2-7B,20,20,1,32,32,1664,0.002663,0.0049699332536969,0.001536,0.0091689332536969,0.002663,0.4460688641183036,44836.126456689264,0.7436699508669746,174.53763398117133,1.0
Llama2-7B,20,20,1,32,32,1792,0.002663,0.0049699332536969,0.001536,0.0091689332536969,0.002663,0.4460688641183036,44836.126456689264,0.7443186348578877,174.68987862793088,1.0
Llama2-7B,20,20,1,32,32,1920,0.002663,0.0049699332536969,0.001536,0.0091689332536969,0.002663,0.4460688641183036,44836.126456689264,0.7449673188488007,174.8421232746904,1.0
Llama2-7B,20,20,1,32,32,2048,0.002663,0.0049699332536969,0.001536,0.0091689332536969,0.002663,0.4460688641183036,44836.126456689264,0.7456160028397137,174.99436792144994,1.0
Llama2-7B,20,20,1,32,32,2176,0.002663,0.0049699332536969,0.001536,0.0091689332536969,0.002663,0.4460688641183036,44836.126456689264,0.7462646868306267,175.14661256820946,1.0
Llama2-7B,20,20,1,32,32,2304,0.002663,0.0049699332536969,0.001536,0.0091689332536969,0.002663,0.4460688641183036,44836.126456689264,0.7469133708215399,175.29885721496902,1.0
Llama2-7B,20,20,1,32,32,2432,0.002663,0.0049699332536969,0.001536,0.0091689332536969,0.002663,0.4460688641183036,44836.126456689264,0.7475620548124527,175.45110186172855,1.0
Llama2-7B,20,20,1,32,32,2560,0.002663,0.0049699332536969,0.001536,0.0091689332536969,0.002663,0.4460688641183036,44836.126456689264,0.7482107388033659,175.60334650848807,1.0
Llama2-7B,20,20,1,32,32,2688,0.002663,0.0049699332536969,0.001536,0.0091689332536969,0.002663,0.4460688641183036,44836.126456689264,0.748859422794279,175.7555911552476,1.0
Llama2-7B,20,20,1,32,32,2816,0.002663,0.0049699332536969,0.001536,0.0091689332536969,0.002663,0.4460688641183036,44836.126456689264,0.749508106785192,175.90783580200713,1.0
Llama2-7B,20,20,1,32,32,2944,0.002663,0.0049699332536969,0.001536,0.0091689332536969,0.002663,0.4460688641183036,44836.126456689264,0.7501567907761049,176.06008044876668,1.0
Llama2-7B,20,20,1,32,32,3072,0.002663,0.0049699332536969,0.001536,0.0091689332536969,0.002663,0.4460688641183036,44836.126456689264,0.750805474767018,176.2123250955262,1.0
Llama2-7B,20,20,1,32,32,3200,0.002663,0.0049699332536969,0.001536,0.0091689332536969,0.002663,0.4460688641183036,44836.126456689264,0.751454158757931,176.36456974228574,1.0
Llama2-7B,20,20,1,32,32,3328,0.002663,0.0049699332536969,0.001536,0.0091689332536969,0.002663,0.4460688641183036,44836.126456689264,0.7521028427488441,176.5168143890453,1.0
Llama2-7B,20,20,1,32,32,3456,0.002663,0.0049699332536969,0.001536,0.0091689332536969,0.002663,0.4460688641183036,44836.126456689264,0.752751526739757,176.6690590358048,1.0
Llama2-7B,20,20,1,32,32,3584,0.002663,0.0049699332536969,0.001536,0.0091689332536969,0.002663,0.4460688641183036,44836.126456689264,0.75340021073067,176.82130368256435,1.0
Llama2-7B,20,20,1,32,32,3712,0.002663,0.0049699332536969,0.001536,0.0091689332536969,0.002663,0.4460688641183036,44836.126456689264,0.7540488947215831,176.9735483293239,1.0
Llama2-7B,20,20,1,32,32,3840,0.002663,0.0049699332536969,0.001536,0.0091689332536969,0.002663,0.4460688641183036,44836.126456689264,0.7546975787124961,177.1257929760834,1.0
Llama2-7B,20,20,1,32,32,3968,0.002663,0.0049699332536969,0.001536,0.0091689332536969,0.002663,0.4460688641183036,44836.126456689264,0.7553462627034091,177.27803762284296,1.0
Llama2-7B,20,20,1,32,32,4096,0.002663,0.0049699332536969,0.001536,0.0091689332536969,0.002663,0.4460688641183036,44836.126456689264,0.7559949466943221,177.4302822696025,1.0
Llama2-7B,20,32,1,32,16,128,0.0047095,0.0005461428179059,0.003072,0.0083276428179059,0.0047095,0.421194070172991,75974.47890673555,0.516749417901314,109.72490028693372,0.8
Llama2-7B,20,32,1,32,16,256,0.0047095,0.0005461428179059,0.003072,0.0083276428179059,0.0047095,0.421194070172991,75974.47890673555,0.5170737598967705,109.79377001736292,0.8
Llama2-7B,20,32,1,32,16,384,0.0047095,0.0005461428179059,0.003072,0.0083276428179059,0.0047095,0.421194070172991,75974.47890673555,0.5173981018922269,109.8626397477922,0.8
Llama2-7B,20,32,1,32,16,512,0.0047095,0.0005461428179059,0.003072,0.0083276428179059,0.0047095,0.421194070172991,75974.47890673555,0.5177224438876836,109.93150947822144,0.8
Llama2-7B,20,32,1,32,16,640,0.0047095,0.0005461428179059,0.003072,0.0083276428179059,0.0047095,0.421194070172991,75974.47890673555,0.51804678588314,110.00037920865068,0.8
Llama2-7B,20,32,1,32,16,768,0.0047095,0.0005461428179059,0.003072,0.0083276428179059,0.0047095,0.421194070172991,75974.47890673555,0.5183711278785965,110.0692489390799,0.8
Llama2-7B,20,32,1,32,16,896,0.0047095,0.0005461428179059,0.003072,0.0083276428179059,0.0047095,0.421194070172991,75974.47890673555,0.518695469874053,110.13811866950914,0.8
Llama2-7B,20,32,1,32,16,1024,0.0047095,0.0005461428179059,0.003072,0.0083276428179059,0.0047095,0.421194070172991,75974.47890673555,0.5190198118695095,110.2069883999384,0.8
Llama2-7B,20,32,1,32,16,1152,0.0047095,0.0005461428179059,0.003072,0.0083276428179059,0.0047095,0.421194070172991,75974.47890673555,0.519344153864966,110.27585813036762,0.8
Llama2-7B,20,32,1,32,16,1280,0.0047095,0.0005461428179059,0.003072,0.0083276428179059,0.0047095,0.421194070172991,75974.47890673555,0.5196684958604225,110.34472786079688,0.8
Llama2-7B,20,32,1,32,16,1408,0.0047095,0.0005461428179059,0.003072,0.0083276428179059,0.0047095,0.421194070172991,75974.47890673555,0.519992837855879,110.41359759122612,0.8
Llama2-7B,20,32,1,32,16,1536,0.0047095,0.0005461428179059,0.003072,0.0083276428179059,0.0047095,0.421194070172991,75974.47890673555,0.5203171798513356,110.48246732165536,0.8
Llama2-7B,20,32,1,32,16,1664,0.0047095,0.0005461428179059,0.003072,0.0083276428179059,0.0047095,0.421194070172991,75974.47890673555,0.5206415218467922,110.5513370520846,0.8
Llama2-7B,20,32,1,32,16,1792,0.0047095,0.0005461428179059,0.003072,0.0083276428179059,0.0047095,0.421194070172991,75974.47890673555,0.5209658638422486,110.62020678251385,0.8
Llama2-7B,20,32,1,32,16,1920,0.0047095,0.0005461428179059,0.003072,0.0083276428179059,0.0047095,0.421194070172991,75974.47890673555,0.5212902058377051,110.68907651294307,0.8
Llama2-7B,20,32,1,32,16,2048,0.0047095,0.0005461428179059,0.003072,0.0083276428179059,0.0047095,0.421194070172991,75974.47890673555,0.5216145478331616,110.75794624337232,0.8
Llama2-7B,20,32,1,32,16,2176,0.0047095,0.0005461428179059,0.003072,0.0083276428179059,0.0047095,0.421194070172991,75974.47890673555,0.5219388898286181,110.82681597380156,0.8
Llama2-7B,20,32,1,32,16,2304,0.0047095,0.0005461428179059,0.003072,0.0083276428179059,0.0047095,0.421194070172991,75974.47890673555,0.5222632318240747,110.8956857042308,0.8
Llama2-7B,20,32,1,32,16,2432,0.0047095,0.0005461428179059,0.003072,0.0083276428179059,0.0047095,0.421194070172991,75974.47890673555,0.5225875738195311,110.96455543466004,0.8
Llama2-7B,20,32,1,32,16,2560,0.0047095,0.0005461428179059,0.003072,0.0083276428179059,0.0047095,0.421194070172991,75974.47890673555,0.5229119158149876,111.03342516508928,0.8
Llama2-7B,20,32,1,32,16,2688,0.0047095,0.0005461428179059,0.003072,0.0083276428179059,0.0047095,0.421194070172991,75974.47890673555,0.5232362578104442,111.10229489551853,0.8
Llama2-7B,20,32,1,32,16,2816,0.0047095,0.0005461428179059,0.003072,0.0083276428179059,0.0047095,0.421194070172991,75974.47890673555,0.5235605998059006,111.17116462594778,0.8
Llama2-7B,20,32,1,32,16,2944,0.0047095,0.0005461428179059,0.003072,0.0083276428179059,0.0047095,0.421194070172991,75974.47890673555,0.5238849418013573,111.240034356377,0.8
Llama2-7B,20,32,1,32,16,3072,0.0047095,0.0005461428179059,0.003072,0.0083276428179059,0.0047095,0.421194070172991,75974.47890673555,0.5242092837968138,111.30890408680624,0.8
Llama2-7B,20,32,1,32,16,3200,0.0047095,0.0005461428179059,0.003072,0.0083276428179059,0.0047095,0.421194070172991,75974.47890673555,0.5245336257922701,111.37777381723552,0.8
Llama2-7B,20,32,1,32,16,3328,0.0047095,0.0005461428179059,0.003072,0.0083276428179059,0.0047095,0.421194070172991,75974.47890673555,0.5248579677877269,111.44664354766476,0.8
Llama2-7B,20,32,1,32,16,3456,0.0047095,0.0005461428179059,0.003072,0.0083276428179059,0.0047095,0.421194070172991,75974.47890673555,0.5251823097831833,111.51551327809398,0.8
Llama2-7B,20,32,1,32,16,3584,0.0047095,0.0005461428179059,0.003072,0.0083276428179059,0.0047095,0.421194070172991,75974.47890673555,0.5255066517786399,111.5843830085232,0.8
Llama2-7B,20,32,1,32,16,3712,0.0047095,0.0005461428179059,0.003072,0.0083276428179059,0.0047095,0.421194070172991,75974.47890673555,0.5258309937740963,111.65325273895246,0.8
Llama2-7B,20,32,1,32,16,3840,0.0047095,0.0005461428179059,0.003072,0.0083276428179059,0.0047095,0.421194070172991,75974.47890673555,0.5261553357695528,111.72212246938167,0.8
Llama2-7B,20,32,1,32,16,3968,0.0047095,0.0005461428179059,0.003072,0.0083276428179059,0.0047095,0.421194070172991,75974.47890673555,0.5264796777650094,111.79099219981092,0.8
Llama2-7B,20,32,1,32,16,4096,0.0047095,0.0005461428179059,0.003072,0.0083276428179059,0.0047095,0.421194070172991,75974.47890673555,0.5268040197604658,111.8598619302402,0.8
Llama2-7B,32,1,32,32,32,128,0.002663,0.0135444871520996,0.001536,0.0177434871520996,0.002663,0.7204545888671874,1388.0125346586494,23.54834377523259,276.337117152091,1.0
Llama2-7B,32,1,32,32,32,256,0.002663,0.0135444871520996,0.001536,0.0177434871520996,0.002663,0.7204545888671874,1388.0125346586494,23.569101662941804,276.5807085869063,1.0
Llama2-7B,32,1,32,32,32,384,0.002663,0.0135444871520996,0.001536,0.0177434871520996,0.002663,0.7204545888671874,1388.0125346586494,23.589859550651024,276.8243000217215,1.0
Llama2-7B,32,1,32,32,32,512,0.002663,0.0135444871520996,0.001536,0.0177434871520996,0.002663,0.7204545888671874,1388.0125346586494,23.61061743836024,277.0678914565368,1.0
Llama2-7B,32,1,32,32,32,640,0.002663,0.0135444871520996,0.001536,0.0177434871520996,0.002663,0.7204545888671874,1388.0125346586494,23.631375326069456,277.31148289135206,1.0
Llama2-7B,32,1,32,32,32,768,0.002663,0.0135444871520996,0.001536,0.0177434871520996,0.002663,0.7204545888671874,1388.0125346586494,23.652133213778672,277.5550743261673,1.0
Llama2-7B,32,1,32,32,32,896,0.002663,0.0135444871520996,0.001536,0.0177434871520996,0.002663,0.7204545888671874,1388.0125346586494,23.672891101487888,277.79866576098254,1.0
Llama2-7B,32,1,32,32,32,1024,0.002663,0.0135444871520996,0.001536,0.0177434871520996,0.002663,0.7204545888671874,1388.0125346586494,23.693648989197104,278.04225719579784,1.0
Llama2-7B,32,1,32,32,32,1152,0.002663,0.0135444871520996,0.001536,0.0177434871520996,0.002663,0.7204545888671874,1388.0125346586494,23.714406876906327,278.2858486306131,1.0
Llama2-7B,32,1,32,32,32,1280,0.002663,0.0135444871520996,0.001536,0.0177434871520996,0.002663,0.7204545888671874,1388.0125346586494,23.735164764615543,278.52944006542833,1.0
Llama2-7B,32,1,32,32,32,1408,0.002663,0.0135444871520996,0.001536,0.0177434871520996,0.002663,0.7204545888671874,1388.0125346586494,23.75592265232476,278.7730315002435,1.0
Llama2-7B,32,1,32,32,32,1536,0.002663,0.0135444871520996,0.001536,0.0177434871520996,0.002663,0.7204545888671874,1388.0125346586494,23.77668054003397,279.0166229350588,1.0
Llama2-7B,32,1,32,32,32,1664,0.002663,0.0135444871520996,0.001536,0.0177434871520996,0.002663,0.7204545888671874,1388.0125346586494,23.797438427743188,279.26021436987406,1.0
Llama2-7B,32,1,32,32,32,1792,0.002663,0.0135444871520996,0.001536,0.0177434871520996,0.002663,0.7204545888671874,1388.0125346586494,23.818196315452408,279.5038058046893,1.0
Llama2-7B,32,1,32,32,32,1920,0.002663,0.0135444871520996,0.001536,0.0177434871520996,0.002663,0.7204545888671874,1388.0125346586494,23.838954203161624,279.7473972395046,1.0
Llama2-7B,32,1,32,32,32,2048,0.002663,0.0135444871520996,0.001536,0.0177434871520996,0.002663,0.7204545888671874,1388.0125346586494,23.85971209087084,279.99098867431985,1.0
Llama2-7B,32,1,32,32,32,2176,0.002663,0.0135444871520996,0.001536,0.0177434871520996,0.002663,0.7204545888671874,1388.0125346586494,23.880469978580056,280.23458010913515,1.0
Llama2-7B,32,1,32,32,32,2304,0.002663,0.0135444871520996,0.001536,0.0177434871520996,0.002663,0.7204545888671874,1388.0125346586494,23.901227866289275,280.4781715439504,1.0
Llama2-7B,32,1,32,32,32,2432,0.002663,0.0135444871520996,0.001536,0.0177434871520996,0.002663,0.7204545888671874,1388.0125346586494,23.921985753998488,280.7217629787656,1.0
Llama2-7B,32,1,32,32,32,2560,0.002663,0.0135444871520996,0.001536,0.0177434871520996,0.002663,0.7204545888671874,1388.0125346586494,23.942743641707708,280.9653544135809,1.0
Llama2-7B,32,1,32,32,32,2688,0.002663,0.0135444871520996,0.001536,0.0177434871520996,0.002663,0.7204545888671874,1388.0125346586494,23.963501529416927,281.2089458483961,1.0
Llama2-7B,32,1,32,32,32,2816,0.002663,0.0135444871520996,0.001536,0.0177434871520996,0.002663,0.7204545888671874,1388.0125346586494,23.984259417126143,281.45253728321137,1.0
Llama2-7B,32,1,32,32,32,2944,0.002663,0.0135444871520996,0.001536,0.0177434871520996,0.002663,0.7204545888671874,1388.0125346586494,24.00501730483536,281.6961287180266,1.0
Llama2-7B,32,1,32,32,32,3072,0.002663,0.0135444871520996,0.001536,0.0177434871520996,0.002663,0.7204545888671874,1388.0125346586494,24.02577519254457,281.9397201528419,1.0
Llama2-7B,32,1,32,32,32,3200,0.002663,0.0135444871520996,0.001536,0.0177434871520996,0.002663,0.7204545888671874,1388.0125346586494,24.04653308025379,282.1833115876572,1.0
Llama2-7B,32,1,32,32,32,3328,0.002663,0.0135444871520996,0.001536,0.0177434871520996,0.002663,0.7204545888671874,1388.0125346586494,24.06729096796301,282.42690302247246,1.0
Llama2-7B,32,1,32,32,32,3456,0.002663,0.0135444871520996,0.001536,0.0177434871520996,0.002663,0.7204545888671874,1388.0125346586494,24.088048855672223,282.67049445728765,1.0
Llama2-7B,32,1,32,32,32,3584,0.002663,0.0135444871520996,0.001536,0.0177434871520996,0.002663,0.7204545888671874,1388.0125346586494,24.10880674338144,282.9140858921029,1.0
Llama2-7B,32,1,32,32,32,3712,0.002663,0.0135444871520996,0.001536,0.0177434871520996,0.002663,0.7204545888671874,1388.0125346586494,24.12956463109066,283.1576773269182,1.0
Llama2-7B,32,1,32,32,32,3840,0.002663,0.0135444871520996,0.001536,0.0177434871520996,0.002663,0.7204545888671874,1388.0125346586494,24.150322518799875,283.40126876173343,1.0
Llama2-7B,32,1,32,32,32,3968,0.002663,0.0135444871520996,0.001536,0.0177434871520996,0.002663,0.7204545888671874,1388.0125346586494,24.17108040650909,283.64486019654873,1.0
Llama2-7B,32,1,32,32,32,4096,0.002663,0.0135444871520996,0.001536,0.0177434871520996,0.002663,0.7204545888671874,1388.0125346586494,24.191838294218307,283.888451631364,1.0
Llama2-7B,32,2,16,32,32,128,0.002663,0.0122182838058471,0.001536,0.0164172838058471,0.002663,0.6780160817871094,2949.7825401551186,11.774171887616294,276.337117152091,1.0
Llama2-7B,32,2,16,32,32,256,0.002663,0.0122182838058471,0.001536,0.0164172838058471,0.002663,0.6780160817871094,2949.7825401551186,11.784550831470902,276.5807085869063,1.0
Llama2-7B,32,2,16,32,32,384,0.002663,0.0122182838058471,0.001536,0.0164172838058471,0.002663,0.6780160817871094,2949.7825401551186,11.794929775325512,276.8243000217215,1.0
Llama2-7B,32,2,16,32,32,512,0.002663,0.0122182838058471,0.001536,0.0164172838058471,0.002663,0.6780160817871094,2949.7825401551186,11.80530871918012,277.0678914565368,1.0
Llama2-7B,32,2,16,32,32,640,0.002663,0.0122182838058471,0.001536,0.0164172838058471,0.002663,0.6780160817871094,2949.7825401551186,11.815687663034728,277.31148289135206,1.0
Llama2-7B,32,2,16,32,32,768,0.002663,0.0122182838058471,0.001536,0.0164172838058471,0.002663,0.6780160817871094,2949.7825401551186,11.826066606889336,277.5550743261673,1.0
Llama2-7B,32,2,16,32,32,896,0.002663,0.0122182838058471,0.001536,0.0164172838058471,0.002663,0.6780160817871094,2949.7825401551186,11.836445550743944,277.79866576098254,1.0
Llama2-7B,32,2,16,32,32,1024,0.002663,0.0122182838058471,0.001536,0.0164172838058471,0.002663,0.6780160817871094,2949.7825401551186,11.846824494598552,278.04225719579784,1.0
Llama2-7B,32,2,16,32,32,1152,0.002663,0.0122182838058471,0.001536,0.0164172838058471,0.002663,0.6780160817871094,2949.7825401551186,11.857203438453164,278.2858486306131,1.0
Llama2-7B,32,2,16,32,32,1280,0.002663,0.0122182838058471,0.001536,0.0164172838058471,0.002663,0.6780160817871094,2949.7825401551186,11.867582382307772,278.52944006542833,1.0
Llama2-7B,32,2,16,32,32,1408,0.002663,0.0122182838058471,0.001536,0.0164172838058471,0.002663,0.6780160817871094,2949.7825401551186,11.877961326162378,278.7730315002435,1.0
Llama2-7B,32,2,16,32,32,1536,0.002663,0.0122182838058471,0.001536,0.0164172838058471,0.002663,0.6780160817871094,2949.7825401551186,11.888340270016986,279.0166229350588,1.0
Llama2-7B,32,2,16,32,32,1664,0.002663,0.0122182838058471,0.001536,0.0164172838058471,0.002663,0.6780160817871094,2949.7825401551186,11.898719213871594,279.26021436987406,1.0
Llama2-7B,32,2,16,32,32,1792,0.002663,0.0122182838058471,0.001536,0.0164172838058471,0.002663,0.6780160817871094,2949.7825401551186,11.909098157726204,279.5038058046893,1.0
Llama2-7B,32,2,16,32,32,1920,0.002663,0.0122182838058471,0.001536,0.0164172838058471,0.002663,0.6780160817871094,2949.7825401551186,11.919477101580812,279.7473972395046,1.0
Llama2-7B,32,2,16,32,32,2048,0.002663,0.0122182838058471,0.001536,0.0164172838058471,0.002663,0.6780160817871094,2949.7825401551186,11.92985604543542,279.99098867431985,1.0
Llama2-7B,32,2,16,32,32,2176,0.002663,0.0122182838058471,0.001536,0.0164172838058471,0.002663,0.6780160817871094,2949.7825401551186,11.940234989290028,280.23458010913515,1.0
Llama2-7B,32,2,16,32,32,2304,0.002663,0.0122182838058471,0.001536,0.0164172838058471,0.002663,0.6780160817871094,2949.7825401551186,11.950613933144638,280.4781715439504,1.0
Llama2-7B,32,2,16,32,32,2432,0.002663,0.0122182838058471,0.001536,0.0164172838058471,0.002663,0.6780160817871094,2949.7825401551186,11.960992876999244,280.7217629787656,1.0
Llama2-7B,32,2,16,32,32,2560,0.002663,0.0122182838058471,0.001536,0.0164172838058471,0.002663,0.6780160817871094,2949.7825401551186,11.971371820853854,280.9653544135809,1.0
Llama2-7B,32,2,16,32,32,2688,0.002663,0.0122182838058471,0.001536,0.0164172838058471,0.002663,0.6780160817871094,2949.7825401551186,11.981750764708464,281.2089458483961,1.0
Llama2-7B,32,2,16,32,32,2816,0.002663,0.0122182838058471,0.001536,0.0164172838058471,0.002663,0.6780160817871094,2949.7825401551186,11.992129708563072,281.45253728321137,1.0
Llama2-7B,32,2,16,32,32,2944,0.002663,0.0122182838058471,0.001536,0.0164172838058471,0.002663,0.6780160817871094,2949.7825401551186,12.002508652417678,281.6961287180266,1.0
Llama2-7B,32,2,16,32,32,3072,0.002663,0.0122182838058471,0.001536,0.0164172838058471,0.002663,0.6780160817871094,2949.7825401551186,12.012887596272288,281.9397201528419,1.0
Llama2-7B,32,2,16,32,32,3200,0.002663,0.0122182838058471,0.001536,0.0164172838058471,0.002663,0.6780160817871094,2949.7825401551186,12.023266540126896,282.1833115876572,1.0
Llama2-7B,32,2,16,32,32,3328,0.002663,0.0122182838058471,0.001536,0.0164172838058471,0.002663,0.6780160817871094,2949.7825401551186,12.033645483981504,282.42690302247246,1.0
Llama2-7B,32,2,16,32,32,3456,0.002663,0.0122182838058471,0.001536,0.0164172838058471,0.002663,0.6780160817871094,2949.7825401551186,12.044024427836112,282.67049445728765,1.0
Llama2-7B,32,2,16,32,32,3584,0.002663,0.0122182838058471,0.001536,0.0164172838058471,0.002663,0.6780160817871094,2949.7825401551186,12.05440337169072,282.9140858921029,1.0
Llama2-7B,32,2,16,32,32,3712,0.002663,0.0122182838058471,0.001536,0.0164172838058471,0.002663,0.6780160817871094,2949.7825401551186,12.06478231554533,283.1576773269182,1.0
Llama2-7B,32,2,16,32,32,3840,0.002663,0.0122182838058471,0.001536,0.0164172838058471,0.002663,0.6780160817871094,2949.7825401551186,12.075161259399938,283.40126876173343,1.0
Llama2-7B,32,2,16,32,32,3968,0.002663,0.0122182838058471,0.001536,0.0164172838058471,0.002663,0.6780160817871094,2949.7825401551186,12.085540203254546,283.64486019654873,1.0
Llama2-7B,32,2,16,32,32,4096,0.002663,0.0122182838058471,0.001536,0.0164172838058471,0.002663,0.6780160817871094,2949.7825401551186,12.095919147109154,283.888451631364,1.0
Llama2-7B,32,4,8,32,32,128,0.002663,0.0117712489700317,0.001536,0.0159702489700317,0.002663,0.6637109670410156,6026.719760007838,5.887085943808147,276.337117152091,1.0
Llama2-7B,32,4,8,32,32,256,0.002663,0.0117712489700317,0.001536,0.0159702489700317,0.002663,0.6637109670410156,6026.719760007838,5.892275415735451,276.5807085869063,1.0
Llama2-7B,32,4,8,32,32,384,0.002663,0.0117712489700317,0.001536,0.0159702489700317,0.002663,0.6637109670410156,6026.719760007838,5.897464887662756,276.8243000217215,1.0
Llama2-7B,32,4,8,32,32,512,0.002663,0.0117712489700317,0.001536,0.0159702489700317,0.002663,0.6637109670410156,6026.719760007838,5.90265435959006,277.0678914565368,1.0
Llama2-7B,32,4,8,32,32,640,0.002663,0.0117712489700317,0.001536,0.0159702489700317,0.002663,0.6637109670410156,6026.719760007838,5.907843831517364,277.31148289135206,1.0
Llama2-7B,32,4,8,32,32,768,0.002663,0.0117712489700317,0.001536,0.0159702489700317,0.002663,0.6637109670410156,6026.719760007838,5.913033303444668,277.5550743261673,1.0
Llama2-7B,32,4,8,32,32,896,0.002663,0.0117712489700317,0.001536,0.0159702489700317,0.002663,0.6637109670410156,6026.719760007838,5.918222775371972,277.79866576098254,1.0
Llama2-7B,32,4,8,32,32,1024,0.002663,0.0117712489700317,0.001536,0.0159702489700317,0.002663,0.6637109670410156,6026.719760007838,5.923412247299276,278.04225719579784,1.0
Llama2-7B,32,4,8,32,32,1152,0.002663,0.0117712489700317,0.001536,0.0159702489700317,0.002663,0.6637109670410156,6026.719760007838,5.928601719226582,278.2858486306131,1.0
Llama2-7B,32,4,8,32,32,1280,0.002663,0.0117712489700317,0.001536,0.0159702489700317,0.002663,0.6637109670410156,6026.719760007838,5.933791191153886,278.52944006542833,1.0
Llama2-7B,32,4,8,32,32,1408,0.002663,0.0117712489700317,0.001536,0.0159702489700317,0.002663,0.6637109670410156,6026.719760007838,5.938980663081189,278.7730315002435,1.0
Llama2-7B,32,4,8,32,32,1536,0.002663,0.0117712489700317,0.001536,0.0159702489700317,0.002663,0.6637109670410156,6026.719760007838,5.944170135008493,279.0166229350588,1.0
Llama2-7B,32,4,8,32,32,1664,0.002663,0.0117712489700317,0.001536,0.0159702489700317,0.002663,0.6637109670410156,6026.719760007838,5.949359606935797,279.26021436987406,1.0
Llama2-7B,32,4,8,32,32,1792,0.002663,0.0117712489700317,0.001536,0.0159702489700317,0.002663,0.6637109670410156,6026.719760007838,5.954549078863102,279.5038058046893,1.0
Llama2-7B,32,4,8,32,32,1920,0.002663,0.0117712489700317,0.001536,0.0159702489700317,0.002663,0.6637109670410156,6026.719760007838,5.959738550790406,279.7473972395046,1.0
Llama2-7B,32,4,8,32,32,2048,0.002663,0.0117712489700317,0.001536,0.0159702489700317,0.002663,0.6637109670410156,6026.719760007838,5.96492802271771,279.99098867431985,1.0
Llama2-7B,32,4,8,32,32,2176,0.002663,0.0117712489700317,0.001536,0.0159702489700317,0.002663,0.6637109670410156,6026.719760007838,5.970117494645014,280.23458010913515,1.0
Llama2-7B,32,4,8,32,32,2304,0.002663,0.0117712489700317,0.001536,0.0159702489700317,0.002663,0.6637109670410156,6026.719760007838,5.975306966572319,280.4781715439504,1.0
Llama2-7B,32,4,8,32,32,2432,0.002663,0.0117712489700317,0.001536,0.0159702489700317,0.002663,0.6637109670410156,6026.719760007838,5.980496438499622,280.7217629787656,1.0
Llama2-7B,32,4,8,32,32,2560,0.002663,0.0117712489700317,0.001536,0.0159702489700317,0.002663,0.6637109670410156,6026.719760007838,5.985685910426927,280.9653544135809,1.0
Llama2-7B,32,4,8,32,32,2688,0.002663,0.0117712489700317,0.001536,0.0159702489700317,0.002663,0.6637109670410156,6026.719760007838,5.990875382354232,281.2089458483961,1.0
Llama2-7B,32,4,8,32,32,2816,0.002663,0.0117712489700317,0.001536,0.0159702489700317,0.002663,0.6637109670410156,6026.719760007838,5.996064854281536,281.45253728321137,1.0
Llama2-7B,32,4,8,32,32,2944,0.002663,0.0117712489700317,0.001536,0.0159702489700317,0.002663,0.6637109670410156,6026.719760007838,6.001254326208839,281.6961287180266,1.0
Llama2-7B,32,4,8,32,32,3072,0.002663,0.0117712489700317,0.001536,0.0159702489700317,0.002663,0.6637109670410156,6026.719760007838,6.006443798136144,281.9397201528419,1.0
Llama2-7B,32,4,8,32,32,3200,0.002663,0.0117712489700317,0.001536,0.0159702489700317,0.002663,0.6637109670410156,6026.719760007838,6.011633270063448,282.1833115876572,1.0
Llama2-7B,32,4,8,32,32,3328,0.002663,0.0117712489700317,0.001536,0.0159702489700317,0.002663,0.6637109670410156,6026.719760007838,6.016822741990753,282.42690302247246,1.0
Llama2-7B,32,4,8,32,32,3456,0.002663,0.0117712489700317,0.001536,0.0159702489700317,0.002663,0.6637109670410156,6026.719760007838,6.022012213918056,282.67049445728765,1.0
Llama2-7B,32,4,8,32,32,3584,0.002663,0.0117712489700317,0.001536,0.0159702489700317,0.002663,0.6637109670410156,6026.719760007838,6.02720168584536,282.9140858921029,1.0
Llama2-7B,32,4,8,32,32,3712,0.002663,0.0117712489700317,0.001536,0.0159702489700317,0.002663,0.6637109670410156,6026.719760007838,6.032391157772665,283.1576773269182,1.0
Llama2-7B,32,4,8,32,32,3840,0.002663,0.0117712489700317,0.001536,0.0159702489700317,0.002663,0.6637109670410156,6026.719760007838,6.037580629699969,283.40126876173343,1.0
Llama2-7B,32,4,8,32,32,3968,0.002663,0.0117712489700317,0.001536,0.0159702489700317,0.002663,0.6637109670410156,6026.719760007838,6.042770101627273,283.64486019654873,1.0
Llama2-7B,32,4,8,32,32,4096,0.002663,0.0117712489700317,0.001536,0.0159702489700317,0.002663,0.6637109670410156,6026.719760007838,6.047959573554577,283.888451631364,1.0
Llama2-7B,32,8,4,32,32,128,0.002663,0.0108324758148193,0.001536,0.0150314758148193,0.002663,0.6336702260742187,12624.863329246904,2.943542971904073,276.337117152091,1.0
Llama2-7B,32,8,4,32,32,256,0.002663,0.0108324758148193,0.001536,0.0150314758148193,0.002663,0.6336702260742187,12624.863329246904,2.9461377078677256,276.5807085869063,1.0
Llama2-7B,32,8,4,32,32,384,0.002663,0.0108324758148193,0.001536,0.0150314758148193,0.002663,0.6336702260742187,12624.863329246904,2.948732443831378,276.8243000217215,1.0
Llama2-7B,32,8,4,32,32,512,0.002663,0.0108324758148193,0.001536,0.0150314758148193,0.002663,0.6336702260742187,12624.863329246904,2.95132717979503,277.0678914565368,1.0
Llama2-7B,32,8,4,32,32,640,0.002663,0.0108324758148193,0.001536,0.0150314758148193,0.002663,0.6336702260742187,12624.863329246904,2.953921915758682,277.31148289135206,1.0
Llama2-7B,32,8,4,32,32,768,0.002663,0.0108324758148193,0.001536,0.0150314758148193,0.002663,0.6336702260742187,12624.863329246904,2.956516651722334,277.5550743261673,1.0
Llama2-7B,32,8,4,32,32,896,0.002663,0.0108324758148193,0.001536,0.0150314758148193,0.002663,0.6336702260742187,12624.863329246904,2.959111387685986,277.79866576098254,1.0
Llama2-7B,32,8,4,32,32,1024,0.002663,0.0108324758148193,0.001536,0.0150314758148193,0.002663,0.6336702260742187,12624.863329246904,2.961706123649638,278.04225719579784,1.0
Llama2-7B,32,8,4,32,32,1152,0.002663,0.0108324758148193,0.001536,0.0150314758148193,0.002663,0.6336702260742187,12624.863329246904,2.964300859613291,278.2858486306131,1.0
Llama2-7B,32,8,4,32,32,1280,0.002663,0.0108324758148193,0.001536,0.0150314758148193,0.002663,0.6336702260742187,12624.863329246904,2.966895595576943,278.52944006542833,1.0
Llama2-7B,32,8,4,32,32,1408,0.002663,0.0108324758148193,0.001536,0.0150314758148193,0.002663,0.6336702260742187,12624.863329246904,2.9694903315405945,278.7730315002435,1.0
Llama2-7B,32,8,4,32,32,1536,0.002663,0.0108324758148193,0.001536,0.0150314758148193,0.002663,0.6336702260742187,12624.863329246904,2.9720850675042465,279.0166229350588,1.0
Llama2-7B,32,8,4,32,32,1664,0.002663,0.0108324758148193,0.001536,0.0150314758148193,0.002663,0.6336702260742187,12624.863329246904,2.9746798034678985,279.26021436987406,1.0
Llama2-7B,32,8,4,32,32,1792,0.002663,0.0108324758148193,0.001536,0.0150314758148193,0.002663,0.6336702260742187,12624.863329246904,2.977274539431551,279.5038058046893,1.0
Llama2-7B,32,8,4,32,32,1920,0.002663,0.0108324758148193,0.001536,0.0150314758148193,0.002663,0.6336702260742187,12624.863329246904,2.979869275395203,279.7473972395046,1.0
Llama2-7B,32,8,4,32,32,2048,0.002663,0.0108324758148193,0.001536,0.0150314758148193,0.002663,0.6336702260742187,12624.863329246904,2.982464011358855,279.99098867431985,1.0
Llama2-7B,32,8,4,32,32,2176,0.002663,0.0108324758148193,0.001536,0.0150314758148193,0.002663,0.6336702260742187,12624.863329246904,2.985058747322507,280.23458010913515,1.0
Llama2-7B,32,8,4,32,32,2304,0.002663,0.0108324758148193,0.001536,0.0150314758148193,0.002663,0.6336702260742187,12624.863329246904,2.9876534832861594,280.4781715439504,1.0
Llama2-7B,32,8,4,32,32,2432,0.002663,0.0108324758148193,0.001536,0.0150314758148193,0.002663,0.6336702260742187,12624.863329246904,2.990248219249811,280.7217629787656,1.0
Llama2-7B,32,8,4,32,32,2560,0.002663,0.0108324758148193,0.001536,0.0150314758148193,0.002663,0.6336702260742187,12624.863329246904,2.9928429552134634,280.9653544135809,1.0
Llama2-7B,32,8,4,32,32,2688,0.002663,0.0108324758148193,0.001536,0.0150314758148193,0.002663,0.6336702260742187,12624.863329246904,2.995437691177116,281.2089458483961,1.0
Llama2-7B,32,8,4,32,32,2816,0.002663,0.0108324758148193,0.001536,0.0150314758148193,0.002663,0.6336702260742187,12624.863329246904,2.998032427140768,281.45253728321137,1.0
Llama2-7B,32,8,4,32,32,2944,0.002663,0.0108324758148193,0.001536,0.0150314758148193,0.002663,0.6336702260742187,12624.863329246904,3.0006271631044195,281.6961287180266,1.0
Llama2-7B,32,8,4,32,32,3072,0.002663,0.0108324758148193,0.001536,0.0150314758148193,0.002663,0.6336702260742187,12624.863329246904,3.003221899068072,281.9397201528419,1.0
Llama2-7B,32,8,4,32,32,3200,0.002663,0.0108324758148193,0.001536,0.0150314758148193,0.002663,0.6336702260742187,12624.863329246904,3.005816635031724,282.1833115876572,1.0
Llama2-7B,32,8,4,32,32,3328,0.002663,0.0108324758148193,0.001536,0.0150314758148193,0.002663,0.6336702260742187,12624.863329246904,3.0084113709953764,282.42690302247246,1.0
Llama2-7B,32,8,4,32,32,3456,0.002663,0.0108324758148193,0.001536,0.0150314758148193,0.002663,0.6336702260742187,12624.863329246904,3.011006106959028,282.67049445728765,1.0
Llama2-7B,32,8,4,32,32,3584,0.002663,0.0108324758148193,0.001536,0.0150314758148193,0.002663,0.6336702260742187,12624.863329246904,3.01360084292268,282.9140858921029,1.0
Llama2-7B,32,8,4,32,32,3712,0.002663,0.0108324758148193,0.001536,0.0150314758148193,0.002663,0.6336702260742187,12624.863329246904,3.0161955788863324,283.1576773269182,1.0
Llama2-7B,32,8,4,32,32,3840,0.002663,0.0108324758148193,0.001536,0.0150314758148193,0.002663,0.6336702260742187,12624.863329246904,3.0187903148499844,283.40126876173343,1.0
Llama2-7B,32,8,4,32,32,3968,0.002663,0.0108324758148193,0.001536,0.0150314758148193,0.002663,0.6336702260742187,12624.863329246904,3.0213850508136364,283.64486019654873,1.0
Llama2-7B,32,8,4,32,32,4096,0.002663,0.0108324758148193,0.001536,0.0150314758148193,0.002663,0.6336702260742187,12624.863329246904,3.0239797867772884,283.888451631364,1.0
Llama2-7B,32,16,2,32,32,128,0.002663,0.0095807782745361,0.001536,0.0137797782745361,0.002663,0.5936159047851562,26953.455712731924,1.4717714859520368,276.337117152091,1.0
Llama2-7B,32,16,2,32,32,256,0.002663,0.0095807782745361,0.001536,0.0137797782745361,0.002663,0.5936159047851562,26953.455712731924,1.4730688539338628,276.5807085869063,1.0
Llama2-7B,32,16,2,32,32,384,0.002663,0.0095807782745361,0.001536,0.0137797782745361,0.002663,0.5936159047851562,26953.455712731924,1.474366221915689,276.8243000217215,1.0
Llama2-7B,32,16,2,32,32,512,0.002663,0.0095807782745361,0.001536,0.0137797782745361,0.002663,0.5936159047851562,26953.455712731924,1.475663589897515,277.0678914565368,1.0
Llama2-7B,32,16,2,32,32,640,0.002663,0.0095807782745361,0.001536,0.0137797782745361,0.002663,0.5936159047851562,26953.455712731924,1.476960957879341,277.31148289135206,1.0
Llama2-7B,32,16,2,32,32,768,0.002663,0.0095807782745361,0.001536,0.0137797782745361,0.002663,0.5936159047851562,26953.455712731924,1.478258325861167,277.5550743261673,1.0
Llama2-7B,32,16,2,32,32,896,0.002663,0.0095807782745361,0.001536,0.0137797782745361,0.002663,0.5936159047851562,26953.455712731924,1.479555693842993,277.79866576098254,1.0
Llama2-7B,32,16,2,32,32,1024,0.002663,0.0095807782745361,0.001536,0.0137797782745361,0.002663,0.5936159047851562,26953.455712731924,1.480853061824819,278.04225719579784,1.0
Llama2-7B,32,16,2,32,32,1152,0.002663,0.0095807782745361,0.001536,0.0137797782745361,0.002663,0.5936159047851562,26953.455712731924,1.4821504298066457,278.2858486306131,1.0
Llama2-7B,32,16,2,32,32,1280,0.002663,0.0095807782745361,0.001536,0.0137797782745361,0.002663,0.5936159047851562,26953.455712731924,1.4834477977884717,278.52944006542833,1.0
Llama2-7B,32,16,2,32,32,1408,0.002663,0.0095807782745361,0.001536,0.0137797782745361,0.002663,0.5936159047851562,26953.455712731924,1.4847451657702972,278.7730315002435,1.0
Llama2-7B,32,16,2,32,32,1536,0.002663,0.0095807782745361,0.001536,0.0137797782745361,0.002663,0.5936159047851562,26953.455712731924,1.4860425337521233,279.0166229350588,1.0
Llama2-7B,32,16,2,32,32,1664,0.002663,0.0095807782745361,0.001536,0.0137797782745361,0.002663,0.5936159047851562,26953.455712731924,1.4873399017339493,279.26021436987406,1.0
Llama2-7B,32,16,2,32,32,1792,0.002663,0.0095807782745361,0.001536,0.0137797782745361,0.002663,0.5936159047851562,26953.455712731924,1.4886372697157757,279.5038058046893,1.0
Llama2-7B,32,16,2,32,32,1920,0.002663,0.0095807782745361,0.001536,0.0137797782745361,0.002663,0.5936159047851562,26953.455712731924,1.4899346376976017,279.7473972395046,1.0
Llama2-7B,32,16,2,32,32,2048,0.002663,0.0095807782745361,0.001536,0.0137797782745361,0.002663,0.5936159047851562,26953.455712731924,1.4912320056794277,279.99098867431985,1.0
Llama2-7B,32,16,2,32,32,2176,0.002663,0.0095807782745361,0.001536,0.0137797782745361,0.002663,0.5936159047851562,26953.455712731924,1.4925293736612537,280.23458010913515,1.0
Llama2-7B,32,16,2,32,32,2304,0.002663,0.0095807782745361,0.001536,0.0137797782745361,0.002663,0.5936159047851562,26953.455712731924,1.4938267416430795,280.4781715439504,1.0
Llama2-7B,32,16,2,32,32,2432,0.002663,0.0095807782745361,0.001536,0.0137797782745361,0.002663,0.5936159047851562,26953.455712731924,1.4951241096249055,280.7217629787656,1.0
Llama2-7B,32,16,2,32,32,2560,0.002663,0.0095807782745361,0.001536,0.0137797782745361,0.002663,0.5936159047851562,26953.455712731924,1.4964214776067315,280.9653544135809,1.0
Llama2-7B,32,16,2,32,32,2688,0.002663,0.0095807782745361,0.001536,0.0137797782745361,0.002663,0.5936159047851562,26953.455712731924,1.497718845588558,281.2089458483961,1.0
Llama2-7B,32,16,2,32,32,2816,0.002663,0.0095807782745361,0.001536,0.0137797782745361,0.002663,0.5936159047851562,26953.455712731924,1.499016213570384,281.45253728321137,1.0
Llama2-7B,32,16,2,32,32,2944,0.002663,0.0095807782745361,0.001536,0.0137797782745361,0.002663,0.5936159047851562,26953.455712731924,1.5003135815522095,281.6961287180266,1.0
Llama2-7B,32,16,2,32,32,3072,0.002663,0.0095807782745361,0.001536,0.0137797782745361,0.002663,0.5936159047851562,26953.455712731924,1.501610949534036,281.9397201528419,1.0
Llama2-7B,32,16,2,32,32,3200,0.002663,0.0095807782745361,0.001536,0.0137797782745361,0.002663,0.5936159047851562,26953.455712731924,1.502908317515862,282.1833115876572,1.0
Llama2-7B,32,16,2,32,32,3328,0.002663,0.0095807782745361,0.001536,0.0137797782745361,0.002663,0.5936159047851562,26953.455712731924,1.5042056854976882,282.42690302247246,1.0
Llama2-7B,32,16,2,32,32,3456,0.002663,0.0095807782745361,0.001536,0.0137797782745361,0.002663,0.5936159047851562,26953.455712731924,1.505503053479514,282.67049445728765,1.0
Llama2-7B,32,16,2,32,32,3584,0.002663,0.0095807782745361,0.001536,0.0137797782745361,0.002663,0.5936159047851562,26953.455712731924,1.50680042146134,282.9140858921029,1.0
Llama2-7B,32,16,2,32,32,3712,0.002663,0.0095807782745361,0.001536,0.0137797782745361,0.002663,0.5936159047851562,26953.455712731924,1.5080977894431662,283.1576773269182,1.0
Llama2-7B,32,16,2,32,32,3840,0.002663,0.0095807782745361,0.001536,0.0137797782745361,0.002663,0.5936159047851562,26953.455712731924,1.5093951574249922,283.40126876173343,1.0
Llama2-7B,32,16,2,32,32,3968,0.002663,0.0095807782745361,0.001536,0.0137797782745361,0.002663,0.5936159047851562,26953.455712731924,1.5106925254068182,283.64486019654873,1.0
Llama2-7B,32,16,2,32,32,4096,0.002663,0.0095807782745361,0.001536,0.0137797782745361,0.002663,0.5936159047851562,26953.455712731924,1.5119898933886442,283.888451631364,1.0
Llama2-7B,32,32,1,32,32,128,0.002663,0.0008207499313354,0.001536,0.0050197499313354,0.002663,0.3132949978027344,102140.15616089964,0.7275954389760184,273.22397257830204,1.0
Llama2-7B,32,32,1,32,32,256,0.002663,0.0008207499313354,0.001536,0.0050197499313354,0.002663,0.3132949978027344,102140.15616089964,0.7282441229669314,273.46756401311734,1.0
Llama2-7B,32,32,1,32,32,384,0.002663,0.0008207499313354,0.001536,0.0050197499313354,0.002663,0.3132949978027344,102140.15616089964,0.7288928069578445,273.7111554479325,1.0
Llama2-7B,32,32,1,32,32,512,0.002663,0.0008207499313354,0.001536,0.0050197499313354,0.002663,0.3132949978027344,102140.15616089964,0.7295414909487575,273.9547468827478,1.0
Llama2-7B,32,32,1,32,32,640,0.002663,0.0008207499313354,0.001536,0.0050197499313354,0.002663,0.3132949978027344,102140.15616089964,0.7301901749396705,274.19833831756307,1.0
Llama2-7B,32,32,1,32,32,768,0.002663,0.0008207499313354,0.001536,0.0050197499313354,0.002663,0.3132949978027344,102140.15616089964,0.7308388589305835,274.4419297523783,1.0
Llama2-7B,32,32,1,32,32,896,0.002663,0.0008207499313354,0.001536,0.0050197499313354,0.002663,0.3132949978027344,102140.15616089964,0.7314875429214965,274.6855211871936,1.0
Llama2-7B,32,32,1,32,32,1024,0.002663,0.0008207499313354,0.001536,0.0050197499313354,0.002663,0.3132949978027344,102140.15616089964,0.7321362269124095,274.92911262200886,1.0
Llama2-7B,32,32,1,32,32,1152,0.002663,0.0008207499313354,0.001536,0.0050197499313354,0.002663,0.3132949978027344,102140.15616089964,0.7327849109033228,275.1727040568241,1.0
Llama2-7B,32,32,1,32,32,1280,0.002663,0.0008207499313354,0.001536,0.0050197499313354,0.002663,0.3132949978027344,102140.15616089964,0.7334335948942358,275.41629549163935,1.0
Llama2-7B,32,32,1,32,32,1408,0.002663,0.0008207499313354,0.001536,0.0050197499313354,0.002663,0.3132949978027344,102140.15616089964,0.7340822788851487,275.65988692645453,1.0
Llama2-7B,32,32,1,32,32,1536,0.002663,0.0008207499313354,0.001536,0.0050197499313354,0.002663,0.3132949978027344,102140.15616089964,0.7347309628760617,275.9034783612698,1.0
Llama2-7B,32,32,1,32,32,1664,0.002663,0.0008207499313354,0.001536,0.0050197499313354,0.002663,0.3132949978027344,102140.15616089964,0.7353796468669747,276.1470697960851,1.0
Llama2-7B,32,32,1,32,32,1792,0.002663,0.0008207499313354,0.001536,0.0050197499313354,0.002663,0.3132949978027344,102140.15616089964,0.7360283308578878,276.3906612309003,1.0
Llama2-7B,32,32,1,32,32,1920,0.002663,0.0008207499313354,0.001536,0.0050197499313354,0.002663,0.3132949978027344,102140.15616089964,0.7366770148488008,276.6342526657156,1.0
Llama2-7B,32,32,1,32,32,2048,0.002663,0.0008207499313354,0.001536,0.0050197499313354,0.002663,0.3132949978027344,102140.15616089964,0.7373256988397138,276.87784410053087,1.0
Llama2-7B,32,32,1,32,32,2176,0.002663,0.0008207499313354,0.001536,0.0050197499313354,0.002663,0.3132949978027344,102140.15616089964,0.7379743828306268,277.12143553534617,1.0
Llama2-7B,32,32,1,32,32,2304,0.002663,0.0008207499313354,0.001536,0.0050197499313354,0.002663,0.3132949978027344,102140.15616089964,0.7386230668215399,277.3650269701614,1.0
Llama2-7B,32,32,1,32,32,2432,0.002663,0.0008207499313354,0.001536,0.0050197499313354,0.002663,0.3132949978027344,102140.15616089964,0.7392717508124528,277.6086184049766,1.0
Llama2-7B,32,32,1,32,32,2560,0.002663,0.0008207499313354,0.001536,0.0050197499313354,0.002663,0.3132949978027344,102140.15616089964,0.7399204348033659,277.8522098397919,1.0
Llama2-7B,32,32,1,32,32,2688,0.002663,0.0008207499313354,0.001536,0.0050197499313354,0.002663,0.3132949978027344,102140.15616089964,0.740569118794279,278.09580127460714,1.0
Llama2-7B,32,32,1,32,32,2816,0.002663,0.0008207499313354,0.001536,0.0050197499313354,0.002663,0.3132949978027344,102140.15616089964,0.741217802785192,278.3393927094224,1.0
Llama2-7B,32,32,1,32,32,2944,0.002663,0.0008207499313354,0.001536,0.0050197499313354,0.002663,0.3132949978027344,102140.15616089964,0.7418664867761049,278.5829841442376,1.0
Llama2-7B,32,32,1,32,32,3072,0.002663,0.0008207499313354,0.001536,0.0050197499313354,0.002663,0.3132949978027344,102140.15616089964,0.742515170767018,278.8265755790529,1.0
Llama2-7B,32,32,1,32,32,3200,0.002663,0.0008207499313354,0.001536,0.0050197499313354,0.002663,0.3132949978027344,102140.15616089964,0.743163854757931,279.0701670138682,1.0
Llama2-7B,32,32,1,32,32,3328,0.002663,0.0008207499313354,0.001536,0.0050197499313354,0.002663,0.3132949978027344,102140.15616089964,0.7438125387488441,279.3137584486835,1.0
Llama2-7B,32,32,1,32,32,3456,0.002663,0.0008207499313354,0.001536,0.0050197499313354,0.002663,0.3132949978027344,102140.15616089964,0.744461222739757,279.55734988349866,1.0
Llama2-7B,32,32,1,32,32,3584,0.002663,0.0008207499313354,0.001536,0.0050197499313354,0.002663,0.3132949978027344,102140.15616089964,0.74510990673067,279.8009413183139,1.0
Llama2-7B,32,32,1,32,32,3712,0.002663,0.0008207499313354,0.001536,0.0050197499313354,0.002663,0.3132949978027344,102140.15616089964,0.7457585907215831,280.0445327531292,1.0
Llama2-7B,32,32,1,32,32,3840,0.002663,0.0008207499313354,0.001536,0.0050197499313354,0.002663,0.3132949978027344,102140.15616089964,0.7464072747124961,280.28812418794445,1.0
Llama2-7B,32,32,1,32,32,3968,0.002663,0.0008207499313354,0.001536,0.0050197499313354,0.002663,0.3132949978027344,102140.15616089964,0.7470559587034091,280.53171562275975,1.0
Llama2-7B,32,32,1,32,32,4096,0.002663,0.0008207499313354,0.001536,0.0050197499313354,0.002663,0.3132949978027344,102140.15616089964,0.7477046426943221,280.775307057575,1.0
