Model,Device number,Pipeline parallelism,Tensor parallelism,Channels per device,Channels per block,Sequence length,PIM latency,CXL latency,Acc latency,TransformerBlock latency,Embedding latency,Token latency (ms),Throughput (tokens/s),Token energy (mJ),Total power (W),Device utilization
Llama2-13B,8,1,8,32,32,128,0.0017015,0.0047594247860378,0,0.0064609247860378,0.0017015,0.4101384914415147,2438.200805014174,5.793364021397005,85.12142258884813,1.0
Llama2-13B,8,1,8,32,32,256,0.0017015,0.0047594247860378,0,0.0064609247860378,0.0017015,0.4101384914415147,2438.200805014174,5.801472571283417,85.24056084753774,1.0
Llama2-13B,8,1,8,32,32,384,0.0017015,0.0047594247860378,0,0.0064609247860378,0.0017015,0.4101384914415147,2438.200805014174,5.80958112116983,85.3596991062273,1.0
Llama2-13B,8,1,8,32,32,512,0.0017015,0.0047594247860378,0,0.0064609247860378,0.0017015,0.4101384914415147,2438.200805014174,5.817689671056243,85.4788373649169,1.0
Llama2-13B,8,1,8,32,32,640,0.0017015,0.0047594247860378,0,0.0064609247860378,0.0017015,0.4101384914415147,2438.200805014174,5.825798220942657,85.59797562360647,1.0
Llama2-13B,8,1,8,32,32,768,0.0017015,0.0047594247860378,0,0.0064609247860378,0.0017015,0.4101384914415147,2438.200805014174,5.833906770829068,85.71711388229606,1.0
Llama2-13B,8,1,8,32,32,896,0.0017015,0.0047594247860378,0,0.0064609247860378,0.0017015,0.4101384914415147,2438.200805014174,5.842015320715481,85.83625214098564,1.0
Llama2-13B,8,1,8,32,32,1024,0.0017015,0.0047594247860378,0,0.0064609247860378,0.0017015,0.4101384914415147,2438.200805014174,5.850123870601894,85.95539039967521,1.0
Llama2-13B,8,1,8,32,32,1152,0.0017015,0.0047594247860378,0,0.0064609247860378,0.0017015,0.4101384914415147,2438.200805014174,5.858232420488307,86.07452865836478,1.0
Llama2-13B,8,1,8,32,32,1280,0.0017015,0.0047594247860378,0,0.0064609247860378,0.0017015,0.4101384914415147,2438.200805014174,5.866340970374719,86.19366691705437,1.0
Llama2-13B,8,1,8,32,32,1408,0.0017015,0.0047594247860378,0,0.0064609247860378,0.0017015,0.4101384914415147,2438.200805014174,5.874449520261132,86.31280517574395,1.0
Llama2-13B,8,1,8,32,32,1536,0.0017015,0.0047594247860378,0,0.0064609247860378,0.0017015,0.4101384914415147,2438.200805014174,5.882558070147546,86.43194343443353,1.0
Llama2-13B,8,1,8,32,32,1664,0.0017015,0.0047594247860378,0,0.0064609247860378,0.0017015,0.4101384914415147,2438.200805014174,5.890666620033959,86.55108169312311,1.0
Llama2-13B,8,1,8,32,32,1792,0.0017015,0.0047594247860378,0,0.0064609247860378,0.0017015,0.4101384914415147,2438.200805014174,5.898775169920371,86.6702199518127,1.0
Llama2-13B,8,1,8,32,32,1920,0.0017015,0.0047594247860378,0,0.0064609247860378,0.0017015,0.4101384914415147,2438.200805014174,5.9068837198067845,86.78935821050226,1.0
Llama2-13B,8,1,8,32,32,2048,0.0017015,0.0047594247860378,0,0.0064609247860378,0.0017015,0.4101384914415147,2438.200805014174,5.914992269693197,86.90849646919186,1.0
Llama2-13B,8,1,8,32,32,2176,0.0017015,0.0047594247860378,0,0.0064609247860378,0.0017015,0.4101384914415147,2438.200805014174,5.92310081957961,87.02763472788142,1.0
Llama2-13B,8,1,8,32,32,2304,0.0017015,0.0047594247860378,0,0.0064609247860378,0.0017015,0.4101384914415147,2438.200805014174,5.931209369466023,87.14677298657102,1.0
Llama2-13B,8,1,8,32,32,2432,0.0017015,0.0047594247860378,0,0.0064609247860378,0.0017015,0.4101384914415147,2438.200805014174,5.939317919352435,87.26591124526058,1.0
Llama2-13B,8,1,8,32,32,2560,0.0017015,0.0047594247860378,0,0.0064609247860378,0.0017015,0.4101384914415147,2438.200805014174,5.947426469238848,87.38504950395017,1.0
Llama2-13B,8,1,8,32,32,2688,0.0017015,0.0047594247860378,0,0.0064609247860378,0.0017015,0.4101384914415147,2438.200805014174,5.955535019125261,87.50418776263976,1.0
Llama2-13B,8,1,8,32,32,2816,0.0017015,0.0047594247860378,0,0.0064609247860378,0.0017015,0.4101384914415147,2438.200805014174,5.9636435690116745,87.6233260213293,1.0
Llama2-13B,8,1,8,32,32,2944,0.0017015,0.0047594247860378,0,0.0064609247860378,0.0017015,0.4101384914415147,2438.200805014174,5.971752118898086,87.74246428001891,1.0
Llama2-13B,8,1,8,32,32,3072,0.0017015,0.0047594247860378,0,0.0064609247860378,0.0017015,0.4101384914415147,2438.200805014174,5.979860668784499,87.86160253870848,1.0
Llama2-13B,8,1,8,32,32,3200,0.0017015,0.0047594247860378,0,0.0064609247860378,0.0017015,0.4101384914415147,2438.200805014174,5.987969218670913,87.98074079739807,1.0
Llama2-13B,8,1,8,32,32,3328,0.0017015,0.0047594247860378,0,0.0064609247860378,0.0017015,0.4101384914415147,2438.200805014174,5.996077768557325,88.09987905608764,1.0
Llama2-13B,8,1,8,32,32,3456,0.0017015,0.0047594247860378,0,0.0064609247860378,0.0017015,0.4101384914415147,2438.200805014174,6.004186318443737,88.21901731477723,1.0
Llama2-13B,8,1,8,32,32,3584,0.0017015,0.0047594247860378,0,0.0064609247860378,0.0017015,0.4101384914415147,2438.200805014174,6.01229486833015,88.3381555734668,1.0
Llama2-13B,8,1,8,32,32,3712,0.0017015,0.0047594247860378,0,0.0064609247860378,0.0017015,0.4101384914415147,2438.200805014174,6.020403418216564,88.4572938321564,1.0
Llama2-13B,8,1,8,32,32,3840,0.0017015,0.0047594247860378,0,0.0064609247860378,0.0017015,0.4101384914415147,2438.200805014174,6.028511968102976,88.57643209084596,1.0
Llama2-13B,8,1,8,32,32,3968,0.0017015,0.0047594247860378,0,0.0064609247860378,0.0017015,0.4101384914415147,2438.200805014174,6.036620517989388,88.69557034953554,1.0
Llama2-13B,8,1,8,32,32,4096,0.0017015,0.0047594247860378,0,0.0064609247860378,0.0017015,0.4101384914415147,2438.200805014174,6.044729067875802,88.81470860822512,1.0
Llama2-13B,8,2,4,32,32,128,0.0017015,0.0045839222208658,0,0.0062854222208658,0.0017015,0.4031183888346354,4961.321674711363,2.8966820106985023,85.12142258884813,1.0
Llama2-13B,8,2,4,32,32,256,0.0017015,0.0045839222208658,0,0.0062854222208658,0.0017015,0.4031183888346354,4961.321674711363,2.9007362856417087,85.24056084753774,1.0
Llama2-13B,8,2,4,32,32,384,0.0017015,0.0045839222208658,0,0.0062854222208658,0.0017015,0.4031183888346354,4961.321674711363,2.904790560584915,85.3596991062273,1.0
Llama2-13B,8,2,4,32,32,512,0.0017015,0.0045839222208658,0,0.0062854222208658,0.0017015,0.4031183888346354,4961.321674711363,2.9088448355281216,85.4788373649169,1.0
Llama2-13B,8,2,4,32,32,640,0.0017015,0.0045839222208658,0,0.0062854222208658,0.0017015,0.4031183888346354,4961.321674711363,2.9128991104713284,85.59797562360647,1.0
Llama2-13B,8,2,4,32,32,768,0.0017015,0.0045839222208658,0,0.0062854222208658,0.0017015,0.4031183888346354,4961.321674711363,2.916953385414534,85.71711388229606,1.0
Llama2-13B,8,2,4,32,32,896,0.0017015,0.0045839222208658,0,0.0062854222208658,0.0017015,0.4031183888346354,4961.321674711363,2.9210076603577404,85.83625214098564,1.0
Llama2-13B,8,2,4,32,32,1024,0.0017015,0.0045839222208658,0,0.0062854222208658,0.0017015,0.4031183888346354,4961.321674711363,2.925061935300947,85.95539039967521,1.0
Llama2-13B,8,2,4,32,32,1152,0.0017015,0.0045839222208658,0,0.0062854222208658,0.0017015,0.4031183888346354,4961.321674711363,2.9291162102441537,86.07452865836478,1.0
Llama2-13B,8,2,4,32,32,1280,0.0017015,0.0045839222208658,0,0.0062854222208658,0.0017015,0.4031183888346354,4961.321674711363,2.93317048518736,86.19366691705437,1.0
Llama2-13B,8,2,4,32,32,1408,0.0017015,0.0045839222208658,0,0.0062854222208658,0.0017015,0.4031183888346354,4961.321674711363,2.937224760130566,86.31280517574395,1.0
Llama2-13B,8,2,4,32,32,1536,0.0017015,0.0045839222208658,0,0.0062854222208658,0.0017015,0.4031183888346354,4961.321674711363,2.941279035073773,86.43194343443353,1.0
Llama2-13B,8,2,4,32,32,1664,0.0017015,0.0045839222208658,0,0.0062854222208658,0.0017015,0.4031183888346354,4961.321674711363,2.9453333100169794,86.55108169312311,1.0
Llama2-13B,8,2,4,32,32,1792,0.0017015,0.0045839222208658,0,0.0062854222208658,0.0017015,0.4031183888346354,4961.321674711363,2.9493875849601854,86.6702199518127,1.0
Llama2-13B,8,2,4,32,32,1920,0.0017015,0.0045839222208658,0,0.0062854222208658,0.0017015,0.4031183888346354,4961.321674711363,2.9534418599033923,86.78935821050226,1.0
Llama2-13B,8,2,4,32,32,2048,0.0017015,0.0045839222208658,0,0.0062854222208658,0.0017015,0.4031183888346354,4961.321674711363,2.9574961348465987,86.90849646919186,1.0
Llama2-13B,8,2,4,32,32,2176,0.0017015,0.0045839222208658,0,0.0062854222208658,0.0017015,0.4031183888346354,4961.321674711363,2.961550409789805,87.02763472788142,1.0
Llama2-13B,8,2,4,32,32,2304,0.0017015,0.0045839222208658,0,0.0062854222208658,0.0017015,0.4031183888346354,4961.321674711363,2.9656046847330115,87.14677298657102,1.0
Llama2-13B,8,2,4,32,32,2432,0.0017015,0.0045839222208658,0,0.0062854222208658,0.0017015,0.4031183888346354,4961.321674711363,2.969658959676217,87.26591124526058,1.0
Llama2-13B,8,2,4,32,32,2560,0.0017015,0.0045839222208658,0,0.0062854222208658,0.0017015,0.4031183888346354,4961.321674711363,2.973713234619424,87.38504950395017,1.0
Llama2-13B,8,2,4,32,32,2688,0.0017015,0.0045839222208658,0,0.0062854222208658,0.0017015,0.4031183888346354,4961.321674711363,2.9777675095626304,87.50418776263976,1.0
Llama2-13B,8,2,4,32,32,2816,0.0017015,0.0045839222208658,0,0.0062854222208658,0.0017015,0.4031183888346354,4961.321674711363,2.981821784505837,87.6233260213293,1.0
Llama2-13B,8,2,4,32,32,2944,0.0017015,0.0045839222208658,0,0.0062854222208658,0.0017015,0.4031183888346354,4961.321674711363,2.985876059449043,87.74246428001891,1.0
Llama2-13B,8,2,4,32,32,3072,0.0017015,0.0045839222208658,0,0.0062854222208658,0.0017015,0.4031183888346354,4961.321674711363,2.9899303343922496,87.86160253870848,1.0
Llama2-13B,8,2,4,32,32,3200,0.0017015,0.0045839222208658,0,0.0062854222208658,0.0017015,0.4031183888346354,4961.321674711363,2.9939846093354565,87.98074079739807,1.0
Llama2-13B,8,2,4,32,32,3328,0.0017015,0.0045839222208658,0,0.0062854222208658,0.0017015,0.4031183888346354,4961.321674711363,2.9980388842786625,88.09987905608764,1.0
Llama2-13B,8,2,4,32,32,3456,0.0017015,0.0045839222208658,0,0.0062854222208658,0.0017015,0.4031183888346354,4961.321674711363,3.0020931592218685,88.21901731477723,1.0
Llama2-13B,8,2,4,32,32,3584,0.0017015,0.0045839222208658,0,0.0062854222208658,0.0017015,0.4031183888346354,4961.321674711363,3.006147434165075,88.3381555734668,1.0
Llama2-13B,8,2,4,32,32,3712,0.0017015,0.0045839222208658,0,0.0062854222208658,0.0017015,0.4031183888346354,4961.321674711363,3.0102017091082818,88.4572938321564,1.0
Llama2-13B,8,2,4,32,32,3840,0.0017015,0.0045839222208658,0,0.0062854222208658,0.0017015,0.4031183888346354,4961.321674711363,3.014255984051488,88.57643209084596,1.0
Llama2-13B,8,2,4,32,32,3968,0.0017015,0.0045839222208658,0,0.0062854222208658,0.0017015,0.4031183888346354,4961.321674711363,3.018310258994694,88.69557034953554,1.0
Llama2-13B,8,2,4,32,32,4096,0.0017015,0.0045839222208658,0,0.0062854222208658,0.0017015,0.4031183888346354,4961.321674711363,3.022364533937901,88.81470860822512,1.0
Llama2-13B,8,4,2,32,32,128,0.0017015,0.0042163602447509,0,0.0059178602447509,0.0017015,0.388415909790039,10298.239333610789,1.4483410053492511,85.12142258884813,1.0
Llama2-13B,8,4,2,32,32,256,0.0017015,0.0042163602447509,0,0.0059178602447509,0.0017015,0.388415909790039,10298.239333610789,1.4503681428208544,85.24056084753774,1.0
Llama2-13B,8,4,2,32,32,384,0.0017015,0.0042163602447509,0,0.0059178602447509,0.0017015,0.388415909790039,10298.239333610789,1.4523952802924576,85.3596991062273,1.0
Llama2-13B,8,4,2,32,32,512,0.0017015,0.0042163602447509,0,0.0059178602447509,0.0017015,0.388415909790039,10298.239333610789,1.4544224177640608,85.4788373649169,1.0
Llama2-13B,8,4,2,32,32,640,0.0017015,0.0042163602447509,0,0.0059178602447509,0.0017015,0.388415909790039,10298.239333610789,1.4564495552356642,85.59797562360647,1.0
Llama2-13B,8,4,2,32,32,768,0.0017015,0.0042163602447509,0,0.0059178602447509,0.0017015,0.388415909790039,10298.239333610789,1.458476692707267,85.71711388229606,1.0
Llama2-13B,8,4,2,32,32,896,0.0017015,0.0042163602447509,0,0.0059178602447509,0.0017015,0.388415909790039,10298.239333610789,1.4605038301788702,85.83625214098564,1.0
Llama2-13B,8,4,2,32,32,1024,0.0017015,0.0042163602447509,0,0.0059178602447509,0.0017015,0.388415909790039,10298.239333610789,1.4625309676504734,85.95539039967521,1.0
Llama2-13B,8,4,2,32,32,1152,0.0017015,0.0042163602447509,0,0.0059178602447509,0.0017015,0.388415909790039,10298.239333610789,1.4645581051220768,86.07452865836478,1.0
Llama2-13B,8,4,2,32,32,1280,0.0017015,0.0042163602447509,0,0.0059178602447509,0.0017015,0.388415909790039,10298.239333610789,1.4665852425936798,86.19366691705437,1.0
Llama2-13B,8,4,2,32,32,1408,0.0017015,0.0042163602447509,0,0.0059178602447509,0.0017015,0.388415909790039,10298.239333610789,1.468612380065283,86.31280517574395,1.0
Llama2-13B,8,4,2,32,32,1536,0.0017015,0.0042163602447509,0,0.0059178602447509,0.0017015,0.388415909790039,10298.239333610789,1.4706395175368865,86.43194343443353,1.0
Llama2-13B,8,4,2,32,32,1664,0.0017015,0.0042163602447509,0,0.0059178602447509,0.0017015,0.388415909790039,10298.239333610789,1.4726666550084897,86.55108169312311,1.0
Llama2-13B,8,4,2,32,32,1792,0.0017015,0.0042163602447509,0,0.0059178602447509,0.0017015,0.388415909790039,10298.239333610789,1.4746937924800927,86.6702199518127,1.0
Llama2-13B,8,4,2,32,32,1920,0.0017015,0.0042163602447509,0,0.0059178602447509,0.0017015,0.388415909790039,10298.239333610789,1.476720929951696,86.78935821050226,1.0
Llama2-13B,8,4,2,32,32,2048,0.0017015,0.0042163602447509,0,0.0059178602447509,0.0017015,0.388415909790039,10298.239333610789,1.4787480674232991,86.90849646919186,1.0
Llama2-13B,8,4,2,32,32,2176,0.0017015,0.0042163602447509,0,0.0059178602447509,0.0017015,0.388415909790039,10298.239333610789,1.4807752048949026,87.02763472788142,1.0
Llama2-13B,8,4,2,32,32,2304,0.0017015,0.0042163602447509,0,0.0059178602447509,0.0017015,0.388415909790039,10298.239333610789,1.4828023423665058,87.14677298657102,1.0
Llama2-13B,8,4,2,32,32,2432,0.0017015,0.0042163602447509,0,0.0059178602447509,0.0017015,0.388415909790039,10298.239333610789,1.4848294798381088,87.26591124526058,1.0
Llama2-13B,8,4,2,32,32,2560,0.0017015,0.0042163602447509,0,0.0059178602447509,0.0017015,0.388415909790039,10298.239333610789,1.486856617309712,87.38504950395017,1.0
Llama2-13B,8,4,2,32,32,2688,0.0017015,0.0042163602447509,0,0.0059178602447509,0.0017015,0.388415909790039,10298.239333610789,1.4888837547813152,87.50418776263976,1.0
Llama2-13B,8,4,2,32,32,2816,0.0017015,0.0042163602447509,0,0.0059178602447509,0.0017015,0.388415909790039,10298.239333610789,1.4909108922529186,87.6233260213293,1.0
Llama2-13B,8,4,2,32,32,2944,0.0017015,0.0042163602447509,0,0.0059178602447509,0.0017015,0.388415909790039,10298.239333610789,1.4929380297245216,87.74246428001891,1.0
Llama2-13B,8,4,2,32,32,3072,0.0017015,0.0042163602447509,0,0.0059178602447509,0.0017015,0.388415909790039,10298.239333610789,1.4949651671961248,87.86160253870848,1.0
Llama2-13B,8,4,2,32,32,3200,0.0017015,0.0042163602447509,0,0.0059178602447509,0.0017015,0.388415909790039,10298.239333610789,1.4969923046677285,87.98074079739807,1.0
Llama2-13B,8,4,2,32,32,3328,0.0017015,0.0042163602447509,0,0.0059178602447509,0.0017015,0.388415909790039,10298.239333610789,1.4990194421393312,88.09987905608764,1.0
Llama2-13B,8,4,2,32,32,3456,0.0017015,0.0042163602447509,0,0.0059178602447509,0.0017015,0.388415909790039,10298.239333610789,1.5010465796109342,88.21901731477723,1.0
Llama2-13B,8,4,2,32,32,3584,0.0017015,0.0042163602447509,0,0.0059178602447509,0.0017015,0.388415909790039,10298.239333610789,1.5030737170825377,88.3381555734668,1.0
Llama2-13B,8,4,2,32,32,3712,0.0017015,0.0042163602447509,0,0.0059178602447509,0.0017015,0.388415909790039,10298.239333610789,1.5051008545541409,88.4572938321564,1.0
Llama2-13B,8,4,2,32,32,3840,0.0017015,0.0042163602447509,0,0.0059178602447509,0.0017015,0.388415909790039,10298.239333610789,1.507127992025744,88.57643209084596,1.0
Llama2-13B,8,4,2,32,32,3968,0.0017015,0.0042163602447509,0,0.0059178602447509,0.0017015,0.388415909790039,10298.239333610789,1.509155129497347,88.69557034953554,1.0
Llama2-13B,8,4,2,32,32,4096,0.0017015,0.0042163602447509,0,0.0059178602447509,0.0017015,0.388415909790039,10298.239333610789,1.5111822669689503,88.81470860822512,1.0
Llama2-13B,8,8,1,32,32,128,0.0017015,0.0035309068298339,0,0.0052324068298339,0.0017015,0.3609977731933593,22160.801517506872,0.7241705026746256,85.12142258884813,1.0
Llama2-13B,8,8,1,32,32,256,0.0017015,0.0035309068298339,0,0.0052324068298339,0.0017015,0.3609977731933593,22160.801517506872,0.7251840714104272,85.24056084753774,1.0
Llama2-13B,8,8,1,32,32,384,0.0017015,0.0035309068298339,0,0.0052324068298339,0.0017015,0.3609977731933593,22160.801517506872,0.7261976401462288,85.3596991062273,1.0
Llama2-13B,8,8,1,32,32,512,0.0017015,0.0035309068298339,0,0.0052324068298339,0.0017015,0.3609977731933593,22160.801517506872,0.7272112088820304,85.4788373649169,1.0
Llama2-13B,8,8,1,32,32,640,0.0017015,0.0035309068298339,0,0.0052324068298339,0.0017015,0.3609977731933593,22160.801517506872,0.7282247776178321,85.59797562360647,1.0
Llama2-13B,8,8,1,32,32,768,0.0017015,0.0035309068298339,0,0.0052324068298339,0.0017015,0.3609977731933593,22160.801517506872,0.7292383463536335,85.71711388229606,1.0
Llama2-13B,8,8,1,32,32,896,0.0017015,0.0035309068298339,0,0.0052324068298339,0.0017015,0.3609977731933593,22160.801517506872,0.7302519150894351,85.83625214098564,1.0
Llama2-13B,8,8,1,32,32,1024,0.0017015,0.0035309068298339,0,0.0052324068298339,0.0017015,0.3609977731933593,22160.801517506872,0.7312654838252367,85.95539039967521,1.0
Llama2-13B,8,8,1,32,32,1152,0.0017015,0.0035309068298339,0,0.0052324068298339,0.0017015,0.3609977731933593,22160.801517506872,0.7322790525610384,86.07452865836478,1.0
Llama2-13B,8,8,1,32,32,1280,0.0017015,0.0035309068298339,0,0.0052324068298339,0.0017015,0.3609977731933593,22160.801517506872,0.7332926212968399,86.19366691705437,1.0
Llama2-13B,8,8,1,32,32,1408,0.0017015,0.0035309068298339,0,0.0052324068298339,0.0017015,0.3609977731933593,22160.801517506872,0.7343061900326415,86.31280517574395,1.0
Llama2-13B,8,8,1,32,32,1536,0.0017015,0.0035309068298339,0,0.0052324068298339,0.0017015,0.3609977731933593,22160.801517506872,0.7353197587684432,86.43194343443353,1.0
Llama2-13B,8,8,1,32,32,1664,0.0017015,0.0035309068298339,0,0.0052324068298339,0.0017015,0.3609977731933593,22160.801517506872,0.7363333275042449,86.55108169312311,1.0
Llama2-13B,8,8,1,32,32,1792,0.0017015,0.0035309068298339,0,0.0052324068298339,0.0017015,0.3609977731933593,22160.801517506872,0.7373468962400463,86.6702199518127,1.0
Llama2-13B,8,8,1,32,32,1920,0.0017015,0.0035309068298339,0,0.0052324068298339,0.0017015,0.3609977731933593,22160.801517506872,0.7383604649758481,86.78935821050226,1.0
Llama2-13B,8,8,1,32,32,2048,0.0017015,0.0035309068298339,0,0.0052324068298339,0.0017015,0.3609977731933593,22160.801517506872,0.7393740337116497,86.90849646919186,1.0
Llama2-13B,8,8,1,32,32,2176,0.0017015,0.0035309068298339,0,0.0052324068298339,0.0017015,0.3609977731933593,22160.801517506872,0.7403876024474513,87.02763472788142,1.0
Llama2-13B,8,8,1,32,32,2304,0.0017015,0.0035309068298339,0,0.0052324068298339,0.0017015,0.3609977731933593,22160.801517506872,0.7414011711832529,87.14677298657102,1.0
Llama2-13B,8,8,1,32,32,2432,0.0017015,0.0035309068298339,0,0.0052324068298339,0.0017015,0.3609977731933593,22160.801517506872,0.7424147399190544,87.26591124526058,1.0
Llama2-13B,8,8,1,32,32,2560,0.0017015,0.0035309068298339,0,0.0052324068298339,0.0017015,0.3609977731933593,22160.801517506872,0.743428308654856,87.38504950395017,1.0
Llama2-13B,8,8,1,32,32,2688,0.0017015,0.0035309068298339,0,0.0052324068298339,0.0017015,0.3609977731933593,22160.801517506872,0.7444418773906576,87.50418776263976,1.0
Llama2-13B,8,8,1,32,32,2816,0.0017015,0.0035309068298339,0,0.0052324068298339,0.0017015,0.3609977731933593,22160.801517506872,0.7454554461264593,87.6233260213293,1.0
Llama2-13B,8,8,1,32,32,2944,0.0017015,0.0035309068298339,0,0.0052324068298339,0.0017015,0.3609977731933593,22160.801517506872,0.7464690148622608,87.74246428001891,1.0
Llama2-13B,8,8,1,32,32,3072,0.0017015,0.0035309068298339,0,0.0052324068298339,0.0017015,0.3609977731933593,22160.801517506872,0.7474825835980624,87.86160253870848,1.0
Llama2-13B,8,8,1,32,32,3200,0.0017015,0.0035309068298339,0,0.0052324068298339,0.0017015,0.3609977731933593,22160.801517506872,0.7484961523338641,87.98074079739807,1.0
Llama2-13B,8,8,1,32,32,3328,0.0017015,0.0035309068298339,0,0.0052324068298339,0.0017015,0.3609977731933593,22160.801517506872,0.7495097210696656,88.09987905608764,1.0
Llama2-13B,8,8,1,32,32,3456,0.0017015,0.0035309068298339,0,0.0052324068298339,0.0017015,0.3609977731933593,22160.801517506872,0.7505232898054671,88.21901731477723,1.0
Llama2-13B,8,8,1,32,32,3584,0.0017015,0.0035309068298339,0,0.0052324068298339,0.0017015,0.3609977731933593,22160.801517506872,0.7515368585412687,88.3381555734668,1.0
Llama2-13B,8,8,1,32,32,3712,0.0017015,0.0035309068298339,0,0.0052324068298339,0.0017015,0.3609977731933593,22160.801517506872,0.7525504272770704,88.4572938321564,1.0
Llama2-13B,8,8,1,32,32,3840,0.0017015,0.0035309068298339,0,0.0052324068298339,0.0017015,0.3609977731933593,22160.801517506872,0.753563996012872,88.57643209084596,1.0
Llama2-13B,8,8,1,32,32,3968,0.0017015,0.0035309068298339,0,0.0052324068298339,0.0017015,0.3609977731933593,22160.801517506872,0.7545775647486735,88.69557034953554,1.0
Llama2-13B,8,8,1,32,32,4096,0.0017015,0.0035309068298339,0,0.0052324068298339,0.0017015,0.3609977731933593,22160.801517506872,0.7555911334844753,88.81470860822512,1.0
Llama2-13B,8,40,1,32,6,128,0.0023975,0.0003588139343261,0,0.0027563139343261,0.0023975,0.2626500573730468,152293.89401269858,0.207459483257546,86.5315884285906,1.0
Llama2-13B,8,40,1,32,6,256,0.0023975,0.0003588139343261,0,0.0027563139343261,0.0023975,0.2626500573730468,152293.89401269858,0.2076621970047063,86.61614056504955,1.0
Llama2-13B,8,40,1,32,6,384,0.0023975,0.0003588139343261,0,0.0027563139343261,0.0023975,0.2626500573730468,152293.89401269858,0.2078649107518666,86.7006927015085,1.0
Llama2-13B,8,40,1,32,6,512,0.0023975,0.0003588139343261,0,0.0027563139343261,0.0023975,0.2626500573730468,152293.89401269858,0.208067624499027,86.78524483796745,1.0
Llama2-13B,8,40,1,32,6,640,0.0023975,0.0003588139343261,0,0.0027563139343261,0.0023975,0.2626500573730468,152293.89401269858,0.2082703382461873,86.8697969744264,1.0
Llama2-13B,8,40,1,32,6,768,0.0023975,0.0003588139343261,0,0.0027563139343261,0.0023975,0.2626500573730468,152293.89401269858,0.2084730519933476,86.95434911088533,1.0
Llama2-13B,8,40,1,32,6,896,0.0023975,0.0003588139343261,0,0.0027563139343261,0.0023975,0.2626500573730468,152293.89401269858,0.2086757657405079,87.03890124734428,1.0
Llama2-13B,8,40,1,32,6,1024,0.0023975,0.0003588139343261,0,0.0027563139343261,0.0023975,0.2626500573730468,152293.89401269858,0.2088784794876683,87.12345338380322,1.0
Llama2-13B,8,40,1,32,6,1152,0.0023975,0.0003588139343261,0,0.0027563139343261,0.0023975,0.2626500573730468,152293.89401269858,0.2090811932348286,87.20800552026218,1.0
Llama2-13B,8,40,1,32,6,1280,0.0023975,0.0003588139343261,0,0.0027563139343261,0.0023975,0.2626500573730468,152293.89401269858,0.2092839069819889,87.29255765672112,1.0
Llama2-13B,8,40,1,32,6,1408,0.0023975,0.0003588139343261,0,0.0027563139343261,0.0023975,0.2626500573730468,152293.89401269858,0.2094866207291492,87.37710979318004,1.0
Llama2-13B,8,40,1,32,6,1536,0.0023975,0.0003588139343261,0,0.0027563139343261,0.0023975,0.2626500573730468,152293.89401269858,0.2096893344763095,87.46166192963899,1.0
Llama2-13B,8,40,1,32,6,1664,0.0023975,0.0003588139343261,0,0.0027563139343261,0.0023975,0.2626500573730468,152293.89401269858,0.2098920482234698,87.54621406609795,1.0
Llama2-13B,8,40,1,32,6,1792,0.0023975,0.0003588139343261,0,0.0027563139343261,0.0023975,0.2626500573730468,152293.89401269858,0.2100947619706301,87.6307662025569,1.0
Llama2-13B,8,40,1,32,6,1920,0.0023975,0.0003588139343261,0,0.0027563139343261,0.0023975,0.2626500573730468,152293.89401269858,0.2102974757177905,87.71531833901582,1.0
Llama2-13B,8,40,1,32,6,2048,0.0023975,0.0003588139343261,0,0.0027563139343261,0.0023975,0.2626500573730468,152293.89401269858,0.2105001894649508,87.79987047547478,1.0
Llama2-13B,8,40,1,32,6,2176,0.0023975,0.0003588139343261,0,0.0027563139343261,0.0023975,0.2626500573730468,152293.89401269858,0.2107029032121111,87.88442261193373,1.0
Llama2-13B,8,40,1,32,6,2304,0.0023975,0.0003588139343261,0,0.0027563139343261,0.0023975,0.2626500573730468,152293.89401269858,0.2109056169592714,87.96897474839267,1.0
Llama2-13B,8,40,1,32,6,2432,0.0023975,0.0003588139343261,0,0.0027563139343261,0.0023975,0.2626500573730468,152293.89401269858,0.2111083307064317,88.05352688485162,1.0
Llama2-13B,8,40,1,32,6,2560,0.0023975,0.0003588139343261,0,0.0027563139343261,0.0023975,0.2626500573730468,152293.89401269858,0.2113110444535921,88.13807902131056,1.0
Llama2-13B,8,40,1,32,6,2688,0.0023975,0.0003588139343261,0,0.0027563139343261,0.0023975,0.2626500573730468,152293.89401269858,0.2115137582007524,88.22263115776951,1.0
Llama2-13B,8,40,1,32,6,2816,0.0023975,0.0003588139343261,0,0.0027563139343261,0.0023975,0.2626500573730468,152293.89401269858,0.2117164719479127,88.30718329422845,1.0
Llama2-13B,8,40,1,32,6,2944,0.0023975,0.0003588139343261,0,0.0027563139343261,0.0023975,0.2626500573730468,152293.89401269858,0.211919185695073,88.39173543068739,1.0
Llama2-13B,8,40,1,32,6,3072,0.0023975,0.0003588139343261,0,0.0027563139343261,0.0023975,0.2626500573730468,152293.89401269858,0.2121218994422334,88.47628756714636,1.0
Llama2-13B,8,40,1,32,6,3200,0.0023975,0.0003588139343261,0,0.0027563139343261,0.0023975,0.2626500573730468,152293.89401269858,0.2123246131893937,88.56083970360527,1.0
Llama2-13B,8,40,1,32,6,3328,0.0023975,0.0003588139343261,0,0.0027563139343261,0.0023975,0.2626500573730468,152293.89401269858,0.212527326936554,88.64539184006422,1.0
Llama2-13B,8,40,1,32,6,3456,0.0023975,0.0003588139343261,0,0.0027563139343261,0.0023975,0.2626500573730468,152293.89401269858,0.2127300406837143,88.72994397652317,1.0
Llama2-13B,8,40,1,32,6,3584,0.0023975,0.0003588139343261,0,0.0027563139343261,0.0023975,0.2626500573730468,152293.89401269858,0.2129327544308746,88.8144961129821,1.0
Llama2-13B,8,40,1,32,6,3712,0.0023975,0.0003588139343261,0,0.0027563139343261,0.0023975,0.2626500573730468,152293.89401269858,0.2131354681780349,88.89904824944107,1.0
Llama2-13B,8,40,1,32,6,3840,0.0023975,0.0003588139343261,0,0.0027563139343261,0.0023975,0.2626500573730468,152293.89401269858,0.2133381819251953,88.9836003859,1.0
Llama2-13B,8,40,1,32,6,3968,0.0023975,0.0003588139343261,0,0.0027563139343261,0.0023975,0.2626500573730468,152293.89401269858,0.2135408956723556,89.06815252235896,1.0
Llama2-13B,8,40,1,32,6,4096,0.0023975,0.0003588139343261,0,0.0027563139343261,0.0023975,0.2626500573730468,152293.89401269858,0.2137436094195159,89.1527046588179,1.0
Llama2-13B,20,1,20,32,32,128,0.0017015,0.0094062218148367,0,0.0111077218148367,0.0017015,0.596010372593471,1677.8231486955744,14.483410053492516,212.8035564721204,1.0
Llama2-13B,20,1,20,32,32,256,0.0017015,0.0094062218148367,0,0.0111077218148367,0.0017015,0.596010372593471,1677.8231486955744,14.503681428208546,213.1014021188444,1.0
Llama2-13B,20,1,20,32,32,384,0.0017015,0.0094062218148367,0,0.0111077218148367,0.0017015,0.596010372593471,1677.8231486955744,14.523952802924578,213.3992477655683,1.0
Llama2-13B,20,1,20,32,32,512,0.0017015,0.0094062218148367,0,0.0111077218148367,0.0017015,0.596010372593471,1677.8231486955744,14.544224177640611,213.69709341229225,1.0
Llama2-13B,20,1,20,32,32,640,0.0017015,0.0094062218148367,0,0.0111077218148367,0.0017015,0.596010372593471,1677.8231486955744,14.564495552356645,213.99493905901625,1.0
Llama2-13B,20,1,20,32,32,768,0.0017015,0.0094062218148367,0,0.0111077218148367,0.0017015,0.596010372593471,1677.8231486955744,14.584766927072677,214.29278470574013,1.0
Llama2-13B,20,1,20,32,32,896,0.0017015,0.0094062218148367,0,0.0111077218148367,0.0017015,0.596010372593471,1677.8231486955744,14.605038301788708,214.5906303524641,1.0
Llama2-13B,20,1,20,32,32,1024,0.0017015,0.0094062218148367,0,0.0111077218148367,0.0017015,0.596010372593471,1677.8231486955744,14.62530967650474,214.88847599918805,1.0
Llama2-13B,20,1,20,32,32,1152,0.0017015,0.0094062218148367,0,0.0111077218148367,0.0017015,0.596010372593471,1677.8231486955744,14.645581051220772,215.18632164591205,1.0
Llama2-13B,20,1,20,32,32,1280,0.0017015,0.0094062218148367,0,0.0111077218148367,0.0017015,0.596010372593471,1677.8231486955744,14.665852425936803,215.484167292636,1.0
Llama2-13B,20,1,20,32,32,1408,0.0017015,0.0094062218148367,0,0.0111077218148367,0.0017015,0.596010372593471,1677.8231486955744,14.686123800652837,215.7820129393599,1.0
Llama2-13B,20,1,20,32,32,1536,0.0017015,0.0094062218148367,0,0.0111077218148367,0.0017015,0.596010372593471,1677.8231486955744,14.706395175368868,216.07985858608384,1.0
Llama2-13B,20,1,20,32,32,1664,0.0017015,0.0094062218148367,0,0.0111077218148367,0.0017015,0.596010372593471,1677.8231486955744,14.7266665500849,216.37770423280784,1.0
Llama2-13B,20,1,20,32,32,1792,0.0017015,0.0094062218148367,0,0.0111077218148367,0.0017015,0.596010372593471,1677.8231486955744,14.74693792480093,216.67554987953176,1.0
Llama2-13B,20,1,20,32,32,1920,0.0017015,0.0094062218148367,0,0.0111077218148367,0.0017015,0.596010372593471,1677.8231486955744,14.767209299516963,216.9733955262557,1.0
Llama2-13B,20,1,20,32,32,2048,0.0017015,0.0094062218148367,0,0.0111077218148367,0.0017015,0.596010372593471,1677.8231486955744,14.787480674232995,217.27124117297964,1.0
Llama2-13B,20,1,20,32,32,2176,0.0017015,0.0094062218148367,0,0.0111077218148367,0.0017015,0.596010372593471,1677.8231486955744,14.807752048949029,217.5690868197036,1.0
Llama2-13B,20,1,20,32,32,2304,0.0017015,0.0094062218148367,0,0.0111077218148367,0.0017015,0.596010372593471,1677.8231486955744,14.82802342366506,217.8669324664276,1.0
Llama2-13B,20,1,20,32,32,2432,0.0017015,0.0094062218148367,0,0.0111077218148367,0.0017015,0.596010372593471,1677.8231486955744,14.84829479838109,218.1647781131515,1.0
Llama2-13B,20,1,20,32,32,2560,0.0017015,0.0094062218148367,0,0.0111077218148367,0.0017015,0.596010372593471,1677.8231486955744,14.868566173097124,218.46262375987544,1.0
Llama2-13B,20,1,20,32,32,2688,0.0017015,0.0094062218148367,0,0.0111077218148367,0.0017015,0.596010372593471,1677.8231486955744,14.888837547813155,218.7604694065994,1.0
Llama2-13B,20,1,20,32,32,2816,0.0017015,0.0094062218148367,0,0.0111077218148367,0.0017015,0.596010372593471,1677.8231486955744,14.909108922529189,219.05831505332333,1.0
Llama2-13B,20,1,20,32,32,2944,0.0017015,0.0094062218148367,0,0.0111077218148367,0.0017015,0.596010372593471,1677.8231486955744,14.92938029724522,219.3561607000473,1.0
Llama2-13B,20,1,20,32,32,3072,0.0017015,0.0094062218148367,0,0.0111077218148367,0.0017015,0.596010372593471,1677.8231486955744,14.949651671961252,219.65400634677124,1.0
Llama2-13B,20,1,20,32,32,3200,0.0017015,0.0094062218148367,0,0.0111077218148367,0.0017015,0.596010372593471,1677.8231486955744,14.969923046677282,219.9518519934952,1.0
Llama2-13B,20,1,20,32,32,3328,0.0017015,0.0094062218148367,0,0.0111077218148367,0.0017015,0.596010372593471,1677.8231486955744,14.990194421393316,220.24969764021915,1.0
Llama2-13B,20,1,20,32,32,3456,0.0017015,0.0094062218148367,0,0.0111077218148367,0.0017015,0.596010372593471,1677.8231486955744,15.010465796109346,220.5475432869431,1.0
Llama2-13B,20,1,20,32,32,3584,0.0017015,0.0094062218148367,0,0.0111077218148367,0.0017015,0.596010372593471,1677.8231486955744,15.03073717082538,220.84538893366704,1.0
Llama2-13B,20,1,20,32,32,3712,0.0017015,0.0094062218148367,0,0.0111077218148367,0.0017015,0.596010372593471,1677.8231486955744,15.05100854554141,221.14323458039087,1.0
Llama2-13B,20,1,20,32,32,3840,0.0017015,0.0094062218148367,0,0.0111077218148367,0.0017015,0.596010372593471,1677.8231486955744,15.071279920257444,221.44108022711487,1.0
Llama2-13B,20,1,20,32,32,3968,0.0017015,0.0094062218148367,0,0.0111077218148367,0.0017015,0.596010372593471,1677.8231486955744,15.091551294973476,221.7389258738389,1.0
Llama2-13B,20,1,20,32,32,4096,0.0017015,0.0094062218148367,0,0.0111077218148367,0.0017015,0.596010372593471,1677.8231486955744,15.111822669689506,222.03677152056284,1.0
Llama2-13B,20,2,10,32,32,128,0.0017015,0.0091337434387207,0,0.0108352434387207,0.0017015,0.5851112375488281,3418.153458098808,7.241705026746257,212.8035564721204,1.0
Llama2-13B,20,2,10,32,32,256,0.0017015,0.0091337434387207,0,0.0108352434387207,0.0017015,0.5851112375488281,3418.153458098808,7.251840714104273,213.1014021188444,1.0
Llama2-13B,20,2,10,32,32,384,0.0017015,0.0091337434387207,0,0.0108352434387207,0.0017015,0.5851112375488281,3418.153458098808,7.261976401462289,213.3992477655683,1.0
Llama2-13B,20,2,10,32,32,512,0.0017015,0.0091337434387207,0,0.0108352434387207,0.0017015,0.5851112375488281,3418.153458098808,7.272112088820306,213.69709341229225,1.0
Llama2-13B,20,2,10,32,32,640,0.0017015,0.0091337434387207,0,0.0108352434387207,0.0017015,0.5851112375488281,3418.153458098808,7.282247776178322,213.99493905901625,1.0
Llama2-13B,20,2,10,32,32,768,0.0017015,0.0091337434387207,0,0.0108352434387207,0.0017015,0.5851112375488281,3418.153458098808,7.292383463536338,214.29278470574013,1.0
Llama2-13B,20,2,10,32,32,896,0.0017015,0.0091337434387207,0,0.0108352434387207,0.0017015,0.5851112375488281,3418.153458098808,7.302519150894354,214.5906303524641,1.0
Llama2-13B,20,2,10,32,32,1024,0.0017015,0.0091337434387207,0,0.0108352434387207,0.0017015,0.5851112375488281,3418.153458098808,7.31265483825237,214.88847599918805,1.0
Llama2-13B,20,2,10,32,32,1152,0.0017015,0.0091337434387207,0,0.0108352434387207,0.0017015,0.5851112375488281,3418.153458098808,7.322790525610386,215.18632164591205,1.0
Llama2-13B,20,2,10,32,32,1280,0.0017015,0.0091337434387207,0,0.0108352434387207,0.0017015,0.5851112375488281,3418.153458098808,7.332926212968402,215.484167292636,1.0
Llama2-13B,20,2,10,32,32,1408,0.0017015,0.0091337434387207,0,0.0108352434387207,0.0017015,0.5851112375488281,3418.153458098808,7.3430619003264175,215.7820129393599,1.0
Llama2-13B,20,2,10,32,32,1536,0.0017015,0.0091337434387207,0,0.0108352434387207,0.0017015,0.5851112375488281,3418.153458098808,7.353197587684433,216.07985858608384,1.0
Llama2-13B,20,2,10,32,32,1664,0.0017015,0.0091337434387207,0,0.0108352434387207,0.0017015,0.5851112375488281,3418.153458098808,7.36333327504245,216.37770423280784,1.0
Llama2-13B,20,2,10,32,32,1792,0.0017015,0.0091337434387207,0,0.0108352434387207,0.0017015,0.5851112375488281,3418.153458098808,7.373468962400465,216.67554987953176,1.0
Llama2-13B,20,2,10,32,32,1920,0.0017015,0.0091337434387207,0,0.0108352434387207,0.0017015,0.5851112375488281,3418.153458098808,7.383604649758482,216.9733955262557,1.0
Llama2-13B,20,2,10,32,32,2048,0.0017015,0.0091337434387207,0,0.0108352434387207,0.0017015,0.5851112375488281,3418.153458098808,7.393740337116497,217.27124117297964,1.0
Llama2-13B,20,2,10,32,32,2176,0.0017015,0.0091337434387207,0,0.0108352434387207,0.0017015,0.5851112375488281,3418.153458098808,7.403876024474513,217.5690868197036,1.0
Llama2-13B,20,2,10,32,32,2304,0.0017015,0.0091337434387207,0,0.0108352434387207,0.0017015,0.5851112375488281,3418.153458098808,7.414011711832529,217.8669324664276,1.0
Llama2-13B,20,2,10,32,32,2432,0.0017015,0.0091337434387207,0,0.0108352434387207,0.0017015,0.5851112375488281,3418.153458098808,7.424147399190545,218.1647781131515,1.0
Llama2-13B,20,2,10,32,32,2560,0.0017015,0.0091337434387207,0,0.0108352434387207,0.0017015,0.5851112375488281,3418.153458098808,7.434283086548563,218.46262375987544,1.0
Llama2-13B,20,2,10,32,32,2688,0.0017015,0.0091337434387207,0,0.0108352434387207,0.0017015,0.5851112375488281,3418.153458098808,7.444418773906579,218.7604694065994,1.0
Llama2-13B,20,2,10,32,32,2816,0.0017015,0.0091337434387207,0,0.0108352434387207,0.0017015,0.5851112375488281,3418.153458098808,7.454554461264594,219.05831505332333,1.0
Llama2-13B,20,2,10,32,32,2944,0.0017015,0.0091337434387207,0,0.0108352434387207,0.0017015,0.5851112375488281,3418.153458098808,7.464690148622609,219.3561607000473,1.0
Llama2-13B,20,2,10,32,32,3072,0.0017015,0.0091337434387207,0,0.0108352434387207,0.0017015,0.5851112375488281,3418.153458098808,7.474825835980626,219.65400634677124,1.0
Llama2-13B,20,2,10,32,32,3200,0.0017015,0.0091337434387207,0,0.0108352434387207,0.0017015,0.5851112375488281,3418.153458098808,7.484961523338641,219.9518519934952,1.0
Llama2-13B,20,2,10,32,32,3328,0.0017015,0.0091337434387207,0,0.0108352434387207,0.0017015,0.5851112375488281,3418.153458098808,7.495097210696658,220.24969764021915,1.0
Llama2-13B,20,2,10,32,32,3456,0.0017015,0.0091337434387207,0,0.0108352434387207,0.0017015,0.5851112375488281,3418.153458098808,7.505232898054673,220.5475432869431,1.0
Llama2-13B,20,2,10,32,32,3584,0.0017015,0.0091337434387207,0,0.0108352434387207,0.0017015,0.5851112375488281,3418.153458098808,7.51536858541269,220.84538893366704,1.0
Llama2-13B,20,2,10,32,32,3712,0.0017015,0.0091337434387207,0,0.0108352434387207,0.0017015,0.5851112375488281,3418.153458098808,7.525504272770705,221.14323458039087,1.0
Llama2-13B,20,2,10,32,32,3840,0.0017015,0.0091337434387207,0,0.0108352434387207,0.0017015,0.5851112375488281,3418.153458098808,7.535639960128722,221.44108022711487,1.0
Llama2-13B,20,2,10,32,32,3968,0.0017015,0.0091337434387207,0,0.0108352434387207,0.0017015,0.5851112375488281,3418.153458098808,7.545775647486738,221.7389258738389,1.0
Llama2-13B,20,2,10,32,32,4096,0.0017015,0.0091337434387207,0,0.0108352434387207,0.0017015,0.5851112375488281,3418.153458098808,7.555911334844753,222.0367715205629,1.0
Llama2-13B,20,4,5,32,32,128,0.0017015,0.0085462119402204,0,0.0102477119402204,0.0017015,0.5616099776088169,7122.380583462772,3.6208525133731286,212.8035564721204,1.0
Llama2-13B,20,4,5,32,32,256,0.0017015,0.0085462119402204,0,0.0102477119402204,0.0017015,0.5616099776088169,7122.380583462772,3.625920357052137,213.1014021188444,1.0
Llama2-13B,20,4,5,32,32,384,0.0017015,0.0085462119402204,0,0.0102477119402204,0.0017015,0.5616099776088169,7122.380583462772,3.630988200731145,213.3992477655683,1.0
Llama2-13B,20,4,5,32,32,512,0.0017015,0.0085462119402204,0,0.0102477119402204,0.0017015,0.5616099776088169,7122.380583462772,3.636056044410153,213.69709341229225,1.0
Llama2-13B,20,4,5,32,32,640,0.0017015,0.0085462119402204,0,0.0102477119402204,0.0017015,0.5616099776088169,7122.380583462772,3.641123888089161,213.99493905901625,1.0
Llama2-13B,20,4,5,32,32,768,0.0017015,0.0085462119402204,0,0.0102477119402204,0.0017015,0.5616099776088169,7122.380583462772,3.646191731768169,214.29278470574013,1.0
Llama2-13B,20,4,5,32,32,896,0.0017015,0.0085462119402204,0,0.0102477119402204,0.0017015,0.5616099776088169,7122.380583462772,3.651259575447177,214.5906303524641,1.0
Llama2-13B,20,4,5,32,32,1024,0.0017015,0.0085462119402204,0,0.0102477119402204,0.0017015,0.5616099776088169,7122.380583462772,3.656327419126185,214.88847599918805,1.0
Llama2-13B,20,4,5,32,32,1152,0.0017015,0.0085462119402204,0,0.0102477119402204,0.0017015,0.5616099776088169,7122.380583462772,3.661395262805193,215.18632164591205,1.0
Llama2-13B,20,4,5,32,32,1280,0.0017015,0.0085462119402204,0,0.0102477119402204,0.0017015,0.5616099776088169,7122.380583462772,3.666463106484201,215.484167292636,1.0
Llama2-13B,20,4,5,32,32,1408,0.0017015,0.0085462119402204,0,0.0102477119402204,0.0017015,0.5616099776088169,7122.380583462772,3.6715309501632087,215.7820129393599,1.0
Llama2-13B,20,4,5,32,32,1536,0.0017015,0.0085462119402204,0,0.0102477119402204,0.0017015,0.5616099776088169,7122.380583462772,3.6765987938422167,216.07985858608384,1.0
Llama2-13B,20,4,5,32,32,1664,0.0017015,0.0085462119402204,0,0.0102477119402204,0.0017015,0.5616099776088169,7122.380583462772,3.681666637521225,216.37770423280784,1.0
Llama2-13B,20,4,5,32,32,1792,0.0017015,0.0085462119402204,0,0.0102477119402204,0.0017015,0.5616099776088169,7122.380583462772,3.686734481200233,216.67554987953176,1.0
Llama2-13B,20,4,5,32,32,1920,0.0017015,0.0085462119402204,0,0.0102477119402204,0.0017015,0.5616099776088169,7122.380583462772,3.691802324879241,216.9733955262557,1.0
Llama2-13B,20,4,5,32,32,2048,0.0017015,0.0085462119402204,0,0.0102477119402204,0.0017015,0.5616099776088169,7122.380583462772,3.696870168558248,217.27124117297964,1.0
Llama2-13B,20,4,5,32,32,2176,0.0017015,0.0085462119402204,0,0.0102477119402204,0.0017015,0.5616099776088169,7122.380583462772,3.7019380122372567,217.5690868197036,1.0
Llama2-13B,20,4,5,32,32,2304,0.0017015,0.0085462119402204,0,0.0102477119402204,0.0017015,0.5616099776088169,7122.380583462772,3.7070058559162646,217.8669324664276,1.0
Llama2-13B,20,4,5,32,32,2432,0.0017015,0.0085462119402204,0,0.0102477119402204,0.0017015,0.5616099776088169,7122.380583462772,3.712073699595273,218.1647781131515,1.0
Llama2-13B,20,4,5,32,32,2560,0.0017015,0.0085462119402204,0,0.0102477119402204,0.0017015,0.5616099776088169,7122.380583462772,3.717141543274282,218.46262375987544,1.0
Llama2-13B,20,4,5,32,32,2688,0.0017015,0.0085462119402204,0,0.0102477119402204,0.0017015,0.5616099776088169,7122.380583462772,3.722209386953289,218.7604694065994,1.0
Llama2-13B,20,4,5,32,32,2816,0.0017015,0.0085462119402204,0,0.0102477119402204,0.0017015,0.5616099776088169,7122.380583462772,3.727277230632297,219.05831505332333,1.0
Llama2-13B,20,4,5,32,32,2944,0.0017015,0.0085462119402204,0,0.0102477119402204,0.0017015,0.5616099776088169,7122.380583462772,3.7323450743113047,219.3561607000473,1.0
Llama2-13B,20,4,5,32,32,3072,0.0017015,0.0085462119402204,0,0.0102477119402204,0.0017015,0.5616099776088169,7122.380583462772,3.737412917990313,219.65400634677124,1.0
Llama2-13B,20,4,5,32,32,3200,0.0017015,0.0085462119402204,0,0.0102477119402204,0.0017015,0.5616099776088169,7122.380583462772,3.742480761669321,219.9518519934952,1.0
Llama2-13B,20,4,5,32,32,3328,0.0017015,0.0085462119402204,0,0.0102477119402204,0.0017015,0.5616099776088169,7122.380583462772,3.747548605348329,220.24969764021915,1.0
Llama2-13B,20,4,5,32,32,3456,0.0017015,0.0085462119402204,0,0.0102477119402204,0.0017015,0.5616099776088169,7122.380583462772,3.752616449027336,220.5475432869431,1.0
Llama2-13B,20,4,5,32,32,3584,0.0017015,0.0085462119402204,0,0.0102477119402204,0.0017015,0.5616099776088169,7122.380583462772,3.757684292706345,220.84538893366704,1.0
Llama2-13B,20,4,5,32,32,3712,0.0017015,0.0085462119402204,0,0.0102477119402204,0.0017015,0.5616099776088169,7122.380583462772,3.7627521363853527,221.14323458039087,1.0
Llama2-13B,20,4,5,32,32,3840,0.0017015,0.0085462119402204,0,0.0102477119402204,0.0017015,0.5616099776088169,7122.380583462772,3.767819980064361,221.44108022711487,1.0
Llama2-13B,20,4,5,32,32,3968,0.0017015,0.0085462119402204,0,0.0102477119402204,0.0017015,0.5616099776088169,7122.380583462772,3.772887823743369,221.7389258738389,1.0
Llama2-13B,20,4,5,32,32,4096,0.0017015,0.0085462119402204,0,0.0102477119402204,0.0017015,0.5616099776088169,7122.380583462772,3.777955667422376,222.03677152056284,1.0
Llama2-13B,20,5,4,32,32,128,0.0017015,0.0083929428536551,0,0.0100944428536551,0.0017015,0.5554792141462054,9001.236900799624,2.8966820106985023,212.8035564721204,1.0
Llama2-13B,20,5,4,32,32,256,0.0017015,0.0083929428536551,0,0.0100944428536551,0.0017015,0.5554792141462054,9001.236900799624,2.9007362856417087,213.1014021188444,1.0
Llama2-13B,20,5,4,32,32,384,0.0017015,0.0083929428536551,0,0.0100944428536551,0.0017015,0.5554792141462054,9001.236900799624,2.904790560584915,213.3992477655683,1.0
Llama2-13B,20,5,4,32,32,512,0.0017015,0.0083929428536551,0,0.0100944428536551,0.0017015,0.5554792141462054,9001.236900799624,2.9088448355281216,213.69709341229225,1.0
Llama2-13B,20,5,4,32,32,640,0.0017015,0.0083929428536551,0,0.0100944428536551,0.0017015,0.5554792141462054,9001.236900799624,2.9128991104713284,213.99493905901625,1.0
Llama2-13B,20,5,4,32,32,768,0.0017015,0.0083929428536551,0,0.0100944428536551,0.0017015,0.5554792141462054,9001.236900799624,2.916953385414534,214.29278470574013,1.0
Llama2-13B,20,5,4,32,32,896,0.0017015,0.0083929428536551,0,0.0100944428536551,0.0017015,0.5554792141462054,9001.236900799624,2.9210076603577404,214.5906303524641,1.0
Llama2-13B,20,5,4,32,32,1024,0.0017015,0.0083929428536551,0,0.0100944428536551,0.0017015,0.5554792141462054,9001.236900799624,2.925061935300947,214.88847599918805,1.0
Llama2-13B,20,5,4,32,32,1152,0.0017015,0.0083929428536551,0,0.0100944428536551,0.0017015,0.5554792141462054,9001.236900799624,2.9291162102441537,215.18632164591205,1.0
Llama2-13B,20,5,4,32,32,1280,0.0017015,0.0083929428536551,0,0.0100944428536551,0.0017015,0.5554792141462054,9001.236900799624,2.93317048518736,215.484167292636,1.0
Llama2-13B,20,5,4,32,32,1408,0.0017015,0.0083929428536551,0,0.0100944428536551,0.0017015,0.5554792141462054,9001.236900799624,2.937224760130566,215.7820129393599,1.0
Llama2-13B,20,5,4,32,32,1536,0.0017015,0.0083929428536551,0,0.0100944428536551,0.0017015,0.5554792141462054,9001.236900799624,2.941279035073773,216.07985858608384,1.0
Llama2-13B,20,5,4,32,32,1664,0.0017015,0.0083929428536551,0,0.0100944428536551,0.0017015,0.5554792141462054,9001.236900799624,2.9453333100169794,216.37770423280784,1.0
Llama2-13B,20,5,4,32,32,1792,0.0017015,0.0083929428536551,0,0.0100944428536551,0.0017015,0.5554792141462054,9001.236900799624,2.9493875849601854,216.67554987953176,1.0
Llama2-13B,20,5,4,32,32,1920,0.0017015,0.0083929428536551,0,0.0100944428536551,0.0017015,0.5554792141462054,9001.236900799624,2.9534418599033923,216.9733955262557,1.0
Llama2-13B,20,5,4,32,32,2048,0.0017015,0.0083929428536551,0,0.0100944428536551,0.0017015,0.5554792141462054,9001.236900799624,2.9574961348465987,217.27124117297964,1.0
Llama2-13B,20,5,4,32,32,2176,0.0017015,0.0083929428536551,0,0.0100944428536551,0.0017015,0.5554792141462054,9001.236900799624,2.961550409789805,217.5690868197036,1.0
Llama2-13B,20,5,4,32,32,2304,0.0017015,0.0083929428536551,0,0.0100944428536551,0.0017015,0.5554792141462054,9001.236900799624,2.9656046847330115,217.8669324664276,1.0
Llama2-13B,20,5,4,32,32,2432,0.0017015,0.0083929428536551,0,0.0100944428536551,0.0017015,0.5554792141462054,9001.236900799624,2.969658959676217,218.1647781131515,1.0
Llama2-13B,20,5,4,32,32,2560,0.0017015,0.0083929428536551,0,0.0100944428536551,0.0017015,0.5554792141462054,9001.236900799624,2.973713234619424,218.46262375987544,1.0
Llama2-13B,20,5,4,32,32,2688,0.0017015,0.0083929428536551,0,0.0100944428536551,0.0017015,0.5554792141462054,9001.236900799624,2.9777675095626304,218.7604694065994,1.0
Llama2-13B,20,5,4,32,32,2816,0.0017015,0.0083929428536551,0,0.0100944428536551,0.0017015,0.5554792141462054,9001.236900799624,2.981821784505837,219.05831505332333,1.0
Llama2-13B,20,5,4,32,32,2944,0.0017015,0.0083929428536551,0,0.0100944428536551,0.0017015,0.5554792141462054,9001.236900799624,2.985876059449043,219.3561607000473,1.0
Llama2-13B,20,5,4,32,32,3072,0.0017015,0.0083929428536551,0,0.0100944428536551,0.0017015,0.5554792141462054,9001.236900799624,2.9899303343922496,219.65400634677124,1.0
Llama2-13B,20,5,4,32,32,3200,0.0017015,0.0083929428536551,0,0.0100944428536551,0.0017015,0.5554792141462054,9001.236900799624,2.9939846093354565,219.9518519934952,1.0
Llama2-13B,20,5,4,32,32,3328,0.0017015,0.0083929428536551,0,0.0100944428536551,0.0017015,0.5554792141462054,9001.236900799624,2.9980388842786625,220.24969764021915,1.0
Llama2-13B,20,5,4,32,32,3456,0.0017015,0.0083929428536551,0,0.0100944428536551,0.0017015,0.5554792141462054,9001.236900799624,3.0020931592218685,220.5475432869431,1.0
Llama2-13B,20,5,4,32,32,3584,0.0017015,0.0083929428536551,0,0.0100944428536551,0.0017015,0.5554792141462054,9001.236900799624,3.006147434165075,220.84538893366704,1.0
Llama2-13B,20,5,4,32,32,3712,0.0017015,0.0083929428536551,0,0.0100944428536551,0.0017015,0.5554792141462054,9001.236900799624,3.0102017091082818,221.14323458039087,1.0
Llama2-13B,20,5,4,32,32,3840,0.0017015,0.0083929428536551,0,0.0100944428536551,0.0017015,0.5554792141462054,9001.236900799624,3.014255984051488,221.44108022711487,1.0
Llama2-13B,20,5,4,32,32,3968,0.0017015,0.0083929428536551,0,0.0100944428536551,0.0017015,0.5554792141462054,9001.236900799624,3.018310258994694,221.7389258738389,1.0
Llama2-13B,20,5,4,32,32,4096,0.0017015,0.0083929428536551,0,0.0100944428536551,0.0017015,0.5554792141462054,9001.236900799624,3.022364533937901,222.03677152056284,1.0
Llama2-13B,20,10,2,32,32,128,0.0017015,0.0074477834865025,0,0.0091492834865025,0.0017015,0.5176728394601005,19317.2197529802,1.4483410053492511,212.8035564721204,1.0
Llama2-13B,20,10,2,32,32,256,0.0017015,0.0074477834865025,0,0.0091492834865025,0.0017015,0.5176728394601005,19317.2197529802,1.4503681428208544,213.1014021188444,1.0
Llama2-13B,20,10,2,32,32,384,0.0017015,0.0074477834865025,0,0.0091492834865025,0.0017015,0.5176728394601005,19317.2197529802,1.4523952802924576,213.3992477655683,1.0
Llama2-13B,20,10,2,32,32,512,0.0017015,0.0074477834865025,0,0.0091492834865025,0.0017015,0.5176728394601005,19317.2197529802,1.4544224177640608,213.69709341229225,1.0
Llama2-13B,20,10,2,32,32,640,0.0017015,0.0074477834865025,0,0.0091492834865025,0.0017015,0.5176728394601005,19317.2197529802,1.4564495552356642,213.99493905901625,1.0
Llama2-13B,20,10,2,32,32,768,0.0017015,0.0074477834865025,0,0.0091492834865025,0.0017015,0.5176728394601005,19317.2197529802,1.458476692707267,214.29278470574013,1.0
Llama2-13B,20,10,2,32,32,896,0.0017015,0.0074477834865025,0,0.0091492834865025,0.0017015,0.5176728394601005,19317.2197529802,1.4605038301788702,214.5906303524641,1.0
Llama2-13B,20,10,2,32,32,1024,0.0017015,0.0074477834865025,0,0.0091492834865025,0.0017015,0.5176728394601005,19317.2197529802,1.4625309676504734,214.88847599918805,1.0
Llama2-13B,20,10,2,32,32,1152,0.0017015,0.0074477834865025,0,0.0091492834865025,0.0017015,0.5176728394601005,19317.2197529802,1.4645581051220768,215.18632164591205,1.0
Llama2-13B,20,10,2,32,32,1280,0.0017015,0.0074477834865025,0,0.0091492834865025,0.0017015,0.5176728394601005,19317.2197529802,1.4665852425936798,215.484167292636,1.0
Llama2-13B,20,10,2,32,32,1408,0.0017015,0.0074477834865025,0,0.0091492834865025,0.0017015,0.5176728394601005,19317.2197529802,1.468612380065283,215.7820129393599,1.0
Llama2-13B,20,10,2,32,32,1536,0.0017015,0.0074477834865025,0,0.0091492834865025,0.0017015,0.5176728394601005,19317.2197529802,1.4706395175368865,216.07985858608384,1.0
Llama2-13B,20,10,2,32,32,1664,0.0017015,0.0074477834865025,0,0.0091492834865025,0.0017015,0.5176728394601005,19317.2197529802,1.4726666550084897,216.37770423280784,1.0
Llama2-13B,20,10,2,32,32,1792,0.0017015,0.0074477834865025,0,0.0091492834865025,0.0017015,0.5176728394601005,19317.2197529802,1.4746937924800927,216.67554987953176,1.0
Llama2-13B,20,10,2,32,32,1920,0.0017015,0.0074477834865025,0,0.0091492834865025,0.0017015,0.5176728394601005,19317.2197529802,1.476720929951696,216.9733955262557,1.0
Llama2-13B,20,10,2,32,32,2048,0.0017015,0.0074477834865025,0,0.0091492834865025,0.0017015,0.5176728394601005,19317.2197529802,1.4787480674232991,217.27124117297964,1.0
Llama2-13B,20,10,2,32,32,2176,0.0017015,0.0074477834865025,0,0.0091492834865025,0.0017015,0.5176728394601005,19317.2197529802,1.4807752048949026,217.5690868197036,1.0
Llama2-13B,20,10,2,32,32,2304,0.0017015,0.0074477834865025,0,0.0091492834865025,0.0017015,0.5176728394601005,19317.2197529802,1.4828023423665058,217.8669324664276,1.0
Llama2-13B,20,10,2,32,32,2432,0.0017015,0.0074477834865025,0,0.0091492834865025,0.0017015,0.5176728394601005,19317.2197529802,1.4848294798381088,218.1647781131515,1.0
Llama2-13B,20,10,2,32,32,2560,0.0017015,0.0074477834865025,0,0.0091492834865025,0.0017015,0.5176728394601005,19317.2197529802,1.486856617309712,218.46262375987544,1.0
Llama2-13B,20,10,2,32,32,2688,0.0017015,0.0074477834865025,0,0.0091492834865025,0.0017015,0.5176728394601005,19317.2197529802,1.4888837547813152,218.7604694065994,1.0
Llama2-13B,20,10,2,32,32,2816,0.0017015,0.0074477834865025,0,0.0091492834865025,0.0017015,0.5176728394601005,19317.2197529802,1.4909108922529186,219.05831505332333,1.0
Llama2-13B,20,10,2,32,32,2944,0.0017015,0.0074477834865025,0,0.0091492834865025,0.0017015,0.5176728394601005,19317.2197529802,1.4929380297245216,219.3561607000473,1.0
Llama2-13B,20,10,2,32,32,3072,0.0017015,0.0074477834865025,0,0.0091492834865025,0.0017015,0.5176728394601005,19317.2197529802,1.4949651671961248,219.65400634677124,1.0
Llama2-13B,20,10,2,32,32,3200,0.0017015,0.0074477834865025,0,0.0091492834865025,0.0017015,0.5176728394601005,19317.2197529802,1.4969923046677285,219.9518519934952,1.0
Llama2-13B,20,10,2,32,32,3328,0.0017015,0.0074477834865025,0,0.0091492834865025,0.0017015,0.5176728394601005,19317.2197529802,1.4990194421393312,220.24969764021915,1.0
Llama2-13B,20,10,2,32,32,3456,0.0017015,0.0074477834865025,0,0.0091492834865025,0.0017015,0.5176728394601005,19317.2197529802,1.5010465796109342,220.5475432869431,1.0
Llama2-13B,20,10,2,32,32,3584,0.0017015,0.0074477834865025,0,0.0091492834865025,0.0017015,0.5176728394601005,19317.2197529802,1.5030737170825377,220.84538893366704,1.0
Llama2-13B,20,10,2,32,32,3712,0.0017015,0.0074477834865025,0,0.0091492834865025,0.0017015,0.5176728394601005,19317.2197529802,1.5051008545541409,221.14323458039087,1.0
Llama2-13B,20,10,2,32,32,3840,0.0017015,0.0074477834865025,0,0.0091492834865025,0.0017015,0.5176728394601005,19317.2197529802,1.507127992025744,221.44108022711487,1.0
Llama2-13B,20,10,2,32,32,3968,0.0017015,0.0074477834865025,0,0.0091492834865025,0.0017015,0.5176728394601005,19317.2197529802,1.509155129497347,221.7389258738389,1.0
Llama2-13B,20,10,2,32,32,4096,0.0017015,0.0074477834865025,0,0.0091492834865025,0.0017015,0.5176728394601005,19317.2197529802,1.5111822669689503,222.03677152056284,1.0
Llama2-13B,20,20,1,32,32,128,0.0017015,0.0056851889910016,0,0.0073866889910016,0.0017015,0.4471690596400669,44725.813579540365,0.7241705026746256,212.8035564721204,1.0
Llama2-13B,20,20,1,32,32,256,0.0017015,0.0056851889910016,0,0.0073866889910016,0.0017015,0.4471690596400669,44725.813579540365,0.7251840714104272,213.1014021188444,1.0
Llama2-13B,20,20,1,32,32,384,0.0017015,0.0056851889910016,0,0.0073866889910016,0.0017015,0.4471690596400669,44725.813579540365,0.7261976401462288,213.3992477655683,1.0
Llama2-13B,20,20,1,32,32,512,0.0017015,0.0056851889910016,0,0.0073866889910016,0.0017015,0.4471690596400669,44725.813579540365,0.7272112088820304,213.69709341229225,1.0
Llama2-13B,20,20,1,32,32,640,0.0017015,0.0056851889910016,0,0.0073866889910016,0.0017015,0.4471690596400669,44725.813579540365,0.7282247776178321,213.99493905901625,1.0
Llama2-13B,20,20,1,32,32,768,0.0017015,0.0056851889910016,0,0.0073866889910016,0.0017015,0.4471690596400669,44725.813579540365,0.7292383463536335,214.29278470574013,1.0
Llama2-13B,20,20,1,32,32,896,0.0017015,0.0056851889910016,0,0.0073866889910016,0.0017015,0.4471690596400669,44725.813579540365,0.7302519150894351,214.5906303524641,1.0
Llama2-13B,20,20,1,32,32,1024,0.0017015,0.0056851889910016,0,0.0073866889910016,0.0017015,0.4471690596400669,44725.813579540365,0.7312654838252367,214.88847599918805,1.0
Llama2-13B,20,20,1,32,32,1152,0.0017015,0.0056851889910016,0,0.0073866889910016,0.0017015,0.4471690596400669,44725.813579540365,0.7322790525610384,215.18632164591205,1.0
Llama2-13B,20,20,1,32,32,1280,0.0017015,0.0056851889910016,0,0.0073866889910016,0.0017015,0.4471690596400669,44725.813579540365,0.7332926212968399,215.484167292636,1.0
Llama2-13B,20,20,1,32,32,1408,0.0017015,0.0056851889910016,0,0.0073866889910016,0.0017015,0.4471690596400669,44725.813579540365,0.7343061900326415,215.7820129393599,1.0
Llama2-13B,20,20,1,32,32,1536,0.0017015,0.0056851889910016,0,0.0073866889910016,0.0017015,0.4471690596400669,44725.813579540365,0.7353197587684432,216.07985858608384,1.0
Llama2-13B,20,20,1,32,32,1664,0.0017015,0.0056851889910016,0,0.0073866889910016,0.0017015,0.4471690596400669,44725.813579540365,0.7363333275042449,216.37770423280784,1.0
Llama2-13B,20,20,1,32,32,1792,0.0017015,0.0056851889910016,0,0.0073866889910016,0.0017015,0.4471690596400669,44725.813579540365,0.7373468962400463,216.67554987953176,1.0
Llama2-13B,20,20,1,32,32,1920,0.0017015,0.0056851889910016,0,0.0073866889910016,0.0017015,0.4471690596400669,44725.813579540365,0.7383604649758481,216.9733955262557,1.0
Llama2-13B,20,20,1,32,32,2048,0.0017015,0.0056851889910016,0,0.0073866889910016,0.0017015,0.4471690596400669,44725.813579540365,0.7393740337116497,217.27124117297964,1.0
Llama2-13B,20,20,1,32,32,2176,0.0017015,0.0056851889910016,0,0.0073866889910016,0.0017015,0.4471690596400669,44725.813579540365,0.7403876024474513,217.5690868197036,1.0
Llama2-13B,20,20,1,32,32,2304,0.0017015,0.0056851889910016,0,0.0073866889910016,0.0017015,0.4471690596400669,44725.813579540365,0.7414011711832529,217.8669324664276,1.0
Llama2-13B,20,20,1,32,32,2432,0.0017015,0.0056851889910016,0,0.0073866889910016,0.0017015,0.4471690596400669,44725.813579540365,0.7424147399190544,218.1647781131515,1.0
Llama2-13B,20,20,1,32,32,2560,0.0017015,0.0056851889910016,0,0.0073866889910016,0.0017015,0.4471690596400669,44725.813579540365,0.743428308654856,218.46262375987544,1.0
Llama2-13B,20,20,1,32,32,2688,0.0017015,0.0056851889910016,0,0.0073866889910016,0.0017015,0.4471690596400669,44725.813579540365,0.7444418773906576,218.7604694065994,1.0
Llama2-13B,20,20,1,32,32,2816,0.0017015,0.0056851889910016,0,0.0073866889910016,0.0017015,0.4471690596400669,44725.813579540365,0.7454554461264593,219.05831505332333,1.0
Llama2-13B,20,20,1,32,32,2944,0.0017015,0.0056851889910016,0,0.0073866889910016,0.0017015,0.4471690596400669,44725.813579540365,0.7464690148622608,219.3561607000473,1.0
Llama2-13B,20,20,1,32,32,3072,0.0017015,0.0056851889910016,0,0.0073866889910016,0.0017015,0.4471690596400669,44725.813579540365,0.7474825835980624,219.65400634677124,1.0
Llama2-13B,20,20,1,32,32,3200,0.0017015,0.0056851889910016,0,0.0073866889910016,0.0017015,0.4471690596400669,44725.813579540365,0.7484961523338641,219.9518519934952,1.0
Llama2-13B,20,20,1,32,32,3328,0.0017015,0.0056851889910016,0,0.0073866889910016,0.0017015,0.4471690596400669,44725.813579540365,0.7495097210696656,220.24969764021915,1.0
Llama2-13B,20,20,1,32,32,3456,0.0017015,0.0056851889910016,0,0.0073866889910016,0.0017015,0.4471690596400669,44725.813579540365,0.7505232898054671,220.5475432869431,1.0
Llama2-13B,20,20,1,32,32,3584,0.0017015,0.0056851889910016,0,0.0073866889910016,0.0017015,0.4471690596400669,44725.813579540365,0.7515368585412687,220.84538893366704,1.0
Llama2-13B,20,20,1,32,32,3712,0.0017015,0.0056851889910016,0,0.0073866889910016,0.0017015,0.4471690596400669,44725.813579540365,0.7525504272770704,221.14323458039087,1.0
Llama2-13B,20,20,1,32,32,3840,0.0017015,0.0056851889910016,0,0.0073866889910016,0.0017015,0.4471690596400669,44725.813579540365,0.753563996012872,221.44108022711487,1.0
Llama2-13B,20,20,1,32,32,3968,0.0017015,0.0056851889910016,0,0.0073866889910016,0.0017015,0.4471690596400669,44725.813579540365,0.7545775647486735,221.7389258738389,1.0
Llama2-13B,20,20,1,32,32,4096,0.0017015,0.0056851889910016,0,0.0073866889910016,0.0017015,0.4471690596400669,44725.813579540365,0.7555911334844753,222.03677152056284,1.0
Llama2-13B,20,40,1,32,16,128,0.001852,0.0006398072596958,0,0.0024918072596958,0.001852,0.2515242903878348,159030.36616591777,0.4001888413661637,216.08468756272347,1.0
Llama2-13B,20,40,1,32,16,256,0.001852,0.0006398072596958,0,0.0024918072596958,0.001852,0.2515242903878348,159030.36616591777,0.4006956257340645,216.35832923005648,1.0
Llama2-13B,20,40,1,32,16,384,0.001852,0.0006398072596958,0,0.0024918072596958,0.001852,0.2515242903878348,159030.36616591777,0.4012024101019653,216.63197089738955,1.0
Llama2-13B,20,40,1,32,16,512,0.001852,0.0006398072596958,0,0.0024918072596958,0.001852,0.2515242903878348,159030.36616591777,0.4017091944698661,216.90561256472256,1.0
Llama2-13B,20,40,1,32,16,640,0.001852,0.0006398072596958,0,0.0024918072596958,0.001852,0.2515242903878348,159030.36616591777,0.4022159788377669,217.17925423205563,1.0
Llama2-13B,20,40,1,32,16,768,0.001852,0.0006398072596958,0,0.0024918072596958,0.001852,0.2515242903878348,159030.36616591777,0.4027227632056676,217.45289589938864,1.0
Llama2-13B,20,40,1,32,16,896,0.001852,0.0006398072596958,0,0.0024918072596958,0.001852,0.2515242903878348,159030.36616591777,0.4032295475735684,217.7265375667217,1.0
Llama2-13B,20,40,1,32,16,1024,0.001852,0.0006398072596958,0,0.0024918072596958,0.001852,0.2515242903878348,159030.36616591777,0.4037363319414692,218.0001792340548,1.0
Llama2-13B,20,40,1,32,16,1152,0.001852,0.0006398072596958,0,0.0024918072596958,0.001852,0.2515242903878348,159030.36616591777,0.4042431163093701,218.2738209013878,1.0
Llama2-13B,20,40,1,32,16,1280,0.001852,0.0006398072596958,0,0.0024918072596958,0.001852,0.2515242903878348,159030.36616591777,0.4047499006772708,218.54746256872087,1.0
Llama2-13B,20,40,1,32,16,1408,0.001852,0.0006398072596958,0,0.0024918072596958,0.001852,0.2515242903878348,159030.36616591777,0.4052566850451716,218.82110423605388,1.0
Llama2-13B,20,40,1,32,16,1536,0.001852,0.0006398072596958,0,0.0024918072596958,0.001852,0.2515242903878348,159030.36616591777,0.4057634694130724,219.0947459033869,1.0
Llama2-13B,20,40,1,32,16,1664,0.001852,0.0006398072596958,0,0.0024918072596958,0.001852,0.2515242903878348,159030.36616591777,0.4062702537809733,219.36838757072,1.0
Llama2-13B,20,40,1,32,16,1792,0.001852,0.0006398072596958,0,0.0024918072596958,0.001852,0.2515242903878348,159030.36616591777,0.406777038148874,219.64202923805303,1.0
Llama2-13B,20,40,1,32,16,1920,0.001852,0.0006398072596958,0,0.0024918072596958,0.001852,0.2515242903878348,159030.36616591777,0.4072838225167749,219.9156709053861,1.0
Llama2-13B,20,40,1,32,16,2048,0.001852,0.0006398072596958,0,0.0024918072596958,0.001852,0.2515242903878348,159030.36616591777,0.4077906068846757,220.1893125727192,1.0
Llama2-13B,20,40,1,32,16,2176,0.001852,0.0006398072596958,0,0.0024918072596958,0.001852,0.2515242903878348,159030.36616591777,0.4082973912525765,220.46295424005217,1.0
Llama2-13B,20,40,1,32,16,2304,0.001852,0.0006398072596958,0,0.0024918072596958,0.001852,0.2515242903878348,159030.36616591777,0.4088041756204773,220.7365959073852,1.0
Llama2-13B,20,40,1,32,16,2432,0.001852,0.0006398072596958,0,0.0024918072596958,0.001852,0.2515242903878348,159030.36616591777,0.4093109599883781,221.01023757471827,1.0
Llama2-13B,20,40,1,32,16,2560,0.001852,0.0006398072596958,0,0.0024918072596958,0.001852,0.2515242903878348,159030.36616591777,0.4098177443562789,221.28387924205128,1.0
Llama2-13B,20,40,1,32,16,2688,0.001852,0.0006398072596958,0,0.0024918072596958,0.001852,0.2515242903878348,159030.36616591777,0.4103245287241797,221.55752090938435,1.0
Llama2-13B,20,40,1,32,16,2816,0.001852,0.0006398072596958,0,0.0024918072596958,0.001852,0.2515242903878348,159030.36616591777,0.4108313130920805,221.83116257671745,1.0
Llama2-13B,20,40,1,32,16,2944,0.001852,0.0006398072596958,0,0.0024918072596958,0.001852,0.2515242903878348,159030.36616591777,0.4113380974599813,222.10480424405048,1.0
Llama2-13B,20,40,1,32,16,3072,0.001852,0.0006398072596958,0,0.0024918072596958,0.001852,0.2515242903878348,159030.36616591777,0.4118448818278821,222.3784459113835,1.0
Llama2-13B,20,40,1,32,16,3200,0.001852,0.0006398072596958,0,0.0024918072596958,0.001852,0.2515242903878348,159030.36616591777,0.4123516661957829,222.65208757871653,1.0
Llama2-13B,20,40,1,32,16,3328,0.001852,0.0006398072596958,0,0.0024918072596958,0.001852,0.2515242903878348,159030.36616591777,0.4128584505636837,222.9257292460496,1.0
Llama2-13B,20,40,1,32,16,3456,0.001852,0.0006398072596958,0,0.0024918072596958,0.001852,0.2515242903878348,159030.36616591777,0.4133652349315844,223.1993709133826,1.0
Llama2-13B,20,40,1,32,16,3584,0.001852,0.0006398072596958,0,0.0024918072596958,0.001852,0.2515242903878348,159030.36616591777,0.4138720192994852,223.47301258071568,1.0
Llama2-13B,20,40,1,32,16,3712,0.001852,0.0006398072596958,0,0.0024918072596958,0.001852,0.2515242903878348,159030.36616591777,0.4143788036673861,223.7466542480487,1.0
Llama2-13B,20,40,1,32,16,3840,0.001852,0.0006398072596958,0,0.0024918072596958,0.001852,0.2515242903878348,159030.36616591777,0.4148855880352869,224.02029591538167,1.0
Llama2-13B,20,40,1,32,16,3968,0.001852,0.0006398072596958,0,0.0024918072596958,0.001852,0.2515242903878348,159030.36616591777,0.4153923724031876,224.2939375827148,1.0
Llama2-13B,20,40,1,32,16,4096,0.001852,0.0006398072596958,0,0.0024918072596958,0.001852,0.2515242903878348,159030.36616591777,0.4158991567710884,224.56757925004788,1.0
Llama2-13B,32,1,32,32,32,128,0.0017015,0.015258120689392,0,0.016959620689392,0.0017015,0.8300863275756837,1204.6939779390889,23.17345608558802,340.48569035539253,1.0
Llama2-13B,32,1,32,32,32,256,0.0017015,0.015258120689392,0,0.016959620689392,0.0017015,0.8300863275756837,1204.6939779390889,23.20589028513367,340.96224339015095,1.0
Llama2-13B,32,1,32,32,32,384,0.0017015,0.015258120689392,0,0.016959620689392,0.0017015,0.8300863275756837,1204.6939779390889,23.23832448467932,341.4387964249092,1.0
Llama2-13B,32,1,32,32,32,512,0.0017015,0.015258120689392,0,0.016959620689392,0.0017015,0.8300863275756837,1204.6939779390889,23.270758684224973,341.9153494596676,1.0
Llama2-13B,32,1,32,32,32,640,0.0017015,0.015258120689392,0,0.016959620689392,0.0017015,0.8300863275756837,1204.6939779390889,23.303192883770627,342.3919024944259,1.0
Llama2-13B,32,1,32,32,32,768,0.0017015,0.015258120689392,0,0.016959620689392,0.0017015,0.8300863275756837,1204.6939779390889,23.335627083316272,342.86845552918425,1.0
Llama2-13B,32,1,32,32,32,896,0.0017015,0.015258120689392,0,0.016959620689392,0.0017015,0.8300863275756837,1204.6939779390889,23.368061282861923,343.34500856394254,1.0
Llama2-13B,32,1,32,32,32,1024,0.0017015,0.015258120689392,0,0.016959620689392,0.0017015,0.8300863275756837,1204.6939779390889,23.40049548240757,343.82156159870084,1.0
Llama2-13B,32,1,32,32,32,1152,0.0017015,0.015258120689392,0,0.016959620689392,0.0017015,0.8300863275756837,1204.6939779390889,23.43292968195323,344.29811463345914,1.0
Llama2-13B,32,1,32,32,32,1280,0.0017015,0.015258120689392,0,0.016959620689392,0.0017015,0.8300863275756837,1204.6939779390889,23.46536388149888,344.7746676682175,1.0
Llama2-13B,32,1,32,32,32,1408,0.0017015,0.015258120689392,0,0.016959620689392,0.0017015,0.8300863275756837,1204.6939779390889,23.49779808104453,345.2512207029758,1.0
Llama2-13B,32,1,32,32,32,1536,0.0017015,0.015258120689392,0,0.016959620689392,0.0017015,0.8300863275756837,1204.6939779390889,23.530232280590184,345.72777373773414,1.0
Llama2-13B,32,1,32,32,32,1664,0.0017015,0.015258120689392,0,0.016959620689392,0.0017015,0.8300863275756837,1204.6939779390889,23.562666480135835,346.20432677249244,1.0
Llama2-13B,32,1,32,32,32,1792,0.0017015,0.015258120689392,0,0.016959620689392,0.0017015,0.8300863275756837,1204.6939779390889,23.595100679681483,346.6808798072508,1.0
Llama2-13B,32,1,32,32,32,1920,0.0017015,0.015258120689392,0,0.016959620689392,0.0017015,0.8300863275756837,1204.6939779390889,23.627534879227134,347.15743284200903,1.0
Llama2-13B,32,1,32,32,32,2048,0.0017015,0.015258120689392,0,0.016959620689392,0.0017015,0.8300863275756837,1204.6939779390889,23.65996907877279,347.63398587676744,1.0
Llama2-13B,32,1,32,32,32,2176,0.0017015,0.015258120689392,0,0.016959620689392,0.0017015,0.8300863275756837,1204.6939779390889,23.69240327831844,348.1105389115257,1.0
Llama2-13B,32,1,32,32,32,2304,0.0017015,0.015258120689392,0,0.016959620689392,0.0017015,0.8300863275756837,1204.6939779390889,23.72483747786409,348.5870919462841,1.0
Llama2-13B,32,1,32,32,32,2432,0.0017015,0.015258120689392,0,0.016959620689392,0.0017015,0.8300863275756837,1204.6939779390889,23.75727167740974,349.0636449810424,1.0
Llama2-13B,32,1,32,32,32,2560,0.0017015,0.015258120689392,0,0.016959620689392,0.0017015,0.8300863275756837,1204.6939779390889,23.78970587695539,349.5401980158007,1.0
Llama2-13B,32,1,32,32,32,2688,0.0017015,0.015258120689392,0,0.016959620689392,0.0017015,0.8300863275756837,1204.6939779390889,23.822140076501043,350.01675105055904,1.0
Llama2-13B,32,1,32,32,32,2816,0.0017015,0.015258120689392,0,0.016959620689392,0.0017015,0.8300863275756837,1204.6939779390889,23.854574276046694,350.4933040853172,1.0
Llama2-13B,32,1,32,32,32,2944,0.0017015,0.015258120689392,0,0.016959620689392,0.0017015,0.8300863275756837,1204.6939779390889,23.887008475592346,350.96985712007563,1.0
Llama2-13B,32,1,32,32,32,3072,0.0017015,0.015258120689392,0,0.016959620689392,0.0017015,0.8300863275756837,1204.6939779390889,23.919442675138,351.4464101548339,1.0
Llama2-13B,32,1,32,32,32,3200,0.0017015,0.015258120689392,0,0.016959620689392,0.0017015,0.8300863275756837,1204.6939779390889,23.95187687468365,351.9229631895923,1.0
Llama2-13B,32,1,32,32,32,3328,0.0017015,0.015258120689392,0,0.016959620689392,0.0017015,0.8300863275756837,1204.6939779390889,23.9843110742293,352.3995162243506,1.0
Llama2-13B,32,1,32,32,32,3456,0.0017015,0.015258120689392,0,0.016959620689392,0.0017015,0.8300863275756837,1204.6939779390889,24.016745273774948,352.87606925910893,1.0
Llama2-13B,32,1,32,32,32,3584,0.0017015,0.015258120689392,0,0.016959620689392,0.0017015,0.8300863275756837,1204.6939779390889,24.0491794733206,353.3526222938672,1.0
Llama2-13B,32,1,32,32,32,3712,0.0017015,0.015258120689392,0,0.016959620689392,0.0017015,0.8300863275756837,1204.6939779390889,24.08161367286625,353.8291753286256,1.0
Llama2-13B,32,1,32,32,32,3840,0.0017015,0.015258120689392,0,0.016959620689392,0.0017015,0.8300863275756837,1204.6939779390889,24.114047872411906,354.3057283633838,1.0
Llama2-13B,32,1,32,32,32,3968,0.0017015,0.015258120689392,0,0.016959620689392,0.0017015,0.8300863275756837,1204.6939779390889,24.146482071957557,354.7822813981422,1.0
Llama2-13B,32,1,32,32,32,4096,0.0017015,0.015258120689392,0,0.016959620689392,0.0017015,0.8300863275756837,1204.6939779390889,24.17891627150321,355.25883443290047,1.0
Llama2-13B,32,2,16,32,32,128,0.0017015,0.0148110858535766,0,0.0165125858535766,0.0017015,0.8122049341430665,2462.432713623122,11.58672804279401,340.48569035539253,1.0
Llama2-13B,32,2,16,32,32,256,0.0017015,0.0148110858535766,0,0.0165125858535766,0.0017015,0.8122049341430665,2462.432713623122,11.602945142566837,340.96224339015095,1.0
Llama2-13B,32,2,16,32,32,384,0.0017015,0.0148110858535766,0,0.0165125858535766,0.0017015,0.8122049341430665,2462.432713623122,11.61916224233966,341.4387964249092,1.0
Llama2-13B,32,2,16,32,32,512,0.0017015,0.0148110858535766,0,0.0165125858535766,0.0017015,0.8122049341430665,2462.432713623122,11.635379342112486,341.9153494596676,1.0
Llama2-13B,32,2,16,32,32,640,0.0017015,0.0148110858535766,0,0.0165125858535766,0.0017015,0.8122049341430665,2462.432713623122,11.651596441885314,342.3919024944259,1.0
Llama2-13B,32,2,16,32,32,768,0.0017015,0.0148110858535766,0,0.0165125858535766,0.0017015,0.8122049341430665,2462.432713623122,11.667813541658136,342.86845552918425,1.0
Llama2-13B,32,2,16,32,32,896,0.0017015,0.0148110858535766,0,0.0165125858535766,0.0017015,0.8122049341430665,2462.432713623122,11.684030641430962,343.34500856394254,1.0
Llama2-13B,32,2,16,32,32,1024,0.0017015,0.0148110858535766,0,0.0165125858535766,0.0017015,0.8122049341430665,2462.432713623122,11.700247741203787,343.82156159870084,1.0
Llama2-13B,32,2,16,32,32,1152,0.0017015,0.0148110858535766,0,0.0165125858535766,0.0017015,0.8122049341430665,2462.432713623122,11.716464840976617,344.29811463345914,1.0
Llama2-13B,32,2,16,32,32,1280,0.0017015,0.0148110858535766,0,0.0165125858535766,0.0017015,0.8122049341430665,2462.432713623122,11.73268194074944,344.7746676682175,1.0
Llama2-13B,32,2,16,32,32,1408,0.0017015,0.0148110858535766,0,0.0165125858535766,0.0017015,0.8122049341430665,2462.432713623122,11.748899040522264,345.2512207029758,1.0
Llama2-13B,32,2,16,32,32,1536,0.0017015,0.0148110858535766,0,0.0165125858535766,0.0017015,0.8122049341430665,2462.432713623122,11.765116140295092,345.72777373773414,1.0
Llama2-13B,32,2,16,32,32,1664,0.0017015,0.0148110858535766,0,0.0165125858535766,0.0017015,0.8122049341430665,2462.432713623122,11.781333240067918,346.20432677249244,1.0
Llama2-13B,32,2,16,32,32,1792,0.0017015,0.0148110858535766,0,0.0165125858535766,0.0017015,0.8122049341430665,2462.432713623122,11.797550339840742,346.6808798072508,1.0
Llama2-13B,32,2,16,32,32,1920,0.0017015,0.0148110858535766,0,0.0165125858535766,0.0017015,0.8122049341430665,2462.432713623122,11.813767439613567,347.15743284200903,1.0
Llama2-13B,32,2,16,32,32,2048,0.0017015,0.0148110858535766,0,0.0165125858535766,0.0017015,0.8122049341430665,2462.432713623122,11.829984539386396,347.63398587676744,1.0
Llama2-13B,32,2,16,32,32,2176,0.0017015,0.0148110858535766,0,0.0165125858535766,0.0017015,0.8122049341430665,2462.432713623122,11.84620163915922,348.1105389115257,1.0
Llama2-13B,32,2,16,32,32,2304,0.0017015,0.0148110858535766,0,0.0165125858535766,0.0017015,0.8122049341430665,2462.432713623122,11.862418738932046,348.5870919462841,1.0
Llama2-13B,32,2,16,32,32,2432,0.0017015,0.0148110858535766,0,0.0165125858535766,0.0017015,0.8122049341430665,2462.432713623122,11.87863583870487,349.0636449810424,1.0
Llama2-13B,32,2,16,32,32,2560,0.0017015,0.0148110858535766,0,0.0165125858535766,0.0017015,0.8122049341430665,2462.432713623122,11.894852938477696,349.5401980158007,1.0
Llama2-13B,32,2,16,32,32,2688,0.0017015,0.0148110858535766,0,0.0165125858535766,0.0017015,0.8122049341430665,2462.432713623122,11.91107003825052,350.01675105055904,1.0
Llama2-13B,32,2,16,32,32,2816,0.0017015,0.0148110858535766,0,0.0165125858535766,0.0017015,0.8122049341430665,2462.432713623122,11.927287138023347,350.4933040853172,1.0
Llama2-13B,32,2,16,32,32,2944,0.0017015,0.0148110858535766,0,0.0165125858535766,0.0017015,0.8122049341430665,2462.432713623122,11.943504237796173,350.96985712007563,1.0
Llama2-13B,32,2,16,32,32,3072,0.0017015,0.0148110858535766,0,0.0165125858535766,0.0017015,0.8122049341430665,2462.432713623122,11.959721337569,351.4464101548339,1.0
Llama2-13B,32,2,16,32,32,3200,0.0017015,0.0148110858535766,0,0.0165125858535766,0.0017015,0.8122049341430665,2462.432713623122,11.975938437341826,351.9229631895923,1.0
Llama2-13B,32,2,16,32,32,3328,0.0017015,0.0148110858535766,0,0.0165125858535766,0.0017015,0.8122049341430665,2462.432713623122,11.99215553711465,352.3995162243506,1.0
Llama2-13B,32,2,16,32,32,3456,0.0017015,0.0148110858535766,0,0.0165125858535766,0.0017015,0.8122049341430665,2462.432713623122,12.008372636887474,352.87606925910893,1.0
Llama2-13B,32,2,16,32,32,3584,0.0017015,0.0148110858535766,0,0.0165125858535766,0.0017015,0.8122049341430665,2462.432713623122,12.0245897366603,353.3526222938672,1.0
Llama2-13B,32,2,16,32,32,3712,0.0017015,0.0148110858535766,0,0.0165125858535766,0.0017015,0.8122049341430665,2462.432713623122,12.040806836433129,353.8291753286256,1.0
Llama2-13B,32,2,16,32,32,3840,0.0017015,0.0148110858535766,0,0.0165125858535766,0.0017015,0.8122049341430665,2462.432713623122,12.057023936205953,354.3057283633838,1.0
Llama2-13B,32,2,16,32,32,3968,0.0017015,0.0148110858535766,0,0.0165125858535766,0.0017015,0.8122049341430665,2462.432713623122,12.073241035978777,354.7822813981422,1.0
Llama2-13B,32,2,16,32,32,4096,0.0017015,0.0148110858535766,0,0.0165125858535766,0.0017015,0.8122049341430665,2462.432713623122,12.089458135751604,355.25883443290047,1.0
Llama2-13B,32,4,8,32,32,128,0.0017015,0.0138574115371704,0,0.0155589115371704,0.0017015,0.7740579614868164,5167.571679408567,5.793364021397005,340.48569035539253,1.0
Llama2-13B,32,4,8,32,32,256,0.0017015,0.0138574115371704,0,0.0155589115371704,0.0017015,0.7740579614868164,5167.571679408567,5.801472571283417,340.96224339015095,1.0
Llama2-13B,32,4,8,32,32,384,0.0017015,0.0138574115371704,0,0.0155589115371704,0.0017015,0.7740579614868164,5167.571679408567,5.80958112116983,341.4387964249092,1.0
Llama2-13B,32,4,8,32,32,512,0.0017015,0.0138574115371704,0,0.0155589115371704,0.0017015,0.7740579614868164,5167.571679408567,5.817689671056243,341.9153494596676,1.0
Llama2-13B,32,4,8,32,32,640,0.0017015,0.0138574115371704,0,0.0155589115371704,0.0017015,0.7740579614868164,5167.571679408567,5.825798220942657,342.3919024944259,1.0
Llama2-13B,32,4,8,32,32,768,0.0017015,0.0138574115371704,0,0.0155589115371704,0.0017015,0.7740579614868164,5167.571679408567,5.833906770829068,342.86845552918425,1.0
Llama2-13B,32,4,8,32,32,896,0.0017015,0.0138574115371704,0,0.0155589115371704,0.0017015,0.7740579614868164,5167.571679408567,5.842015320715481,343.34500856394254,1.0
Llama2-13B,32,4,8,32,32,1024,0.0017015,0.0138574115371704,0,0.0155589115371704,0.0017015,0.7740579614868164,5167.571679408567,5.850123870601894,343.82156159870084,1.0
Llama2-13B,32,4,8,32,32,1152,0.0017015,0.0138574115371704,0,0.0155589115371704,0.0017015,0.7740579614868164,5167.571679408567,5.858232420488307,344.29811463345914,1.0
Llama2-13B,32,4,8,32,32,1280,0.0017015,0.0138574115371704,0,0.0155589115371704,0.0017015,0.7740579614868164,5167.571679408567,5.866340970374719,344.7746676682175,1.0
Llama2-13B,32,4,8,32,32,1408,0.0017015,0.0138574115371704,0,0.0155589115371704,0.0017015,0.7740579614868164,5167.571679408567,5.874449520261132,345.2512207029758,1.0
Llama2-13B,32,4,8,32,32,1536,0.0017015,0.0138574115371704,0,0.0155589115371704,0.0017015,0.7740579614868164,5167.571679408567,5.882558070147546,345.72777373773414,1.0
Llama2-13B,32,4,8,32,32,1664,0.0017015,0.0138574115371704,0,0.0155589115371704,0.0017015,0.7740579614868164,5167.571679408567,5.890666620033959,346.20432677249244,1.0
Llama2-13B,32,4,8,32,32,1792,0.0017015,0.0138574115371704,0,0.0155589115371704,0.0017015,0.7740579614868164,5167.571679408567,5.898775169920371,346.6808798072508,1.0
Llama2-13B,32,4,8,32,32,1920,0.0017015,0.0138574115371704,0,0.0155589115371704,0.0017015,0.7740579614868164,5167.571679408567,5.9068837198067845,347.15743284200903,1.0
Llama2-13B,32,4,8,32,32,2048,0.0017015,0.0138574115371704,0,0.0155589115371704,0.0017015,0.7740579614868164,5167.571679408567,5.914992269693197,347.63398587676744,1.0
Llama2-13B,32,4,8,32,32,2176,0.0017015,0.0138574115371704,0,0.0155589115371704,0.0017015,0.7740579614868164,5167.571679408567,5.92310081957961,348.1105389115257,1.0
Llama2-13B,32,4,8,32,32,2304,0.0017015,0.0138574115371704,0,0.0155589115371704,0.0017015,0.7740579614868164,5167.571679408567,5.931209369466023,348.5870919462841,1.0
Llama2-13B,32,4,8,32,32,2432,0.0017015,0.0138574115371704,0,0.0155589115371704,0.0017015,0.7740579614868164,5167.571679408567,5.939317919352435,349.0636449810424,1.0
Llama2-13B,32,4,8,32,32,2560,0.0017015,0.0138574115371704,0,0.0155589115371704,0.0017015,0.7740579614868164,5167.571679408567,5.947426469238848,349.5401980158007,1.0
Llama2-13B,32,4,8,32,32,2688,0.0017015,0.0138574115371704,0,0.0155589115371704,0.0017015,0.7740579614868164,5167.571679408567,5.955535019125261,350.01675105055904,1.0
Llama2-13B,32,4,8,32,32,2816,0.0017015,0.0138574115371704,0,0.0155589115371704,0.0017015,0.7740579614868164,5167.571679408567,5.9636435690116745,350.4933040853172,1.0
Llama2-13B,32,4,8,32,32,2944,0.0017015,0.0138574115371704,0,0.0155589115371704,0.0017015,0.7740579614868164,5167.571679408567,5.971752118898086,350.96985712007563,1.0
Llama2-13B,32,4,8,32,32,3072,0.0017015,0.0138574115371704,0,0.0155589115371704,0.0017015,0.7740579614868164,5167.571679408567,5.979860668784499,351.4464101548339,1.0
Llama2-13B,32,4,8,32,32,3200,0.0017015,0.0138574115371704,0,0.0155589115371704,0.0017015,0.7740579614868164,5167.571679408567,5.987969218670913,351.9229631895923,1.0
Llama2-13B,32,4,8,32,32,3328,0.0017015,0.0138574115371704,0,0.0155589115371704,0.0017015,0.7740579614868164,5167.571679408567,5.996077768557325,352.3995162243506,1.0
Llama2-13B,32,4,8,32,32,3456,0.0017015,0.0138574115371704,0,0.0155589115371704,0.0017015,0.7740579614868164,5167.571679408567,6.004186318443737,352.87606925910893,1.0
Llama2-13B,32,4,8,32,32,3584,0.0017015,0.0138574115371704,0,0.0155589115371704,0.0017015,0.7740579614868164,5167.571679408567,6.01229486833015,353.3526222938672,1.0
Llama2-13B,32,4,8,32,32,3712,0.0017015,0.0138574115371704,0,0.0155589115371704,0.0017015,0.7740579614868164,5167.571679408567,6.020403418216564,353.8291753286256,1.0
Llama2-13B,32,4,8,32,32,3840,0.0017015,0.0138574115371704,0,0.0155589115371704,0.0017015,0.7740579614868164,5167.571679408567,6.028511968102976,354.3057283633838,1.0
Llama2-13B,32,4,8,32,32,3968,0.0017015,0.0138574115371704,0,0.0155589115371704,0.0017015,0.7740579614868164,5167.571679408567,6.036620517989388,354.7822813981422,1.0
Llama2-13B,32,4,8,32,32,4096,0.0017015,0.0138574115371704,0,0.0155589115371704,0.0017015,0.7740579614868164,5167.571679408567,6.044729067875802,355.25883443290047,1.0
Llama2-13B,32,8,4,32,32,128,0.0017015,0.0130676499938964,0,0.0147691499938964,0.0017015,0.7424674997558594,10774.882405803064,2.8966820106985023,340.48569035539253,1.0
Llama2-13B,32,8,4,32,32,256,0.0017015,0.0130676499938964,0,0.0147691499938964,0.0017015,0.7424674997558594,10774.882405803064,2.9007362856417087,340.96224339015095,1.0
Llama2-13B,32,8,4,32,32,384,0.0017015,0.0130676499938964,0,0.0147691499938964,0.0017015,0.7424674997558594,10774.882405803064,2.904790560584915,341.4387964249092,1.0
Llama2-13B,32,8,4,32,32,512,0.0017015,0.0130676499938964,0,0.0147691499938964,0.0017015,0.7424674997558594,10774.882405803064,2.9088448355281216,341.9153494596676,1.0
Llama2-13B,32,8,4,32,32,640,0.0017015,0.0130676499938964,0,0.0147691499938964,0.0017015,0.7424674997558594,10774.882405803064,2.9128991104713284,342.3919024944259,1.0
Llama2-13B,32,8,4,32,32,768,0.0017015,0.0130676499938964,0,0.0147691499938964,0.0017015,0.7424674997558594,10774.882405803064,2.916953385414534,342.86845552918425,1.0
Llama2-13B,32,8,4,32,32,896,0.0017015,0.0130676499938964,0,0.0147691499938964,0.0017015,0.7424674997558594,10774.882405803064,2.9210076603577404,343.34500856394254,1.0
Llama2-13B,32,8,4,32,32,1024,0.0017015,0.0130676499938964,0,0.0147691499938964,0.0017015,0.7424674997558594,10774.882405803064,2.925061935300947,343.82156159870084,1.0
Llama2-13B,32,8,4,32,32,1152,0.0017015,0.0130676499938964,0,0.0147691499938964,0.0017015,0.7424674997558594,10774.882405803064,2.9291162102441537,344.29811463345914,1.0
Llama2-13B,32,8,4,32,32,1280,0.0017015,0.0130676499938964,0,0.0147691499938964,0.0017015,0.7424674997558594,10774.882405803064,2.93317048518736,344.7746676682175,1.0
Llama2-13B,32,8,4,32,32,1408,0.0017015,0.0130676499938964,0,0.0147691499938964,0.0017015,0.7424674997558594,10774.882405803064,2.937224760130566,345.2512207029758,1.0
Llama2-13B,32,8,4,32,32,1536,0.0017015,0.0130676499938964,0,0.0147691499938964,0.0017015,0.7424674997558594,10774.882405803064,2.941279035073773,345.72777373773414,1.0
Llama2-13B,32,8,4,32,32,1664,0.0017015,0.0130676499938964,0,0.0147691499938964,0.0017015,0.7424674997558594,10774.882405803064,2.9453333100169794,346.20432677249244,1.0
Llama2-13B,32,8,4,32,32,1792,0.0017015,0.0130676499938964,0,0.0147691499938964,0.0017015,0.7424674997558594,10774.882405803064,2.9493875849601854,346.6808798072508,1.0
Llama2-13B,32,8,4,32,32,1920,0.0017015,0.0130676499938964,0,0.0147691499938964,0.0017015,0.7424674997558594,10774.882405803064,2.9534418599033923,347.15743284200903,1.0
Llama2-13B,32,8,4,32,32,2048,0.0017015,0.0130676499938964,0,0.0147691499938964,0.0017015,0.7424674997558594,10774.882405803064,2.9574961348465987,347.63398587676744,1.0
Llama2-13B,32,8,4,32,32,2176,0.0017015,0.0130676499938964,0,0.0147691499938964,0.0017015,0.7424674997558594,10774.882405803064,2.961550409789805,348.1105389115257,1.0
Llama2-13B,32,8,4,32,32,2304,0.0017015,0.0130676499938964,0,0.0147691499938964,0.0017015,0.7424674997558594,10774.882405803064,2.9656046847330115,348.5870919462841,1.0
Llama2-13B,32,8,4,32,32,2432,0.0017015,0.0130676499938964,0,0.0147691499938964,0.0017015,0.7424674997558594,10774.882405803064,2.969658959676217,349.0636449810424,1.0
Llama2-13B,32,8,4,32,32,2560,0.0017015,0.0130676499938964,0,0.0147691499938964,0.0017015,0.7424674997558594,10774.882405803064,2.973713234619424,349.5401980158007,1.0
Llama2-13B,32,8,4,32,32,2688,0.0017015,0.0130676499938964,0,0.0147691499938964,0.0017015,0.7424674997558594,10774.882405803064,2.9777675095626304,350.01675105055904,1.0
Llama2-13B,32,8,4,32,32,2816,0.0017015,0.0130676499938964,0,0.0147691499938964,0.0017015,0.7424674997558594,10774.882405803064,2.981821784505837,350.4933040853172,1.0
Llama2-13B,32,8,4,32,32,2944,0.0017015,0.0130676499938964,0,0.0147691499938964,0.0017015,0.7424674997558594,10774.882405803064,2.985876059449043,350.96985712007563,1.0
Llama2-13B,32,8,4,32,32,3072,0.0017015,0.0130676499938964,0,0.0147691499938964,0.0017015,0.7424674997558594,10774.882405803064,2.9899303343922496,351.4464101548339,1.0
Llama2-13B,32,8,4,32,32,3200,0.0017015,0.0130676499938964,0,0.0147691499938964,0.0017015,0.7424674997558594,10774.882405803064,2.9939846093354565,351.9229631895923,1.0
Llama2-13B,32,8,4,32,32,3328,0.0017015,0.0130676499938964,0,0.0147691499938964,0.0017015,0.7424674997558594,10774.882405803064,2.9980388842786625,352.3995162243506,1.0
Llama2-13B,32,8,4,32,32,3456,0.0017015,0.0130676499938964,0,0.0147691499938964,0.0017015,0.7424674997558594,10774.882405803064,3.0020931592218685,352.87606925910893,1.0
Llama2-13B,32,8,4,32,32,3584,0.0017015,0.0130676499938964,0,0.0147691499938964,0.0017015,0.7424674997558594,10774.882405803064,3.006147434165075,353.3526222938672,1.0
Llama2-13B,32,8,4,32,32,3712,0.0017015,0.0130676499938964,0,0.0147691499938964,0.0017015,0.7424674997558594,10774.882405803064,3.0102017091082818,353.8291753286256,1.0
Llama2-13B,32,8,4,32,32,3840,0.0017015,0.0130676499938964,0,0.0147691499938964,0.0017015,0.7424674997558594,10774.882405803064,3.014255984051488,354.3057283633838,1.0
Llama2-13B,32,8,4,32,32,3968,0.0017015,0.0130676499938964,0,0.0147691499938964,0.0017015,0.7424674997558594,10774.882405803064,3.018310258994694,354.7822813981422,1.0
Llama2-13B,32,8,4,32,32,4096,0.0017015,0.0130676499938964,0,0.0147691499938964,0.0017015,0.7424674997558594,10774.882405803064,3.022364533937901,355.25883443290047,1.0
Llama2-13B,32,16,2,32,32,128,0.0017015,0.0114136211013793,0,0.0131151211013793,0.0017015,0.6763063440551758,23657.917954847184,1.4483410053492511,340.48569035539253,1.0
Llama2-13B,32,16,2,32,32,256,0.0017015,0.0114136211013793,0,0.0131151211013793,0.0017015,0.6763063440551758,23657.917954847184,1.4503681428208544,340.96224339015095,1.0
Llama2-13B,32,16,2,32,32,384,0.0017015,0.0114136211013793,0,0.0131151211013793,0.0017015,0.6763063440551758,23657.917954847184,1.4523952802924576,341.4387964249092,1.0
Llama2-13B,32,16,2,32,32,512,0.0017015,0.0114136211013793,0,0.0131151211013793,0.0017015,0.6763063440551758,23657.917954847184,1.4544224177640608,341.9153494596676,1.0
Llama2-13B,32,16,2,32,32,640,0.0017015,0.0114136211013793,0,0.0131151211013793,0.0017015,0.6763063440551758,23657.917954847184,1.4564495552356642,342.3919024944259,1.0
Llama2-13B,32,16,2,32,32,768,0.0017015,0.0114136211013793,0,0.0131151211013793,0.0017015,0.6763063440551758,23657.917954847184,1.458476692707267,342.86845552918425,1.0
Llama2-13B,32,16,2,32,32,896,0.0017015,0.0114136211013793,0,0.0131151211013793,0.0017015,0.6763063440551758,23657.917954847184,1.4605038301788702,343.34500856394254,1.0
Llama2-13B,32,16,2,32,32,1024,0.0017015,0.0114136211013793,0,0.0131151211013793,0.0017015,0.6763063440551758,23657.917954847184,1.4625309676504734,343.82156159870084,1.0
Llama2-13B,32,16,2,32,32,1152,0.0017015,0.0114136211013793,0,0.0131151211013793,0.0017015,0.6763063440551758,23657.917954847184,1.4645581051220768,344.29811463345914,1.0
Llama2-13B,32,16,2,32,32,1280,0.0017015,0.0114136211013793,0,0.0131151211013793,0.0017015,0.6763063440551758,23657.917954847184,1.4665852425936798,344.7746676682175,1.0
Llama2-13B,32,16,2,32,32,1408,0.0017015,0.0114136211013793,0,0.0131151211013793,0.0017015,0.6763063440551758,23657.917954847184,1.468612380065283,345.2512207029758,1.0
Llama2-13B,32,16,2,32,32,1536,0.0017015,0.0114136211013793,0,0.0131151211013793,0.0017015,0.6763063440551758,23657.917954847184,1.4706395175368865,345.72777373773414,1.0
Llama2-13B,32,16,2,32,32,1664,0.0017015,0.0114136211013793,0,0.0131151211013793,0.0017015,0.6763063440551758,23657.917954847184,1.4726666550084897,346.20432677249244,1.0
Llama2-13B,32,16,2,32,32,1792,0.0017015,0.0114136211013793,0,0.0131151211013793,0.0017015,0.6763063440551758,23657.917954847184,1.4746937924800927,346.6808798072508,1.0
Llama2-13B,32,16,2,32,32,1920,0.0017015,0.0114136211013793,0,0.0131151211013793,0.0017015,0.6763063440551758,23657.917954847184,1.476720929951696,347.15743284200903,1.0
Llama2-13B,32,16,2,32,32,2048,0.0017015,0.0114136211013793,0,0.0131151211013793,0.0017015,0.6763063440551758,23657.917954847184,1.4787480674232991,347.63398587676744,1.0
Llama2-13B,32,16,2,32,32,2176,0.0017015,0.0114136211013793,0,0.0131151211013793,0.0017015,0.6763063440551758,23657.917954847184,1.4807752048949026,348.1105389115257,1.0
Llama2-13B,32,16,2,32,32,2304,0.0017015,0.0114136211013793,0,0.0131151211013793,0.0017015,0.6763063440551758,23657.917954847184,1.4828023423665058,348.5870919462841,1.0
Llama2-13B,32,16,2,32,32,2432,0.0017015,0.0114136211013793,0,0.0131151211013793,0.0017015,0.6763063440551758,23657.917954847184,1.4848294798381088,349.0636449810424,1.0
Llama2-13B,32,16,2,32,32,2560,0.0017015,0.0114136211013793,0,0.0131151211013793,0.0017015,0.6763063440551758,23657.917954847184,1.486856617309712,349.5401980158007,1.0
Llama2-13B,32,16,2,32,32,2688,0.0017015,0.0114136211013793,0,0.0131151211013793,0.0017015,0.6763063440551758,23657.917954847184,1.4888837547813152,350.01675105055904,1.0
Llama2-13B,32,16,2,32,32,2816,0.0017015,0.0114136211013793,0,0.0131151211013793,0.0017015,0.6763063440551758,23657.917954847184,1.4909108922529186,350.4933040853172,1.0
Llama2-13B,32,16,2,32,32,2944,0.0017015,0.0114136211013793,0,0.0131151211013793,0.0017015,0.6763063440551758,23657.917954847184,1.4929380297245216,350.96985712007563,1.0
Llama2-13B,32,16,2,32,32,3072,0.0017015,0.0114136211013793,0,0.0131151211013793,0.0017015,0.6763063440551758,23657.917954847184,1.4949651671961248,351.4464101548339,1.0
Llama2-13B,32,16,2,32,32,3200,0.0017015,0.0114136211013793,0,0.0131151211013793,0.0017015,0.6763063440551758,23657.917954847184,1.4969923046677285,351.9229631895923,1.0
Llama2-13B,32,16,2,32,32,3328,0.0017015,0.0114136211013793,0,0.0131151211013793,0.0017015,0.6763063440551758,23657.917954847184,1.4990194421393312,352.3995162243506,1.0
Llama2-13B,32,16,2,32,32,3456,0.0017015,0.0114136211013793,0,0.0131151211013793,0.0017015,0.6763063440551758,23657.917954847184,1.5010465796109342,352.87606925910893,1.0
Llama2-13B,32,16,2,32,32,3584,0.0017015,0.0114136211013793,0,0.0131151211013793,0.0017015,0.6763063440551758,23657.917954847184,1.5030737170825377,353.3526222938672,1.0
Llama2-13B,32,16,2,32,32,3712,0.0017015,0.0114136211013793,0,0.0131151211013793,0.0017015,0.6763063440551758,23657.917954847184,1.5051008545541409,353.8291753286256,1.0
Llama2-13B,32,16,2,32,32,3840,0.0017015,0.0114136211013793,0,0.0131151211013793,0.0017015,0.6763063440551758,23657.917954847184,1.507127992025744,354.3057283633838,1.0
Llama2-13B,32,16,2,32,32,3968,0.0017015,0.0114136211013793,0,0.0131151211013793,0.0017015,0.6763063440551758,23657.917954847184,1.509155129497347,354.7822813981422,1.0
Llama2-13B,32,16,2,32,32,4096,0.0017015,0.0114136211013793,0,0.0131151211013793,0.0017015,0.6763063440551758,23657.917954847184,1.5111822669689503,355.25883443290047,1.0
Llama2-13B,32,32,1,32,32,128,0.0017015,0.0083290807342529,0,0.0100305807342529,0.0017015,0.5529247293701172,57874.06187539103,0.7241705026746256,340.48569035539253,1.0
Llama2-13B,32,32,1,32,32,256,0.0017015,0.0083290807342529,0,0.0100305807342529,0.0017015,0.5529247293701172,57874.06187539103,0.7251840714104272,340.96224339015095,1.0
Llama2-13B,32,32,1,32,32,384,0.0017015,0.0083290807342529,0,0.0100305807342529,0.0017015,0.5529247293701172,57874.06187539103,0.7261976401462288,341.4387964249092,1.0
Llama2-13B,32,32,1,32,32,512,0.0017015,0.0083290807342529,0,0.0100305807342529,0.0017015,0.5529247293701172,57874.06187539103,0.7272112088820304,341.9153494596676,1.0
Llama2-13B,32,32,1,32,32,640,0.0017015,0.0083290807342529,0,0.0100305807342529,0.0017015,0.5529247293701172,57874.06187539103,0.7282247776178321,342.3919024944259,1.0
Llama2-13B,32,32,1,32,32,768,0.0017015,0.0083290807342529,0,0.0100305807342529,0.0017015,0.5529247293701172,57874.06187539103,0.7292383463536335,342.86845552918425,1.0
Llama2-13B,32,32,1,32,32,896,0.0017015,0.0083290807342529,0,0.0100305807342529,0.0017015,0.5529247293701172,57874.06187539103,0.7302519150894351,343.34500856394254,1.0
Llama2-13B,32,32,1,32,32,1024,0.0017015,0.0083290807342529,0,0.0100305807342529,0.0017015,0.5529247293701172,57874.06187539103,0.7312654838252367,343.82156159870084,1.0
Llama2-13B,32,32,1,32,32,1152,0.0017015,0.0083290807342529,0,0.0100305807342529,0.0017015,0.5529247293701172,57874.06187539103,0.7322790525610384,344.29811463345914,1.0
Llama2-13B,32,32,1,32,32,1280,0.0017015,0.0083290807342529,0,0.0100305807342529,0.0017015,0.5529247293701172,57874.06187539103,0.7332926212968399,344.7746676682175,1.0
Llama2-13B,32,32,1,32,32,1408,0.0017015,0.0083290807342529,0,0.0100305807342529,0.0017015,0.5529247293701172,57874.06187539103,0.7343061900326415,345.2512207029758,1.0
Llama2-13B,32,32,1,32,32,1536,0.0017015,0.0083290807342529,0,0.0100305807342529,0.0017015,0.5529247293701172,57874.06187539103,0.7353197587684432,345.72777373773414,1.0
Llama2-13B,32,32,1,32,32,1664,0.0017015,0.0083290807342529,0,0.0100305807342529,0.0017015,0.5529247293701172,57874.06187539103,0.7363333275042449,346.20432677249244,1.0
Llama2-13B,32,32,1,32,32,1792,0.0017015,0.0083290807342529,0,0.0100305807342529,0.0017015,0.5529247293701172,57874.06187539103,0.7373468962400463,346.6808798072508,1.0
Llama2-13B,32,32,1,32,32,1920,0.0017015,0.0083290807342529,0,0.0100305807342529,0.0017015,0.5529247293701172,57874.06187539103,0.7383604649758481,347.15743284200903,1.0
Llama2-13B,32,32,1,32,32,2048,0.0017015,0.0083290807342529,0,0.0100305807342529,0.0017015,0.5529247293701172,57874.06187539103,0.7393740337116497,347.63398587676744,1.0
Llama2-13B,32,32,1,32,32,2176,0.0017015,0.0083290807342529,0,0.0100305807342529,0.0017015,0.5529247293701172,57874.06187539103,0.7403876024474513,348.1105389115257,1.0
Llama2-13B,32,32,1,32,32,2304,0.0017015,0.0083290807342529,0,0.0100305807342529,0.0017015,0.5529247293701172,57874.06187539103,0.7414011711832529,348.5870919462841,1.0
Llama2-13B,32,32,1,32,32,2432,0.0017015,0.0083290807342529,0,0.0100305807342529,0.0017015,0.5529247293701172,57874.06187539103,0.7424147399190544,349.0636449810424,1.0
Llama2-13B,32,32,1,32,32,2560,0.0017015,0.0083290807342529,0,0.0100305807342529,0.0017015,0.5529247293701172,57874.06187539103,0.743428308654856,349.5401980158007,1.0
Llama2-13B,32,32,1,32,32,2688,0.0017015,0.0083290807342529,0,0.0100305807342529,0.0017015,0.5529247293701172,57874.06187539103,0.7444418773906576,350.01675105055904,1.0
Llama2-13B,32,32,1,32,32,2816,0.0017015,0.0083290807342529,0,0.0100305807342529,0.0017015,0.5529247293701172,57874.06187539103,0.7454554461264593,350.4933040853172,1.0
Llama2-13B,32,32,1,32,32,2944,0.0017015,0.0083290807342529,0,0.0100305807342529,0.0017015,0.5529247293701172,57874.06187539103,0.7464690148622608,350.96985712007563,1.0
Llama2-13B,32,32,1,32,32,3072,0.0017015,0.0083290807342529,0,0.0100305807342529,0.0017015,0.5529247293701172,57874.06187539103,0.7474825835980624,351.4464101548339,1.0
Llama2-13B,32,32,1,32,32,3200,0.0017015,0.0083290807342529,0,0.0100305807342529,0.0017015,0.5529247293701172,57874.06187539103,0.7484961523338641,351.9229631895923,1.0
Llama2-13B,32,32,1,32,32,3328,0.0017015,0.0083290807342529,0,0.0100305807342529,0.0017015,0.5529247293701172,57874.06187539103,0.7495097210696656,352.3995162243506,1.0
Llama2-13B,32,32,1,32,32,3456,0.0017015,0.0083290807342529,0,0.0100305807342529,0.0017015,0.5529247293701172,57874.06187539103,0.7505232898054671,352.87606925910893,1.0
Llama2-13B,32,32,1,32,32,3584,0.0017015,0.0083290807342529,0,0.0100305807342529,0.0017015,0.5529247293701172,57874.06187539103,0.7515368585412687,353.3526222938672,1.0
Llama2-13B,32,32,1,32,32,3712,0.0017015,0.0083290807342529,0,0.0100305807342529,0.0017015,0.5529247293701172,57874.06187539103,0.7525504272770704,353.8291753286256,1.0
Llama2-13B,32,32,1,32,32,3840,0.0017015,0.0083290807342529,0,0.0100305807342529,0.0017015,0.5529247293701172,57874.06187539103,0.753563996012872,354.3057283633838,1.0
Llama2-13B,32,32,1,32,32,3968,0.0017015,0.0083290807342529,0,0.0100305807342529,0.0017015,0.5529247293701172,57874.06187539103,0.7545775647486735,354.7822813981422,1.0
Llama2-13B,32,32,1,32,32,4096,0.0017015,0.0083290807342529,0,0.0100305807342529,0.0017015,0.5529247293701172,57874.06187539103,0.7555911334844753,355.25883443290047,1.0
Llama2-13B,32,40,1,32,16,128,0.001852,0.0009846627044677,0,0.0028366627044677,0.001852,0.2653185081787109,150762.19248548293,0.4001888413661637,216.08468756272347,0.625
Llama2-13B,32,40,1,32,16,256,0.001852,0.0009846627044677,0,0.0028366627044677,0.001852,0.2653185081787109,150762.19248548293,0.4006956257340645,216.35832923005648,0.625
Llama2-13B,32,40,1,32,16,384,0.001852,0.0009846627044677,0,0.0028366627044677,0.001852,0.2653185081787109,150762.19248548293,0.4012024101019653,216.63197089738955,0.625
Llama2-13B,32,40,1,32,16,512,0.001852,0.0009846627044677,0,0.0028366627044677,0.001852,0.2653185081787109,150762.19248548293,0.4017091944698661,216.90561256472256,0.625
Llama2-13B,32,40,1,32,16,640,0.001852,0.0009846627044677,0,0.0028366627044677,0.001852,0.2653185081787109,150762.19248548293,0.4022159788377669,217.17925423205563,0.625
Llama2-13B,32,40,1,32,16,768,0.001852,0.0009846627044677,0,0.0028366627044677,0.001852,0.2653185081787109,150762.19248548293,0.4027227632056676,217.45289589938864,0.625
Llama2-13B,32,40,1,32,16,896,0.001852,0.0009846627044677,0,0.0028366627044677,0.001852,0.2653185081787109,150762.19248548293,0.4032295475735684,217.7265375667217,0.625
Llama2-13B,32,40,1,32,16,1024,0.001852,0.0009846627044677,0,0.0028366627044677,0.001852,0.2653185081787109,150762.19248548293,0.4037363319414692,218.0001792340548,0.625
Llama2-13B,32,40,1,32,16,1152,0.001852,0.0009846627044677,0,0.0028366627044677,0.001852,0.2653185081787109,150762.19248548293,0.4042431163093701,218.2738209013878,0.625
Llama2-13B,32,40,1,32,16,1280,0.001852,0.0009846627044677,0,0.0028366627044677,0.001852,0.2653185081787109,150762.19248548293,0.4047499006772708,218.54746256872087,0.625
Llama2-13B,32,40,1,32,16,1408,0.001852,0.0009846627044677,0,0.0028366627044677,0.001852,0.2653185081787109,150762.19248548293,0.4052566850451716,218.82110423605388,0.625
Llama2-13B,32,40,1,32,16,1536,0.001852,0.0009846627044677,0,0.0028366627044677,0.001852,0.2653185081787109,150762.19248548293,0.4057634694130724,219.0947459033869,0.625
Llama2-13B,32,40,1,32,16,1664,0.001852,0.0009846627044677,0,0.0028366627044677,0.001852,0.2653185081787109,150762.19248548293,0.4062702537809733,219.36838757072,0.625
Llama2-13B,32,40,1,32,16,1792,0.001852,0.0009846627044677,0,0.0028366627044677,0.001852,0.2653185081787109,150762.19248548293,0.406777038148874,219.64202923805303,0.625
Llama2-13B,32,40,1,32,16,1920,0.001852,0.0009846627044677,0,0.0028366627044677,0.001852,0.2653185081787109,150762.19248548293,0.4072838225167749,219.9156709053861,0.625
Llama2-13B,32,40,1,32,16,2048,0.001852,0.0009846627044677,0,0.0028366627044677,0.001852,0.2653185081787109,150762.19248548293,0.4077906068846757,220.1893125727192,0.625
Llama2-13B,32,40,1,32,16,2176,0.001852,0.0009846627044677,0,0.0028366627044677,0.001852,0.2653185081787109,150762.19248548293,0.4082973912525765,220.46295424005217,0.625
Llama2-13B,32,40,1,32,16,2304,0.001852,0.0009846627044677,0,0.0028366627044677,0.001852,0.2653185081787109,150762.19248548293,0.4088041756204773,220.7365959073852,0.625
Llama2-13B,32,40,1,32,16,2432,0.001852,0.0009846627044677,0,0.0028366627044677,0.001852,0.2653185081787109,150762.19248548293,0.4093109599883781,221.01023757471827,0.625
Llama2-13B,32,40,1,32,16,2560,0.001852,0.0009846627044677,0,0.0028366627044677,0.001852,0.2653185081787109,150762.19248548293,0.4098177443562789,221.28387924205128,0.625
Llama2-13B,32,40,1,32,16,2688,0.001852,0.0009846627044677,0,0.0028366627044677,0.001852,0.2653185081787109,150762.19248548293,0.4103245287241797,221.55752090938435,0.625
Llama2-13B,32,40,1,32,16,2816,0.001852,0.0009846627044677,0,0.0028366627044677,0.001852,0.2653185081787109,150762.19248548293,0.4108313130920805,221.83116257671745,0.625
Llama2-13B,32,40,1,32,16,2944,0.001852,0.0009846627044677,0,0.0028366627044677,0.001852,0.2653185081787109,150762.19248548293,0.4113380974599813,222.10480424405048,0.625
Llama2-13B,32,40,1,32,16,3072,0.001852,0.0009846627044677,0,0.0028366627044677,0.001852,0.2653185081787109,150762.19248548293,0.4118448818278821,222.3784459113835,0.625
Llama2-13B,32,40,1,32,16,3200,0.001852,0.0009846627044677,0,0.0028366627044677,0.001852,0.2653185081787109,150762.19248548293,0.4123516661957829,222.65208757871653,0.625
Llama2-13B,32,40,1,32,16,3328,0.001852,0.0009846627044677,0,0.0028366627044677,0.001852,0.2653185081787109,150762.19248548293,0.4128584505636837,222.9257292460496,0.625
Llama2-13B,32,40,1,32,16,3456,0.001852,0.0009846627044677,0,0.0028366627044677,0.001852,0.2653185081787109,150762.19248548293,0.4133652349315844,223.1993709133826,0.625
Llama2-13B,32,40,1,32,16,3584,0.001852,0.0009846627044677,0,0.0028366627044677,0.001852,0.2653185081787109,150762.19248548293,0.4138720192994852,223.47301258071568,0.625
Llama2-13B,32,40,1,32,16,3712,0.001852,0.0009846627044677,0,0.0028366627044677,0.001852,0.2653185081787109,150762.19248548293,0.4143788036673861,223.7466542480487,0.625
Llama2-13B,32,40,1,32,16,3840,0.001852,0.0009846627044677,0,0.0028366627044677,0.001852,0.2653185081787109,150762.19248548293,0.4148855880352869,224.02029591538167,0.625
Llama2-13B,32,40,1,32,16,3968,0.001852,0.0009846627044677,0,0.0028366627044677,0.001852,0.2653185081787109,150762.19248548293,0.4153923724031876,224.2939375827148,0.625
Llama2-13B,32,40,1,32,16,4096,0.001852,0.0009846627044677,0,0.0028366627044677,0.001852,0.2653185081787109,150762.19248548293,0.4158991567710884,224.56757925004788,0.625
Llama2-70B,8,1,8,32,32,128,0.0016155,0.0067296894327799,0,0.0083451894327799,0.0016155,0.8192306546223959,1220.6574477622853,10.946230067542665,84.69692098067677,1.0
Llama2-70B,8,1,8,32,32,256,0.0016155,0.0067296894327799,0,0.0083451894327799,0.0016155,0.8192306546223959,1220.6574477622853,10.972177427179185,84.89768978009275,1.0
Llama2-70B,8,1,8,32,32,384,0.0016155,0.0067296894327799,0,0.0083451894327799,0.0016155,0.8192306546223959,1220.6574477622853,10.998124786815708,85.09845857950873,1.0
Llama2-70B,8,1,8,32,32,512,0.0016155,0.0067296894327799,0,0.0083451894327799,0.0016155,0.8192306546223959,1220.6574477622853,11.024072146452228,85.2992273789247,1.0
Llama2-70B,8,1,8,32,32,640,0.0016155,0.0067296894327799,0,0.0083451894327799,0.0016155,0.8192306546223959,1220.6574477622853,11.050019506088748,85.49999617834068,1.0
Llama2-70B,8,1,8,32,32,768,0.0016155,0.0067296894327799,0,0.0083451894327799,0.0016155,0.8192306546223959,1220.6574477622853,11.075966865725269,85.70076497775665,1.0
Llama2-70B,8,1,8,32,32,896,0.0016155,0.0067296894327799,0,0.0083451894327799,0.0016155,0.8192306546223959,1220.6574477622853,11.101914225361789,85.90153377717265,1.0
Llama2-70B,8,1,8,32,32,1024,0.0016155,0.0067296894327799,0,0.0083451894327799,0.0016155,0.8192306546223959,1220.6574477622853,11.12786158499831,86.1023025765886,1.0
Llama2-70B,8,1,8,32,32,1152,0.0016155,0.0067296894327799,0,0.0083451894327799,0.0016155,0.8192306546223959,1220.6574477622853,11.15380894463483,86.3030713760046,1.0
Llama2-70B,8,1,8,32,32,1280,0.0016155,0.0067296894327799,0,0.0083451894327799,0.0016155,0.8192306546223959,1220.6574477622853,11.179756304271354,86.50384017542055,1.0
Llama2-70B,8,1,8,32,32,1408,0.0016155,0.0067296894327799,0,0.0083451894327799,0.0016155,0.8192306546223959,1220.6574477622853,11.205703663907874,86.70460897483655,1.0
Llama2-70B,8,1,8,32,32,1536,0.0016155,0.0067296894327799,0,0.0083451894327799,0.0016155,0.8192306546223959,1220.6574477622853,11.231651023544396,86.90537777425253,1.0
Llama2-70B,8,1,8,32,32,1664,0.0016155,0.0067296894327799,0,0.0083451894327799,0.0016155,0.8192306546223959,1220.6574477622853,11.257598383180914,87.1061465736685,1.0
Llama2-70B,8,1,8,32,32,1792,0.0016155,0.0067296894327799,0,0.0083451894327799,0.0016155,0.8192306546223959,1220.6574477622853,11.283545742817434,87.30691537308448,1.0
Llama2-70B,8,1,8,32,32,1920,0.0016155,0.0067296894327799,0,0.0083451894327799,0.0016155,0.8192306546223959,1220.6574477622853,11.309493102453956,87.50768417250045,1.0
Llama2-70B,8,1,8,32,32,2048,0.0016155,0.0067296894327799,0,0.0083451894327799,0.0016155,0.8192306546223959,1220.6574477622853,11.335440462090476,87.70845297191643,1.0
Llama2-70B,8,1,8,32,32,2176,0.0016155,0.0067296894327799,0,0.0083451894327799,0.0016155,0.8192306546223959,1220.6574477622853,11.361387821727,87.90922177133241,1.0
Llama2-70B,8,1,8,32,32,2304,0.0016155,0.0067296894327799,0,0.0083451894327799,0.0016155,0.8192306546223959,1220.6574477622853,11.38733518136352,88.1099905707484,1.0
Llama2-70B,8,1,8,32,32,2432,0.0016155,0.0067296894327799,0,0.0083451894327799,0.0016155,0.8192306546223959,1220.6574477622853,11.41328254100004,88.31075937016436,1.0
Llama2-70B,8,1,8,32,32,2560,0.0016155,0.0067296894327799,0,0.0083451894327799,0.0016155,0.8192306546223959,1220.6574477622853,11.439229900636562,88.51152816958033,1.0
Llama2-70B,8,1,8,32,32,2688,0.0016155,0.0067296894327799,0,0.0083451894327799,0.0016155,0.8192306546223959,1220.6574477622853,11.46517726027308,88.71229696899631,1.0
Llama2-70B,8,1,8,32,32,2816,0.0016155,0.0067296894327799,0,0.0083451894327799,0.0016155,0.8192306546223959,1220.6574477622853,11.491124619909604,88.9130657684123,1.0
Llama2-70B,8,1,8,32,32,2944,0.0016155,0.0067296894327799,0,0.0083451894327799,0.0016155,0.8192306546223959,1220.6574477622853,11.517071979546126,89.11383456782829,1.0
Llama2-70B,8,1,8,32,32,3072,0.0016155,0.0067296894327799,0,0.0083451894327799,0.0016155,0.8192306546223959,1220.6574477622853,11.543019339182647,89.31460336724425,1.0
Llama2-70B,8,1,8,32,32,3200,0.0016155,0.0067296894327799,0,0.0083451894327799,0.0016155,0.8192306546223959,1220.6574477622853,11.568966698819168,89.51537216666023,1.0
Llama2-70B,8,1,8,32,32,3328,0.0016155,0.0067296894327799,0,0.0083451894327799,0.0016155,0.8192306546223959,1220.6574477622853,11.594914058455688,89.7161409660762,1.0
Llama2-70B,8,1,8,32,32,3456,0.0016155,0.0067296894327799,0,0.0083451894327799,0.0016155,0.8192306546223959,1220.6574477622853,11.62086141809221,89.91690976549219,1.0
Llama2-70B,8,1,8,32,32,3584,0.0016155,0.0067296894327799,0,0.0083451894327799,0.0016155,0.8192306546223959,1220.6574477622853,11.646808777728731,90.11767856490816,1.0
Llama2-70B,8,1,8,32,32,3712,0.0016155,0.0067296894327799,0,0.0083451894327799,0.0016155,0.8192306546223959,1220.6574477622853,11.672756137365251,90.31844736432416,1.0
Llama2-70B,8,1,8,32,32,3840,0.0016155,0.0067296894327799,0,0.0083451894327799,0.0016155,0.8192306546223959,1220.6574477622853,11.698703497001771,90.5192161637401,1.0
Llama2-70B,8,1,8,32,32,3968,0.0016155,0.0067296894327799,0,0.0083451894327799,0.0016155,0.8192306546223959,1220.6574477622853,11.724650856638291,90.7199849631561,1.0
Llama2-70B,8,1,8,32,32,4096,0.0016155,0.0067296894327799,0,0.0083451894327799,0.0016155,0.8192306546223959,1220.6574477622853,11.750598216274811,90.92075376257208,1.0
Llama2-70B,8,2,4,32,32,128,0.0016155,0.0064117979939778,0,0.0080272979939778,0.0016155,0.7937993395182293,2519.5284254252906,5.473115033771332,84.69692098067677,1.0
Llama2-70B,8,2,4,32,32,256,0.0016155,0.0064117979939778,0,0.0080272979939778,0.0016155,0.7937993395182293,2519.5284254252906,5.486088713589592,84.89768978009275,1.0
Llama2-70B,8,2,4,32,32,384,0.0016155,0.0064117979939778,0,0.0080272979939778,0.0016155,0.7937993395182293,2519.5284254252906,5.499062393407853,85.09845857950873,1.0
Llama2-70B,8,2,4,32,32,512,0.0016155,0.0064117979939778,0,0.0080272979939778,0.0016155,0.7937993395182293,2519.5284254252906,5.512036073226114,85.2992273789247,1.0
Llama2-70B,8,2,4,32,32,640,0.0016155,0.0064117979939778,0,0.0080272979939778,0.0016155,0.7937993395182293,2519.5284254252906,5.525009753044374,85.49999617834068,1.0
Llama2-70B,8,2,4,32,32,768,0.0016155,0.0064117979939778,0,0.0080272979939778,0.0016155,0.7937993395182293,2519.5284254252906,5.537983432862634,85.70076497775665,1.0
Llama2-70B,8,2,4,32,32,896,0.0016155,0.0064117979939778,0,0.0080272979939778,0.0016155,0.7937993395182293,2519.5284254252906,5.550957112680894,85.90153377717265,1.0
Llama2-70B,8,2,4,32,32,1024,0.0016155,0.0064117979939778,0,0.0080272979939778,0.0016155,0.7937993395182293,2519.5284254252906,5.563930792499155,86.1023025765886,1.0
Llama2-70B,8,2,4,32,32,1152,0.0016155,0.0064117979939778,0,0.0080272979939778,0.0016155,0.7937993395182293,2519.5284254252906,5.576904472317415,86.3030713760046,1.0
Llama2-70B,8,2,4,32,32,1280,0.0016155,0.0064117979939778,0,0.0080272979939778,0.0016155,0.7937993395182293,2519.5284254252906,5.589878152135677,86.50384017542055,1.0
Llama2-70B,8,2,4,32,32,1408,0.0016155,0.0064117979939778,0,0.0080272979939778,0.0016155,0.7937993395182293,2519.5284254252906,5.602851831953937,86.70460897483655,1.0
Llama2-70B,8,2,4,32,32,1536,0.0016155,0.0064117979939778,0,0.0080272979939778,0.0016155,0.7937993395182293,2519.5284254252906,5.615825511772198,86.90537777425253,1.0
Llama2-70B,8,2,4,32,32,1664,0.0016155,0.0064117979939778,0,0.0080272979939778,0.0016155,0.7937993395182293,2519.5284254252906,5.628799191590457,87.1061465736685,1.0
Llama2-70B,8,2,4,32,32,1792,0.0016155,0.0064117979939778,0,0.0080272979939778,0.0016155,0.7937993395182293,2519.5284254252906,5.641772871408717,87.30691537308448,1.0
Llama2-70B,8,2,4,32,32,1920,0.0016155,0.0064117979939778,0,0.0080272979939778,0.0016155,0.7937993395182293,2519.5284254252906,5.654746551226978,87.50768417250045,1.0
Llama2-70B,8,2,4,32,32,2048,0.0016155,0.0064117979939778,0,0.0080272979939778,0.0016155,0.7937993395182293,2519.5284254252906,5.667720231045238,87.70845297191643,1.0
Llama2-70B,8,2,4,32,32,2176,0.0016155,0.0064117979939778,0,0.0080272979939778,0.0016155,0.7937993395182293,2519.5284254252906,5.6806939108635,87.90922177133241,1.0
Llama2-70B,8,2,4,32,32,2304,0.0016155,0.0064117979939778,0,0.0080272979939778,0.0016155,0.7937993395182293,2519.5284254252906,5.69366759068176,88.1099905707484,1.0
Llama2-70B,8,2,4,32,32,2432,0.0016155,0.0064117979939778,0,0.0080272979939778,0.0016155,0.7937993395182293,2519.5284254252906,5.70664127050002,88.31075937016436,1.0
Llama2-70B,8,2,4,32,32,2560,0.0016155,0.0064117979939778,0,0.0080272979939778,0.0016155,0.7937993395182293,2519.5284254252906,5.719614950318281,88.51152816958033,1.0
Llama2-70B,8,2,4,32,32,2688,0.0016155,0.0064117979939778,0,0.0080272979939778,0.0016155,0.7937993395182293,2519.5284254252906,5.73258863013654,88.71229696899631,1.0
Llama2-70B,8,2,4,32,32,2816,0.0016155,0.0064117979939778,0,0.0080272979939778,0.0016155,0.7937993395182293,2519.5284254252906,5.745562309954802,88.9130657684123,1.0
Llama2-70B,8,2,4,32,32,2944,0.0016155,0.0064117979939778,0,0.0080272979939778,0.0016155,0.7937993395182293,2519.5284254252906,5.758535989773063,89.11383456782829,1.0
Llama2-70B,8,2,4,32,32,3072,0.0016155,0.0064117979939778,0,0.0080272979939778,0.0016155,0.7937993395182293,2519.5284254252906,5.771509669591324,89.31460336724425,1.0
Llama2-70B,8,2,4,32,32,3200,0.0016155,0.0064117979939778,0,0.0080272979939778,0.0016155,0.7937993395182293,2519.5284254252906,5.784483349409584,89.51537216666023,1.0
Llama2-70B,8,2,4,32,32,3328,0.0016155,0.0064117979939778,0,0.0080272979939778,0.0016155,0.7937993395182293,2519.5284254252906,5.797457029227844,89.7161409660762,1.0
Llama2-70B,8,2,4,32,32,3456,0.0016155,0.0064117979939778,0,0.0080272979939778,0.0016155,0.7937993395182293,2519.5284254252906,5.810430709046105,89.91690976549219,1.0
Llama2-70B,8,2,4,32,32,3584,0.0016155,0.0064117979939778,0,0.0080272979939778,0.0016155,0.7937993395182293,2519.5284254252906,5.823404388864366,90.11767856490816,1.0
Llama2-70B,8,2,4,32,32,3712,0.0016155,0.0064117979939778,0,0.0080272979939778,0.0016155,0.7937993395182293,2519.5284254252906,5.8363780686826265,90.31844736432416,1.0
Llama2-70B,8,2,4,32,32,3840,0.0016155,0.0064117979939778,0,0.0080272979939778,0.0016155,0.7937993395182293,2519.5284254252906,5.849351748500886,90.5192161637401,1.0
Llama2-70B,8,2,4,32,32,3968,0.0016155,0.0064117979939778,0,0.0080272979939778,0.0016155,0.7937993395182293,2519.5284254252906,5.862325428319146,90.7199849631561,1.0
Llama2-70B,8,2,4,32,32,4096,0.0016155,0.0064117979939778,0,0.0080272979939778,0.0016155,0.7937993395182293,2519.5284254252906,5.875299108137407,90.92075376257208,1.0
Llama2-70B,8,4,2,32,32,128,0.0016155,0.005782637854682,0,0.007398137854682,0.0016155,0.7434665283745661,5380.201861602516,2.7365575168856657,84.69692098067677,1.0
Llama2-70B,8,4,2,32,32,256,0.0016155,0.005782637854682,0,0.007398137854682,0.0016155,0.7434665283745661,5380.201861602516,2.743044356794796,84.89768978009275,1.0
Llama2-70B,8,4,2,32,32,384,0.0016155,0.005782637854682,0,0.007398137854682,0.0016155,0.7434665283745661,5380.201861602516,2.749531196703926,85.09845857950873,1.0
Llama2-70B,8,4,2,32,32,512,0.0016155,0.005782637854682,0,0.007398137854682,0.0016155,0.7434665283745661,5380.201861602516,2.756018036613057,85.2992273789247,1.0
Llama2-70B,8,4,2,32,32,640,0.0016155,0.005782637854682,0,0.007398137854682,0.0016155,0.7434665283745661,5380.201861602516,2.762504876522187,85.49999617834068,1.0
Llama2-70B,8,4,2,32,32,768,0.0016155,0.005782637854682,0,0.007398137854682,0.0016155,0.7434665283745661,5380.201861602516,2.768991716431317,85.70076497775665,1.0
Llama2-70B,8,4,2,32,32,896,0.0016155,0.005782637854682,0,0.007398137854682,0.0016155,0.7434665283745661,5380.201861602516,2.775478556340447,85.90153377717265,1.0
Llama2-70B,8,4,2,32,32,1024,0.0016155,0.005782637854682,0,0.007398137854682,0.0016155,0.7434665283745661,5380.201861602516,2.7819653962495776,86.1023025765886,1.0
Llama2-70B,8,4,2,32,32,1152,0.0016155,0.005782637854682,0,0.007398137854682,0.0016155,0.7434665283745661,5380.201861602516,2.788452236158708,86.3030713760046,1.0
Llama2-70B,8,4,2,32,32,1280,0.0016155,0.005782637854682,0,0.007398137854682,0.0016155,0.7434665283745661,5380.201861602516,2.7949390760678385,86.50384017542055,1.0
Llama2-70B,8,4,2,32,32,1408,0.0016155,0.005782637854682,0,0.007398137854682,0.0016155,0.7434665283745661,5380.201861602516,2.801425915976969,86.70460897483655,1.0
Llama2-70B,8,4,2,32,32,1536,0.0016155,0.005782637854682,0,0.007398137854682,0.0016155,0.7434665283745661,5380.201861602516,2.807912755886099,86.90537777425253,1.0
Llama2-70B,8,4,2,32,32,1664,0.0016155,0.005782637854682,0,0.007398137854682,0.0016155,0.7434665283745661,5380.201861602516,2.8143995957952286,87.1061465736685,1.0
Llama2-70B,8,4,2,32,32,1792,0.0016155,0.005782637854682,0,0.007398137854682,0.0016155,0.7434665283745661,5380.201861602516,2.8208864357043586,87.30691537308448,1.0
Llama2-70B,8,4,2,32,32,1920,0.0016155,0.005782637854682,0,0.007398137854682,0.0016155,0.7434665283745661,5380.201861602516,2.827373275613489,87.50768417250045,1.0
Llama2-70B,8,4,2,32,32,2048,0.0016155,0.005782637854682,0,0.007398137854682,0.0016155,0.7434665283745661,5380.201861602516,2.833860115522619,87.70845297191643,1.0
Llama2-70B,8,4,2,32,32,2176,0.0016155,0.005782637854682,0,0.007398137854682,0.0016155,0.7434665283745661,5380.201861602516,2.84034695543175,87.90922177133241,1.0
Llama2-70B,8,4,2,32,32,2304,0.0016155,0.005782637854682,0,0.007398137854682,0.0016155,0.7434665283745661,5380.201861602516,2.84683379534088,88.1099905707484,1.0
Llama2-70B,8,4,2,32,32,2432,0.0016155,0.005782637854682,0,0.007398137854682,0.0016155,0.7434665283745661,5380.201861602516,2.85332063525001,88.31075937016436,1.0
Llama2-70B,8,4,2,32,32,2560,0.0016155,0.005782637854682,0,0.007398137854682,0.0016155,0.7434665283745661,5380.201861602516,2.8598074751591405,88.51152816958033,1.0
Llama2-70B,8,4,2,32,32,2688,0.0016155,0.005782637854682,0,0.007398137854682,0.0016155,0.7434665283745661,5380.201861602516,2.86629431506827,88.71229696899631,1.0
Llama2-70B,8,4,2,32,32,2816,0.0016155,0.005782637854682,0,0.007398137854682,0.0016155,0.7434665283745661,5380.201861602516,2.872781154977401,88.9130657684123,1.0
Llama2-70B,8,4,2,32,32,2944,0.0016155,0.005782637854682,0,0.007398137854682,0.0016155,0.7434665283745661,5380.201861602516,2.8792679948865314,89.11383456782829,1.0
Llama2-70B,8,4,2,32,32,3072,0.0016155,0.005782637854682,0,0.007398137854682,0.0016155,0.7434665283745661,5380.201861602516,2.885754834795662,89.31460336724425,1.0
Llama2-70B,8,4,2,32,32,3200,0.0016155,0.005782637854682,0,0.007398137854682,0.0016155,0.7434665283745661,5380.201861602516,2.892241674704792,89.51537216666023,1.0
Llama2-70B,8,4,2,32,32,3328,0.0016155,0.005782637854682,0,0.007398137854682,0.0016155,0.7434665283745661,5380.201861602516,2.898728514613922,89.7161409660762,1.0
Llama2-70B,8,4,2,32,32,3456,0.0016155,0.005782637854682,0,0.007398137854682,0.0016155,0.7434665283745661,5380.201861602516,2.9052153545230524,89.91690976549219,1.0
Llama2-70B,8,4,2,32,32,3584,0.0016155,0.005782637854682,0,0.007398137854682,0.0016155,0.7434665283745661,5380.201861602516,2.911702194432183,90.11767856490816,1.0
Llama2-70B,8,4,2,32,32,3712,0.0016155,0.005782637854682,0,0.007398137854682,0.0016155,0.7434665283745661,5380.201861602516,2.9181890343413133,90.31844736432416,1.0
Llama2-70B,8,4,2,32,32,3840,0.0016155,0.005782637854682,0,0.007398137854682,0.0016155,0.7434665283745661,5380.201861602516,2.924675874250443,90.5192161637401,1.0
Llama2-70B,8,4,2,32,32,3968,0.0016155,0.005782637854682,0,0.007398137854682,0.0016155,0.7434665283745661,5380.201861602516,2.931162714159573,90.7199849631561,1.0
Llama2-70B,8,4,2,32,32,4096,0.0016155,0.005782637854682,0,0.007398137854682,0.0016155,0.7434665283745661,5380.201861602516,2.937649554068704,90.92075376257208,1.0
Llama2-70B,8,8,1,32,32,128,0.0016155,0.0045739881134033,0,0.0061894881134033,0.0016155,0.6467745490722656,12369.070507606108,1.3682787584428329,84.69692098067677,1.0
Llama2-70B,8,8,1,32,32,256,0.0016155,0.0045739881134033,0,0.0061894881134033,0.0016155,0.6467745490722656,12369.070507606108,1.371522178397398,84.89768978009275,1.0
Llama2-70B,8,8,1,32,32,384,0.0016155,0.0045739881134033,0,0.0061894881134033,0.0016155,0.6467745490722656,12369.070507606108,1.374765598351963,85.09845857950873,1.0
Llama2-70B,8,8,1,32,32,512,0.0016155,0.0045739881134033,0,0.0061894881134033,0.0016155,0.6467745490722656,12369.070507606108,1.3780090183065286,85.2992273789247,1.0
Llama2-70B,8,8,1,32,32,640,0.0016155,0.0045739881134033,0,0.0061894881134033,0.0016155,0.6467745490722656,12369.070507606108,1.3812524382610936,85.49999617834068,1.0
Llama2-70B,8,8,1,32,32,768,0.0016155,0.0045739881134033,0,0.0061894881134033,0.0016155,0.6467745490722656,12369.070507606108,1.3844958582156586,85.70076497775665,1.0
Llama2-70B,8,8,1,32,32,896,0.0016155,0.0045739881134033,0,0.0061894881134033,0.0016155,0.6467745490722656,12369.070507606108,1.3877392781702236,85.90153377717265,1.0
Llama2-70B,8,8,1,32,32,1024,0.0016155,0.0045739881134033,0,0.0061894881134033,0.0016155,0.6467745490722656,12369.070507606108,1.3909826981247888,86.1023025765886,1.0
Llama2-70B,8,8,1,32,32,1152,0.0016155,0.0045739881134033,0,0.0061894881134033,0.0016155,0.6467745490722656,12369.070507606108,1.3942261180793538,86.3030713760046,1.0
Llama2-70B,8,8,1,32,32,1280,0.0016155,0.0045739881134033,0,0.0061894881134033,0.0016155,0.6467745490722656,12369.070507606108,1.3974695380339193,86.50384017542055,1.0
Llama2-70B,8,8,1,32,32,1408,0.0016155,0.0045739881134033,0,0.0061894881134033,0.0016155,0.6467745490722656,12369.070507606108,1.4007129579884845,86.70460897483655,1.0
Llama2-70B,8,8,1,32,32,1536,0.0016155,0.0045739881134033,0,0.0061894881134033,0.0016155,0.6467745490722656,12369.070507606108,1.4039563779430495,86.90537777425253,1.0
Llama2-70B,8,8,1,32,32,1664,0.0016155,0.0045739881134033,0,0.0061894881134033,0.0016155,0.6467745490722656,12369.070507606108,1.4071997978976143,87.1061465736685,1.0
Llama2-70B,8,8,1,32,32,1792,0.0016155,0.0045739881134033,0,0.0061894881134033,0.0016155,0.6467745490722656,12369.070507606108,1.4104432178521793,87.30691537308448,1.0
Llama2-70B,8,8,1,32,32,1920,0.0016155,0.0045739881134033,0,0.0061894881134033,0.0016155,0.6467745490722656,12369.070507606108,1.4136866378067443,87.50768417250045,1.0
Llama2-70B,8,8,1,32,32,2048,0.0016155,0.0045739881134033,0,0.0061894881134033,0.0016155,0.6467745490722656,12369.070507606108,1.4169300577613095,87.70845297191643,1.0
Llama2-70B,8,8,1,32,32,2176,0.0016155,0.0045739881134033,0,0.0061894881134033,0.0016155,0.6467745490722656,12369.070507606108,1.420173477715875,87.90922177133241,1.0
Llama2-70B,8,8,1,32,32,2304,0.0016155,0.0045739881134033,0,0.0061894881134033,0.0016155,0.6467745490722656,12369.070507606108,1.42341689767044,88.1099905707484,1.0
Llama2-70B,8,8,1,32,32,2432,0.0016155,0.0045739881134033,0,0.0061894881134033,0.0016155,0.6467745490722656,12369.070507606108,1.426660317625005,88.31075937016436,1.0
Llama2-70B,8,8,1,32,32,2560,0.0016155,0.0045739881134033,0,0.0061894881134033,0.0016155,0.6467745490722656,12369.070507606108,1.4299037375795702,88.51152816958033,1.0
Llama2-70B,8,8,1,32,32,2688,0.0016155,0.0045739881134033,0,0.0061894881134033,0.0016155,0.6467745490722656,12369.070507606108,1.433147157534135,88.71229696899631,1.0
Llama2-70B,8,8,1,32,32,2816,0.0016155,0.0045739881134033,0,0.0061894881134033,0.0016155,0.6467745490722656,12369.070507606108,1.4363905774887005,88.9130657684123,1.0
Llama2-70B,8,8,1,32,32,2944,0.0016155,0.0045739881134033,0,0.0061894881134033,0.0016155,0.6467745490722656,12369.070507606108,1.4396339974432657,89.11383456782829,1.0
Llama2-70B,8,8,1,32,32,3072,0.0016155,0.0045739881134033,0,0.0061894881134033,0.0016155,0.6467745490722656,12369.070507606108,1.442877417397831,89.31460336724425,1.0
Llama2-70B,8,8,1,32,32,3200,0.0016155,0.0045739881134033,0,0.0061894881134033,0.0016155,0.6467745490722656,12369.070507606108,1.446120837352396,89.51537216666023,1.0
Llama2-70B,8,8,1,32,32,3328,0.0016155,0.0045739881134033,0,0.0061894881134033,0.0016155,0.6467745490722656,12369.070507606108,1.449364257306961,89.7161409660762,1.0
Llama2-70B,8,8,1,32,32,3456,0.0016155,0.0045739881134033,0,0.0061894881134033,0.0016155,0.6467745490722656,12369.070507606108,1.4526076772615262,89.91690976549219,1.0
Llama2-70B,8,8,1,32,32,3584,0.0016155,0.0045739881134033,0,0.0061894881134033,0.0016155,0.6467745490722656,12369.070507606108,1.4558510972160914,90.11767856490816,1.0
Llama2-70B,8,8,1,32,32,3712,0.0016155,0.0045739881134033,0,0.0061894881134033,0.0016155,0.6467745490722656,12369.070507606108,1.4590945171706566,90.31844736432416,1.0
Llama2-70B,8,8,1,32,32,3840,0.0016155,0.0045739881134033,0,0.0061894881134033,0.0016155,0.6467745490722656,12369.070507606108,1.4623379371252214,90.5192161637401,1.0
Llama2-70B,8,8,1,32,32,3968,0.0016155,0.0045739881134033,0,0.0061894881134033,0.0016155,0.6467745490722656,12369.070507606108,1.4655813570797864,90.7199849631561,1.0
Llama2-70B,8,8,1,32,32,4096,0.0016155,0.0045739881134033,0,0.0061894881134033,0.0016155,0.6467745490722656,12369.070507606108,1.4688247770343517,90.92075376257208,1.0
Llama2-70B,8,80,1,32,3,128,0.013138,0.0004647777472601,0,0.0136027777472602,0.013138,1.251360219780816,63930.43244894945,0.294506109080015,22.41635782310969,1.0
Llama2-70B,8,80,1,32,3,256,0.013138,0.0004647777472601,0,0.0136027777472602,0.013138,1.251360219780816,63930.43244894945,0.2948304510754715,22.44104514199053,1.0
Llama2-70B,8,80,1,32,3,384,0.013138,0.0004647777472601,0,0.0136027777472602,0.013138,1.251360219780816,63930.43244894945,0.295154793070928,22.46573246087137,1.0
Llama2-70B,8,80,1,32,3,512,0.013138,0.0004647777472601,0,0.0136027777472602,0.013138,1.251360219780816,63930.43244894945,0.2954791350663845,22.490419779752216,1.0
Llama2-70B,8,80,1,32,3,640,0.013138,0.0004647777472601,0,0.0136027777472602,0.013138,1.251360219780816,63930.43244894945,0.295803477061841,22.51510709863306,1.0
Llama2-70B,8,80,1,32,3,768,0.013138,0.0004647777472601,0,0.0136027777472602,0.013138,1.251360219780816,63930.43244894945,0.2961278190572976,22.539794417513903,1.0
Llama2-70B,8,80,1,32,3,896,0.013138,0.0004647777472601,0,0.0136027777472602,0.013138,1.251360219780816,63930.43244894945,0.296452161052754,22.564481736394747,1.0
Llama2-70B,8,80,1,32,3,1024,0.013138,0.0004647777472601,0,0.0136027777472602,0.013138,1.251360219780816,63930.43244894945,0.2967765030482105,22.589169055275587,1.0
Llama2-70B,8,80,1,32,3,1152,0.013138,0.0004647777472601,0,0.0136027777472602,0.013138,1.251360219780816,63930.43244894945,0.2971008450436671,22.613856374156427,1.0
Llama2-70B,8,80,1,32,3,1280,0.013138,0.0004647777472601,0,0.0136027777472602,0.013138,1.251360219780816,63930.43244894945,0.2974251870391236,22.63854369303728,1.0
Llama2-70B,8,80,1,32,3,1408,0.013138,0.0004647777472601,0,0.0136027777472602,0.013138,1.251360219780816,63930.43244894945,0.2977495290345801,22.66323101191812,1.0
Llama2-70B,8,80,1,32,3,1536,0.013138,0.0004647777472601,0,0.0136027777472602,0.013138,1.251360219780816,63930.43244894945,0.2980738710300366,22.68791833079896,1.0
Llama2-70B,8,80,1,32,3,1664,0.013138,0.0004647777472601,0,0.0136027777472602,0.013138,1.251360219780816,63930.43244894945,0.2983982130254932,22.7126056496798,1.0
Llama2-70B,8,80,1,32,3,1792,0.013138,0.0004647777472601,0,0.0136027777472602,0.013138,1.251360219780816,63930.43244894945,0.2987225550209496,22.737292968560645,1.0
Llama2-70B,8,80,1,32,3,1920,0.013138,0.0004647777472601,0,0.0136027777472602,0.013138,1.251360219780816,63930.43244894945,0.2990468970164062,22.761980287441485,1.0
Llama2-70B,8,80,1,32,3,2048,0.013138,0.0004647777472601,0,0.0136027777472602,0.013138,1.251360219780816,63930.43244894945,0.2993712390118627,22.78666760632233,1.0
Llama2-70B,8,80,1,32,3,2176,0.013138,0.0004647777472601,0,0.0136027777472602,0.013138,1.251360219780816,63930.43244894945,0.2996955810073192,22.81135492520317,1.0
Llama2-70B,8,80,1,32,3,2304,0.013138,0.0004647777472601,0,0.0136027777472602,0.013138,1.251360219780816,63930.43244894945,0.3000199230027757,22.836042244084016,1.0
Llama2-70B,8,80,1,32,3,2432,0.013138,0.0004647777472601,0,0.0136027777472602,0.013138,1.251360219780816,63930.43244894945,0.3003442649982322,22.86072956296486,1.0
Llama2-70B,8,80,1,32,3,2560,0.013138,0.0004647777472601,0,0.0136027777472602,0.013138,1.251360219780816,63930.43244894945,0.3006686069936887,22.8854168818457,1.0
Llama2-70B,8,80,1,32,3,2688,0.013138,0.0004647777472601,0,0.0136027777472602,0.013138,1.251360219780816,63930.43244894945,0.3009929489891453,22.910104200726543,1.0
Llama2-70B,8,80,1,32,3,2816,0.013138,0.0004647777472601,0,0.0136027777472602,0.013138,1.251360219780816,63930.43244894945,0.3013172909846018,22.934791519607387,1.0
Llama2-70B,8,80,1,32,3,2944,0.013138,0.0004647777472601,0,0.0136027777472602,0.013138,1.251360219780816,63930.43244894945,0.3016416329800582,22.95947883848823,1.0
Llama2-70B,8,80,1,32,3,3072,0.013138,0.0004647777472601,0,0.0136027777472602,0.013138,1.251360219780816,63930.43244894945,0.3019659749755148,22.984166157369074,1.0
Llama2-70B,8,80,1,32,3,3200,0.013138,0.0004647777472601,0,0.0136027777472602,0.013138,1.251360219780816,63930.43244894945,0.3022903169709712,23.008853476249914,1.0
Llama2-70B,8,80,1,32,3,3328,0.013138,0.0004647777472601,0,0.0136027777472602,0.013138,1.251360219780816,63930.43244894945,0.3026146589664278,23.033540795130754,1.0
Llama2-70B,8,80,1,32,3,3456,0.013138,0.0004647777472601,0,0.0136027777472602,0.013138,1.251360219780816,63930.43244894945,0.3029390009618843,23.0582281140116,1.0
Llama2-70B,8,80,1,32,3,3584,0.013138,0.0004647777472601,0,0.0136027777472602,0.013138,1.251360219780816,63930.43244894945,0.3032633429573408,23.08291543289244,1.0
Llama2-70B,8,80,1,32,3,3712,0.013138,0.0004647777472601,0,0.0136027777472602,0.013138,1.251360219780816,63930.43244894945,0.3035876849527973,23.107602751773285,1.0
Llama2-70B,8,80,1,32,3,3840,0.013138,0.0004647777472601,0,0.0136027777472602,0.013138,1.251360219780816,63930.43244894945,0.3039120269482539,23.13229007065413,1.0
Llama2-70B,8,80,1,32,3,3968,0.013138,0.0004647777472601,0,0.0136027777472602,0.013138,1.251360219780816,63930.43244894945,0.3042363689437103,23.15697738953497,1.0
Llama2-70B,8,80,1,32,3,4096,0.013138,0.0004647777472601,0,0.0136027777472602,0.013138,1.251360219780816,63930.43244894945,0.3045607109391668,23.181664708415816,1.0
Llama2-70B,20,1,20,32,32,128,0.0016155,0.0148387594386509,0,0.0164542594386509,0.0016155,1.4679562550920755,681.2192097218021,27.36557516885666,211.742302451692,1.0
Llama2-70B,20,1,20,32,32,256,0.0016155,0.0148387594386509,0,0.0164542594386509,0.0016155,1.4679562550920755,681.2192097218021,27.430443567947965,212.2442244502319,1.0
Llama2-70B,20,1,20,32,32,384,0.0016155,0.0148387594386509,0,0.0164542594386509,0.0016155,1.4679562550920755,681.2192097218021,27.495311967039267,212.74614644877187,1.0
Llama2-70B,20,1,20,32,32,512,0.0016155,0.0148387594386509,0,0.0164542594386509,0.0016155,1.4679562550920755,681.2192097218021,27.560180366130567,213.24806844731185,1.0
Llama2-70B,20,1,20,32,32,640,0.0016155,0.0148387594386509,0,0.0164542594386509,0.0016155,1.4679562550920755,681.2192097218021,27.62504876522187,213.7499904458517,1.0
Llama2-70B,20,1,20,32,32,768,0.0016155,0.0148387594386509,0,0.0164542594386509,0.0016155,1.4679562550920755,681.2192097218021,27.689917164313176,214.25191244439168,1.0
Llama2-70B,20,1,20,32,32,896,0.0016155,0.0148387594386509,0,0.0164542594386509,0.0016155,1.4679562550920755,681.2192097218021,27.75478556340447,214.75383444293163,1.0
Llama2-70B,20,1,20,32,32,1024,0.0016155,0.0148387594386509,0,0.0164542594386509,0.0016155,1.4679562550920755,681.2192097218021,27.81965396249578,215.2557564414716,1.0
Llama2-70B,20,1,20,32,32,1152,0.0016155,0.0148387594386509,0,0.0164542594386509,0.0016155,1.4679562550920755,681.2192097218021,27.88452236158708,215.75767844001152,1.0
Llama2-70B,20,1,20,32,32,1280,0.0016155,0.0148387594386509,0,0.0164542594386509,0.0016155,1.4679562550920755,681.2192097218021,27.949390760678384,216.2596004385515,1.0
Llama2-70B,20,1,20,32,32,1408,0.0016155,0.0148387594386509,0,0.0164542594386509,0.0016155,1.4679562550920755,681.2192097218021,28.014259159769686,216.76152243709143,1.0
Llama2-70B,20,1,20,32,32,1536,0.0016155,0.0148387594386509,0,0.0164542594386509,0.0016155,1.4679562550920755,681.2192097218021,28.07912755886099,217.26344443563136,1.0
Llama2-70B,20,1,20,32,32,1664,0.0016155,0.0148387594386509,0,0.0164542594386509,0.0016155,1.4679562550920755,681.2192097218021,28.14399595795229,217.7653664341713,1.0
Llama2-70B,20,1,20,32,32,1792,0.0016155,0.0148387594386509,0,0.0164542594386509,0.0016155,1.4679562550920755,681.2192097218021,28.20886435704359,218.26728843271124,1.0
Llama2-70B,20,1,20,32,32,1920,0.0016155,0.0148387594386509,0,0.0164542594386509,0.0016155,1.4679562550920755,681.2192097218021,28.273732756134898,218.7692104312512,1.0
Llama2-70B,20,1,20,32,32,2048,0.0016155,0.0148387594386509,0,0.0164542594386509,0.0016155,1.4679562550920755,681.2192097218021,28.3386011552262,219.27113242979112,1.0
Llama2-70B,20,1,20,32,32,2176,0.0016155,0.0148387594386509,0,0.0164542594386509,0.0016155,1.4679562550920755,681.2192097218021,28.4034695543175,219.77305442833108,1.0
Llama2-70B,20,1,20,32,32,2304,0.0016155,0.0148387594386509,0,0.0164542594386509,0.0016155,1.4679562550920755,681.2192097218021,28.468337953408803,220.27497642687104,1.0
Llama2-70B,20,1,20,32,32,2432,0.0016155,0.0148387594386509,0,0.0164542594386509,0.0016155,1.4679562550920755,681.2192097218021,28.533206352500105,220.77689842541096,1.0
Llama2-70B,20,1,20,32,32,2560,0.0016155,0.0148387594386509,0,0.0164542594386509,0.0016155,1.4679562550920755,681.2192097218021,28.598074751591405,221.2788204239509,1.0
Llama2-70B,20,1,20,32,32,2688,0.0016155,0.0148387594386509,0,0.0164542594386509,0.0016155,1.4679562550920755,681.2192097218021,28.66294315068271,221.78074242249087,1.0
Llama2-70B,20,1,20,32,32,2816,0.0016155,0.0148387594386509,0,0.0164542594386509,0.0016155,1.4679562550920755,681.2192097218021,28.72781154977401,222.28266442103083,1.0
Llama2-70B,20,1,20,32,32,2944,0.0016155,0.0148387594386509,0,0.0164542594386509,0.0016155,1.4679562550920755,681.2192097218021,28.79267994886532,222.7845864195708,1.0
Llama2-70B,20,1,20,32,32,3072,0.0016155,0.0148387594386509,0,0.0164542594386509,0.0016155,1.4679562550920755,681.2192097218021,28.85754834795661,223.28650841811069,1.0
Llama2-70B,20,1,20,32,32,3200,0.0016155,0.0148387594386509,0,0.0164542594386509,0.0016155,1.4679562550920755,681.2192097218021,28.92241674704792,223.78843041665064,1.0
Llama2-70B,20,1,20,32,32,3328,0.0016155,0.0148387594386509,0,0.0164542594386509,0.0016155,1.4679562550920755,681.2192097218021,28.987285146139225,224.2903524151906,1.0
Llama2-70B,20,1,20,32,32,3456,0.0016155,0.0148387594386509,0,0.0164542594386509,0.0016155,1.4679562550920755,681.2192097218021,29.052153545230524,224.7922744137305,1.0
Llama2-70B,20,1,20,32,32,3584,0.0016155,0.0148387594386509,0,0.0164542594386509,0.0016155,1.4679562550920755,681.2192097218021,29.117021944321827,225.29419641227045,1.0
Llama2-70B,20,1,20,32,32,3712,0.0016155,0.0148387594386509,0,0.0164542594386509,0.0016155,1.4679562550920755,681.2192097218021,29.18189034341313,225.79611841081044,1.0
Llama2-70B,20,1,20,32,32,3840,0.0016155,0.0148387594386509,0,0.0164542594386509,0.0016155,1.4679562550920755,681.2192097218021,29.24675874250443,226.2980404093504,1.0
Llama2-70B,20,1,20,32,32,3968,0.0016155,0.0148387594386509,0,0.0164542594386509,0.0016155,1.4679562550920755,681.2192097218021,29.311627141595736,226.7999624078903,1.0
Llama2-70B,20,1,20,32,32,4096,0.0016155,0.0148387594386509,0,0.0164542594386509,0.0016155,1.4679562550920755,681.2192097218021,29.376495540687035,227.30188440643025,1.0
Llama2-70B,20,2,10,32,32,128,0.0016155,0.0141149887520926,0,0.0157304887520926,0.0016155,1.4100546001674104,1418.3847914559817,13.682787584428334,211.742302451692,1.0
Llama2-70B,20,2,10,32,32,256,0.0016155,0.0141149887520926,0,0.0157304887520926,0.0016155,1.4100546001674104,1418.3847914559817,13.715221783973986,212.244224450232,1.0
Llama2-70B,20,2,10,32,32,384,0.0016155,0.0141149887520926,0,0.0157304887520926,0.0016155,1.4100546001674104,1418.3847914559817,13.747655983519635,212.7461464487719,1.0
Llama2-70B,20,2,10,32,32,512,0.0016155,0.0141149887520926,0,0.0157304887520926,0.0016155,1.4100546001674104,1418.3847914559817,13.780090183065289,213.24806844731185,1.0
Llama2-70B,20,2,10,32,32,640,0.0016155,0.0141149887520926,0,0.0157304887520926,0.0016155,1.4100546001674104,1418.3847914559817,13.812524382610938,213.7499904458517,1.0
Llama2-70B,20,2,10,32,32,768,0.0016155,0.0141149887520926,0,0.0157304887520926,0.0016155,1.4100546001674104,1418.3847914559817,13.844958582156591,214.2519124443917,1.0
Llama2-70B,20,2,10,32,32,896,0.0016155,0.0141149887520926,0,0.0157304887520926,0.0016155,1.4100546001674104,1418.3847914559817,13.87739278170224,214.7538344429317,1.0
Llama2-70B,20,2,10,32,32,1024,0.0016155,0.0141149887520926,0,0.0157304887520926,0.0016155,1.4100546001674104,1418.3847914559817,13.909826981247894,215.2557564414716,1.0
Llama2-70B,20,2,10,32,32,1152,0.0016155,0.0141149887520926,0,0.0157304887520926,0.0016155,1.4100546001674104,1418.3847914559817,13.942261180793544,215.7576784400116,1.0
Llama2-70B,20,2,10,32,32,1280,0.0016155,0.0141149887520926,0,0.0157304887520926,0.0016155,1.4100546001674104,1418.3847914559817,13.974695380339195,216.2596004385516,1.0
Llama2-70B,20,2,10,32,32,1408,0.0016155,0.0141149887520926,0,0.0157304887520926,0.0016155,1.4100546001674104,1418.3847914559817,14.007129579884849,216.76152243709143,1.0
Llama2-70B,20,2,10,32,32,1536,0.0016155,0.0141149887520926,0,0.0157304887520926,0.0016155,1.4100546001674104,1418.3847914559817,14.039563779430498,217.26344443563136,1.0
Llama2-70B,20,2,10,32,32,1664,0.0016155,0.0141149887520926,0,0.0157304887520926,0.0016155,1.4100546001674104,1418.3847914559817,14.07199797897615,217.7653664341713,1.0
Llama2-70B,20,2,10,32,32,1792,0.0016155,0.0141149887520926,0,0.0157304887520926,0.0016155,1.4100546001674104,1418.3847914559817,14.1044321785218,218.26728843271127,1.0
Llama2-70B,20,2,10,32,32,1920,0.0016155,0.0141149887520926,0,0.0157304887520926,0.0016155,1.4100546001674104,1418.3847914559817,14.136866378067452,218.7692104312512,1.0
Llama2-70B,20,2,10,32,32,2048,0.0016155,0.0141149887520926,0,0.0157304887520926,0.0016155,1.4100546001674104,1418.3847914559817,14.169300577613104,219.27113242979115,1.0
Llama2-70B,20,2,10,32,32,2176,0.0016155,0.0141149887520926,0,0.0157304887520926,0.0016155,1.4100546001674104,1418.3847914559817,14.201734777158752,219.7730544283311,1.0
Llama2-70B,20,2,10,32,32,2304,0.0016155,0.0141149887520926,0,0.0157304887520926,0.0016155,1.4100546001674104,1418.3847914559817,14.234168976704405,220.27497642687104,1.0
Llama2-70B,20,2,10,32,32,2432,0.0016155,0.0141149887520926,0,0.0157304887520926,0.0016155,1.4100546001674104,1418.3847914559817,14.266603176250056,220.776898425411,1.0
Llama2-70B,20,2,10,32,32,2560,0.0016155,0.0141149887520926,0,0.0157304887520926,0.0016155,1.4100546001674104,1418.3847914559817,14.299037375795706,221.2788204239509,1.0
Llama2-70B,20,2,10,32,32,2688,0.0016155,0.0141149887520926,0,0.0157304887520926,0.0016155,1.4100546001674104,1418.3847914559817,14.33147157534136,221.7807424224909,1.0
Llama2-70B,20,2,10,32,32,2816,0.0016155,0.0141149887520926,0,0.0157304887520926,0.0016155,1.4100546001674104,1418.3847914559817,14.363905774887009,222.2826644210309,1.0
Llama2-70B,20,2,10,32,32,2944,0.0016155,0.0141149887520926,0,0.0157304887520926,0.0016155,1.4100546001674104,1418.3847914559817,14.396339974432662,222.7845864195708,1.0
Llama2-70B,20,2,10,32,32,3072,0.0016155,0.0141149887520926,0,0.0157304887520926,0.0016155,1.4100546001674104,1418.3847914559817,14.42877417397831,223.28650841811069,1.0
Llama2-70B,20,2,10,32,32,3200,0.0016155,0.0141149887520926,0,0.0157304887520926,0.0016155,1.4100546001674104,1418.3847914559817,14.461208373523965,223.78843041665067,1.0
Llama2-70B,20,2,10,32,32,3328,0.0016155,0.0141149887520926,0,0.0157304887520926,0.0016155,1.4100546001674104,1418.3847914559817,14.493642573069616,224.29035241519065,1.0
Llama2-70B,20,2,10,32,32,3456,0.0016155,0.0141149887520926,0,0.0157304887520926,0.0016155,1.4100546001674104,1418.3847914559817,14.526076772615266,224.79227441373047,1.0
Llama2-70B,20,2,10,32,32,3584,0.0016155,0.0141149887520926,0,0.0157304887520926,0.0016155,1.4100546001674104,1418.3847914559817,14.558510972160915,225.29419641227048,1.0
Llama2-70B,20,2,10,32,32,3712,0.0016155,0.0141149887520926,0,0.0157304887520926,0.0016155,1.4100546001674104,1418.3847914559817,14.590945171706569,225.7961184108105,1.0
Llama2-70B,20,2,10,32,32,3840,0.0016155,0.0141149887520926,0,0.0157304887520926,0.0016155,1.4100546001674104,1418.3847914559817,14.623379371252218,226.2980404093504,1.0
Llama2-70B,20,2,10,32,32,3968,0.0016155,0.0141149887520926,0,0.0157304887520926,0.0016155,1.4100546001674104,1418.3847914559817,14.655813570797871,226.7999624078903,1.0
Llama2-70B,20,2,10,32,32,4096,0.0016155,0.0141149887520926,0,0.0157304887520926,0.0016155,1.4100546001674104,1418.3847914559817,14.68824777034352,227.30188440643025,1.0
Llama2-70B,20,4,5,32,32,128,0.0016155,0.0134763675580705,0,0.0150918675580705,0.0016155,1.3589649046456471,2943.416703644019,6.841393792214165,211.742302451692,1.0
Llama2-70B,20,4,5,32,32,256,0.0016155,0.0134763675580705,0,0.0150918675580705,0.0016155,1.3589649046456471,2943.416703644019,6.857610891986991,212.2442244502319,1.0
Llama2-70B,20,4,5,32,32,384,0.0016155,0.0134763675580705,0,0.0150918675580705,0.0016155,1.3589649046456471,2943.416703644019,6.873827991759817,212.74614644877187,1.0
Llama2-70B,20,4,5,32,32,512,0.0016155,0.0134763675580705,0,0.0150918675580705,0.0016155,1.3589649046456471,2943.416703644019,6.890045091532642,213.24806844731185,1.0
Llama2-70B,20,4,5,32,32,640,0.0016155,0.0134763675580705,0,0.0150918675580705,0.0016155,1.3589649046456471,2943.416703644019,6.906262191305467,213.7499904458517,1.0
Llama2-70B,20,4,5,32,32,768,0.0016155,0.0134763675580705,0,0.0150918675580705,0.0016155,1.3589649046456471,2943.416703644019,6.922479291078294,214.25191244439168,1.0
Llama2-70B,20,4,5,32,32,896,0.0016155,0.0134763675580705,0,0.0150918675580705,0.0016155,1.3589649046456471,2943.416703644019,6.938696390851118,214.75383444293163,1.0
Llama2-70B,20,4,5,32,32,1024,0.0016155,0.0134763675580705,0,0.0150918675580705,0.0016155,1.3589649046456471,2943.416703644019,6.954913490623945,215.2557564414716,1.0
Llama2-70B,20,4,5,32,32,1152,0.0016155,0.0134763675580705,0,0.0150918675580705,0.0016155,1.3589649046456471,2943.416703644019,6.97113059039677,215.75767844001152,1.0
Llama2-70B,20,4,5,32,32,1280,0.0016155,0.0134763675580705,0,0.0150918675580705,0.0016155,1.3589649046456471,2943.416703644019,6.987347690169596,216.2596004385515,1.0
Llama2-70B,20,4,5,32,32,1408,0.0016155,0.0134763675580705,0,0.0150918675580705,0.0016155,1.3589649046456471,2943.416703644019,7.003564789942422,216.76152243709143,1.0
Llama2-70B,20,4,5,32,32,1536,0.0016155,0.0134763675580705,0,0.0150918675580705,0.0016155,1.3589649046456471,2943.416703644019,7.019781889715247,217.26344443563136,1.0
Llama2-70B,20,4,5,32,32,1664,0.0016155,0.0134763675580705,0,0.0150918675580705,0.0016155,1.3589649046456471,2943.416703644019,7.035998989488073,217.7653664341713,1.0
Llama2-70B,20,4,5,32,32,1792,0.0016155,0.0134763675580705,0,0.0150918675580705,0.0016155,1.3589649046456471,2943.416703644019,7.052216089260898,218.26728843271124,1.0
Llama2-70B,20,4,5,32,32,1920,0.0016155,0.0134763675580705,0,0.0150918675580705,0.0016155,1.3589649046456471,2943.416703644019,7.068433189033724,218.7692104312512,1.0
Llama2-70B,20,4,5,32,32,2048,0.0016155,0.0134763675580705,0,0.0150918675580705,0.0016155,1.3589649046456471,2943.416703644019,7.08465028880655,219.27113242979112,1.0
Llama2-70B,20,4,5,32,32,2176,0.0016155,0.0134763675580705,0,0.0150918675580705,0.0016155,1.3589649046456471,2943.416703644019,7.100867388579375,219.77305442833108,1.0
Llama2-70B,20,4,5,32,32,2304,0.0016155,0.0134763675580705,0,0.0150918675580705,0.0016155,1.3589649046456471,2943.416703644019,7.117084488352201,220.27497642687104,1.0
Llama2-70B,20,4,5,32,32,2432,0.0016155,0.0134763675580705,0,0.0150918675580705,0.0016155,1.3589649046456471,2943.416703644019,7.133301588125026,220.77689842541096,1.0
Llama2-70B,20,4,5,32,32,2560,0.0016155,0.0134763675580705,0,0.0150918675580705,0.0016155,1.3589649046456471,2943.416703644019,7.149518687897851,221.2788204239509,1.0
Llama2-70B,20,4,5,32,32,2688,0.0016155,0.0134763675580705,0,0.0150918675580705,0.0016155,1.3589649046456471,2943.416703644019,7.165735787670678,221.78074242249087,1.0
Llama2-70B,20,4,5,32,32,2816,0.0016155,0.0134763675580705,0,0.0150918675580705,0.0016155,1.3589649046456471,2943.416703644019,7.181952887443503,222.28266442103083,1.0
Llama2-70B,20,4,5,32,32,2944,0.0016155,0.0134763675580705,0,0.0150918675580705,0.0016155,1.3589649046456471,2943.416703644019,7.198169987216329,222.7845864195708,1.0
Llama2-70B,20,4,5,32,32,3072,0.0016155,0.0134763675580705,0,0.0150918675580705,0.0016155,1.3589649046456471,2943.416703644019,7.214387086989153,223.28650841811063,1.0
Llama2-70B,20,4,5,32,32,3200,0.0016155,0.0134763675580705,0,0.0150918675580705,0.0016155,1.3589649046456471,2943.416703644019,7.230604186761981,223.78843041665064,1.0
Llama2-70B,20,4,5,32,32,3328,0.0016155,0.0134763675580705,0,0.0150918675580705,0.0016155,1.3589649046456471,2943.416703644019,7.246821286534806,224.2903524151906,1.0
Llama2-70B,20,4,5,32,32,3456,0.0016155,0.0134763675580705,0,0.0150918675580705,0.0016155,1.3589649046456471,2943.416703644019,7.263038386307631,224.7922744137305,1.0
Llama2-70B,20,4,5,32,32,3584,0.0016155,0.0134763675580705,0,0.0150918675580705,0.0016155,1.3589649046456471,2943.416703644019,7.279255486080457,225.29419641227045,1.0
Llama2-70B,20,4,5,32,32,3712,0.0016155,0.0134763675580705,0,0.0150918675580705,0.0016155,1.3589649046456471,2943.416703644019,7.295472585853282,225.79611841081044,1.0
Llama2-70B,20,4,5,32,32,3840,0.0016155,0.0134763675580705,0,0.0150918675580705,0.0016155,1.3589649046456471,2943.416703644019,7.311689685626107,226.2980404093504,1.0
Llama2-70B,20,4,5,32,32,3968,0.0016155,0.0134763675580705,0,0.0150918675580705,0.0016155,1.3589649046456471,2943.416703644019,7.327906785398934,226.7999624078903,1.0
Llama2-70B,20,4,5,32,32,4096,0.0016155,0.0134763675580705,0,0.0150918675580705,0.0016155,1.3589649046456471,2943.416703644019,7.344123885171759,227.30188440643025,1.0
Llama2-70B,20,5,4,32,32,128,0.0016155,0.0130931948416573,0,0.0147086948416573,0.0016155,1.3283110873325892,3764.178472710493,5.473115033771332,211.742302451692,1.0
Llama2-70B,20,5,4,32,32,256,0.0016155,0.0130931948416573,0,0.0147086948416573,0.0016155,1.3283110873325892,3764.178472710493,5.486088713589592,212.2442244502319,1.0
Llama2-70B,20,5,4,32,32,384,0.0016155,0.0130931948416573,0,0.0147086948416573,0.0016155,1.3283110873325892,3764.178472710493,5.499062393407853,212.74614644877187,1.0
Llama2-70B,20,5,4,32,32,512,0.0016155,0.0130931948416573,0,0.0147086948416573,0.0016155,1.3283110873325892,3764.178472710493,5.512036073226114,213.24806844731185,1.0
Llama2-70B,20,5,4,32,32,640,0.0016155,0.0130931948416573,0,0.0147086948416573,0.0016155,1.3283110873325892,3764.178472710493,5.525009753044374,213.7499904458517,1.0
Llama2-70B,20,5,4,32,32,768,0.0016155,0.0130931948416573,0,0.0147086948416573,0.0016155,1.3283110873325892,3764.178472710493,5.537983432862634,214.25191244439168,1.0
Llama2-70B,20,5,4,32,32,896,0.0016155,0.0130931948416573,0,0.0147086948416573,0.0016155,1.3283110873325892,3764.178472710493,5.550957112680894,214.75383444293163,1.0
Llama2-70B,20,5,4,32,32,1024,0.0016155,0.0130931948416573,0,0.0147086948416573,0.0016155,1.3283110873325892,3764.178472710493,5.563930792499155,215.2557564414716,1.0
Llama2-70B,20,5,4,32,32,1152,0.0016155,0.0130931948416573,0,0.0147086948416573,0.0016155,1.3283110873325892,3764.178472710493,5.576904472317415,215.75767844001152,1.0
Llama2-70B,20,5,4,32,32,1280,0.0016155,0.0130931948416573,0,0.0147086948416573,0.0016155,1.3283110873325892,3764.178472710493,5.589878152135677,216.2596004385515,1.0
Llama2-70B,20,5,4,32,32,1408,0.0016155,0.0130931948416573,0,0.0147086948416573,0.0016155,1.3283110873325892,3764.178472710493,5.602851831953937,216.76152243709143,1.0
Llama2-70B,20,5,4,32,32,1536,0.0016155,0.0130931948416573,0,0.0147086948416573,0.0016155,1.3283110873325892,3764.178472710493,5.615825511772198,217.26344443563136,1.0
Llama2-70B,20,5,4,32,32,1664,0.0016155,0.0130931948416573,0,0.0147086948416573,0.0016155,1.3283110873325892,3764.178472710493,5.628799191590457,217.7653664341713,1.0
Llama2-70B,20,5,4,32,32,1792,0.0016155,0.0130931948416573,0,0.0147086948416573,0.0016155,1.3283110873325892,3764.178472710493,5.641772871408717,218.26728843271124,1.0
Llama2-70B,20,5,4,32,32,1920,0.0016155,0.0130931948416573,0,0.0147086948416573,0.0016155,1.3283110873325892,3764.178472710493,5.654746551226978,218.7692104312512,1.0
Llama2-70B,20,5,4,32,32,2048,0.0016155,0.0130931948416573,0,0.0147086948416573,0.0016155,1.3283110873325892,3764.178472710493,5.667720231045238,219.27113242979112,1.0
Llama2-70B,20,5,4,32,32,2176,0.0016155,0.0130931948416573,0,0.0147086948416573,0.0016155,1.3283110873325892,3764.178472710493,5.6806939108635,219.77305442833108,1.0
Llama2-70B,20,5,4,32,32,2304,0.0016155,0.0130931948416573,0,0.0147086948416573,0.0016155,1.3283110873325892,3764.178472710493,5.69366759068176,220.27497642687104,1.0
Llama2-70B,20,5,4,32,32,2432,0.0016155,0.0130931948416573,0,0.0147086948416573,0.0016155,1.3283110873325892,3764.178472710493,5.70664127050002,220.77689842541096,1.0
Llama2-70B,20,5,4,32,32,2560,0.0016155,0.0130931948416573,0,0.0147086948416573,0.0016155,1.3283110873325892,3764.178472710493,5.719614950318281,221.2788204239509,1.0
Llama2-70B,20,5,4,32,32,2688,0.0016155,0.0130931948416573,0,0.0147086948416573,0.0016155,1.3283110873325892,3764.178472710493,5.73258863013654,221.78074242249087,1.0
Llama2-70B,20,5,4,32,32,2816,0.0016155,0.0130931948416573,0,0.0147086948416573,0.0016155,1.3283110873325892,3764.178472710493,5.745562309954802,222.28266442103083,1.0
Llama2-70B,20,5,4,32,32,2944,0.0016155,0.0130931948416573,0,0.0147086948416573,0.0016155,1.3283110873325892,3764.178472710493,5.758535989773063,222.7845864195708,1.0
Llama2-70B,20,5,4,32,32,3072,0.0016155,0.0130931948416573,0,0.0147086948416573,0.0016155,1.3283110873325892,3764.178472710493,5.771509669591324,223.28650841811063,1.0
Llama2-70B,20,5,4,32,32,3200,0.0016155,0.0130931948416573,0,0.0147086948416573,0.0016155,1.3283110873325892,3764.178472710493,5.784483349409584,223.78843041665064,1.0
Llama2-70B,20,5,4,32,32,3328,0.0016155,0.0130931948416573,0,0.0147086948416573,0.0016155,1.3283110873325892,3764.178472710493,5.797457029227844,224.2903524151906,1.0
Llama2-70B,20,5,4,32,32,3456,0.0016155,0.0130931948416573,0,0.0147086948416573,0.0016155,1.3283110873325892,3764.178472710493,5.810430709046105,224.7922744137305,1.0
Llama2-70B,20,5,4,32,32,3584,0.0016155,0.0130931948416573,0,0.0147086948416573,0.0016155,1.3283110873325892,3764.178472710493,5.823404388864366,225.29419641227045,1.0
Llama2-70B,20,5,4,32,32,3712,0.0016155,0.0130931948416573,0,0.0147086948416573,0.0016155,1.3283110873325892,3764.178472710493,5.8363780686826265,225.79611841081044,1.0
Llama2-70B,20,5,4,32,32,3840,0.0016155,0.0130931948416573,0,0.0147086948416573,0.0016155,1.3283110873325892,3764.178472710493,5.849351748500886,226.2980404093504,1.0
Llama2-70B,20,5,4,32,32,3968,0.0016155,0.0130931948416573,0,0.0147086948416573,0.0016155,1.3283110873325892,3764.178472710493,5.862325428319146,226.7999624078903,1.0
Llama2-70B,20,5,4,32,32,4096,0.0016155,0.0130931948416573,0,0.0147086948416573,0.0016155,1.3283110873325892,3764.178472710493,5.875299108137407,227.30188440643025,1.0
Llama2-70B,20,10,2,32,32,128,0.0016155,0.0114753544834681,0,0.0130908544834681,0.0016155,1.1988838586774553,8341.09153077719,2.7365575168856657,211.742302451692,1.0
Llama2-70B,20,10,2,32,32,256,0.0016155,0.0114753544834681,0,0.0130908544834681,0.0016155,1.1988838586774553,8341.09153077719,2.743044356794796,212.2442244502319,1.0
Llama2-70B,20,10,2,32,32,384,0.0016155,0.0114753544834681,0,0.0130908544834681,0.0016155,1.1988838586774553,8341.09153077719,2.749531196703926,212.74614644877187,1.0
Llama2-70B,20,10,2,32,32,512,0.0016155,0.0114753544834681,0,0.0130908544834681,0.0016155,1.1988838586774553,8341.09153077719,2.756018036613057,213.24806844731185,1.0
Llama2-70B,20,10,2,32,32,640,0.0016155,0.0114753544834681,0,0.0130908544834681,0.0016155,1.1988838586774553,8341.09153077719,2.762504876522187,213.7499904458517,1.0
Llama2-70B,20,10,2,32,32,768,0.0016155,0.0114753544834681,0,0.0130908544834681,0.0016155,1.1988838586774553,8341.09153077719,2.768991716431317,214.25191244439168,1.0
Llama2-70B,20,10,2,32,32,896,0.0016155,0.0114753544834681,0,0.0130908544834681,0.0016155,1.1988838586774553,8341.09153077719,2.775478556340447,214.75383444293163,1.0
Llama2-70B,20,10,2,32,32,1024,0.0016155,0.0114753544834681,0,0.0130908544834681,0.0016155,1.1988838586774553,8341.09153077719,2.7819653962495776,215.2557564414716,1.0
Llama2-70B,20,10,2,32,32,1152,0.0016155,0.0114753544834681,0,0.0130908544834681,0.0016155,1.1988838586774553,8341.09153077719,2.788452236158708,215.75767844001152,1.0
Llama2-70B,20,10,2,32,32,1280,0.0016155,0.0114753544834681,0,0.0130908544834681,0.0016155,1.1988838586774553,8341.09153077719,2.7949390760678385,216.2596004385515,1.0
Llama2-70B,20,10,2,32,32,1408,0.0016155,0.0114753544834681,0,0.0130908544834681,0.0016155,1.1988838586774553,8341.09153077719,2.801425915976969,216.76152243709143,1.0
Llama2-70B,20,10,2,32,32,1536,0.0016155,0.0114753544834681,0,0.0130908544834681,0.0016155,1.1988838586774553,8341.09153077719,2.807912755886099,217.26344443563136,1.0
Llama2-70B,20,10,2,32,32,1664,0.0016155,0.0114753544834681,0,0.0130908544834681,0.0016155,1.1988838586774553,8341.09153077719,2.8143995957952286,217.7653664341713,1.0
Llama2-70B,20,10,2,32,32,1792,0.0016155,0.0114753544834681,0,0.0130908544834681,0.0016155,1.1988838586774553,8341.09153077719,2.8208864357043586,218.26728843271124,1.0
Llama2-70B,20,10,2,32,32,1920,0.0016155,0.0114753544834681,0,0.0130908544834681,0.0016155,1.1988838586774553,8341.09153077719,2.827373275613489,218.7692104312512,1.0
Llama2-70B,20,10,2,32,32,2048,0.0016155,0.0114753544834681,0,0.0130908544834681,0.0016155,1.1988838586774553,8341.09153077719,2.833860115522619,219.27113242979112,1.0
Llama2-70B,20,10,2,32,32,2176,0.0016155,0.0114753544834681,0,0.0130908544834681,0.0016155,1.1988838586774553,8341.09153077719,2.84034695543175,219.77305442833108,1.0
Llama2-70B,20,10,2,32,32,2304,0.0016155,0.0114753544834681,0,0.0130908544834681,0.0016155,1.1988838586774553,8341.09153077719,2.84683379534088,220.27497642687104,1.0
Llama2-70B,20,10,2,32,32,2432,0.0016155,0.0114753544834681,0,0.0130908544834681,0.0016155,1.1988838586774553,8341.09153077719,2.85332063525001,220.77689842541096,1.0
Llama2-70B,20,10,2,32,32,2560,0.0016155,0.0114753544834681,0,0.0130908544834681,0.0016155,1.1988838586774553,8341.09153077719,2.8598074751591405,221.2788204239509,1.0
Llama2-70B,20,10,2,32,32,2688,0.0016155,0.0114753544834681,0,0.0130908544834681,0.0016155,1.1988838586774553,8341.09153077719,2.86629431506827,221.78074242249087,1.0
Llama2-70B,20,10,2,32,32,2816,0.0016155,0.0114753544834681,0,0.0130908544834681,0.0016155,1.1988838586774553,8341.09153077719,2.872781154977401,222.28266442103083,1.0
Llama2-70B,20,10,2,32,32,2944,0.0016155,0.0114753544834681,0,0.0130908544834681,0.0016155,1.1988838586774553,8341.09153077719,2.8792679948865314,222.7845864195708,1.0
Llama2-70B,20,10,2,32,32,3072,0.0016155,0.0114753544834681,0,0.0130908544834681,0.0016155,1.1988838586774553,8341.09153077719,2.885754834795662,223.28650841811063,1.0
Llama2-70B,20,10,2,32,32,3200,0.0016155,0.0114753544834681,0,0.0130908544834681,0.0016155,1.1988838586774553,8341.09153077719,2.892241674704792,223.78843041665064,1.0
Llama2-70B,20,10,2,32,32,3328,0.0016155,0.0114753544834681,0,0.0130908544834681,0.0016155,1.1988838586774553,8341.09153077719,2.898728514613922,224.2903524151906,1.0
Llama2-70B,20,10,2,32,32,3456,0.0016155,0.0114753544834681,0,0.0130908544834681,0.0016155,1.1988838586774553,8341.09153077719,2.9052153545230524,224.7922744137305,1.0
Llama2-70B,20,10,2,32,32,3584,0.0016155,0.0114753544834681,0,0.0130908544834681,0.0016155,1.1988838586774553,8341.09153077719,2.911702194432183,225.29419641227045,1.0
Llama2-70B,20,10,2,32,32,3712,0.0016155,0.0114753544834681,0,0.0130908544834681,0.0016155,1.1988838586774553,8341.09153077719,2.9181890343413133,225.79611841081044,1.0
Llama2-70B,20,10,2,32,32,3840,0.0016155,0.0114753544834681,0,0.0130908544834681,0.0016155,1.1988838586774553,8341.09153077719,2.924675874250443,226.2980404093504,1.0
Llama2-70B,20,10,2,32,32,3968,0.0016155,0.0114753544834681,0,0.0130908544834681,0.0016155,1.1988838586774553,8341.09153077719,2.931162714159573,226.7999624078903,1.0
Llama2-70B,20,10,2,32,32,4096,0.0016155,0.0114753544834681,0,0.0130908544834681,0.0016155,1.1988838586774553,8341.09153077719,2.937649554068704,227.30188440643025,1.0
Llama2-70B,20,20,1,32,32,128,0.0016155,0.0083673980058942,0,0.0099828980058942,0.0016155,0.9502473404715402,21047.15177637374,1.3682787584428329,211.742302451692,1.0
Llama2-70B,20,20,1,32,32,256,0.0016155,0.0083673980058942,0,0.0099828980058942,0.0016155,0.9502473404715402,21047.15177637374,1.371522178397398,212.2442244502319,1.0
Llama2-70B,20,20,1,32,32,384,0.0016155,0.0083673980058942,0,0.0099828980058942,0.0016155,0.9502473404715402,21047.15177637374,1.374765598351963,212.74614644877187,1.0
Llama2-70B,20,20,1,32,32,512,0.0016155,0.0083673980058942,0,0.0099828980058942,0.0016155,0.9502473404715402,21047.15177637374,1.3780090183065286,213.24806844731185,1.0
Llama2-70B,20,20,1,32,32,640,0.0016155,0.0083673980058942,0,0.0099828980058942,0.0016155,0.9502473404715402,21047.15177637374,1.3812524382610936,213.7499904458517,1.0
Llama2-70B,20,20,1,32,32,768,0.0016155,0.0083673980058942,0,0.0099828980058942,0.0016155,0.9502473404715402,21047.15177637374,1.3844958582156586,214.25191244439168,1.0
Llama2-70B,20,20,1,32,32,896,0.0016155,0.0083673980058942,0,0.0099828980058942,0.0016155,0.9502473404715402,21047.15177637374,1.3877392781702236,214.75383444293163,1.0
Llama2-70B,20,20,1,32,32,1024,0.0016155,0.0083673980058942,0,0.0099828980058942,0.0016155,0.9502473404715402,21047.15177637374,1.3909826981247888,215.2557564414716,1.0
Llama2-70B,20,20,1,32,32,1152,0.0016155,0.0083673980058942,0,0.0099828980058942,0.0016155,0.9502473404715402,21047.15177637374,1.3942261180793538,215.75767844001152,1.0
Llama2-70B,20,20,1,32,32,1280,0.0016155,0.0083673980058942,0,0.0099828980058942,0.0016155,0.9502473404715402,21047.15177637374,1.3974695380339193,216.2596004385515,1.0
Llama2-70B,20,20,1,32,32,1408,0.0016155,0.0083673980058942,0,0.0099828980058942,0.0016155,0.9502473404715402,21047.15177637374,1.4007129579884845,216.76152243709143,1.0
Llama2-70B,20,20,1,32,32,1536,0.0016155,0.0083673980058942,0,0.0099828980058942,0.0016155,0.9502473404715402,21047.15177637374,1.4039563779430495,217.26344443563136,1.0
Llama2-70B,20,20,1,32,32,1664,0.0016155,0.0083673980058942,0,0.0099828980058942,0.0016155,0.9502473404715402,21047.15177637374,1.4071997978976143,217.7653664341713,1.0
Llama2-70B,20,20,1,32,32,1792,0.0016155,0.0083673980058942,0,0.0099828980058942,0.0016155,0.9502473404715402,21047.15177637374,1.4104432178521793,218.26728843271124,1.0
Llama2-70B,20,20,1,32,32,1920,0.0016155,0.0083673980058942,0,0.0099828980058942,0.0016155,0.9502473404715402,21047.15177637374,1.4136866378067443,218.7692104312512,1.0
Llama2-70B,20,20,1,32,32,2048,0.0016155,0.0083673980058942,0,0.0099828980058942,0.0016155,0.9502473404715402,21047.15177637374,1.4169300577613095,219.27113242979112,1.0
Llama2-70B,20,20,1,32,32,2176,0.0016155,0.0083673980058942,0,0.0099828980058942,0.0016155,0.9502473404715402,21047.15177637374,1.420173477715875,219.77305442833108,1.0
Llama2-70B,20,20,1,32,32,2304,0.0016155,0.0083673980058942,0,0.0099828980058942,0.0016155,0.9502473404715402,21047.15177637374,1.42341689767044,220.27497642687104,1.0
Llama2-70B,20,20,1,32,32,2432,0.0016155,0.0083673980058942,0,0.0099828980058942,0.0016155,0.9502473404715402,21047.15177637374,1.426660317625005,220.77689842541096,1.0
Llama2-70B,20,20,1,32,32,2560,0.0016155,0.0083673980058942,0,0.0099828980058942,0.0016155,0.9502473404715402,21047.15177637374,1.4299037375795702,221.2788204239509,1.0
Llama2-70B,20,20,1,32,32,2688,0.0016155,0.0083673980058942,0,0.0099828980058942,0.0016155,0.9502473404715402,21047.15177637374,1.433147157534135,221.78074242249087,1.0
Llama2-70B,20,20,1,32,32,2816,0.0016155,0.0083673980058942,0,0.0099828980058942,0.0016155,0.9502473404715402,21047.15177637374,1.4363905774887005,222.28266442103083,1.0
Llama2-70B,20,20,1,32,32,2944,0.0016155,0.0083673980058942,0,0.0099828980058942,0.0016155,0.9502473404715402,21047.15177637374,1.4396339974432657,222.7845864195708,1.0
Llama2-70B,20,20,1,32,32,3072,0.0016155,0.0083673980058942,0,0.0099828980058942,0.0016155,0.9502473404715402,21047.15177637374,1.442877417397831,223.28650841811063,1.0
Llama2-70B,20,20,1,32,32,3200,0.0016155,0.0083673980058942,0,0.0099828980058942,0.0016155,0.9502473404715402,21047.15177637374,1.446120837352396,223.78843041665064,1.0
Llama2-70B,20,20,1,32,32,3328,0.0016155,0.0083673980058942,0,0.0099828980058942,0.0016155,0.9502473404715402,21047.15177637374,1.449364257306961,224.2903524151906,1.0
Llama2-70B,20,20,1,32,32,3456,0.0016155,0.0083673980058942,0,0.0099828980058942,0.0016155,0.9502473404715402,21047.15177637374,1.4526076772615262,224.7922744137305,1.0
Llama2-70B,20,20,1,32,32,3584,0.0016155,0.0083673980058942,0,0.0099828980058942,0.0016155,0.9502473404715402,21047.15177637374,1.4558510972160914,225.29419641227045,1.0
Llama2-70B,20,20,1,32,32,3712,0.0016155,0.0083673980058942,0,0.0099828980058942,0.0016155,0.9502473404715402,21047.15177637374,1.4590945171706566,225.79611841081044,1.0
Llama2-70B,20,20,1,32,32,3840,0.0016155,0.0083673980058942,0,0.0099828980058942,0.0016155,0.9502473404715402,21047.15177637374,1.4623379371252214,226.2980404093504,1.0
Llama2-70B,20,20,1,32,32,3968,0.0016155,0.0083673980058942,0,0.0099828980058942,0.0016155,0.9502473404715402,21047.15177637374,1.4655813570797864,226.7999624078903,1.0
Llama2-70B,20,20,1,32,32,4096,0.0016155,0.0083673980058942,0,0.0099828980058942,0.0016155,0.9502473404715402,21047.15177637374,1.4688247770343517,227.30188440643025,1.0
Llama2-70B,20,80,1,32,8,128,0.002045,0.0009122856358119,0,0.0029572856358119,0.002045,0.3886278508649553,205852.4622513461,0.4510695921891938,220.5719277208772,1.0
Llama2-70B,20,80,1,32,8,256,0.002045,0.0009122856358119,0,0.0029572856358119,0.002045,0.3886278508649553,205852.4622513461,0.4518804471778351,220.96843382779224,1.0
Llama2-70B,20,80,1,32,8,384,0.002045,0.0009122856358119,0,0.0029572856358119,0.002045,0.3886278508649553,205852.4622513461,0.4526913021664765,221.36493993470728,1.0
Llama2-70B,20,80,1,32,8,512,0.002045,0.0009122856358119,0,0.0029572856358119,0.002045,0.3886278508649553,205852.4622513461,0.4535021571551177,221.76144604162232,1.0
Llama2-70B,20,80,1,32,8,640,0.002045,0.0009122856358119,0,0.0029572856358119,0.002045,0.3886278508649553,205852.4622513461,0.454313012143759,222.1579521485374,1.0
Llama2-70B,20,80,1,32,8,768,0.002045,0.0009122856358119,0,0.0029572856358119,0.002045,0.3886278508649553,205852.4622513461,0.4551238671324003,222.55445825545243,1.0
Llama2-70B,20,80,1,32,8,896,0.002045,0.0009122856358119,0,0.0029572856358119,0.002045,0.3886278508649553,205852.4622513461,0.4559347221210415,222.9509643623675,1.0
Llama2-70B,20,80,1,32,8,1024,0.002045,0.0009122856358119,0,0.0029572856358119,0.002045,0.3886278508649553,205852.4622513461,0.4567455771096828,223.3474704692825,1.0
Llama2-70B,20,80,1,32,8,1152,0.002045,0.0009122856358119,0,0.0029572856358119,0.002045,0.3886278508649553,205852.4622513461,0.4575564320983241,223.7439765761976,1.0
Llama2-70B,20,80,1,32,8,1280,0.002045,0.0009122856358119,0,0.0029572856358119,0.002045,0.3886278508649553,205852.4622513461,0.4583672870869654,224.14048268311265,1.0
Llama2-70B,20,80,1,32,8,1408,0.002045,0.0009122856358119,0,0.0029572856358119,0.002045,0.3886278508649553,205852.4622513461,0.4591781420756067,224.5369887900277,1.0
Llama2-70B,20,80,1,32,8,1536,0.002045,0.0009122856358119,0,0.0029572856358119,0.002045,0.3886278508649553,205852.4622513461,0.459988997064248,224.9334948969428,1.0
Llama2-70B,20,80,1,32,8,1664,0.002045,0.0009122856358119,0,0.0029572856358119,0.002045,0.3886278508649553,205852.4622513461,0.4607998520528892,225.3300010038578,1.0
Llama2-70B,20,80,1,32,8,1792,0.002045,0.0009122856358119,0,0.0029572856358119,0.002045,0.3886278508649553,205852.4622513461,0.4616107070415304,225.7265071107728,1.0
Llama2-70B,20,80,1,32,8,1920,0.002045,0.0009122856358119,0,0.0029572856358119,0.002045,0.3886278508649553,205852.4622513461,0.4624215620301718,226.1230132176879,1.0
Llama2-70B,20,80,1,32,8,2048,0.002045,0.0009122856358119,0,0.0029572856358119,0.002045,0.3886278508649553,205852.4622513461,0.463232417018813,226.51951932460287,1.0
Llama2-70B,20,80,1,32,8,2176,0.002045,0.0009122856358119,0,0.0029572856358119,0.002045,0.3886278508649553,205852.4622513461,0.4640432720074544,226.916025431518,1.0
Llama2-70B,20,80,1,32,8,2304,0.002045,0.0009122856358119,0,0.0029572856358119,0.002045,0.3886278508649553,205852.4622513461,0.4648541269960956,227.31253153843303,1.0
Llama2-70B,20,80,1,32,8,2432,0.002045,0.0009122856358119,0,0.0029572856358119,0.002045,0.3886278508649553,205852.4622513461,0.4656649819847369,227.7090376453481,1.0
Llama2-70B,20,80,1,32,8,2560,0.002045,0.0009122856358119,0,0.0029572856358119,0.002045,0.3886278508649553,205852.4622513461,0.4664758369733782,228.1055437522632,1.0
Llama2-70B,20,80,1,32,8,2688,0.002045,0.0009122856358119,0,0.0029572856358119,0.002045,0.3886278508649553,205852.4622513461,0.4672866919620194,228.5020498591782,1.0
Llama2-70B,20,80,1,32,8,2816,0.002045,0.0009122856358119,0,0.0029572856358119,0.002045,0.3886278508649553,205852.4622513461,0.4680975469506607,228.89855596609328,1.0
Llama2-70B,20,80,1,32,8,2944,0.002045,0.0009122856358119,0,0.0029572856358119,0.002045,0.3886278508649553,205852.4622513461,0.468908401939302,229.2950620730083,1.0
Llama2-70B,20,80,1,32,8,3072,0.002045,0.0009122856358119,0,0.0029572856358119,0.002045,0.3886278508649553,205852.4622513461,0.4697192569279433,229.69156817992337,1.0
Llama2-70B,20,80,1,32,8,3200,0.002045,0.0009122856358119,0,0.0029572856358119,0.002045,0.3886278508649553,205852.4622513461,0.4705301119165846,230.0880742868384,1.0
Llama2-70B,20,80,1,32,8,3328,0.002045,0.0009122856358119,0,0.0029572856358119,0.002045,0.3886278508649553,205852.4622513461,0.4713409669052258,230.48458039375348,1.0
Llama2-70B,20,80,1,32,8,3456,0.002045,0.0009122856358119,0,0.0029572856358119,0.002045,0.3886278508649553,205852.4622513461,0.4721518218938672,230.8810865006685,1.0
Llama2-70B,20,80,1,32,8,3584,0.002045,0.0009122856358119,0,0.0029572856358119,0.002045,0.3886278508649553,205852.4622513461,0.4729626768825085,231.2775926075836,1.0
Llama2-70B,20,80,1,32,8,3712,0.002045,0.0009122856358119,0,0.0029572856358119,0.002045,0.3886278508649553,205852.4622513461,0.4737735318711498,231.67409871449863,1.0
Llama2-70B,20,80,1,32,8,3840,0.002045,0.0009122856358119,0,0.0029572856358119,0.002045,0.3886278508649553,205852.4622513461,0.474584386859791,232.0706048214137,1.0
Llama2-70B,20,80,1,32,8,3968,0.002045,0.0009122856358119,0,0.0029572856358119,0.002045,0.3886278508649553,205852.4622513461,0.4753952418484322,232.4671109283287,1.0
Llama2-70B,20,80,1,32,8,4096,0.002045,0.0009122856358119,0,0.0029572856358119,0.002045,0.3886278508649553,205852.4622513461,0.4762060968370735,232.8636170352437,1.0
Llama2-70B,32,1,32,32,32,128,0.0016155,0.024571346435546874,0,0.026186846435546873,0.0016155,2.24656321484375,445.12435412130196,43.78492027017065,338.78768392270706,1.0
Llama2-70B,32,1,32,32,32,256,0.0016155,0.024571346435546874,0,0.026186846435546873,0.0016155,2.24656321484375,445.12435412130196,43.88870970871674,339.590759120371,1.0
Llama2-70B,32,1,32,32,32,384,0.0016155,0.024571346435546874,0,0.026186846435546873,0.0016155,2.24656321484375,445.12435412130196,43.992499147262826,340.3938343180349,1.0
Llama2-70B,32,1,32,32,32,512,0.0016155,0.024571346435546874,0,0.026186846435546873,0.0016155,2.24656321484375,445.12435412130196,44.096288585808914,341.1969095156988,1.0
Llama2-70B,32,1,32,32,32,640,0.0016155,0.024571346435546874,0,0.026186846435546873,0.0016155,2.24656321484375,445.12435412130196,44.200078024354994,341.9999847133627,1.0
Llama2-70B,32,1,32,32,32,768,0.0016155,0.024571346435546874,0,0.026186846435546873,0.0016155,2.24656321484375,445.12435412130196,44.303867462901074,342.8030599110266,1.0
Llama2-70B,32,1,32,32,32,896,0.0016155,0.024571346435546874,0,0.026186846435546873,0.0016155,2.24656321484375,445.12435412130196,44.407656901447154,343.6061351086906,1.0
Llama2-70B,32,1,32,32,32,1024,0.0016155,0.024571346435546874,0,0.026186846435546873,0.0016155,2.24656321484375,445.12435412130196,44.51144633999324,344.4092103063544,1.0
Llama2-70B,32,1,32,32,32,1152,0.0016155,0.024571346435546874,0,0.026186846435546873,0.0016155,2.24656321484375,445.12435412130196,44.61523577853932,345.2122855040184,1.0
Llama2-70B,32,1,32,32,32,1280,0.0016155,0.024571346435546874,0,0.026186846435546873,0.0016155,2.24656321484375,445.12435412130196,44.71902521708542,346.0153607016822,1.0
Llama2-70B,32,1,32,32,32,1408,0.0016155,0.024571346435546874,0,0.026186846435546873,0.0016155,2.24656321484375,445.12435412130196,44.8228146556315,346.8184358993462,1.0
Llama2-70B,32,1,32,32,32,1536,0.0016155,0.024571346435546874,0,0.026186846435546873,0.0016155,2.24656321484375,445.12435412130196,44.926604094177584,347.6215110970101,1.0
Llama2-70B,32,1,32,32,32,1664,0.0016155,0.024571346435546874,0,0.026186846435546873,0.0016155,2.24656321484375,445.12435412130196,45.03039353272366,348.424586294674,1.0
Llama2-70B,32,1,32,32,32,1792,0.0016155,0.024571346435546874,0,0.026186846435546873,0.0016155,2.24656321484375,445.12435412130196,45.13418297126974,349.2276614923379,1.0
Llama2-70B,32,1,32,32,32,1920,0.0016155,0.024571346435546874,0,0.026186846435546873,0.0016155,2.24656321484375,445.12435412130196,45.237972409815825,350.0307366900018,1.0
Llama2-70B,32,1,32,32,32,2048,0.0016155,0.024571346435546874,0,0.026186846435546873,0.0016155,2.24656321484375,445.12435412130196,45.341761848361905,350.8338118876657,1.0
Llama2-70B,32,1,32,32,32,2176,0.0016155,0.024571346435546874,0,0.026186846435546873,0.0016155,2.24656321484375,445.12435412130196,45.445551286908,351.63688708532965,1.0
Llama2-70B,32,1,32,32,32,2304,0.0016155,0.024571346435546874,0,0.026186846435546873,0.0016155,2.24656321484375,445.12435412130196,45.54934072545408,352.4399622829936,1.0
Llama2-70B,32,1,32,32,32,2432,0.0016155,0.024571346435546874,0,0.026186846435546873,0.0016155,2.24656321484375,445.12435412130196,45.65313016400016,353.24303748065745,1.0
Llama2-70B,32,1,32,32,32,2560,0.0016155,0.024571346435546874,0,0.026186846435546873,0.0016155,2.24656321484375,445.12435412130196,45.75691960254625,354.0461126783213,1.0
Llama2-70B,32,1,32,32,32,2688,0.0016155,0.024571346435546874,0,0.026186846435546873,0.0016155,2.24656321484375,445.12435412130196,45.86070904109232,354.84918787598525,1.0
Llama2-70B,32,1,32,32,32,2816,0.0016155,0.024571346435546874,0,0.026186846435546873,0.0016155,2.24656321484375,445.12435412130196,45.964498479638415,355.6522630736492,1.0
Llama2-70B,32,1,32,32,32,2944,0.0016155,0.024571346435546874,0,0.026186846435546873,0.0016155,2.24656321484375,445.12435412130196,46.0682879181845,356.45533827131317,1.0
Llama2-70B,32,1,32,32,32,3072,0.0016155,0.024571346435546874,0,0.026186846435546873,0.0016155,2.24656321484375,445.12435412130196,46.17207735673059,357.258413468977,1.0
Llama2-70B,32,1,32,32,32,3200,0.0016155,0.024571346435546874,0,0.026186846435546873,0.0016155,2.24656321484375,445.12435412130196,46.27586679527667,358.0614886666409,1.0
Llama2-70B,32,1,32,32,32,3328,0.0016155,0.024571346435546874,0,0.026186846435546873,0.0016155,2.24656321484375,445.12435412130196,46.37965623382275,358.8645638643048,1.0
Llama2-70B,32,1,32,32,32,3456,0.0016155,0.024571346435546874,0,0.026186846435546873,0.0016155,2.24656321484375,445.12435412130196,46.48344567236884,359.66763906196877,1.0
Llama2-70B,32,1,32,32,32,3584,0.0016155,0.024571346435546874,0,0.026186846435546873,0.0016155,2.24656321484375,445.12435412130196,46.587235110914925,360.47071425963264,1.0
Llama2-70B,32,1,32,32,32,3712,0.0016155,0.024571346435546874,0,0.026186846435546873,0.0016155,2.24656321484375,445.12435412130196,46.69102454946101,361.27378945729663,1.0
Llama2-70B,32,1,32,32,32,3840,0.0016155,0.024571346435546874,0,0.026186846435546873,0.0016155,2.24656321484375,445.12435412130196,46.794813988007085,362.0768646549604,1.0
Llama2-70B,32,1,32,32,32,3968,0.0016155,0.024571346435546874,0,0.026186846435546873,0.0016155,2.24656321484375,445.12435412130196,46.898603426553166,362.8799398526244,1.0
Llama2-70B,32,1,32,32,32,4096,0.0016155,0.024571346435546874,0,0.026186846435546873,0.0016155,2.24656321484375,445.12435412130196,47.00239286509925,363.6830150502883,1.0
Llama2-70B,32,2,16,32,32,128,0.0016155,0.023975299987792967,0,0.025590799987792966,0.0016155,2.1988794990234375,909.554161966691,21.892460135085326,338.78768392270706,1.0
Llama2-70B,32,2,16,32,32,256,0.0016155,0.023975299987792967,0,0.025590799987792966,0.0016155,2.1988794990234375,909.554161966691,21.94435485435837,339.590759120371,1.0
Llama2-70B,32,2,16,32,32,384,0.0016155,0.023975299987792967,0,0.025590799987792966,0.0016155,2.1988794990234375,909.554161966691,21.996249573631413,340.3938343180349,1.0
Llama2-70B,32,2,16,32,32,512,0.0016155,0.023975299987792967,0,0.025590799987792966,0.0016155,2.1988794990234375,909.554161966691,22.048144292904457,341.1969095156988,1.0
Llama2-70B,32,2,16,32,32,640,0.0016155,0.023975299987792967,0,0.025590799987792966,0.0016155,2.1988794990234375,909.554161966691,22.100039012177497,341.9999847133627,1.0
Llama2-70B,32,2,16,32,32,768,0.0016155,0.023975299987792967,0,0.025590799987792966,0.0016155,2.1988794990234375,909.554161966691,22.151933731450537,342.8030599110266,1.0
Llama2-70B,32,2,16,32,32,896,0.0016155,0.023975299987792967,0,0.025590799987792966,0.0016155,2.1988794990234375,909.554161966691,22.203828450723577,343.6061351086906,1.0
Llama2-70B,32,2,16,32,32,1024,0.0016155,0.023975299987792967,0,0.025590799987792966,0.0016155,2.1988794990234375,909.554161966691,22.25572316999662,344.4092103063544,1.0
Llama2-70B,32,2,16,32,32,1152,0.0016155,0.023975299987792967,0,0.025590799987792966,0.0016155,2.1988794990234375,909.554161966691,22.30761788926966,345.2122855040184,1.0
Llama2-70B,32,2,16,32,32,1280,0.0016155,0.023975299987792967,0,0.025590799987792966,0.0016155,2.1988794990234375,909.554161966691,22.35951260854271,346.0153607016822,1.0
Llama2-70B,32,2,16,32,32,1408,0.0016155,0.023975299987792967,0,0.025590799987792966,0.0016155,2.1988794990234375,909.554161966691,22.41140732781575,346.8184358993462,1.0
Llama2-70B,32,2,16,32,32,1536,0.0016155,0.023975299987792967,0,0.025590799987792966,0.0016155,2.1988794990234375,909.554161966691,22.463302047088792,347.6215110970101,1.0
Llama2-70B,32,2,16,32,32,1664,0.0016155,0.023975299987792967,0,0.025590799987792966,0.0016155,2.1988794990234375,909.554161966691,22.51519676636183,348.424586294674,1.0
Llama2-70B,32,2,16,32,32,1792,0.0016155,0.023975299987792967,0,0.025590799987792966,0.0016155,2.1988794990234375,909.554161966691,22.56709148563487,349.2276614923379,1.0
Llama2-70B,32,2,16,32,32,1920,0.0016155,0.023975299987792967,0,0.025590799987792966,0.0016155,2.1988794990234375,909.554161966691,22.618986204907912,350.0307366900018,1.0
Llama2-70B,32,2,16,32,32,2048,0.0016155,0.023975299987792967,0,0.025590799987792966,0.0016155,2.1988794990234375,909.554161966691,22.670880924180953,350.8338118876657,1.0
Llama2-70B,32,2,16,32,32,2176,0.0016155,0.023975299987792967,0,0.025590799987792966,0.0016155,2.1988794990234375,909.554161966691,22.722775643454,351.63688708532965,1.0
Llama2-70B,32,2,16,32,32,2304,0.0016155,0.023975299987792967,0,0.025590799987792966,0.0016155,2.1988794990234375,909.554161966691,22.77467036272704,352.4399622829936,1.0
Llama2-70B,32,2,16,32,32,2432,0.0016155,0.023975299987792967,0,0.025590799987792966,0.0016155,2.1988794990234375,909.554161966691,22.82656508200008,353.24303748065745,1.0
Llama2-70B,32,2,16,32,32,2560,0.0016155,0.023975299987792967,0,0.025590799987792966,0.0016155,2.1988794990234375,909.554161966691,22.878459801273124,354.0461126783213,1.0
Llama2-70B,32,2,16,32,32,2688,0.0016155,0.023975299987792967,0,0.025590799987792966,0.0016155,2.1988794990234375,909.554161966691,22.93035452054616,354.84918787598525,1.0
Llama2-70B,32,2,16,32,32,2816,0.0016155,0.023975299987792967,0,0.025590799987792966,0.0016155,2.1988794990234375,909.554161966691,22.982249239819208,355.6522630736492,1.0
Llama2-70B,32,2,16,32,32,2944,0.0016155,0.023975299987792967,0,0.025590799987792966,0.0016155,2.1988794990234375,909.554161966691,23.03414395909225,356.45533827131317,1.0
Llama2-70B,32,2,16,32,32,3072,0.0016155,0.023975299987792967,0,0.025590799987792966,0.0016155,2.1988794990234375,909.554161966691,23.086038678365295,357.258413468977,1.0
Llama2-70B,32,2,16,32,32,3200,0.0016155,0.023975299987792967,0,0.025590799987792966,0.0016155,2.1988794990234375,909.554161966691,23.137933397638335,358.0614886666409,1.0
Llama2-70B,32,2,16,32,32,3328,0.0016155,0.023975299987792967,0,0.025590799987792966,0.0016155,2.1988794990234375,909.554161966691,23.189828116911375,358.8645638643048,1.0
Llama2-70B,32,2,16,32,32,3456,0.0016155,0.023975299987792967,0,0.025590799987792966,0.0016155,2.1988794990234375,909.554161966691,23.24172283618442,359.66763906196877,1.0
Llama2-70B,32,2,16,32,32,3584,0.0016155,0.023975299987792967,0,0.025590799987792966,0.0016155,2.1988794990234375,909.554161966691,23.293617555457462,360.47071425963264,1.0
Llama2-70B,32,2,16,32,32,3712,0.0016155,0.023975299987792967,0,0.025590799987792966,0.0016155,2.1988794990234375,909.554161966691,23.345512274730506,361.27378945729663,1.0
Llama2-70B,32,2,16,32,32,3840,0.0016155,0.023975299987792967,0,0.025590799987792966,0.0016155,2.1988794990234375,909.554161966691,23.397406994003543,362.0768646549604,1.0
Llama2-70B,32,2,16,32,32,3968,0.0016155,0.023975299987792967,0,0.025590799987792966,0.0016155,2.1988794990234375,909.554161966691,23.449301713276583,362.8799398526244,1.0
Llama2-70B,32,2,16,32,32,4096,0.0016155,0.023975299987792967,0,0.025590799987792966,0.0016155,2.1988794990234375,909.554161966691,23.501196432549627,363.6830150502883,1.0
Llama2-70B,32,4,8,32,32,128,0.0016155,0.022723602447509764,0,0.024339102447509763,0.0016155,2.0987436958007812,1905.9020918101146,10.946230067542663,338.78768392270706,1.0
Llama2-70B,32,4,8,32,32,256,0.0016155,0.022723602447509764,0,0.024339102447509763,0.0016155,2.0987436958007812,1905.9020918101146,10.972177427179185,339.590759120371,1.0
Llama2-70B,32,4,8,32,32,384,0.0016155,0.022723602447509764,0,0.024339102447509763,0.0016155,2.0987436958007812,1905.9020918101146,10.998124786815707,340.3938343180349,1.0
Llama2-70B,32,4,8,32,32,512,0.0016155,0.022723602447509764,0,0.024339102447509763,0.0016155,2.0987436958007812,1905.9020918101146,11.024072146452228,341.1969095156988,1.0
Llama2-70B,32,4,8,32,32,640,0.0016155,0.022723602447509764,0,0.024339102447509763,0.0016155,2.0987436958007812,1905.9020918101146,11.050019506088748,341.9999847133627,1.0
Llama2-70B,32,4,8,32,32,768,0.0016155,0.022723602447509764,0,0.024339102447509763,0.0016155,2.0987436958007812,1905.9020918101146,11.075966865725269,342.8030599110266,1.0
Llama2-70B,32,4,8,32,32,896,0.0016155,0.022723602447509764,0,0.024339102447509763,0.0016155,2.0987436958007812,1905.9020918101146,11.101914225361789,343.6061351086906,1.0
Llama2-70B,32,4,8,32,32,1024,0.0016155,0.022723602447509764,0,0.024339102447509763,0.0016155,2.0987436958007812,1905.9020918101146,11.12786158499831,344.4092103063544,1.0
Llama2-70B,32,4,8,32,32,1152,0.0016155,0.022723602447509764,0,0.024339102447509763,0.0016155,2.0987436958007812,1905.9020918101146,11.15380894463483,345.2122855040184,1.0
Llama2-70B,32,4,8,32,32,1280,0.0016155,0.022723602447509764,0,0.024339102447509763,0.0016155,2.0987436958007812,1905.9020918101146,11.179756304271354,346.0153607016822,1.0
Llama2-70B,32,4,8,32,32,1408,0.0016155,0.022723602447509764,0,0.024339102447509763,0.0016155,2.0987436958007812,1905.9020918101146,11.205703663907874,346.8184358993462,1.0
Llama2-70B,32,4,8,32,32,1536,0.0016155,0.022723602447509764,0,0.024339102447509763,0.0016155,2.0987436958007812,1905.9020918101146,11.231651023544396,347.6215110970101,1.0
Llama2-70B,32,4,8,32,32,1664,0.0016155,0.022723602447509764,0,0.024339102447509763,0.0016155,2.0987436958007812,1905.9020918101146,11.257598383180914,348.424586294674,1.0
Llama2-70B,32,4,8,32,32,1792,0.0016155,0.022723602447509764,0,0.024339102447509763,0.0016155,2.0987436958007812,1905.9020918101146,11.283545742817434,349.2276614923379,1.0
Llama2-70B,32,4,8,32,32,1920,0.0016155,0.022723602447509764,0,0.024339102447509763,0.0016155,2.0987436958007812,1905.9020918101146,11.309493102453956,350.0307366900018,1.0
Llama2-70B,32,4,8,32,32,2048,0.0016155,0.022723602447509764,0,0.024339102447509763,0.0016155,2.0987436958007812,1905.9020918101146,11.335440462090476,350.8338118876657,1.0
Llama2-70B,32,4,8,32,32,2176,0.0016155,0.022723602447509764,0,0.024339102447509763,0.0016155,2.0987436958007812,1905.9020918101146,11.361387821727,351.63688708532965,1.0
Llama2-70B,32,4,8,32,32,2304,0.0016155,0.022723602447509764,0,0.024339102447509763,0.0016155,2.0987436958007812,1905.9020918101146,11.38733518136352,352.4399622829936,1.0
Llama2-70B,32,4,8,32,32,2432,0.0016155,0.022723602447509764,0,0.024339102447509763,0.0016155,2.0987436958007812,1905.9020918101146,11.41328254100004,353.24303748065745,1.0
Llama2-70B,32,4,8,32,32,2560,0.0016155,0.022723602447509764,0,0.024339102447509763,0.0016155,2.0987436958007812,1905.9020918101146,11.439229900636562,354.0461126783213,1.0
Llama2-70B,32,4,8,32,32,2688,0.0016155,0.022723602447509764,0,0.024339102447509763,0.0016155,2.0987436958007812,1905.9020918101146,11.46517726027308,354.84918787598525,1.0
Llama2-70B,32,4,8,32,32,2816,0.0016155,0.022723602447509764,0,0.024339102447509763,0.0016155,2.0987436958007812,1905.9020918101146,11.491124619909604,355.6522630736492,1.0
Llama2-70B,32,4,8,32,32,2944,0.0016155,0.022723602447509764,0,0.024339102447509763,0.0016155,2.0987436958007812,1905.9020918101146,11.517071979546126,356.45533827131317,1.0
Llama2-70B,32,4,8,32,32,3072,0.0016155,0.022723602447509764,0,0.024339102447509763,0.0016155,2.0987436958007812,1905.9020918101146,11.543019339182647,357.258413468977,1.0
Llama2-70B,32,4,8,32,32,3200,0.0016155,0.022723602447509764,0,0.024339102447509763,0.0016155,2.0987436958007812,1905.9020918101146,11.568966698819168,358.0614886666409,1.0
Llama2-70B,32,4,8,32,32,3328,0.0016155,0.022723602447509764,0,0.024339102447509763,0.0016155,2.0987436958007812,1905.9020918101146,11.594914058455688,358.8645638643048,1.0
Llama2-70B,32,4,8,32,32,3456,0.0016155,0.022723602447509764,0,0.024339102447509763,0.0016155,2.0987436958007812,1905.9020918101146,11.62086141809221,359.66763906196877,1.0
Llama2-70B,32,4,8,32,32,3584,0.0016155,0.022723602447509764,0,0.024339102447509763,0.0016155,2.0987436958007812,1905.9020918101146,11.646808777728731,360.47071425963264,1.0
Llama2-70B,32,4,8,32,32,3712,0.0016155,0.022723602447509764,0,0.024339102447509763,0.0016155,2.0987436958007812,1905.9020918101146,11.672756137365253,361.27378945729663,1.0
Llama2-70B,32,4,8,32,32,3840,0.0016155,0.022723602447509764,0,0.024339102447509763,0.0016155,2.0987436958007812,1905.9020918101146,11.698703497001771,362.0768646549604,1.0
Llama2-70B,32,4,8,32,32,3968,0.0016155,0.022723602447509764,0,0.024339102447509763,0.0016155,2.0987436958007812,1905.9020918101146,11.724650856638291,362.8799398526244,1.0
Llama2-70B,32,4,8,32,32,4096,0.0016155,0.022723602447509764,0,0.024339102447509763,0.0016155,2.0987436958007812,1905.9020918101146,11.750598216274813,363.6830150502883,1.0
Llama2-70B,32,8,4,32,32,128,0.0016155,0.02129309097290039,0,0.022908590972900388,0.0016155,1.984302777832031,4031.6427963380047,5.4731150337713315,338.78768392270706,1.0
Llama2-70B,32,8,4,32,32,256,0.0016155,0.02129309097290039,0,0.022908590972900388,0.0016155,1.984302777832031,4031.6427963380047,5.486088713589592,339.590759120371,1.0
Llama2-70B,32,8,4,32,32,384,0.0016155,0.02129309097290039,0,0.022908590972900388,0.0016155,1.984302777832031,4031.6427963380047,5.499062393407853,340.3938343180349,1.0
Llama2-70B,32,8,4,32,32,512,0.0016155,0.02129309097290039,0,0.022908590972900388,0.0016155,1.984302777832031,4031.6427963380047,5.512036073226114,341.1969095156988,1.0
Llama2-70B,32,8,4,32,32,640,0.0016155,0.02129309097290039,0,0.022908590972900388,0.0016155,1.984302777832031,4031.6427963380047,5.525009753044374,341.9999847133627,1.0
Llama2-70B,32,8,4,32,32,768,0.0016155,0.02129309097290039,0,0.022908590972900388,0.0016155,1.984302777832031,4031.6427963380047,5.537983432862634,342.8030599110266,1.0
Llama2-70B,32,8,4,32,32,896,0.0016155,0.02129309097290039,0,0.022908590972900388,0.0016155,1.984302777832031,4031.6427963380047,5.550957112680894,343.6061351086906,1.0
Llama2-70B,32,8,4,32,32,1024,0.0016155,0.02129309097290039,0,0.022908590972900388,0.0016155,1.984302777832031,4031.6427963380047,5.563930792499155,344.4092103063544,1.0
Llama2-70B,32,8,4,32,32,1152,0.0016155,0.02129309097290039,0,0.022908590972900388,0.0016155,1.984302777832031,4031.6427963380047,5.576904472317415,345.2122855040184,1.0
Llama2-70B,32,8,4,32,32,1280,0.0016155,0.02129309097290039,0,0.022908590972900388,0.0016155,1.984302777832031,4031.6427963380047,5.589878152135677,346.0153607016822,1.0
Llama2-70B,32,8,4,32,32,1408,0.0016155,0.02129309097290039,0,0.022908590972900388,0.0016155,1.984302777832031,4031.6427963380047,5.602851831953937,346.8184358993462,1.0
Llama2-70B,32,8,4,32,32,1536,0.0016155,0.02129309097290039,0,0.022908590972900388,0.0016155,1.984302777832031,4031.6427963380047,5.615825511772198,347.6215110970101,1.0
Llama2-70B,32,8,4,32,32,1664,0.0016155,0.02129309097290039,0,0.022908590972900388,0.0016155,1.984302777832031,4031.6427963380047,5.628799191590457,348.424586294674,1.0
Llama2-70B,32,8,4,32,32,1792,0.0016155,0.02129309097290039,0,0.022908590972900388,0.0016155,1.984302777832031,4031.6427963380047,5.641772871408717,349.2276614923379,1.0
Llama2-70B,32,8,4,32,32,1920,0.0016155,0.02129309097290039,0,0.022908590972900388,0.0016155,1.984302777832031,4031.6427963380047,5.654746551226978,350.0307366900018,1.0
Llama2-70B,32,8,4,32,32,2048,0.0016155,0.02129309097290039,0,0.022908590972900388,0.0016155,1.984302777832031,4031.6427963380047,5.667720231045238,350.8338118876657,1.0
Llama2-70B,32,8,4,32,32,2176,0.0016155,0.02129309097290039,0,0.022908590972900388,0.0016155,1.984302777832031,4031.6427963380047,5.6806939108635,351.63688708532965,1.0
Llama2-70B,32,8,4,32,32,2304,0.0016155,0.02129309097290039,0,0.022908590972900388,0.0016155,1.984302777832031,4031.6427963380047,5.69366759068176,352.4399622829936,1.0
Llama2-70B,32,8,4,32,32,2432,0.0016155,0.02129309097290039,0,0.022908590972900388,0.0016155,1.984302777832031,4031.6427963380047,5.70664127050002,353.24303748065745,1.0
Llama2-70B,32,8,4,32,32,2560,0.0016155,0.02129309097290039,0,0.022908590972900388,0.0016155,1.984302777832031,4031.6427963380047,5.719614950318281,354.0461126783213,1.0
Llama2-70B,32,8,4,32,32,2688,0.0016155,0.02129309097290039,0,0.022908590972900388,0.0016155,1.984302777832031,4031.6427963380047,5.73258863013654,354.84918787598525,1.0
Llama2-70B,32,8,4,32,32,2816,0.0016155,0.02129309097290039,0,0.022908590972900388,0.0016155,1.984302777832031,4031.6427963380047,5.745562309954802,355.6522630736492,1.0
Llama2-70B,32,8,4,32,32,2944,0.0016155,0.02129309097290039,0,0.022908590972900388,0.0016155,1.984302777832031,4031.6427963380047,5.758535989773063,356.45533827131317,1.0
Llama2-70B,32,8,4,32,32,3072,0.0016155,0.02129309097290039,0,0.022908590972900388,0.0016155,1.984302777832031,4031.6427963380047,5.771509669591324,357.258413468977,1.0
Llama2-70B,32,8,4,32,32,3200,0.0016155,0.02129309097290039,0,0.022908590972900388,0.0016155,1.984302777832031,4031.6427963380047,5.784483349409584,358.0614886666409,1.0
Llama2-70B,32,8,4,32,32,3328,0.0016155,0.02129309097290039,0,0.022908590972900388,0.0016155,1.984302777832031,4031.6427963380047,5.797457029227844,358.8645638643048,1.0
Llama2-70B,32,8,4,32,32,3456,0.0016155,0.02129309097290039,0,0.022908590972900388,0.0016155,1.984302777832031,4031.6427963380047,5.810430709046105,359.66763906196877,1.0
Llama2-70B,32,8,4,32,32,3584,0.0016155,0.02129309097290039,0,0.022908590972900388,0.0016155,1.984302777832031,4031.6427963380047,5.823404388864366,360.47071425963264,1.0
Llama2-70B,32,8,4,32,32,3712,0.0016155,0.02129309097290039,0,0.022908590972900388,0.0016155,1.984302777832031,4031.6427963380047,5.8363780686826265,361.27378945729663,1.0
Llama2-70B,32,8,4,32,32,3840,0.0016155,0.02129309097290039,0,0.022908590972900388,0.0016155,1.984302777832031,4031.6427963380047,5.849351748500886,362.0768646549604,1.0
Llama2-70B,32,8,4,32,32,3968,0.0016155,0.02129309097290039,0,0.022908590972900388,0.0016155,1.984302777832031,4031.6427963380047,5.862325428319146,362.8799398526244,1.0
Llama2-70B,32,8,4,32,32,4096,0.0016155,0.02129309097290039,0,0.022908590972900388,0.0016155,1.984302777832031,4031.6427963380047,5.875299108137407,363.6830150502883,1.0
Llama2-70B,32,16,2,32,32,128,0.0016155,0.018461870346069335,0,0.020077370346069334,0.0016155,1.7578051276855466,9102.26039735517,2.7365575168856657,338.78768392270706,1.0
Llama2-70B,32,16,2,32,32,256,0.0016155,0.018461870346069335,0,0.020077370346069334,0.0016155,1.7578051276855466,9102.26039735517,2.743044356794796,339.590759120371,1.0
Llama2-70B,32,16,2,32,32,384,0.0016155,0.018461870346069335,0,0.020077370346069334,0.0016155,1.7578051276855466,9102.26039735517,2.7495311967039266,340.3938343180349,1.0
Llama2-70B,32,16,2,32,32,512,0.0016155,0.018461870346069335,0,0.020077370346069334,0.0016155,1.7578051276855466,9102.26039735517,2.756018036613057,341.1969095156988,1.0
Llama2-70B,32,16,2,32,32,640,0.0016155,0.018461870346069335,0,0.020077370346069334,0.0016155,1.7578051276855466,9102.26039735517,2.762504876522187,341.9999847133627,1.0
Llama2-70B,32,16,2,32,32,768,0.0016155,0.018461870346069335,0,0.020077370346069334,0.0016155,1.7578051276855466,9102.26039735517,2.768991716431317,342.8030599110266,1.0
Llama2-70B,32,16,2,32,32,896,0.0016155,0.018461870346069335,0,0.020077370346069334,0.0016155,1.7578051276855466,9102.26039735517,2.775478556340447,343.6061351086906,1.0
Llama2-70B,32,16,2,32,32,1024,0.0016155,0.018461870346069335,0,0.020077370346069334,0.0016155,1.7578051276855466,9102.26039735517,2.7819653962495776,344.4092103063544,1.0
Llama2-70B,32,16,2,32,32,1152,0.0016155,0.018461870346069335,0,0.020077370346069334,0.0016155,1.7578051276855466,9102.26039735517,2.7884522361587076,345.2122855040184,1.0
Llama2-70B,32,16,2,32,32,1280,0.0016155,0.018461870346069335,0,0.020077370346069334,0.0016155,1.7578051276855466,9102.26039735517,2.7949390760678385,346.0153607016822,1.0
Llama2-70B,32,16,2,32,32,1408,0.0016155,0.018461870346069335,0,0.020077370346069334,0.0016155,1.7578051276855466,9102.26039735517,2.8014259159769686,346.8184358993462,1.0
Llama2-70B,32,16,2,32,32,1536,0.0016155,0.018461870346069335,0,0.020077370346069334,0.0016155,1.7578051276855466,9102.26039735517,2.807912755886099,347.6215110970101,1.0
Llama2-70B,32,16,2,32,32,1664,0.0016155,0.018461870346069335,0,0.020077370346069334,0.0016155,1.7578051276855466,9102.26039735517,2.8143995957952286,348.424586294674,1.0
Llama2-70B,32,16,2,32,32,1792,0.0016155,0.018461870346069335,0,0.020077370346069334,0.0016155,1.7578051276855466,9102.26039735517,2.8208864357043586,349.2276614923379,1.0
Llama2-70B,32,16,2,32,32,1920,0.0016155,0.018461870346069335,0,0.020077370346069334,0.0016155,1.7578051276855466,9102.26039735517,2.827373275613489,350.0307366900018,1.0
Llama2-70B,32,16,2,32,32,2048,0.0016155,0.018461870346069335,0,0.020077370346069334,0.0016155,1.7578051276855466,9102.26039735517,2.833860115522619,350.8338118876657,1.0
Llama2-70B,32,16,2,32,32,2176,0.0016155,0.018461870346069335,0,0.020077370346069334,0.0016155,1.7578051276855466,9102.26039735517,2.84034695543175,351.63688708532965,1.0
Llama2-70B,32,16,2,32,32,2304,0.0016155,0.018461870346069335,0,0.020077370346069334,0.0016155,1.7578051276855466,9102.26039735517,2.84683379534088,352.4399622829936,1.0
Llama2-70B,32,16,2,32,32,2432,0.0016155,0.018461870346069335,0,0.020077370346069334,0.0016155,1.7578051276855466,9102.26039735517,2.85332063525001,353.24303748065745,1.0
Llama2-70B,32,16,2,32,32,2560,0.0016155,0.018461870346069335,0,0.020077370346069334,0.0016155,1.7578051276855466,9102.26039735517,2.8598074751591405,354.0461126783213,1.0
Llama2-70B,32,16,2,32,32,2688,0.0016155,0.018461870346069335,0,0.020077370346069334,0.0016155,1.7578051276855466,9102.26039735517,2.86629431506827,354.84918787598525,1.0
Llama2-70B,32,16,2,32,32,2816,0.0016155,0.018461870346069335,0,0.020077370346069334,0.0016155,1.7578051276855466,9102.26039735517,2.872781154977401,355.6522630736492,1.0
Llama2-70B,32,16,2,32,32,2944,0.0016155,0.018461870346069335,0,0.020077370346069334,0.0016155,1.7578051276855466,9102.26039735517,2.8792679948865314,356.45533827131317,1.0
Llama2-70B,32,16,2,32,32,3072,0.0016155,0.018461870346069335,0,0.020077370346069334,0.0016155,1.7578051276855466,9102.26039735517,2.885754834795662,357.258413468977,1.0
Llama2-70B,32,16,2,32,32,3200,0.0016155,0.018461870346069335,0,0.020077370346069334,0.0016155,1.7578051276855466,9102.26039735517,2.892241674704792,358.0614886666409,1.0
Llama2-70B,32,16,2,32,32,3328,0.0016155,0.018461870346069335,0,0.020077370346069334,0.0016155,1.7578051276855466,9102.26039735517,2.898728514613922,358.8645638643048,1.0
Llama2-70B,32,16,2,32,32,3456,0.0016155,0.018461870346069335,0,0.020077370346069334,0.0016155,1.7578051276855466,9102.26039735517,2.9052153545230524,359.66763906196877,1.0
Llama2-70B,32,16,2,32,32,3584,0.0016155,0.018461870346069335,0,0.020077370346069334,0.0016155,1.7578051276855466,9102.26039735517,2.911702194432183,360.47071425963264,1.0
Llama2-70B,32,16,2,32,32,3712,0.0016155,0.018461870346069335,0,0.020077370346069334,0.0016155,1.7578051276855466,9102.26039735517,2.9181890343413133,361.27378945729663,1.0
Llama2-70B,32,16,2,32,32,3840,0.0016155,0.018461870346069335,0,0.020077370346069334,0.0016155,1.7578051276855466,9102.26039735517,2.924675874250443,362.0768646549604,1.0
Llama2-70B,32,16,2,32,32,3968,0.0016155,0.018461870346069335,0,0.020077370346069334,0.0016155,1.7578051276855466,9102.26039735517,2.931162714159573,362.8799398526244,1.0
Llama2-70B,32,16,2,32,32,4096,0.0016155,0.018461870346069335,0,0.020077370346069334,0.0016155,1.7578051276855466,9102.26039735517,2.9376495540687033,363.6830150502883,1.0
Llama2-70B,32,32,1,32,32,128,0.0016155,0.01302294651031494,0,0.01463844651031494,0.0016155,1.322691220825195,24193.099263209726,1.3682787584428329,338.78768392270706,1.0
Llama2-70B,32,32,1,32,32,256,0.0016155,0.01302294651031494,0,0.01463844651031494,0.0016155,1.322691220825195,24193.099263209726,1.371522178397398,339.590759120371,1.0
Llama2-70B,32,32,1,32,32,384,0.0016155,0.01302294651031494,0,0.01463844651031494,0.0016155,1.322691220825195,24193.099263209726,1.3747655983519633,340.3938343180349,1.0
Llama2-70B,32,32,1,32,32,512,0.0016155,0.01302294651031494,0,0.01463844651031494,0.0016155,1.322691220825195,24193.099263209726,1.3780090183065286,341.1969095156988,1.0
Llama2-70B,32,32,1,32,32,640,0.0016155,0.01302294651031494,0,0.01463844651031494,0.0016155,1.322691220825195,24193.099263209726,1.3812524382610936,341.9999847133627,1.0
Llama2-70B,32,32,1,32,32,768,0.0016155,0.01302294651031494,0,0.01463844651031494,0.0016155,1.322691220825195,24193.099263209726,1.3844958582156586,342.8030599110266,1.0
Llama2-70B,32,32,1,32,32,896,0.0016155,0.01302294651031494,0,0.01463844651031494,0.0016155,1.322691220825195,24193.099263209726,1.3877392781702236,343.6061351086906,1.0
Llama2-70B,32,32,1,32,32,1024,0.0016155,0.01302294651031494,0,0.01463844651031494,0.0016155,1.322691220825195,24193.099263209726,1.3909826981247888,344.4092103063544,1.0
Llama2-70B,32,32,1,32,32,1152,0.0016155,0.01302294651031494,0,0.01463844651031494,0.0016155,1.322691220825195,24193.099263209726,1.3942261180793538,345.2122855040184,1.0
Llama2-70B,32,32,1,32,32,1280,0.0016155,0.01302294651031494,0,0.01463844651031494,0.0016155,1.322691220825195,24193.099263209726,1.3974695380339193,346.0153607016822,1.0
Llama2-70B,32,32,1,32,32,1408,0.0016155,0.01302294651031494,0,0.01463844651031494,0.0016155,1.322691220825195,24193.099263209726,1.4007129579884843,346.8184358993462,1.0
Llama2-70B,32,32,1,32,32,1536,0.0016155,0.01302294651031494,0,0.01463844651031494,0.0016155,1.322691220825195,24193.099263209726,1.4039563779430495,347.6215110970101,1.0
Llama2-70B,32,32,1,32,32,1664,0.0016155,0.01302294651031494,0,0.01463844651031494,0.0016155,1.322691220825195,24193.099263209726,1.4071997978976143,348.424586294674,1.0
Llama2-70B,32,32,1,32,32,1792,0.0016155,0.01302294651031494,0,0.01463844651031494,0.0016155,1.322691220825195,24193.099263209726,1.4104432178521793,349.2276614923379,1.0
Llama2-70B,32,32,1,32,32,1920,0.0016155,0.01302294651031494,0,0.01463844651031494,0.0016155,1.322691220825195,24193.099263209726,1.4136866378067445,350.0307366900018,1.0
Llama2-70B,32,32,1,32,32,2048,0.0016155,0.01302294651031494,0,0.01463844651031494,0.0016155,1.322691220825195,24193.099263209726,1.4169300577613095,350.8338118876657,1.0
Llama2-70B,32,32,1,32,32,2176,0.0016155,0.01302294651031494,0,0.01463844651031494,0.0016155,1.322691220825195,24193.099263209726,1.420173477715875,351.63688708532965,1.0
Llama2-70B,32,32,1,32,32,2304,0.0016155,0.01302294651031494,0,0.01463844651031494,0.0016155,1.322691220825195,24193.099263209726,1.42341689767044,352.4399622829936,1.0
Llama2-70B,32,32,1,32,32,2432,0.0016155,0.01302294651031494,0,0.01463844651031494,0.0016155,1.322691220825195,24193.099263209726,1.426660317625005,353.24303748065745,1.0
Llama2-70B,32,32,1,32,32,2560,0.0016155,0.01302294651031494,0,0.01463844651031494,0.0016155,1.322691220825195,24193.099263209726,1.4299037375795702,354.0461126783213,1.0
Llama2-70B,32,32,1,32,32,2688,0.0016155,0.01302294651031494,0,0.01463844651031494,0.0016155,1.322691220825195,24193.099263209726,1.433147157534135,354.84918787598525,1.0
Llama2-70B,32,32,1,32,32,2816,0.0016155,0.01302294651031494,0,0.01463844651031494,0.0016155,1.322691220825195,24193.099263209726,1.4363905774887005,355.6522630736492,1.0
Llama2-70B,32,32,1,32,32,2944,0.0016155,0.01302294651031494,0,0.01463844651031494,0.0016155,1.322691220825195,24193.099263209726,1.4396339974432657,356.45533827131317,1.0
Llama2-70B,32,32,1,32,32,3072,0.0016155,0.01302294651031494,0,0.01463844651031494,0.0016155,1.322691220825195,24193.099263209726,1.442877417397831,357.258413468977,1.0
Llama2-70B,32,32,1,32,32,3200,0.0016155,0.01302294651031494,0,0.01463844651031494,0.0016155,1.322691220825195,24193.099263209726,1.446120837352396,358.0614886666409,1.0
Llama2-70B,32,32,1,32,32,3328,0.0016155,0.01302294651031494,0,0.01463844651031494,0.0016155,1.322691220825195,24193.099263209726,1.449364257306961,358.8645638643048,1.0
Llama2-70B,32,32,1,32,32,3456,0.0016155,0.01302294651031494,0,0.01463844651031494,0.0016155,1.322691220825195,24193.099263209726,1.4526076772615262,359.66763906196877,1.0
Llama2-70B,32,32,1,32,32,3584,0.0016155,0.01302294651031494,0,0.01463844651031494,0.0016155,1.322691220825195,24193.099263209726,1.4558510972160914,360.47071425963264,1.0
Llama2-70B,32,32,1,32,32,3712,0.0016155,0.01302294651031494,0,0.01463844651031494,0.0016155,1.322691220825195,24193.099263209726,1.4590945171706566,361.27378945729663,1.0
Llama2-70B,32,32,1,32,32,3840,0.0016155,0.01302294651031494,0,0.01463844651031494,0.0016155,1.322691220825195,24193.099263209726,1.4623379371252214,362.0768646549604,1.0
Llama2-70B,32,32,1,32,32,3968,0.0016155,0.01302294651031494,0,0.01463844651031494,0.0016155,1.322691220825195,24193.099263209726,1.4655813570797864,362.8799398526244,1.0
Llama2-70B,32,32,1,32,32,4096,0.0016155,0.01302294651031494,0,0.01463844651031494,0.0016155,1.322691220825195,24193.099263209726,1.4688247770343517,363.6830150502883,1.0
Llama2-70B,32,80,1,32,10,128,0.0019485,0.0014614998626708,0,0.0034099998626708,0.0019485,0.4247484890136719,188346.75594908345,0.5383674140354986,276.2983905750571,0.84375
Llama2-70B,32,80,1,32,10,256,0.0019485,0.0014614998626708,0,0.0034099998626708,0.0019485,0.4247484890136719,188346.75594908345,0.5394620682701643,276.8601838697278,0.84375
Llama2-70B,32,80,1,32,10,384,0.0019485,0.0014614998626708,0,0.0034099998626708,0.0019485,0.4247484890136719,188346.75594908345,0.5405567225048301,277.4219771643984,0.84375
Llama2-70B,32,80,1,32,10,512,0.0019485,0.0014614998626708,0,0.0034099998626708,0.0019485,0.4247484890136719,188346.75594908345,0.5416513767394958,277.98377045906904,0.84375
Llama2-70B,32,80,1,32,10,640,0.0019485,0.0014614998626708,0,0.0034099998626708,0.0019485,0.4247484890136719,188346.75594908345,0.5427460309741615,278.54556375373966,0.84375
Llama2-70B,32,80,1,32,10,768,0.0019485,0.0014614998626708,0,0.0034099998626708,0.0019485,0.4247484890136719,188346.75594908345,0.5438406852088272,279.1073570484102,0.84375
Llama2-70B,32,80,1,32,10,896,0.0019485,0.0014614998626708,0,0.0034099998626708,0.0019485,0.4247484890136719,188346.75594908345,0.544935339443493,279.66915034308084,0.84375
Llama2-70B,32,80,1,32,10,1024,0.0019485,0.0014614998626708,0,0.0034099998626708,0.0019485,0.4247484890136719,188346.75594908345,0.5460299936781587,280.2309436377515,0.84375
Llama2-70B,32,80,1,32,10,1152,0.0019485,0.0014614998626708,0,0.0034099998626708,0.0019485,0.4247484890136719,188346.75594908345,0.5471246479128244,280.7927369324222,0.84375
Llama2-70B,32,80,1,32,10,1280,0.0019485,0.0014614998626708,0,0.0034099998626708,0.0019485,0.4247484890136719,188346.75594908345,0.54821930214749,281.3545302270929,0.84375
Llama2-70B,32,80,1,32,10,1408,0.0019485,0.0014614998626708,0,0.0034099998626708,0.0019485,0.4247484890136719,188346.75594908345,0.549313956382156,281.9163235217635,0.84375
Llama2-70B,32,80,1,32,10,1536,0.0019485,0.0014614998626708,0,0.0034099998626708,0.0019485,0.4247484890136719,188346.75594908345,0.5504086106168217,282.4781168164341,0.84375
Llama2-70B,32,80,1,32,10,1664,0.0019485,0.0014614998626708,0,0.0034099998626708,0.0019485,0.4247484890136719,188346.75594908345,0.5515032648514874,283.0399101111048,0.84375
Llama2-70B,32,80,1,32,10,1792,0.0019485,0.0014614998626708,0,0.0034099998626708,0.0019485,0.4247484890136719,188346.75594908345,0.552597919086153,283.6017034057754,0.84375
Llama2-70B,32,80,1,32,10,1920,0.0019485,0.0014614998626708,0,0.0034099998626708,0.0019485,0.4247484890136719,188346.75594908345,0.5536925733208188,284.16349670044605,0.84375
Llama2-70B,32,80,1,32,10,2048,0.0019485,0.0014614998626708,0,0.0034099998626708,0.0019485,0.4247484890136719,188346.75594908345,0.5547872275554845,284.7252899951166,0.84375
Llama2-70B,32,80,1,32,10,2176,0.0019485,0.0014614998626708,0,0.0034099998626708,0.0019485,0.4247484890136719,188346.75594908345,0.5558818817901503,285.28708328978723,0.84375
Llama2-70B,32,80,1,32,10,2304,0.0019485,0.0014614998626708,0,0.0034099998626708,0.0019485,0.4247484890136719,188346.75594908345,0.5569765360248161,285.8488765844579,0.84375
Llama2-70B,32,80,1,32,10,2432,0.0019485,0.0014614998626708,0,0.0034099998626708,0.0019485,0.4247484890136719,188346.75594908345,0.5580711902594817,286.41066987912853,0.84375
Llama2-70B,32,80,1,32,10,2560,0.0019485,0.0014614998626708,0,0.0034099998626708,0.0019485,0.4247484890136719,188346.75594908345,0.5591658444941474,286.9724631737992,0.84375
Llama2-70B,32,80,1,32,10,2688,0.0019485,0.0014614998626708,0,0.0034099998626708,0.0019485,0.4247484890136719,188346.75594908345,0.5602604987288132,287.53425646846983,0.84375
Llama2-70B,32,80,1,32,10,2816,0.0019485,0.0014614998626708,0,0.0034099998626708,0.0019485,0.4247484890136719,188346.75594908345,0.5613551529634789,288.09604976314046,0.84375
Llama2-70B,32,80,1,32,10,2944,0.0019485,0.0014614998626708,0,0.0034099998626708,0.0019485,0.4247484890136719,188346.75594908345,0.5624498071981445,288.6578430578111,0.84375
Llama2-70B,32,80,1,32,10,3072,0.0019485,0.0014614998626708,0,0.0034099998626708,0.0019485,0.4247484890136719,188346.75594908345,0.5635444614328103,289.21963635248176,0.84375
Llama2-70B,32,80,1,32,10,3200,0.0019485,0.0014614998626708,0,0.0034099998626708,0.0019485,0.4247484890136719,188346.75594908345,0.564639115667476,289.7814296471524,0.84375
Llama2-70B,32,80,1,32,10,3328,0.0019485,0.0014614998626708,0,0.0034099998626708,0.0019485,0.4247484890136719,188346.75594908345,0.5657337699021419,290.34322294182294,0.84375
Llama2-70B,32,80,1,32,10,3456,0.0019485,0.0014614998626708,0,0.0034099998626708,0.0019485,0.4247484890136719,188346.75594908345,0.5668284241368076,290.9050162364936,0.84375
Llama2-70B,32,80,1,32,10,3584,0.0019485,0.0014614998626708,0,0.0034099998626708,0.0019485,0.4247484890136719,188346.75594908345,0.5679230783714732,291.4668095311642,0.84375
Llama2-70B,32,80,1,32,10,3712,0.0019485,0.0014614998626708,0,0.0034099998626708,0.0019485,0.4247484890136719,188346.75594908345,0.5690177326061391,292.02860282583487,0.84375
Llama2-70B,32,80,1,32,10,3840,0.0019485,0.0014614998626708,0,0.0034099998626708,0.0019485,0.4247484890136719,188346.75594908345,0.5701123868408048,292.5903961205055,0.84375
Llama2-70B,32,80,1,32,10,3968,0.0019485,0.0014614998626708,0,0.0034099998626708,0.0019485,0.4247484890136719,188346.75594908345,0.5712070410754705,293.1521894151761,0.84375
Llama2-70B,32,80,1,32,10,4096,0.0019485,0.0014614998626708,0,0.0034099998626708,0.0019485,0.4247484890136719,188346.75594908345,0.5723016953101362,293.7139827098468,0.84375
Llama2-7B,8,1,8,32,32,128,0.0015435,0.0042958331044514,0,0.0058393331044514,0.0015435,0.3384021593424479,2955.063885948921,3.958036549881261,80.13517472224774,1.0
Llama2-7B,8,1,8,32,32,256,0.0015435,0.0042958331044514,0,0.0058393331044514,0.0015435,0.3384021593424479,2955.063885948921,3.963226021808565,80.24024177616951,1.0
Llama2-7B,8,1,8,32,32,384,0.0015435,0.0042958331044514,0,0.0058393331044514,0.0015435,0.3384021593424479,2955.063885948921,3.9684154937358698,80.34530883009127,1.0
Llama2-7B,8,1,8,32,32,512,0.0015435,0.0042958331044514,0,0.0058393331044514,0.0015435,0.3384021593424479,2955.063885948921,3.973604965663173,80.45037588401307,1.0
Llama2-7B,8,1,8,32,32,640,0.0015435,0.0042958331044514,0,0.0058393331044514,0.0015435,0.3384021593424479,2955.063885948921,3.9787944375904782,80.55544293793483,1.0
Llama2-7B,8,1,8,32,32,768,0.0015435,0.0042958331044514,0,0.0058393331044514,0.0015435,0.3384021593424479,2955.063885948921,3.9839839095177823,80.6605099918566,1.0
Llama2-7B,8,1,8,32,32,896,0.0015435,0.0042958331044514,0,0.0058393331044514,0.0015435,0.3384021593424479,2955.063885948921,3.989173381445086,80.76557704577839,1.0
Llama2-7B,8,1,8,32,32,1024,0.0015435,0.0042958331044514,0,0.0058393331044514,0.0015435,0.3384021593424479,2955.063885948921,3.9943628533723903,80.87064409970016,1.0
Llama2-7B,8,1,8,32,32,1152,0.0015435,0.0042958331044514,0,0.0058393331044514,0.0015435,0.3384021593424479,2955.063885948921,3.999552325299695,80.97571115362192,1.0
Llama2-7B,8,1,8,32,32,1280,0.0015435,0.0042958331044514,0,0.0058393331044514,0.0015435,0.3384021593424479,2955.063885948921,4.004741797226999,81.0807782075437,1.0
Llama2-7B,8,1,8,32,32,1408,0.0015435,0.0042958331044514,0,0.0058393331044514,0.0015435,0.3384021593424479,2955.063885948921,4.009931269154302,81.18584526146547,1.0
Llama2-7B,8,1,8,32,32,1536,0.0015435,0.0042958331044514,0,0.0058393331044514,0.0015435,0.3384021593424479,2955.063885948921,4.015120741081606,81.29091231538725,1.0
Llama2-7B,8,1,8,32,32,1664,0.0015435,0.0042958331044514,0,0.0058393331044514,0.0015435,0.3384021593424479,2955.063885948921,4.020310213008911,81.395979369309,1.0
Llama2-7B,8,1,8,32,32,1792,0.0015435,0.0042958331044514,0,0.0058393331044514,0.0015435,0.3384021593424479,2955.063885948921,4.025499684936215,81.50104642323079,1.0
Llama2-7B,8,1,8,32,32,1920,0.0015435,0.0042958331044514,0,0.0058393331044514,0.0015435,0.3384021593424479,2955.063885948921,4.030689156863519,81.60611347715255,1.0
Llama2-7B,8,1,8,32,32,2048,0.0015435,0.0042958331044514,0,0.0058393331044514,0.0015435,0.3384021593424479,2955.063885948921,4.035878628790823,81.71118053107433,1.0
Llama2-7B,8,1,8,32,32,2176,0.0015435,0.0042958331044514,0,0.0058393331044514,0.0015435,0.3384021593424479,2955.063885948921,4.041068100718128,81.8162475849961,1.0
Llama2-7B,8,1,8,32,32,2304,0.0015435,0.0042958331044514,0,0.0058393331044514,0.0015435,0.3384021593424479,2955.063885948921,4.046257572645432,81.92131463891789,1.0
Llama2-7B,8,1,8,32,32,2432,0.0015435,0.0042958331044514,0,0.0058393331044514,0.0015435,0.3384021593424479,2955.063885948921,4.051447044572735,82.02638169283965,1.0
Llama2-7B,8,1,8,32,32,2560,0.0015435,0.0042958331044514,0,0.0058393331044514,0.0015435,0.3384021593424479,2955.063885948921,4.05663651650004,82.13144874676144,1.0
Llama2-7B,8,1,8,32,32,2688,0.0015435,0.0042958331044514,0,0.0058393331044514,0.0015435,0.3384021593424479,2955.063885948921,4.061825988427345,82.2365158006832,1.0
Llama2-7B,8,1,8,32,32,2816,0.0015435,0.0042958331044514,0,0.0058393331044514,0.0015435,0.3384021593424479,2955.063885948921,4.067015460354649,82.34158285460497,1.0
Llama2-7B,8,1,8,32,32,2944,0.0015435,0.0042958331044514,0,0.0058393331044514,0.0015435,0.3384021593424479,2955.063885948921,4.072204932281952,82.44664990852672,1.0
Llama2-7B,8,1,8,32,32,3072,0.0015435,0.0042958331044514,0,0.0058393331044514,0.0015435,0.3384021593424479,2955.063885948921,4.077394404209257,82.55171696244851,1.0
Llama2-7B,8,1,8,32,32,3200,0.0015435,0.0042958331044514,0,0.0058393331044514,0.0015435,0.3384021593424479,2955.063885948921,4.082583876136561,82.6567840163703,1.0
Llama2-7B,8,1,8,32,32,3328,0.0015435,0.0042958331044514,0,0.0058393331044514,0.0015435,0.3384021593424479,2955.063885948921,4.087773348063865,82.76185107029205,1.0
Llama2-7B,8,1,8,32,32,3456,0.0015435,0.0042958331044514,0,0.0058393331044514,0.0015435,0.3384021593424479,2955.063885948921,4.09296281999117,82.86691812421384,1.0
Llama2-7B,8,1,8,32,32,3584,0.0015435,0.0042958331044514,0,0.0058393331044514,0.0015435,0.3384021593424479,2955.063885948921,4.098152291918474,82.9719851781356,1.0
Llama2-7B,8,1,8,32,32,3712,0.0015435,0.0042958331044514,0,0.0058393331044514,0.0015435,0.3384021593424479,2955.063885948921,4.103341763845778,83.07705223205737,1.0
Llama2-7B,8,1,8,32,32,3840,0.0015435,0.0042958331044514,0,0.0058393331044514,0.0015435,0.3384021593424479,2955.063885948921,4.108531235773082,83.18211928597914,1.0
Llama2-7B,8,1,8,32,32,3968,0.0015435,0.0042958331044514,0,0.0058393331044514,0.0015435,0.3384021593424479,2955.063885948921,4.113720707700386,83.28718633990091,1.0
Llama2-7B,8,1,8,32,32,4096,0.0015435,0.0042958331044514,0,0.0058393331044514,0.0015435,0.3384021593424479,2955.063885948921,4.11891017962769,83.39225339382268,1.0
Llama2-7B,8,2,4,32,32,128,0.0015435,0.0040872168477376,0,0.0056307168477376,0.0015435,0.3317264391276041,6029.064205011005,1.9790182749406304,80.13517472224774,1.0
Llama2-7B,8,2,4,32,32,256,0.0015435,0.0040872168477376,0,0.0056307168477376,0.0015435,0.3317264391276041,6029.064205011005,1.9816130109042829,80.24024177616951,1.0
Llama2-7B,8,2,4,32,32,384,0.0015435,0.0040872168477376,0,0.0056307168477376,0.0015435,0.3317264391276041,6029.064205011005,1.9842077468679349,80.34530883009127,1.0
Llama2-7B,8,2,4,32,32,512,0.0015435,0.0040872168477376,0,0.0056307168477376,0.0015435,0.3317264391276041,6029.064205011005,1.986802482831587,80.45037588401307,1.0
Llama2-7B,8,2,4,32,32,640,0.0015435,0.0040872168477376,0,0.0056307168477376,0.0015435,0.3317264391276041,6029.064205011005,1.9893972187952391,80.55544293793483,1.0
Llama2-7B,8,2,4,32,32,768,0.0015435,0.0040872168477376,0,0.0056307168477376,0.0015435,0.3317264391276041,6029.064205011005,1.9919919547588911,80.6605099918566,1.0
Llama2-7B,8,2,4,32,32,896,0.0015435,0.0040872168477376,0,0.0056307168477376,0.0015435,0.3317264391276041,6029.064205011005,1.994586690722543,80.76557704577839,1.0
Llama2-7B,8,2,4,32,32,1024,0.0015435,0.0040872168477376,0,0.0056307168477376,0.0015435,0.3317264391276041,6029.064205011005,1.9971814266861951,80.87064409970016,1.0
Llama2-7B,8,2,4,32,32,1152,0.0015435,0.0040872168477376,0,0.0056307168477376,0.0015435,0.3317264391276041,6029.064205011005,1.999776162649848,80.97571115362192,1.0
Llama2-7B,8,2,4,32,32,1280,0.0015435,0.0040872168477376,0,0.0056307168477376,0.0015435,0.3317264391276041,6029.064205011005,2.0023708986135,81.0807782075437,1.0
Llama2-7B,8,2,4,32,32,1408,0.0015435,0.0040872168477376,0,0.0056307168477376,0.0015435,0.3317264391276041,6029.064205011005,2.004965634577151,81.18584526146547,1.0
Llama2-7B,8,2,4,32,32,1536,0.0015435,0.0040872168477376,0,0.0056307168477376,0.0015435,0.3317264391276041,6029.064205011005,2.007560370540803,81.29091231538725,1.0
Llama2-7B,8,2,4,32,32,1664,0.0015435,0.0040872168477376,0,0.0056307168477376,0.0015435,0.3317264391276041,6029.064205011005,2.010155106504456,81.395979369309,1.0
Llama2-7B,8,2,4,32,32,1792,0.0015435,0.0040872168477376,0,0.0056307168477376,0.0015435,0.3317264391276041,6029.064205011005,2.012749842468108,81.50104642323079,1.0
Llama2-7B,8,2,4,32,32,1920,0.0015435,0.0040872168477376,0,0.0056307168477376,0.0015435,0.3317264391276041,6029.064205011005,2.01534457843176,81.60611347715255,1.0
Llama2-7B,8,2,4,32,32,2048,0.0015435,0.0040872168477376,0,0.0056307168477376,0.0015435,0.3317264391276041,6029.064205011005,2.017939314395412,81.71118053107433,1.0
Llama2-7B,8,2,4,32,32,2176,0.0015435,0.0040872168477376,0,0.0056307168477376,0.0015435,0.3317264391276041,6029.064205011005,2.020534050359064,81.8162475849961,1.0
Llama2-7B,8,2,4,32,32,2304,0.0015435,0.0040872168477376,0,0.0056307168477376,0.0015435,0.3317264391276041,6029.064205011005,2.023128786322716,81.92131463891789,1.0
Llama2-7B,8,2,4,32,32,2432,0.0015435,0.0040872168477376,0,0.0056307168477376,0.0015435,0.3317264391276041,6029.064205011005,2.025723522286368,82.02638169283965,1.0
Llama2-7B,8,2,4,32,32,2560,0.0015435,0.0040872168477376,0,0.0056307168477376,0.0015435,0.3317264391276041,6029.064205011005,2.02831825825002,82.13144874676144,1.0
Llama2-7B,8,2,4,32,32,2688,0.0015435,0.0040872168477376,0,0.0056307168477376,0.0015435,0.3317264391276041,6029.064205011005,2.030912994213673,82.2365158006832,1.0
Llama2-7B,8,2,4,32,32,2816,0.0015435,0.0040872168477376,0,0.0056307168477376,0.0015435,0.3317264391276041,6029.064205011005,2.033507730177325,82.34158285460497,1.0
Llama2-7B,8,2,4,32,32,2944,0.0015435,0.0040872168477376,0,0.0056307168477376,0.0015435,0.3317264391276041,6029.064205011005,2.036102466140976,82.44664990852672,1.0
Llama2-7B,8,2,4,32,32,3072,0.0015435,0.0040872168477376,0,0.0056307168477376,0.0015435,0.3317264391276041,6029.064205011005,2.038697202104629,82.55171696244851,1.0
Llama2-7B,8,2,4,32,32,3200,0.0015435,0.0040872168477376,0,0.0056307168477376,0.0015435,0.3317264391276041,6029.064205011005,2.041291938068281,82.6567840163703,1.0
Llama2-7B,8,2,4,32,32,3328,0.0015435,0.0040872168477376,0,0.0056307168477376,0.0015435,0.3317264391276041,6029.064205011005,2.0438866740319326,82.76185107029205,1.0
Llama2-7B,8,2,4,32,32,3456,0.0015435,0.0040872168477376,0,0.0056307168477376,0.0015435,0.3317264391276041,6029.064205011005,2.046481409995585,82.86691812421384,1.0
Llama2-7B,8,2,4,32,32,3584,0.0015435,0.0040872168477376,0,0.0056307168477376,0.0015435,0.3317264391276041,6029.064205011005,2.049076145959237,82.9719851781356,1.0
Llama2-7B,8,2,4,32,32,3712,0.0015435,0.0040872168477376,0,0.0056307168477376,0.0015435,0.3317264391276041,6029.064205011005,2.051670881922889,83.07705223205737,1.0
Llama2-7B,8,2,4,32,32,3840,0.0015435,0.0040872168477376,0,0.0056307168477376,0.0015435,0.3317264391276041,6029.064205011005,2.054265617886541,83.18211928597914,1.0
Llama2-7B,8,2,4,32,32,3968,0.0015435,0.0040872168477376,0,0.0056307168477376,0.0015435,0.3317264391276041,6029.064205011005,2.056860353850193,83.28718633990091,1.0
Llama2-7B,8,2,4,32,32,4096,0.0015435,0.0040872168477376,0,0.0056307168477376,0.0015435,0.3317264391276041,6029.064205011005,2.059455089813845,83.39225339382268,1.0
Llama2-7B,8,4,2,32,32,128,0.0015435,0.0038090618387858,0,0.0053525618387858,0.0015435,0.3228254788411459,12390.595731039855,0.9895091374703152,80.13517472224774,1.0
Llama2-7B,8,4,2,32,32,256,0.0015435,0.0038090618387858,0,0.0053525618387858,0.0015435,0.3228254788411459,12390.595731039855,0.9908065054521412,80.24024177616951,1.0
Llama2-7B,8,4,2,32,32,384,0.0015435,0.0038090618387858,0,0.0053525618387858,0.0015435,0.3228254788411459,12390.595731039855,0.9921038734339674,80.34530883009127,1.0
Llama2-7B,8,4,2,32,32,512,0.0015435,0.0038090618387858,0,0.0053525618387858,0.0015435,0.3228254788411459,12390.595731039855,0.9934012414157932,80.45037588401307,1.0
Llama2-7B,8,4,2,32,32,640,0.0015435,0.0038090618387858,0,0.0053525618387858,0.0015435,0.3228254788411459,12390.595731039855,0.9946986093976196,80.55544293793483,1.0
Llama2-7B,8,4,2,32,32,768,0.0015435,0.0038090618387858,0,0.0053525618387858,0.0015435,0.3228254788411459,12390.595731039855,0.9959959773794456,80.6605099918566,1.0
Llama2-7B,8,4,2,32,32,896,0.0015435,0.0038090618387858,0,0.0053525618387858,0.0015435,0.3228254788411459,12390.595731039855,0.9972933453612716,80.76557704577839,1.0
Llama2-7B,8,4,2,32,32,1024,0.0015435,0.0038090618387858,0,0.0053525618387858,0.0015435,0.3228254788411459,12390.595731039855,0.9985907133430976,80.87064409970016,1.0
Llama2-7B,8,4,2,32,32,1152,0.0015435,0.0038090618387858,0,0.0053525618387858,0.0015435,0.3228254788411459,12390.595731039855,0.9998880813249236,80.97571115362192,1.0
Llama2-7B,8,4,2,32,32,1280,0.0015435,0.0038090618387858,0,0.0053525618387858,0.0015435,0.3228254788411459,12390.595731039855,1.0011854493067498,81.0807782075437,1.0
Llama2-7B,8,4,2,32,32,1408,0.0015435,0.0038090618387858,0,0.0053525618387858,0.0015435,0.3228254788411459,12390.595731039855,1.0024828172885756,81.18584526146547,1.0
Llama2-7B,8,4,2,32,32,1536,0.0015435,0.0038090618387858,0,0.0053525618387858,0.0015435,0.3228254788411459,12390.595731039855,1.0037801852704016,81.29091231538725,1.0
Llama2-7B,8,4,2,32,32,1664,0.0015435,0.0038090618387858,0,0.0053525618387858,0.0015435,0.3228254788411459,12390.595731039855,1.0050775532522278,81.395979369309,1.0
Llama2-7B,8,4,2,32,32,1792,0.0015435,0.0038090618387858,0,0.0053525618387858,0.0015435,0.3228254788411459,12390.595731039855,1.0063749212340538,81.50104642323079,1.0
Llama2-7B,8,4,2,32,32,1920,0.0015435,0.0038090618387858,0,0.0053525618387858,0.0015435,0.3228254788411459,12390.595731039855,1.0076722892158798,81.60611347715255,1.0
Llama2-7B,8,4,2,32,32,2048,0.0015435,0.0038090618387858,0,0.0053525618387858,0.0015435,0.3228254788411459,12390.595731039855,1.0089696571977058,81.71118053107433,1.0
Llama2-7B,8,4,2,32,32,2176,0.0015435,0.0038090618387858,0,0.0053525618387858,0.0015435,0.3228254788411459,12390.595731039855,1.010267025179532,81.8162475849961,1.0
Llama2-7B,8,4,2,32,32,2304,0.0015435,0.0038090618387858,0,0.0053525618387858,0.0015435,0.3228254788411459,12390.595731039855,1.011564393161358,81.92131463891789,1.0
Llama2-7B,8,4,2,32,32,2432,0.0015435,0.0038090618387858,0,0.0053525618387858,0.0015435,0.3228254788411459,12390.595731039855,1.0128617611431838,82.02638169283965,1.0
Llama2-7B,8,4,2,32,32,2560,0.0015435,0.0038090618387858,0,0.0053525618387858,0.0015435,0.3228254788411459,12390.595731039855,1.01415912912501,82.13144874676144,1.0
Llama2-7B,8,4,2,32,32,2688,0.0015435,0.0038090618387858,0,0.0053525618387858,0.0015435,0.3228254788411459,12390.595731039855,1.0154564971068365,82.2365158006832,1.0
Llama2-7B,8,4,2,32,32,2816,0.0015435,0.0038090618387858,0,0.0053525618387858,0.0015435,0.3228254788411459,12390.595731039855,1.0167538650886625,82.34158285460497,1.0
Llama2-7B,8,4,2,32,32,2944,0.0015435,0.0038090618387858,0,0.0053525618387858,0.0015435,0.3228254788411459,12390.595731039855,1.018051233070488,82.44664990852672,1.0
Llama2-7B,8,4,2,32,32,3072,0.0015435,0.0038090618387858,0,0.0053525618387858,0.0015435,0.3228254788411459,12390.595731039855,1.0193486010523145,82.55171696244851,1.0
Llama2-7B,8,4,2,32,32,3200,0.0015435,0.0038090618387858,0,0.0053525618387858,0.0015435,0.3228254788411459,12390.595731039855,1.0206459690341405,82.6567840163703,1.0
Llama2-7B,8,4,2,32,32,3328,0.0015435,0.0038090618387858,0,0.0053525618387858,0.0015435,0.3228254788411459,12390.595731039855,1.0219433370159663,82.76185107029205,1.0
Llama2-7B,8,4,2,32,32,3456,0.0015435,0.0038090618387858,0,0.0053525618387858,0.0015435,0.3228254788411459,12390.595731039855,1.0232407049977923,82.86691812421384,1.0
Llama2-7B,8,4,2,32,32,3584,0.0015435,0.0038090618387858,0,0.0053525618387858,0.0015435,0.3228254788411459,12390.595731039855,1.0245380729796183,82.9719851781356,1.0
Llama2-7B,8,4,2,32,32,3712,0.0015435,0.0038090618387858,0,0.0053525618387858,0.0015435,0.3228254788411459,12390.595731039855,1.0258354409614443,83.07705223205737,1.0
Llama2-7B,8,4,2,32,32,3840,0.0015435,0.0038090618387858,0,0.0053525618387858,0.0015435,0.3228254788411459,12390.595731039855,1.0271328089432703,83.18211928597914,1.0
Llama2-7B,8,4,2,32,32,3968,0.0015435,0.0038090618387858,0,0.0053525618387858,0.0015435,0.3228254788411459,12390.595731039855,1.0284301769250963,83.28718633990091,1.0
Llama2-7B,8,4,2,32,32,4096,0.0015435,0.0038090618387858,0,0.0053525618387858,0.0015435,0.3228254788411459,12390.595731039855,1.0297275449069223,83.39225339382268,1.0
Llama2-7B,8,8,1,32,32,128,0.0015435,0.0032527518208821,0,0.0047962518208821,0.0015435,0.3050235582682292,26227.482380115125,0.4947545687351576,80.13517472224774,1.0
Llama2-7B,8,8,1,32,32,256,0.0015435,0.0032527518208821,0,0.0047962518208821,0.0015435,0.3050235582682292,26227.482380115125,0.4954032527260706,80.24024177616951,1.0
Llama2-7B,8,8,1,32,32,384,0.0015435,0.0032527518208821,0,0.0047962518208821,0.0015435,0.3050235582682292,26227.482380115125,0.4960519367169837,80.34530883009127,1.0
Llama2-7B,8,8,1,32,32,512,0.0015435,0.0032527518208821,0,0.0047962518208821,0.0015435,0.3050235582682292,26227.482380115125,0.4967006207078966,80.45037588401307,1.0
Llama2-7B,8,8,1,32,32,640,0.0015435,0.0032527518208821,0,0.0047962518208821,0.0015435,0.3050235582682292,26227.482380115125,0.4973493046988098,80.55544293793483,1.0
Llama2-7B,8,8,1,32,32,768,0.0015435,0.0032527518208821,0,0.0047962518208821,0.0015435,0.3050235582682292,26227.482380115125,0.4979979886897228,80.6605099918566,1.0
Llama2-7B,8,8,1,32,32,896,0.0015435,0.0032527518208821,0,0.0047962518208821,0.0015435,0.3050235582682292,26227.482380115125,0.4986466726806357,80.76557704577839,1.0
Llama2-7B,8,8,1,32,32,1024,0.0015435,0.0032527518208821,0,0.0047962518208821,0.0015435,0.3050235582682292,26227.482380115125,0.4992953566715488,80.87064409970016,1.0
Llama2-7B,8,8,1,32,32,1152,0.0015435,0.0032527518208821,0,0.0047962518208821,0.0015435,0.3050235582682292,26227.482380115125,0.4999440406624618,80.97571115362192,1.0
Llama2-7B,8,8,1,32,32,1280,0.0015435,0.0032527518208821,0,0.0047962518208821,0.0015435,0.3050235582682292,26227.482380115125,0.5005927246533749,81.0807782075437,1.0
Llama2-7B,8,8,1,32,32,1408,0.0015435,0.0032527518208821,0,0.0047962518208821,0.0015435,0.3050235582682292,26227.482380115125,0.5012414086442878,81.18584526146547,1.0
Llama2-7B,8,8,1,32,32,1536,0.0015435,0.0032527518208821,0,0.0047962518208821,0.0015435,0.3050235582682292,26227.482380115125,0.5018900926352008,81.29091231538725,1.0
Llama2-7B,8,8,1,32,32,1664,0.0015435,0.0032527518208821,0,0.0047962518208821,0.0015435,0.3050235582682292,26227.482380115125,0.5025387766261139,81.395979369309,1.0
Llama2-7B,8,8,1,32,32,1792,0.0015435,0.0032527518208821,0,0.0047962518208821,0.0015435,0.3050235582682292,26227.482380115125,0.5031874606170269,81.50104642323079,1.0
Llama2-7B,8,8,1,32,32,1920,0.0015435,0.0032527518208821,0,0.0047962518208821,0.0015435,0.3050235582682292,26227.482380115125,0.5038361446079399,81.60611347715255,1.0
Llama2-7B,8,8,1,32,32,2048,0.0015435,0.0032527518208821,0,0.0047962518208821,0.0015435,0.3050235582682292,26227.482380115125,0.5044848285988529,81.71118053107433,1.0
Llama2-7B,8,8,1,32,32,2176,0.0015435,0.0032527518208821,0,0.0047962518208821,0.0015435,0.3050235582682292,26227.482380115125,0.505133512589766,81.8162475849961,1.0
Llama2-7B,8,8,1,32,32,2304,0.0015435,0.0032527518208821,0,0.0047962518208821,0.0015435,0.3050235582682292,26227.482380115125,0.505782196580679,81.92131463891789,1.0
Llama2-7B,8,8,1,32,32,2432,0.0015435,0.0032527518208821,0,0.0047962518208821,0.0015435,0.3050235582682292,26227.482380115125,0.5064308805715919,82.02638169283965,1.0
Llama2-7B,8,8,1,32,32,2560,0.0015435,0.0032527518208821,0,0.0047962518208821,0.0015435,0.3050235582682292,26227.482380115125,0.507079564562505,82.13144874676144,1.0
Llama2-7B,8,8,1,32,32,2688,0.0015435,0.0032527518208821,0,0.0047962518208821,0.0015435,0.3050235582682292,26227.482380115125,0.5077282485534181,82.2365158006832,1.0
Llama2-7B,8,8,1,32,32,2816,0.0015435,0.0032527518208821,0,0.0047962518208821,0.0015435,0.3050235582682292,26227.482380115125,0.5083769325443311,82.34158285460497,1.0
Llama2-7B,8,8,1,32,32,2944,0.0015435,0.0032527518208821,0,0.0047962518208821,0.0015435,0.3050235582682292,26227.482380115125,0.509025616535244,82.44664990852672,1.0
Llama2-7B,8,8,1,32,32,3072,0.0015435,0.0032527518208821,0,0.0047962518208821,0.0015435,0.3050235582682292,26227.482380115125,0.5096743005261571,82.55171696244851,1.0
Llama2-7B,8,8,1,32,32,3200,0.0015435,0.0032527518208821,0,0.0047962518208821,0.0015435,0.3050235582682292,26227.482380115125,0.5103229845170701,82.6567840163703,1.0
Llama2-7B,8,8,1,32,32,3328,0.0015435,0.0032527518208821,0,0.0047962518208821,0.0015435,0.3050235582682292,26227.482380115125,0.5109716685079831,82.76185107029205,1.0
Llama2-7B,8,8,1,32,32,3456,0.0015435,0.0032527518208821,0,0.0047962518208821,0.0015435,0.3050235582682292,26227.482380115125,0.5116203524988963,82.86691812421384,1.0
Llama2-7B,8,8,1,32,32,3584,0.0015435,0.0032527518208821,0,0.0047962518208821,0.0015435,0.3050235582682292,26227.482380115125,0.5122690364898093,82.9719851781356,1.0
Llama2-7B,8,8,1,32,32,3712,0.0015435,0.0032527518208821,0,0.0047962518208821,0.0015435,0.3050235582682292,26227.482380115125,0.5129177204807223,83.07705223205737,1.0
Llama2-7B,8,8,1,32,32,3840,0.0015435,0.0032527518208821,0,0.0047962518208821,0.0015435,0.3050235582682292,26227.482380115125,0.5135664044716353,83.18211928597914,1.0
Llama2-7B,8,8,1,32,32,3968,0.0015435,0.0032527518208821,0,0.0047962518208821,0.0015435,0.3050235582682292,26227.482380115125,0.5142150884625483,83.28718633990091,1.0
Llama2-7B,8,8,1,32,32,4096,0.0015435,0.0032527518208821,0,0.0047962518208821,0.0015435,0.3050235582682292,26227.482380115125,0.5148637724534613,83.39225339382268,1.0
Llama2-7B,8,32,1,32,8,128,0.001917,0.00032238887363,0,0.0022393888736301,0.001917,0.2235774439561632,143127.1394545249,0.1644550285678114,85.78770399990165,1.0
Llama2-7B,8,32,1,32,8,256,0.001917,0.00032238887363,0,0.0022393888736301,0.001917,0.2235774439561632,143127.1394545249,0.1646171995655397,85.87230024284807,1.0
Llama2-7B,8,32,1,32,8,384,0.001917,0.00032238887363,0,0.0022393888736301,0.001917,0.2235774439561632,143127.1394545249,0.164779370563268,85.95689648579446,1.0
Llama2-7B,8,32,1,32,8,512,0.001917,0.00032238887363,0,0.0022393888736301,0.001917,0.2235774439561632,143127.1394545249,0.1649415415609962,86.04149272874088,1.0
Llama2-7B,8,32,1,32,8,640,0.001917,0.00032238887363,0,0.0022393888736301,0.001917,0.2235774439561632,143127.1394545249,0.1651037125587245,86.12608897168728,1.0
Llama2-7B,8,32,1,32,8,768,0.001917,0.00032238887363,0,0.0022393888736301,0.001917,0.2235774439561632,143127.1394545249,0.1652658835564527,86.21068521463368,1.0
Llama2-7B,8,32,1,32,8,896,0.001917,0.00032238887363,0,0.0022393888736301,0.001917,0.2235774439561632,143127.1394545249,0.165428054554181,86.29528145758006,1.0
Llama2-7B,8,32,1,32,8,1024,0.001917,0.00032238887363,0,0.0022393888736301,0.001917,0.2235774439561632,143127.1394545249,0.1655902255519092,86.37987770052649,1.0
Llama2-7B,8,32,1,32,8,1152,0.001917,0.00032238887363,0,0.0022393888736301,0.001917,0.2235774439561632,143127.1394545249,0.1657523965496375,86.46447394347288,1.0
Llama2-7B,8,32,1,32,8,1280,0.001917,0.00032238887363,0,0.0022393888736301,0.001917,0.2235774439561632,143127.1394545249,0.1659145675473658,86.54907018641929,1.0
Llama2-7B,8,32,1,32,8,1408,0.001917,0.00032238887363,0,0.0022393888736301,0.001917,0.2235774439561632,143127.1394545249,0.166076738545094,86.63366642936568,1.0
Llama2-7B,8,32,1,32,8,1536,0.001917,0.00032238887363,0,0.0022393888736301,0.001917,0.2235774439561632,143127.1394545249,0.1662389095428222,86.71826267231211,1.0
Llama2-7B,8,32,1,32,8,1664,0.001917,0.00032238887363,0,0.0022393888736301,0.001917,0.2235774439561632,143127.1394545249,0.1664010805405505,86.8028589152585,1.0
Llama2-7B,8,32,1,32,8,1792,0.001917,0.00032238887363,0,0.0022393888736301,0.001917,0.2235774439561632,143127.1394545249,0.1665632515382788,86.8874551582049,1.0
Llama2-7B,8,32,1,32,8,1920,0.001917,0.00032238887363,0,0.0022393888736301,0.001917,0.2235774439561632,143127.1394545249,0.166725422536007,86.9720514011513,1.0
Llama2-7B,8,32,1,32,8,2048,0.001917,0.00032238887363,0,0.0022393888736301,0.001917,0.2235774439561632,143127.1394545249,0.1668875935337353,87.05664764409772,1.0
Llama2-7B,8,32,1,32,8,2176,0.001917,0.00032238887363,0,0.0022393888736301,0.001917,0.2235774439561632,143127.1394545249,0.1670497645314635,87.14124388704413,1.0
Llama2-7B,8,32,1,32,8,2304,0.001917,0.00032238887363,0,0.0022393888736301,0.001917,0.2235774439561632,143127.1394545249,0.1672119355291918,87.22584012999053,1.0
Llama2-7B,8,32,1,32,8,2432,0.001917,0.00032238887363,0,0.0022393888736301,0.001917,0.2235774439561632,143127.1394545249,0.16737410652692,87.31043637293693,1.0
Llama2-7B,8,32,1,32,8,2560,0.001917,0.00032238887363,0,0.0022393888736301,0.001917,0.2235774439561632,143127.1394545249,0.1675362775246483,87.39503261588332,1.0
Llama2-7B,8,32,1,32,8,2688,0.001917,0.00032238887363,0,0.0022393888736301,0.001917,0.2235774439561632,143127.1394545249,0.1676984485223766,87.47962885882974,1.0
Llama2-7B,8,32,1,32,8,2816,0.001917,0.00032238887363,0,0.0022393888736301,0.001917,0.2235774439561632,143127.1394545249,0.1678606195201048,87.56422510177613,1.0
Llama2-7B,8,32,1,32,8,2944,0.001917,0.00032238887363,0,0.0022393888736301,0.001917,0.2235774439561632,143127.1394545249,0.1680227905178331,87.64882134472253,1.0
Llama2-7B,8,32,1,32,8,3072,0.001917,0.00032238887363,0,0.0022393888736301,0.001917,0.2235774439561632,143127.1394545249,0.1681849615155613,87.73341758766894,1.0
Llama2-7B,8,32,1,32,8,3200,0.001917,0.00032238887363,0,0.0022393888736301,0.001917,0.2235774439561632,143127.1394545249,0.1683471325132896,87.81801383061536,1.0
Llama2-7B,8,32,1,32,8,3328,0.001917,0.00032238887363,0,0.0022393888736301,0.001917,0.2235774439561632,143127.1394545249,0.1685093035110179,87.90261007356175,1.0
Llama2-7B,8,32,1,32,8,3456,0.001917,0.00032238887363,0,0.0022393888736301,0.001917,0.2235774439561632,143127.1394545249,0.1686714745087461,87.98720631650816,1.0
Llama2-7B,8,32,1,32,8,3584,0.001917,0.00032238887363,0,0.0022393888736301,0.001917,0.2235774439561632,143127.1394545249,0.1688336455064744,88.07180255945457,1.0
Llama2-7B,8,32,1,32,8,3712,0.001917,0.00032238887363,0,0.0022393888736301,0.001917,0.2235774439561632,143127.1394545249,0.1689958165042026,88.15639880240097,1.0
Llama2-7B,8,32,1,32,8,3840,0.001917,0.00032238887363,0,0.0022393888736301,0.001917,0.2235774439561632,143127.1394545249,0.1691579875019309,88.24099504534736,1.0
Llama2-7B,8,32,1,32,8,3968,0.001917,0.00032238887363,0,0.0022393888736301,0.001917,0.2235774439561632,143127.1394545249,0.1693201584996591,88.3255912882938,1.0
Llama2-7B,8,32,1,32,8,4096,0.001917,0.00032238887363,0,0.0022393888736301,0.001917,0.2235774439561632,143127.1394545249,0.1694823294973874,88.41018753124018,1.0
Llama2-7B,20,1,20,32,32,128,0.0015435,0.0083673980058942,0,0.0099108980058942,0.0015435,0.468692236188616,2133.596255256871,9.89509137470315,200.3379368056194,1.0
Llama2-7B,20,1,20,32,32,256,0.0015435,0.0083673980058942,0,0.0099108980058942,0.0015435,0.468692236188616,2133.596255256871,9.908065054521412,200.6006044404238,1.0
Llama2-7B,20,1,20,32,32,384,0.0015435,0.0083673980058942,0,0.0099108980058942,0.0015435,0.468692236188616,2133.596255256871,9.921038734339673,200.86327207522825,1.0
Llama2-7B,20,1,20,32,32,512,0.0015435,0.0083673980058942,0,0.0099108980058942,0.0015435,0.468692236188616,2133.596255256871,9.934012414157932,201.12593971003267,1.0
Llama2-7B,20,1,20,32,32,640,0.0015435,0.0083673980058942,0,0.0099108980058942,0.0015435,0.468692236188616,2133.596255256871,9.946986093976191,201.38860734483708,1.0
Llama2-7B,20,1,20,32,32,768,0.0015435,0.0083673980058942,0,0.0099108980058942,0.0015435,0.468692236188616,2133.596255256871,9.959959773794454,201.6512749796416,1.0
Llama2-7B,20,1,20,32,32,896,0.0015435,0.0083673980058942,0,0.0099108980058942,0.0015435,0.468692236188616,2133.596255256871,9.972933453612711,201.913942614446,1.0
Llama2-7B,20,1,20,32,32,1024,0.0015435,0.0083673980058942,0,0.0099108980058942,0.0015435,0.468692236188616,2133.596255256871,9.985907133430974,202.1766102492504,1.0
Llama2-7B,20,1,20,32,32,1152,0.0015435,0.0083673980058942,0,0.0099108980058942,0.0015435,0.468692236188616,2133.596255256871,9.998880813249231,202.43927788405483,1.0
Llama2-7B,20,1,20,32,32,1280,0.0015435,0.0083673980058942,0,0.0099108980058942,0.0015435,0.468692236188616,2133.596255256871,10.011854493067492,202.70194551885925,1.0
Llama2-7B,20,1,20,32,32,1408,0.0015435,0.0083673980058942,0,0.0099108980058942,0.0015435,0.468692236188616,2133.596255256871,10.024828172885757,202.9646131536637,1.0
Llama2-7B,20,1,20,32,32,1536,0.0015435,0.0083673980058942,0,0.0099108980058942,0.0015435,0.468692236188616,2133.596255256871,10.037801852704014,203.2272807884681,1.0
Llama2-7B,20,1,20,32,32,1664,0.0015435,0.0083673980058942,0,0.0099108980058942,0.0015435,0.468692236188616,2133.596255256871,10.050775532522277,203.48994842327247,1.0
Llama2-7B,20,1,20,32,32,1792,0.0015435,0.0083673980058942,0,0.0099108980058942,0.0015435,0.468692236188616,2133.596255256871,10.063749212340536,203.75261605807697,1.0
Llama2-7B,20,1,20,32,32,1920,0.0015435,0.0083673980058942,0,0.0099108980058942,0.0015435,0.468692236188616,2133.596255256871,10.076722892158797,204.0152836928814,1.0
Llama2-7B,20,1,20,32,32,2048,0.0015435,0.0083673980058942,0,0.0099108980058942,0.0015435,0.468692236188616,2133.596255256871,10.089696571977058,204.27795132768583,1.0
Llama2-7B,20,1,20,32,32,2176,0.0015435,0.0083673980058942,0,0.0099108980058942,0.0015435,0.468692236188616,2133.596255256871,10.102670251795317,204.54061896249027,1.0
Llama2-7B,20,1,20,32,32,2304,0.0015435,0.0083673980058942,0,0.0099108980058942,0.0015435,0.468692236188616,2133.596255256871,10.115643931613578,204.8032865972947,1.0
Llama2-7B,20,1,20,32,32,2432,0.0015435,0.0083673980058942,0,0.0099108980058942,0.0015435,0.468692236188616,2133.596255256871,10.128617611431835,205.0659542320992,1.0
Llama2-7B,20,1,20,32,32,2560,0.0015435,0.0083673980058942,0,0.0099108980058942,0.0015435,0.468692236188616,2133.596255256871,10.141591291250098,205.3286218669036,1.0
Llama2-7B,20,1,20,32,32,2688,0.0015435,0.0083673980058942,0,0.0099108980058942,0.0015435,0.468692236188616,2133.596255256871,10.15456497106836,205.591289501708,1.0
Llama2-7B,20,1,20,32,32,2816,0.0015435,0.0083673980058942,0,0.0099108980058942,0.0015435,0.468692236188616,2133.596255256871,10.16753865088662,205.8539571365125,1.0
Llama2-7B,20,1,20,32,32,2944,0.0015435,0.0083673980058942,0,0.0099108980058942,0.0015435,0.468692236188616,2133.596255256871,10.18051233070488,206.11662477131685,1.0
Llama2-7B,20,1,20,32,32,3072,0.0015435,0.0083673980058942,0,0.0099108980058942,0.0015435,0.468692236188616,2133.596255256871,10.193486010523142,206.37929240612127,1.0
Llama2-7B,20,1,20,32,32,3200,0.0015435,0.0083673980058942,0,0.0099108980058942,0.0015435,0.468692236188616,2133.596255256871,10.2064596903414,206.6419600409257,1.0
Llama2-7B,20,1,20,32,32,3328,0.0015435,0.0083673980058942,0,0.0099108980058942,0.0015435,0.468692236188616,2133.596255256871,10.219433370159663,206.90462767573013,1.0
Llama2-7B,20,1,20,32,32,3456,0.0015435,0.0083673980058942,0,0.0099108980058942,0.0015435,0.468692236188616,2133.596255256871,10.232407049977924,207.1672953105346,1.0
Llama2-7B,20,1,20,32,32,3584,0.0015435,0.0083673980058942,0,0.0099108980058942,0.0015435,0.468692236188616,2133.596255256871,10.245380729796183,207.42996294533904,1.0
Llama2-7B,20,1,20,32,32,3712,0.0015435,0.0083673980058942,0,0.0099108980058942,0.0015435,0.468692236188616,2133.596255256871,10.258354409614444,207.69263058014343,1.0
Llama2-7B,20,1,20,32,32,3840,0.0015435,0.0083673980058942,0,0.0099108980058942,0.0015435,0.468692236188616,2133.596255256871,10.271328089432703,207.95529821494787,1.0
Llama2-7B,20,1,20,32,32,3968,0.0015435,0.0083673980058942,0,0.0099108980058942,0.0015435,0.468692236188616,2133.596255256871,10.284301769250966,208.2179658497523,1.0
Llama2-7B,20,1,20,32,32,4096,0.0015435,0.0083673980058942,0,0.0099108980058942,0.0015435,0.468692236188616,2133.596255256871,10.297275449069224,208.4806334845568,1.0
Llama2-7B,20,2,10,32,32,128,0.0015435,0.0078054113551548,0,0.0093489113551548,0.0015435,0.4507086633649553,4437.456305073343,4.947545687351576,200.33793680561945,1.0
Llama2-7B,20,2,10,32,32,256,0.0015435,0.0078054113551548,0,0.0093489113551548,0.0015435,0.4507086633649553,4437.456305073343,4.954032527260707,200.60060444042384,1.0
Llama2-7B,20,2,10,32,32,384,0.0015435,0.0078054113551548,0,0.0093489113551548,0.0015435,0.4507086633649553,4437.456305073343,4.960519367169836,200.86327207522828,1.0
Llama2-7B,20,2,10,32,32,512,0.0015435,0.0078054113551548,0,0.0093489113551548,0.0015435,0.4507086633649553,4437.456305073343,4.967006207078967,201.1259397100327,1.0
Llama2-7B,20,2,10,32,32,640,0.0015435,0.0078054113551548,0,0.0093489113551548,0.0015435,0.4507086633649553,4437.456305073343,4.9734930469880965,201.3886073448371,1.0
Llama2-7B,20,2,10,32,32,768,0.0015435,0.0078054113551548,0,0.0093489113551548,0.0015435,0.4507086633649553,4437.456305073343,4.979979886897228,201.6512749796416,1.0
Llama2-7B,20,2,10,32,32,896,0.0015435,0.0078054113551548,0,0.0093489113551548,0.0015435,0.4507086633649553,4437.456305073343,4.986466726806357,201.913942614446,1.0
Llama2-7B,20,2,10,32,32,1024,0.0015435,0.0078054113551548,0,0.0093489113551548,0.0015435,0.4507086633649553,4437.456305073343,4.992953566715488,202.1766102492504,1.0
Llama2-7B,20,2,10,32,32,1152,0.0015435,0.0078054113551548,0,0.0093489113551548,0.0015435,0.4507086633649553,4437.456305073343,4.999440406624617,202.4392778840549,1.0
Llama2-7B,20,2,10,32,32,1280,0.0015435,0.0078054113551548,0,0.0093489113551548,0.0015435,0.4507086633649553,4437.456305073343,5.005927246533747,202.70194551885928,1.0
Llama2-7B,20,2,10,32,32,1408,0.0015435,0.0078054113551548,0,0.0093489113551548,0.0015435,0.4507086633649553,4437.456305073343,5.012414086442878,202.9646131536637,1.0
Llama2-7B,20,2,10,32,32,1536,0.0015435,0.0078054113551548,0,0.0093489113551548,0.0015435,0.4507086633649553,4437.456305073343,5.018900926352008,203.2272807884681,1.0
Llama2-7B,20,2,10,32,32,1664,0.0015435,0.0078054113551548,0,0.0093489113551548,0.0015435,0.4507086633649553,4437.456305073343,5.025387766261139,203.48994842327247,1.0
Llama2-7B,20,2,10,32,32,1792,0.0015435,0.0078054113551548,0,0.0093489113551548,0.0015435,0.4507086633649553,4437.456305073343,5.031874606170269,203.752616058077,1.0
Llama2-7B,20,2,10,32,32,1920,0.0015435,0.0078054113551548,0,0.0093489113551548,0.0015435,0.4507086633649553,4437.456305073343,5.038361446079399,204.01528369288144,1.0
Llama2-7B,20,2,10,32,32,2048,0.0015435,0.0078054113551548,0,0.0093489113551548,0.0015435,0.4507086633649553,4437.456305073343,5.04484828598853,204.27795132768588,1.0
Llama2-7B,20,2,10,32,32,2176,0.0015435,0.0078054113551548,0,0.0093489113551548,0.0015435,0.4507086633649553,4437.456305073343,5.051335125897659,204.5406189624903,1.0
Llama2-7B,20,2,10,32,32,2304,0.0015435,0.0078054113551548,0,0.0093489113551548,0.0015435,0.4507086633649553,4437.456305073343,5.05782196580679,204.80328659729471,1.0
Llama2-7B,20,2,10,32,32,2432,0.0015435,0.0078054113551548,0,0.0093489113551548,0.0015435,0.4507086633649553,4437.456305073343,5.064308805715919,205.0659542320992,1.0
Llama2-7B,20,2,10,32,32,2560,0.0015435,0.0078054113551548,0,0.0093489113551548,0.0015435,0.4507086633649553,4437.456305073343,5.07079564562505,205.3286218669036,1.0
Llama2-7B,20,2,10,32,32,2688,0.0015435,0.0078054113551548,0,0.0093489113551548,0.0015435,0.4507086633649553,4437.456305073343,5.07728248553418,205.591289501708,1.0
Llama2-7B,20,2,10,32,32,2816,0.0015435,0.0078054113551548,0,0.0093489113551548,0.0015435,0.4507086633649553,4437.456305073343,5.083769325443311,205.8539571365125,1.0
Llama2-7B,20,2,10,32,32,2944,0.0015435,0.0078054113551548,0,0.0093489113551548,0.0015435,0.4507086633649553,4437.456305073343,5.090256165352441,206.11662477131688,1.0
Llama2-7B,20,2,10,32,32,3072,0.0015435,0.0078054113551548,0,0.0093489113551548,0.0015435,0.4507086633649553,4437.456305073343,5.096743005261572,206.3792924061213,1.0
Llama2-7B,20,2,10,32,32,3200,0.0015435,0.0078054113551548,0,0.0093489113551548,0.0015435,0.4507086633649553,4437.456305073343,5.103229845170701,206.64196004092577,1.0
Llama2-7B,20,2,10,32,32,3328,0.0015435,0.0078054113551548,0,0.0093489113551548,0.0015435,0.4507086633649553,4437.456305073343,5.109716685079833,206.90462767573013,1.0
Llama2-7B,20,2,10,32,32,3456,0.0015435,0.0078054113551548,0,0.0093489113551548,0.0015435,0.4507086633649553,4437.456305073343,5.116203524988963,207.16729531053463,1.0
Llama2-7B,20,2,10,32,32,3584,0.0015435,0.0078054113551548,0,0.0093489113551548,0.0015435,0.4507086633649553,4437.456305073343,5.122690364898093,207.42996294533907,1.0
Llama2-7B,20,2,10,32,32,3712,0.0015435,0.0078054113551548,0,0.0093489113551548,0.0015435,0.4507086633649553,4437.456305073343,5.129177204807223,207.6926305801435,1.0
Llama2-7B,20,2,10,32,32,3840,0.0015435,0.0078054113551548,0,0.0093489113551548,0.0015435,0.4507086633649553,4437.456305073343,5.1356640447163535,207.9552982149479,1.0
Llama2-7B,20,2,10,32,32,3968,0.0015435,0.0078054113551548,0,0.0093489113551548,0.0015435,0.4507086633649553,4437.456305073343,5.142150884625484,208.21796584975235,1.0
Llama2-7B,20,2,10,32,32,4096,0.0015435,0.0078054113551548,0,0.0093489113551548,0.0015435,0.4507086633649553,4437.456305073343,5.1486377245346135,208.4806334845568,1.0
Llama2-7B,20,4,5,32,32,128,0.0015435,0.0072859994506835,0,0.0088294994506835,0.0015435,0.434087482421875,9214.732426014843,2.473772843675788,200.3379368056194,1.0
Llama2-7B,20,4,5,32,32,256,0.0015435,0.0072859994506835,0,0.0088294994506835,0.0015435,0.434087482421875,9214.732426014843,2.477016263630353,200.6006044404238,1.0
Llama2-7B,20,4,5,32,32,384,0.0015435,0.0072859994506835,0,0.0088294994506835,0.0015435,0.434087482421875,9214.732426014843,2.480259683584918,200.86327207522825,1.0
Llama2-7B,20,4,5,32,32,512,0.0015435,0.0072859994506835,0,0.0088294994506835,0.0015435,0.434087482421875,9214.732426014843,2.4835031035394834,201.12593971003267,1.0
Llama2-7B,20,4,5,32,32,640,0.0015435,0.0072859994506835,0,0.0088294994506835,0.0015435,0.434087482421875,9214.732426014843,2.486746523494048,201.38860734483708,1.0
Llama2-7B,20,4,5,32,32,768,0.0015435,0.0072859994506835,0,0.0088294994506835,0.0015435,0.434087482421875,9214.732426014843,2.489989943448614,201.6512749796416,1.0
Llama2-7B,20,4,5,32,32,896,0.0015435,0.0072859994506835,0,0.0088294994506835,0.0015435,0.434087482421875,9214.732426014843,2.4932333634031787,201.913942614446,1.0
Llama2-7B,20,4,5,32,32,1024,0.0015435,0.0072859994506835,0,0.0088294994506835,0.0015435,0.434087482421875,9214.732426014843,2.496476783357744,202.1766102492504,1.0
Llama2-7B,20,4,5,32,32,1152,0.0015435,0.0072859994506835,0,0.0088294994506835,0.0015435,0.434087482421875,9214.732426014843,2.4997202033123087,202.43927788405483,1.0
Llama2-7B,20,4,5,32,32,1280,0.0015435,0.0072859994506835,0,0.0088294994506835,0.0015435,0.434087482421875,9214.732426014843,2.502963623266873,202.70194551885925,1.0
Llama2-7B,20,4,5,32,32,1408,0.0015435,0.0072859994506835,0,0.0088294994506835,0.0015435,0.434087482421875,9214.732426014843,2.506207043221439,202.9646131536637,1.0
Llama2-7B,20,4,5,32,32,1536,0.0015435,0.0072859994506835,0,0.0088294994506835,0.0015435,0.434087482421875,9214.732426014843,2.509450463176004,203.2272807884681,1.0
Llama2-7B,20,4,5,32,32,1664,0.0015435,0.0072859994506835,0,0.0088294994506835,0.0015435,0.434087482421875,9214.732426014843,2.5126938831305696,203.48994842327247,1.0
Llama2-7B,20,4,5,32,32,1792,0.0015435,0.0072859994506835,0,0.0088294994506835,0.0015435,0.434087482421875,9214.732426014843,2.5159373030851344,203.75261605807697,1.0
Llama2-7B,20,4,5,32,32,1920,0.0015435,0.0072859994506835,0,0.0088294994506835,0.0015435,0.434087482421875,9214.732426014843,2.5191807230397,204.0152836928814,1.0
Llama2-7B,20,4,5,32,32,2048,0.0015435,0.0072859994506835,0,0.0088294994506835,0.0015435,0.434087482421875,9214.732426014843,2.522424142994265,204.27795132768583,1.0
Llama2-7B,20,4,5,32,32,2176,0.0015435,0.0072859994506835,0,0.0088294994506835,0.0015435,0.434087482421875,9214.732426014843,2.5256675629488297,204.54061896249027,1.0
Llama2-7B,20,4,5,32,32,2304,0.0015435,0.0072859994506835,0,0.0088294994506835,0.0015435,0.434087482421875,9214.732426014843,2.528910982903395,204.8032865972947,1.0
Llama2-7B,20,4,5,32,32,2432,0.0015435,0.0072859994506835,0,0.0088294994506835,0.0015435,0.434087482421875,9214.732426014843,2.53215440285796,205.0659542320992,1.0
Llama2-7B,20,4,5,32,32,2560,0.0015435,0.0072859994506835,0,0.0088294994506835,0.0015435,0.434087482421875,9214.732426014843,2.535397822812525,205.3286218669036,1.0
Llama2-7B,20,4,5,32,32,2688,0.0015435,0.0072859994506835,0,0.0088294994506835,0.0015435,0.434087482421875,9214.732426014843,2.53864124276709,205.591289501708,1.0
Llama2-7B,20,4,5,32,32,2816,0.0015435,0.0072859994506835,0,0.0088294994506835,0.0015435,0.434087482421875,9214.732426014843,2.541884662721656,205.8539571365125,1.0
Llama2-7B,20,4,5,32,32,2944,0.0015435,0.0072859994506835,0,0.0088294994506835,0.0015435,0.434087482421875,9214.732426014843,2.5451280826762206,206.11662477131685,1.0
Llama2-7B,20,4,5,32,32,3072,0.0015435,0.0072859994506835,0,0.0088294994506835,0.0015435,0.434087482421875,9214.732426014843,2.548371502630786,206.37929240612127,1.0
Llama2-7B,20,4,5,32,32,3200,0.0015435,0.0072859994506835,0,0.0088294994506835,0.0015435,0.434087482421875,9214.732426014843,2.551614922585351,206.6419600409257,1.0
Llama2-7B,20,4,5,32,32,3328,0.0015435,0.0072859994506835,0,0.0088294994506835,0.0015435,0.434087482421875,9214.732426014843,2.5548583425399163,206.90462767573013,1.0
Llama2-7B,20,4,5,32,32,3456,0.0015435,0.0072859994506835,0,0.0088294994506835,0.0015435,0.434087482421875,9214.732426014843,2.558101762494481,207.1672953105346,1.0
Llama2-7B,20,4,5,32,32,3584,0.0015435,0.0072859994506835,0,0.0088294994506835,0.0015435,0.434087482421875,9214.732426014843,2.5613451824490463,207.42996294533904,1.0
Llama2-7B,20,4,5,32,32,3712,0.0015435,0.0072859994506835,0,0.0088294994506835,0.0015435,0.434087482421875,9214.732426014843,2.5645886024036115,207.69263058014343,1.0
Llama2-7B,20,4,5,32,32,3840,0.0015435,0.0072859994506835,0,0.0088294994506835,0.0015435,0.434087482421875,9214.732426014843,2.5678320223581768,207.95529821494787,1.0
Llama2-7B,20,4,5,32,32,3968,0.0015435,0.0072859994506835,0,0.0088294994506835,0.0015435,0.434087482421875,9214.732426014843,2.571075442312742,208.21796584975232,1.0
Llama2-7B,20,4,5,32,32,4096,0.0015435,0.0072859994506835,0,0.0088294994506835,0.0015435,0.434087482421875,9214.732426014843,2.5743188622673068,208.4806334845568,1.0
Llama2-7B,20,5,4,32,32,128,0.0015435,0.007115700465611,0,0.008659200465611,0.0015435,0.4286379148995536,11664.857041803436,1.9790182749406304,200.3379368056194,1.0
Llama2-7B,20,5,4,32,32,256,0.0015435,0.007115700465611,0,0.008659200465611,0.0015435,0.4286379148995536,11664.857041803436,1.9816130109042829,200.6006044404238,1.0
Llama2-7B,20,5,4,32,32,384,0.0015435,0.007115700465611,0,0.008659200465611,0.0015435,0.4286379148995536,11664.857041803436,1.9842077468679349,200.86327207522825,1.0
Llama2-7B,20,5,4,32,32,512,0.0015435,0.007115700465611,0,0.008659200465611,0.0015435,0.4286379148995536,11664.857041803436,1.986802482831587,201.12593971003267,1.0
Llama2-7B,20,5,4,32,32,640,0.0015435,0.007115700465611,0,0.008659200465611,0.0015435,0.4286379148995536,11664.857041803436,1.9893972187952391,201.38860734483708,1.0
Llama2-7B,20,5,4,32,32,768,0.0015435,0.007115700465611,0,0.008659200465611,0.0015435,0.4286379148995536,11664.857041803436,1.9919919547588911,201.6512749796416,1.0
Llama2-7B,20,5,4,32,32,896,0.0015435,0.007115700465611,0,0.008659200465611,0.0015435,0.4286379148995536,11664.857041803436,1.994586690722543,201.913942614446,1.0
Llama2-7B,20,5,4,32,32,1024,0.0015435,0.007115700465611,0,0.008659200465611,0.0015435,0.4286379148995536,11664.857041803436,1.9971814266861951,202.1766102492504,1.0
Llama2-7B,20,5,4,32,32,1152,0.0015435,0.007115700465611,0,0.008659200465611,0.0015435,0.4286379148995536,11664.857041803436,1.999776162649848,202.43927788405483,1.0
Llama2-7B,20,5,4,32,32,1280,0.0015435,0.007115700465611,0,0.008659200465611,0.0015435,0.4286379148995536,11664.857041803436,2.0023708986135,202.70194551885925,1.0
Llama2-7B,20,5,4,32,32,1408,0.0015435,0.007115700465611,0,0.008659200465611,0.0015435,0.4286379148995536,11664.857041803436,2.004965634577151,202.9646131536637,1.0
Llama2-7B,20,5,4,32,32,1536,0.0015435,0.007115700465611,0,0.008659200465611,0.0015435,0.4286379148995536,11664.857041803436,2.007560370540803,203.2272807884681,1.0
Llama2-7B,20,5,4,32,32,1664,0.0015435,0.007115700465611,0,0.008659200465611,0.0015435,0.4286379148995536,11664.857041803436,2.010155106504456,203.48994842327247,1.0
Llama2-7B,20,5,4,32,32,1792,0.0015435,0.007115700465611,0,0.008659200465611,0.0015435,0.4286379148995536,11664.857041803436,2.012749842468108,203.75261605807697,1.0
Llama2-7B,20,5,4,32,32,1920,0.0015435,0.007115700465611,0,0.008659200465611,0.0015435,0.4286379148995536,11664.857041803436,2.01534457843176,204.0152836928814,1.0
Llama2-7B,20,5,4,32,32,2048,0.0015435,0.007115700465611,0,0.008659200465611,0.0015435,0.4286379148995536,11664.857041803436,2.017939314395412,204.27795132768583,1.0
Llama2-7B,20,5,4,32,32,2176,0.0015435,0.007115700465611,0,0.008659200465611,0.0015435,0.4286379148995536,11664.857041803436,2.020534050359064,204.54061896249027,1.0
Llama2-7B,20,5,4,32,32,2304,0.0015435,0.007115700465611,0,0.008659200465611,0.0015435,0.4286379148995536,11664.857041803436,2.023128786322716,204.8032865972947,1.0
Llama2-7B,20,5,4,32,32,2432,0.0015435,0.007115700465611,0,0.008659200465611,0.0015435,0.4286379148995536,11664.857041803436,2.025723522286368,205.0659542320992,1.0
Llama2-7B,20,5,4,32,32,2560,0.0015435,0.007115700465611,0,0.008659200465611,0.0015435,0.4286379148995536,11664.857041803436,2.02831825825002,205.3286218669036,1.0
Llama2-7B,20,5,4,32,32,2688,0.0015435,0.007115700465611,0,0.008659200465611,0.0015435,0.4286379148995536,11664.857041803436,2.030912994213673,205.591289501708,1.0
Llama2-7B,20,5,4,32,32,2816,0.0015435,0.007115700465611,0,0.008659200465611,0.0015435,0.4286379148995536,11664.857041803436,2.033507730177325,205.8539571365125,1.0
Llama2-7B,20,5,4,32,32,2944,0.0015435,0.007115700465611,0,0.008659200465611,0.0015435,0.4286379148995536,11664.857041803436,2.036102466140976,206.11662477131685,1.0
Llama2-7B,20,5,4,32,32,3072,0.0015435,0.007115700465611,0,0.008659200465611,0.0015435,0.4286379148995536,11664.857041803436,2.038697202104629,206.37929240612127,1.0
Llama2-7B,20,5,4,32,32,3200,0.0015435,0.007115700465611,0,0.008659200465611,0.0015435,0.4286379148995536,11664.857041803436,2.041291938068281,206.6419600409257,1.0
Llama2-7B,20,5,4,32,32,3328,0.0015435,0.007115700465611,0,0.008659200465611,0.0015435,0.4286379148995536,11664.857041803436,2.0438866740319326,206.90462767573013,1.0
Llama2-7B,20,5,4,32,32,3456,0.0015435,0.007115700465611,0,0.008659200465611,0.0015435,0.4286379148995536,11664.857041803436,2.046481409995585,207.1672953105346,1.0
Llama2-7B,20,5,4,32,32,3584,0.0015435,0.007115700465611,0,0.008659200465611,0.0015435,0.4286379148995536,11664.857041803436,2.049076145959237,207.42996294533904,1.0
Llama2-7B,20,5,4,32,32,3712,0.0015435,0.007115700465611,0,0.008659200465611,0.0015435,0.4286379148995536,11664.857041803436,2.051670881922889,207.69263058014343,1.0
Llama2-7B,20,5,4,32,32,3840,0.0015435,0.007115700465611,0,0.008659200465611,0.0015435,0.4286379148995536,11664.857041803436,2.054265617886541,207.95529821494787,1.0
Llama2-7B,20,5,4,32,32,3968,0.0015435,0.007115700465611,0,0.008659200465611,0.0015435,0.4286379148995536,11664.857041803436,2.056860353850193,208.21796584975232,1.0
Llama2-7B,20,5,4,32,32,4096,0.0015435,0.007115700465611,0,0.008659200465611,0.0015435,0.4286379148995536,11664.857041803436,2.059455089813845,208.4806334845568,1.0
Llama2-7B,20,10,2,32,32,128,0.0015435,0.0064004447283063,0,0.0079439447283063,0.0015435,0.4057497313058035,24645.734127333897,0.9895091374703152,200.3379368056194,1.0
Llama2-7B,20,10,2,32,32,256,0.0015435,0.0064004447283063,0,0.0079439447283063,0.0015435,0.4057497313058035,24645.734127333897,0.9908065054521412,200.6006044404238,1.0
Llama2-7B,20,10,2,32,32,384,0.0015435,0.0064004447283063,0,0.0079439447283063,0.0015435,0.4057497313058035,24645.734127333897,0.9921038734339674,200.86327207522825,1.0
Llama2-7B,20,10,2,32,32,512,0.0015435,0.0064004447283063,0,0.0079439447283063,0.0015435,0.4057497313058035,24645.734127333897,0.9934012414157932,201.12593971003267,1.0
Llama2-7B,20,10,2,32,32,640,0.0015435,0.0064004447283063,0,0.0079439447283063,0.0015435,0.4057497313058035,24645.734127333897,0.9946986093976196,201.38860734483708,1.0
Llama2-7B,20,10,2,32,32,768,0.0015435,0.0064004447283063,0,0.0079439447283063,0.0015435,0.4057497313058035,24645.734127333897,0.9959959773794456,201.6512749796416,1.0
Llama2-7B,20,10,2,32,32,896,0.0015435,0.0064004447283063,0,0.0079439447283063,0.0015435,0.4057497313058035,24645.734127333897,0.9972933453612716,201.913942614446,1.0
Llama2-7B,20,10,2,32,32,1024,0.0015435,0.0064004447283063,0,0.0079439447283063,0.0015435,0.4057497313058035,24645.734127333897,0.9985907133430976,202.1766102492504,1.0
Llama2-7B,20,10,2,32,32,1152,0.0015435,0.0064004447283063,0,0.0079439447283063,0.0015435,0.4057497313058035,24645.734127333897,0.9998880813249236,202.43927788405483,1.0
Llama2-7B,20,10,2,32,32,1280,0.0015435,0.0064004447283063,0,0.0079439447283063,0.0015435,0.4057497313058035,24645.734127333897,1.0011854493067498,202.70194551885925,1.0
Llama2-7B,20,10,2,32,32,1408,0.0015435,0.0064004447283063,0,0.0079439447283063,0.0015435,0.4057497313058035,24645.734127333897,1.0024828172885756,202.9646131536637,1.0
Llama2-7B,20,10,2,32,32,1536,0.0015435,0.0064004447283063,0,0.0079439447283063,0.0015435,0.4057497313058035,24645.734127333897,1.0037801852704016,203.2272807884681,1.0
Llama2-7B,20,10,2,32,32,1664,0.0015435,0.0064004447283063,0,0.0079439447283063,0.0015435,0.4057497313058035,24645.734127333897,1.0050775532522278,203.48994842327247,1.0
Llama2-7B,20,10,2,32,32,1792,0.0015435,0.0064004447283063,0,0.0079439447283063,0.0015435,0.4057497313058035,24645.734127333897,1.0063749212340538,203.75261605807697,1.0
Llama2-7B,20,10,2,32,32,1920,0.0015435,0.0064004447283063,0,0.0079439447283063,0.0015435,0.4057497313058035,24645.734127333897,1.0076722892158798,204.0152836928814,1.0
Llama2-7B,20,10,2,32,32,2048,0.0015435,0.0064004447283063,0,0.0079439447283063,0.0015435,0.4057497313058035,24645.734127333897,1.0089696571977058,204.27795132768583,1.0
Llama2-7B,20,10,2,32,32,2176,0.0015435,0.0064004447283063,0,0.0079439447283063,0.0015435,0.4057497313058035,24645.734127333897,1.010267025179532,204.54061896249027,1.0
Llama2-7B,20,10,2,32,32,2304,0.0015435,0.0064004447283063,0,0.0079439447283063,0.0015435,0.4057497313058035,24645.734127333897,1.011564393161358,204.8032865972947,1.0
Llama2-7B,20,10,2,32,32,2432,0.0015435,0.0064004447283063,0,0.0079439447283063,0.0015435,0.4057497313058035,24645.734127333897,1.0128617611431838,205.0659542320992,1.0
Llama2-7B,20,10,2,32,32,2560,0.0015435,0.0064004447283063,0,0.0079439447283063,0.0015435,0.4057497313058035,24645.734127333897,1.01415912912501,205.3286218669036,1.0
Llama2-7B,20,10,2,32,32,2688,0.0015435,0.0064004447283063,0,0.0079439447283063,0.0015435,0.4057497313058035,24645.734127333897,1.0154564971068365,205.591289501708,1.0
Llama2-7B,20,10,2,32,32,2816,0.0015435,0.0064004447283063,0,0.0079439447283063,0.0015435,0.4057497313058035,24645.734127333897,1.0167538650886625,205.8539571365125,1.0
Llama2-7B,20,10,2,32,32,2944,0.0015435,0.0064004447283063,0,0.0079439447283063,0.0015435,0.4057497313058035,24645.734127333897,1.018051233070488,206.11662477131685,1.0
Llama2-7B,20,10,2,32,32,3072,0.0015435,0.0064004447283063,0,0.0079439447283063,0.0015435,0.4057497313058035,24645.734127333897,1.0193486010523145,206.37929240612127,1.0
Llama2-7B,20,10,2,32,32,3200,0.0015435,0.0064004447283063,0,0.0079439447283063,0.0015435,0.4057497313058035,24645.734127333897,1.0206459690341405,206.6419600409257,1.0
Llama2-7B,20,10,2,32,32,3328,0.0015435,0.0064004447283063,0,0.0079439447283063,0.0015435,0.4057497313058035,24645.734127333897,1.0219433370159663,206.90462767573013,1.0
Llama2-7B,20,10,2,32,32,3456,0.0015435,0.0064004447283063,0,0.0079439447283063,0.0015435,0.4057497313058035,24645.734127333897,1.0232407049977923,207.1672953105346,1.0
Llama2-7B,20,10,2,32,32,3584,0.0015435,0.0064004447283063,0,0.0079439447283063,0.0015435,0.4057497313058035,24645.734127333897,1.0245380729796183,207.42996294533904,1.0
Llama2-7B,20,10,2,32,32,3712,0.0015435,0.0064004447283063,0,0.0079439447283063,0.0015435,0.4057497313058035,24645.734127333897,1.0258354409614443,207.69263058014343,1.0
Llama2-7B,20,10,2,32,32,3840,0.0015435,0.0064004447283063,0,0.0079439447283063,0.0015435,0.4057497313058035,24645.734127333897,1.0271328089432703,207.95529821494787,1.0
Llama2-7B,20,10,2,32,32,3968,0.0015435,0.0064004447283063,0,0.0079439447283063,0.0015435,0.4057497313058035,24645.734127333897,1.0284301769250963,208.21796584975232,1.0
Llama2-7B,20,10,2,32,32,4096,0.0015435,0.0064004447283063,0,0.0079439447283063,0.0015435,0.4057497313058035,24645.734127333897,1.0297275449069223,208.4806334845568,1.0
Llama2-7B,20,20,1,32,32,128,0.0015435,0.0049699332536969,0,0.0065134332536969,0.0015435,0.3599733641183036,55559.66633527666,0.4947545687351576,200.3379368056194,1.0
Llama2-7B,20,20,1,32,32,256,0.0015435,0.0049699332536969,0,0.0065134332536969,0.0015435,0.3599733641183036,55559.66633527666,0.4954032527260706,200.6006044404238,1.0
Llama2-7B,20,20,1,32,32,384,0.0015435,0.0049699332536969,0,0.0065134332536969,0.0015435,0.3599733641183036,55559.66633527666,0.4960519367169837,200.86327207522825,1.0
Llama2-7B,20,20,1,32,32,512,0.0015435,0.0049699332536969,0,0.0065134332536969,0.0015435,0.3599733641183036,55559.66633527666,0.4967006207078966,201.12593971003267,1.0
Llama2-7B,20,20,1,32,32,640,0.0015435,0.0049699332536969,0,0.0065134332536969,0.0015435,0.3599733641183036,55559.66633527666,0.4973493046988098,201.38860734483708,1.0
Llama2-7B,20,20,1,32,32,768,0.0015435,0.0049699332536969,0,0.0065134332536969,0.0015435,0.3599733641183036,55559.66633527666,0.4979979886897228,201.6512749796416,1.0
Llama2-7B,20,20,1,32,32,896,0.0015435,0.0049699332536969,0,0.0065134332536969,0.0015435,0.3599733641183036,55559.66633527666,0.4986466726806357,201.913942614446,1.0
Llama2-7B,20,20,1,32,32,1024,0.0015435,0.0049699332536969,0,0.0065134332536969,0.0015435,0.3599733641183036,55559.66633527666,0.4992953566715488,202.1766102492504,1.0
Llama2-7B,20,20,1,32,32,1152,0.0015435,0.0049699332536969,0,0.0065134332536969,0.0015435,0.3599733641183036,55559.66633527666,0.4999440406624618,202.43927788405483,1.0
Llama2-7B,20,20,1,32,32,1280,0.0015435,0.0049699332536969,0,0.0065134332536969,0.0015435,0.3599733641183036,55559.66633527666,0.5005927246533749,202.70194551885925,1.0
Llama2-7B,20,20,1,32,32,1408,0.0015435,0.0049699332536969,0,0.0065134332536969,0.0015435,0.3599733641183036,55559.66633527666,0.5012414086442878,202.9646131536637,1.0
Llama2-7B,20,20,1,32,32,1536,0.0015435,0.0049699332536969,0,0.0065134332536969,0.0015435,0.3599733641183036,55559.66633527666,0.5018900926352008,203.2272807884681,1.0
Llama2-7B,20,20,1,32,32,1664,0.0015435,0.0049699332536969,0,0.0065134332536969,0.0015435,0.3599733641183036,55559.66633527666,0.5025387766261139,203.48994842327247,1.0
Llama2-7B,20,20,1,32,32,1792,0.0015435,0.0049699332536969,0,0.0065134332536969,0.0015435,0.3599733641183036,55559.66633527666,0.5031874606170269,203.75261605807697,1.0
Llama2-7B,20,20,1,32,32,1920,0.0015435,0.0049699332536969,0,0.0065134332536969,0.0015435,0.3599733641183036,55559.66633527666,0.5038361446079399,204.0152836928814,1.0
Llama2-7B,20,20,1,32,32,2048,0.0015435,0.0049699332536969,0,0.0065134332536969,0.0015435,0.3599733641183036,55559.66633527666,0.5044848285988529,204.27795132768583,1.0
Llama2-7B,20,20,1,32,32,2176,0.0015435,0.0049699332536969,0,0.0065134332536969,0.0015435,0.3599733641183036,55559.66633527666,0.505133512589766,204.54061896249027,1.0
Llama2-7B,20,20,1,32,32,2304,0.0015435,0.0049699332536969,0,0.0065134332536969,0.0015435,0.3599733641183036,55559.66633527666,0.505782196580679,204.8032865972947,1.0
Llama2-7B,20,20,1,32,32,2432,0.0015435,0.0049699332536969,0,0.0065134332536969,0.0015435,0.3599733641183036,55559.66633527666,0.5064308805715919,205.0659542320992,1.0
Llama2-7B,20,20,1,32,32,2560,0.0015435,0.0049699332536969,0,0.0065134332536969,0.0015435,0.3599733641183036,55559.66633527666,0.507079564562505,205.3286218669036,1.0
Llama2-7B,20,20,1,32,32,2688,0.0015435,0.0049699332536969,0,0.0065134332536969,0.0015435,0.3599733641183036,55559.66633527666,0.5077282485534181,205.591289501708,1.0
Llama2-7B,20,20,1,32,32,2816,0.0015435,0.0049699332536969,0,0.0065134332536969,0.0015435,0.3599733641183036,55559.66633527666,0.5083769325443311,205.8539571365125,1.0
Llama2-7B,20,20,1,32,32,2944,0.0015435,0.0049699332536969,0,0.0065134332536969,0.0015435,0.3599733641183036,55559.66633527666,0.509025616535244,206.11662477131685,1.0
Llama2-7B,20,20,1,32,32,3072,0.0015435,0.0049699332536969,0,0.0065134332536969,0.0015435,0.3599733641183036,55559.66633527666,0.5096743005261571,206.37929240612127,1.0
Llama2-7B,20,20,1,32,32,3200,0.0015435,0.0049699332536969,0,0.0065134332536969,0.0015435,0.3599733641183036,55559.66633527666,0.5103229845170701,206.6419600409257,1.0
Llama2-7B,20,20,1,32,32,3328,0.0015435,0.0049699332536969,0,0.0065134332536969,0.0015435,0.3599733641183036,55559.66633527666,0.5109716685079831,206.90462767573013,1.0
Llama2-7B,20,20,1,32,32,3456,0.0015435,0.0049699332536969,0,0.0065134332536969,0.0015435,0.3599733641183036,55559.66633527666,0.5116203524988963,207.1672953105346,1.0
Llama2-7B,20,20,1,32,32,3584,0.0015435,0.0049699332536969,0,0.0065134332536969,0.0015435,0.3599733641183036,55559.66633527666,0.5122690364898093,207.42996294533904,1.0
Llama2-7B,20,20,1,32,32,3712,0.0015435,0.0049699332536969,0,0.0065134332536969,0.0015435,0.3599733641183036,55559.66633527666,0.5129177204807223,207.69263058014343,1.0
Llama2-7B,20,20,1,32,32,3840,0.0015435,0.0049699332536969,0,0.0065134332536969,0.0015435,0.3599733641183036,55559.66633527666,0.5135664044716353,207.95529821494787,1.0
Llama2-7B,20,20,1,32,32,3968,0.0015435,0.0049699332536969,0,0.0065134332536969,0.0015435,0.3599733641183036,55559.66633527666,0.5142150884625483,208.21796584975232,1.0
Llama2-7B,20,20,1,32,32,4096,0.0015435,0.0049699332536969,0,0.0065134332536969,0.0015435,0.3599733641183036,55559.66633527666,0.5148637724534613,208.4806334845568,1.0
Llama2-7B,20,32,1,32,16,128,0.001664,0.0005461428179059,0,0.0022101428179059,0.001664,0.222388570172991,143892.28715804918,0.2717729832955593,163.3251101535813,0.8
Llama2-7B,20,32,1,32,16,256,0.001664,0.0005461428179059,0,0.0022101428179059,0.001664,0.222388570172991,143892.28715804918,0.2720973252910158,163.52002721815853,0.8
Llama2-7B,20,32,1,32,16,384,0.001664,0.0005461428179059,0,0.0022101428179059,0.001664,0.222388570172991,143892.28715804918,0.2724216672864724,163.7149442827358,0.8
Llama2-7B,20,32,1,32,16,512,0.001664,0.0005461428179059,0,0.0022101428179059,0.001664,0.222388570172991,143892.28715804918,0.2727460092819289,163.90986134731298,0.8
Llama2-7B,20,32,1,32,16,640,0.001664,0.0005461428179059,0,0.0022101428179059,0.001664,0.222388570172991,143892.28715804918,0.2730703512773854,164.10477841189024,0.8
Llama2-7B,20,32,1,32,16,768,0.001664,0.0005461428179059,0,0.0022101428179059,0.001664,0.222388570172991,143892.28715804918,0.2733946932728419,164.29969547646746,0.8
Llama2-7B,20,32,1,32,16,896,0.001664,0.0005461428179059,0,0.0022101428179059,0.001664,0.222388570172991,143892.28715804918,0.2737190352682984,164.49461254104472,0.8
Llama2-7B,20,32,1,32,16,1024,0.001664,0.0005461428179059,0,0.0022101428179059,0.001664,0.222388570172991,143892.28715804918,0.2740433772637549,164.6895296056219,0.8
Llama2-7B,20,32,1,32,16,1152,0.001664,0.0005461428179059,0,0.0022101428179059,0.001664,0.222388570172991,143892.28715804918,0.2743677192592115,164.8844466701992,0.8
Llama2-7B,20,32,1,32,16,1280,0.001664,0.0005461428179059,0,0.0022101428179059,0.001664,0.222388570172991,143892.28715804918,0.274692061254668,165.07936373477636,0.8
Llama2-7B,20,32,1,32,16,1408,0.001664,0.0005461428179059,0,0.0022101428179059,0.001664,0.222388570172991,143892.28715804918,0.2750164032501244,165.27428079935362,0.8
Llama2-7B,20,32,1,32,16,1536,0.001664,0.0005461428179059,0,0.0022101428179059,0.001664,0.222388570172991,143892.28715804918,0.2753407452455809,165.46919786393084,0.8
Llama2-7B,20,32,1,32,16,1664,0.001664,0.0005461428179059,0,0.0022101428179059,0.001664,0.222388570172991,143892.28715804918,0.2756650872410375,165.6641149285081,0.8
Llama2-7B,20,32,1,32,16,1792,0.001664,0.0005461428179059,0,0.0022101428179059,0.001664,0.222388570172991,143892.28715804918,0.275989429236494,165.8590319930853,0.8
Llama2-7B,20,32,1,32,16,1920,0.001664,0.0005461428179059,0,0.0022101428179059,0.001664,0.222388570172991,143892.28715804918,0.2763137712319505,166.05394905766258,0.8
Llama2-7B,20,32,1,32,16,2048,0.001664,0.0005461428179059,0,0.0022101428179059,0.001664,0.222388570172991,143892.28715804918,0.276638113227407,166.24886612223975,0.8
Llama2-7B,20,32,1,32,16,2176,0.001664,0.0005461428179059,0,0.0022101428179059,0.001664,0.222388570172991,143892.28715804918,0.2769624552228635,166.443783186817,0.8
Llama2-7B,20,32,1,32,16,2304,0.001664,0.0005461428179059,0,0.0022101428179059,0.001664,0.222388570172991,143892.28715804918,0.27728679721832,166.63870025139423,0.8
Llama2-7B,20,32,1,32,16,2432,0.001664,0.0005461428179059,0,0.0022101428179059,0.001664,0.222388570172991,143892.28715804918,0.2776111392137765,166.83361731597148,0.8
Llama2-7B,20,32,1,32,16,2560,0.001664,0.0005461428179059,0,0.0022101428179059,0.001664,0.222388570172991,143892.28715804918,0.277935481209233,167.02853438054868,0.8
Llama2-7B,20,32,1,32,16,2688,0.001664,0.0005461428179059,0,0.0022101428179059,0.001664,0.222388570172991,143892.28715804918,0.2782598232046896,167.22345144512596,0.8
Llama2-7B,20,32,1,32,16,2816,0.001664,0.0005461428179059,0,0.0022101428179059,0.001664,0.222388570172991,143892.28715804918,0.2785841652001461,167.41836850970313,0.8
Llama2-7B,20,32,1,32,16,2944,0.001664,0.0005461428179059,0,0.0022101428179059,0.001664,0.222388570172991,143892.28715804918,0.2789085071956025,167.61328557428038,0.8
Llama2-7B,20,32,1,32,16,3072,0.001664,0.0005461428179059,0,0.0022101428179059,0.001664,0.222388570172991,143892.28715804918,0.2792328491910591,167.8082026388576,0.8
Llama2-7B,20,32,1,32,16,3200,0.001664,0.0005461428179059,0,0.0022101428179059,0.001664,0.222388570172991,143892.28715804918,0.2795571911865156,168.00311970343486,0.8
Llama2-7B,20,32,1,32,16,3328,0.001664,0.0005461428179059,0,0.0022101428179059,0.001664,0.222388570172991,143892.28715804918,0.2798815331819722,168.19803676801206,0.8
Llama2-7B,20,32,1,32,16,3456,0.001664,0.0005461428179059,0,0.0022101428179059,0.001664,0.222388570172991,143892.28715804918,0.2802058751774286,168.39295383258934,0.8
Llama2-7B,20,32,1,32,16,3584,0.001664,0.0005461428179059,0,0.0022101428179059,0.001664,0.222388570172991,143892.28715804918,0.2805302171728852,168.58787089716657,0.8
Llama2-7B,20,32,1,32,16,3712,0.001664,0.0005461428179059,0,0.0022101428179059,0.001664,0.222388570172991,143892.28715804918,0.2808545591683417,168.78278796174376,0.8
Llama2-7B,20,32,1,32,16,3840,0.001664,0.0005461428179059,0,0.0022101428179059,0.001664,0.222388570172991,143892.28715804918,0.2811789011637982,168.97770502632102,0.8
Llama2-7B,20,32,1,32,16,3968,0.001664,0.0005461428179059,0,0.0022101428179059,0.001664,0.222388570172991,143892.28715804918,0.2815032431592547,169.17262209089824,0.8
Llama2-7B,20,32,1,32,16,4096,0.001664,0.0005461428179059,0,0.0022101428179059,0.001664,0.222388570172991,143892.28715804918,0.2818275851547112,169.36753915547547,0.8
Llama2-7B,32,1,32,32,32,128,0.0015435,0.0135444871520996,0,0.0150879871520996,0.0015435,0.6343590888671874,1576.3942182743203,15.832146199525043,320.54069888899096,1.0
Llama2-7B,32,1,32,32,32,256,0.0015435,0.0135444871520996,0,0.0150879871520996,0.0015435,0.6343590888671874,1576.3942182743203,15.85290408723426,320.96096710467805,1.0
Llama2-7B,32,1,32,32,32,384,0.0015435,0.0135444871520996,0,0.0150879871520996,0.0015435,0.6343590888671874,1576.3942182743203,15.87366197494348,321.3812353203651,1.0
Llama2-7B,32,1,32,32,32,512,0.0015435,0.0135444871520996,0,0.0150879871520996,0.0015435,0.6343590888671874,1576.3942182743203,15.894419862652692,321.8015035360523,1.0
Llama2-7B,32,1,32,32,32,640,0.0015435,0.0135444871520996,0,0.0150879871520996,0.0015435,0.6343590888671874,1576.3942182743203,15.915177750361911,322.2217717517393,1.0
Llama2-7B,32,1,32,32,32,768,0.0015435,0.0135444871520996,0,0.0150879871520996,0.0015435,0.6343590888671874,1576.3942182743203,15.935935638071127,322.6420399674264,1.0
Llama2-7B,32,1,32,32,32,896,0.0015435,0.0135444871520996,0,0.0150879871520996,0.0015435,0.6343590888671874,1576.3942182743203,15.956693525780343,323.06230818311354,1.0
Llama2-7B,32,1,32,32,32,1024,0.0015435,0.0135444871520996,0,0.0150879871520996,0.0015435,0.6343590888671874,1576.3942182743203,15.97745141348956,323.48257639880063,1.0
Llama2-7B,32,1,32,32,32,1152,0.0015435,0.0135444871520996,0,0.0150879871520996,0.0015435,0.6343590888671874,1576.3942182743203,15.99820930119878,323.90284461448766,1.0
Llama2-7B,32,1,32,32,32,1280,0.0015435,0.0135444871520996,0,0.0150879871520996,0.0015435,0.6343590888671874,1576.3942182743203,16.018967188907997,324.3231128301748,1.0
Llama2-7B,32,1,32,32,32,1408,0.0015435,0.0135444871520996,0,0.0150879871520996,0.0015435,0.6343590888671874,1576.3942182743203,16.03972507661721,324.7433810458619,1.0
Llama2-7B,32,1,32,32,32,1536,0.0015435,0.0135444871520996,0,0.0150879871520996,0.0015435,0.6343590888671874,1576.3942182743203,16.060482964326425,325.163649261549,1.0
Llama2-7B,32,1,32,32,32,1664,0.0015435,0.0135444871520996,0,0.0150879871520996,0.0015435,0.6343590888671874,1576.3942182743203,16.081240852035645,325.583917477236,1.0
Llama2-7B,32,1,32,32,32,1792,0.0015435,0.0135444871520996,0,0.0150879871520996,0.0015435,0.6343590888671874,1576.3942182743203,16.10199873974486,326.0041856929232,1.0
Llama2-7B,32,1,32,32,32,1920,0.0015435,0.0135444871520996,0,0.0150879871520996,0.0015435,0.6343590888671874,1576.3942182743203,16.122756627454077,326.4244539086102,1.0
Llama2-7B,32,1,32,32,32,2048,0.0015435,0.0135444871520996,0,0.0150879871520996,0.0015435,0.6343590888671874,1576.3942182743203,16.143514515163293,326.84472212429733,1.0
Llama2-7B,32,1,32,32,32,2176,0.0015435,0.0135444871520996,0,0.0150879871520996,0.0015435,0.6343590888671874,1576.3942182743203,16.164272402872513,327.2649903399844,1.0
Llama2-7B,32,1,32,32,32,2304,0.0015435,0.0135444871520996,0,0.0150879871520996,0.0015435,0.6343590888671874,1576.3942182743203,16.18503029058173,327.6852585556716,1.0
Llama2-7B,32,1,32,32,32,2432,0.0015435,0.0135444871520996,0,0.0150879871520996,0.0015435,0.6343590888671874,1576.3942182743203,16.20578817829094,328.1055267713586,1.0
Llama2-7B,32,1,32,32,32,2560,0.0015435,0.0135444871520996,0,0.0150879871520996,0.0015435,0.6343590888671874,1576.3942182743203,16.22654606600016,328.52579498704574,1.0
Llama2-7B,32,1,32,32,32,2688,0.0015435,0.0135444871520996,0,0.0150879871520996,0.0015435,0.6343590888671874,1576.3942182743203,16.24730395370938,328.9460632027328,1.0
Llama2-7B,32,1,32,32,32,2816,0.0015435,0.0135444871520996,0,0.0150879871520996,0.0015435,0.6343590888671874,1576.3942182743203,16.268061841418596,329.36633141841986,1.0
Llama2-7B,32,1,32,32,32,2944,0.0015435,0.0135444871520996,0,0.0150879871520996,0.0015435,0.6343590888671874,1576.3942182743203,16.28881972912781,329.7865996341069,1.0
Llama2-7B,32,1,32,32,32,3072,0.0015435,0.0135444871520996,0,0.0150879871520996,0.0015435,0.6343590888671874,1576.3942182743203,16.30957761683703,330.20686784979404,1.0
Llama2-7B,32,1,32,32,32,3200,0.0015435,0.0135444871520996,0,0.0150879871520996,0.0015435,0.6343590888671874,1576.3942182743203,16.330335504546245,330.6271360654812,1.0
Llama2-7B,32,1,32,32,32,3328,0.0015435,0.0135444871520996,0,0.0150879871520996,0.0015435,0.6343590888671874,1576.3942182743203,16.35109339225546,331.0474042811682,1.0
Llama2-7B,32,1,32,32,32,3456,0.0015435,0.0135444871520996,0,0.0150879871520996,0.0015435,0.6343590888671874,1576.3942182743203,16.37185127996468,331.46767249685536,1.0
Llama2-7B,32,1,32,32,32,3584,0.0015435,0.0135444871520996,0,0.0150879871520996,0.0015435,0.6343590888671874,1576.3942182743203,16.392609167673896,331.8879407125424,1.0
Llama2-7B,32,1,32,32,32,3712,0.0015435,0.0135444871520996,0,0.0150879871520996,0.0015435,0.6343590888671874,1576.3942182743203,16.413367055383112,332.3082089282295,1.0
Llama2-7B,32,1,32,32,32,3840,0.0015435,0.0135444871520996,0,0.0150879871520996,0.0015435,0.6343590888671874,1576.3942182743203,16.43412494309233,332.72847714391656,1.0
Llama2-7B,32,1,32,32,32,3968,0.0015435,0.0135444871520996,0,0.0150879871520996,0.0015435,0.6343590888671874,1576.3942182743203,16.454882830801544,333.14874535960365,1.0
Llama2-7B,32,1,32,32,32,4096,0.0015435,0.0135444871520996,0,0.0150879871520996,0.0015435,0.6343590888671874,1576.3942182743203,16.47564071851076,333.56901357529074,1.0
Llama2-7B,32,2,16,32,32,128,0.0015435,0.0122182838058471,0,0.0137617838058471,0.0015435,0.5919205817871093,3378.83165670918,7.916073099762522,320.54069888899096,1.0
Llama2-7B,32,2,16,32,32,256,0.0015435,0.0122182838058471,0,0.0137617838058471,0.0015435,0.5919205817871093,3378.83165670918,7.926452043617131,320.96096710467805,1.0
Llama2-7B,32,2,16,32,32,384,0.0015435,0.0122182838058471,0,0.0137617838058471,0.0015435,0.5919205817871093,3378.83165670918,7.9368309874717395,321.3812353203651,1.0
Llama2-7B,32,2,16,32,32,512,0.0015435,0.0122182838058471,0,0.0137617838058471,0.0015435,0.5919205817871093,3378.83165670918,7.947209931326347,321.8015035360523,1.0
Llama2-7B,32,2,16,32,32,640,0.0015435,0.0122182838058471,0,0.0137617838058471,0.0015435,0.5919205817871093,3378.83165670918,7.9575888751809565,322.2217717517393,1.0
Llama2-7B,32,2,16,32,32,768,0.0015435,0.0122182838058471,0,0.0137617838058471,0.0015435,0.5919205817871093,3378.83165670918,7.9679678190355645,322.6420399674264,1.0
Llama2-7B,32,2,16,32,32,896,0.0015435,0.0122182838058471,0,0.0137617838058471,0.0015435,0.5919205817871093,3378.83165670918,7.978346762890172,323.06230818311354,1.0
Llama2-7B,32,2,16,32,32,1024,0.0015435,0.0122182838058471,0,0.0137617838058471,0.0015435,0.5919205817871093,3378.83165670918,7.9887257067447806,323.48257639880063,1.0
Llama2-7B,32,2,16,32,32,1152,0.0015435,0.0122182838058471,0,0.0137617838058471,0.0015435,0.5919205817871093,3378.83165670918,7.999104650599389,323.90284461448766,1.0
Llama2-7B,32,2,16,32,32,1280,0.0015435,0.0122182838058471,0,0.0137617838058471,0.0015435,0.5919205817871093,3378.83165670918,8.009483594453998,324.3231128301748,1.0
Llama2-7B,32,2,16,32,32,1408,0.0015435,0.0122182838058471,0,0.0137617838058471,0.0015435,0.5919205817871093,3378.83165670918,8.019862538308605,324.7433810458619,1.0
Llama2-7B,32,2,16,32,32,1536,0.0015435,0.0122182838058471,0,0.0137617838058471,0.0015435,0.5919205817871093,3378.83165670918,8.030241482163213,325.163649261549,1.0
Llama2-7B,32,2,16,32,32,1664,0.0015435,0.0122182838058471,0,0.0137617838058471,0.0015435,0.5919205817871093,3378.83165670918,8.040620426017822,325.583917477236,1.0
Llama2-7B,32,2,16,32,32,1792,0.0015435,0.0122182838058471,0,0.0137617838058471,0.0015435,0.5919205817871093,3378.83165670918,8.05099936987243,326.0041856929232,1.0
Llama2-7B,32,2,16,32,32,1920,0.0015435,0.0122182838058471,0,0.0137617838058471,0.0015435,0.5919205817871093,3378.83165670918,8.061378313727039,326.4244539086102,1.0
Llama2-7B,32,2,16,32,32,2048,0.0015435,0.0122182838058471,0,0.0137617838058471,0.0015435,0.5919205817871093,3378.83165670918,8.071757257581647,326.84472212429733,1.0
Llama2-7B,32,2,16,32,32,2176,0.0015435,0.0122182838058471,0,0.0137617838058471,0.0015435,0.5919205817871093,3378.83165670918,8.082136201436256,327.2649903399844,1.0
Llama2-7B,32,2,16,32,32,2304,0.0015435,0.0122182838058471,0,0.0137617838058471,0.0015435,0.5919205817871093,3378.83165670918,8.092515145290864,327.6852585556716,1.0
Llama2-7B,32,2,16,32,32,2432,0.0015435,0.0122182838058471,0,0.0137617838058471,0.0015435,0.5919205817871093,3378.83165670918,8.10289408914547,328.1055267713586,1.0
Llama2-7B,32,2,16,32,32,2560,0.0015435,0.0122182838058471,0,0.0137617838058471,0.0015435,0.5919205817871093,3378.83165670918,8.11327303300008,328.52579498704574,1.0
Llama2-7B,32,2,16,32,32,2688,0.0015435,0.0122182838058471,0,0.0137617838058471,0.0015435,0.5919205817871093,3378.83165670918,8.12365197685469,328.9460632027328,1.0
Llama2-7B,32,2,16,32,32,2816,0.0015435,0.0122182838058471,0,0.0137617838058471,0.0015435,0.5919205817871093,3378.83165670918,8.134030920709298,329.36633141841986,1.0
Llama2-7B,32,2,16,32,32,2944,0.0015435,0.0122182838058471,0,0.0137617838058471,0.0015435,0.5919205817871093,3378.83165670918,8.144409864563904,329.7865996341069,1.0
Llama2-7B,32,2,16,32,32,3072,0.0015435,0.0122182838058471,0,0.0137617838058471,0.0015435,0.5919205817871093,3378.83165670918,8.154788808418514,330.20686784979404,1.0
Llama2-7B,32,2,16,32,32,3200,0.0015435,0.0122182838058471,0,0.0137617838058471,0.0015435,0.5919205817871093,3378.83165670918,8.165167752273122,330.6271360654812,1.0
Llama2-7B,32,2,16,32,32,3328,0.0015435,0.0122182838058471,0,0.0137617838058471,0.0015435,0.5919205817871093,3378.83165670918,8.17554669612773,331.0474042811682,1.0
Llama2-7B,32,2,16,32,32,3456,0.0015435,0.0122182838058471,0,0.0137617838058471,0.0015435,0.5919205817871093,3378.83165670918,8.18592563998234,331.46767249685536,1.0
Llama2-7B,32,2,16,32,32,3584,0.0015435,0.0122182838058471,0,0.0137617838058471,0.0015435,0.5919205817871093,3378.83165670918,8.196304583836948,331.8879407125424,1.0
Llama2-7B,32,2,16,32,32,3712,0.0015435,0.0122182838058471,0,0.0137617838058471,0.0015435,0.5919205817871093,3378.83165670918,8.206683527691556,332.3082089282295,1.0
Llama2-7B,32,2,16,32,32,3840,0.0015435,0.0122182838058471,0,0.0137617838058471,0.0015435,0.5919205817871093,3378.83165670918,8.217062471546164,332.72847714391656,1.0
Llama2-7B,32,2,16,32,32,3968,0.0015435,0.0122182838058471,0,0.0137617838058471,0.0015435,0.5919205817871093,3378.83165670918,8.227441415400772,333.14874535960365,1.0
Llama2-7B,32,2,16,32,32,4096,0.0015435,0.0122182838058471,0,0.0137617838058471,0.0015435,0.5919205817871093,3378.83165670918,8.23782035925538,333.56901357529074,1.0
Llama2-7B,32,4,8,32,32,128,0.0015435,0.0117712489700317,0,0.0133147489700317,0.0015435,0.5776154670410155,6925.022317167221,3.958036549881261,320.54069888899096,1.0
Llama2-7B,32,4,8,32,32,256,0.0015435,0.0117712489700317,0,0.0133147489700317,0.0015435,0.5776154670410155,6925.022317167221,3.963226021808565,320.96096710467805,1.0
Llama2-7B,32,4,8,32,32,384,0.0015435,0.0117712489700317,0,0.0133147489700317,0.0015435,0.5776154670410155,6925.022317167221,3.9684154937358698,321.3812353203651,1.0
Llama2-7B,32,4,8,32,32,512,0.0015435,0.0117712489700317,0,0.0133147489700317,0.0015435,0.5776154670410155,6925.022317167221,3.973604965663173,321.8015035360523,1.0
Llama2-7B,32,4,8,32,32,640,0.0015435,0.0117712489700317,0,0.0133147489700317,0.0015435,0.5776154670410155,6925.022317167221,3.9787944375904782,322.2217717517393,1.0
Llama2-7B,32,4,8,32,32,768,0.0015435,0.0117712489700317,0,0.0133147489700317,0.0015435,0.5776154670410155,6925.022317167221,3.9839839095177823,322.6420399674264,1.0
Llama2-7B,32,4,8,32,32,896,0.0015435,0.0117712489700317,0,0.0133147489700317,0.0015435,0.5776154670410155,6925.022317167221,3.989173381445086,323.06230818311354,1.0
Llama2-7B,32,4,8,32,32,1024,0.0015435,0.0117712489700317,0,0.0133147489700317,0.0015435,0.5776154670410155,6925.022317167221,3.9943628533723903,323.48257639880063,1.0
Llama2-7B,32,4,8,32,32,1152,0.0015435,0.0117712489700317,0,0.0133147489700317,0.0015435,0.5776154670410155,6925.022317167221,3.999552325299695,323.90284461448766,1.0
Llama2-7B,32,4,8,32,32,1280,0.0015435,0.0117712489700317,0,0.0133147489700317,0.0015435,0.5776154670410155,6925.022317167221,4.004741797226999,324.3231128301748,1.0
Llama2-7B,32,4,8,32,32,1408,0.0015435,0.0117712489700317,0,0.0133147489700317,0.0015435,0.5776154670410155,6925.022317167221,4.009931269154302,324.7433810458619,1.0
Llama2-7B,32,4,8,32,32,1536,0.0015435,0.0117712489700317,0,0.0133147489700317,0.0015435,0.5776154670410155,6925.022317167221,4.015120741081606,325.163649261549,1.0
Llama2-7B,32,4,8,32,32,1664,0.0015435,0.0117712489700317,0,0.0133147489700317,0.0015435,0.5776154670410155,6925.022317167221,4.020310213008911,325.583917477236,1.0
Llama2-7B,32,4,8,32,32,1792,0.0015435,0.0117712489700317,0,0.0133147489700317,0.0015435,0.5776154670410155,6925.022317167221,4.025499684936215,326.0041856929232,1.0
Llama2-7B,32,4,8,32,32,1920,0.0015435,0.0117712489700317,0,0.0133147489700317,0.0015435,0.5776154670410155,6925.022317167221,4.030689156863519,326.4244539086102,1.0
Llama2-7B,32,4,8,32,32,2048,0.0015435,0.0117712489700317,0,0.0133147489700317,0.0015435,0.5776154670410155,6925.022317167221,4.035878628790823,326.84472212429733,1.0
Llama2-7B,32,4,8,32,32,2176,0.0015435,0.0117712489700317,0,0.0133147489700317,0.0015435,0.5776154670410155,6925.022317167221,4.041068100718128,327.2649903399844,1.0
Llama2-7B,32,4,8,32,32,2304,0.0015435,0.0117712489700317,0,0.0133147489700317,0.0015435,0.5776154670410155,6925.022317167221,4.046257572645432,327.6852585556716,1.0
Llama2-7B,32,4,8,32,32,2432,0.0015435,0.0117712489700317,0,0.0133147489700317,0.0015435,0.5776154670410155,6925.022317167221,4.051447044572735,328.1055267713586,1.0
Llama2-7B,32,4,8,32,32,2560,0.0015435,0.0117712489700317,0,0.0133147489700317,0.0015435,0.5776154670410155,6925.022317167221,4.05663651650004,328.52579498704574,1.0
Llama2-7B,32,4,8,32,32,2688,0.0015435,0.0117712489700317,0,0.0133147489700317,0.0015435,0.5776154670410155,6925.022317167221,4.061825988427345,328.9460632027328,1.0
Llama2-7B,32,4,8,32,32,2816,0.0015435,0.0117712489700317,0,0.0133147489700317,0.0015435,0.5776154670410155,6925.022317167221,4.067015460354649,329.36633141841986,1.0
Llama2-7B,32,4,8,32,32,2944,0.0015435,0.0117712489700317,0,0.0133147489700317,0.0015435,0.5776154670410155,6925.022317167221,4.072204932281952,329.7865996341069,1.0
Llama2-7B,32,4,8,32,32,3072,0.0015435,0.0117712489700317,0,0.0133147489700317,0.0015435,0.5776154670410155,6925.022317167221,4.077394404209257,330.20686784979404,1.0
Llama2-7B,32,4,8,32,32,3200,0.0015435,0.0117712489700317,0,0.0133147489700317,0.0015435,0.5776154670410155,6925.022317167221,4.082583876136561,330.6271360654812,1.0
Llama2-7B,32,4,8,32,32,3328,0.0015435,0.0117712489700317,0,0.0133147489700317,0.0015435,0.5776154670410155,6925.022317167221,4.087773348063865,331.0474042811682,1.0
Llama2-7B,32,4,8,32,32,3456,0.0015435,0.0117712489700317,0,0.0133147489700317,0.0015435,0.5776154670410155,6925.022317167221,4.09296281999117,331.46767249685536,1.0
Llama2-7B,32,4,8,32,32,3584,0.0015435,0.0117712489700317,0,0.0133147489700317,0.0015435,0.5776154670410155,6925.022317167221,4.098152291918474,331.8879407125424,1.0
Llama2-7B,32,4,8,32,32,3712,0.0015435,0.0117712489700317,0,0.0133147489700317,0.0015435,0.5776154670410155,6925.022317167221,4.103341763845778,332.3082089282295,1.0
Llama2-7B,32,4,8,32,32,3840,0.0015435,0.0117712489700317,0,0.0133147489700317,0.0015435,0.5776154670410155,6925.022317167221,4.108531235773082,332.72847714391656,1.0
Llama2-7B,32,4,8,32,32,3968,0.0015435,0.0117712489700317,0,0.0133147489700317,0.0015435,0.5776154670410155,6925.022317167221,4.113720707700386,333.14874535960365,1.0
Llama2-7B,32,4,8,32,32,4096,0.0015435,0.0117712489700317,0,0.0133147489700317,0.0015435,0.5776154670410155,6925.022317167221,4.11891017962769,333.56901357529074,1.0
Llama2-7B,32,8,4,32,32,128,0.0015435,0.0108324758148193,0,0.0123759758148193,0.0015435,0.5475747260742186,14609.878102583709,1.9790182749406304,320.54069888899096,1.0
Llama2-7B,32,8,4,32,32,256,0.0015435,0.0108324758148193,0,0.0123759758148193,0.0015435,0.5475747260742186,14609.878102583709,1.9816130109042829,320.96096710467805,1.0
Llama2-7B,32,8,4,32,32,384,0.0015435,0.0108324758148193,0,0.0123759758148193,0.0015435,0.5475747260742186,14609.878102583709,1.9842077468679349,321.3812353203651,1.0
Llama2-7B,32,8,4,32,32,512,0.0015435,0.0108324758148193,0,0.0123759758148193,0.0015435,0.5475747260742186,14609.878102583709,1.986802482831587,321.8015035360523,1.0
Llama2-7B,32,8,4,32,32,640,0.0015435,0.0108324758148193,0,0.0123759758148193,0.0015435,0.5475747260742186,14609.878102583709,1.9893972187952391,322.2217717517393,1.0
Llama2-7B,32,8,4,32,32,768,0.0015435,0.0108324758148193,0,0.0123759758148193,0.0015435,0.5475747260742186,14609.878102583709,1.9919919547588911,322.6420399674264,1.0
Llama2-7B,32,8,4,32,32,896,0.0015435,0.0108324758148193,0,0.0123759758148193,0.0015435,0.5475747260742186,14609.878102583709,1.994586690722543,323.06230818311354,1.0
Llama2-7B,32,8,4,32,32,1024,0.0015435,0.0108324758148193,0,0.0123759758148193,0.0015435,0.5475747260742186,14609.878102583709,1.9971814266861951,323.48257639880063,1.0
Llama2-7B,32,8,4,32,32,1152,0.0015435,0.0108324758148193,0,0.0123759758148193,0.0015435,0.5475747260742186,14609.878102583709,1.999776162649848,323.90284461448766,1.0
Llama2-7B,32,8,4,32,32,1280,0.0015435,0.0108324758148193,0,0.0123759758148193,0.0015435,0.5475747260742186,14609.878102583709,2.0023708986135,324.3231128301748,1.0
Llama2-7B,32,8,4,32,32,1408,0.0015435,0.0108324758148193,0,0.0123759758148193,0.0015435,0.5475747260742186,14609.878102583709,2.004965634577151,324.7433810458619,1.0
Llama2-7B,32,8,4,32,32,1536,0.0015435,0.0108324758148193,0,0.0123759758148193,0.0015435,0.5475747260742186,14609.878102583709,2.007560370540803,325.163649261549,1.0
Llama2-7B,32,8,4,32,32,1664,0.0015435,0.0108324758148193,0,0.0123759758148193,0.0015435,0.5475747260742186,14609.878102583709,2.010155106504456,325.583917477236,1.0
Llama2-7B,32,8,4,32,32,1792,0.0015435,0.0108324758148193,0,0.0123759758148193,0.0015435,0.5475747260742186,14609.878102583709,2.012749842468108,326.0041856929232,1.0
Llama2-7B,32,8,4,32,32,1920,0.0015435,0.0108324758148193,0,0.0123759758148193,0.0015435,0.5475747260742186,14609.878102583709,2.01534457843176,326.4244539086102,1.0
Llama2-7B,32,8,4,32,32,2048,0.0015435,0.0108324758148193,0,0.0123759758148193,0.0015435,0.5475747260742186,14609.878102583709,2.017939314395412,326.84472212429733,1.0
Llama2-7B,32,8,4,32,32,2176,0.0015435,0.0108324758148193,0,0.0123759758148193,0.0015435,0.5475747260742186,14609.878102583709,2.020534050359064,327.2649903399844,1.0
Llama2-7B,32,8,4,32,32,2304,0.0015435,0.0108324758148193,0,0.0123759758148193,0.0015435,0.5475747260742186,14609.878102583709,2.023128786322716,327.6852585556716,1.0
Llama2-7B,32,8,4,32,32,2432,0.0015435,0.0108324758148193,0,0.0123759758148193,0.0015435,0.5475747260742186,14609.878102583709,2.025723522286368,328.1055267713586,1.0
Llama2-7B,32,8,4,32,32,2560,0.0015435,0.0108324758148193,0,0.0123759758148193,0.0015435,0.5475747260742186,14609.878102583709,2.02831825825002,328.52579498704574,1.0
Llama2-7B,32,8,4,32,32,2688,0.0015435,0.0108324758148193,0,0.0123759758148193,0.0015435,0.5475747260742186,14609.878102583709,2.030912994213673,328.9460632027328,1.0
Llama2-7B,32,8,4,32,32,2816,0.0015435,0.0108324758148193,0,0.0123759758148193,0.0015435,0.5475747260742186,14609.878102583709,2.033507730177325,329.36633141841986,1.0
Llama2-7B,32,8,4,32,32,2944,0.0015435,0.0108324758148193,0,0.0123759758148193,0.0015435,0.5475747260742186,14609.878102583709,2.036102466140976,329.7865996341069,1.0
Llama2-7B,32,8,4,32,32,3072,0.0015435,0.0108324758148193,0,0.0123759758148193,0.0015435,0.5475747260742186,14609.878102583709,2.038697202104629,330.20686784979404,1.0
Llama2-7B,32,8,4,32,32,3200,0.0015435,0.0108324758148193,0,0.0123759758148193,0.0015435,0.5475747260742186,14609.878102583709,2.041291938068281,330.6271360654812,1.0
Llama2-7B,32,8,4,32,32,3328,0.0015435,0.0108324758148193,0,0.0123759758148193,0.0015435,0.5475747260742186,14609.878102583709,2.0438866740319326,331.0474042811682,1.0
Llama2-7B,32,8,4,32,32,3456,0.0015435,0.0108324758148193,0,0.0123759758148193,0.0015435,0.5475747260742186,14609.878102583709,2.046481409995585,331.46767249685536,1.0
Llama2-7B,32,8,4,32,32,3584,0.0015435,0.0108324758148193,0,0.0123759758148193,0.0015435,0.5475747260742186,14609.878102583709,2.049076145959237,331.8879407125424,1.0
Llama2-7B,32,8,4,32,32,3712,0.0015435,0.0108324758148193,0,0.0123759758148193,0.0015435,0.5475747260742186,14609.878102583709,2.051670881922889,332.3082089282295,1.0
Llama2-7B,32,8,4,32,32,3840,0.0015435,0.0108324758148193,0,0.0123759758148193,0.0015435,0.5475747260742186,14609.878102583709,2.054265617886541,332.72847714391656,1.0
Llama2-7B,32,8,4,32,32,3968,0.0015435,0.0108324758148193,0,0.0123759758148193,0.0015435,0.5475747260742186,14609.878102583709,2.056860353850193,333.14874535960365,1.0
Llama2-7B,32,8,4,32,32,4096,0.0015435,0.0108324758148193,0,0.0123759758148193,0.0015435,0.5475747260742186,14609.878102583709,2.059455089813845,333.56901357529074,1.0
Llama2-7B,32,16,2,32,32,128,0.0015435,0.0095807782745361,0,0.0111242782745361,0.0015435,0.5075204047851561,31525.82605377833,0.9895091374703152,320.54069888899096,1.0
Llama2-7B,32,16,2,32,32,256,0.0015435,0.0095807782745361,0,0.0111242782745361,0.0015435,0.5075204047851561,31525.82605377833,0.9908065054521412,320.96096710467805,1.0
Llama2-7B,32,16,2,32,32,384,0.0015435,0.0095807782745361,0,0.0111242782745361,0.0015435,0.5075204047851561,31525.82605377833,0.9921038734339674,321.3812353203651,1.0
Llama2-7B,32,16,2,32,32,512,0.0015435,0.0095807782745361,0,0.0111242782745361,0.0015435,0.5075204047851561,31525.82605377833,0.9934012414157932,321.8015035360523,1.0
Llama2-7B,32,16,2,32,32,640,0.0015435,0.0095807782745361,0,0.0111242782745361,0.0015435,0.5075204047851561,31525.82605377833,0.9946986093976196,322.2217717517393,1.0
Llama2-7B,32,16,2,32,32,768,0.0015435,0.0095807782745361,0,0.0111242782745361,0.0015435,0.5075204047851561,31525.82605377833,0.9959959773794456,322.6420399674264,1.0
Llama2-7B,32,16,2,32,32,896,0.0015435,0.0095807782745361,0,0.0111242782745361,0.0015435,0.5075204047851561,31525.82605377833,0.9972933453612716,323.06230818311354,1.0
Llama2-7B,32,16,2,32,32,1024,0.0015435,0.0095807782745361,0,0.0111242782745361,0.0015435,0.5075204047851561,31525.82605377833,0.9985907133430976,323.48257639880063,1.0
Llama2-7B,32,16,2,32,32,1152,0.0015435,0.0095807782745361,0,0.0111242782745361,0.0015435,0.5075204047851561,31525.82605377833,0.9998880813249236,323.90284461448766,1.0
Llama2-7B,32,16,2,32,32,1280,0.0015435,0.0095807782745361,0,0.0111242782745361,0.0015435,0.5075204047851561,31525.82605377833,1.0011854493067498,324.3231128301748,1.0
Llama2-7B,32,16,2,32,32,1408,0.0015435,0.0095807782745361,0,0.0111242782745361,0.0015435,0.5075204047851561,31525.82605377833,1.0024828172885756,324.7433810458619,1.0
Llama2-7B,32,16,2,32,32,1536,0.0015435,0.0095807782745361,0,0.0111242782745361,0.0015435,0.5075204047851561,31525.82605377833,1.0037801852704016,325.163649261549,1.0
Llama2-7B,32,16,2,32,32,1664,0.0015435,0.0095807782745361,0,0.0111242782745361,0.0015435,0.5075204047851561,31525.82605377833,1.0050775532522278,325.583917477236,1.0
Llama2-7B,32,16,2,32,32,1792,0.0015435,0.0095807782745361,0,0.0111242782745361,0.0015435,0.5075204047851561,31525.82605377833,1.0063749212340538,326.0041856929232,1.0
Llama2-7B,32,16,2,32,32,1920,0.0015435,0.0095807782745361,0,0.0111242782745361,0.0015435,0.5075204047851561,31525.82605377833,1.0076722892158798,326.4244539086102,1.0
Llama2-7B,32,16,2,32,32,2048,0.0015435,0.0095807782745361,0,0.0111242782745361,0.0015435,0.5075204047851561,31525.82605377833,1.0089696571977058,326.84472212429733,1.0
Llama2-7B,32,16,2,32,32,2176,0.0015435,0.0095807782745361,0,0.0111242782745361,0.0015435,0.5075204047851561,31525.82605377833,1.010267025179532,327.2649903399844,1.0
Llama2-7B,32,16,2,32,32,2304,0.0015435,0.0095807782745361,0,0.0111242782745361,0.0015435,0.5075204047851561,31525.82605377833,1.011564393161358,327.6852585556716,1.0
Llama2-7B,32,16,2,32,32,2432,0.0015435,0.0095807782745361,0,0.0111242782745361,0.0015435,0.5075204047851561,31525.82605377833,1.0128617611431838,328.1055267713586,1.0
Llama2-7B,32,16,2,32,32,2560,0.0015435,0.0095807782745361,0,0.0111242782745361,0.0015435,0.5075204047851561,31525.82605377833,1.01415912912501,328.52579498704574,1.0
Llama2-7B,32,16,2,32,32,2688,0.0015435,0.0095807782745361,0,0.0111242782745361,0.0015435,0.5075204047851561,31525.82605377833,1.0154564971068365,328.9460632027328,1.0
Llama2-7B,32,16,2,32,32,2816,0.0015435,0.0095807782745361,0,0.0111242782745361,0.0015435,0.5075204047851561,31525.82605377833,1.0167538650886625,329.36633141841986,1.0
Llama2-7B,32,16,2,32,32,2944,0.0015435,0.0095807782745361,0,0.0111242782745361,0.0015435,0.5075204047851561,31525.82605377833,1.018051233070488,329.7865996341069,1.0
Llama2-7B,32,16,2,32,32,3072,0.0015435,0.0095807782745361,0,0.0111242782745361,0.0015435,0.5075204047851561,31525.82605377833,1.0193486010523145,330.20686784979404,1.0
Llama2-7B,32,16,2,32,32,3200,0.0015435,0.0095807782745361,0,0.0111242782745361,0.0015435,0.5075204047851561,31525.82605377833,1.0206459690341405,330.6271360654812,1.0
Llama2-7B,32,16,2,32,32,3328,0.0015435,0.0095807782745361,0,0.0111242782745361,0.0015435,0.5075204047851561,31525.82605377833,1.0219433370159663,331.0474042811682,1.0
Llama2-7B,32,16,2,32,32,3456,0.0015435,0.0095807782745361,0,0.0111242782745361,0.0015435,0.5075204047851561,31525.82605377833,1.0232407049977923,331.46767249685536,1.0
Llama2-7B,32,16,2,32,32,3584,0.0015435,0.0095807782745361,0,0.0111242782745361,0.0015435,0.5075204047851561,31525.82605377833,1.0245380729796183,331.8879407125424,1.0
Llama2-7B,32,16,2,32,32,3712,0.0015435,0.0095807782745361,0,0.0111242782745361,0.0015435,0.5075204047851561,31525.82605377833,1.0258354409614443,332.3082089282295,1.0
Llama2-7B,32,16,2,32,32,3840,0.0015435,0.0095807782745361,0,0.0111242782745361,0.0015435,0.5075204047851561,31525.82605377833,1.0271328089432703,332.72847714391656,1.0
Llama2-7B,32,16,2,32,32,3968,0.0015435,0.0095807782745361,0,0.0111242782745361,0.0015435,0.5075204047851561,31525.82605377833,1.0284301769250963,333.14874535960365,1.0
Llama2-7B,32,16,2,32,32,4096,0.0015435,0.0095807782745361,0,0.0111242782745361,0.0015435,0.5075204047851561,31525.82605377833,1.0297275449069223,333.56901357529074,1.0
Llama2-7B,32,32,1,32,32,128,0.0015435,0.0008207499313354,0,0.0023642499313354,0.0015435,0.2271994978027343,140845.38174368656,0.4864642647351575,315.169591665149,1.0
Llama2-7B,32,32,1,32,32,256,0.0015435,0.0008207499313354,0,0.0023642499313354,0.0015435,0.2271994978027343,140845.38174368656,0.4871129487260706,315.5898598808361,1.0
Llama2-7B,32,32,1,32,32,384,0.0015435,0.0008207499313354,0,0.0023642499313354,0.0015435,0.2271994978027343,140845.38174368656,0.4877616327169836,316.01012809652315,1.0
Llama2-7B,32,32,1,32,32,512,0.0015435,0.0008207499313354,0,0.0023642499313354,0.0015435,0.2271994978027343,140845.38174368656,0.4884103167078966,316.43039631221035,1.0
Llama2-7B,32,32,1,32,32,640,0.0015435,0.0008207499313354,0,0.0023642499313354,0.0015435,0.2271994978027343,140845.38174368656,0.4890590006988097,316.8506645278974,1.0
Llama2-7B,32,32,1,32,32,768,0.0015435,0.0008207499313354,0,0.0023642499313354,0.0015435,0.2271994978027343,140845.38174368656,0.4897076846897227,317.27093274358447,1.0
Llama2-7B,32,32,1,32,32,896,0.0015435,0.0008207499313354,0,0.0023642499313354,0.0015435,0.2271994978027343,140845.38174368656,0.4903563686806356,317.6912009592716,1.0
Llama2-7B,32,32,1,32,32,1024,0.0015435,0.0008207499313354,0,0.0023642499313354,0.0015435,0.2271994978027343,140845.38174368656,0.4910050526715487,318.1114691749587,1.0
Llama2-7B,32,32,1,32,32,1152,0.0015435,0.0008207499313354,0,0.0023642499313354,0.0015435,0.2271994978027343,140845.38174368656,0.4916537366624617,318.53173739064573,1.0
Llama2-7B,32,32,1,32,32,1280,0.0015435,0.0008207499313354,0,0.0023642499313354,0.0015435,0.2271994978027343,140845.38174368656,0.4923024206533747,318.9520056063329,1.0
Llama2-7B,32,32,1,32,32,1408,0.0015435,0.0008207499313354,0,0.0023642499313354,0.0015435,0.2271994978027343,140845.38174368656,0.4929511046442878,319.37227382202,1.0
Llama2-7B,32,32,1,32,32,1536,0.0015435,0.0008207499313354,0,0.0023642499313354,0.0015435,0.2271994978027343,140845.38174368656,0.4935997886352007,319.79254203770705,1.0
Llama2-7B,32,32,1,32,32,1664,0.0015435,0.0008207499313354,0,0.0023642499313354,0.0015435,0.2271994978027343,140845.38174368656,0.4942484726261138,320.2128102533941,1.0
Llama2-7B,32,32,1,32,32,1792,0.0015435,0.0008207499313354,0,0.0023642499313354,0.0015435,0.2271994978027343,140845.38174368656,0.4948971566170269,320.6330784690812,1.0
Llama2-7B,32,32,1,32,32,1920,0.0015435,0.0008207499313354,0,0.0023642499313354,0.0015435,0.2271994978027343,140845.38174368656,0.4955458406079399,321.05334668476826,1.0
Llama2-7B,32,32,1,32,32,2048,0.0015435,0.0008207499313354,0,0.0023642499313354,0.0015435,0.2271994978027343,140845.38174368656,0.4961945245988529,321.4736149004554,1.0
Llama2-7B,32,32,1,32,32,2176,0.0015435,0.0008207499313354,0,0.0023642499313354,0.0015435,0.2271994978027343,140845.38174368656,0.496843208589766,321.8938831161425,1.0
Llama2-7B,32,32,1,32,32,2304,0.0015435,0.0008207499313354,0,0.0023642499313354,0.0015435,0.2271994978027343,140845.38174368656,0.4974918925806789,322.31415133182963,1.0
Llama2-7B,32,32,1,32,32,2432,0.0015435,0.0008207499313354,0,0.0023642499313354,0.0015435,0.2271994978027343,140845.38174368656,0.498140576571592,322.73441954751667,1.0
Llama2-7B,32,32,1,32,32,2560,0.0015435,0.0008207499313354,0,0.0023642499313354,0.0015435,0.2271994978027343,140845.38174368656,0.498789260562505,323.1546877632038,1.0
Llama2-7B,32,32,1,32,32,2688,0.0015435,0.0008207499313354,0,0.0023642499313354,0.0015435,0.2271994978027343,140845.38174368656,0.499437944553418,323.57495597889084,1.0
Llama2-7B,32,32,1,32,32,2816,0.0015435,0.0008207499313354,0,0.0023642499313354,0.0015435,0.2271994978027343,140845.38174368656,0.500086628544331,323.995224194578,1.0
Llama2-7B,32,32,1,32,32,2944,0.0015435,0.0008207499313354,0,0.0023642499313354,0.0015435,0.2271994978027343,140845.38174368656,0.500735312535244,324.41549241026496,1.0
Llama2-7B,32,32,1,32,32,3072,0.0015435,0.0008207499313354,0,0.0023642499313354,0.0015435,0.2271994978027343,140845.38174368656,0.5013839965261571,324.8357606259521,1.0
Llama2-7B,32,32,1,32,32,3200,0.0015435,0.0008207499313354,0,0.0023642499313354,0.0015435,0.2271994978027343,140845.38174368656,0.5020326805170701,325.25602884163925,1.0
Llama2-7B,32,32,1,32,32,3328,0.0015435,0.0008207499313354,0,0.0023642499313354,0.0015435,0.2271994978027343,140845.38174368656,0.5026813645079831,325.6762970573263,1.0
Llama2-7B,32,32,1,32,32,3456,0.0015435,0.0008207499313354,0,0.0023642499313354,0.0015435,0.2271994978027343,140845.38174368656,0.5033300484988962,326.0965652730134,1.0
Llama2-7B,32,32,1,32,32,3584,0.0015435,0.0008207499313354,0,0.0023642499313354,0.0015435,0.2271994978027343,140845.38174368656,0.5039787324898092,326.51683348870046,1.0
Llama2-7B,32,32,1,32,32,3712,0.0015435,0.0008207499313354,0,0.0023642499313354,0.0015435,0.2271994978027343,140845.38174368656,0.5046274164807222,326.93710170438754,1.0
Llama2-7B,32,32,1,32,32,3840,0.0015435,0.0008207499313354,0,0.0023642499313354,0.0015435,0.2271994978027343,140845.38174368656,0.5052761004716352,327.35736992007463,1.0
Llama2-7B,32,32,1,32,32,3968,0.0015435,0.0008207499313354,0,0.0023642499313354,0.0015435,0.2271994978027343,140845.38174368656,0.5059247844625482,327.7776381357617,1.0
Llama2-7B,32,32,1,32,32,4096,0.0015435,0.0008207499313354,0,0.0023642499313354,0.0015435,0.2271994978027343,140845.38174368656,0.5065734684534612,328.1979063514488,1.0
