Model,Device number,Pipeline parallelism,Tensor parallelism,Channels per device,Channels per block,Sequence length,PIM latency,CXL latency,Acc latency,TransformerBlock latency,Embedding latency,Token latency (ms),Throughput (tokens/s),Token energy (mJ),Total power (W),Device utilization
Llama2-13B,8,1,8,32,32,128,0.0293545,0.0047594247860378,0.00098525,0.0350991747860378,0.016064,1.5700309914415145,636.9301023044494,214.63755774090373,182.79783145761613,1.0
Llama2-13B,8,1,8,32,32,256,0.0304745,0.0047594247860378,0.00153525,0.0367691747860378,0.016064,1.636830991441515,610.9366240184186,215.1127321692346,176.4694516474713,1.0
Llama2-13B,8,1,8,32,32,384,0.0315515,0.0047594247860378,0.00208525,0.0383961747860378,0.016064,1.7019109914415145,587.5747938809669,215.58744738099955,170.82186851734429,1.0
Llama2-13B,8,1,8,32,32,512,0.0326715,0.0047594247860378,0.00263525,0.0400661747860378,0.016064,1.7687109914415144,565.3834938770814,216.0626336978304,165.32959436958086,1.0
Llama2-13B,8,1,8,32,32,640,0.0338345,0.0047594247860378,0.00318525,0.0417791747860378,0.016064,1.837230991441515,544.2973717830588,216.5383030082272,159.99815499580836,1.0
Llama2-13B,8,1,8,32,32,768,0.0349545,0.0047594247860378,0.00373525,0.0434491747860378,0.016064,1.904030991441515,525.2015353189782,217.01347743655805,155.21140156242984,1.0
Llama2-13B,8,1,8,32,32,896,0.0360315,0.0047594247860378,0.00428525,0.0450761747860378,0.016064,1.9691109914415144,507.8433894007856,217.48819264832304,150.90142836706983,1.0
Llama2-13B,8,1,8,32,32,1024,0.0371515,0.0047594247860378,0.00483525,0.0467461747860378,0.016064,2.0359109914415146,491.1806086826792,217.9633789651539,146.6719910132525,1.0
Llama2-13B,8,1,8,32,32,1152,0.0397045,0.0047594247860378,0.00538525,0.0498491747860378,0.016064,2.1600309914415146,462.9563205167912,219.75069765482576,138.3663675747245,1.0
Llama2-13B,8,1,8,32,32,1280,0.0408245,0.0047594247860378,0.00593525,0.0515191747860378,0.016064,2.2268309914415148,449.068655790829,220.22587208315664,134.8613406674648,1.0
Llama2-13B,8,1,8,32,32,1408,0.0419015,0.0047594247860378,0.00648525,0.0531461747860378,0.016064,2.2919109914415148,436.31711865522425,220.7005872949216,131.67821396305715,1.0
Llama2-13B,8,1,8,32,32,1536,0.0430215,0.0047594247860378,0.00703525,0.0548161747860378,0.016064,2.3587109914415145,423.96037650583673,221.17577361175253,128.52630290189353,1.0
Llama2-13B,8,1,8,32,32,1664,0.0441845,0.0047594247860378,0.00758525,0.0565291747860378,0.016064,2.427230991441515,411.9921027401299,221.65144292214927,125.4124426677621,1.0
Llama2-13B,8,1,8,32,32,1792,0.0453045,0.0047594247860378,0.00813525,0.0581991747860378,0.016064,2.494030991441514,400.95732708678736,222.12661735048016,122.57425716566796,1.0
Llama2-13B,8,1,8,32,32,1920,0.0463815,0.0047594247860378,0.0086852499999999,0.0598261747860378,0.016064,2.5591109914415147,390.760699064761,222.60133256224503,119.98390121182211,1.0
Llama2-13B,8,1,8,32,32,2048,0.0475015,0.0047594247860378,0.00923525,0.0614961747860378,0.016064,2.625910991441515,380.8202194435547,223.076518879076,117.40498662098884,1.0
Llama2-13B,8,1,8,32,32,2176,0.0500225,0.0047594247860378,0.0097852499999999,0.0645671747860378,0.016064,2.7487509914415145,363.8015968392884,224.78275138720656,112.34082232355772,1.0
Llama2-13B,8,1,8,32,32,2304,0.0511425,0.0047594247860378,0.01033525,0.0662371747860378,0.016064,2.8155509914415147,355.1702679296946,225.2579258155375,110.11288351935156,1.0
Llama2-13B,8,1,8,32,32,2432,0.0522195,0.0047594247860378,0.0108852499999999,0.0678641747860378,0.016064,2.880630991441515,347.1461644934895,225.7326410273025,108.0691317550448,1.0
Llama2-13B,8,1,8,32,32,2560,0.0533395,0.0047594247860378,0.01143525,0.0695341747860378,0.016064,2.947430991441515,339.2785116610737,226.2078273441333,106.02266019747717,1.0
Llama2-13B,8,1,8,32,32,2688,0.0545025,0.0047594247860378,0.01198525,0.0712471747860378,0.016064,3.015950991441515,331.5703745975118,226.68349665453005,103.9784856908078,1.0
Llama2-13B,8,1,8,32,32,2816,0.0556225,0.0047594247860378,0.01253525,0.0729171747860378,0.016064,3.0827509914415145,324.3855902653991,227.15867108286105,102.09837344728346,1.0
Llama2-13B,8,1,8,32,32,2944,0.0566995,0.0047594247860378,0.01308525,0.0745441747860378,0.016064,3.1478309914415146,317.6790630497163,227.63338629462584,100.36833935688408,1.0
Llama2-13B,8,1,8,32,32,3072,0.0578195,0.0047594247860378,0.01363525,0.0762141747860378,0.016064,3.2146309914415148,311.07769528208803,228.1085726114568,98.62960273413675,1.0
Llama2-13B,8,1,8,32,32,3200,0.0603405,0.0047594247860378,0.01418525,0.0792851747860378,0.016064,3.3374709914415144,299.6280724429853,229.81480511958745,95.2158190268507,1.0
Llama2-13B,8,1,8,32,32,3328,0.0614605,0.0047594247860378,0.0147352499999999,0.0809551747860378,0.016064,3.4042709914415146,293.748647658792,230.2899795479183,93.67397741147497,1.0
Llama2-13B,8,1,8,32,32,3456,0.0625375,0.0047594247860378,0.01528525,0.0825821747860378,0.016064,3.4693509914415146,288.238348459664,230.7646947596832,92.25052758732087,1.0
Llama2-13B,8,1,8,32,32,3584,0.0636575,0.0047594247860378,0.01583525,0.0842521747860378,0.016064,3.5361509914415152,282.7933542488097,231.2398810765141,90.8140757477572,1.0
Llama2-13B,8,1,8,32,32,3712,0.0648205,0.0047594247860378,0.01638525,0.0859651747860378,0.016064,3.604670991441515,277.4178288044252,231.71555038691088,89.36815914213516,1.0
Llama2-13B,8,1,8,32,32,3840,0.0659405,0.0047594247860378,0.01693525,0.0876351747860378,0.016064,3.671470991441515,272.3703938642244,232.1907248152417,88.03039285994264,1.0
Llama2-13B,8,1,8,32,32,3968,0.0670175,0.0047594247860378,0.01748525,0.0892621747860378,0.016064,3.736550991441515,267.6264828957178,232.6654400270068,86.79279293729499,1.0
Llama2-13B,8,1,8,32,32,4096,0.0681375,0.0047594247860378,0.01803525,0.0909321747860378,0.016064,3.803350991441515,262.9260360798276,233.14062634383765,85.540497649546,1.0
Llama2-13B,8,2,4,32,32,128,0.0368165,0.0045839222208658,0.00098525,0.0423856722208658,0.024332,1.869758888834636,1069.6566343088973,158.66851392516347,215.48560282096813,1.0
Llama2-13B,8,2,4,32,32,256,0.0379365,0.0045839222208658,0.00153525,0.0440556722208658,0.024332,1.9365588888346352,1032.759711843073,159.13963407855118,209.7447498827661,1.0
Llama2-13B,8,2,4,32,32,384,0.0390135,0.0045839222208658,0.00208525,0.0456826722208658,0.024332,2.0016388888346355,999.1812265220378,159.61029501537288,204.5577748925024,1.0
Llama2-13B,8,2,4,32,32,512,0.0401335,0.0045839222208658,0.00263525,0.0473526722208658,0.024332,2.068438888834636,966.9127818065756,160.08142705726056,199.43616561882288,1.0
Llama2-13B,8,2,4,32,32,640,0.0412965,0.0045839222208658,0.00318525,0.0490656722208658,0.024332,2.136958888834636,935.9094414262108,160.55304209271415,194.39061675046813,1.0
Llama2-13B,8,2,4,32,32,768,0.0424165,0.0045839222208658,0.00373525,0.0507356722208658,0.024332,2.203758888834636,907.5402985930168,161.02416224610184,189.81311782690904,1.0
Llama2-13B,8,2,4,32,32,896,0.0434935,0.0045839222208658,0.00428525,0.0523626722208658,0.024332,2.268838888834635,881.5081625418007,161.49482318292357,185.6539749421449,1.0
Llama2-13B,8,2,4,32,32,1024,0.0446135,0.0045839222208658,0.00483525,0.0540326722208658,0.024332,2.335638888834635,856.2967544173313,161.9659552248112,181.5212382180408,1.0
Llama2-13B,8,2,4,32,32,1152,0.0471665,0.0045839222208658,0.00538525,0.0571356722208658,0.024332,2.459758888834635,813.0878229888393,163.74921963953992,173.58635858028464,1.0
Llama2-13B,8,2,4,32,32,1280,0.0482865,0.0045839222208658,0.00593525,0.0588056722208658,0.024332,2.526558888834636,791.5904944224322,164.22033979292758,170.04788066325736,1.0
Llama2-13B,8,2,4,32,32,1408,0.0493635,0.0045839222208658,0.00648525,0.0604326722208658,0.024332,2.591638888834635,771.7124513821934,164.69100072974933,166.81454995062074,1.0
Llama2-13B,8,2,4,32,32,1536,0.0504835,0.0045839222208658,0.00703525,0.0621026722208658,0.024332,2.658438888834635,752.3212244599418,165.16213277163703,163.5803111626937,1.0
Llama2-13B,8,2,4,32,32,1664,0.0516465,0.0045839222208658,0.00758525,0.0638156722208658,0.024332,2.726958888834635,733.4177307141947,165.63374780709057,160.35331320330582,1.0
Llama2-13B,8,2,4,32,32,1792,0.0527665,0.0045839222208658,0.00813525,0.0654856722208658,0.024332,2.793758888834635,715.8813911941638,166.10486796047823,157.3961395586957,1.0
Llama2-13B,8,2,4,32,32,1920,0.0538435,0.0045839222208658,0.0086852499999999,0.0671126722208659,0.024332,2.858838888834636,699.58471875107,166.57552889730005,154.68490058902194,1.0
Llama2-13B,8,2,4,32,32,2048,0.0549635,0.0045839222208658,0.00923525,0.0687826722208658,0.024332,2.925638888834635,683.6113669505729,167.04666093918766,151.96144799656835,1.0
Llama2-13B,8,2,4,32,32,2176,0.0597445,0.0045839222208658,0.0097852499999999,0.0741136722208658,0.024332,3.1388788888346344,637.1701715266039,170.5601946916922,142.7413357645408,1.0
Llama2-13B,8,2,4,32,32,2304,0.0608645,0.0045839222208658,0.01033525,0.0757836722208658,0.024332,3.2056788888346355,623.8928069077632,171.0313148450798,140.5017003713822,1.0
Llama2-13B,8,2,4,32,32,2432,0.0619415,0.0045839222208658,0.0108852499999999,0.0774106722208658,0.024332,3.270758888834635,611.4788854743726,171.5019757819016,138.43866856784354,1.0
Llama2-13B,8,2,4,32,32,2560,0.0630615,0.0045839222208658,0.01143525,0.0790806722208659,0.024332,3.337558888834636,599.240362976287,171.97310782378932,136.353486535992,1.0
Llama2-13B,8,2,4,32,32,2688,0.0642245,0.0045839222208658,0.01198525,0.0807936722208658,0.024332,3.406078888834635,587.1854602534721,172.44472285924283,134.25151060673335,1.0
Llama2-13B,8,2,4,32,32,2816,0.0653445,0.0045839222208658,0.01253525,0.0824636722208658,0.024332,3.472878888834635,575.8910874865329,172.9158430126305,132.31093895632418,1.0
Llama2-13B,8,2,4,32,32,2944,0.0664215,0.0045839222208658,0.01308525,0.0840906722208658,0.024332,3.537958888834635,565.2976936254842,173.38650394945222,130.5198647647616,1.0
Llama2-13B,8,2,4,32,32,3072,0.0675415,0.0045839222208658,0.01363525,0.0857606722208658,0.024332,3.604758888834636,554.8221286574231,173.8576359913399,128.70430475436575,1.0
Llama2-13B,8,2,4,32,32,3200,0.0700625,0.0045839222208658,0.01418525,0.0888316722208658,0.024332,3.7275988888346334,536.5384151150618,175.55981422452743,125.28800301482774,1.0
Llama2-13B,8,2,4,32,32,3328,0.0711825,0.0045839222208658,0.0147352499999999,0.0905016722208658,0.024332,3.7943988888346354,527.0927118087617,176.03093437791495,123.6476201158396,1.0
Llama2-13B,8,2,4,32,32,3456,0.0722595,0.0045839222208658,0.01528525,0.0921286722208658,0.024332,3.8594788888346354,518.204674155867,176.50159531473676,122.13037407865868,1.0
Llama2-13B,8,2,4,32,32,3584,0.0733795,0.0045839222208658,0.01583525,0.0937986722208658,0.024332,3.926278888834635,509.3881653917924,176.97272735662438,120.58730800606736,1.0
Llama2-13B,8,2,4,32,32,3712,0.0745425,0.0045839222208658,0.01638525,0.0955116722208658,0.024332,3.994798888834635,500.6509853574734,177.444342392078,119.02226407222592,1.0
Llama2-13B,8,2,4,32,32,3840,0.0756625,0.0045839222208658,0.01693525,0.0971816722208658,0.024332,4.061598888834635,492.4169162784672,177.9154625454656,117.57175783609162,1.0
Llama2-13B,8,2,4,32,32,3968,0.0767395,0.0045839222208658,0.01748525,0.0988086722208659,0.024332,4.126678888834635,484.6512301723567,178.38612348228736,116.2283592428198,1.0
Llama2-13B,8,2,4,32,32,4096,0.0778595,0.0045839222208658,0.01803525,0.1004786722208658,0.024332,4.193478888834636,476.9309809392645,178.85725552417512,114.85898029410352,1.0
Llama2-13B,8,4,2,32,32,128,0.0529295,0.0042163602447509,0.00098525,0.0581311102447509,0.040868,2.516112409790039,1589.754092240174,134.4840250912379,254.0814197965933,1.0
Llama2-13B,8,4,2,32,32,256,0.0540495,0.0042163602447509,0.00153525,0.0598011102447509,0.040868,2.582912409790039,1548.6394292112886,134.9531181071539,249.6843044008805,1.0
Llama2-13B,8,4,2,32,32,384,0.0551265,0.0042163602447509,0.00208525,0.0614281102447509,0.040868,2.647992409790039,1510.5783480388309,135.4217519065041,245.65635748052944,1.0
Llama2-13B,8,4,2,32,32,512,0.0562465,0.0042163602447509,0.00263525,0.0630981102447509,0.040868,2.71479240979004,1473.4091584959742,135.8908568109201,241.5987782545049,1.0
Llama2-13B,8,4,2,32,32,640,0.0574095,0.0042163602447509,0.00318525,0.0648111102447509,0.040868,2.783312409790039,1437.1365520918089,136.3604447089021,237.52243915885373,1.0
Llama2-13B,8,4,2,32,32,768,0.0585295,0.0042163602447509,0.00373525,0.0664811102447509,0.040868,2.8501124097900385,1403.4534168758175,136.82953772481812,233.7787572503065,1.0
Llama2-13B,8,4,2,32,32,896,0.0596065,0.0042163602447509,0.00428525,0.0681081102447509,0.040868,2.9151924097900395,1372.1221235918665,137.29817152416834,230.3409385287985,1.0
Llama2-13B,8,4,2,32,32,1024,0.0607265,0.0042163602447509,0.00483525,0.0697781102447509,0.040868,2.981992409790039,1341.38503735549,137.76727642858444,226.8651683014572,1.0
Llama2-13B,8,4,2,32,32,1152,0.0655395,0.0042163602447509,0.00538525,0.0751411102447509,0.040868,3.1965124097900386,1251.363826321806,141.3598692251585,215.6865237378353,1.0
Llama2-13B,8,4,2,32,32,1280,0.0666595,0.0042163602447509,0.00593525,0.0768111102447509,0.040868,3.263312409790039,1225.7484107252114,141.82896224107463,212.76631574055403,1.0
Llama2-13B,8,4,2,32,32,1408,0.0677365,0.0042163602447509,0.00648525,0.0784381102447509,0.040868,3.32839240979004,1201.7813729638708,142.2975960404248,210.07521209454984,1.0
Llama2-13B,8,4,2,32,32,1536,0.0688565,0.0042163602447509,0.00703525,0.0801081102447509,0.040868,3.395192409790039,1178.1364698112536,142.7667009448408,207.3394682344308,1.0
Llama2-13B,8,4,2,32,32,1664,0.0700195,0.0042163602447509,0.00758525,0.0818211102447509,0.040868,3.463712409790039,1154.8302880730416,143.23628884282277,204.56628345364183,1.0
Llama2-13B,8,4,2,32,32,1792,0.0711395,0.0042163602447509,0.00813525,0.0834911102447509,0.040868,3.5305124097900387,1132.9800141498106,143.70538185873886,202.0050490356818,1.0
Llama2-13B,8,4,2,32,32,1920,0.0722165,0.0042163602447509,0.0086852499999999,0.0851181102447509,0.040868,3.5955924097900387,1112.4731460409264,144.17401565808905,199.64137788190925,1.0
Llama2-13B,8,4,2,32,32,2048,0.0733365,0.0042163602447509,0.00923525,0.0867881102447509,0.040868,3.662392409790039,1092.182254776275,144.64312056250506,197.2321021080977,1.0
Llama2-13B,8,4,2,32,32,2176,0.0781175,0.0042163602447509,0.0097852499999999,0.0921191102447509,0.040868,3.875632409790039,1032.0896248818135,148.15462717753798,189.65612977570703,1.0
Llama2-13B,8,4,2,32,32,2304,0.0792375,0.0042163602447509,0.01033525,0.0937891102447509,0.040868,3.94243240979004,1014.602048742042,148.62372019345403,187.56740204253543,1.0
Llama2-13B,8,4,2,32,32,2432,0.0803145,0.0042163602447509,0.0108852499999999,0.0954161102447509,0.040868,4.007512409790039,998.12541820914,149.09235399280416,185.6356622936134,1.0
Llama2-13B,8,4,2,32,32,2560,0.0814345,0.0042163602447509,0.01143525,0.0970861102447509,0.040868,4.074312409790039,981.7607482402487,149.56145889722023,183.65859543218195,1.0
Llama2-13B,8,4,2,32,32,2688,0.0825975,0.0042163602447509,0.01198525,0.0987991102447509,0.040868,4.14283240979004,965.5230056005864,150.03104679520217,181.6411474865489,1.0
Llama2-13B,8,4,2,32,32,2816,0.0837175,0.0042163602447509,0.01253525,0.1004691102447509,0.040868,4.209632409790039,950.2017303690192,150.50013981111826,179.77142152013408,1.0
Llama2-13B,8,4,2,32,32,2944,0.0847945,0.0042163602447509,0.01308525,0.1020961102447509,0.040868,4.274712409790038,935.7354639435192,150.9687736104684,178.040761618346,1.0
Llama2-13B,8,4,2,32,32,3072,0.0859145,0.0042163602447509,0.01363525,0.1037661102447509,0.040868,4.341512409790039,921.337916938822,151.4378785148845,176.26579740891754,1.0
Llama2-13B,8,4,2,32,32,3200,0.0906955,0.0042163602447509,0.01418525,0.1090971102447509,0.040868,4.554752409790039,878.2036080385736,154.94938512991737,170.84572567538342,1.0
Llama2-13B,8,4,2,32,32,3328,0.0918155,0.0042163602447509,0.0147352499999999,0.1107671102447509,0.040868,4.621552409790039,865.5100376069788,155.4184781458334,169.2725935662643,1.0
Llama2-13B,8,4,2,32,32,3456,0.0928925,0.0042163602447509,0.01528525,0.1123941102447509,0.040868,4.686632409790039,853.4913025489874,155.88711194518353,167.8145296392966,1.0
Llama2-13B,8,4,2,32,32,3584,0.0940125,0.0042163602447509,0.01583525,0.1140641102447509,0.040868,4.7534324097900384,841.4971866985444,156.35621684959966,166.31428464257368,1.0
Llama2-13B,8,4,2,32,32,3712,0.0951755,0.0042163602447509,0.01638525,0.1157771102447509,0.040868,4.821952409790039,829.5395018579561,156.8258047475816,164.7753936124124,1.0
Llama2-13B,8,4,2,32,32,3840,0.0962955,0.0042163602447509,0.01693525,0.1174471102447509,0.040868,4.888752409790039,818.2046593298004,157.29489776349763,163.3460522698336,1.0
Llama2-13B,8,4,2,32,32,3968,0.0973725,0.0042163602447509,0.01748525,0.1190741102447509,0.040868,4.95383240979004,807.4556563712122,157.76353156284782,162.02062344383455,1.0
Llama2-13B,8,4,2,32,32,4096,0.0984925,0.0042163602447509,0.01803525,0.1207441102447509,0.040868,5.020632409790039,796.7123807351749,158.2326364672639,160.65450310151925,1.0
Llama2-13B,8,8,1,32,32,128,0.088031,0.0035309068298339,0.00098525,0.0925471568298339,0.077148,3.929034273193359,2036.1237504548224,126.9042865881198,288.31726684490656,1.0
Llama2-13B,8,8,1,32,32,256,0.089151,0.0035309068298339,0.00153525,0.0942171568298339,0.077148,3.99583427319336,2002.0850348246856,127.37236603530008,285.74523232560495,1.0
Llama2-13B,8,8,1,32,32,384,0.090228,0.0035309068298339,0.00208525,0.0958441568298339,0.077148,4.06091427319336,1969.9997246455248,127.39364799584088,282.3816287534709,1.0
Llama2-13B,8,8,1,32,32,512,0.091348,0.0035309068298339,0.00263525,0.0975141568298339,0.077148,4.12771427319336,1938.1186464272607,128.30807760159462,280.9214818093328,1.0
Llama2-13B,8,8,1,32,32,640,0.094771,0.0035309068298339,0.00318525,0.1014871568298339,0.077148,4.28663427319336,1866.2660470076307,130.58800745015787,275.5864292877735,1.0
Llama2-13B,8,8,1,32,32,768,0.095891,0.0035309068298339,0.00373525,0.1031571568298339,0.077148,4.35343427319336,1837.6296730286424,131.05608689733816,273.3438735592249,1.0
Llama2-13B,8,8,1,32,32,896,0.096968,0.0035309068298339,0.00428525,0.1047841568298339,0.077148,4.41851427319336,1810.5633489825125,131.07742982500315,270.35193017284706,1.0
Llama2-13B,8,8,1,32,32,1024,0.098088,0.0035309068298339,0.00483525,0.1064541568298339,0.077148,4.485314273193359,1783.5985424281828,131.99179846363273,269.12935010120054,1.0
Llama2-13B,8,8,1,32,32,1152,0.102901,0.0035309068298339,0.00538525,0.1118171568298339,0.077148,4.69983427319336,1702.1876804528902,135.58337769147113,263.52198266580723,1.0
Llama2-13B,8,8,1,32,32,1280,0.104021,0.0035309068298339,0.00593525,0.1134871568298339,0.077148,4.76663427319336,1678.3330839939767,136.05145713865133,261.58459760750503,1.0
Llama2-13B,8,8,1,32,32,1408,0.105098,0.0035309068298339,0.00648525,0.1151141568298339,0.077148,4.831714273193359,1655.727045861234,136.07280006631632,258.9446042100068,1.0
Llama2-13B,8,8,1,32,32,1536,0.106218,0.0035309068298339,0.00703525,0.1167841568298339,0.077148,4.89851427319336,1633.1482473735389,136.9871687049459,257.9358841344142,1.0
Llama2-13B,8,8,1,32,32,1664,0.109641,0.0035309068298339,0.00758525,0.1207571568298339,0.077148,5.05743427319336,1581.8297515804684,139.2670985535092,254.04200719349373,1.0
Llama2-13B,8,8,1,32,32,1792,0.110761,0.0035309068298339,0.00813525,0.1224271568298339,0.077148,5.12423427319336,1561.2088701429527,139.7351780006895,252.31837560276543,1.0
Llama2-13B,8,8,1,32,32,1920,0.111838,0.0035309068298339,0.0086852499999999,0.1240541568298339,0.077148,5.18931427319336,1541.6295061037076,139.7565209283545,249.9267170878494,1.0
Llama2-13B,8,8,1,32,32,2048,0.112958,0.0035309068298339,0.00923525,0.1257241568298339,0.077148,5.25611427319336,1522.0369238927503,140.6708895669841,249.0675995803468,1.0
Llama2-13B,8,8,1,32,32,2176,0.117739,0.0035309068298339,0.0097852499999999,0.1310551568298339,0.077148,5.46935427319336,1462.6955213360293,144.1813826132812,244.916947847835,1.0
Llama2-13B,8,8,1,32,32,2304,0.118859,0.0035309068298339,0.01033525,0.132725156829834,0.077148,5.53615427319336,1445.046435706613,144.64946206046142,243.39673404699928,1.0
Llama2-13B,8,8,1,32,32,2432,0.119936,0.0035309068298339,0.0108852499999999,0.1343521568298339,0.077148,5.60123427319336,1428.256632343832,144.67080498812646,241.24667320592064,1.0
Llama2-13B,8,8,1,32,32,2560,0.121056,0.0035309068298339,0.01143525,0.1360221568298339,0.077148,5.66803427319336,1411.424069511283,145.58517362675602,240.5253331131973,1.0
Llama2-13B,8,8,1,32,32,2688,0.124479,0.0035309068298339,0.01198525,0.139995156829834,0.077148,5.82695427319336,1372.9299433159513,147.86510347531927,237.574375557836,1.0
Llama2-13B,8,8,1,32,32,2816,0.125599,0.0035309068298339,0.01253525,0.1416651568298339,0.077148,5.893754273193359,1357.36911129575,148.3331829224996,236.2012164467864,1.0
Llama2-13B,8,8,1,32,32,2944,0.126676,0.0035309068298339,0.01308525,0.1432921568298339,0.077148,5.95883427319336,1342.544469811672,148.3545258501645,234.22672937283232,1.0
Llama2-13B,8,8,1,32,32,3072,0.127796,0.0035309068298339,0.01363525,0.144962156829834,0.077148,6.0256342731933605,1327.6610622702628,149.26889448879416,233.6049555366274,1.0
Llama2-13B,8,8,1,32,32,3200,0.132577,0.0035309068298339,0.01418525,0.150293156829834,0.077148,6.23887427319336,1282.2826121650965,152.77938753509127,230.47645901640743,1.0
Llama2-13B,8,8,1,32,32,3328,0.133697,0.0035309068298339,0.0147352499999999,0.151963156829834,0.077148,6.30567427319336,1268.698580579962,153.24746698227145,229.24593219334992,1.0
Llama2-13B,8,8,1,32,32,3456,0.134774,0.0035309068298339,0.01528525,0.1535901568298339,0.077148,6.37075427319336,1255.7382779088064,153.26880990993644,227.44566446041,1.0
Llama2-13B,8,8,1,32,32,3584,0.135894,0.0035309068298339,0.01583525,0.1552601568298339,0.077148,6.437554273193359,1242.707969595352,154.18317854856608,226.9168301007641,1.0
Llama2-13B,8,8,1,32,32,3712,0.139317,0.0035309068298339,0.01638525,0.1592331568298339,0.077148,6.596474273193359,1212.7690746116095,156.4631083971293,224.6145242822188,1.0
Llama2-13B,8,8,1,32,32,3840,0.140437,0.0035309068298339,0.01693525,0.160903156829834,0.077148,6.663274273193361,1200.6109417083946,156.93118784430968,223.4898037473168,1.0
Llama2-13B,8,8,1,32,32,3968,0.141514,0.0035309068298339,0.01748525,0.162530156829834,0.077148,6.72835427319336,1188.9980335716034,156.95253077197464,221.81908612854508,1.0
Llama2-13B,8,8,1,32,32,4096,0.142634,0.0035309068298339,0.01803525,0.164200156829834,0.077148,6.7951542731933605,1177.3095471223828,157.8668994106042,221.35942259293608,1.0
Llama2-13B,8,40,1,32,6,128,0.42814,0.0003588139343261,0.00492625,0.4334250639343262,0.3976785,17.884681057373047,2236.550927113671,119.91709791602705,280.0885175784253,1.0
Llama2-13B,8,40,1,32,6,256,0.435736,0.0003588139343261,0.00767625,0.4437710639343262,0.3976785,18.298521057373048,2185.9690121723115,120.62320654627662,276.82635023563955,1.0
Llama2-13B,8,40,1,32,6,384,0.443332,0.0003588139343261,0.01042625,0.4541170639343262,0.3976785,18.712361057373048,2137.6244225599307,121.29349837322872,273.59518007549366,1.0
Llama2-13B,8,40,1,32,6,512,0.453188,0.0003588139343261,0.01317625,0.4667230639343261,0.3976785,19.216601057373047,2081.533559476833,122.37536282989174,270.0322224549013,1.0
Llama2-13B,8,40,1,32,6,640,0.460784,0.0003588139343261,0.01592625,0.4770690639343262,0.3976785,19.630441057373048,2037.6516188858784,123.0814714601414,267.1131624799067,1.0
Llama2-13B,8,40,1,32,6,768,0.46838,0.0003588139343261,0.01867625,0.4874150639343262,0.3976785,20.04428105737305,1995.581676664152,123.75082671509348,264.2103136664536,1.0
Llama2-13B,8,40,1,32,6,896,0.478236,0.0003588139343261,0.02142625,0.5000210639343262,0.3976785,20.548521057373048,1946.6121132667856,124.83362774375652,261.02934062629447,1.0
Llama2-13B,8,40,1,32,6,1024,0.485832,0.0003588139343261,0.02417625,0.5103670639343262,0.3976785,20.962361057373048,1908.181997749289,125.53973637400608,258.40153875003307,1.0
Llama2-13B,8,40,1,32,6,1152,0.49804,0.0003588139343261,0.02692625,0.5253250639343262,0.3976785,21.56068105737305,1855.228964871743,126.99215738984878,254.98385147748928,1.0
Llama2-13B,8,40,1,32,6,1280,0.507896,0.0003588139343261,0.02967625,0.5379310639343261,0.3976785,22.064921057373045,1812.8322279509769,128.07608085411178,252.1698947306373,1.0
Llama2-13B,8,40,1,32,6,1408,0.515492,0.0003588139343261,0.03242625,0.5482770639343261,0.3976785,22.47876105737304,1779.4575020352372,128.7821894843614,249.82383719701065,1.0
Llama2-13B,8,40,1,32,6,1536,0.523088,0.0003588139343261,0.03517625,0.5586230639343261,0.3976785,22.89260105737305,1747.2894364320018,129.44948573171348,247.47171743896533,1.0
Llama2-13B,8,40,1,32,6,1664,0.532944,0.0003588139343261,0.03792625,0.5712290639343262,0.3976785,23.396841057373045,1709.6325055982206,130.53434576797656,244.9306977242948,1.0
Llama2-13B,8,40,1,32,6,1792,0.54054,0.0003588139343261,0.04067625,0.5815750639343261,0.3976785,23.81068105737305,1679.918348560378,131.2404543982261,242.7950834318017,1.0
Llama2-13B,8,40,1,32,6,1920,0.548136,0.0003588139343261,0.0434262499999999,0.5919210639343261,0.3976785,24.224521057373043,1651.2194360938863,131.9068140735782,240.64614269739312,1.0
Llama2-13B,8,40,1,32,6,2048,0.557992,0.0003588139343261,0.04617625,0.6045270639343262,0.3976785,24.72876105737305,1617.5496987979398,132.99261068184128,238.341429056046,1.0
Llama2-13B,8,40,1,32,6,2176,0.5702,0.0003588139343261,0.0489262499999999,0.6194850639343261,0.3976785,25.327081057373046,1579.337149408912,134.48290750858138,235.8521703061757,1.0
Llama2-13B,8,40,1,32,6,2304,0.577796,0.0003588139343261,0.05167625,0.6298310639343261,0.3976785,25.740921057373043,1553.945948975384,135.1481447483335,233.9028735891795,1.0
Llama2-13B,8,40,1,32,6,2432,0.587652,0.0003588139343261,0.0544262499999999,0.6424370639343261,0.3976785,26.245161057373043,1524.0904756712405,136.23506379219654,231.82949056958296,1.0
Llama2-13B,8,40,1,32,6,2560,0.595248,0.0003588139343261,0.05717625,0.6527830639343262,0.3976785,26.659001057373047,1500.431314508585,136.94117242244613,230.0573415155467,1.0
Llama2-13B,8,40,1,32,6,2688,0.602844,0.0003588139343261,0.05992625,0.6631290639343261,0.3976785,27.072841057373044,1477.4954691763448,137.6054730901983,228.2605003785362,1.0
Llama2-13B,8,40,1,32,6,2816,0.6127,0.0003588139343261,0.06267625,0.6757350639343261,0.3976785,27.577081057373046,1450.4798356570643,138.6933287060613,226.364172851414,1.0
Llama2-13B,8,40,1,32,6,2944,0.620296,0.0003588139343261,0.0654262499999999,0.6860810639343261,0.3976785,27.990921057373043,1429.034790173997,139.39943733631085,224.73051145954656,1.0
Llama2-13B,8,40,1,32,6,3072,0.627892,0.0003588139343261,0.06817625,0.6964270639343262,0.3976785,28.404761057373047,1408.2146270903822,140.06280143206297,223.06830065053063,1.0
Llama2-13B,8,40,1,32,6,3200,0.64236,0.0003588139343261,0.07092625,0.7136450639343261,0.3976785,29.093481057373044,1374.8784451444308,141.9357818164166,220.9598695691148,1.0
Llama2-13B,8,40,1,32,6,3328,0.649956,0.0003588139343261,0.07367625,0.7239910639343261,0.3976785,29.507321057373044,1355.5957832371614,142.64189044666614,219.46391824472144,1.0
Llama2-13B,8,40,1,32,6,3456,0.657552,0.0003588139343261,0.07642625,0.7343370639343262,0.3976785,29.921161057373048,1336.8465188667324,143.3041321068183,217.9358166454033,1.0
Llama2-13B,8,40,1,32,6,3584,0.667408,0.0003588139343261,0.07917625,0.7469430639343262,0.3976785,30.425401057373048,1314.6909690548423,144.39404673028136,216.35048835237416,1.0
Llama2-13B,8,40,1,32,6,3712,0.675004,0.0003588139343261,0.08192625,0.7572890639343262,0.3976785,30.839241057373048,1297.0487803375045,145.1001553605309,214.9619192783019,1.0
Llama2-13B,8,40,1,32,6,3840,0.6826,0.0003588139343261,0.08467625,0.7676350639343261,0.3976785,31.253081057373045,1279.8738123313265,145.76146044868307,213.5386177097613,1.0
Llama2-13B,8,40,1,32,6,3968,0.692456,0.0003588139343261,0.08742625,0.7802410639343261,0.3976785,31.757321057373044,1259.552086516859,146.852311644146,212.07457462155872,1.0
Llama2-13B,8,40,1,32,6,4096,0.700052,0.0003588139343261,0.09017625,0.7905870639343261,0.3976785,32.17116105737304,1243.349592781723,147.55842027439564,210.7820851513825,1.0
Llama2-13B,20,1,20,32,32,128,0.0230815,0.0094062218148367,0.00098525,0.0334729718148367,0.010106,1.499024872593471,667.1003385486824,324.1529520630794,351.09606401563934,1.0
Llama2-13B,20,1,20,32,32,256,0.0242015,0.0094062218148367,0.00153525,0.0351429718148367,0.010106,1.565824872593471,638.6410239758825,324.6402893162399,335.3514134622231,1.0
Llama2-13B,20,1,20,32,32,384,0.0252785,0.0094062218148367,0.00208525,0.0367699718148367,0.010106,1.6309048725934707,613.1565468988982,325.1271673528344,321.54515433355846,1.0
Llama2-13B,20,1,20,32,32,512,0.0263985,0.0094062218148367,0.00263525,0.0384399718148367,0.010106,1.6977048725934707,589.0305294773447,325.6145164944949,308.3646007296768,1.0
Llama2-13B,20,1,20,32,32,640,0.0275615,0.0094062218148367,0.00318525,0.0401529718148367,0.010106,1.766224872593471,566.1793215105336,326.1023486297213,295.7951749992936,1.0
Llama2-13B,20,1,20,32,32,768,0.0286815,0.0094062218148367,0.00373525,0.0418229718148367,0.010106,1.8330248725934708,545.546334341411,326.5896858828818,284.6692867204312,1.0
Llama2-13B,20,1,20,32,32,896,0.0297585,0.0094062218148367,0.00428525,0.0434499718148367,0.010106,1.8981048725934708,526.8412796568256,327.07656391947626,274.7757480379357,1.0
Llama2-13B,20,1,20,32,32,1024,0.0308785,0.0094062218148367,0.00483525,0.0451199718148367,0.010106,1.964904872593471,508.9304901972702,327.5639130611368,265.2038741042608,1.0
Llama2-13B,20,1,20,32,32,1152,0.0334315,0.0094062218148367,0.00538525,0.0482229718148367,0.010106,2.089024872593471,478.6922420691552,329.36339457563827,246.29720067573868,1.0
Llama2-13B,20,1,20,32,32,1280,0.0345515,0.0094062218148367,0.00593525,0.0498929718148367,0.010106,2.1558248725934708,463.8595707437932,329.85073182879887,238.6659999050684,1.0
Llama2-13B,20,1,20,32,32,1408,0.0356285,0.0094062218148367,0.00648525,0.0515199718148367,0.010106,2.220904872593471,450.26692153286416,330.3376098653934,231.79309391736484,1.0
Llama2-13B,20,1,20,32,32,1536,0.0367485,0.0094062218148367,0.00703525,0.0531899718148367,0.010106,2.287704872593471,437.1193207567652,330.8249590070539,225.06017865154624,1.0
Llama2-13B,20,1,20,32,32,1664,0.0379115,0.0094062218148367,0.00758525,0.0549029718148367,0.010106,2.356224872593471,424.4077089718992,331.31279114228033,218.47776475626148,1.0
Llama2-13B,20,1,20,32,32,1792,0.0390315,0.0094062218148367,0.00813525,0.0565729718148367,0.010106,2.4230248725934707,412.7072781261448,331.8001283954409,212.52073863125992,1.0
Llama2-13B,20,1,20,32,32,1920,0.0401085,0.0094062218148367,0.0086852499999999,0.0581999718148367,0.010106,2.4881048725934707,401.9123192977201,332.2870064320353,207.1175726043328,1.0
Llama2-13B,20,1,20,32,32,2048,0.0412285,0.0094062218148367,0.00923525,0.0598699718148367,0.010106,2.554904872593471,391.4040051850952,332.7743555736958,201.78660124288777,1.0
Llama2-13B,20,1,20,32,32,2176,0.0437495,0.0094062218148367,0.0097852499999999,0.0629409718148367,0.010106,2.6777448725934705,373.44857242933386,334.4927509066561,191.14089927122373,1.0
Llama2-13B,20,1,20,32,32,2304,0.0448695,0.0094062218148367,0.01033525,0.0646109718148367,0.010106,2.7445448725934707,364.3591365496769,334.9800881598166,186.641308773118,1.0
Llama2-13B,20,1,20,32,32,2432,0.0459465,0.0094062218148367,0.0108852499999999,0.0662379718148367,0.010106,2.8096248725934707,355.9194003991478,335.4669661964112,182.53129520007568,1.0
Llama2-13B,20,1,20,32,32,2560,0.0470665,0.0094062218148367,0.01143525,0.0679079718148367,0.010106,2.8764248725934705,347.65378700760925,335.9543153380717,178.44662091831327,1.0
Llama2-13B,20,1,20,32,32,2688,0.0482295,0.0094062218148367,0.01198525,0.0696209718148367,0.010106,2.944944872593471,339.5649301643288,336.44214747329806,174.39645210571229,1.0
Llama2-13B,20,1,20,32,32,2816,0.0493495,0.0094062218148367,0.01253525,0.0712909718148367,0.010106,3.011744872593471,332.03343653039275,336.92948472645844,170.6853588822878,1.0
Llama2-13B,20,1,20,32,32,2944,0.0504265,0.0094062218148367,0.01308525,0.0729179718148367,0.010106,3.076824872593471,325.01037316338875,337.4163627630531,167.28127213025553,1.0
Llama2-13B,20,1,20,32,32,3072,0.0515465,0.0094062218148367,0.01363525,0.0745879718148367,0.010106,3.1436248725934712,318.1041124588781,337.90371190471353,163.8829561195782,1.0
Llama2-13B,20,1,20,32,32,3200,0.0540675,0.0094062218148367,0.01418525,0.0776589718148367,0.010106,3.266464872593471,306.1413604628882,339.6221072376739,157.03616185216345,1.0
Llama2-13B,20,1,20,32,32,3328,0.0551875,0.0094062218148367,0.0147352499999999,0.0793289718148367,0.010106,3.333264872593471,300.0061615931358,340.1094444908344,154.0699635292568,1.0
Llama2-13B,20,1,20,32,32,3456,0.0562645,0.0094062218148367,0.01528525,0.0809559718148367,0.010106,3.398344872593471,294.26089390299074,340.596322527429,151.33713199594283,1.0
Llama2-13B,20,1,20,32,32,3584,0.0573845,0.0094062218148367,0.01583525,0.0826259718148367,0.010106,3.465144872593471,288.5882226481212,341.08367166908937,148.5957321528851,1.0
Llama2-13B,20,1,20,32,32,3712,0.0585475,0.0094062218148367,0.01638525,0.0843389718148367,0.010106,3.533664872593471,282.99231422759897,341.57150380431585,145.8523010394619,1.0
Llama2-13B,20,1,20,32,32,3840,0.0596675,0.0094062218148367,0.01693525,0.0860089718148367,0.010106,3.600464872593471,277.7419126102137,342.0588410574764,143.3187418014314,1.0
Llama2-13B,20,1,20,32,32,3968,0.0607445,0.0094062218148367,0.01748525,0.0876359718148367,0.010106,3.665544872593472,272.8107374913878,342.54571909407093,140.97807994718488,1.0
Llama2-13B,20,1,20,32,32,4096,0.0618645,0.0094062218148367,0.01803525,0.0893059718148367,0.010106,3.732344872593471,267.92808117571843,343.03306823573143,138.62274334866177,1.0
Llama2-13B,20,2,10,32,32,128,0.0242705,0.0091337434387207,0.00098525,0.0343894934387207,0.0118385,1.537418237548828,1300.8821875228214,184.2303344637286,379.53551526282655,1.0
Llama2-13B,20,2,10,32,32,256,0.0253905,0.0091337434387207,0.00153525,0.0360594934387207,0.0118385,1.604218237548828,1246.7131673156318,184.7075360295312,363.7335539464192,1.0
Llama2-13B,20,2,10,32,32,384,0.0264675,0.0091337434387207,0.00208525,0.0376864934387207,0.0118385,1.669298237548828,1198.108255920026,185.1842783787677,349.8333397161948,1.0
Llama2-13B,20,2,10,32,32,512,0.0275875,0.0091337434387207,0.00263525,0.0393564934387207,0.0118385,1.736098237548828,1152.0085423413432,185.6614918330702,336.4956807124063,1.0
Llama2-13B,20,2,10,32,32,640,0.0287505,0.0091337434387207,0.00318525,0.0410694934387207,0.0118385,1.804618237548828,1108.2676426436624,186.13918828093853,323.7146976242824,1.0
Llama2-13B,20,2,10,32,32,768,0.0298705,0.0091337434387207,0.00373525,0.0427394934387207,0.0118385,1.8714182375488284,1068.708191397978,186.61638984674104,312.37573834843914,1.0
Llama2-13B,20,2,10,32,32,896,0.0309475,0.0091337434387207,0.00428525,0.0443664934387207,0.0118385,1.936498237548828,1032.7920579631154,187.09313219597755,302.27503384114647,1.0
Llama2-13B,20,2,10,32,32,1024,0.0320675,0.0091337434387207,0.00483525,0.0460364934387206,0.0118385,2.003298237548828,998.3535963407708,187.57034565028007,292.46175356713206,1.0
Llama2-13B,20,2,10,32,32,1152,0.0346205,0.0091337434387207,0.00538525,0.0491394934387207,0.0118385,2.127418237548828,940.1066347463312,189.3596914774236,273.4791402166688,1.0
Llama2-13B,20,2,10,32,32,1280,0.0357405,0.0091337434387207,0.00593525,0.0508094934387207,0.0118385,2.1942182375488284,911.4863625571764,189.83689304322607,265.5767169502749,1.0
Llama2-13B,20,2,10,32,32,1408,0.0368175,0.0091337434387207,0.00648525,0.0524364934387207,0.0118385,2.259298237548828,885.2306290336652,190.31363539246263,258.4554021762242,1.0
Llama2-13B,20,2,10,32,32,1536,0.0379375,0.0091337434387207,0.00703525,0.0541064934387207,0.0118385,2.326098237548828,859.8089142217569,190.79084884676504,251.4541665196245,1.0
Llama2-13B,20,2,10,32,32,1664,0.0391005,0.0091337434387207,0.00758525,0.0558194934387207,0.0118385,2.3946182375488285,835.2062005705067,191.26854529463355,244.5858049061182,1.0
Llama2-13B,20,2,10,32,32,1792,0.0402205,0.0091337434387207,0.00813525,0.0574894934387207,0.0118385,2.461418237548828,812.5396852473453,191.745746860436,238.36817898886883,1.0
Llama2-13B,20,2,10,32,32,1920,0.0412975,0.0091337434387207,0.0086852499999999,0.0591164934387207,0.0118385,2.526498237548828,791.6094973968283,192.2224892096725,232.7289656875992,1.0
Llama2-13B,20,2,10,32,32,2048,0.0424175,0.0091337434387207,0.00923525,0.0607864934387206,0.0118385,2.593298237548828,771.2186631840655,192.69970266397507,227.146463916986,1.0
Llama2-13B,20,2,10,32,32,2176,0.0449385,0.0091337434387207,0.0097852499999999,0.0638574934387207,0.0118385,2.716138237548828,736.3395472112991,194.40796230957724,216.30446311022536,1.0
Llama2-13B,20,2,10,32,32,2304,0.0460585,0.0091337434387207,0.01033525,0.0655274934387207,0.0118385,2.7829382375488283,718.6648891502425,194.8851638753797,211.5626473673477,1.0
Llama2-13B,20,2,10,32,32,2432,0.0471355,0.0091337434387207,0.0108852499999999,0.0671544934387207,0.0118385,2.848018237548828,702.242694106242,195.36190622461623,207.2343628736475,1.0
Llama2-13B,20,2,10,32,32,2560,0.0482555,0.0091337434387207,0.01143525,0.0688244934387207,0.0118385,2.9148182375488285,686.149130753988,195.8391196789188,202.9189622726101,1.0
Llama2-13B,20,2,10,32,32,2688,0.0494185,0.0091337434387207,0.01198525,0.0705374934387207,0.0118385,2.9833382375488284,670.3899594178234,196.3168161267871,198.6268463498357,1.0
Llama2-13B,20,2,10,32,32,2816,0.0505385,0.0091337434387207,0.01253525,0.0722074934387207,0.0118385,3.050138237548828,655.7079857492797,196.7940176925896,194.6971296067252,1.0
Llama2-13B,20,2,10,32,32,2944,0.0516155,0.0091337434387207,0.01308525,0.0738344934387207,0.0118385,3.115218237548828,642.0095953128715,197.2707600418261,191.09643425117085,1.0
Llama2-13B,20,2,10,32,32,3072,0.0527355,0.0091337434387207,0.01363525,0.0755044934387207,0.0118385,3.182018237548828,628.5319098424275,197.74797349612865,187.4903750757352,1.0
Llama2-13B,20,2,10,32,32,3200,0.0552565,0.0091337434387207,0.01418525,0.0785754934387207,0.0118385,3.304858237548828,605.1696793758316,199.45623314173085,180.48214521525145,1.0
Llama2-13B,20,2,10,32,32,3328,0.0563765,0.0091337434387207,0.0147352499999999,0.0802454934387207,0.0118385,3.371658237548828,593.1799307909648,199.93343470753337,177.3198360199137,1.0
Llama2-13B,20,2,10,32,32,3456,0.0574535,0.0091337434387207,0.01528525,0.0818724934387207,0.0118385,3.436738237548828,581.9471434130672,200.41017705676992,174.410764406668,1.0
Llama2-13B,20,2,10,32,32,3584,0.0585735,0.0091337434387207,0.01583525,0.0835424934387207,0.0118385,3.5035382375488275,570.8514833847669,200.8873905110724,171.48317115339907,1.0
Llama2-13B,20,2,10,32,32,3712,0.0597365,0.0091337434387207,0.01638525,0.0852554934387207,0.0118385,3.572058237548828,559.901285756308,201.3650869589408,168.54443008792012,1.0
Llama2-13B,20,2,10,32,32,3840,0.0608565,0.0091337434387207,0.01693525,0.0869254934387207,0.0118385,3.638858237548828,549.6229502326588,201.8422885247432,165.83461793295973,1.0
Llama2-13B,20,2,10,32,32,3968,0.0619335,0.0091337434387207,0.01748525,0.0885524934387207,0.0118385,3.703938237548829,539.9658071306147,202.31903087397984,163.33569947926392,1.0
Llama2-13B,20,2,10,32,32,4096,0.0630535,0.0091337434387207,0.01803525,0.0902224934387207,0.0118385,3.770738237548828,530.4001163708733,202.7962443282823,160.8128369783456,1.0
Llama2-13B,20,4,5,32,32,128,0.0317325,0.0085462119402204,0.00098525,0.0412639619402204,0.0189515,1.8195099776088168,2198.394100183371,155.51390391863728,490.0776929603316,1.0
Llama2-13B,20,4,5,32,32,256,0.0328525,0.0085462119402204,0.00153525,0.0429339619402204,0.0189515,1.8863099776088168,2120.542247817936,155.98603764076063,474.8072068815484,1.0
Llama2-13B,20,4,5,32,32,384,0.0339295,0.0085462119402204,0.00208525,0.0445609619402204,0.0189515,1.9513899776088168,2049.82092041976,156.45771214631822,461.1258997224191,1.0
Llama2-13B,20,4,5,32,32,512,0.0350495,0.0085462119402204,0.00263525,0.0462309619402204,0.0189515,2.018189977608817,1981.9739689418448,156.92985775694166,447.7377929983073,1.0
Llama2-13B,20,4,5,32,32,640,0.0362125,0.0085462119402204,0.00318525,0.0479439619402204,0.0189515,2.086709977608817,1916.8931202330489,157.40248636113105,434.6634072796164,1.0
Llama2-13B,20,4,5,32,32,768,0.0373325,0.0085462119402204,0.00373525,0.0496139619402204,0.0189515,2.1535099776088167,1857.432768638232,157.87462008325457,422.8878861133183,1.0
Llama2-13B,20,4,5,32,32,896,0.0384095,0.0085462119402204,0.00428525,0.0512409619402204,0.0189515,2.2185899776088167,1802.9469349316976,158.3462945888121,412.2581512094978,1.0
Llama2-13B,20,4,5,32,32,1024,0.0395295,0.0085462119402204,0.00483525,0.0529109619402204,0.0189515,2.285389977608817,1750.2483336280156,158.81844019943549,401.771942977866,1.0
Llama2-13B,20,4,5,32,32,1152,0.0420825,0.0085462119402204,0.00538525,0.0560139619402204,0.0189515,2.409509977608817,1660.0885811519136,160.60271818290008,381.6377786084479,1.0
Llama2-13B,20,4,5,32,32,1280,0.0432025,0.0085462119402204,0.00593525,0.0576839619402204,0.0189515,2.4763099776088167,1615.3066603812235,161.0748519050235,372.8368772756752,1.0
Llama2-13B,20,4,5,32,32,1408,0.0442795,0.0085462119402204,0.00648525,0.0593109619402204,0.0189515,2.541389977608817,1573.9418331080312,161.54652641058112,364.83367339419175,1.0
Llama2-13B,20,4,5,32,32,1536,0.0453995,0.0085462119402204,0.00703525,0.0609809619402204,0.0189515,2.608189977608817,1533.6306152311772,162.0186720212045,356.8732519547672,1.0
Llama2-13B,20,4,5,32,32,1664,0.0465625,0.0085462119402204,0.00758525,0.0626939619402204,0.0189515,2.676709977608817,1494.3718346256237,162.4913006253939,348.9746053699735,1.0
Llama2-13B,20,4,5,32,32,1792,0.0476825,0.0085462119402204,0.00813525,0.0643639619402204,0.0189515,2.743509977608817,1457.98631411806,162.9634343475174,341.7678065275885,1.0
Llama2-13B,20,4,5,32,32,1920,0.0487595,0.0085462119402204,0.0086852499999999,0.0659909619402204,0.0189515,2.808589977608817,1424.2021910957358,163.43510885307492,335.1861870057629,1.0
Llama2-13B,20,4,5,32,32,2048,0.0498795,0.0085462119402204,0.00923525,0.0676609619402204,0.0189515,2.8753899776088168,1391.115650798231,163.90725446369842,328.6064504730369,1.0
Llama2-13B,20,4,5,32,32,2176,0.0524005,0.0085462119402204,0.0097852499999999,0.0707319619402204,0.0189515,2.998229977608817,1334.120474370724,165.61044626562165,316.04745425257704,1.0
Llama2-13B,20,4,5,32,32,2304,0.0535205,0.0085462119402204,0.01033525,0.0724019619402204,0.0189515,3.065029977608817,1305.044332101639,166.0825799877451,310.31582288608126,1.0
Llama2-13B,20,4,5,32,32,2432,0.0545975,0.0085462119402204,0.0108852499999999,0.0740289619402204,0.0189515,3.1301099776088166,1277.910370119237,166.5542544933027,305.05839002390707,1.0
Llama2-13B,20,4,5,32,32,2560,0.0557175,0.0085462119402204,0.01143525,0.0756989619402204,0.0189515,3.196909977608817,1251.208206679585,167.0264001039261,299.77367991012903,1.0
Llama2-13B,20,4,5,32,32,2688,0.0591405,0.0085462119402204,0.01198525,0.0796719619402204,0.0189515,3.355829977608817,1191.955500335027,169.3103842274326,286.2850064294901,1.0
Llama2-13B,20,4,5,32,32,2816,0.0602605,0.0085462119402204,0.01253525,0.0813419619402204,0.0189515,3.4226299776088167,1168.6919200054913,169.78251794955605,281.7476090466492,1.0
Llama2-13B,20,4,5,32,32,2944,0.0613375,0.0085462119402204,0.01308525,0.0829689619402204,0.0189515,3.487709977608817,1146.8843526784328,170.2541924551136,277.5695006400875,1.0
Llama2-13B,20,4,5,32,32,3072,0.0624575,0.0085462119402204,0.01363525,0.0846389619402204,0.0189515,3.554509977608817,1125.3309247118425,170.72633806573705,273.3480175571181,1.0
Llama2-13B,20,4,5,32,32,3200,0.0649785,0.0085462119402204,0.01418525,0.0877099619402204,0.0189515,3.677349977608817,1087.7398192600056,172.42952986766025,265.3639740339655,1.0
Llama2-13B,20,4,5,32,32,3328,0.0660985,0.0085462119402204,0.0147352499999999,0.0893799619402204,0.0189515,3.7441499776088176,1068.3332729514696,172.9016635897838,261.5818265010306,1.0
Llama2-13B,20,4,5,32,32,3456,0.0671755,0.0085462119402204,0.01528525,0.0910069619402204,0.0189515,3.8092299776088168,1050.0809936686826,173.3733380953412,258.0901341937779,1.0
Llama2-13B,20,4,5,32,32,3584,0.0682955,0.0085462119402204,0.01583525,0.0926769619402204,0.0189515,3.8760299776088174,1031.9837625372706,173.84548370596477,254.54895813921084,1.0
Llama2-13B,20,4,5,32,32,3712,0.0694585,0.0085462119402204,0.01638525,0.0943899619402204,0.0189515,3.944549977608817,1014.0573760520068,174.31811231015416,250.96728594794607,1.0
Llama2-13B,20,4,5,32,32,3840,0.0705785,0.0085462119402204,0.01693525,0.0960599619402204,0.0189515,4.011349977608817,997.1705341911896,174.79024603227757,247.6536707811552,1.0
Llama2-13B,20,4,5,32,32,3968,0.0716555,0.0085462119402204,0.01748525,0.0976869619402204,0.0189515,4.076429977608817,981.2507566599612,175.26192053783512,244.58962750638145,1.0
Llama2-13B,20,4,5,32,32,4096,0.0727755,0.0085462119402204,0.01803525,0.0993569619402204,0.0189515,4.143229977608818,965.4303578650296,175.73406614845868,241.47421336639204,1.0
Llama2-13B,20,5,4,32,32,128,0.0368165,0.0083929428536551,0.00098525,0.0461946928536551,0.024332,2.0221197141462053,2472.652813293568,158.66851392516347,538.7140070524204,1.0
Llama2-13B,20,5,4,32,32,256,0.0379365,0.0083929428536551,0.00153525,0.0478646928536551,0.024332,2.088919714146205,2393.581699736903,159.13963407855118,524.361874706915,1.0
Llama2-13B,20,5,4,32,32,384,0.0390135,0.0083929428536551,0.00208525,0.0494916928536551,0.024332,2.153999714146205,2321.2630749962204,159.61029501537288,511.3944372312561,1.0
Llama2-13B,20,5,4,32,32,512,0.0401335,0.0083929428536551,0.00263525,0.0511616928536551,0.024332,2.2207997141462053,2251.441211988029,160.08142705726056,498.5904140470572,1.0
Llama2-13B,20,5,4,32,32,640,0.0412965,0.0083929428536551,0.00318525,0.0528746928536551,0.024332,2.289319714146205,2184.0549264936267,160.55304209271415,485.9765418761704,1.0
Llama2-13B,20,5,4,32,32,768,0.0424165,0.0083929428536551,0.00373525,0.0545446928536551,0.024332,2.3561197141462054,2122.133255784868,161.02416224610184,474.5327945672728,1.0
Llama2-13B,20,5,4,32,32,896,0.0434935,0.0083929428536551,0.00428525,0.0561716928536551,0.024332,2.421199714146205,2065.091933881697,161.49482318292357,464.1349373553623,1.0
Llama2-13B,20,5,4,32,32,1024,0.0446135,0.0083929428536551,0.00483525,0.0578416928536551,0.024332,2.487999714146205,2009.646533145132,161.9659552248112,453.8030955451019,1.0
Llama2-13B,20,5,4,32,32,1152,0.0471665,0.0083929428536551,0.00538525,0.0609446928536551,0.024332,2.612119714146205,1914.1542299619664,163.74921963953992,433.9658964507117,1.0
Llama2-13B,20,5,4,32,32,1280,0.0482865,0.0083929428536551,0.00593525,0.0626146928536551,0.024332,2.678919714146205,1866.4239818749263,164.22033979292758,425.1197016581434,1.0
Llama2-13B,20,5,4,32,32,1408,0.0493635,0.0083929428536551,0.00648525,0.0642416928536551,0.024332,2.743999714146205,1822.1576242240053,164.69100072974933,417.0363748765519,1.0
Llama2-13B,20,5,4,32,32,1536,0.0504835,0.0083929428536551,0.00703525,0.0659116928536551,0.024332,2.8107997141462056,1778.8531764949232,165.16213277163703,408.95077790673446,1.0
Llama2-13B,20,5,4,32,32,1664,0.0516465,0.0083929428536551,0.00758525,0.0676246928536551,0.024332,2.879319714146205,1736.5212954417025,165.63374780709057,400.8832830082644,1.0
Llama2-13B,20,5,4,32,32,1792,0.0527665,0.0083929428536551,0.00813525,0.0692946928536551,0.024332,2.946119714146205,1697.1475992614291,166.10486796047823,393.49034889673896,1.0
Llama2-13B,20,5,4,32,32,1920,0.0538435,0.0083929428536551,0.0086852499999999,0.0709216928536551,0.024332,3.011199714146205,1660.467745301211,166.57552889730005,386.7122514725549,1.0
Llama2-13B,20,5,4,32,32,2048,0.0549635,0.0083929428536551,0.00923525,0.0725916928536551,0.024332,3.077999714146205,1624.4315998537809,167.04666093918766,379.9036199914208,1.0
Llama2-13B,20,5,4,32,32,2176,0.0597445,0.0083929428536551,0.0097852499999999,0.0779226928536551,0.024332,3.2912397141462053,1519.1843907659795,170.5601946916922,356.85333941135195,1.0
Llama2-13B,20,5,4,32,32,2304,0.0608645,0.0083929428536551,0.01033525,0.0795926928536551,0.024332,3.358039714146205,1488.9639270604248,171.0313148450798,351.2542509284556,1.0
Llama2-13B,20,5,4,32,32,2432,0.0619415,0.0083929428536551,0.0108852499999999,0.0812196928536551,0.024332,3.423119714146205,1460.6558979918996,171.5019757819016,346.0966714196088,1.0
Llama2-13B,20,5,4,32,32,2560,0.0630615,0.0083929428536551,0.01143525,0.0828896928536551,0.024332,3.489919714146205,1432.6977150026587,171.97310782378932,340.88371633998,1.0
Llama2-13B,20,5,4,32,32,2688,0.0642245,0.0083929428536551,0.01198525,0.0846026928536551,0.024332,3.558439714146205,1405.1102173019883,172.44472285924283,335.6287765168332,1.0
Llama2-13B,20,5,4,32,32,2816,0.0653445,0.0083929428536551,0.01253525,0.0862726928536551,0.024332,3.625239714146205,1379.2191397686845,172.9158430126305,330.7773473908106,1.0
Llama2-13B,20,5,4,32,32,2944,0.0664215,0.0083929428536551,0.01308525,0.0878996928536551,0.024332,3.690319714146205,1354.8961573257086,173.38650394945222,326.29966191190414,1.0
Llama2-13B,20,5,4,32,32,3072,0.0675415,0.0083929428536551,0.01363525,0.0895696928536551,0.024332,3.757119714146205,1330.8066765011868,173.8576359913399,321.76076188591435,1.0
Llama2-13B,20,5,4,32,32,3200,0.0700625,0.0083929428536551,0.01418525,0.0926406928536551,0.024332,3.8799597141462048,1288.6731740461546,175.55981422452743,313.22000753706925,1.0
Llama2-13B,20,5,4,32,32,3328,0.0711825,0.0083929428536551,0.0147352499999999,0.0943106928536551,0.024332,3.946759714146205,1266.8620240747646,176.03093437791495,309.1190502895988,1.0
Llama2-13B,20,5,4,32,32,3456,0.0722595,0.0083929428536551,0.01528525,0.0959376928536551,0.024332,4.011839714146205,1246.3110084805803,176.50159531473676,305.3259351966467,1.0
Llama2-13B,20,5,4,32,32,3584,0.0733795,0.0083929428536551,0.01583525,0.0976076928536551,0.024332,4.078639714146205,1225.8989149392582,176.97272735662438,301.46827001516834,1.0
Llama2-13B,20,5,4,32,32,3712,0.0745425,0.0083929428536551,0.01638525,0.0993206928536551,0.024332,4.1471597141462055,1205.644427665688,177.444342392078,297.5556601805646,1.0
Llama2-13B,20,5,4,32,32,3840,0.0756625,0.0083929428536551,0.01693525,0.1009906928536551,0.024332,4.213959714146205,1186.532463330171,177.9154625454656,293.92939459022915,1.0
Llama2-13B,20,5,4,32,32,3968,0.0767395,0.0083929428536551,0.01748525,0.1026176928536551,0.024332,4.279039714146205,1168.486467529233,178.38612348228736,290.5708981070495,1.0
Llama2-13B,20,5,4,32,32,4096,0.0778595,0.0083929428536551,0.01803525,0.1042876928536551,0.024332,4.345839714146206,1150.5256357532992,178.85725552417512,287.1474507352588,1.0
Llama2-13B,20,10,2,32,32,128,0.0529295,0.0074477834865025,0.00098525,0.0613625334865025,0.040868,2.645369339460101,3780.190482604188,134.4840250912379,635.2035494914833,1.0
Llama2-13B,20,10,2,32,32,256,0.0540495,0.0074477834865025,0.00153525,0.0630325334865025,0.040868,2.7121693394601003,3687.0854096413673,134.9531181071539,624.2107610022011,1.0
Llama2-13B,20,10,2,32,32,384,0.0551265,0.0074477834865025,0.00208525,0.0646595334865025,0.040868,2.7772493394601003,3600.6849863700063,135.4217519065041,614.1408937013236,1.0
Llama2-13B,20,10,2,32,32,512,0.0562465,0.0074477834865025,0.00263525,0.0663295334865025,0.040868,2.8440493394601005,3516.1134025538204,135.8908568109201,603.9969456362624,1.0
Llama2-13B,20,10,2,32,32,640,0.0574095,0.0074477834865025,0.00318525,0.0680425334865025,0.040868,2.9125693394601004,3433.3946541693967,136.3604447089021,593.8060978971344,1.0
Llama2-13B,20,10,2,32,32,768,0.0585295,0.0074477834865025,0.00373525,0.0697125334865025,0.040868,2.9793693394601,3356.415019633695,136.82953772481812,584.4468931257665,1.0
Llama2-13B,20,10,2,32,32,896,0.0596065,0.0074477834865025,0.00428525,0.0713395334865025,0.040868,3.0444493394601007,3284.66625158998,137.29817152416834,575.852346321996,1.0
Llama2-13B,20,10,2,32,32,1024,0.0607265,0.0074477834865025,0.00483525,0.0730095334865025,0.040868,3.1112493394601004,3214.142908178267,137.76727642858444,567.1629207536427,1.0
Llama2-13B,20,10,2,32,32,1152,0.0655395,0.0074477834865025,0.00538525,0.0783725334865025,0.040868,3.3257693394601,3006.8230774006065,141.3598692251585,539.2163093445881,1.0
Llama2-13B,20,10,2,32,32,1280,0.0666595,0.0074477834865025,0.00593525,0.0800425334865025,0.040868,3.3925693394601,2947.6184565151493,141.82896224107463,531.9157893513851,1.0
Llama2-13B,20,10,2,32,32,1408,0.0677365,0.0074477834865025,0.00648525,0.0816695334865025,0.040868,3.4576493394601004,2892.1382761045006,142.2975960404248,525.188030236375,1.0
Llama2-13B,20,10,2,32,32,1536,0.0688565,0.0074477834865025,0.00703525,0.0833395334865025,0.040868,3.5244493394601,2837.322667129575,142.7667009448408,518.348670586077,1.0
Llama2-13B,20,10,2,32,32,1664,0.0700195,0.0074477834865025,0.00758525,0.0850525334865025,0.040868,3.5929693394601,2783.213285505703,143.23628884282277,511.4157086341049,1.0
Llama2-13B,20,10,2,32,32,1792,0.0711395,0.0074477834865025,0.00813525,0.0867225334865025,0.040868,3.6597693394601,2732.41263928268,143.70538185873886,505.01262258920457,1.0
Llama2-13B,20,10,2,32,32,1920,0.0722165,0.0074477834865025,0.0086852499999999,0.0883495334865025,0.040868,3.7248493394601008,2684.672342062955,144.17401565808905,499.1034447047733,1.0
Llama2-13B,20,10,2,32,32,2048,0.0733365,0.0074477834865025,0.00923525,0.0900195334865025,0.040868,3.7916493394601,2637.374689671044,144.64312056250506,493.0802552702442,1.0
Llama2-13B,20,10,2,32,32,2176,0.0781175,0.0074477834865025,0.0097852499999999,0.0953505334865025,0.040868,4.0048893394601,2496.947893533583,148.15462717753798,474.14032443926754,1.0
Llama2-13B,20,10,2,32,32,2304,0.0792375,0.0074477834865025,0.01033525,0.0970205334865025,0.040868,4.071689339460101,2455.983049366429,148.62372019345403,468.9185051063386,1.0
Llama2-13B,20,10,2,32,32,2432,0.0803145,0.0074477834865025,0.0108852499999999,0.0986475334865025,0.040868,4.1367693394601,2417.3453193561727,149.09235399280416,464.0891557340336,1.0
Llama2-13B,20,10,2,32,32,2560,0.0814345,0.0074477834865025,0.01143525,0.1003175334865025,0.040868,4.203569339460101,2378.930664025726,149.56145889722023,459.1464885804549,1.0
Llama2-13B,20,10,2,32,32,2688,0.0825975,0.0074477834865025,0.01198525,0.1020305334865025,0.040868,4.2720893394601,2340.77501788944,150.03104679520217,454.10286871637214,1.0
Llama2-13B,20,10,2,32,32,2816,0.0837175,0.0074477834865025,0.01253525,0.1037005334865025,0.040868,4.3388893394601,2304.7372766700537,150.50013981111826,449.4285538003353,1.0
Llama2-13B,20,10,2,32,32,2944,0.0847945,0.0074477834865025,0.01308525,0.1053275334865025,0.040868,4.4039693394601,2270.678842016175,150.9687736104684,445.101904045865,1.0
Llama2-13B,20,10,2,32,32,3072,0.0859145,0.0074477834865025,0.01363525,0.1069975334865025,0.040868,4.470769339460101,2236.751494141637,151.4378785148845,440.664493522294,1.0
Llama2-13B,20,10,2,32,32,3200,0.0906955,0.0074477834865025,0.01418525,0.1123285334865025,0.040868,4.6840093394601,2134.923155629883,154.94938512991737,427.1143141884585,1.0
Llama2-13B,20,10,2,32,32,3328,0.0918155,0.0074477834865025,0.0147352499999999,0.1139985334865024,0.040868,4.750809339460099,2104.9045089939223,155.4184781458334,423.18148391566086,1.0
Llama2-13B,20,10,2,32,32,3456,0.0928925,0.0074477834865025,0.01528525,0.1156255334865025,0.040868,4.8158893394601,2076.4596723730115,155.88711194518353,419.5363240982413,1.0
Llama2-13B,20,10,2,32,32,3584,0.0940125,0.0074477834865025,0.01583525,0.1172955334865025,0.040868,4.8826893394601,2048.051658577513,156.35621684959966,415.7857116064343,1.0
Llama2-13B,20,10,2,32,32,3712,0.0951755,0.0074477834865025,0.01638525,0.1190085334865025,0.040868,4.9512093394601004,2019.7085831742352,156.8258047475816,411.9384840310312,1.0
Llama2-13B,20,10,2,32,32,3840,0.0962955,0.0074477834865025,0.01693525,0.1206785334865025,0.040868,5.0180093394601,1992.822117998673,157.29489776349763,408.36513067458407,1.0
Llama2-13B,20,10,2,32,32,3968,0.0973725,0.0074477834865025,0.01748525,0.1223055334865025,0.040868,5.0830893394601,1967.307543145041,157.76353156284782,405.0515586095864,1.0
Llama2-13B,20,10,2,32,32,4096,0.0984925,0.0074477834865025,0.01803525,0.1239755334865025,0.040868,5.1498893394601,1941.7892969809664,158.2326364672639,401.6362577537981,1.0
Llama2-13B,20,20,1,32,32,128,0.088031,0.0056851889910016,0.00098525,0.0947014389910016,0.077148,4.015205559640068,4981.065029655131,126.9042865881198,720.793167112266,1.0
Llama2-13B,20,20,1,32,32,256,0.089151,0.0056851889910016,0.00153525,0.0963714389910016,0.077148,4.082005559640067,4899.552366548836,127.37236603530008,714.3630808140124,1.0
Llama2-13B,20,20,1,32,32,384,0.090228,0.0056851889910016,0.00208525,0.0979984389910016,0.077148,4.147085559640067,4822.663943720475,127.39364799584088,705.9540718836771,1.0
Llama2-13B,20,20,1,32,32,512,0.091348,0.0056851889910016,0.00263525,0.0996684389910016,0.077148,4.213885559640068,4746.21337407851,128.30807760159462,702.3037045233319,1.0
Llama2-13B,20,20,1,32,32,640,0.094771,0.0056851889910016,0.00318525,0.1036414389910016,0.077148,4.372805559640067,4573.722688380005,130.58800745015787,688.9660732194336,1.0
Llama2-13B,20,20,1,32,32,768,0.095891,0.0056851889910016,0.00373525,0.1053114389910016,0.077148,4.439605559640068,4504.904710863877,131.05608689733816,683.3596838980619,1.0
Llama2-13B,20,20,1,32,32,896,0.096968,0.0056851889910016,0.00428525,0.1069384389910016,0.077148,4.504685559640068,4439.821544746851,131.07742982500315,675.8798254321175,1.0
Llama2-13B,20,20,1,32,32,1024,0.098088,0.0056851889910016,0.00483525,0.1086084389910016,0.077148,4.571485559640068,4374.945461180607,131.99179846363273,672.8233752530011,1.0
Llama2-13B,20,20,1,32,32,1152,0.102901,0.0056851889910016,0.00538525,0.1139714389910016,0.077148,4.786005559640068,4178.85013938515,135.58337769147113,658.8049566645177,1.0
Llama2-13B,20,20,1,32,32,1280,0.104021,0.0056851889910016,0.00593525,0.1156414389910016,0.077148,4.852805559640068,4121.327292883212,136.05145713865133,653.9614940187624,1.0
Llama2-13B,20,20,1,32,32,1408,0.105098,0.0056851889910016,0.00648525,0.1172684389910016,0.077148,4.917885559640068,4066.788410884406,136.07280006631632,647.3615105250165,1.0
Llama2-13B,20,20,1,32,32,1536,0.106218,0.0056851889910016,0.00703525,0.1189384389910016,0.077148,4.984685559640067,4012.289192709711,136.9871687049459,644.8397103360352,1.0
Llama2-13B,20,20,1,32,32,1664,0.109641,0.0056851889910016,0.00758525,0.1229114389910016,0.077148,5.143605559640068,3888.323038790621,139.2670985535092,635.1050179837343,1.0
Llama2-13B,20,20,1,32,32,1792,0.110761,0.0056851889910016,0.00813525,0.1245814389910016,0.077148,5.210405559640067,3838.4727966130895,139.7351780006895,630.7959390069133,1.0
Llama2-13B,20,20,1,32,32,1920,0.111838,0.0056851889910016,0.0086852499999999,0.1262084389910016,0.077148,5.275485559640067,3791.120224649908,139.7565209283545,624.8167927196231,1.0
Llama2-13B,20,20,1,32,32,2048,0.112958,0.0056851889910016,0.00923525,0.1278784389910016,0.077148,5.342285559640068,3743.716013815533,140.6708895669841,622.6689989508669,1.0
Llama2-13B,20,20,1,32,32,2176,0.117739,0.0056851889910016,0.0097852499999999,0.1332094389910016,0.077148,5.555525559640068,3600.019437458184,144.1813826132812,612.2923696195872,1.0
Llama2-13B,20,20,1,32,32,2304,0.118859,0.0056851889910016,0.01033525,0.1348794389910017,0.077148,5.6223255596400685,3557.2468701510707,144.64946206046142,608.4918351174981,1.0
Llama2-13B,20,20,1,32,32,2432,0.119936,0.0056851889910016,0.0108852499999999,0.1365064389910016,0.077148,5.687405559640068,3516.5419083047977,144.67080498812646,603.1166830148013,1.0
Llama2-13B,20,20,1,32,32,2560,0.121056,0.0056851889910016,0.01143525,0.1381764389910016,0.077148,5.754205559640067,3475.7187230640097,145.58517362675602,601.3133327829931,1.0
Llama2-13B,20,20,1,32,32,2688,0.124479,0.0056851889910016,0.01198525,0.1421494389910017,0.077148,5.913125559640068,3382.305990001234,147.86510347531927,593.9359388945898,1.0
Llama2-13B,20,20,1,32,32,2816,0.125599,0.0056851889910016,0.01253525,0.1438194389910016,0.077148,5.979925559640067,3344.5232387146643,148.3331829224996,590.5030411169655,1.0
Llama2-13B,20,20,1,32,32,2944,0.126676,0.0056851889910016,0.01308525,0.1454464389910016,0.077148,6.045005559640068,3308.5163946798484,148.3545258501645,585.5668234320807,1.0
Llama2-13B,20,20,1,32,32,3072,0.127796,0.0056851889910016,0.01363525,0.1471164389910016,0.077148,6.111805559640068,3272.355411970571,149.26889448879416,584.0123888415684,1.0
Llama2-13B,20,20,1,32,32,3200,0.132577,0.0056851889910016,0.01418525,0.1524474389910017,0.077148,6.325045559640068,3162.0325595153686,152.77938753509127,576.1911475410183,1.0
Llama2-13B,20,20,1,32,32,3328,0.133697,0.0056851889910016,0.0147352499999999,0.1541174389910017,0.077148,6.3918455596400685,3128.986739962193,153.24746698227145,573.1148304833744,1.0
Llama2-13B,20,20,1,32,32,3456,0.134774,0.0056851889910016,0.01528525,0.1557444389910016,0.077148,6.456925559640068,3097.449368940049,153.26880990993644,568.614161151025,1.0
Llama2-13B,20,20,1,32,32,3584,0.135894,0.0056851889910016,0.01583525,0.1574144389910016,0.077148,6.523725559640067,3065.7328879272254,154.18317854856608,567.2920752519099,1.0
Llama2-13B,20,20,1,32,32,3712,0.139317,0.0056851889910016,0.01638525,0.1613874389910016,0.077148,6.682645559640068,2992.8266913915472,156.4631083971293,561.5363107055468,1.0
Llama2-13B,20,20,1,32,32,3840,0.140437,0.0056851889910016,0.01693525,0.1630574389910017,0.077148,6.749445559640068,2963.2063586963063,156.93118784430968,558.7245093682917,1.0
Llama2-13B,20,20,1,32,32,3968,0.141514,0.0056851889910016,0.01748525,0.1646844389910016,0.077148,6.814525559640068,2934.90718098596,156.95253077197464,554.5477153213625,1.0
Llama2-13B,20,20,1,32,32,4096,0.142634,0.0056851889910016,0.01803525,0.1663544389910017,0.077148,6.881325559640068,2906.4167690746654,157.8668994106042,553.3985564823402,1.0
Llama2-13B,20,40,1,32,16,128,0.1649655,0.0006398072596958,0.0019705,0.1675758072596958,0.1499815,7.003013790387834,5711.826536012685,121.74642302012153,738.0114206917294,1.0
Llama2-13B,20,40,1,32,16,256,0.1671175,0.0006398072596958,0.0030705,0.1708278072596958,0.1499815,7.133093790387835,5607.664945314726,122.13995089919868,730.8627217329044,1.0
Llama2-13B,20,40,1,32,16,384,0.1715295,0.0006398072596958,0.0041705,0.1763398072596958,0.1499815,7.353573790387835,5439.532007183457,123.43915653793448,719.6380595637164,1.0
Llama2-13B,20,40,1,32,16,512,0.1736815,0.0006398072596958,0.0052705,0.1795918072596958,0.1499815,7.483653790387835,5344.982694332662,123.8326844170117,712.9871887161942,1.0
Llama2-13B,20,40,1,32,16,640,0.1780935,0.0006398072596958,0.0063705,0.1851038072596958,0.1499815,7.704133790387835,5192.017829428992,125.13189005574743,702.6190740018442,1.0
Llama2-13B,20,40,1,32,16,768,0.1802455,0.0006398072596958,0.0074705,0.1883558072596958,0.1499815,7.834213790387834,5105.809092046719,125.52541793482467,696.4136021971406,1.0
Llama2-13B,20,40,1,32,16,896,0.1846575,0.0006398072596958,0.0085705,0.1938678072596958,0.1499815,8.054693790387836,4966.0484980489855,126.82462357356049,686.8100324847917,1.0
Llama2-13B,20,40,1,32,16,1024,0.1868095,0.0006398072596958,0.0096705,0.1971198072596958,0.1499815,8.184773790387835,4887.123459291671,127.2181514526377,681.0047211337626,1.0
Llama2-13B,20,40,1,32,16,1152,0.19324,0.0006398072596958,0.0107705,0.2046503072596958,0.1499815,8.485993790387836,4713.649454387814,129.46781175783474,669.9845361096808,1.0
Llama2-13B,20,40,1,32,16,1280,0.195392,0.0006398072596958,0.0118705,0.2079023072596958,0.1499815,8.616073790387835,4642.485774045289,129.8613396369119,664.6195322065993,1.0
Llama2-13B,20,40,1,32,16,1408,0.199804,0.0006398072596958,0.0129705,0.2134143072596958,0.1499815,8.836553790387834,4526.651559967974,131.1605452756477,656.4460435008692,1.0
Llama2-13B,20,40,1,32,16,1536,0.201956,0.0006398072596958,0.0140705,0.2166663072596958,0.1499815,8.966633790387837,4460.982898942488,131.55407315472493,651.3996769332174,1.0
Llama2-13B,20,40,1,32,16,1664,0.206368,0.0006398072596958,0.0151705,0.2221783072596958,0.1499815,9.187113790387835,4353.924520000029,132.85327879346073,643.7687955180098,1.0
Llama2-13B,20,40,1,32,16,1792,0.20852,0.0006398072596958,0.0162705,0.2254303072596958,0.1499815,9.317193790387837,4293.138137930151,133.24680667253793,639.0121171711961,1.0
Llama2-13B,20,40,1,32,16,1920,0.212932,0.0006398072596958,0.0173704999999999,0.2309423072596959,0.1499815,9.537673790387837,4193.894746149989,134.54601231127367,631.8731440613606,1.0
Llama2-13B,20,40,1,32,16,2048,0.215084,0.0006398072596958,0.0184705,0.2341943072596958,0.1499815,9.667753790387836,4137.465730640554,134.93954019035087,627.3806521654369,1.0
Llama2-13B,20,40,1,32,16,2176,0.221486,0.0006398072596958,0.0195704999999999,0.2416963072596958,0.1499815,9.967833790387834,4012.908004001104,137.1386268012379,619.1751478704651,1.0
Llama2-13B,20,40,1,32,16,2304,0.223638,0.0006398072596958,0.0206705,0.2449483072596958,0.1499815,10.097913790387835,3961.214249826121,137.53215468031516,614.9766796354605,1.0
Llama2-13B,20,40,1,32,16,2432,0.22805,0.0006398072596958,0.0217704999999999,0.2504603072596958,0.1499815,10.318393790387836,3876.5723437752736,138.83136031905093,608.7759715810166,1.0
Llama2-13B,20,40,1,32,16,2560,0.230202,0.0006398072596958,0.0228705,0.2537123072596958,0.1499815,10.448473790387837,3828.3103161725257,139.22488819812813,604.7944335762854,1.0
Llama2-13B,20,40,1,32,16,2688,0.234614,0.0006398072596958,0.0239705,0.2592243072596958,0.1499815,10.668953790387834,3749.19610543612,140.52409383686387,598.9586888969278,1.0
Llama2-13B,20,40,1,32,16,2816,0.236766,0.0006398072596958,0.0250705,0.2624763072596959,0.1499815,10.799033790387837,3704.035080953612,140.917621715941,595.1767640452642,1.0
Llama2-13B,20,40,1,32,16,2944,0.241178,0.0006398072596958,0.0261705,0.2679883072596958,0.1499815,11.019513790387837,3629.924219967984,142.21682735467692,589.6757886485369,1.0
Llama2-13B,20,40,1,32,16,3072,0.24333,0.0006398072596958,0.0272705,0.2712403072596958,0.1499815,11.149593790387836,3587.5746463951323,142.61035523375403,586.0779814809275,1.0
Llama2-13B,20,40,1,32,16,3200,0.249732,0.0006398072596958,0.0283705,0.2787423072596959,0.1499815,11.449673790387836,3493.549312608414,144.80944184464107,579.859376630312,1.0
Llama2-13B,20,40,1,32,16,3328,0.251884,0.0006398072596958,0.0294704999999999,0.2819943072596959,0.1499815,11.579753790387835,3454.304877639397,145.20296972371833,576.4676189187016,1.0
Llama2-13B,20,40,1,32,16,3456,0.256296,0.0006398072596958,0.0305705,0.2875063072596959,0.1499815,11.800233790387836,3389.763347958661,146.50217536245407,571.6131947531527,1.0
Llama2-13B,20,40,1,32,16,3584,0.258448,0.0006398072596958,0.0316705,0.2907583072596958,0.1499815,11.930313790387832,3352.8036816791614,146.8957032415313,568.3762429638894,1.0
Llama2-13B,20,40,1,32,16,3712,0.26286,0.0006398072596958,0.0327705,0.2962703072596958,0.1499815,12.150793790387832,3291.96599745137,148.19490888026704,563.7788514048048,1.0
Llama2-13B,20,40,1,32,16,3840,0.265012,0.0006398072596958,0.0338705,0.2995223072596959,0.1499815,12.280873790387838,3257.097229621213,148.58843675934426,560.685692569937,1.0
Llama2-13B,20,40,1,32,16,3968,0.269424,0.0006398072596958,0.0349705,0.3050343072596959,0.1499815,12.501353790387835,3199.653467191337,149.88764239808003,556.32624561316,1.0
Llama2-13B,20,40,1,32,16,4096,0.271576,0.0006398072596958,0.0360705,0.3082863072596958,0.1499815,12.631433790387833,3166.7030571334567,150.2811702771573,553.3669038396515,1.0
Llama2-13B,32,1,32,32,32,128,0.0218925,0.015258120689392,0.00098525,0.038135870689392,0.008951,1.6843858275756831,593.6882058900295,454.0598108028551,518.5106895087987,1.0
Llama2-13B,32,1,32,32,32,256,0.0230125,0.015258120689392,0.00153525,0.039805870689392,0.008951,1.7511858275756835,571.0416246255177,454.5593108808452,493.8178282247095,1.0
Llama2-13B,32,1,32,32,32,384,0.0240895,0.015258120689392,0.00208525,0.041432870689392,0.008951,1.8162658275756831,550.5801985686098,455.0583517422693,472.2579876525762,1.0
Llama2-13B,32,1,32,32,32,512,0.0252095,0.015258120689392,0.00263525,0.043102870689392,0.008951,1.8830658275756835,531.0488806901832,455.5578637087594,451.77201422951606,1.0
Llama2-13B,32,1,32,32,32,640,0.0263725,0.015258120689392,0.00318525,0.044815870689392,0.008951,1.9515858275756837,512.4038030355185,456.0578586688155,432.3233090044701,1.0
Llama2-13B,32,1,32,32,32,768,0.0274925,0.015258120689392,0.00373525,0.046485870689392,0.008951,2.0183858275756834,495.4454130314205,456.5573587468056,415.1653712347055,1.0
Llama2-13B,32,1,32,32,32,896,0.0285695,0.015258120689392,0.00428525,0.048112870689392,0.008951,2.0834658275756834,479.9694752678511,457.05639960822975,399.9513463730812,1.0
Llama2-13B,32,1,32,32,32,1024,0.0296895,0.015258120689392,0.00483525,0.049782870689392,0.008951,2.150265827575684,465.0587788615185,457.5559115747199,385.2842853321208,1.0
Llama2-13B,32,1,32,32,32,1152,0.0322425,0.015258120689392,0.00538525,0.052885870689392,0.008951,2.274385827575684,439.6791379349745,459.3675559140511,356.1817135101582,1.0
Llama2-13B,32,1,32,32,32,1280,0.0333625,0.015258120689392,0.00593525,0.054555870689392,0.008951,2.341185827575684,427.1339712642579,459.8670559920412,344.5987680719678,1.0
Llama2-13B,32,1,32,32,32,1408,0.0344395,0.015258120689392,0.00648525,0.056182870689392,0.008951,2.4062658275756834,415.5816820153664,460.3660968534655,334.1846548682946,1.0
Llama2-13B,32,1,32,32,32,1536,0.0355595,0.015258120689392,0.00703525,0.057852870689392,0.008951,2.473065827575684,404.3564020211657,460.8656088199554,324.0101863214861,1.0
Llama2-13B,32,1,32,32,32,1664,0.0367225,0.015258120689392,0.00758525,0.059565870689392,0.008951,2.541585827575684,393.45513700548906,461.3656037800116,314.08918495473574,1.0
Llama2-13B,32,1,32,32,32,1792,0.0378425,0.015258120689392,0.00813525,0.061235870689392,0.008951,2.6083858275756837,383.37886574450215,461.8651038580017,305.12327664530727,1.0
Llama2-13B,32,1,32,32,32,1920,0.0389195,0.015258120689392,0.0086852499999999,0.062862870689392,0.008951,2.673465827575684,374.0462996330148,462.3641447194258,297.0003113602601,1.0
Llama2-13B,32,1,32,32,32,2048,0.0400395,0.015258120689392,0.00923525,0.064532870689392,0.008951,2.7402658275756835,364.9280992876159,462.863656685916,289.0043935900272,1.0
Llama2-13B,32,1,32,32,32,2176,0.0425605,0.015258120689392,0.0097852499999999,0.067603870689392,0.008951,2.8631058275756835,349.271057453976,464.5942148437059,272.90223026262936,1.0
Llama2-13B,32,1,32,32,32,2304,0.0436805,0.015258120689392,0.01033525,0.069273870689392,0.008951,2.9299058275756837,341.3078982225987,465.09371492169583,266.19070003874504,1.0
Llama2-13B,32,1,32,32,32,2432,0.0447575,0.015258120689392,0.0108852499999999,0.070900870689392,0.008951,2.994985827575684,333.8913963440883,465.5927557831201,260.06409863325695,1.0
Llama2-13B,32,1,32,32,32,2560,0.0458775,0.015258120689392,0.01143525,0.072570870689392,0.008951,3.061785827575683,326.60677667052835,466.09226774961024,253.9873945559425,1.0
Llama2-13B,32,1,32,32,32,2688,0.0470405,0.015258120689392,0.01198525,0.074283870689392,0.008951,3.1303058275756834,319.4576041710488,466.5922627096662,247.97369432173667,1.0
Llama2-13B,32,1,32,32,32,2816,0.0481605,0.015258120689392,0.01253525,0.075953870689392,0.008951,3.197105827575684,312.78288987958985,467.0917627876565,242.46621338423407,1.0
Llama2-13B,32,1,32,32,32,2944,0.0492375,0.015258120689392,0.01308525,0.0775808706893921,0.008951,3.262185827575684,306.5429294514338,467.5908036490806,237.4159957598784,1.0
Llama2-13B,32,1,32,32,32,3072,0.0503575,0.015258120689392,0.01363525,0.079250870689392,0.008951,3.3289858275756834,300.3917865064162,468.09031561557066,232.3836149608154,1.0
Llama2-13B,32,1,32,32,32,3200,0.0528785,0.015258120689392,0.01418525,0.082321870689392,0.008951,3.451825827575684,289.7017549411897,469.8208737733604,222.12282580508165,1.0
Llama2-13B,32,1,32,32,32,3328,0.0539985,0.015258120689392,0.0147352499999999,0.0839918706893921,0.008951,3.518625827575684,284.20185862416497,470.32037385135055,217.74696234680164,1.0
Llama2-13B,32,1,32,32,32,3456,0.0550755,0.015258120689392,0.01528525,0.085618870689392,0.008951,3.583705827575684,279.0407606297538,470.81941471277486,213.7154518400989,1.0
Llama2-13B,32,1,32,32,32,3584,0.0561955,0.015258120689392,0.01583525,0.087288870689392,0.008951,3.650505827575683,273.934640083592,471.3189266792649,209.67823343473447,1.0
Llama2-13B,32,1,32,32,32,3712,0.0573585,0.015258120689392,0.01638525,0.0890018706893921,0.008951,3.719025827575684,268.8876190601421,471.818921639321,205.6447264308345,1.0
Llama2-13B,32,1,32,32,32,3840,0.0584785,0.015258120689392,0.01693525,0.090671870689392,0.008951,3.785825827575684,264.14316071174534,472.3184217173111,201.91968916666423,1.0
Llama2-13B,32,1,32,32,32,3968,0.0595555,0.015258120689392,0.01748525,0.092298870689392,0.008951,3.850905827575683,259.679162455537,472.8174625787353,198.47766477434288,1.0
Llama2-13B,32,1,32,32,32,4096,0.0606755,0.015258120689392,0.01803525,0.0939688706893921,0.008951,3.917705827575684,255.2514262202301,473.3169745452254,195.01980805482663,1.0
Llama2-13B,32,2,16,32,32,128,0.0230815,0.0148110858535766,0.00098525,0.0388778358535766,0.010106,1.7152194341430662,1166.0315643515385,260.58384854745003,564.4863820537008,1.0
Llama2-13B,32,2,16,32,32,256,0.0242015,0.0148110858535766,0.00153525,0.0405478358535766,0.010106,1.7820194341430662,1122.322215841465,261.06713152566726,539.361468350448,1.0
Llama2-13B,32,2,16,32,32,384,0.0252785,0.0148110858535766,0.00208525,0.0421748358535766,0.010106,1.847099434143066,1082.778741106523,261.5499552873187,517.3367788581579,1.0
Llama2-13B,32,2,16,32,32,512,0.0263985,0.0148110858535766,0.00263525,0.0438448358535766,0.010106,1.9138994341430664,1044.9869853770476,262.0332501540359,496.3032940395021,1.0
Llama2-13B,32,2,16,32,32,640,0.0275615,0.0148110858535766,0.00318525,0.0455578358535766,0.010106,1.982419434143066,1008.8682372429088,262.5170280143192,476.2386445119445,1.0
Llama2-13B,32,2,16,32,32,768,0.0286815,0.0148110858535766,0.00373525,0.0472278358535766,0.010106,2.0492194341430663,975.9813745063136,263.00031099253647,458.4842337265074,1.0
Llama2-13B,32,2,16,32,32,896,0.0297585,0.0148110858535766,0.00428525,0.0488548358535766,0.010106,2.1142994341430663,945.939807627394,263.48313475418774,442.7023115314748,1.0
Llama2-13B,32,2,16,32,32,1024,0.0308785,0.0148110858535766,0.00483525,0.0505248358535766,0.010106,2.181099434143066,916.9687400271056,263.9664296209051,427.4275460610216,1.0
Llama2-13B,32,2,16,32,32,1152,0.0334315,0.0148110858535766,0.00538525,0.0536278358535766,0.010106,2.305219434143066,867.5963643103125,265.7618568604633,397.47222957459786,1.0
Llama2-13B,32,2,16,32,32,1280,0.0345515,0.0148110858535766,0.00593525,0.0552978358535766,0.010106,2.3720194341430663,843.1634122435153,266.2451398386808,385.2873823693338,1.0
Llama2-13B,32,2,16,32,32,1408,0.0356285,0.0148110858535766,0.00648525,0.0569248358535766,0.010106,2.4370994341430663,820.6476814119982,266.7279636003321,374.318261504599,1.0
Llama2-13B,32,2,16,32,32,1536,0.0367485,0.0148110858535766,0.00703525,0.0585948358535766,0.010106,2.503899434143066,798.7541243582251,267.2112584670494,363.5675721009692,1.0
Llama2-13B,32,2,16,32,32,1664,0.0379115,0.0148110858535766,0.00758525,0.0603078358535766,0.010106,2.5724194341430664,777.4781878314674,267.6950363273327,353.0525517683719,1.0
Llama2-13B,32,2,16,32,32,1792,0.0390315,0.0148110858535766,0.00813525,0.0619778358535766,0.010106,2.6392194341430657,757.7998154023842,268.1783193055499,343.5408827556588,1.0
Llama2-13B,32,2,16,32,32,1920,0.0401085,0.0148110858535766,0.0086852499999999,0.0636048358535766,0.010106,2.704299434143066,739.5630730639696,268.66114306720124,334.91796385703924,1.0
Llama2-13B,32,2,16,32,32,2048,0.0412285,0.0148110858535766,0.00923525,0.0652748358535766,0.010106,2.771099434143066,721.7351984406433,269.1444379339184,326.40580900823284,1.0
Llama2-13B,32,2,16,32,32,2176,0.0437495,0.0148110858535766,0.0097852499999999,0.0683458358535766,0.010106,2.893939434143066,691.0994668387822,270.8587789919356,309.55642806424714,1.0
Llama2-13B,32,2,16,32,32,2304,0.0448695,0.0148110858535766,0.01033525,0.0700158358535766,0.010106,2.9607394341430666,675.5069280788853,271.3420619701529,302.3680473040181,1.0
Llama2-13B,32,2,16,32,32,2432,0.0459465,0.0148110858535766,0.0108852499999999,0.0716428358535766,0.010106,3.025819434143066,660.9779742413527,271.8248857318044,295.80586740209174,1.0
Llama2-13B,32,2,16,32,32,2560,0.0470665,0.0148110858535766,0.01143525,0.0733128358535766,0.010106,3.092619434143065,646.7009739121621,272.3081805985215,289.28025304465115,1.0
Llama2-13B,32,2,16,32,32,2688,0.0482295,0.0148110858535766,0.01198525,0.0750258358535766,0.010106,3.1611394341430668,632.6832592065548,272.79195845880463,282.80612328430175,1.0
Llama2-13B,32,2,16,32,32,2816,0.0493495,0.0148110858535766,0.01253525,0.0766958358535766,0.010106,3.227939434143066,619.5903116537093,273.27524143702203,276.8774166273436,1.0
Llama2-13B,32,2,16,32,32,2944,0.0504265,0.0148110858535766,0.01308525,0.0783228358535766,0.010106,3.2930194341430665,607.3453376142782,273.75806519867336,271.44265931471875,1.0
Llama2-13B,32,2,16,32,32,3072,0.0515465,0.0148110858535766,0.01363525,0.0799928358535766,0.010106,3.3598194341430663,595.2700849562491,274.24136006539067,266.01356063495155,1.0
Llama2-13B,32,2,16,32,32,3200,0.0540675,0.0148110858535766,0.01418525,0.0830638358535766,0.010106,3.4826594341430663,574.2737806609891,275.9557011234077,255.19554364766975,1.0
Llama2-13B,32,2,16,32,32,3328,0.0551875,0.0148110858535766,0.0147352499999999,0.0847338358535766,0.010106,3.549459434143066,563.4660818381358,276.4389841016249,250.45434573193657,1.0
Llama2-13B,32,2,16,32,32,3456,0.0562645,0.0148110858535766,0.01528525,0.0863608358535766,0.010106,3.6145394341430666,553.3208411306651,276.9218078632763,246.08928175250497,1.0
Llama2-13B,32,2,16,32,32,3584,0.0573845,0.0148110858535766,0.01583525,0.0880308358535766,0.010106,3.681339434143066,543.2805194355993,277.40510272999364,241.70734495377116,1.0
Llama2-13B,32,2,16,32,32,3712,0.0585475,0.0148110858535766,0.01638525,0.0897438358535766,0.010106,3.749859434143066,533.3533256712724,277.8888805902768,237.31916870086408,1.0
Llama2-13B,32,2,16,32,32,3840,0.0596675,0.0148110858535766,0.01693525,0.0914138358535766,0.010106,3.816659434143066,524.0184602556893,278.3721635684941,233.26950481291664,1.0
Llama2-13B,32,2,16,32,32,3968,0.0607445,0.0148110858535766,0.01748525,0.0930408358535766,0.010106,3.881739434143067,515.2329345984348,278.8549873301455,229.5310582276136,1.0
Llama2-13B,32,2,16,32,32,4096,0.0618645,0.0148110858535766,0.01803525,0.0947108358535766,0.010106,3.948539434143066,506.5164052069423,279.3382821968628,225.7662166483709,1.0
Llama2-13B,32,4,8,32,32,128,0.0293545,0.0138574115371704,0.00098525,0.0441971615371704,0.016064,1.9339504614868164,2068.305305465172,214.63755774090373,731.1913258304645,1.0
Llama2-13B,32,4,8,32,32,256,0.0304745,0.0138574115371704,0.00153525,0.0458671615371704,0.016064,2.0007504614868163,1999.2498200037808,215.1127321692346,705.8778065898852,1.0
Llama2-13B,32,4,8,32,32,384,0.0315515,0.0138574115371704,0.00208525,0.0474941615371704,0.016064,2.0658304614868164,1936.267314560328,215.58744738099955,683.2874740693771,1.0
Llama2-13B,32,4,8,32,32,512,0.0326715,0.0138574115371704,0.00263525,0.0491641615371704,0.016064,2.132630461486817,1875.6179620595403,216.0626336978304,661.3183774783234,1.0
Llama2-13B,32,4,8,32,32,640,0.0338345,0.0138574115371704,0.00318525,0.0508771615371704,0.016064,2.2011504614868165,1817.231520510465,216.5383030082272,639.9926199832335,1.0
Llama2-13B,32,4,8,32,32,768,0.0349545,0.0138574115371704,0.00373525,0.0525471615371704,0.016064,2.267950461486816,1763.7069538889716,217.01347743655805,620.8456062497194,1.0
Llama2-13B,32,4,8,32,32,896,0.0360315,0.0138574115371704,0.00428525,0.0541741615371704,0.016064,2.3330304614868163,1714.5082612641247,217.48819264832304,603.6057134682793,1.0
Llama2-13B,32,4,8,32,32,1024,0.0371515,0.0138574115371704,0.00483525,0.0558441615371704,0.016064,2.3998304614868164,1666.784410062783,217.9633789651539,586.68796405301,1.0
Llama2-13B,32,4,8,32,32,1152,0.0397045,0.0138574115371704,0.00538525,0.0589471615371704,0.016064,2.5239504614868165,1584.8171590672457,219.75069765482576,553.465470298898,1.0
Llama2-13B,32,4,8,32,32,1280,0.0408245,0.0138574115371704,0.00593525,0.0606171615371704,0.016064,2.590750461486816,1543.9541783211432,220.22587208315664,539.4453626698592,1.0
Llama2-13B,32,4,8,32,32,1408,0.0419015,0.0138574115371704,0.00648525,0.0622441615371704,0.016064,2.655830461486816,1506.120235461369,220.7005872949216,526.7128558522287,1.0
Llama2-13B,32,4,8,32,32,1536,0.0430215,0.0138574115371704,0.00703525,0.0639141615371704,0.016064,2.722630461486817,1469.1674307557762,221.17577361175253,514.1052116075741,1.0
Llama2-13B,32,4,8,32,32,1664,0.0441845,0.0138574115371704,0.00758525,0.0656271615371704,0.016064,2.7911504614868163,1433.1008145899962,221.65144292214927,501.6497706710484,1.0
Llama2-13B,32,4,8,32,32,1792,0.0453045,0.0138574115371704,0.00813525,0.0672971615371704,0.016064,2.857950461486816,1399.6043856964006,222.12661735048016,490.29702866267183,1.0
Llama2-13B,32,4,8,32,32,1920,0.0463815,0.0138574115371704,0.0086852499999999,0.0689241615371704,0.016064,2.923030461486816,1368.442803694005,222.60133256224503,479.9356048472885,1.0
Llama2-13B,32,4,8,32,32,2048,0.0475015,0.0138574115371704,0.00923525,0.0705941615371704,0.016064,2.9898304614868163,1337.8685017513787,223.076518879076,469.61994648395535,1.0
Llama2-13B,32,4,8,32,32,2176,0.0500225,0.0138574115371704,0.0097852499999999,0.0736651615371704,0.016064,3.112670461486816,1285.0701831408576,224.78275138720656,449.3632892942309,1.0
Llama2-13B,32,4,8,32,32,2304,0.0511425,0.0138574115371704,0.01033525,0.0753351615371704,0.016064,3.179470461486817,1258.071131168641,225.2579258155375,440.4515340774063,1.0
Llama2-13B,32,4,8,32,32,2432,0.0522195,0.0138574115371704,0.0108852499999999,0.0769621615371704,0.016064,3.244550461486816,1232.8364275669176,225.7326410273025,432.2765270201792,1.0
Llama2-13B,32,4,8,32,32,2560,0.0533395,0.0138574115371704,0.01143525,0.0786321615371704,0.016064,3.311350461486816,1207.9663709784363,226.2078273441333,424.0906407899086,1.0
Llama2-13B,32,4,8,32,32,2688,0.0545025,0.0138574115371704,0.01198525,0.0803451615371704,0.016064,3.3798704614868167,1183.477309435222,226.68349665453005,415.9139427632312,1.0
Llama2-13B,32,4,8,32,32,2816,0.0556225,0.0138574115371704,0.01253525,0.0820151615371704,0.016064,3.4466704614868164,1160.5403083051026,227.15867108286105,408.39349378913386,1.0
Llama2-13B,32,4,8,32,32,2944,0.0566995,0.0138574115371704,0.01308525,0.0836421615371704,0.016064,3.5117504614868165,1139.0330958500017,227.63338629462584,401.4733574275364,1.0
Llama2-13B,32,4,8,32,32,3072,0.0578195,0.0138574115371704,0.01363525,0.0853121615371704,0.016064,3.5785504614868167,1117.7710201515729,228.1085726114568,394.518410936547,1.0
Llama2-13B,32,4,8,32,32,3200,0.0603405,0.0138574115371704,0.01418525,0.0883831615371704,0.016064,3.701390461486816,1080.6749629957264,229.81480511958745,380.8632761074028,1.0
Llama2-13B,32,4,8,32,32,3328,0.0614605,0.0138574115371704,0.0147352499999999,0.0900531615371704,0.016064,3.768190461486817,1061.5174686318053,230.2899795479183,374.6959096458999,1.0
Llama2-13B,32,4,8,32,32,3456,0.0625375,0.0138574115371704,0.01528525,0.0916801615371704,0.016064,3.833270461486816,1043.4953756037644,230.7646947596832,369.0021103492836,1.0
Llama2-13B,32,4,8,32,32,3584,0.0636575,0.0138574115371704,0.01583525,0.0933501615371704,0.016064,3.900070461486816,1025.6224956702674,231.2398810765141,363.2563029910288,1.0
Llama2-13B,32,4,8,32,32,3712,0.0648205,0.0138574115371704,0.01638525,0.0950631615371704,0.016064,3.9685904614868166,1007.9145325822852,231.71555038691088,357.4726365685406,1.0
Llama2-13B,32,4,8,32,32,3840,0.0659405,0.0138574115371704,0.01693525,0.0967331615371704,0.016064,4.035390461486816,991.2299784061596,232.1907248152417,352.12157143977055,1.0
Llama2-13B,32,4,8,32,32,3968,0.0670175,0.0138574115371704,0.01748525,0.0983601615371703,0.016064,4.100470461486816,975.49782093775,232.6654400270068,347.17117174918,1.0
Llama2-13B,32,4,8,32,32,4096,0.0681375,0.0138574115371704,0.01803525,0.1000301615371704,0.016064,4.167270461486817,959.8609058296788,233.14062634383765,342.161990598184,1.0
Llama2-13B,32,8,4,32,32,128,0.0368165,0.0130676499938964,0.00098525,0.0508693999938964,0.024332,2.209107999755859,3621.371160162439,158.66851392516347,861.9424112838725,1.0
Llama2-13B,32,8,4,32,32,256,0.0379365,0.0130676499938964,0.00153525,0.0525393999938964,0.024332,2.2759079997558587,3515.080574811537,159.13963407855118,838.9789995310645,1.0
Llama2-13B,32,8,4,32,32,384,0.0390135,0.0130676499938964,0.00208525,0.0541663999938964,0.024332,2.340987999755859,3417.360533601333,159.61029501537288,818.2310995700096,1.0
Llama2-13B,32,8,4,32,32,512,0.0401335,0.0130676499938964,0.00263525,0.0558363999938964,0.024332,2.407787999755859,3322.551653555534,160.08142705726056,797.7446624752915,1.0
Llama2-13B,32,8,4,32,32,640,0.0412965,0.0130676499938964,0.00318525,0.0575493999938964,0.024332,2.476307999755859,3230.615901086911,160.55304209271415,777.5624670018725,1.0
Llama2-13B,32,8,4,32,32,768,0.0424165,0.0130676499938964,0.00373525,0.0592193999938964,0.024332,2.5431079997558594,3145.7570817944056,161.02416224610184,759.2524713076361,1.0
Llama2-13B,32,8,4,32,32,896,0.0434935,0.0130676499938964,0.00428525,0.0608463999938964,0.024332,2.608187999755859,3067.2635564418074,161.49482318292357,742.6158997685797,1.0
Llama2-13B,32,8,4,32,32,1024,0.0446135,0.0130676499938964,0.00483525,0.0625163999938964,0.024332,2.6749879997558588,2990.66762195948,161.9659552248112,726.0849528721633,1.0
Llama2-13B,32,8,4,32,32,1152,0.0471665,0.0130676499938964,0.00538525,0.0656193999938964,0.024332,2.7991079997558588,2858.053351531191,163.74921963953992,694.3454343211386,1.0
Llama2-13B,32,8,4,32,32,1280,0.0482865,0.0130676499938964,0.00593525,0.0672893999938964,0.024332,2.8659079997558594,2791.436431553805,164.22033979292758,680.1915226530294,1.0
Llama2-13B,32,8,4,32,32,1408,0.0493635,0.0130676499938964,0.00648525,0.0689163999938964,0.024332,2.930987999755859,2729.4550508792163,164.69100072974933,667.258199802483,1.0
Llama2-13B,32,8,4,32,32,1536,0.0504835,0.0130676499938964,0.00703525,0.0705863999938964,0.024332,2.997787999755859,2668.6343399371544,165.16213277163703,654.3212446507748,1.0
Llama2-13B,32,8,4,32,32,1664,0.0516465,0.0130676499938964,0.00758525,0.0722993999938964,0.024332,3.0663079997558587,2609.0007920394705,165.63374780709057,641.4132528132233,1.0
Llama2-13B,32,8,4,32,32,1792,0.0527665,0.0130676499938964,0.00813525,0.0739693999938964,0.024332,3.1331079997558597,2553.3751152604323,166.10486796047823,629.5845582347827,1.0
Llama2-13B,32,8,4,32,32,1920,0.0538435,0.0130676499938964,0.0086852499999999,0.0755963999938964,0.024332,3.1981879997558584,2501.4164272427697,166.57552889730005,618.7396023560877,1.0
Llama2-13B,32,8,4,32,32,2048,0.0549635,0.0130676499938964,0.00923525,0.0772663999938964,0.024332,3.264987999755859,2450.2387146899787,167.04666093918766,607.8457919862734,1.0
Llama2-13B,32,8,4,32,32,2176,0.0597445,0.0130676499938964,0.0097852499999999,0.0825973999938964,0.024332,3.478227999755859,2300.021735366839,170.5601946916922,570.9653430581632,1.0
Llama2-13B,32,8,4,32,32,2304,0.0608645,0.0130676499938964,0.01033525,0.0842673999938964,0.024332,3.545027999755859,2256.681752739597,171.0313148450798,562.0068014855287,1.0
Llama2-13B,32,8,4,32,32,2432,0.0619415,0.0130676499938964,0.0108852499999999,0.0858943999938964,0.024332,3.6101079997558583,2216.000186293877,171.5019757819016,553.7546742713741,1.0
Llama2-13B,32,8,4,32,32,2560,0.0630615,0.0130676499938964,0.01143525,0.0875643999938964,0.024332,3.676907999755859,2175.7411391667097,171.97310782378932,545.413946143968,1.0
Llama2-13B,32,8,4,32,32,2688,0.0642245,0.0130676499938964,0.01198525,0.0892773999938964,0.024332,3.7454279997558593,2135.9374684339064,172.44472285924283,537.0060424269334,1.0
Llama2-13B,32,8,4,32,32,2816,0.0653445,0.0130676499938964,0.01253525,0.0909473999938964,0.024332,3.8122279997558586,2098.510372546535,172.9158430126305,529.2437558252967,1.0
Llama2-13B,32,8,4,32,32,2944,0.0664215,0.0130676499938964,0.01308525,0.0925743999938964,0.024332,3.8773079997558586,2063.2872086777047,173.38650394945222,522.0794590590464,1.0
Llama2-13B,32,8,4,32,32,3072,0.0675415,0.0130676499938964,0.01363525,0.0942443999938964,0.024332,3.9441079997558592,2028.342023214172,173.8576359913399,514.817219017463,1.0
Llama2-13B,32,8,4,32,32,3200,0.0700625,0.0130676499938964,0.01418525,0.0973153999938964,0.024332,4.066947999755859,1967.077031838185,175.55981422452743,501.15201205931095,1.0
Llama2-13B,32,8,4,32,32,3328,0.0711825,0.0130676499938964,0.0147352499999999,0.0989853999938964,0.024332,4.133747999755858,1935.2897178232647,176.03093437791495,494.5904804633584,1.0
Llama2-13B,32,8,4,32,32,3456,0.0722595,0.0130676499938964,0.01528525,0.1006123999938964,0.024332,4.19882799975586,1905.293572507652,176.50159531473676,488.5214963146348,1.0
Llama2-13B,32,8,4,32,32,3584,0.0733795,0.0130676499938964,0.01583525,0.1022823999938964,0.024332,4.26562799975586,1875.4565565628027,176.97272735662438,482.34923202426944,1.0
Llama2-13B,32,8,4,32,32,3712,0.0745425,0.0130676499938964,0.01638525,0.1039953999938964,0.024332,4.33414799975586,1845.8068345729391,177.444342392078,476.0890562889036,1.0
Llama2-13B,32,8,4,32,32,3840,0.0756625,0.0130676499938964,0.01693525,0.1056653999938964,0.024332,4.40094799975586,1817.7901671284903,177.9154625454656,470.2870313443665,1.0
Llama2-13B,32,8,4,32,32,3968,0.0767395,0.0130676499938964,0.01748525,0.1072923999938964,0.024332,4.46602799975586,1791.300905510966,178.38612348228736,464.9134369712792,1.0
Llama2-13B,32,8,4,32,32,4096,0.0778595,0.0130676499938964,0.01803525,0.1089623999938964,0.024332,4.53282799975586,1764.9026171809044,178.85725552417512,459.4359211764141,1.0
Llama2-13B,32,16,2,32,32,128,0.0529295,0.0114136211013793,0.00098525,0.0653283711013794,0.040868,2.804002844055176,5706.12830651079,134.4840250912379,1016.3256791863732,1.0
Llama2-13B,32,16,2,32,32,256,0.0540495,0.0114136211013793,0.00153525,0.0669983711013793,0.040868,2.870802844055176,5573.353820912017,134.9531181071539,998.737217603522,1.0
Llama2-13B,32,16,2,32,32,384,0.0551265,0.0114136211013793,0.00208525,0.0686253711013794,0.040868,2.935882844055176,5449.808745740027,135.4217519065041,982.6254299221176,1.0
Llama2-13B,32,16,2,32,32,512,0.0562465,0.0114136211013793,0.00263525,0.0702953711013794,0.040868,3.002682844055176,5328.568094255243,135.8908568109201,966.3951130180196,1.0
Llama2-13B,32,16,2,32,32,640,0.0574095,0.0114136211013793,0.00318525,0.0720083711013793,0.040868,3.0712028440551755,5209.685199064811,136.3604447089021,950.0897566354148,1.0
Llama2-13B,32,16,2,32,32,768,0.0585295,0.0114136211013793,0.00373525,0.0736783711013793,0.040868,3.1380028440551757,5098.78441643588,136.82953772481812,935.1150290012262,1.0
Llama2-13B,32,16,2,32,32,896,0.0596065,0.0114136211013793,0.00428525,0.0753053711013794,0.040868,3.203082844055176,4995.187692286982,137.29817152416834,921.363754115194,1.0
Llama2-13B,32,16,2,32,32,1024,0.0607265,0.0114136211013793,0.00483525,0.0769753711013793,0.040868,3.269882844055176,4893.141669919112,137.76727642858444,907.4606732058288,1.0
Llama2-13B,32,16,2,32,32,1152,0.0655395,0.0114136211013793,0.00538525,0.0823383711013793,0.040868,3.4844028440551758,4591.89155676933,141.3598692251585,862.7460949513412,1.0
Llama2-13B,32,16,2,32,32,1280,0.0666595,0.0114136211013793,0.00593525,0.0840083711013793,0.040868,3.5512028440551755,4505.515652755375,141.82896224107463,851.0652629622161,1.0
Llama2-13B,32,16,2,32,32,1408,0.0677365,0.0114136211013793,0.00648525,0.0856353711013793,0.040868,3.616282844055176,4424.432681282791,142.2975960404248,840.3008483781994,1.0
Llama2-13B,32,16,2,32,32,1536,0.0688565,0.0114136211013793,0.00703525,0.0873053711013794,0.040868,3.683082844055176,4344.186834088033,142.7667009448408,829.357872937723,1.0
Llama2-13B,32,16,2,32,32,1664,0.0700195,0.0114136211013793,0.00758525,0.0890183711013793,0.040868,3.751602844055176,4264.843765473136,143.23628884282277,818.2651338145674,1.0
Llama2-13B,32,16,2,32,32,1792,0.0711395,0.0114136211013793,0.00813525,0.0906883711013793,0.040868,3.818402844055176,4190.233627368627,143.70538185873886,808.0201961427272,1.0
Llama2-13B,32,16,2,32,32,1920,0.0722165,0.0114136211013793,0.0086852499999999,0.0923153711013793,0.040868,3.883482844055176,4120.013050783205,144.17401565808905,798.565511527637,1.0
Llama2-13B,32,16,2,32,32,2048,0.0733365,0.0114136211013793,0.00923525,0.0939853711013793,0.040868,3.950282844055176,4050.3428821757857,144.64312056250506,788.9284084323909,1.0
Llama2-13B,32,16,2,32,32,2176,0.0781175,0.0114136211013793,0.0097852499999999,0.0993163711013793,0.040868,4.163522844055176,3842.899534668187,148.15462717753798,758.6245191028282,1.0
Llama2-13B,32,16,2,32,32,2304,0.0792375,0.0114136211013793,0.01033525,0.1009863711013794,0.040868,4.230322844055176,3782.217241997172,148.62372019345403,750.2696081701417,1.0
Llama2-13B,32,16,2,32,32,2432,0.0803145,0.0114136211013793,0.0108852499999999,0.1026133711013793,0.040868,4.295402844055175,3724.912559049951,149.09235399280416,742.5426491744536,1.0
Llama2-13B,32,16,2,32,32,2560,0.0814345,0.0114136211013793,0.01143525,0.1042833711013793,0.040868,4.362202844055176,3667.871617158944,149.56145889722023,734.6343817287278,1.0
Llama2-13B,32,16,2,32,32,2688,0.0825975,0.0114136211013793,0.01198525,0.1059963711013794,0.040868,4.430722844055176,3611.1489170367854,150.03104679520217,726.5645899461956,1.0
Llama2-13B,32,16,2,32,32,2816,0.0837175,0.0114136211013793,0.01253525,0.1076663711013793,0.040868,4.497522844055176,3557.5138925972983,150.50013981111826,719.0856860805363,1.0
Llama2-13B,32,16,2,32,32,2944,0.0847945,0.0114136211013793,0.01308525,0.1092933711013793,0.040868,4.562602844055175,3506.770268389048,150.9687736104684,712.163046473384,1.0
Llama2-13B,32,16,2,32,32,3072,0.0859145,0.0114136211013793,0.01363525,0.1109633711013794,0.040868,4.629402844055176,3456.169302817602,151.4378785148845,705.0631896356701,1.0
Llama2-13B,32,16,2,32,32,3200,0.0906955,0.0114136211013793,0.01418525,0.1162943711013793,0.040868,4.842642844055176,3303.981011038546,154.94938512991737,683.3829027015337,1.0
Llama2-13B,32,16,2,32,32,3328,0.0918155,0.0114136211013793,0.0147352499999999,0.1179643711013793,0.040868,4.909442844055175,3259.025618227603,155.4184781458334,677.0903742650572,1.0
Llama2-13B,32,16,2,32,32,3456,0.0928925,0.0114136211013793,0.01528525,0.1195913711013793,0.040868,4.974522844055175,3216.388888257065,155.88711194518353,671.2581185571864,1.0
Llama2-13B,32,16,2,32,32,3584,0.0940125,0.0114136211013793,0.01583525,0.1212613711013793,0.040868,5.041322844055175,3173.770158137662,156.35621684959966,665.2571385702947,1.0
Llama2-13B,32,16,2,32,32,3712,0.0951755,0.0114136211013793,0.01638525,0.1229743711013793,0.040868,5.109842844055176,3131.2117590102607,156.8258047475816,659.1015744496495,1.0
Llama2-13B,32,16,2,32,32,3840,0.0962955,0.0114136211013793,0.01693525,0.1246443711013794,0.040868,5.176642844055176,3090.806239100366,157.29489776349763,653.3842090793344,1.0
Llama2-13B,32,16,2,32,32,3968,0.0973725,0.0114136211013793,0.01748525,0.1262713711013794,0.040868,5.241722844055176,3052.431514601381,157.76353156284782,648.0824937753382,1.0
Llama2-13B,32,16,2,32,32,4096,0.0984925,0.0114136211013793,0.01803525,0.1279413711013793,0.040868,5.308522844055175,3014.0211260309125,158.2326364672639,642.6180124060769,1.0
Llama2-13B,32,32,1,32,32,128,0.088031,0.0083290807342529,0.00098525,0.0973453307342529,0.077148,4.120961229370117,7765.178612197513,126.9042865881198,1153.2690673796262,1.0
Llama2-13B,32,32,1,32,32,256,0.089151,0.0083290807342529,0.00153525,0.0990153307342529,0.077148,4.187761229370118,7641.314355645135,127.37236603530008,1142.9809293024198,1.0
Llama2-13B,32,32,1,32,32,384,0.090228,0.0083290807342529,0.00208525,0.1006423307342529,0.077148,4.252841229370118,7524.381530871181,127.39364799584088,1129.5265150138837,1.0
Llama2-13B,32,32,1,32,32,512,0.091348,0.0083290807342529,0.00263525,0.1023123307342529,0.077148,4.319641229370117,7408.022634478416,128.30807760159462,1123.685927237331,1.0
Llama2-13B,32,32,1,32,32,640,0.094771,0.0083290807342529,0.00318525,0.1062853307342529,0.077148,4.478561229370118,7145.151838082742,130.58800745015787,1102.345717151094,1.0
Llama2-13B,32,32,1,32,32,768,0.095891,0.0083290807342529,0.00373525,0.1079553307342529,0.077148,4.545361229370117,7040.144530918716,131.05608689733816,1093.3754942368996,1.0
Llama2-13B,32,32,1,32,32,896,0.096968,0.0083290807342529,0.00428525,0.1095823307342529,0.077148,4.610441229370117,6940.767359997748,131.07742982500315,1081.4077206913882,1.0
Llama2-13B,32,32,1,32,32,1024,0.098088,0.0083290807342529,0.00483525,0.1112523307342529,0.077148,4.677241229370117,6841.639853651387,131.99179846363273,1076.5174004048022,1.0
Llama2-13B,32,32,1,32,32,1152,0.102901,0.0083290807342529,0.00538525,0.1166153307342529,0.077148,4.891761229370117,6541.611190642771,135.58337769147113,1054.087930663229,1.0
Llama2-13B,32,32,1,32,32,1280,0.104021,0.0083290807342529,0.00593525,0.1182853307342529,0.077148,4.958561229370118,6453.484896074367,136.05145713865133,1046.33839043002,1.0
Llama2-13B,32,32,1,32,32,1408,0.105098,0.0083290807342529,0.00648525,0.1199123307342529,0.077148,5.023641229370117,6369.881633448629,136.07280006631632,1035.778416840027,1.0
Llama2-13B,32,32,1,32,32,1536,0.106218,0.0083290807342529,0.00703525,0.1215823307342529,0.077148,5.090441229370118,6286.292004585155,136.9871687049459,1031.7435365376568,1.0
Llama2-13B,32,32,1,32,32,1664,0.109641,0.0083290807342529,0.00758525,0.1255553307342529,0.077148,5.249361229370118,6095.979796734192,139.2670985535092,1016.1680287739748,1.0
Llama2-13B,32,32,1,32,32,1792,0.110761,0.0083290807342529,0.00813525,0.1272253307342529,0.077148,5.316161229370118,6019.381019373542,139.7351780006895,1009.2735024110618,1.0
Llama2-13B,32,32,1,32,32,1920,0.111838,0.0083290807342529,0.0086852499999999,0.1288523307342529,0.077148,5.381241229370118,5946.58344349035,139.7565209283545,999.7068683513976,1.0
Llama2-13B,32,32,1,32,32,2048,0.112958,0.0083290807342529,0.00923525,0.1305223307342529,0.077148,5.4480412293701175,5873.670674056137,140.6708895669841,996.2703983213872,1.0
Llama2-13B,32,32,1,32,32,2176,0.117739,0.0083290807342529,0.0097852499999999,0.1358533307342529,0.077148,5.661281229370117,5652.430731401833,144.1813826132812,979.66779139134,1.0
Llama2-13B,32,32,1,32,32,2304,0.118859,0.0083290807342529,0.01033525,0.1375233307342529,0.077148,5.728081229370118,5586.512955843477,144.64946206046142,973.586936187997,1.0
Llama2-13B,32,32,1,32,32,2432,0.119936,0.0083290807342529,0.0108852499999999,0.1391503307342529,0.077148,5.793161229370118,5523.754429234022,144.67080498812646,964.9866928236823,1.0
Llama2-13B,32,32,1,32,32,2560,0.121056,0.0083290807342529,0.01143525,0.1408203307342529,0.077148,5.859961229370118,5460.786982619619,145.58517362675602,962.101332452789,1.0
Llama2-13B,32,32,1,32,32,2688,0.124479,0.0083290807342529,0.01198525,0.1447933307342529,0.077148,6.018881229370118,5316.6026675938965,147.86510347531927,950.297502231344,1.0
Llama2-13B,32,32,1,32,32,2816,0.125599,0.0083290807342529,0.01253525,0.1464633307342529,0.077148,6.085681229370117,5258.244524140493,148.3331829224996,944.8048657871452,1.0
Llama2-13B,32,32,1,32,32,2944,0.126676,0.0083290807342529,0.01308525,0.1480903307342529,0.077148,6.150761229370118,5202.608068607637,148.3545258501645,936.9069174913292,1.0
Llama2-13B,32,32,1,32,32,3072,0.127796,0.0083290807342529,0.01363525,0.1497603307342529,0.077148,6.217561229370118,5146.712484123268,149.26889448879416,934.4198221465095,1.0
Llama2-13B,32,32,1,32,32,3200,0.132577,0.0083290807342529,0.01418525,0.1550913307342529,0.077148,6.430801229370118,4976.051794891867,152.77938753509127,921.9058360656296,1.0
Llama2-13B,32,32,1,32,32,3328,0.133697,0.0083290807342529,0.0147352499999999,0.1567613307342529,0.077148,6.497601229370118,4924.894414165534,153.24746698227145,916.9837287733995,1.0
Llama2-13B,32,32,1,32,32,3456,0.134774,0.0083290807342529,0.01528525,0.1583883307342529,0.077148,6.562681229370118,4876.055819500979,153.26880990993644,909.78265784164,1.0
Llama2-13B,32,32,1,32,32,3584,0.135894,0.0083290807342529,0.01583525,0.1600583307342529,0.077148,6.629481229370117,4826.9236902327575,154.18317854856608,907.6673204030562,1.0
Llama2-13B,32,32,1,32,32,3712,0.139317,0.0083290807342529,0.01638525,0.1640313307342529,0.077148,6.788401229370117,4713.922898598205,156.4631083971293,898.4580971288752,1.0
Llama2-13B,32,32,1,32,32,3840,0.140437,0.0083290807342529,0.01693525,0.1657013307342529,0.077148,6.855201229370119,4667.988426495874,156.93118784430968,893.9592149892673,1.0
Llama2-13B,32,32,1,32,32,3968,0.141514,0.0083290807342529,0.01748525,0.1673283307342529,0.077148,6.920281229370118,4624.089533267802,156.95253077197464,887.2763445141803,1.0
Llama2-13B,32,32,1,32,32,4096,0.142634,0.0083290807342529,0.01803525,0.1689983307342529,0.077148,6.987081229370118,4579.880918728747,157.8668994106042,885.4376903717443,1.0
Llama2-13B,32,40,1,32,16,128,0.1649655,0.0009846627044677,0.0019705,0.1679206627044677,0.1499815,7.016808008178711,5700.597758037053,121.74642302012153,738.0114206917294,0.625
Llama2-13B,32,40,1,32,16,256,0.1671175,0.0009846627044677,0.0030705,0.1711726627044678,0.1499815,7.1468880081787125,5596.8415839488525,122.13995089919868,730.8627217329044,0.625
Llama2-13B,32,40,1,32,16,384,0.1715295,0.0009846627044677,0.0041705,0.1766846627044677,0.1499815,7.367368008178712,5429.347353843996,123.43915653793448,719.6380595637164,0.625
Llama2-13B,32,40,1,32,16,512,0.1736815,0.0009846627044677,0.0052705,0.1799366627044678,0.1499815,7.497448008178712,5335.148700779966,123.8326844170117,712.9871887161942,0.625
Llama2-13B,32,40,1,32,16,640,0.1780935,0.0009846627044677,0.0063705,0.1854486627044677,0.1499815,7.717928008178712,5182.7381594661,125.13189005574743,702.6190740018442,0.625
Llama2-13B,32,40,1,32,16,768,0.1802455,0.0009846627044677,0.0074705,0.1887006627044677,0.1499815,7.848008008178712,5096.834758363455,125.52541793482467,696.4136021971406,0.625
Llama2-13B,32,40,1,32,16,896,0.1846575,0.0009846627044677,0.0085705,0.1942126627044678,0.1499815,8.068488008178711,4957.558338000076,126.82462357356049,686.8100324847917,0.625
Llama2-13B,32,40,1,32,16,1024,0.1868095,0.0009846627044677,0.0096705,0.1974646627044677,0.1499815,8.198568008178713,4878.900798297565,127.2181514526377,681.0047211337626,0.625
Llama2-13B,32,40,1,32,16,1152,0.19324,0.0009846627044677,0.0107705,0.2049951627044677,0.1499815,8.49978800817871,4705.999721582585,129.46781175783474,669.9845361096808,0.625
Llama2-13B,32,40,1,32,16,1280,0.195392,0.0009846627044677,0.0118705,0.2082471627044678,0.1499815,8.629868008178713,4635.065097414136,129.8613396369119,664.6195322065993,0.625
Llama2-13B,32,40,1,32,16,1408,0.199804,0.0009846627044677,0.0129705,0.2137591627044678,0.1499815,8.850348008178711,4519.596287404239,131.1605452756477,656.4460435008692,0.625
Llama2-13B,32,40,1,32,16,1536,0.201956,0.0009846627044677,0.0140705,0.2170111627044678,0.1499815,8.980428008178711,4454.130689937156,131.55407315472493,651.3996769332174,0.625
Llama2-13B,32,40,1,32,16,1664,0.206368,0.0009846627044677,0.0151705,0.2225231627044678,0.1499815,9.200908008178711,4347.39701390818,132.85327879346073,643.7687955180098,0.625
Llama2-13B,32,40,1,32,16,1792,0.20852,0.0009846627044677,0.0162705,0.2257751627044678,0.1499815,9.330988008178712,4286.791491419725,133.24680667253793,639.0121171711961,0.625
Llama2-13B,32,40,1,32,16,1920,0.212932,0.0009846627044677,0.0173704999999999,0.2312871627044678,0.1499815,9.551468008178713,4187.8379287612,134.54601231127367,631.8731440613606,0.625
Llama2-13B,32,40,1,32,16,2048,0.215084,0.0009846627044677,0.0184705,0.2345391627044677,0.1499815,9.68154800817871,4131.570691609346,134.93954019035087,627.3806521654369,0.625
Llama2-13B,32,40,1,32,16,2176,0.221486,0.0009846627044677,0.0195704999999999,0.2420411627044677,0.1499815,9.981628008178712,4007.362322781909,137.1386268012379,619.1751478704651,0.625
Llama2-13B,32,40,1,32,16,2304,0.223638,0.0009846627044677,0.0206705,0.2452931627044678,0.1499815,10.111708008178711,3955.810429617486,137.53215468031516,614.9766796354605,0.625
Llama2-13B,32,40,1,32,16,2432,0.22805,0.0009846627044677,0.0217704999999999,0.2508051627044678,0.1499815,10.332188008178711,3871.3968395016577,138.83136031905093,608.7759715810166,0.625
Llama2-13B,32,40,1,32,16,2560,0.230202,0.0009846627044677,0.0228705,0.2540571627044677,0.1499815,10.46226800817871,3823.262792420405,139.22488819812813,604.7944335762854,0.625
Llama2-13B,32,40,1,32,16,2688,0.234614,0.0009846627044677,0.0239705,0.2595691627044678,0.1499815,10.682748008178711,3744.354914051703,140.52409383686387,598.9586888969278,0.625
Llama2-13B,32,40,1,32,16,2816,0.236766,0.0009846627044677,0.0250705,0.2628211627044678,0.1499815,10.812828008178714,3699.3097429964114,140.917621715941,595.1767640452642,0.625
Llama2-13B,32,40,1,32,16,2944,0.241178,0.0009846627044677,0.0261705,0.2683331627044678,0.1499815,11.033308008178713,3625.385964966174,142.21682735467692,589.6757886485369,0.625
Llama2-13B,32,40,1,32,16,3072,0.24333,0.0009846627044677,0.0272705,0.2715851627044677,0.1499815,11.163388008178709,3583.1416027727896,142.61035523375403,586.0779814809275,0.625
Llama2-13B,32,40,1,32,16,3200,0.249732,0.0009846627044677,0.0283705,0.2790871627044678,0.1499815,11.463468008178712,3489.3454556214265,144.80944184464107,579.859376630312,0.625
Llama2-13B,32,40,1,32,16,3328,0.251884,0.0009846627044677,0.0294704999999999,0.2823391627044678,0.1499815,11.593548008178711,3450.194881824084,145.20296972371833,576.4676189187016,0.625
Llama2-13B,32,40,1,32,16,3456,0.256296,0.0009846627044677,0.0305705,0.2878511627044678,0.1499815,11.814028008178711,3385.8054147415664,146.50217536245407,571.6131947531527,0.625
Llama2-13B,32,40,1,32,16,3584,0.258448,0.0009846627044677,0.0316705,0.2911031627044678,0.1499815,11.944108008178713,3348.931537843601,146.8957032415313,568.3762429638894,0.625
Llama2-13B,32,40,1,32,16,3712,0.26286,0.0009846627044677,0.0327705,0.2966151627044677,0.1499815,12.16458800817871,3288.2330230260573,148.19490888026704,563.7788514048048,0.625
Llama2-13B,32,40,1,32,16,3840,0.265012,0.0009846627044677,0.0338705,0.2998671627044678,0.1499815,12.294668008178713,3253.4428724216896,148.58843675934426,560.685692569937,0.625
Llama2-13B,32,40,1,32,16,3968,0.269424,0.0009846627044677,0.0349705,0.3053791627044678,0.1499815,12.515148008178713,3196.126803603106,149.88764239808003,556.32624561316,0.625
Llama2-13B,32,40,1,32,16,4096,0.271576,0.0009846627044677,0.0360705,0.3086311627044678,0.1499815,12.64522800817871,3163.248616326151,150.2811702771573,553.3669038396515,0.625
Llama2-70B,8,1,8,32,32,128,0.052109,0.0067296894327799,0.001559,0.0603976894327799,0.0192475,5.001062654622396,199.95750284706327,834.6959744457948,200.22836133052704,1.0
Llama2-70B,8,1,8,32,32,256,0.054188,0.0067296894327799,0.002439,0.0633566894327799,0.0192475,5.237782654622396,190.9204840940641,837.5268036997907,193.1993254271681,1.0
Llama2-70B,8,1,8,32,32,384,0.056316,0.0067296894327799,0.003319,0.0663646894327799,0.0192475,5.478422654622396,182.5342919017492,840.358737370879,186.5275271172666,1.0
Llama2-70B,8,1,8,32,32,512,0.058444,0.0067296894327799,0.004199,0.0693726894327799,0.0192475,5.719062654622396,174.8538283964692,843.1906710419671,180.3415814801278,1.0
Llama2-70B,8,1,8,32,32,640,0.060621,0.0067296894327799,0.0050789999999999,0.0724296894327799,0.0192475,5.963622654622395,167.68331229423134,846.0237091301473,174.44938823389322,1.0
Llama2-70B,8,1,8,32,32,768,0.0627,0.0067296894327799,0.005959,0.0753886894327799,0.0192475,6.200342654622397,161.28140906123846,848.8545383841432,169.2293736810493,1.0
Llama2-70B,8,1,8,32,32,896,0.064828,0.0067296894327799,0.006839,0.0783966894327799,0.0192475,6.440982654622395,155.25581322321156,851.6864720552313,164.22041248674017,1.0
Llama2-70B,8,1,8,32,32,1024,0.066956,0.0067296894327799,0.0077189999999999,0.0814046894327799,0.0192475,6.681622654622396,149.664243506507,854.5184057263197,159.5298415613088,1.0
Llama2-70B,8,1,8,32,32,1152,0.0743115,0.0067296894327799,0.0085989999999999,0.0896401894327799,0.0192475,7.340462654622396,136.23119509644062,866.503523043806,145.75528737877144,1.0
Llama2-70B,8,1,8,32,32,1280,0.0763905,0.0067296894327799,0.009479,0.0925991894327799,0.0192475,7.577182654622396,131.9751740958704,869.3343522978017,142.25171197626042,1.0
Llama2-70B,8,1,8,32,32,1408,0.0785185,0.0067296894327799,0.010359,0.0956071894327799,0.0192475,7.817822654622397,127.91285299989968,872.16628596889,138.84725987647658,1.0
Llama2-70B,8,1,8,32,32,1536,0.0806465,0.0067296894327799,0.0112389999999999,0.0986151894327799,0.0192475,8.058462654622394,124.0931481423932,874.9982196399778,135.62247271114958,1.0
Llama2-70B,8,1,8,32,32,1664,0.0828235,0.0067296894327799,0.012119,0.1016721894327799,0.0192475,8.303022654622396,120.43806714694288,877.8312577281584,132.48523331665507,1.0
Llama2-70B,8,1,8,32,32,1792,0.0849025,0.0067296894327799,0.012999,0.1046311894327799,0.0192475,8.539742654622398,117.09954742707842,880.6620869821538,129.65785562588766,1.0
Llama2-70B,8,1,8,32,32,1920,0.0870305,0.0067296894327799,0.0138789999999999,0.1076391894327799,0.0192475,8.780382654622397,113.89025277543617,883.4940206532424,126.89431013455663,1.0
Llama2-70B,8,1,8,32,32,2048,0.0891585,0.0067296894327799,0.014759,0.1106471894327799,0.0192475,9.021022654622396,110.85217699654012,886.3259543243305,124.2626830762533,1.0
Llama2-70B,8,1,8,32,32,2176,0.0964855,0.0067296894327799,0.015639,0.1188541894327799,0.0192475,9.677582654622396,103.33158968395485,898.1248581305638,116.35490023508244,1.0
Llama2-70B,8,1,8,32,32,2304,0.0985645,0.0067296894327799,0.016519,0.1218131894327799,0.0192475,9.914302654622396,100.86438096922176,900.9556873845598,114.25965831822812,1.0
Llama2-70B,8,1,8,32,32,2432,0.1006925,0.0067296894327799,0.017399,0.1248211894327799,0.0192475,10.154942654622396,98.4742143811923,903.787621055648,112.1964919253728,1.0
Llama2-70B,8,1,8,32,32,2560,0.1028205,0.0067296894327799,0.018279,0.1278291894327799,0.0192475,10.395582654622396,96.19470434928918,906.619554726736,110.21872519666996,1.0
Llama2-70B,8,1,8,32,32,2688,0.1049975,0.0067296894327799,0.019159,0.1308861894327799,0.0192475,10.640142654622396,93.9837023299279,909.452592814916,108.27074368614925,1.0
Llama2-70B,8,1,8,32,32,2816,0.1070765,0.0067296894327799,0.020039,0.1338451894327799,0.0192475,10.876862654622396,91.93827593060809,912.283422068912,106.49902430375856,1.0
Llama2-70B,8,1,8,32,32,2944,0.1092045,0.0067296894327799,0.020919,0.1368531894327799,0.0192475,11.117502654622395,89.94825826142021,915.1153557400004,104.7478990952754,1.0
Llama2-70B,8,1,8,32,32,3072,0.1113325,0.0067296894327799,0.021799,0.1398611894327799,0.0192475,11.358142654622396,88.04256385994874,917.9472894110884,103.06371560540366,1.0
Llama2-70B,8,1,8,32,32,3200,0.1186595,0.0067296894327799,0.022679,0.1480681894327799,0.0192475,12.014702654622395,83.23135650929086,929.7461932173215,97.94266295759311,1.0
Llama2-70B,8,1,8,32,32,3328,0.1207385,0.0067296894327799,0.023559,0.1510271894327799,0.0192475,12.251422654622395,81.62317374812838,932.577022471318,96.54925960560614,1.0
Llama2-70B,8,1,8,32,32,3456,0.1228665,0.0067296894327799,0.024439,0.1540351894327799,0.0192475,12.492062654622396,80.05083128765556,935.408956142406,95.1651748180348,1.0
Llama2-70B,8,1,8,32,32,3584,0.1249945,0.0067296894327799,0.025319,0.1570431894327799,0.0192475,12.732702654622395,78.53792137657173,938.240889813494,93.82821742291604,1.0
Llama2-70B,8,1,8,32,32,3712,0.1271715,0.0067296894327799,0.026199,0.1601001894327799,0.0192475,12.977262654622397,77.05785315548098,941.073927901674,92.50047454634826,1.0
Llama2-70B,8,1,8,32,32,3840,0.1292505,0.0067296894327799,0.027079,0.1630591894327799,0.0192475,13.213982654622397,75.67741127995116,943.90475715567,91.28637385887,1.0
Llama2-70B,8,1,8,32,32,3968,0.1313785,0.0067296894327799,0.027959,0.1660671894327799,0.0192475,13.4546226546224,74.32389786542585,946.7366908267584,90.07720924911212,1.0
Llama2-70B,8,1,8,32,32,4096,0.1335065,0.0067296894327799,0.028839,0.1690751894327799,0.0192475,13.695262654622397,73.01794972603041,949.568624497846,88.9065911114671,1.0
Llama2-70B,8,2,4,32,32,128,0.075447,0.0064117979939778,0.001559,0.0834177979939778,0.0339355,6.85735933951823,291.65745893965527,730.7561644048301,242.14222050075884,1.0
Llama2-70B,8,2,4,32,32,256,0.077526,0.0064117979939778,0.002439,0.0863767979939778,0.0339355,7.094079339518229,281.92523712820827,733.5740199790079,236.55741943961,1.0
Llama2-70B,8,2,4,32,32,384,0.079654,0.0064117979939778,0.003319,0.0893847979939778,0.0339355,7.33471933951823,272.6757367830474,736.3929799702777,231.1224106668459,1.0
Llama2-70B,8,2,4,32,32,512,0.081782,0.0064117979939778,0.004199,0.0923927979939778,0.0339355,7.575359339518229,264.0138784660206,739.2119399615475,225.97024405173133,1.0
Llama2-70B,8,2,4,32,32,640,0.083959,0.0064117979939778,0.0050789999999999,0.0954497979939778,0.0339355,7.819919339518231,255.7571137457814,742.0320043699096,220.95070342962327,1.0
Llama2-70B,8,2,4,32,32,768,0.086038,0.0064117979939778,0.005959,0.0984087979939778,0.0339355,8.056639339518231,248.2424638508884,744.8498599440874,216.43048999979283,1.0
Llama2-70B,8,2,4,32,32,896,0.088166,0.0064117979939778,0.006839,0.1014167979939778,0.0339355,8.29727933951823,241.0428669641641,747.668819935357,212.00599435591863,1.0
Llama2-70B,8,2,4,32,32,1024,0.090294,0.0064117979939778,0.0077189999999999,0.1044247979939778,0.0339355,8.537919339518231,234.249109234716,750.4877799266268,207.79004693740083,1.0
Llama2-70B,8,2,4,32,32,1152,0.0976495,0.0064117979939778,0.0085989999999999,0.1126602979939778,0.0339355,9.19675933951823,217.4679064837604,762.4599235642952,195.2032328799162,1.0
Llama2-70B,8,2,4,32,32,1280,0.0997285,0.0064117979939778,0.009479,0.1156192979939778,0.0339355,9.43347933951823,212.0108528379032,765.277779138473,191.8402911751587,1.0
Llama2-70B,8,2,4,32,32,1408,0.1018565,0.0064117979939778,0.010359,0.1186272979939778,0.0339355,9.67411933951823,206.7371643670048,768.0967391297427,188.52423240778515,1.0
Llama2-70B,8,2,4,32,32,1536,0.1039845,0.0064117979939778,0.0112389999999999,0.1216352979939778,0.0339355,9.914759339518229,201.71947008621825,770.9156991210126,185.3438971964601,1.0
Llama2-70B,8,2,4,32,32,1664,0.1061615,0.0064117979939778,0.012119,0.1246922979939778,0.0339355,10.15931933951823,196.86358240756343,773.7357635293745,182.2072416858688,1.0
Llama2-70B,8,2,4,32,32,1792,0.1082405,0.0064117979939778,0.012999,0.1276512979939778,0.0339355,10.39603933951823,192.38095727451176,776.5536191035524,179.35837766444914,1.0
Llama2-70B,8,2,4,32,32,1920,0.1103685,0.0064117979939778,0.0138789999999999,0.1306592979939778,0.0339355,10.636679339518228,188.0286070643723,779.372579094822,176.5387268774202,1.0
Llama2-70B,8,2,4,32,32,2048,0.1124965,0.0064117979939778,0.014759,0.1336672979939778,0.0339355,10.87731933951823,183.8688317933104,782.1915390860919,173.82574993135157,1.0
Llama2-70B,8,2,4,32,32,2176,0.1231315,0.0064117979939778,0.015639,0.1451822979939778,0.0339355,11.79851933951823,169.51279583880958,798.9180844680739,162.2083066615922,1.0
Llama2-70B,8,2,4,32,32,2304,0.1252105,0.0064117979939778,0.016519,0.1481412979939778,0.0339355,12.035239339518233,166.178664468509,801.7359400422514,160.07761730091556,1.0
Llama2-70B,8,2,4,32,32,2432,0.1273385,0.0064117979939778,0.017399,0.1511492979939778,0.0339355,12.27587933951823,162.92111910563065,804.554900033521,157.9559402760204,1.0
Llama2-70B,8,2,4,32,32,2560,0.1294665,0.0064117979939778,0.018279,0.1541572979939778,0.0339355,12.51651933951823,159.78883152326767,807.3738600247909,155.90400992241058,1.0
Llama2-70B,8,2,4,32,32,2688,0.1316435,0.0064117979939778,0.019159,0.1572142979939778,0.0339355,12.761079339518233,156.72655476770242,810.1939244331531,153.86136125846565,1.0
Llama2-70B,8,2,4,32,32,2816,0.1337225,0.0064117979939778,0.020039,0.1601732979939778,0.0339355,12.99779933951823,153.8722015748653,813.0117800073306,151.99607022141578,1.0
Llama2-70B,8,2,4,32,32,2944,0.1358505,0.0064117979939778,0.020919,0.1631812979939778,0.0339355,13.23843933951823,151.07520975148296,815.8307399986007,150.13392295181112,1.0
Llama2-70B,8,2,4,32,32,3072,0.1379785,0.0064117979939778,0.021799,0.1661892979939778,0.0339355,13.479079339518233,148.37808648669056,818.6496999898704,148.32921433228194,1.0
Llama2-70B,8,2,4,32,32,3200,0.1453055,0.0064117979939778,0.022679,0.1743962979939778,0.0339355,14.135639339518232,141.486348934265,830.4356301162854,142.8775287439714,1.0
Llama2-70B,8,2,4,32,32,3328,0.1473845,0.0064117979939778,0.023559,0.1773552979939778,0.0339355,14.37235933951823,139.15599747779763,833.2534856904634,141.3400808243851,1.0
Llama2-70B,8,2,4,32,32,3456,0.1495125,0.0064117979939778,0.024439,0.1803632979939778,0.0339355,14.61299933951823,136.86444196239435,836.0724456817331,139.79975682329794,1.0
Llama2-70B,8,2,4,32,32,3584,0.1516405,0.0064117979939778,0.025319,0.1833712979939779,0.0339355,14.853639339518232,134.6471362529305,838.8914056730027,138.30266414200076,1.0
Llama2-70B,8,2,4,32,32,3712,0.1538175,0.0064117979939778,0.026199,0.1864282979939778,0.0339355,15.09819933951823,132.46612758417973,841.7114700813648,136.8035935575219,1.0
Llama2-70B,8,2,4,32,32,3840,0.1558965,0.0064117979939778,0.027079,0.1893872979939778,0.0339355,15.33491933951823,130.4212924580556,844.5293256555424,135.43109140608394,1.0
Llama2-70B,8,2,4,32,32,3968,0.1580245,0.0064117979939778,0.027959,0.1923952979939779,0.0339355,15.575559339518232,128.40630351717834,847.3482856468124,134.05330908289724,1.0
Llama2-70B,8,2,4,32,32,4096,0.1601525,0.0064117979939778,0.028839,0.1954032979939778,0.0339355,15.816199339518231,126.45262980486189,850.1672456380821,132.71214087168207,1.0
Llama2-70B,8,4,2,32,32,128,0.122375,0.005782637854682,0.001559,0.129716637854682,0.0633115,10.590642528374566,377.6919095591373,679.0471969729059,277.4452285895427,1.0
Llama2-70B,8,4,2,32,32,256,0.124454,0.005782637854682,0.002439,0.132675637854682,0.0633115,10.827362528374564,369.4343834444871,681.8585657071746,273.9399961862111,1.0
Llama2-70B,8,4,2,32,32,384,0.126582,0.005782637854682,0.003319,0.135683637854682,0.0633115,11.068002528374564,361.4021581351622,684.6710388585352,270.445655329563,1.0
Llama2-70B,8,4,2,32,32,512,0.12871,0.005782637854682,0.004199,0.138691637854682,0.0633115,11.308642528374566,353.7117730942137,687.4835120098959,267.066860387653,1.0
Llama2-70B,8,4,2,32,32,640,0.130887,0.005782637854682,0.0050789999999999,0.141748637854682,0.0633115,11.553202528374566,346.2243469008731,690.2970895783486,263.6996376944802,1.0
Llama2-70B,8,4,2,32,32,768,0.132966,0.005782637854682,0.005959,0.144707637854682,0.0633115,11.789922528374566,339.2727976263866,693.1084583126172,260.6337177596594,1.0
Llama2-70B,8,4,2,32,32,896,0.135094,0.005782637854682,0.006839,0.147715637854682,0.0633115,12.030562528374569,332.48653091373234,695.920931463978,257.5691486905334,1.0
Llama2-70B,8,4,2,32,32,1024,0.137222,0.005782637854682,0.0077189999999999,0.1507236378546821,0.0633115,12.271202528374568,325.966423482201,698.7334046153388,254.5996285636919,1.0
Llama2-70B,8,4,2,32,32,1152,0.1478855,0.005782637854682,0.0085989999999999,0.162267137854682,0.0633115,13.194682528374566,303.15242457695985,715.6396766686645,241.9573510143538,1.0
Llama2-70B,8,4,2,32,32,1280,0.1499645,0.005782637854682,0.009479,0.165226137854682,0.0633115,13.431402528374566,297.8095542553939,718.4510454029331,239.54037302259303,1.0
Llama2-70B,8,4,2,32,32,1408,0.1520925,0.005782637854682,0.010359,0.168234137854682,0.0633115,13.672042528374568,292.56784359019616,721.2635185542937,237.11344035843115,1.0
Llama2-70B,8,4,2,32,32,1536,0.1542205,0.005782637854682,0.0112389999999999,0.1712421378546821,0.0633115,13.912682528374567,287.5074588845178,724.0759917056541,234.7534833908768,1.0
Llama2-70B,8,4,2,32,32,1664,0.1563975,0.005782637854682,0.012119,0.174299137854682,0.0633115,14.157242528374566,282.5408967871409,726.8895692741072,232.38529045352607,1.0
Llama2-70B,8,4,2,32,32,1792,0.1584765,0.005782637854682,0.012999,0.177258137854682,0.0633115,14.393962528374566,277.8942902008304,729.7009380083759,230.2237044635564,1.0
Llama2-70B,8,4,2,32,32,1920,0.1606045,0.005782637854682,0.0138789999999999,0.1802661378546821,0.0633115,14.634602528374568,273.3248130411828,732.5134111597364,228.04884394887333,1.0
Llama2-70B,8,4,2,32,32,2048,0.1627325,0.005782637854682,0.014759,0.183274137854682,0.0633115,14.875242528374566,268.903178712548,735.3258843110975,225.93086332204604,1.0
Llama2-70B,8,4,2,32,32,2176,0.1733675,0.005782637854682,0.015639,0.1947891378546821,0.0633115,15.796442528374568,253.22157142755069,752.04594285317,216.89357660840983,1.0
Llama2-70B,8,4,2,32,32,2304,0.1754465,0.005782637854682,0.016519,0.1977481378546821,0.0633115,16.033162528374568,249.4829072505833,754.8573115874387,215.1246424372781,1.0
Llama2-70B,8,4,2,32,32,2432,0.1775745,0.005782637854682,0.017399,0.200756137854682,0.0633115,16.273802528374567,245.79381450805408,757.6697847387996,213.338566274662,1.0
Llama2-70B,8,4,2,32,32,2560,0.1797025,0.005782637854682,0.018279,0.203764137854682,0.0633115,16.514442528374563,242.21223290627788,760.4822578901602,211.59479080429048,1.0
Llama2-70B,8,4,2,32,32,2688,0.1818795,0.005782637854682,0.019159,0.2068211378546821,0.0633115,16.759002528374566,238.6776893927681,763.2958354586127,209.835587699167,1.0
Llama2-70B,8,4,2,32,32,2816,0.1839585,0.005782637854682,0.020039,0.209780137854682,0.0633115,16.995722528374568,235.3533363069414,766.1072041928817,208.22827001548748,1.0
Llama2-70B,8,4,2,32,32,2944,0.1860865,0.005782637854682,0.020919,0.212788137854682,0.0633115,17.236362528374563,232.0675254663033,768.9196773442419,206.60275660626704,1.0
Llama2-70B,8,4,2,32,32,3072,0.1882145,0.005782637854682,0.021799,0.2157961378546821,0.0633115,17.477002528374566,228.87219896580385,771.7321504956028,205.01400011571977,1.0
Llama2-70B,8,4,2,32,32,3200,0.1988495,0.005782637854682,0.022679,0.2273111378546821,0.0633115,18.39820252837457,217.4125430911532,788.4522090376754,198.2535055500958,1.0
Llama2-70B,8,4,2,32,32,3328,0.2009285,0.005782637854682,0.023559,0.2302701378546821,0.0633115,18.634922528374567,214.6507447996834,791.263577771944,196.9017779389048,1.0
Llama2-70B,8,4,2,32,32,3456,0.2030565,0.005782637854682,0.024439,0.2332781378546821,0.0633115,18.87556252837457,211.9142141584933,794.0760509233048,195.53081307993207,1.0
Llama2-70B,8,4,2,32,32,3584,0.2051845,0.005782637854682,0.025319,0.236286137854682,0.0633115,19.116202528374565,209.24657991369983,796.8885240746655,194.1882851956814,1.0
Llama2-70B,8,4,2,32,32,3712,0.2073615,0.005782637854682,0.026199,0.2393431378546821,0.0633115,19.36076252837457,206.6034328006305,799.7021016431185,192.8280084883448,1.0
Llama2-70B,8,4,2,32,32,3840,0.2094405,0.005782637854682,0.027079,0.242302137854682,0.0633115,19.597482528374567,204.10784876111143,802.513470377387,191.58507317767743,1.0
Llama2-70B,8,4,2,32,32,3968,0.2115685,0.005782637854682,0.027959,0.2453101378546821,0.0633115,19.83812252837457,201.63198378671063,805.3259435287476,190.32274264097623,1.0
Llama2-70B,8,4,2,32,32,4096,0.2136965,0.005782637854682,0.028839,0.2483181378546821,0.0633115,20.07876252837457,199.21546431695413,808.1384166801082,189.08555280037527,1.0
Llama2-70B,8,8,1,32,32,128,0.218299,0.0045739881134033,0.001559,0.2244319881134033,0.1213595,18.225918549072265,438.9353534342013,659.2344979427401,301.9869527312265,1.0
Llama2-70B,8,8,1,32,32,256,0.220378,0.0045739881134033,0.002439,0.2273909881134033,0.1213595,18.462638549072263,433.3075133728378,662.0426232570543,300.41230216131123,1.0
Llama2-70B,8,8,1,32,32,384,0.222506,0.0045739881134033,0.003319,0.2303989881134033,0.1213595,18.703278549072262,427.7324950815548,663.6357977685127,298.2552370581077,1.0
Llama2-70B,8,8,1,32,32,512,0.224634,0.0045739881134033,0.004199,0.2334069881134033,0.1213595,18.943918549072265,422.2991129990781,667.6610827198666,297.2217396831587,1.0
Llama2-70B,8,8,1,32,32,640,0.230119,0.0045739881134033,0.0050789999999999,0.2397719881134033,0.1213595,19.453118549072265,411.24511629429855,675.4120321239316,293.5055480529342,1.0
Llama2-70B,8,8,1,32,32,768,0.232198,0.0045739881134033,0.005959,0.2427309881134033,0.1213595,19.689838549072263,406.3009445233333,678.2201574382456,292.0869936167605,1.0
Llama2-70B,8,8,1,32,32,896,0.234326,0.0045739881134033,0.006839,0.2457389881134033,0.1213595,19.930478549072262,401.3952791099634,679.8134538839525,290.1143935730362,1.0
Llama2-70B,8,8,1,32,32,1024,0.236454,0.0045739881134033,0.0077189999999999,0.2487469881134033,0.1213595,20.171118549072265,396.60666217084656,683.838616901058,289.2057723282574,1.0
Llama2-70B,8,8,1,32,32,1152,0.2471175,0.0045739881134033,0.0085989999999999,0.2602904881134033,0.1213595,21.094598549072263,379.2440032167305,700.7416455344293,283.5661762256533,1.0
Llama2-70B,8,8,1,32,32,1280,0.2491965,0.0045739881134033,0.009479,0.2632494881134033,0.1213595,21.331318549072265,375.035419474711,703.549770848743,282.3273083084004,1.0
Llama2-70B,8,8,1,32,32,1408,0.2513245,0.0045739881134033,0.010359,0.2662574881134033,0.1213595,21.571958549072267,370.85181587946505,705.1430672944501,280.57076301532487,1.0
Llama2-70B,8,8,1,32,32,1536,0.2534525,0.0045739881134033,0.0112389999999999,0.2692654881134033,0.1213595,21.812598549072263,366.7605206230808,709.1682303115551,279.8032097973211,1.0
Llama2-70B,8,8,1,32,32,1664,0.2589375,0.0045739881134033,0.012119,0.2756304881134033,0.1213595,22.321798549072263,358.39405961902185,716.9191797156202,276.8695842493345,1.0
Llama2-70B,8,8,1,32,32,1792,0.2610165,0.0045739881134033,0.012999,0.2785894881134033,0.1213595,22.55851854907226,354.633216831032,719.7273050299343,275.74015628511387,1.0
Llama2-70B,8,8,1,32,32,1920,0.2631445,0.0045739881134033,0.0138789999999999,0.2815974881134033,0.1213595,22.799158549072263,350.89014284369426,721.3206014756413,274.1157810539993,1.0
Llama2-70B,8,8,1,32,32,2048,0.2652725,0.0045739881134033,0.014759,0.2846054881134033,0.1213595,23.03979854907227,347.2252581966317,725.3457644927465,273.4342099134839,1.0
Llama2-70B,8,8,1,32,32,2176,0.2759075,0.0045739881134033,0.015639,0.2961204881134033,0.1213595,23.96099854907227,333.8759018584285,742.0625796148648,268.9533918486684,1.0
Llama2-70B,8,8,1,32,32,2304,0.2779865,0.0045739881134033,0.016519,0.2990794881134033,0.1213595,24.197718549072267,330.6096805686963,744.8707049291787,267.9521145556273,1.0
Llama2-70B,8,8,1,32,32,2432,0.2801145,0.0045739881134033,0.017399,0.3020874881134033,0.1213595,24.438358549072262,327.35422814654214,746.4640013748855,266.485312747068,1.0
Llama2-70B,8,8,1,32,32,2560,0.2822425,0.0045739881134033,0.018279,0.3050954881134033,0.1213595,24.678998549072265,324.16226226087025,750.4891643919912,265.9022522802169,1.0
Llama2-70B,8,8,1,32,32,2688,0.2877275,0.0045739881134033,0.019159,0.3114604881134033,0.1213595,25.188198549072265,317.6090574486383,758.2401137960559,263.5271615664322,1.0
Llama2-70B,8,8,1,32,32,2816,0.2898065,0.0045739881134033,0.020039,0.3144194881134033,0.1213595,25.42491854907227,314.65194213146896,761.0482391103702,262.60564863464765,1.0
Llama2-70B,8,8,1,32,32,2944,0.2919345,0.0045739881134033,0.020919,0.3174274881134033,0.1213595,25.665558549072266,311.70176891744194,762.641535556077,261.2372075092451,1.0
Llama2-70B,8,8,1,32,32,3072,0.2940625,0.0045739881134033,0.021799,0.3204354881134033,0.1213595,25.906198549072265,308.80640341137547,766.6666985731822,260.7155616826976,1.0
Llama2-70B,8,8,1,32,32,3200,0.3046975,0.0045739881134033,0.022679,0.3319504881134033,0.1213595,26.827398549072267,298.20260005331943,783.3835136953005,257.1020483250768,1.0
Llama2-70B,8,8,1,32,32,3328,0.3067765,0.0045739881134033,0.023559,0.3349094881134033,0.1213595,27.064118549072266,295.5943303859875,786.1916390096144,256.2750533400097,1.0
Llama2-70B,8,8,1,32,32,3456,0.3089045,0.0045739881134033,0.024439,0.3379174881134033,0.1213595,27.304758549072265,292.98922331147355,787.7849354553215,255.0253995831468,1.0
Llama2-70B,8,8,1,32,32,3584,0.3110325,0.0045739881134033,0.025319,0.3409254881134033,0.1213595,27.545398549072264,290.4296333105495,791.8100984724266,254.57471436985745,1.0
Llama2-70B,8,8,1,32,32,3712,0.3165175,0.0045739881134033,0.026199,0.3472904881134033,0.1213595,28.054598549072267,285.1582419191149,799.5610478764919,252.61195601396184,1.0
Llama2-70B,8,8,1,32,32,3840,0.3185965,0.0045739881134033,0.027079,0.3502494881134033,0.1213595,28.291318549072265,282.7722570131797,802.3691731908056,251.84494280094287,1.0
Llama2-70B,8,8,1,32,32,3968,0.3207245,0.0045739881134033,0.027959,0.3532574881134033,0.1213595,28.531958549072268,280.3873413120504,803.9624696365128,250.6707375446879,1.0
Llama2-70B,8,8,1,32,32,4096,0.3228525,0.0045739881134033,0.028839,0.3562654881134033,0.1213595,28.772598549072264,278.0423181575287,807.9876326536182,250.26525507890383,1.0
Llama2-70B,8,80,1,32,3,128,2.186136,0.0004647777472601,0.01559,2.20219077774726,1.2585155,177.5837777197808,450.49159910448793,629.4974694196732,287.9498207886762,1.0
Llama2-70B,8,80,1,32,3,256,2.213244,0.0004647777472601,0.02439,2.2380987777472603,1.2585155,180.45641771978083,443.3203374580274,632.1000885913927,285.5989166090104,1.0
Llama2-70B,8,80,1,32,3,384,2.237044,0.0004647777472601,0.03319,2.2706987777472603,1.2585155,183.0644177197808,437.0046402051604,634.1288907845054,283.4673304523763,1.0
Llama2-70B,8,80,1,32,3,512,2.264152,0.0004647777472601,0.04199,2.3066067777472608,1.2585155,185.93705771978085,430.2531242618949,636.8417970538176,281.2716624386603,1.0
Llama2-70B,8,80,1,32,3,640,2.29126,0.0004647777472601,0.0507899999999999,2.3425147777472604,1.2585155,188.8096977197808,423.70704982924576,639.4444162255371,279.07981469826103,1.0
Llama2-70B,8,80,1,32,3,768,2.31506,0.0004647777472601,0.05959,2.3751147777472603,1.2585155,191.4176977197808,417.9341876586207,641.4711408730498,277.0861838885602,1.0
Llama2-70B,8,80,1,32,3,896,2.342168,0.0004647777472601,0.0683899999999999,2.4110227777472604,1.2585155,194.2903377197808,411.7549073149568,644.1861246879618,275.03839378215474,1.0
Llama2-70B,8,80,1,32,3,1024,2.369276,0.0004647777472601,0.07719,2.4469307777472604,1.2585155,197.16297771978083,405.7556896594477,646.7887438596812,272.99003740369693,1.0
Llama2-70B,8,80,1,32,3,1152,2.408808,0.0004647777472601,0.0859899999999999,2.49526277774726,1.2585155,201.0295377197808,397.9514697562188,651.4748403250941,270.45527926056974,1.0
Llama2-70B,8,80,1,32,3,1280,2.435916,0.0004647777472601,0.09479,2.5311707777472607,1.2585155,203.90217771978084,392.3450004047656,654.1925356852064,268.5612047727452,1.0
Llama2-70B,8,80,1,32,3,1408,2.463024,0.0004647777472601,0.10359,2.5670787777472603,1.2585155,206.77481771978083,386.8943079346113,656.7951548569257,266.6621010826228,1.0
Llama2-70B,8,80,1,32,3,1536,2.486824,0.0004647777472601,0.1123899999999999,2.5996787777472603,1.2585155,209.38281771978083,382.0752861730269,658.8170904136388,264.9230868021376,1.0
Llama2-70B,8,80,1,32,3,1664,2.513932,0.0004647777472601,0.1211899999999999,2.6355867777472604,1.2585155,212.2554577197808,376.9043249084121,661.5368633193507,263.1482726340056,1.0
Llama2-70B,8,80,1,32,3,1792,2.54104,0.0004647777472601,0.12999,2.6714947777472604,1.2585155,215.1280977197808,371.8714609943956,664.1394824910701,261.3652215199565,1.0
Llama2-70B,8,80,1,32,3,1920,2.56484,0.0004647777472601,0.13879,2.7040947777472604,1.2585155,217.7360977197808,367.4172580375596,666.1593405021832,259.7274451826169,1.0
Llama2-70B,8,80,1,32,3,2048,2.591948,0.0004647777472601,0.14759,2.7400027777472604,1.2585155,220.60873771978083,362.6329619890972,668.881190953495,258.06119218190145,1.0
Llama2-70B,8,80,1,32,3,2176,2.634788,0.0004647777472601,0.15639,2.7916427777472603,1.2585155,224.7399377197808,355.9669937247593,674.1458934883146,255.86342942518127,1.0
Llama2-70B,8,80,1,32,3,2304,2.658588,0.0004647777472601,0.16519,2.8242427777472603,1.2585155,227.3479377197808,351.8835525950735,676.1630399542275,254.3316376791844,1.0
Llama2-70B,8,80,1,32,3,2432,2.685696,0.0004647777472601,0.17399,2.8601507777472603,1.2585155,230.22057771978083,347.4928296695274,678.8876019507394,252.779019647324,1.0
Llama2-70B,8,80,1,32,3,2560,2.712804,0.0004647777472601,0.18279,2.8960587777472604,1.2585155,233.0932177197808,343.2103292519395,681.4902211224589,251.2124801948312,1.0
Llama2-70B,8,80,1,32,3,2688,2.736604,0.0004647777472601,0.19159,2.9286587777472604,1.2585155,235.70121771978083,339.41275642924325,683.5052900427717,249.7640469877161,1.0
Llama2-70B,8,80,1,32,3,2816,2.763712,0.0004647777472601,0.20039,2.9645667777472604,1.2585155,238.5738577197808,335.3259270090052,686.2319295848837,248.30081049866405,1.0
Llama2-70B,8,80,1,32,3,2944,2.79082,0.0004647777472601,0.20919,3.0004747777472605,1.2585155,241.44649771978084,331.33634472033964,688.8345487566033,246.82156095936085,1.0
Llama2-70B,8,80,1,32,3,3072,2.81462,0.0004647777472601,0.21799,3.0330747777472604,1.2585155,244.0544977197808,327.7956388734725,690.8475401313165,245.44966643146003,1.0
Llama2-70B,8,80,1,32,3,3200,2.85746,0.0004647777472601,0.22679,3.0847147777472603,1.2585155,248.1856977197808,322.33928358887806,696.2383405821281,243.6563733463035,1.0
Llama2-70B,8,80,1,32,3,3328,2.884568,0.0004647777472601,0.23559,3.1206227777472604,1.2585155,251.05833771978084,318.6510383466815,698.8409597538476,242.2688457175729,1.0
Llama2-70B,8,80,1,32,3,3456,2.908368,0.0004647777472601,0.24439,3.1532227777472603,1.2585155,253.6663377197808,315.3749161955186,700.8512395833604,240.9774965146641,1.0
Llama2-70B,8,80,1,32,3,3584,2.935476,0.0004647777472601,0.25319,3.1891307777472604,1.2585155,256.5389777197808,311.84345050047136,703.5826682162726,239.6826505194635,1.0
Llama2-70B,8,80,1,32,3,3712,2.962584,0.0004647777472601,0.26199,3.2250387777472604,1.2585155,259.4116177197808,308.3901974136596,706.1852873879918,238.36802176343093,1.0
Llama2-70B,8,80,1,32,3,3840,2.986384,0.0004647777472601,0.27079,3.2576387777472604,1.2585155,262.0196177197808,305.32065001925434,708.1934896719049,237.1407995997517,1.0
Llama2-70B,8,80,1,32,3,3968,3.013492,0.0004647777472601,0.27959,3.2935467777472605,1.2585155,264.8922577197808,302.0095818905696,710.9269958504169,235.91467833676583,1.0
Llama2-70B,8,80,1,32,3,4096,3.0406,0.0004647777472601,0.28839,3.3294547777472605,1.2585155,267.7648977197808,298.76955747844505,713.5296150221365,234.6673732230929,1.0
Llama2-70B,20,1,20,32,32,128,0.039499,0.0148387594386509,0.001559,0.0558967594386509,0.0119035,4.633644255092076,215.8128559181177,1237.1251281764537,391.5052052509096,1.0
Llama2-70B,20,1,20,32,32,256,0.041578,0.0148387594386509,0.002439,0.0588557594386509,0.0119035,4.870364255092076,205.3234517222151,1239.9948784699047,372.7917644156481,1.0
Llama2-70B,20,1,20,32,32,384,0.043706,0.0148387594386509,0.003319,0.0618637594386509,0.0119035,5.111004255092077,195.65626442273123,1242.8657331804473,355.46198839417,1.0
Llama2-70B,20,1,20,32,32,512,0.045834,0.0148387594386509,0.004199,0.0648717594386509,0.0119035,5.351644255092077,186.8584592573586,1245.7365878909904,339.74140045899065,1.0
Llama2-70B,20,1,20,32,32,640,0.048011,0.0148387594386509,0.0050789999999999,0.0679287594386509,0.0119035,5.596204255092076,178.69254845194115,1248.6085470186254,325.0839773746188,1.0
Llama2-70B,20,1,20,32,32,768,0.05009,0.0148387594386509,0.005959,0.0708877594386509,0.0119035,5.832924255092077,171.44059416286973,1251.4782973120762,312.30742097027246,1.0
Llama2-70B,20,1,20,32,32,896,0.052218,0.0148387594386509,0.006839,0.0738957594386509,0.0119035,6.073564255092076,164.64796584009136,1254.349152022619,300.2674250312677,1.0
Llama2-70B,20,1,20,32,32,1024,0.054346,0.0148387594386509,0.0077189999999999,0.0769037594386509,0.0119035,6.3142042550920765,158.37308385986282,1257.220006733162,289.17031767130106,1.0
Llama2-70B,20,1,20,32,32,1152,0.0617015,0.0148387594386509,0.0085989999999999,0.0851392594386509,0.0119035,6.973044255092076,143.40938669215365,1269.244045090103,257.13395239380384,1.0
Llama2-70B,20,1,20,32,32,1280,0.0637805,0.0148387594386509,0.009479,0.0880982594386509,0.0119035,7.209764255092076,138.70079029196066,1272.113795383554,249.3147975054197,1.0
Llama2-70B,20,1,20,32,32,1408,0.0659085,0.0148387594386509,0.010359,0.0911062594386509,0.0119035,7.450404255092075,134.22090476721945,1274.9846500940969,241.80960158668776,1.0
Llama2-70B,20,1,20,32,32,1536,0.0680365,0.0148387594386509,0.0112389999999999,0.0941142594386509,0.0119035,7.691044255092075,130.02135559653314,1277.85550480464,234.77389063308647,1.0
Llama2-70B,20,1,20,32,32,1664,0.0702135,0.0148387594386509,0.012119,0.0971712594386509,0.0119035,7.935604255092076,126.01434847993148,1280.727463932275,228.00591480489416,1.0
Llama2-70B,20,1,20,32,32,1792,0.0722925,0.0148387594386509,0.012999,0.1001302594386509,0.0119035,8.172324255092075,122.36420983625464,1283.5972142257258,221.9450866662734,1.0
Llama2-70B,20,1,20,32,32,1920,0.0744205,0.0148387594386509,0.0138789999999999,0.1031382594386509,0.0119035,8.412964255092076,118.86416840470166,1286.4680689362683,216.0809301429492,1.0
Llama2-70B,20,1,20,32,32,2048,0.0765485,0.0148387594386509,0.014759,0.1061462594386509,0.0119035,8.653604255092077,115.55878574081612,1289.338923646811,210.54281332207864,1.0
Llama2-70B,20,1,20,32,32,2176,0.0838755,0.0148387594386509,0.015639,0.1143532594386509,0.0119035,9.310164255092078,107.40949059551366,1301.1767484924994,193.91490192197057,1.0
Llama2-70B,20,1,20,32,32,2304,0.0859545,0.0148387594386509,0.016519,0.1173122594386509,0.0119035,9.546884255092078,104.74621596743714,1304.0464987859505,189.64197610159297,1.0
Llama2-70B,20,1,20,32,32,2432,0.0880825,0.0148387594386509,0.017399,0.1203202594386509,0.0119035,9.787524255092077,102.1708834570436,1306.9173534964928,185.4677934743696,1.0
Llama2-70B,20,1,20,32,32,2560,0.0902105,0.0148387594386509,0.018279,0.1233282594386509,0.0119035,10.028164255092076,99.71914844655863,1309.7882082070355,181.4905427038753,1.0
Llama2-70B,20,1,20,32,32,2688,0.0923875,0.0148387594386509,0.019159,0.1263852594386509,0.0119035,10.272724255092076,97.34516133870828,1312.6601673346709,177.60251215460303,1.0
Llama2-70B,20,1,20,32,32,2816,0.0944665,0.0148387594386509,0.020039,0.1293442594386509,0.0119035,10.509444255092076,95.15251004024084,1315.5299176281214,174.0736024977269,1.0
Llama2-70B,20,1,20,32,32,2944,0.0965945,0.0148387594386509,0.020919,0.1323522594386509,0.0119035,10.750084255092077,93.0225267328786,1318.4007723386644,170.61022785182698,1.0
Llama2-70B,20,1,20,32,32,3072,0.0987225,0.0148387594386509,0.021799,0.1353602594386509,0.0119035,10.990724255092076,90.98581465518008,1321.2716270492074,167.29616184876886,1.0
Llama2-70B,20,1,20,32,32,3200,0.1060495,0.0148387594386509,0.022679,0.1435672594386509,0.0119035,11.647284255092078,85.85692407762863,1333.1094518948953,157.13292517820634,1.0
Llama2-70B,20,1,20,32,32,3328,0.1081285,0.0148387594386509,0.023559,0.1465262594386509,0.0119035,11.884004255092076,84.14672180645833,1335.979202188346,154.4434633547522,1.0
Llama2-70B,20,1,20,32,32,3456,0.1102565,0.0148387594386509,0.024439,0.1495342594386509,0.0119035,12.124644255092075,82.47664665130463,1338.8500568988895,151.7881096464709,1.0
Llama2-70B,20,1,20,32,32,3584,0.1123845,0.0148387594386509,0.025319,0.1525422594386509,0.0119035,12.365284255092078,80.8715739460818,1341.720911609432,149.2333141591403,1.0
Llama2-70B,20,1,20,32,32,3712,0.1145615,0.0148387594386509,0.026199,0.1555992594386509,0.0119035,12.609844255092076,79.30312062309433,1344.5928707370672,146.7108137045459,1.0
Llama2-70B,20,1,20,32,32,3840,0.1166405,0.0148387594386509,0.027079,0.1585582594386509,0.0119035,12.846564255092076,77.841824486545,1347.4626210305178,144.40338272625266,1.0
Llama2-70B,20,1,20,32,32,3968,0.1187685,0.0148387594386509,0.027959,0.1615662594386509,0.0119035,13.08720425509208,76.41051369782906,1350.3334757410605,142.1182253439528,1.0
Llama2-70B,20,1,20,32,32,4096,0.1208965,0.0148387594386509,0.028839,0.1645742594386509,0.0119035,13.327844255092078,75.03088878142741,1353.204330451604,139.91351387877265,1.0
Llama2-70B,20,2,10,32,32,128,0.050227,0.0141149887520926,0.001559,0.0659009887520926,0.0183235,5.440402600167411,367.6198522400634,977.2755772820416,486.4293991687946,1.0
Llama2-70B,20,2,10,32,32,256,0.052306,0.0141149887520926,0.002439,0.0688599887520926,0.0183235,5.677122600167411,352.2911412800954,980.1128933759468,468.45146511678735,1.0
Llama2-70B,20,2,10,32,32,384,0.054434,0.0141149887520926,0.003319,0.0718679887520926,0.0183235,5.917762600167412,337.96556826112294,982.9513138869444,451.4417982726532,1.0
Llama2-70B,20,2,10,32,32,512,0.056562,0.0141149887520926,0.004199,0.0748759887520926,0.0183235,6.158402600167411,324.7595407201263,985.7897343979414,435.7120214976226,1.0
Llama2-70B,20,2,10,32,32,640,0.058739,0.0141149887520926,0.0050789999999999,0.0779329887520926,0.0183235,6.402962600167411,312.3554087209112,988.6292593260304,420.772084699276,1.0
Llama2-70B,20,2,10,32,32,768,0.060818,0.0141149887520926,0.005959,0.0808919887520926,0.0183235,6.639682600167411,301.2192179110448,991.466575419936,407.5547434229734,1.0
Llama2-70B,20,2,10,32,32,896,0.062946,0.0141149887520926,0.006839,0.0838999887520926,0.0183235,6.880322600167411,290.6840443718927,994.3049959309328,394.9039636874992,1.0
Llama2-70B,20,2,10,32,32,1024,0.065074,0.0141149887520926,0.0077189999999999,0.0869079887520926,0.0183235,7.120962600167412,280.8609049502634,997.14341644193,383.0805761294564,1.0
Llama2-70B,20,2,10,32,32,1152,0.0724295,0.0141149887520926,0.0085989999999999,0.0951434887520926,0.0183235,7.77980260016741,257.0759314583333,1009.135020599326,348.3163008854563,1.0
Llama2-70B,20,2,10,32,32,1280,0.0745085,0.0141149887520926,0.009479,0.0981024887520926,0.0183235,8.016522600167411,249.4847329387225,1011.9723366932312,339.54929192415324,1.0
Llama2-70B,20,2,10,32,32,1408,0.0766365,0.0141149887520926,0.010359,0.1011104887520926,0.0183235,8.25716260016741,242.2139537326601,1014.810757204228,331.04681098570137,1.0
Llama2-70B,20,2,10,32,32,1536,0.0787645,0.0141149887520926,0.0112389999999999,0.1041184887520926,0.0183235,8.497802600167411,235.3549610531785,1017.6491777152256,323.0037573130107,1.0
Llama2-70B,20,2,10,32,32,1664,0.0809415,0.0141149887520926,0.012119,0.1071754887520926,0.0183235,8.74236260016741,228.7711104503605,1020.4887026433148,315.19328856128027,1.0
Llama2-70B,20,2,10,32,32,1792,0.0830205,0.0141149887520926,0.012999,0.1101344887520926,0.0183235,8.979082600167409,222.73990440434432,1023.32601873722,308.1546180573532,1.0
Llama2-70B,20,2,10,32,32,1920,0.0851485,0.0141149887520926,0.0138789999999999,0.1131424887520926,0.0183235,9.21972260016741,216.92626630259835,1026.1644392482174,301.28670477114014,1.0
Llama2-70B,20,2,10,32,32,2048,0.0872765,0.0141149887520926,0.014759,0.1161504887520926,0.0183235,9.46036260016741,211.40838723925955,1029.002859759214,294.7537022449383,1.0
Llama2-70B,20,2,10,32,32,2176,0.0946035,0.0141149887520926,0.015639,0.1243574887520926,0.0183235,10.11692260016741,197.68857379287505,1040.8082504053568,275.04485838403355,1.0
Llama2-70B,20,2,10,32,32,2304,0.0966825,0.0141149887520926,0.016519,0.1273164887520926,0.0183235,10.353642600167412,193.16873077767443,1043.6455664992618,269.8641342795391,1.0
Llama2-70B,20,2,10,32,32,2432,0.0988105,0.0141149887520926,0.017399,0.1303244887520926,0.0183235,10.59428260016741,188.7810695146452,1046.4839870102594,264.77044115004446,1.0
Llama2-70B,20,2,10,32,32,2560,0.1009385,0.0141149887520926,0.018279,0.1333324887520926,0.0183235,10.83492260016741,184.58830522417367,1049.3224075212568,259.8915199654386,1.0
Llama2-70B,20,2,10,32,32,2688,0.1031155,0.0141149887520926,0.019159,0.1363894887520926,0.0183235,11.079482600167411,180.51384456976177,1052.1619324493458,255.0930588634457,1.0
Llama2-70B,20,2,10,32,32,2816,0.1051945,0.0141149887520926,0.020039,0.1393484887520926,0.0183235,11.31620260016741,176.73773355475382,1054.999248543251,250.72585746955656,1.0
Llama2-70B,20,2,10,32,32,2944,0.1073225,0.0141149887520926,0.020919,0.1423564887520926,0.0183235,11.55684260016741,173.05764811325096,1057.8376690542482,246.4156325687176,1.0
Llama2-70B,20,2,10,32,32,3072,0.1094505,0.0141149887520926,0.021799,0.1453644887520926,0.0183235,11.797482600167411,169.5276922867951,1060.676089565245,242.27301144472727,1.0
Llama2-70B,20,2,10,32,32,3200,0.1167775,0.0141149887520926,0.022679,0.1535714887520926,0.0183235,12.454042600167412,160.59042547141402,1072.481480211388,229.5993406716593,1.0
Llama2-70B,20,2,10,32,32,3328,0.1188565,0.0141149887520926,0.023559,0.1565304887520926,0.0183235,12.69076260016741,157.59494232234846,1075.3187963052928,226.18005668711703,1.0
Llama2-70B,20,2,10,32,32,3456,0.1209845,0.0141149887520926,0.024439,0.1595384887520926,0.0183235,12.931402600167411,154.6622637805823,1078.15721681629,222.78829453696343,1.0
Llama2-70B,20,2,10,32,32,3584,0.1231125,0.0141149887520926,0.025319,0.1625464887520926,0.0183235,13.17204260016741,151.8367394267751,1080.9956373272876,219.513785628447,1.0
Llama2-70B,20,2,10,32,32,3712,0.1252895,0.0141149887520926,0.026199,0.1656034887520926,0.0183235,13.41660260016741,149.06903480729497,1083.8351622553766,216.26616002445863,1.0
Llama2-70B,20,2,10,32,32,3840,0.1273685,0.0141149887520926,0.027079,0.1685624887520926,0.0183235,13.65332260016741,146.48449015446812,1086.672478349282,213.293019535694,1.0
Llama2-70B,20,2,10,32,32,3968,0.1294965,0.0141149887520926,0.027959,0.1715704887520926,0.0183235,13.89396260016741,143.9474149711546,1089.510898860279,210.33597411132337,1.0
Llama2-70B,20,2,10,32,32,4096,0.1316245,0.0141149887520926,0.028839,0.1745784887520926,0.0183235,14.134602600167412,141.49672662012526,1092.3493193712766,207.474542993758,1.0
Llama2-70B,20,4,5,32,32,128,0.071683,0.0134763675580705,0.001559,0.0867183675580706,0.0311635,7.118632904645648,561.905643060985,847.3508115068358,591.0402825682769,1.0
Llama2-70B,20,4,5,32,32,256,0.073762,0.0134763675580705,0.002439,0.0896773675580705,0.0311635,7.355352904645647,543.8216292074302,850.1719105009679,576.2939660671943,1.0
Llama2-70B,20,4,5,32,32,384,0.07589,0.0134763675580705,0.003319,0.0926853675580706,0.0311635,7.595992904645648,526.5934355406825,852.9941139121923,561.9937501068605,1.0
Llama2-70B,20,4,5,32,32,512,0.078018,0.0134763675580705,0.004199,0.0956933675580705,0.0311635,7.836632904645647,510.4232964171071,855.8163173234167,548.4736325741604,1.0
Llama2-70B,20,4,5,32,32,640,0.080195,0.0134763675580705,0.0050789999999999,0.0987503675580706,0.0311635,8.081192904645647,494.9764282573324,858.6396251517334,535.3448626172041,1.0
Llama2-70B,20,4,5,32,32,768,0.082274,0.0134763675580705,0.005959,0.1017093675580706,0.0311635,8.317912904645649,480.8898633413142,861.4607241458654,523.5315677771018,1.0
Llama2-70B,20,4,5,32,32,896,0.084402,0.0134763675580705,0.006839,0.1047173675580706,0.0311635,8.558552904645648,467.3687298034659,864.2829275570898,512.003819552315,1.0
Llama2-70B,20,4,5,32,32,1024,0.08653,0.0134763675580705,0.0077189999999999,0.1077253675580705,0.0311635,8.799192904645647,454.587147178936,867.1051309683144,501.0430665481997,1.0
Llama2-70B,20,4,5,32,32,1152,0.0938855,0.0134763675580705,0.0085989999999999,0.1159608675580705,0.0311635,9.458032904645648,422.9209223870705,879.0805180259372,468.16628660758977,1.0
Llama2-70B,20,4,5,32,32,1280,0.0959645,0.0134763675580705,0.009479,0.1189198675580705,0.0311635,9.694752904645648,412.5943218298253,881.9016170200692,459.4936757968151,1.0
Llama2-70B,20,4,5,32,32,1408,0.0980925,0.0134763675580705,0.010359,0.1219278675580705,0.0311635,9.935392904645648,402.6010886926935,884.7238204312939,450.9640494590788,1.0
Llama2-70B,20,4,5,32,32,1536,0.1002205,0.0134763675580705,0.0112389999999999,0.1249358675580706,0.0311635,10.176032904645648,393.0804899592931,887.5460238425185,442.79664531833214,1.0
Llama2-70B,20,4,5,32,32,1664,0.1023975,0.0134763675580705,0.012119,0.1279928675580706,0.0311635,10.420592904645648,383.8553176966296,890.3693316708346,434.7612645185843,1.0
Llama2-70B,20,4,5,32,32,1792,0.1044765,0.0134763675580705,0.012999,0.1309518675580706,0.0311635,10.657312904645648,375.3291318167409,893.190430664967,427.45996978505553,1.0
Llama2-70B,20,4,5,32,32,1920,0.1066045,0.0134763675580705,0.0138789999999999,0.1339598675580706,0.0311635,10.89795290464565,367.0414099784607,896.0126340761914,420.2508496715389,1.0
Llama2-70B,20,4,5,32,32,2048,0.1087325,0.0134763675580705,0.014759,0.1369678675580705,0.0311635,11.138592904645646,359.1117867618354,898.8348374874158,413.3239084392504,1.0
Llama2-70B,20,4,5,32,32,2176,0.1160595,0.0134763675580705,0.015639,0.1451748675580705,0.0311635,11.795152904645647,339.1223524049915,910.6240110337856,392.30912205971305,1.0
Llama2-70B,20,4,5,32,32,2304,0.1181385,0.0134763675580705,0.016519,0.1481338675580706,0.0311635,12.031872904645647,332.45032022035014,913.4451100279176,386.59925004461616,1.0
Llama2-70B,20,4,5,32,32,2432,0.1202665,0.0134763675580705,0.017399,0.1511418675580705,0.0311635,12.272512904645646,325.9316189829254,916.2673134391422,380.9320606482862,1.0
Llama2-70B,20,4,5,32,32,2560,0.1223945,0.0134763675580705,0.018279,0.1541498675580705,0.0311635,12.513152904645647,319.663639570404,919.0895168503664,375.4619353199559,1.0
Llama2-70B,20,4,5,32,32,2688,0.1278795,0.0134763675580705,0.019159,0.1605148675580706,0.0311635,13.022352904645649,307.16415299826684,926.8534399342498,362.39328427709273,1.0
Llama2-70B,20,4,5,32,32,2816,0.1299585,0.0134763675580705,0.020039,0.1634738675580705,0.0311635,13.259072904645649,301.6802176718178,929.6745389283824,357.6813132378344,1.0
Llama2-70B,20,4,5,32,32,2944,0.1320865,0.0134763675580705,0.020919,0.1664818675580705,0.0311635,13.499712904645646,296.3025975629069,932.4967423396064,352.9871494587284,1.0
Llama2-70B,20,4,5,32,32,3072,0.1342145,0.0134763675580705,0.021799,0.1694898675580705,0.0311635,13.740352904645649,291.11333804589475,935.318945750831,348.44183964878266,1.0
Llama2-70B,20,4,5,32,32,3200,0.1415415,0.0134763675580705,0.022679,0.1776968675580705,0.0311635,14.396912904645646,277.8373409975458,947.1081192972008,334.5690554703747,1.0
Llama2-70B,20,4,5,32,32,3328,0.1436205,0.0134763675580705,0.023559,0.1806558675580706,0.0311635,14.633632904645648,273.34292352858904,949.9292182913327,330.7080877351537,1.0
Llama2-70B,20,4,5,32,32,3456,0.1457485,0.0134763675580705,0.024439,0.1836638675580705,0.0311635,14.874272904645649,268.9207079662152,952.7514217025572,326.84776231060954,1.0
Llama2-70B,20,4,5,32,32,3584,0.1478765,0.0134763675580705,0.025319,0.1866718675580705,0.0311635,15.114912904645646,264.6393019420297,955.5736251137816,323.09854003637554,1.0
Llama2-70B,20,4,5,32,32,3712,0.1500535,0.0134763675580705,0.026199,0.1897288675580705,0.0311635,15.359472904645648,260.42560345870686,958.396932942098,319.3517421926507,1.0
Llama2-70B,20,4,5,32,32,3840,0.1521325,0.0134763675580705,0.027079,0.1926878675580705,0.0311635,15.596192904645646,256.4728472169973,961.2180319362304,315.9147558661793,1.0
Llama2-70B,20,4,5,32,32,3968,0.1542605,0.0134763675580705,0.027959,0.1956958675580705,0.0311635,15.836832904645648,252.5757532509308,964.0402353474548,312.4715125866488,1.0
Llama2-70B,20,4,5,32,32,4096,0.1563885,0.0134763675580705,0.028839,0.1987038675580706,0.0311635,16.077472904645646,248.79531899843445,966.8624387586792,309.121974684417,1.0
Llama2-70B,20,5,4,32,32,128,0.075447,0.0130931948416573,0.001559,0.0900991948416573,0.0339355,7.391871087332591,676.4187228005738,730.7561644048301,605.3555512518974,1.0
Llama2-70B,20,5,4,32,32,256,0.077526,0.0130931948416573,0.002439,0.0930581948416573,0.0339355,7.628591087332589,655.4290225756876,733.5740199790079,591.3935485990247,1.0
Llama2-70B,20,5,4,32,32,384,0.079654,0.0130931948416573,0.003319,0.0960661948416573,0.0339355,7.86923108733259,635.3860935725596,736.3929799702777,577.8060266671148,1.0
Llama2-70B,20,5,4,32,32,512,0.081782,0.0130931948416573,0.004199,0.0990741948416573,0.0339355,8.10987108733259,616.5326114504917,739.2119399615475,564.9256101293284,1.0
Llama2-70B,20,5,4,32,32,640,0.083959,0.0130931948416573,0.0050789999999999,0.1021311948416573,0.0339355,8.35443108733259,598.4847977956574,742.0320043699096,552.376758574058,1.0
Llama2-70B,20,5,4,32,32,768,0.086038,0.0130931948416573,0.005959,0.1050901948416573,0.0339355,8.591151087332591,581.9941878769142,744.8498599440874,541.0762249994818,1.0
Llama2-70B,20,5,4,32,32,896,0.088166,0.0130931948416573,0.006839,0.1080981948416573,0.0339355,8.83179108733259,566.136579835033,747.668819935357,530.0149858897968,1.0
Llama2-70B,20,5,4,32,32,1024,0.090294,0.0130931948416573,0.0077189999999999,0.1111061948416573,0.0339355,9.07243108733259,551.1201961050181,750.4877799266268,519.4751173435019,1.0
Llama2-70B,20,5,4,32,32,1152,0.0976495,0.0130931948416573,0.0085989999999999,0.1193416948416573,0.0339355,9.73127108733259,513.8074928884275,762.4599235642952,488.0080821997906,1.0
Llama2-70B,20,5,4,32,32,1280,0.0997285,0.0130931948416573,0.009479,0.1223006948416573,0.0339355,9.96799108733259,501.60558493617066,765.277779138473,479.60072793789686,1.0
Llama2-70B,20,5,4,32,32,1408,0.1018565,0.0130931948416573,0.010359,0.1253086948416573,0.0339355,10.208631087332591,489.78163254466745,768.0967391297427,471.3105810194627,1.0
Llama2-70B,20,5,4,32,32,1536,0.1039845,0.0130931948416573,0.0112389999999999,0.1283166948416573,0.0339355,10.44927108733259,478.5022762077045,770.9156991210126,463.3597429911504,1.0
Llama2-70B,20,5,4,32,32,1664,0.1061615,0.0130931948416573,0.012119,0.1313736948416573,0.0339355,10.69383108733259,467.55928340057335,773.7357635293745,455.5181042146719,1.0
Llama2-70B,20,5,4,32,32,1792,0.1082405,0.0130931948416573,0.012999,0.1343326948416573,0.0339355,10.930551087332592,457.43347796933097,776.5536191035524,448.3959441611229,1.0
Llama2-70B,20,5,4,32,32,1920,0.1103685,0.0130931948416573,0.0138789999999999,0.1373406948416573,0.0339355,11.17119108733259,447.5798472080276,779.372579094822,441.3468171935506,1.0
Llama2-70B,20,5,4,32,32,2048,0.1124965,0.0130931948416573,0.014759,0.1403486948416573,0.0339355,11.411831087332589,438.1417812563071,782.1915390860919,434.56437482837896,1.0
Llama2-70B,20,5,4,32,32,2176,0.1231315,0.0130931948416573,0.015639,0.1518636948416573,0.0339355,12.33303108733259,405.4153406890836,798.9180844680739,405.5207666539805,1.0
Llama2-70B,20,5,4,32,32,2304,0.1252105,0.0130931948416573,0.016519,0.1548226948416573,0.0339355,12.56975108733259,397.78035103963566,801.7359400422514,400.1940432522888,1.0
Llama2-70B,20,5,4,32,32,2432,0.1273385,0.0130931948416573,0.017399,0.1578306948416573,0.0339355,12.810391087332588,390.3081464034454,804.554900033521,394.8898506900511,1.0
Llama2-70B,20,5,4,32,32,2560,0.1294665,0.0130931948416573,0.018279,0.1608386948416573,0.0339355,13.05103108733259,383.1114926124903,807.3738600247909,389.76002480602665,1.0
Llama2-70B,20,5,4,32,32,2688,0.1316435,0.0130931948416573,0.019159,0.1638956948416573,0.0339355,13.295591087332587,376.0645139548376,810.1939244331531,384.65340314616407,1.0
Llama2-70B,20,5,4,32,32,2816,0.1337225,0.0130931948416573,0.020039,0.1668546948416573,0.0339355,13.53231108733259,369.486037361381,813.0117800073306,379.99017555353936,1.0
Llama2-70B,20,5,4,32,32,2944,0.1358505,0.0130931948416573,0.020919,0.1698626948416573,0.0339355,13.77295108733259,363.0304041810368,815.8307399986007,375.3348073795277,1.0
Llama2-70B,20,5,4,32,32,3072,0.1379785,0.0130931948416573,0.021799,0.1728706948416573,0.0339355,14.01359108733259,356.7964819895228,818.6496999898704,370.8230358307047,1.0
Llama2-70B,20,5,4,32,32,3200,0.1453055,0.0130931948416573,0.022679,0.1810776948416573,0.0339355,14.67015108733259,340.82811896309704,830.4356301162854,357.19382185992833,1.0
Llama2-70B,20,5,4,32,32,3328,0.1473845,0.0130931948416573,0.023559,0.1840366948416573,0.0339355,14.90687108733259,335.4157938783578,833.2534856904634,353.3502020609626,1.0
Llama2-70B,20,5,4,32,32,3456,0.1495125,0.0130931948416573,0.024439,0.1870446948416573,0.0339355,15.147511087332589,330.0872315704294,836.0724456817331,349.4993920582449,1.0
Llama2-70B,20,5,4,32,32,3584,0.1516405,0.0130931948416573,0.025319,0.1900526948416573,0.0339355,15.388151087332592,324.9253254418565,838.8914056730027,345.7566603550018,1.0
Llama2-70B,20,5,4,32,32,3712,0.1538175,0.0130931948416573,0.026199,0.1931096948416573,0.0339355,15.632711087332588,319.84215482953385,841.7114700813648,342.0089838938047,1.0
Llama2-70B,20,5,4,32,32,3840,0.1558965,0.0130931948416573,0.027079,0.1960686948416573,0.0339355,15.869431087332588,315.0711561418945,844.5293256555424,338.5777285152098,1.0
Llama2-70B,20,5,4,32,32,3968,0.1580245,0.0130931948416573,0.027959,0.1990766948416573,0.0339355,16.11007108733259,310.36486263127165,847.3482856468124,335.1332727072433,1.0
Llama2-70B,20,5,4,32,32,4096,0.1601525,0.0130931948416573,0.028839,0.2020846948416573,0.0339355,16.350711087332584,305.7970979545751,850.1672456380821,331.780352179205,1.0
Llama2-70B,20,10,2,32,32,128,0.122375,0.0114753544834681,0.001559,0.1354093544834682,0.0633115,11.046059858677456,905.3001819598412,679.0471969729059,693.6130714738568,1.0
Llama2-70B,20,10,2,32,32,256,0.124454,0.0114753544834681,0.002439,0.1383683544834681,0.0633115,11.282779858677454,886.3064001296734,681.8585657071746,684.8499904655281,1.0
Llama2-70B,20,10,2,32,32,384,0.126582,0.0114753544834681,0.003319,0.1413763544834682,0.0633115,11.523419858677457,867.7979386882898,684.6710388585352,676.1141383239078,1.0
Llama2-70B,20,10,2,32,32,512,0.12871,0.0114753544834681,0.004199,0.1443843544834682,0.0633115,11.764059858677456,850.0466777737244,687.4835120098959,667.667150969132,1.0
Llama2-70B,20,10,2,32,32,640,0.130887,0.0114753544834681,0.0050789999999999,0.1474413544834682,0.0633115,12.008619858677456,832.7351617158552,690.2970895783486,659.2490942362004,1.0
Llama2-70B,20,10,2,32,32,768,0.132966,0.0114753544834681,0.005959,0.1504003544834682,0.0633115,12.245339858677456,816.6371954889979,693.1084583126172,651.5842943991482,1.0
Llama2-70B,20,10,2,32,32,896,0.135094,0.0114753544834681,0.006839,0.1534083544834682,0.0633115,12.485979858677457,800.8982965842476,695.920931463978,643.922871726333,1.0
Llama2-70B,20,10,2,32,32,1024,0.137222,0.0114753544834681,0.0077189999999999,0.1564163544834682,0.0633115,12.726619858677456,785.754592424763,698.7334046153388,636.4990714092297,1.0
Llama2-70B,20,10,2,32,32,1152,0.1478855,0.0114753544834681,0.0085989999999999,0.1679598544834682,0.0633115,13.650099858677455,732.5953731864413,715.6396766686645,604.8933775358844,1.0
Llama2-70B,20,10,2,32,32,1280,0.1499645,0.0114753544834681,0.009479,0.1709188544834682,0.0633115,13.886819858677455,720.1072745068627,718.4510454029331,598.8509325564828,1.0
Llama2-70B,20,10,2,32,32,1408,0.1520925,0.0114753544834681,0.010359,0.1739268544834682,0.0633115,14.127459858677456,707.8413317067567,721.2635185542937,592.7836008960779,1.0
Llama2-70B,20,10,2,32,32,1536,0.1542205,0.0114753544834681,0.0112389999999999,0.1769348544834682,0.0633115,14.368099858677455,695.9862541573727,724.0759917056541,586.8837084771919,1.0
Llama2-70B,20,10,2,32,32,1664,0.1563975,0.0114753544834681,0.012119,0.1799918544834682,0.0633115,14.612659858677455,684.3381079633963,726.8895692741072,580.9632261338154,1.0
Llama2-70B,20,10,2,32,32,1792,0.1584765,0.0114753544834681,0.012999,0.1829508544834682,0.0633115,14.849379858677455,673.4287960285662,729.7009380083759,575.5592611588911,1.0
Llama2-70B,20,10,2,32,32,1920,0.1606045,0.0114753544834681,0.0138789999999999,0.1859588544834682,0.0633115,15.090019858677458,662.6896514155042,732.5134111597364,570.1221098721834,1.0
Llama2-70B,20,10,2,32,32,2048,0.1627325,0.0114753544834681,0.014759,0.1889668544834682,0.0633115,15.330659858677455,652.2876439881225,735.3258843110975,564.827158305115,1.0
Llama2-70B,20,10,2,32,32,2176,0.1733675,0.0114753544834681,0.015639,0.2004818544834682,0.0633115,16.25185985867746,615.3141909269317,752.04594285317,542.2339415210246,1.0
Llama2-70B,20,10,2,32,32,2304,0.1754465,0.0114753544834681,0.016519,0.2034408544834682,0.0633115,16.488579858677458,606.4803691833589,754.8573115874387,537.8116060931956,1.0
Llama2-70B,20,10,2,32,32,2432,0.1775745,0.0114753544834681,0.017399,0.2064488544834682,0.0633115,16.729219858677457,597.7565053526984,757.6697847387996,533.346415686655,1.0
Llama2-70B,20,10,2,32,32,2560,0.1797025,0.0114753544834681,0.018279,0.2094568544834681,0.0633115,16.969859858677456,589.2800578955016,760.4822578901602,528.9869770107264,1.0
Llama2-70B,20,10,2,32,32,2688,0.1818795,0.0114753544834681,0.019159,0.2125138544834682,0.0633115,17.214419858677456,580.9083362724648,763.2958354586127,524.5889692479175,1.0
Llama2-70B,20,10,2,32,32,2816,0.1839585,0.0114753544834681,0.020039,0.2154728544834682,0.0633115,17.451139858677454,573.0284715486691,766.1072041928817,520.570675038719,1.0
Llama2-70B,20,10,2,32,32,2944,0.1860865,0.0114753544834681,0.020919,0.2184808544834681,0.0633115,17.691779858677453,565.2342545453507,768.9196773442419,516.5068915156677,1.0
Llama2-70B,20,10,2,32,32,3072,0.1882145,0.0114753544834681,0.021799,0.2214888544834682,0.0633115,17.93241985867746,557.6492229608946,771.7321504956028,512.5350002892993,1.0
Llama2-70B,20,10,2,32,32,3200,0.1988495,0.0114753544834681,0.022679,0.2330038544834682,0.0633115,18.85361985867745,530.4021230383224,788.4522090376754,495.6337638752394,1.0
Llama2-70B,20,10,2,32,32,3328,0.2009285,0.0114753544834681,0.023559,0.2359628544834682,0.0633115,19.090339858677456,523.825142665259,791.263577771944,492.2544448472616,1.0
Llama2-70B,20,10,2,32,32,3456,0.2030565,0.0114753544834681,0.024439,0.2389708544834682,0.0633115,19.33097985867745,517.3043515179659,794.0760509233048,488.8270326998304,1.0
Llama2-70B,20,10,2,32,32,3584,0.2051845,0.0114753544834681,0.025319,0.2419788544834682,0.0633115,19.57161985867745,510.943911245359,796.8885240746655,485.4707129892033,1.0
Llama2-70B,20,10,2,32,32,3712,0.2073615,0.0114753544834681,0.026199,0.2450358544834682,0.0633115,19.81617985867745,504.63813264295874,799.7021016431185,482.07002122086215,1.0
Llama2-70B,20,10,2,32,32,3840,0.2094405,0.0114753544834681,0.027079,0.2479948544834682,0.0633115,20.052899858677456,498.6809922991122,802.513470377387,478.9626829441936,1.0
Llama2-70B,20,10,2,32,32,3968,0.2115685,0.0114753544834681,0.027959,0.2510028544834682,0.0633115,20.29353985867745,492.7676526441014,805.3259435287476,475.8068566024405,1.0
Llama2-70B,20,10,2,32,32,4096,0.2136965,0.0114753544834681,0.028839,0.2540108544834682,0.0633115,20.53417985867745,486.99290981295945,808.1384166801082,472.7138820009384,1.0
Llama2-70B,20,20,1,32,32,128,0.218299,0.0083673980058942,0.001559,0.2282253980058942,0.1213595,18.529391340471538,1079.3662691076306,659.2344979427401,754.9673818280662,1.0
Llama2-70B,20,20,1,32,32,256,0.220378,0.0083673980058942,0.002439,0.2311843980058942,0.1213595,18.76611134047154,1065.7508973032373,662.0426232570543,751.0307554032777,1.0
Llama2-70B,20,20,1,32,32,384,0.222506,0.0083673980058942,0.003319,0.2341923980058942,0.1213595,19.00675134047154,1052.2576763243865,663.6357977685127,745.6380926452689,1.0
Llama2-70B,20,20,1,32,32,512,0.224634,0.0083673980058942,0.004199,0.2372003980058942,0.1213595,19.24739134047154,1039.1018526207208,667.6610827198666,743.0543492078965,1.0
Llama2-70B,20,20,1,32,32,640,0.230119,0.0083673980058942,0.0050789999999999,0.2435653980058942,0.1213595,19.756591340471537,1012.320377302629,675.4120321239316,733.7638701323352,1.0
Llama2-70B,20,20,1,32,32,768,0.232198,0.0083673980058942,0.005959,0.2465243980058942,0.1213595,19.99331134047154,1000.334544859256,678.2201574382456,730.217484041901,1.0
Llama2-70B,20,20,1,32,32,896,0.234326,0.0083673980058942,0.006839,0.2495323980058942,0.1213595,20.233951340471545,988.4376839434424,679.8134538839525,725.2859839325898,1.0
Llama2-70B,20,20,1,32,32,1024,0.236454,0.0083673980058942,0.0077189999999999,0.2525403980058942,0.1213595,20.474591340471537,976.8204731132568,683.838616901058,723.0144308206434,1.0
Llama2-70B,20,20,1,32,32,1152,0.2471175,0.0083673980058942,0.0085989999999999,0.2640838980058942,0.1213595,21.398071340471542,934.6636751403254,700.7416455344293,708.9154405641333,1.0
Llama2-70B,20,20,1,32,32,1280,0.2491965,0.0083673980058942,0.009479,0.2670428980058942,0.1213595,21.63479134047154,924.4369259335824,703.549770848743,705.8182707710012,1.0
Llama2-70B,20,20,1,32,32,1408,0.2513245,0.0083673980058942,0.010359,0.2700508980058942,0.1213595,21.87543134047154,914.2676863700592,705.1430672944501,701.426907538312,1.0
Llama2-70B,20,20,1,32,32,1536,0.2534525,0.0083673980058942,0.0112389999999999,0.2730588980058943,0.1213595,22.116071340471542,904.3197452253098,709.1682303115551,699.5080244933025,1.0
Llama2-70B,20,20,1,32,32,1664,0.2589375,0.0083673980058942,0.012119,0.2794238980058942,0.1213595,22.62527134047154,883.9672991777333,716.9191797156202,692.1739606233359,1.0
Llama2-70B,20,20,1,32,32,1792,0.2610165,0.0083673980058942,0.012999,0.2823828980058942,0.1213595,22.861991340471537,874.8144333601822,719.7273050299343,689.3503907127847,1.0
Llama2-70B,20,20,1,32,32,1920,0.2631445,0.0083673980058942,0.0138789999999999,0.2853908980058942,0.1213595,23.102631340471536,865.7022529275139,721.3206014756413,685.2894526349982,1.0
Llama2-70B,20,20,1,32,32,2048,0.2652725,0.0083673980058942,0.014759,0.2883988980058943,0.1213595,23.343271340471546,856.7779429151765,725.3457644927465,683.5855247837095,1.0
Llama2-70B,20,20,1,32,32,2176,0.2759075,0.0083673980058942,0.015639,0.2999138980058943,0.1213595,24.26447134047154,824.2503914206989,742.0625796148648,672.3834796216706,1.0
Llama2-70B,20,20,1,32,32,2304,0.2779865,0.0083673980058942,0.016519,0.3028728980058943,0.1213595,24.501191340471543,816.286837732809,744.8707049291787,669.8802863890681,1.0
Llama2-70B,20,20,1,32,32,2432,0.2801145,0.0083673980058942,0.017399,0.3058808980058942,0.1213595,24.74183134047154,808.3476006598157,746.4640013748855,666.2132818676698,1.0
Llama2-70B,20,20,1,32,32,2560,0.2822425,0.0083673980058942,0.018279,0.3088888980058942,0.1213595,24.982471340471538,800.5613106658528,750.4891643919912,664.7556307005422,1.0
Llama2-70B,20,20,1,32,32,2688,0.2877275,0.0083673980058942,0.019159,0.3152538980058942,0.1213595,25.49167134047154,784.5699771064931,758.2401137960559,658.8179039160801,1.0
Llama2-70B,20,20,1,32,32,2816,0.2898065,0.0083673980058942,0.020039,0.3182128980058942,0.1213595,25.72839134047154,777.3513600339013,761.0482391103702,656.5141215866189,1.0
Llama2-70B,20,20,1,32,32,2944,0.2919345,0.0083673980058942,0.020919,0.3212208980058942,0.1213595,25.969031340471545,770.1480943892936,762.641535556077,653.0930187731124,1.0
Llama2-70B,20,20,1,32,32,3072,0.2940625,0.0083673980058942,0.021799,0.3242288980058943,0.1213595,26.20967134047154,763.0771000595148,766.6666985731822,651.7889042067435,1.0
Llama2-70B,20,20,1,32,32,3200,0.3046975,0.0083673980058942,0.022679,0.3357438980058942,0.1213595,27.13087134047154,737.1676253598864,783.3835136953005,642.7551208126913,1.0
Llama2-70B,20,20,1,32,32,3328,0.3067765,0.0083673980058942,0.023559,0.3387028980058942,0.1213595,27.36759134047153,730.7913857374707,786.1916390096144,640.6876333500238,1.0
Llama2-70B,20,20,1,32,32,3456,0.3089045,0.0083673980058942,0.024439,0.3417108980058942,0.1213595,27.60823134047154,724.4216318443239,787.7849354553215,637.5634989578666,1.0
Llama2-70B,20,20,1,32,32,3584,0.3110325,0.0083673980058942,0.025319,0.3447188980058942,0.1213595,27.848871340471536,718.1619590785671,791.8100984724266,636.4367859246433,1.0
Llama2-70B,20,20,1,32,32,3712,0.3165175,0.0083673980058942,0.026199,0.3510838980058942,0.1213595,28.358071340471536,705.2665803635517,799.5610478764919,631.5298900349046,1.0
Llama2-70B,20,20,1,32,32,3840,0.3185965,0.0083673980058942,0.027079,0.3540428980058943,0.1213595,28.59479134047154,699.4280798158184,802.3691731908056,629.6123570023568,1.0
Llama2-70B,20,20,1,32,32,3968,0.3207245,0.0083673980058942,0.027959,0.3570508980058943,0.1213595,28.83543134047154,693.5911505485024,803.9624696365128,626.6768438617197,1.0
Llama2-70B,20,20,1,32,32,4096,0.3228525,0.0083673980058942,0.028839,0.3600588980058942,0.1213595,29.07607134047154,687.8508367174632,807.9876326536182,625.6631376972597,1.0
Llama2-70B,20,80,1,32,8,128,0.8186755,0.0009122856358119,0.006236,0.8258237856358119,0.4731,66.68900285086497,1199.5980833436977,630.7145891895858,770.4085308398575,1.0
Llama2-70B,20,80,1,32,8,256,0.8287355,0.0009122856358119,0.009756,0.8394037856358119,0.4731,67.77540285086495,1180.369228878424,633.0917779202132,763.9250133730402,1.0
Llama2-70B,20,80,1,32,8,384,0.8387955,0.0009122856358119,0.013276,0.8529837856358119,0.4731,68.86180285086496,1161.7471034451014,635.4689666508406,757.5970145891824,1.0
Llama2-70B,20,80,1,32,8,512,0.8488555,0.0009122856358119,0.016796,0.8665637856358119,0.4731,69.94820285086496,1143.7034368211898,637.8461553814681,751.4190052152197,1.0
Llama2-70B,20,80,1,32,8,640,0.8589155,0.0009122856358119,0.0203159999999999,0.880143785635812,0.4731,71.03460285086497,1126.211688238162,640.2233441120951,745.3857150233001,1.0
Llama2-70B,20,80,1,32,8,768,0.8689755,0.0009122856358119,0.023836,0.8937237856358119,0.4731,72.12100285086495,1109.246916122722,642.6005328427227,739.4921178361446,1.0
Llama2-70B,20,80,1,32,8,896,0.8790355,0.0009122856358119,0.027356,0.907303785635812,0.4731,73.20740285086497,1092.7856594362815,644.9777215733501,733.7334175620323,1.0
Llama2-70B,20,80,1,32,8,1024,0.8890955,0.0009122856358119,0.0308759999999999,0.920883785635812,0.4731,74.29380285086496,1076.805829425497,647.3549103039772,728.1050351778606,1.0
Llama2-70B,20,80,1,32,8,1152,0.9043995,0.0009122856358119,0.0343959999999999,0.939707785635812,0.4731,75.79972285086497,1055.412829904392,652.1070902002213,721.038755771339,1.0
Llama2-70B,20,80,1,32,8,1280,0.9144595,0.0009122856358119,0.037916,0.9532877856358118,0.4731,76.88612285086495,1040.49985919013,654.4842789308485,715.7061399994733,1.0
Llama2-70B,20,80,1,32,8,1408,0.9245195,0.0009122856358119,0.041436,0.966867785635812,0.4731,77.97252285086496,1026.0024566989184,656.8614676614757,710.4895761111319,1.0
Llama2-70B,20,80,1,32,8,1536,0.9345795,0.0009122856358119,0.0449559999999999,0.980447785635812,0.4731,79.05892285086496,1011.9034906522857,659.238656392103,705.3853164895048,1.0
Llama2-70B,20,80,1,32,8,1664,0.9446395,0.0009122856358119,0.048476,0.9940277856358118,0.4731,80.14532285086496,998.1867581825658,661.6158451227307,700.3897731597406,1.0
Llama2-70B,20,80,1,32,8,1792,0.9546995,0.0009122856358119,0.051996,1.007607785635812,0.4731,81.23172285086495,984.8369232162378,663.993033853358,695.4995093779327,1.0
Llama2-70B,20,80,1,32,8,1920,0.9647595,0.0009122856358119,0.0555159999999999,1.0211877856358118,0.4731,82.31812285086495,971.8394592760008,666.3702225839854,690.7112317463422,1.0
Llama2-70B,20,80,1,32,8,2048,0.9748195,0.0009122856358119,0.059036,1.034767785635812,0.4731,83.40452285086496,959.1805967530972,668.7474113146127,686.0217828168318,1.0
Llama2-70B,20,80,1,32,8,2176,0.9901235,0.0009122856358119,0.062556,1.053591785635812,0.4731,84.91044285086495,942.1691527449744,673.4995912108565,680.217761936623,1.0
Llama2-70B,20,80,1,32,8,2304,1.0001835,0.0009122856358119,0.066076,1.0671717856358118,0.4731,85.99684285086495,930.266709194608,675.8767799414838,675.7527793064812,1.0
Llama2-70B,20,80,1,32,8,2432,1.0102435,0.0009122856358119,0.069596,1.080751785635812,0.4731,87.08324285086496,918.6612416008046,678.2539686721109,671.3767212282099,1.0
Llama2-70B,20,80,1,32,8,2560,1.0203035,0.0009122856358119,0.073116,1.094331785635812,0.4731,88.16964285086496,907.3417722165036,680.6311574027383,667.0869573639003,1.0
Llama2-70B,20,80,1,32,8,2688,1.0303635,0.0009122856358119,0.076636,1.1079117856358118,0.4731,89.25604285086496,896.2978577671141,683.0083461333656,662.8809601013293,1.0
Llama2-70B,20,80,1,32,8,2816,1.0404235,0.0009122856358119,0.080156,1.1214917856358118,0.4731,90.34244285086494,885.5195573144066,685.3855348639929,658.7562995876132,1.0
Llama2-70B,20,80,1,32,8,2944,1.0504835,0.0009122856358119,0.083676,1.135071785635812,0.4731,91.42884285086495,874.9974024115429,687.7627235946204,654.7106390482294,1.0
Llama2-70B,20,80,1,32,8,3072,1.0605435,0.0009122856358119,0.087196,1.148651785635812,0.4731,92.51524285086496,864.7223693609106,690.1399123252478,650.7417303724437,1.0
Llama2-70B,20,80,1,32,8,3200,1.0758475,0.0009122856358119,0.090716,1.167475785635812,0.4731,94.02116285086495,850.8722672032344,694.8920922214916,645.9020374369895,1.0
Llama2-70B,20,80,1,32,8,3328,1.0859075,0.0009122856358119,0.094236,1.181055785635812,0.4731,95.10756285086497,841.152875775456,697.2692809521186,642.1074363627832,1.0
Llama2-70B,20,80,1,32,8,3456,1.0959675,0.0009122856358119,0.097756,1.194635785635812,0.4731,96.19396285086496,831.6530230075728,699.6464696827462,638.382497366707,1.0
Llama2-70B,20,80,1,32,8,3584,1.1060275,0.0009122856358119,0.101276,1.2082157856358118,0.4731,97.28036285086496,822.3653536597463,702.0236584133736,634.7253195904926,1.0
Llama2-70B,20,80,1,32,8,3712,1.1160875,0.0009122856358119,0.104796,1.2217957856358117,0.4731,98.36676285086494,813.2828374284206,704.4008471440009,631.1340707104068,1.0
Llama2-70B,20,80,1,32,8,3840,1.1261475,0.0009122856358119,0.108316,1.235375785635812,0.4731,99.45316285086496,804.398751198733,706.7780358746282,627.606983876116,1.0
Llama2-70B,20,80,1,32,8,3968,1.1362075,0.0009122856358119,0.111836,1.248955785635812,0.4731,100.53956285086495,795.7066624475754,709.1552246052557,624.1423548121761,1.0
Llama2-70B,20,80,1,32,8,4096,1.1462675,0.0009122856358119,0.115356,1.262535785635812,0.4731,101.62596285086497,787.2004137112006,711.5324133358832,620.7385390721478,1.0
Llama2-70B,32,1,32,32,32,128,0.037617,0.024571346435546874,0.001559,0.06374734643554687,0.0100555,5.25984321484375,190.11973535216984,1772.2751401771689,588.9209467053356,1.0
Llama2-70B,32,1,32,32,32,256,0.039696,0.024571346435546874,0.002439,0.06670634643554688,0.0100555,5.49656321484375,181.93186558820042,1775.1838115100747,558.9932901016708,1.0
Llama2-70B,32,1,32,32,32,384,0.041824,0.024571346435546874,0.003319,0.06971434643554687,0.0100555,5.73720321484375,174.30095510870527,1778.0935872600721,531.4214288626363,1.0
Llama2-70B,32,1,32,32,32,512,0.043952,0.024571346435546874,0.004199,0.07272234643554687,0.0100555,5.97784321484375,167.28441413733836,1781.0033630100702,506.5194311436539,1.0
Llama2-70B,32,1,32,32,32,640,0.046129,0.024571346435546874,0.005078999999999999,0.07577934643554687,0.0100555,6.22240321484375,160.7096109770686,1783.9142431771597,483.40367317120433,1.0
Llama2-70B,32,1,32,32,32,768,0.048208,0.024571346435546874,0.005959,0.07873834643554688,0.0100555,6.459123214843751,154.81977456350327,1786.8229145100647,463.31078724227956,1.0
Llama2-70B,32,1,32,32,32,896,0.050336,0.024571346435546874,0.006839,0.08174634643554687,0.0100555,6.699763214843751,149.25900631598986,1789.7326902600626,444.44649213784925,1.0
Llama2-70B,32,1,32,32,32,1024,0.052464,0.024571346435546874,0.007718999999999999,0.08475434643554687,0.0100555,6.94040321484375,144.08384773110234,1792.6424660100608,427.1125119153276,1.0
Llama2-70B,32,1,32,32,32,1152,0.0598195,0.024571346435546874,0.008598999999999999,0.09298984643554686,0.0100555,7.599243214843749,131.59205090931695,1804.7054254064562,377.1147839346819,1.0
Llama2-70B,32,1,32,32,32,1280,0.0618985,0.024571346435546874,0.009479,0.09594884643554688,0.0100555,7.835963214843751,127.61672976025321,1807.614096739362,365.0359250909476,1.0
Llama2-70B,32,1,32,32,32,1408,0.0640265,0.024571346435546874,0.010359,0.09895684643554686,0.0100555,8.076603214843749,123.81442710496533,1810.5238724893597,353.4715845176137,1.0
Llama2-70B,32,1,32,32,32,1536,0.0661545,0.024571346435546874,0.011238999999999999,0.10196484643554687,0.0100555,8.317243214843751,120.23214593692582,1813.4336482393567,342.6512270970526,1.0
Llama2-70B,32,1,32,32,32,1664,0.0683315,0.024571346435546874,0.012119,0.10502184643554688,0.0100555,8.561803214843751,116.7978257508047,1816.3445284064467,332.2670599222991,1.0
Llama2-70B,32,1,32,32,32,1792,0.0704105,0.024571346435546874,0.012999,0.10798084643554687,0.0100555,8.79852321484375,113.65543689342402,1819.2531997393528,322.97263897773627,1.0
Llama2-70B,32,1,32,32,32,1920,0.0725385,0.024571346435546874,0.013878999999999999,0.11098884643554688,0.0100555,9.03916321484375,110.62970943569647,1822.16297548935,313.9992858084586,1.0
Llama2-70B,32,1,32,32,32,2048,0.0746665,0.024571346435546874,0.014759,0.11399684643554686,0.0100555,9.27980321484375,107.76090579166853,1825.0727512393478,305.5374149115312,1.0
Llama2-70B,32,1,32,32,32,2176,0.0819935,0.024571346435546874,0.015639,0.12220384643554687,0.0100555,9.93636321484375,100.64044342764346,1836.9494971244906,280.0449878838704,1.0
Llama2-70B,32,1,32,32,32,2304,0.0840725,0.024571346435546874,0.016519000000000002,0.12516284643554687,0.0100555,10.17308321484375,98.29861595360588,1839.8581684573965,273.5523162237052,1.0
Llama2-70B,32,1,32,32,32,2432,0.0862005,0.024571346435546874,0.017399,0.12817084643554688,0.0100555,10.41372321484375,96.02713451943846,1842.7679442073936,267.2211797216074,1.0
Llama2-70B,32,1,32,32,32,2560,0.0883285,0.024571346435546874,0.018279,0.13117884643554686,0.0100555,10.65436321484375,93.85826068016824,1845.6777199573921,261.1951012353589,1.0
Llama2-70B,32,1,32,32,32,2688,0.0905055,0.024571346435546874,0.019159000000000002,0.13423584643554687,0.0100555,10.89892321484375,91.75218324669483,1848.5886001244812,255.31440079946537,1.0
Llama2-70B,32,1,32,32,32,2816,0.0925845,0.024571346435546874,0.020039,0.13719484643554686,0.0100555,11.135643214843748,89.80172772301161,1851.4972714573871,249.97397937254433,1.0
Llama2-70B,32,1,32,32,32,2944,0.0947125,0.024571346435546874,0.020919,0.14020284643554687,0.0100555,11.37628321484375,87.90217165965085,1854.407047207385,244.7415926101867,1.0
Llama2-70B,32,1,32,32,32,3072,0.0968405,0.024571346435546874,0.021799000000000002,0.14321084643554688,0.0100555,11.61692321484375,86.08131271128921,1857.3168229573823,239.73916168304865,1.0
Llama2-70B,32,1,32,32,32,3200,0.1041675,0.024571346435546874,0.022679,0.15141784643554687,0.0100555,12.27348321484375,81.47646291564433,1869.1935688425256,224.30143384963222,1.0
Llama2-70B,32,1,32,32,32,3328,0.1062465,0.024571346435546874,0.023559,0.15437684643554686,0.0100555,12.510203214843749,79.93475268359099,1872.102240175431,220.25457781849647,1.0
Llama2-70B,32,1,32,32,32,3456,0.1083745,0.024571346435546874,0.024439000000000002,0.1573848464355469,0.0100555,12.750843214843753,78.42618587262221,1875.0120159254288,216.2653594624921,1.0
Llama2-70B,32,1,32,32,32,3584,0.1105025,0.024571346435546874,0.025319,0.16039284643554688,0.0100555,12.99148321484375,76.97350513892243,1877.9217916754264,212.4297857147379,1.0
Llama2-70B,32,1,32,32,32,3712,0.1126795,0.024571346435546874,0.026199,0.16344984643554689,0.0100555,13.236043214843752,75.55127946987477,1880.8326718425164,208.64849771281777,1.0
Llama2-70B,32,1,32,32,32,3840,0.1147585,0.024571346435546874,0.027079000000000002,0.16640884643554688,0.0100555,13.47276321484375,74.22382358046939,1883.7413431754214,205.18538312798418,1.0
Llama2-70B,32,1,32,32,32,3968,0.1168865,0.024571346435546874,0.027959,0.1694168464355469,0.0100555,13.713403214843751,72.92135907719636,1886.6511189254195,201.76101591345218,1.0
Llama2-70B,32,1,32,32,32,4096,0.1190145,0.024571346435546874,0.028839,0.17242484643554687,0.0100555,13.95404321484375,71.66381704596128,1889.560894675417,198.4591052640032,1.0
Llama2-70B,32,2,16,32,32,128,0.041381,0.023975299987792967,0.001559,0.06691529998779297,0.0119035,5.515127499023438,362.6389417749888,1091.0741447851976,659.1637132894308,1.0
Llama2-70B,32,2,16,32,32,256,0.04346,0.023975299987792967,0.002439,0.06987429998779296,0.0119035,5.7518474990234365,347.71436487833955,1093.9309213988295,629.27457512588,1.0
Llama2-70B,32,2,16,32,32,384,0.045588,0.023975299987792967,0.003319,0.07288229998779297,0.0119035,5.992487499023437,333.75121772484783,1096.7888024295548,601.4679314894023,1.0
Llama2-70B,32,2,16,32,32,512,0.047716,0.023975299987792967,0.004199,0.07589029998779297,0.0119035,6.233127499023437,320.86621047192534,1099.6466834602793,576.1414847536877,1.0
Llama2-70B,32,2,16,32,32,640,0.049893,0.023975299987792967,0.005078999999999999,0.07894729998779297,0.0119035,6.477687499023438,308.7521588995325,1102.5056689080957,552.4350454513136,1.0
Llama2-70B,32,2,16,32,32,768,0.051972,0.023975299987792967,0.005959,0.08190629998779297,0.0119035,6.714407499023438,297.8669376696135,1105.3624455217282,531.7105583399372,1.0
Llama2-70B,32,2,16,32,32,896,0.0541,0.023975299987792967,0.006839,0.08491429998779297,0.0119035,6.955047499023438,287.5609404940543,1108.2203265524531,512.1166019188784,1.0
Llama2-70B,32,2,16,32,32,1024,0.056228,0.023975299987792967,0.007718999999999999,0.08792229998779297,0.0119035,7.195687499023438,277.94425484311677,1111.0782075831771,494.0057478405676,1.0
Llama2-70B,32,2,16,32,32,1152,0.0635835,0.023975299987792967,0.008598999999999999,0.09615779998779296,0.0119035,7.854527499023437,254.6302117153021,1123.0892722603007,441.5804698783098,1.0
Llama2-70B,32,2,16,32,32,1280,0.0656625,0.023975299987792967,0.009479,0.09911679998779296,0.0119035,8.091247499023437,247.18067272585438,1125.946048873933,428.68686422003935,1.0
Llama2-70B,32,2,16,32,32,1408,0.0677905,0.023975299987792967,0.010359,0.10212479998779297,0.0119035,8.33188749902344,240.04164725392837,1128.803929904658,416.28396674484526,1.0
Llama2-70B,32,2,16,32,32,1536,0.0699185,0.023975299987792967,0.011238999999999999,0.10513279998779296,0.0119035,8.572527499023437,233.3034219170292,1131.6618109353824,404.63604444295225,1.0
Llama2-70B,32,2,16,32,32,1664,0.0720955,0.023975299987792967,0.012119,0.10818979998779298,0.0119035,8.817087499023438,226.83227315386353,1134.5207963831995,393.40901872627256,1.0
Llama2-70B,32,2,16,32,32,1792,0.0741745,0.023975299987792967,0.012999,0.11114879998779296,0.0119035,9.053807499023439,220.90153785749519,1137.3775729968313,383.34521061713656,1.0
Llama2-70B,32,2,16,32,32,1920,0.0763025,0.023975299987792967,0.013878999999999999,0.11415679998779296,0.0119035,9.294447499023438,215.1822365138045,1140.2354540275564,373.5904636242444,1.0
Llama2-70B,32,2,16,32,32,2048,0.0784305,0.023975299987792967,0.014759,0.11716479998779296,0.0119035,9.535087499023438,209.75161478117903,1143.093335058281,364.365054111054,1.0
Llama2-70B,32,2,16,32,32,2176,0.0857575,0.023975299987792967,0.015639,0.12537179998779296,0.0119035,10.19164749902344,196.23912622484633,1154.9181862241512,336.68139411251224,1.0
Llama2-70B,32,2,16,32,32,2304,0.0878365,0.023975299987792967,0.016519000000000002,0.12833079998779295,0.0119035,10.428367499023437,191.78457224366994,1157.7749628377835,329.52558527428334,1.0
Llama2-70B,32,2,16,32,32,2432,0.0899645,0.023975299987792967,0.017399,0.13133879998779296,0.0119035,10.669007499023438,187.45886158417878,1160.632843868508,322.52523047104904,1.0
Llama2-70B,32,2,16,32,32,2560,0.0920925,0.023975299987792967,0.018279,0.13434679998779295,0.0119035,10.909647499023437,183.3239800075142,1163.4907248992326,315.8483928928067,1.0
Llama2-70B,32,2,16,32,32,2688,0.0942695,0.023975299987792967,0.019159000000000002,0.13740379998779298,0.0119035,11.154207499023439,179.30453599461026,1166.349710347049,309.3125852866116,1.0
Llama2-70B,32,2,16,32,32,2816,0.0963485,0.023975299987792967,0.020039,0.14036279998779297,0.0119035,11.390927499023439,175.57832759197728,1169.206486960682,303.3795250991664,1.0
Llama2-70B,32,2,16,32,32,2944,0.0984765,0.023975299987792967,0.020919,0.14337079998779295,0.0119035,11.631567499023436,171.94587059464823,1172.064367991407,297.549254896195,1.0
Llama2-70B,32,2,16,32,32,3072,0.1006045,0.023975299987792967,0.021799000000000002,0.14637879998779296,0.0119035,11.872207499023439,168.46066750134818,1174.9222490221314,291.9656300220494,1.0
Llama2-70B,32,2,16,32,32,3200,0.1079315,0.023975299987792967,0.022679,0.15458579998779298,0.0119035,12.52876749902344,159.63262149735726,1186.7471001880012,274.8843248236152,1.0
Llama2-70B,32,2,16,32,32,3328,0.1100105,0.023975299987792967,0.023559,0.15754479998779297,0.0119035,12.76548749902344,156.67243418263502,1189.6038768016335,270.33871239600603,1.0
Llama2-70B,32,2,16,32,32,3456,0.1121385,0.023975299987792967,0.024439000000000002,0.16055279998779298,0.0119035,13.006127499023439,153.7736732282664,1192.4617578323578,265.8457527593908,1.0
Llama2-70B,32,2,16,32,32,3584,0.1142665,0.023975299987792967,0.025319,0.16356079998779297,0.0119035,13.246767499023438,150.98022971622635,1195.3196388630827,261.52013907468125,1.0
Llama2-70B,32,2,16,32,32,3712,0.1164435,0.023975299987792967,0.026199,0.16661779998779297,0.0119035,13.491327499023438,148.2433808047999,1198.1786243108993,257.24463458907087,1.0
Llama2-70B,32,2,16,32,32,3840,0.1185225,0.023975299987792967,0.027079000000000002,0.16957679998779296,0.0119035,13.728047499023438,145.6871416086135,1201.0354009245318,253.33489441340924,1.0
Llama2-70B,32,2,16,32,32,3968,0.1206505,0.023975299987792967,0.027959,0.17258479998779297,0.0119035,13.968687499023439,143.1773744054208,1203.8932819552563,249.45882568975185,1.0
Llama2-70B,32,2,16,32,32,4096,0.1227785,0.023975299987792967,0.028839,0.17559279998779298,0.0119035,14.20932749902344,140.7526147973895,1206.7511629859814,245.71711720414837,1.0
Llama2-70B,32,4,8,32,32,128,0.052109,0.022723602447509764,0.001559,0.07639160244750977,0.0192475,6.280575695800781,636.8842911445867,834.6959744457948,800.9134453221083,1.0
Llama2-70B,32,4,8,32,32,256,0.054188,0.022723602447509764,0.002439,0.07935060244750976,0.0192475,6.51729569580078,613.7514985820387,837.5268036997907,772.7973017086724,1.0
Llama2-70B,32,4,8,32,32,384,0.056316,0.022723602447509764,0.003319,0.08235860244750977,0.0192475,6.757935695800781,591.896724096606,840.358737370879,746.1101084690664,1.0
Llama2-70B,32,4,8,32,32,512,0.058444,0.022723602447509764,0.004199,0.08536660244750977,0.0192475,6.998575695800781,571.5448648215724,843.1906710419671,721.3663259205111,1.0
Llama2-70B,32,4,8,32,32,640,0.060621,0.022723602447509764,0.005078999999999999,0.08842360244750977,0.0192475,7.243135695800782,552.2470057159092,846.0237091301473,697.7975529355729,1.0
Llama2-70B,32,4,8,32,32,768,0.0627,0.022723602447509764,0.005959,0.09138260244750977,0.0192475,7.479855695800782,534.7696750681453,848.8545383841432,676.9174947241972,1.0
Llama2-70B,32,4,8,32,32,896,0.064828,0.022723602447509764,0.006839,0.09439060244750976,0.0192475,7.72049569580078,518.1014480942748,851.6864720552313,656.8816499469607,1.0
Llama2-70B,32,4,8,32,32,1024,0.066956,0.022723602447509764,0.007718999999999999,0.09739860244750977,0.0192475,7.961135695800781,502.44087688517345,854.5184057263197,638.1193662452353,1.0
Llama2-70B,32,4,8,32,32,1152,0.0743115,0.022723602447509764,0.008598999999999999,0.10563410244750976,0.0192475,8.619975695800782,464.0384313320742,866.503523043806,583.0211495150858,1.0
Llama2-70B,32,4,8,32,32,1280,0.0763905,0.022723602447509764,0.009479,0.10859310244750976,0.0192475,8.856695695800783,451.6357044870037,869.3343522978017,569.0068479050417,1.0
Llama2-70B,32,4,8,32,32,1408,0.0785185,0.022723602447509764,0.010359,0.11160110244750976,0.0192475,9.097335695800782,439.68917205576474,872.16628596889,555.3890395059063,1.0
Llama2-70B,32,4,8,32,32,1536,0.0806465,0.022723602447509764,0.011238999999999999,0.11460910244750976,0.0192475,9.33797569580078,428.35836484333225,874.9982196399778,542.4898908445983,1.0
Llama2-70B,32,4,8,32,32,1664,0.0828235,0.022723602447509764,0.012119,0.11766610244750976,0.0192475,9.582535695800782,417.42604744513113,877.8312577281584,529.9409332666203,1.0
Llama2-70B,32,4,8,32,32,1792,0.0849025,0.022723602447509764,0.012999,0.12062510244750976,0.0192475,9.819255695800782,407.36285151537555,880.6620869821538,518.6314225035507,1.0
Llama2-70B,32,4,8,32,32,1920,0.0870305,0.022723602447509764,0.013878999999999999,0.12363310244750976,0.0192475,10.059895695800781,397.6184367070214,883.4940206532424,507.57724053822653,1.0
Llama2-70B,32,4,8,32,32,2048,0.0891585,0.022723602447509764,0.014759,0.12664110244750976,0.0192475,10.300535695800782,388.3293178267106,886.3259543243305,497.0507323050132,1.0
Llama2-70B,32,4,8,32,32,2176,0.0964855,0.022723602447509764,0.015639,0.13484810244750978,0.0192475,10.957095695800783,365.0602414226397,898.1248581305638,465.4196009403298,1.0
Llama2-70B,32,4,8,32,32,2304,0.0985645,0.022723602447509764,0.016519000000000002,0.13780710244750977,0.0192475,11.193815695800783,357.3401696707003,900.9556873845598,457.03863327291253,1.0
Llama2-70B,32,4,8,32,32,2432,0.1006925,0.022723602447509764,0.017399,0.14081510244750978,0.0192475,11.434455695800782,349.8198870514641,903.7876210556481,448.78596770149124,1.0
Llama2-70B,32,4,8,32,32,2560,0.1028205,0.022723602447509764,0.018279,0.14382310244750976,0.0192475,11.675095695800781,342.60961145172394,906.6195547267359,440.87490078667986,1.0
Llama2-70B,32,4,8,32,32,2688,0.1049975,0.022723602447509764,0.019159000000000002,0.14688010244750976,0.0192475,11.919655695800781,335.5801628908773,909.4525928149161,433.082974744597,1.0
Llama2-70B,32,4,8,32,32,2816,0.1070765,0.022723602447509764,0.020039,0.14983910244750978,0.0192475,12.156375695800783,329.04544085304417,912.283422068912,425.9960972150343,1.0
Llama2-70B,32,4,8,32,32,2944,0.1092045,0.022723602447509764,0.020919,0.15284710244750976,0.0192475,12.397015695800782,322.65829923526775,915.1153557400003,418.9915963811016,1.0
Llama2-70B,32,4,8,32,32,3072,0.1113325,0.022723602447509764,0.021799000000000002,0.15585510244750977,0.0192475,12.637655695800783,316.51439921164433,917.9472894110883,412.25486242161463,1.0
Llama2-70B,32,4,8,32,32,3200,0.1186595,0.022723602447509764,0.022679,0.16406210244750977,0.0192475,13.294215695800782,300.8827366373687,929.7461932173217,391.77065183037246,1.0
Llama2-70B,32,4,8,32,32,3328,0.1207385,0.022723602447509764,0.023559,0.16702110244750976,0.0192475,13.530935695800782,295.61887588020744,932.577022471318,386.19703842242455,1.0
Llama2-70B,32,4,8,32,32,3456,0.1228665,0.022723602447509764,0.024439000000000002,0.1700291024475098,0.0192475,13.771575695800784,290.4533285337622,935.408956142406,380.66069927213925,1.0
Llama2-70B,32,4,8,32,32,3584,0.1249945,0.022723602447509764,0.025319,0.17303710244750978,0.0192475,14.012215695800784,285.4652031369122,938.2408898134939,375.3128696916641,1.0
Llama2-70B,32,4,8,32,32,3712,0.1271715,0.022723602447509764,0.026199,0.17609410244750975,0.0192475,14.256775695800782,280.5683476649049,941.073927901674,370.00189818539303,1.0
Llama2-70B,32,4,8,32,32,3840,0.1292505,0.022723602447509764,0.027079000000000002,0.17905310244750974,0.0192475,14.49349569580078,275.98586869273544,943.90475715567,365.14549543548,1.0
Llama2-70B,32,4,8,32,32,3968,0.1313785,0.022723602447509764,0.027959,0.18206110244750978,0.0192475,14.734135695800784,271.4784282284027,946.7366908267583,360.30883699644846,1.0
Llama2-70B,32,4,8,32,32,4096,0.1335065,0.022723602447509764,0.028839,0.18506910244750976,0.0192475,14.974775695800782,267.1158541040236,949.5686244978461,355.6263644458684,1.0
Llama2-70B,32,8,4,32,32,128,0.075447,0.02129309097290039,0.001559,0.09829909097290039,0.0339355,8.047862777832032,994.0527343527935,730.7561644048301,968.5688820030354,1.0
Llama2-70B,32,8,4,32,32,256,0.077526,0.02129309097290039,0.002439,0.10125809097290038,0.0339355,8.28458277783203,965.6491116736114,733.5740199790079,946.2296777584398,1.0
Llama2-70B,32,8,4,32,32,384,0.079654,0.02129309097290039,0.003319,0.10426609097290039,0.0339355,8.525222777832031,938.3918999515464,736.3929799702777,924.4896426673836,1.0
Llama2-70B,32,8,4,32,32,512,0.081782,0.02129309097290039,0.004199,0.10727409097290037,0.0339355,8.76586277783203,912.6312152902029,739.2119399615475,903.8809762069253,1.0
Llama2-70B,32,8,4,32,32,640,0.083959,0.02129309097290039,0.005078999999999999,0.11033109097290039,0.0339355,9.010422777832032,887.8606694995564,742.0320043699096,883.8028137184931,1.0
Llama2-70B,32,8,4,32,32,768,0.086038,0.02129309097290039,0.005959,0.1132900909729004,0.0339355,9.247142777832032,865.1320945512186,744.8498599440874,865.7219599991714,1.0
Llama2-70B,32,8,4,32,32,896,0.088166,0.02129309097290039,0.006839,0.11629809097290038,0.0339355,9.487782777832031,843.1896247342215,747.668819935357,848.0239774236746,1.0
Llama2-70B,32,8,4,32,32,1024,0.090294,0.02129309097290039,0.007718999999999999,0.11930609097290039,0.0339355,9.728422777832032,822.3326825628349,750.4877799266268,831.1601877496033,1.0
Llama2-70B,32,8,4,32,32,1152,0.0976495,0.02129309097290039,0.008598999999999999,0.12754159097290038,0.0339355,10.387262777832031,770.174026700585,762.4599235642952,780.8129315196647,1.0
Llama2-70B,32,8,4,32,32,1280,0.0997285,0.02129309097290039,0.009479,0.13050059097290037,0.0339355,10.62398277783203,753.0132688743412,765.277779138473,767.3611647006348,1.0
Llama2-70B,32,8,4,32,32,1408,0.1018565,0.02129309097290039,0.010359,0.13350859097290038,0.0339355,10.86462277783203,736.3348147091722,768.0967391297427,754.0969296311406,1.0
Llama2-70B,32,8,4,32,32,1536,0.1039845,0.02129309097290039,0.011238999999999999,0.1365165909729004,0.0339355,11.105262777832031,720.3791715734402,770.9156991210126,741.3755887858406,1.0
Llama2-70B,32,8,4,32,32,1664,0.1061615,0.02129309097290039,0.012119,0.1395735909729004,0.0339355,11.349822777832031,704.8568208153209,773.7357635293745,728.8289667434751,1.0
Llama2-70B,32,8,4,32,32,1792,0.1082405,0.02129309097290039,0.012999,0.1425325909729004,0.0339355,11.586542777832033,690.4561743219909,776.5536191035524,717.4335106577965,1.0
Llama2-70B,32,8,4,32,32,1920,0.1103685,0.02129309097290039,0.013878999999999999,0.1455405909729004,0.0339355,11.827182777832032,676.407911357774,779.372579094822,706.1549075096808,1.0
Llama2-70B,32,8,4,32,32,2048,0.1124965,0.02129309097290039,0.014759,0.14854859097290038,0.0339355,12.067822777832031,662.9199108471818,782.1915390860919,695.3029997254063,1.0
Llama2-70B,32,8,4,32,32,2176,0.1231315,0.02129309097290039,0.015639,0.1600635909729004,0.0339355,12.989022777832034,615.9046863520291,798.9180844680739,648.8332266463688,1.0
Llama2-70B,32,8,4,32,32,2304,0.1252105,0.02129309097290039,0.016519000000000002,0.1630225909729004,0.0339355,13.225742777832032,604.8809608946109,801.7359400422514,640.3104692036623,1.0
Llama2-70B,32,8,4,32,32,2432,0.1273385,0.02129309097290039,0.017399,0.16603059097290038,0.0339355,13.466382777832031,594.0719294842389,804.554900033521,631.8237611040815,1.0
Llama2-70B,32,8,4,32,32,2560,0.1294665,0.02129309097290039,0.018279,0.1690385909729004,0.0339355,13.707022777832032,583.6424240089661,807.3738600247909,623.6160396896423,1.0
Llama2-70B,32,8,4,32,32,2688,0.1316435,0.02129309097290039,0.019159000000000002,0.1720955909729004,0.0339355,13.951582777832032,573.4116427787227,810.1939244331531,615.4454450338626,1.0
Llama2-70B,32,8,4,32,32,2816,0.1337225,0.02129309097290039,0.020039,0.17505459097290038,0.0339355,14.188302777832032,563.8447476959184,813.0117800073306,607.9842808856631,1.0
Llama2-70B,32,8,4,32,32,2944,0.1358505,0.02129309097290039,0.020919,0.1780625909729004,0.0339355,14.428942777832031,554.4411758490604,815.8307399986007,600.5356918072445,1.0
Llama2-70B,32,8,4,32,32,3072,0.1379785,0.02129309097290039,0.021799000000000002,0.1810705909729004,0.0339355,14.669582777832034,545.3461165977545,818.6496999898704,593.3168573291277,1.0
Llama2-70B,32,8,4,32,32,3200,0.1453055,0.02129309097290039,0.022679,0.1892775909729004,0.0339355,15.326142777832032,521.9839144113496,830.4356301162854,571.5101149758856,1.0
Llama2-70B,32,8,4,32,32,3328,0.1473845,0.02129309097290039,0.023559,0.19223659097290038,0.0339355,15.56286277783203,514.0442420012414,833.2534856904634,565.3603232975404,1.0
Llama2-70B,32,8,4,32,32,3456,0.1495125,0.02129309097290039,0.024439000000000002,0.19524459097290037,0.0339355,15.80350277783203,506.2168882725038,836.0724456817331,559.1990272931918,1.0
Llama2-70B,32,8,4,32,32,3584,0.1516405,0.02129309097290039,0.025319,0.1982525909729004,0.0339355,16.044142777832032,498.62433355139973,838.8914056730027,553.2106565680031,1.0
Llama2-70B,32,8,4,32,32,3712,0.1538175,0.02129309097290039,0.026199,0.20130959097290038,0.0339355,16.28870277783203,491.1379444462288,841.7114700813648,547.2143742300876,1.0
Llama2-70B,32,8,4,32,32,3840,0.1558965,0.02129309097290039,0.027079000000000002,0.20426859097290037,0.0339355,16.525422777832027,484.1025919610101,844.5293256555424,541.7243656243357,1.0
Llama2-70B,32,8,4,32,32,3968,0.1580245,0.02129309097290039,0.027959,0.2072765909729004,0.0339355,16.76606277783203,477.1543627152311,847.3482856468124,536.213236331589,1.0
Llama2-70B,32,8,4,32,32,4096,0.1601525,0.02129309097290039,0.028839,0.2102845909729004,0.0339355,17.00670277783203,470.40276439874486,850.1672456380821,530.8485634867283,1.0
Llama2-70B,32,16,2,32,32,128,0.122375,0.018461870346069335,0.001559,0.14239587034606935,0.0633115,11.604981127685548,1378.718312762218,679.0471969729059,1109.7809143581708,1.0
Llama2-70B,32,16,2,32,32,256,0.124454,0.018461870346069335,0.002439,0.14535487034606934,0.0633115,11.841701127685546,1351.1572220474704,681.8585657071746,1095.7599847448444,1.0
Llama2-70B,32,16,2,32,32,384,0.126582,0.018461870346069335,0.003319,0.14836287034606932,0.0633115,12.082341127685545,1324.2466696572164,684.6710388585352,1081.782621318252,1.0
Llama2-70B,32,16,2,32,32,512,0.12871,0.018461870346069335,0.004199,0.15137087034606933,0.0633115,12.322981127685546,1298.3871219321634,687.4835120098959,1068.267441550612,1.0
Llama2-70B,32,16,2,32,32,640,0.130887,0.018461870346069335,0.005078999999999999,0.15442787034606933,0.0633115,12.567541127685546,1273.120957985405,690.2970895783486,1054.7985507779208,1.0
Llama2-70B,32,16,2,32,32,768,0.132966,0.018461870346069335,0.005959,0.15738687034606932,0.0633115,12.804261127685546,1249.5840127318697,693.1084583126172,1042.5348710386377,1.0
Llama2-70B,32,16,2,32,32,896,0.135094,0.018461870346069335,0.006839,0.16039487034606933,0.0633115,13.044901127685547,1226.5328685430025,695.920931463978,1030.2765947621335,1.0
Llama2-70B,32,16,2,32,32,1024,0.137222,0.018461870346069335,0.007718999999999999,0.16340287034606935,0.0633115,13.285541127685548,1204.3167716110434,698.7334046153388,1018.3985142547676,1.0
Llama2-70B,32,16,2,32,32,1152,0.1478855,0.018461870346069335,0.008598999999999999,0.17494637034606933,0.0633115,14.209021127685546,1126.0451973587979,715.6396766686645,967.8294040574152,1.0
Llama2-70B,32,16,2,32,32,1280,0.1499645,0.018461870346069335,0.009479,0.17790537034606932,0.0633115,14.445741127685546,1107.5928786606653,718.4510454029331,958.1614920903721,1.0
Llama2-70B,32,16,2,32,32,1408,0.1520925,0.018461870346069335,0.010359,0.18091337034606933,0.0633115,14.686381127685546,1089.444694434501,721.2635185542937,948.4537614337246,1.0
Llama2-70B,32,16,2,32,32,1536,0.1542205,0.018461870346069335,0.011238999999999999,0.18392137034606934,0.0633115,14.927021127685547,1071.8816475930598,724.0759917056541,939.0139335635072,1.0
Llama2-70B,32,16,2,32,32,1664,0.1563975,0.018461870346069335,0.012119,0.18697837034606932,0.0633115,15.171581127685545,1054.60333140906,726.8895692741072,929.5411618141047,1.0
Llama2-70B,32,16,2,32,32,1792,0.1584765,0.018461870346069335,0.012999,0.18993737034606933,0.0633115,15.408301127685547,1038.4013050764754,729.7009380083759,920.8948178542254,1.0
Llama2-70B,32,16,2,32,32,1920,0.1606045,0.018461870346069335,0.013878999999999999,0.19294537034606934,0.0633115,15.648941127685546,1022.433394659104,732.5134111597364,912.1953757954933,1.0
Llama2-70B,32,16,2,32,32,2048,0.1627325,0.018461870346069335,0.014759,0.19595337034606933,0.0633115,15.889581127685545,1006.9491367599404,735.3258843110975,903.7234532881841,1.0
Llama2-70B,32,16,2,32,32,2176,0.1733675,0.018461870346069335,0.015639,0.20746837034606935,0.0633115,16.810781127685548,951.7701693022296,752.04594285317,867.5743064336394,1.0
Llama2-70B,32,16,2,32,32,2304,0.1754465,0.018461870346069335,0.016519000000000002,0.21042737034606934,0.0633115,17.047501127685546,938.5539780968614,754.8573115874387,860.4985697491126,1.0
Llama2-70B,32,16,2,32,32,2432,0.1775745,0.018461870346069335,0.017399,0.21343537034606933,0.0633115,17.288141127685545,925.489899800581,757.6697847387996,853.3542650986479,1.0
Llama2-70B,32,16,2,32,32,2560,0.1797025,0.018461870346069335,0.018279,0.2164433703460693,0.0633115,17.528781127685544,912.7845161309626,760.4822578901602,846.3791632171619,1.0
Llama2-70B,32,16,2,32,32,2688,0.1818795,0.018461870346069335,0.019159000000000002,0.21950037034606934,0.0633115,17.773341127685548,900.2246614777897,763.2958354586127,839.342350796668,1.0
Llama2-70B,32,16,2,32,32,2816,0.1839585,0.018461870346069335,0.020039,0.22245937034606933,0.0633115,18.010061127685546,888.3923206348463,766.1072041928817,832.9130800619499,1.0
Llama2-70B,32,16,2,32,32,2944,0.1860865,0.018461870346069335,0.020919,0.2254673703460693,0.0633115,18.250701127685545,876.6786485659268,768.9196773442419,826.4110264250683,1.0
Llama2-70B,32,16,2,32,32,3072,0.1882145,0.018461870346069335,0.021799000000000002,0.22847537034606935,0.0633115,18.491341127685548,865.2698519548985,771.7321504956028,820.0560004628791,1.0
Llama2-70B,32,16,2,32,32,3200,0.1988495,0.018461870346069335,0.022679,0.23999037034606935,0.0633115,19.412541127685547,824.2094579354844,788.4522090376754,793.0140222003832,1.0
Llama2-70B,32,16,2,32,32,3328,0.2009285,0.018461870346069335,0.023559,0.24294937034606934,0.0633115,19.649261127685545,814.2799821340974,791.263577771944,787.6071117556189,1.0
Llama2-70B,32,16,2,32,32,3456,0.2030565,0.018461870346069335,0.024439000000000002,0.24595737034606935,0.0633115,19.889901127685548,804.4283326139295,794.0760509233048,782.1232523197283,1.0
Llama2-70B,32,16,2,32,32,3584,0.2051845,0.018461870346069335,0.025319,0.24896537034606933,0.0633115,20.130541127685547,794.8122158522201,796.8885240746655,776.7531407827256,1.0
Llama2-70B,32,16,2,32,32,3712,0.2073615,0.018461870346069335,0.026199,0.25202237034606934,0.0633115,20.375101127685546,785.2721760609724,799.7021016431185,771.3120339533791,1.0
Llama2-70B,32,16,2,32,32,3840,0.2094405,0.018461870346069335,0.027079000000000002,0.2549813703460693,0.0633115,20.611821127685545,776.2535828776913,802.513470377387,766.3402927107098,1.0
Llama2-70B,32,16,2,32,32,3968,0.2115685,0.018461870346069335,0.027959,0.25798937034606934,0.0633115,20.852461127685547,767.2955197963181,805.3259435287476,761.290970563905,1.0
Llama2-70B,32,16,2,32,32,4096,0.2136965,0.018461870346069335,0.028839,0.26099737034606935,0.0633115,21.093101127685546,758.5418522930871,808.1384166801082,756.3422112015014,1.0
Llama2-70B,32,32,1,32,32,128,0.218299,0.01302294651031494,0.001559,0.23288094651031493,0.1213595,18.901835220825195,1692.9573042063046,659.2344979427401,1207.9478109249062,1.0
Llama2-70B,32,32,1,32,32,256,0.220378,0.01302294651031494,0.002439,0.23583994651031492,0.1213595,19.138555220825193,1672.0175389822484,662.0426232570543,1201.649208645245,1.0
Llama2-70B,32,32,1,32,32,384,0.222506,0.01302294651031494,0.003319,0.23884794651031493,0.1213595,19.379195220825192,1651.2553609869356,663.6357977685127,1193.0209482324308,1.0
Llama2-70B,32,32,1,32,32,512,0.224634,0.01302294651031494,0.004199,0.24185594651031495,0.1213595,19.619835220825195,1631.002484976737,667.6610827198666,1188.8869587326349,1.0
Llama2-70B,32,32,1,32,32,640,0.230119,0.01302294651031494,0.005078999999999999,0.24822094651031493,0.1213595,20.129035220825195,1589.7433557517593,675.4120321239316,1174.0221922117369,1.0
Llama2-70B,32,32,1,32,32,768,0.232198,0.01302294651031494,0.005959,0.25117994651031494,0.1213595,20.365755220825196,1571.2650796901505,678.2201574382456,1168.347974467042,1.0
Llama2-70B,32,32,1,32,32,896,0.234326,0.01302294651031494,0.006839,0.25418794651031495,0.1213595,20.606395220825195,1552.9159591999003,679.8134538839525,1160.4575742921447,1.0
Llama2-70B,32,32,1,32,32,1024,0.236454,0.01302294651031494,0.007718999999999999,0.2571959465103149,0.1213595,20.84703522082519,1534.9904512097496,683.838616901058,1156.8230893130296,1.0
Llama2-70B,32,32,1,32,32,1152,0.2471175,0.01302294651031494,0.008598999999999999,0.26873944651031495,0.1213595,21.770515220825196,1469.8779369901868,700.7416455344293,1134.2647049026134,1.0
Llama2-70B,32,32,1,32,32,1280,0.2491965,0.01302294651031494,0.009479,0.27169844651031494,0.1213595,22.007235220825194,1454.0672501068543,703.549770848743,1129.3092332336016,1.0
Llama2-70B,32,32,1,32,32,1408,0.2513245,0.01302294651031494,0.010359,0.27470644651031495,0.1213595,22.247875220825197,1438.3396024284734,705.1430672944501,1122.2830520612995,1.0
Llama2-70B,32,32,1,32,32,1536,0.2534525,0.01302294651031494,0.011238999999999999,0.27771444651031496,0.1213595,22.488515220825196,1422.948544435998,709.1682303115551,1119.2128391892843,1.0
Llama2-70B,32,32,1,32,32,1664,0.2589375,0.01302294651031494,0.012119,0.2840794465103149,0.1213595,22.997715220825192,1391.4425712612938,716.9191797156202,1107.478336997338,1.0
Llama2-70B,32,32,1,32,32,1792,0.2610165,0.01302294651031494,0.012999,0.2870384465103149,0.1213595,23.23443522082519,1377.2661007622933,719.7273050299343,1102.9606251404555,1.0
Llama2-70B,32,32,1,32,32,1920,0.2631445,0.01302294651031494,0.013878999999999999,0.2900464465103149,0.1213595,23.475075220825193,1363.1479217417877,721.3206014756413,1096.4631242159971,1.0
Llama2-70B,32,32,1,32,32,2048,0.2652725,0.01302294651031494,0.014759,0.293054446510315,0.1213595,23.7157152208252,1349.3162530430548,725.3457644927465,1093.7368396539357,1.0
Llama2-70B,32,32,1,32,32,2176,0.2759075,0.01302294651031494,0.015639,0.304569446510315,0.1213595,24.6369152208252,1298.8639086175408,742.0625796148648,1075.8135673946736,1.0
Llama2-70B,32,32,1,32,32,2304,0.2779865,0.01302294651031494,0.016519000000000002,0.30752844651031497,0.1213595,24.873635220825197,1286.5027454132771,744.8707049291787,1071.8084582225092,1.0
Llama2-70B,32,32,1,32,32,2432,0.2801145,0.01302294651031494,0.017399,0.3105364465103149,0.1213595,25.114275220825192,1274.1757314766164,746.4640013748855,1065.941250988272,1.0
Llama2-70B,32,32,1,32,32,2560,0.2822425,0.01302294651031494,0.018279,0.31354444651031493,0.1213595,25.354915220825195,1262.0827055149007,750.4891643919912,1063.6090091208675,1.0
Llama2-70B,32,32,1,32,32,2688,0.2877275,0.01302294651031494,0.019159000000000002,0.31990944651031494,0.1213595,25.864115220825195,1237.235440949255,758.2401137960559,1054.1086462657288,1.0
Llama2-70B,32,32,1,32,32,2816,0.2898065,0.01302294651031494,0.020039,0.322868446510315,0.1213595,26.1008352208252,1226.014406407501,761.0482391103702,1050.4225945385906,1.0
Llama2-70B,32,32,1,32,32,2944,0.2919345,0.01302294651031494,0.020919,0.32587644651031494,0.1213595,26.341475220825195,1214.8142703374963,762.641535556077,1044.9488300369803,1.0
Llama2-70B,32,32,1,32,32,3072,0.2940625,0.01302294651031494,0.021799000000000002,0.32888444651031495,0.1213595,26.582115220825195,1203.816917283177,766.6666985731822,1042.8622467307903,1.0
Llama2-70B,32,32,1,32,32,3200,0.3046975,0.01302294651031494,0.022679,0.34039944651031495,0.1213595,27.503315220825197,1163.49610012723,783.3835136953005,1028.4081933003072,1.0
Llama2-70B,32,32,1,32,32,3328,0.3067765,0.01302294651031494,0.023559,0.34335844651031494,0.1213595,27.740035220825195,1153.5673889835848,786.1916390096144,1025.1002133600389,1.0
Llama2-70B,32,32,1,32,32,3456,0.3089045,0.01302294651031494,0.024439000000000002,0.34636644651031495,0.1213595,27.980675220825194,1143.646454113564,787.7849354553215,1020.1015983325871,1.0
Llama2-70B,32,32,1,32,32,3584,0.3110325,0.01302294651031494,0.025319,0.3493744465103149,0.1213595,28.221315220825193,1133.894708648675,791.8100984724266,1018.2988574794297,1.0
Llama2-70B,32,32,1,32,32,3712,0.3165175,0.01302294651031494,0.026199,0.35573944651031497,0.1213595,28.730515220825197,1113.798334420572,799.5610478764919,1010.4478240558473,1.0
Llama2-70B,32,32,1,32,32,3840,0.3185965,0.01302294651031494,0.027079000000000002,0.35869844651031496,0.1213595,28.967235220825195,1104.6963838990916,802.3691731908056,1007.3797712037715,1.0
Llama2-70B,32,32,1,32,32,3968,0.3207245,0.01302294651031494,0.027959,0.36170644651031497,0.1213595,29.207875220825198,1095.5949297258028,803.9624696365128,1002.6829501787516,1.0
Llama2-70B,32,32,1,32,32,4096,0.3228525,0.01302294651031494,0.028839,0.3647144465103149,0.1213595,29.448515220825193,1086.6422215192183,807.9876326536182,1001.0610203156153,1.0
Llama2-70B,32,80,1,32,10,128,0.664714,0.0014614998626708,0.004677,0.6708524998626709,0.382388,54.20058798901367,1475.998747766644,648.428358913021,975.4997772169996,0.84375
Llama2-70B,32,80,1,32,10,256,0.673238,0.0014614998626708,0.007317,0.6820164998626709,0.382388,55.09370798901367,1452.0714419140736,651.1077252776331,967.1286012934996,0.84375
Llama2-70B,32,80,1,32,10,384,0.681762,0.0014614998626708,0.009957,0.6931804998626708,0.382388,55.98682798901366,1428.9075283153827,654.1553244845004,959.5068726102372,0.84375
Llama2-70B,32,80,1,32,10,512,0.690286,0.0014614998626708,0.0125969999999999,0.7043444998626708,0.382388,56.87994798901366,1406.471046975148,657.018809412437,951.8066560996996,0.84375
Llama2-70B,32,80,1,32,10,640,0.695502,0.0014614998626708,0.0152369999999999,0.7122004998626708,0.382388,57.50842798901365,1391.1004490556254,658.1316383894203,946.2685058985022,0.84375
Llama2-70B,32,80,1,32,10,768,0.704026,0.0014614998626708,0.017877,0.7233644998626709,0.382388,58.40154798901367,1369.8267041662896,661.1813659198875,939.1433923177374,0.84375
Llama2-70B,32,80,1,32,10,896,0.71255,0.0014614998626708,0.020517,0.7345284998626709,0.382388,59.29466798901367,1349.193826581889,663.8571893628932,931.6640086490676,0.84375
Llama2-70B,32,80,1,32,10,1024,0.721074,0.0014614998626708,0.0231569999999999,0.7456924998626708,0.382388,60.187787989013664,1329.173287022988,666.9083357757609,924.8819618732068,0.84375
Llama2-70B,32,80,1,32,10,1152,0.734842,0.0014614998626708,0.0257969999999999,0.7621004998626708,0.382388,61.50042798901366,1300.8039556129768,672.7558096326437,915.510830399792,0.84375
Llama2-70B,32,80,1,32,10,1280,0.740058,0.0014614998626708,0.0284369999999999,0.7699564998626709,0.382388,62.12890798901367,1287.645358488298,673.8643781540769,910.5561701300124,0.84375
Llama2-70B,32,80,1,32,10,1408,0.748582,0.0014614998626708,0.031077,0.7811204998626708,0.382388,63.02202798901367,1269.3974242457896,676.9183661400942,904.2674899210696,0.84375
Llama2-70B,32,80,1,32,10,1536,0.757106,0.0014614998626708,0.033717,0.7922844998626708,0.382388,63.91514798901366,1251.659465980602,679.58992912755,897.6152997434308,0.84375
Llama2-70B,32,80,1,32,10,1664,0.76563,0.0014614998626708,0.036357,0.8034484998626709,0.382388,64.80826798901369,1234.4103998206158,682.6453359959671,891.6125752595475,0.84375
Llama2-70B,32,80,1,32,10,1792,0.774154,0.0014614998626708,0.038997,0.8146124998626709,0.382388,65.70138798901368,1217.6302883186772,685.5088209239044,885.4941276850655,0.84375
Llama2-70B,32,80,1,32,10,1920,0.77937,0.0014614998626708,0.0416369999999999,0.8224684998626709,0.382388,66.32986798901368,1206.0931587147215,686.6138422393369,880.9857221080322,0.84375
Llama2-70B,32,80,1,32,10,2048,0.787894,0.0014614998626708,0.044277,0.8336324998626709,0.382388,67.22298798901367,1190.0690878702758,689.6713774313545,875.335232190313,0.84375
Llama2-70B,32,80,1,32,10,2176,0.801662,0.0014614998626708,0.046917,0.8500404998626708,0.382388,68.53562798901368,1167.2760919740033,695.3226688922065,867.3514135536008,0.84375
Llama2-70B,32,80,1,32,10,2304,0.810186,0.0014614998626708,0.049557,0.8612044998626708,0.382388,69.42874798901367,1152.2604442277875,698.3823362161739,862.002473772904,0.84375
Llama2-70B,32,80,1,32,10,2432,0.81871,0.0014614998626708,0.052197,0.872368499862671,0.382388,70.32186798901368,1137.6262077181784,701.2458211441107,856.525291182605,0.84375
Llama2-70B,32,80,1,32,10,2560,0.823926,0.0014614998626708,0.054837,0.8802244998626709,0.382388,70.95034798901368,1127.549085627989,702.3465820039938,852.4389107808147,0.84375
Llama2-70B,32,80,1,32,10,2688,0.83245,0.0014614998626708,0.057477,0.8913884998626709,0.382388,71.84346798901369,1113.5319916938531,705.4083776515613,847.3882847637228,0.84375
Llama2-70B,32,80,1,32,10,2816,0.840974,0.0014614998626708,0.060117,0.9025524998626708,0.382388,72.73658798901367,1099.8591247101583,708.0721329774669,841.9667349733367,0.84375
Llama2-70B,32,80,1,32,10,2944,0.849498,0.0014614998626708,0.062757,0.9137164998626708,0.382388,73.62970798901368,1086.5179583753998,711.1353475074344,837.1242163106143,0.84375
Llama2-70B,32,80,1,32,10,3072,0.858022,0.0014614998626708,0.065397,0.9248804998626708,0.382388,74.52282798901368,1073.4965668747002,713.998832435371,832.1451343151705,0.84375
Llama2-70B,32,80,1,32,10,3200,0.868482,0.0014614998626708,0.068037,0.9379804998626708,0.382388,75.57082798901368,1058.6095472135123,718.0793217686504,826.8211911918152,0.84375
Llama2-70B,32,80,1,32,10,3328,0.877006,0.0014614998626708,0.070677,0.9491444998626708,0.382388,76.46394798901368,1046.2446957551078,721.1453778717676,822.2810081935215,0.84375
Llama2-70B,32,80,1,32,10,3456,0.88553,0.0014614998626708,0.073317,0.9603084998626708,0.382388,77.35706798901369,1034.1653591545337,723.8048727421236,817.3691153796294,0.84375
Llama2-70B,32,80,1,32,10,3584,0.894054,0.0014614998626708,0.075957,0.9714724998626708,0.382388,78.25018798901368,1022.3617611146442,726.8723477276409,813.0072095506995,0.84375
Llama2-70B,32,80,1,32,10,3712,0.902578,0.0014614998626708,0.078597,0.9826364998626708,0.382388,79.14330798901368,1010.824566634304,729.7358326555776,808.5016836833797,0.84375
Llama2-70B,32,80,1,32,10,3840,0.907794,0.0014614998626708,0.081237,0.9904924998626708,0.382388,79.77178798901367,1002.8608110303076,730.8287858539106,805.06016326822,0.84375
Llama2-70B,32,80,1,32,10,3968,0.916318,0.0014614998626708,0.083877,1.001656499862671,0.382388,80.66490798901368,991.757159270494,733.898389163028,800.9210657905095,0.84375
Llama2-70B,32,80,1,32,10,4096,0.924842,0.0014614998626708,0.086517,1.0128204998626709,0.382388,81.55802798901368,980.896693710844,736.5543368273837,796.4109943399889,0.84375
Llama2-7B,8,1,8,32,32,128,0.0189915,0.0042958331044514,0.000794,0.0240813331044515,0.0112625,0.931865159342448,1073.1166306353057,94.83713980286544,156.05195054837927,1.0
Llama2-7B,8,1,8,32,32,256,0.0198475,0.0042958331044514,0.001234,0.0253773331044514,0.0112625,0.973337159342448,1027.3932217645574,95.07670627910244,149.69880696419958,1.0
Llama2-7B,8,1,8,32,32,384,0.0207035,0.0042958331044514,0.001674,0.0266733331044514,0.0112625,1.0148091593424478,985.4069514389844,95.31627533453944,143.87101718088047,1.0
Llama2-7B,8,1,8,32,32,512,0.0215595,0.0042958331044514,0.002114,0.0279693331044515,0.0112625,1.056281159342448,946.7176339891512,95.55584696917649,138.5060051386518,1.0
Llama2-7B,8,1,8,32,32,640,0.0224155,0.0042958331044514,0.002554,0.0292653331044515,0.0112625,1.097753159342448,910.9516028166096,95.79544375101352,133.5507848238572,1.0
Llama2-7B,8,1,8,32,32,768,0.0232715,0.0042958331044514,0.002994,0.0305613331044515,0.0112625,1.1392251593424478,877.7896026955659,96.03501022725048,128.9600614314324,1.0
Llama2-7B,8,1,8,32,32,896,0.0241275,0.0042958331044514,0.003434,0.0318573331044515,0.0112625,1.1806971593424478,846.9572337727302,96.27457928268748,124.69508248198046,1.0
Llama2-7B,8,1,8,32,32,1024,0.0249835,0.0042958331044514,0.003874,0.0331533331044514,0.0112625,1.2221691593424475,818.2173411559662,96.51415091732449,120.7223654078248,1.0
Llama2-7B,8,1,8,32,32,1152,0.0266015,0.0042958331044514,0.004314,0.0352113331044515,0.0112625,1.288025159342448,776.3823499461081,97.36382638596984,114.3777446595702,1.0
Llama2-7B,8,1,8,32,32,1280,0.0274575,0.0042958331044514,0.004754,0.0365073331044515,0.0112625,1.3294971593424478,752.1640741937254,97.6033928622068,111.08462266936044,1.0
Llama2-7B,8,1,8,32,32,1408,0.0283135,0.0042958331044514,0.005194,0.0378033331044515,0.0112625,1.3709691593424478,729.4110105873029,97.84296191764383,107.99062496428805,1.0
Llama2-7B,8,1,8,32,32,1536,0.0291695,0.0042958331044514,0.005634,0.0390993331044514,0.0112625,1.4124411593424475,707.9940947526219,98.08253355228084,105.07822120738362,1.0
Llama2-7B,8,1,8,32,32,1664,0.0300255,0.0042958331044514,0.006074,0.0403953331044515,0.0112625,1.453913159342448,687.7989882506213,98.32213033411784,102.3319036466065,1.0
Llama2-7B,8,1,8,32,32,1792,0.0308815,0.0042958331044514,0.006514,0.0416913331044514,0.0112625,1.4953851593424476,668.7240365818002,98.56169681035486,99.7378050069974,1.0
Llama2-7B,8,1,8,32,32,1920,0.0317375,0.0042958331044514,0.006954,0.0429873331044515,0.0112625,1.5368571593424478,650.6785578094032,98.80126586579188,97.28364106517512,1.0
Llama2-7B,8,1,8,32,32,2048,0.0325935,0.0042958331044514,0.007394,0.0442833331044514,0.0112625,1.5783291593424476,633.5814009902807,99.04083750042888,94.9583865460415,1.0
Llama2-7B,8,1,8,32,32,2176,0.0341755,0.0042958331044514,0.007834,0.0463053331044514,0.0112625,1.6430331593424476,608.6304432225862,99.82882336238252,91.2832505764204,1.0
Llama2-7B,8,1,8,32,32,2304,0.0350315,0.0042958331044514,0.008274,0.0476013331044515,0.0112625,1.6845051593424478,593.6461485166085,100.06838983861952,89.26643684846098,1.0
Llama2-7B,8,1,8,32,32,2432,0.0358875,0.0042958331044514,0.008714,0.0488973331044515,0.0112625,1.7259771593424478,579.381942911095,100.30795889405654,87.34583672418715,1.0
Llama2-7B,8,1,8,32,32,2560,0.0367435,0.0042958331044514,0.0091539999999999,0.0501933331044514,0.0112625,1.7674491593424475,565.7871371938272,100.54753052869356,85.51472584325592,1.0
Llama2-7B,8,1,8,32,32,2688,0.0375995,0.0042958331044514,0.009594,0.0514893331044514,0.0112625,1.808921159342448,552.8156906315946,100.78712731053056,83.76701095637124,1.0
Llama2-7B,8,1,8,32,32,2816,0.0384555,0.0042958331044514,0.010034,0.0527853331044514,0.0112625,1.850393159342448,540.4256900492207,101.0266937867676,82.09707794298569,1.0
Llama2-7B,8,1,8,32,32,2944,0.0393115,0.0042958331044514,0.0104739999999999,0.0540813331044514,0.0112625,1.891865159342448,528.5788974239413,101.26626284220455,80.4998718903856,1.0
Llama2-7B,8,1,8,32,32,3072,0.0401675,0.0042958331044514,0.010914,0.0553773331044515,0.0112625,1.933337159342448,517.2403557070783,101.5058344768416,78.97074319789132,1.0
Llama2-7B,8,1,8,32,32,3200,0.0417495,0.0042958331044514,0.011354,0.0573993331044515,0.0112625,1.998041159342448,500.4901902667002,102.29382033879516,76.5681477763171,1.0
Llama2-7B,8,1,8,32,32,3328,0.0426055,0.0042958331044514,0.0117939999999999,0.0586953331044514,0.0112625,2.039513159342448,490.3130903663336,102.53338681503222,75.20550956965081,1.0
Llama2-7B,8,1,8,32,32,3456,0.0434615,0.0042958331044514,0.012234,0.0599913331044515,0.0112625,2.080985159342448,480.5416297711519,102.77295587046926,73.89654915159774,1.0
Llama2-7B,8,1,8,32,32,3584,0.0443175,0.0042958331044514,0.012674,0.0612873331044514,0.0112625,2.122457159342448,471.1520303711605,103.01252750510626,72.63815613548984,1.0
Llama2-7B,8,1,8,32,32,3712,0.0451735,0.0042958331044514,0.0131139999999999,0.0625833331044515,0.0112625,2.163929159342448,462.1223368993602,103.25212428694329,71.42747150358018,1.0
Llama2-7B,8,1,8,32,32,3840,0.0460295,0.0042958331044514,0.013554,0.0638793331044515,0.0112625,2.205401159342448,453.4322455412853,103.49169076318027,70.26179594280589,1.0
Llama2-7B,8,1,8,32,32,3968,0.0468855,0.0042958331044514,0.013994,0.0651753331044514,0.0112625,2.246873159342448,445.0629515253332,103.73125981861726,69.13868614671468,1.0
Llama2-7B,8,1,8,32,32,4096,0.0477415,0.0042958331044514,0.0144339999999999,0.0664713331044515,0.0112625,2.288345159342448,436.9970132859452,103.97083145325432,68.05585251645206,1.0
Llama2-7B,8,2,4,32,32,128,0.024968,0.0040872168477376,0.000794,0.0298492168477376,0.0186065,1.1237814391276042,1779.705492869332,80.11672687728982,200.54851929792588,1.0
Llama2-7B,8,2,4,32,32,256,0.025824,0.0040872168477376,0.001234,0.0311452168477376,0.0186065,1.165253439127604,1716.3648120166458,80.35369861756317,194.47437126694928,1.0
Llama2-7B,8,2,4,32,32,384,0.02668,0.0040872168477376,0.001674,0.0324412168477376,0.0186065,1.206725439127604,1657.3778385296075,80.5906729370365,188.78999469883,1.0
Llama2-7B,8,2,4,32,32,512,0.027536,0.0040872168477376,0.002114,0.0337372168477376,0.0186065,1.248197439127604,1602.3106099287058,80.82764983570989,183.45903961112248,1.0
Llama2-7B,8,2,4,32,32,640,0.028392,0.0040872168477376,0.002554,0.0350332168477376,0.0186065,1.289669439127604,1550.7849835946322,81.06465188158323,178.44958941247364,1.0
Llama2-7B,8,2,4,32,32,768,0.029248,0.0040872168477376,0.002994,0.0363292168477376,0.0186065,1.331141439127604,1502.469941369077,81.3016236218566,173.73329719522823,1.0
Llama2-7B,8,2,4,32,32,896,0.030104,0.0040872168477376,0.003434,0.0376252168477376,0.0186065,1.372613439127604,1457.0744704868591,81.53859794132993,169.28522360261502,1.0
Llama2-7B,8,2,4,32,32,1024,0.03096,0.0040872168477376,0.003874,0.0389212168477376,0.0186065,1.414085439127604,1414.3416972271957,81.7755748400033,165.08312104328834,1.0
Llama2-7B,8,2,4,32,32,1152,0.032578,0.0040872168477376,0.004314,0.0409792168477376,0.0186065,1.479941439127604,1351.4048239496287,82.62265557268498,158.50929993531864,1.0
Llama2-7B,8,2,4,32,32,1280,0.033434,0.0040872168477376,0.004754,0.0422752168477376,0.0186065,1.521413439127604,1314.5670654433177,82.85962731295834,154.89402126756883,1.0
Llama2-7B,8,2,4,32,32,1408,0.03429,0.0040872168477376,0.005194,0.0435712168477376,0.0186065,1.562885439127604,1279.684326137424,83.09660163243167,151.4592476531636,1.0
Llama2-7B,8,2,4,32,32,1536,0.035146,0.0040872168477376,0.005634,0.0448672168477376,0.0186065,1.604357439127604,1246.604996631881,83.33357853110505,148.19179019501695,1.0
Llama2-7B,8,2,4,32,32,1664,0.036002,0.0040872168477376,0.006074,0.0461632168477376,0.0186065,1.645829439127604,1215.1927486848997,83.57058057697841,145.07975351539227,1.0
Llama2-7B,8,2,4,32,32,1792,0.036858,0.0040872168477376,0.006514,0.0474592168477376,0.0186065,1.687301439127604,1185.324657243268,83.80755231725173,142.1122149825882,1.0
Llama2-7B,8,2,4,32,32,1920,0.037714,0.0040872168477376,0.006954,0.0487552168477376,0.0186065,1.728773439127604,1156.8895927792978,84.04452663672512,139.27939000889108,1.0
Llama2-7B,8,2,4,32,32,2048,0.03857,0.0040872168477376,0.007394,0.0500512168477376,0.0186065,1.770245439127604,1129.786839606615,84.28150353539849,136.57230933270432,1.0
Llama2-7B,8,2,4,32,32,2176,0.04196,0.0040872168477376,0.007834,0.0538812168477376,0.0186065,1.892805439127604,1056.6326356932925,86.22616219375139,128.43506046495378,1.0
Llama2-7B,8,2,4,32,32,2304,0.042816,0.0040872168477376,0.008274,0.0551772168477376,0.0186065,1.934277439127604,1033.97783562116,86.46313393402473,126.21323502607778,1.0
Llama2-7B,8,2,4,32,32,2432,0.043672,0.0040872168477376,0.008714,0.0564732168477376,0.0186065,1.975749439127604,1012.2741074309016,86.7001082534981,124.07851176597435,1.0
Llama2-7B,8,2,4,32,32,2560,0.044528,0.0040872168477376,0.0091539999999999,0.0577692168477376,0.0186065,2.017221439127604,991.4627919406548,86.93708515217146,122.02586736459568,1.0
Llama2-7B,8,2,4,32,32,2688,0.045384,0.0040872168477376,0.009594,0.0590652168477376,0.0186065,2.058693439127604,971.4899566821974,87.1740871980448,120.05068856596604,1.0
Llama2-7B,8,2,4,32,32,2816,0.04624,0.0040872168477376,0.010034,0.0603612168477376,0.0186065,2.100165439127604,952.3059292085044,87.41105893831819,118.1485982622164,1.0
Llama2-7B,8,2,4,32,32,2944,0.047096,0.0040872168477376,0.0104739999999999,0.0616572168477376,0.0186065,2.141637439127604,933.8648846252428,87.64803325779151,116.31565480320984,1.0
Llama2-7B,8,2,4,32,32,3072,0.047952,0.0040872168477376,0.010914,0.0629532168477376,0.0186065,2.1831094391276045,916.1244801356468,87.8850101564649,114.54815512969331,1.0
Llama2-7B,8,2,4,32,32,3200,0.049534,0.0040872168477376,0.011354,0.0649752168477376,0.0186065,2.2478134391276043,889.7535556937577,88.67040128245486,111.8807300067313,1.0
Llama2-7B,8,2,4,32,32,3328,0.05039,0.0040872168477376,0.0117939999999999,0.0662712168477376,0.0186065,2.289285439127604,873.6350504033938,88.90737302272825,110.27407846637256,1.0
Llama2-7B,8,2,4,32,32,3456,0.051246,0.0040872168477376,0.012234,0.0675672168477376,0.0186065,2.330757439127604,858.0901497620423,89.1443473422016,108.72110425960273,1.0
Llama2-7B,8,2,4,32,32,3584,0.052102,0.0040872168477376,0.012674,0.0688632168477376,0.0186065,2.3722294391276044,843.0887700034222,89.38132424087492,107.2191617414818,1.0
Llama2-7B,8,2,4,32,32,3712,0.052958,0.0040872168477376,0.0131139999999999,0.0701592168477376,0.0186065,2.413701439127604,828.602894947467,89.6183262867483,105.76580295558308,1.0
Llama2-7B,8,2,4,32,32,3840,0.053814,0.0040872168477376,0.013554,0.0714552168477376,0.0186065,2.4551734391276043,814.6064013753175,89.85529802702169,104.35864508657328,1.0
Llama2-7B,8,2,4,32,32,3968,0.05467,0.0040872168477376,0.013994,0.0727512168477376,0.0186065,2.4966454391276045,801.0749018085861,90.092272346495,102.99555554519732,1.0
Llama2-7B,8,2,4,32,32,4096,0.055526,0.0040872168477376,0.0144339999999999,0.0740472168477376,0.0186065,2.538117439127604,787.9856027022278,90.32924924516838,101.6744962328103,1.0
Llama2-7B,8,4,2,32,32,128,0.035963,0.0038090618387858,0.000794,0.0405660618387858,0.0332945,1.481408478841146,2700.133053868478,70.31977852661028,244.4171041299748,1.0
Llama2-7B,8,4,2,32,32,256,0.036819,0.0038090618387858,0.001234,0.0418620618387858,0.0332945,1.5228804788411456,2626.6014014729826,70.55545289890182,239.53479487120043,1.0
Llama2-7B,8,4,2,32,32,384,0.037675,0.0038090618387858,0.001674,0.0431580618387858,0.0332945,1.5643524788411458,2556.9684927805743,70.79112985039335,234.8743525228711,1.0
Llama2-7B,8,4,2,32,32,512,0.038531,0.0038090618387858,0.002114,0.0444540618387858,0.0332945,1.6058244788411458,2490.932261094081,71.02680938108486,230.42099018026025,1.0
Llama2-7B,8,4,2,32,32,640,0.039387,0.0038090618387858,0.002554,0.0457500618387858,0.0332945,1.6472964788411455,2428.22105879444,71.26251405897641,226.1612780199571,1.0
Llama2-7B,8,4,2,32,32,768,0.040243,0.0038090618387858,0.002994,0.0470460618387858,0.0332945,1.6887684788411457,2368.5899222520134,71.4981884312679,222.0826865270604,1.0
Llama2-7B,8,4,2,32,32,896,0.041099,0.0038090618387858,0.003434,0.0483420618387858,0.0332945,1.7302404788411456,2311.8173738942114,71.73386538275946,218.1739987066579,1.0
Llama2-7B,8,4,2,32,32,1024,0.041955,0.0038090618387858,0.003874,0.0496380618387858,0.0332945,1.7717124788411458,2257.7026734136616,71.96954491345099,214.42481502041167,1.0
Llama2-7B,8,4,2,32,32,1152,0.045381,0.0038090618387858,0.004314,0.0535040618387858,0.0332945,1.8954244788411456,2110.3452259124474,73.97459581051378,203.7598218706997,1.0
Llama2-7B,8,4,2,32,32,1280,0.046237,0.0038090618387858,0.004754,0.0548000618387858,0.0332945,1.9368964788411456,2065.159415434128,74.21027018280532,200.6246895960088,1.0
Llama2-7B,8,4,2,32,32,1408,0.047093,0.0038090618387858,0.005194,0.0560960618387858,0.0332945,1.9783684788411453,2021.868040650876,74.44594713429682,197.603537506362,1.0
Llama2-7B,8,4,2,32,32,1536,0.047949,0.0038090618387858,0.005634,0.0573920618387858,0.0332945,2.0198404788411457,1980.354410114081,74.6816266649884,194.69026117590664,1.0
Llama2-7B,8,4,2,32,32,1664,0.048805,0.0038090618387858,0.006074,0.0586880618387858,0.0332945,2.061312478841146,1940.5112233390105,74.91733134287988,191.87924224690065,1.0
Llama2-7B,8,4,2,32,32,1792,0.049661,0.0038090618387858,0.006514,0.0599840618387858,0.0332945,2.1027844788411456,1902.239644742108,75.1530057151714,189.1650533496391,1.0
Llama2-7B,8,4,2,32,32,1920,0.050517,0.0038090618387858,0.006954,0.0612800618387858,0.0332945,2.144256478841146,1865.4484850440008,75.38868266666294,186.54285356083832,1.0
Llama2-7B,8,4,2,32,32,2048,0.051373,0.0038090618387858,0.007394,0.0625760618387858,0.0332945,2.185728478841145,1830.0534758648364,75.62436219735449,184.008044588973,1.0
Llama2-7B,8,4,2,32,32,2176,0.054763,0.0038090618387858,0.007834,0.0664060618387858,0.0332945,2.308288478841145,1732.8856582120802,77.56772348772557,177.0532190706443,1.0
Llama2-7B,8,4,2,32,32,2304,0.055619,0.0038090618387858,0.008274,0.0677020618387858,0.0332945,2.3497604788411457,1702.3011647437015,77.80339786001707,174.8579573976903,1.0
Llama2-7B,8,4,2,32,32,2432,0.056475,0.0038090618387858,0.008714,0.0689980618387858,0.0332945,2.391232478841145,1672.7775468901734,78.03907481150866,172.72924925079383,1.0
Llama2-7B,8,4,2,32,32,2560,0.057331,0.0038090618387858,0.0091539999999999,0.0702940618387858,0.0332945,2.4327044788411456,1644.2605482049585,78.27475434220018,170.6641135297661,1.0
Llama2-7B,8,4,2,32,32,2688,0.058187,0.0038090618387858,0.009594,0.0715900618387858,0.0332945,2.4741764788411458,1616.6995500149285,78.5104590200917,168.6597930381608,1.0
Llama2-7B,8,4,2,32,32,2816,0.059043,0.0038090618387858,0.010034,0.0728860618387858,0.0332945,2.515648478841145,1590.0472715657927,78.74613339238321,166.71352529593517,1.0
Llama2-7B,8,4,2,32,32,2944,0.059899,0.0038090618387858,0.0104739999999999,0.0741820618387858,0.0332945,2.5571204788411457,1564.2594993462135,78.9818103438748,164.82289008137613,1.0
Llama2-7B,8,4,2,32,32,3072,0.060755,0.0038090618387858,0.010914,0.0754780618387858,0.0332945,2.5985924788411454,1539.2948423308833,79.21748987456627,162.98553591178975,1.0
Llama2-7B,8,4,2,32,32,3200,0.064145,0.0038090618387858,0.011354,0.0793080618387858,0.0332945,2.7211524788411454,1469.9654029323178,81.16085116493734,158.15895854107367,1.0
Llama2-7B,8,4,2,32,32,3328,0.065001,0.0038090618387858,0.0117939999999999,0.0806040618387858,0.0332945,2.7626244788411456,1447.8985582861062,81.39652553722892,156.52937173510583,1.0
Llama2-7B,8,4,2,32,32,3456,0.065857,0.0038090618387858,0.012234,0.0819000618387858,0.0332945,2.8040964788411453,1426.48444166696,81.63220248872044,154.94215210364968,1.0
Llama2-7B,8,4,2,32,32,3584,0.066713,0.0038090618387858,0.012674,0.0831960618387858,0.0332945,2.845568478841145,1405.6945140287032,81.86788201941197,153.3956687965839,1.0
Llama2-7B,8,4,2,32,32,3712,0.067569,0.0038090618387858,0.0131139999999999,0.0844920618387858,0.0332945,2.8870404788411457,1385.5018761654478,82.10358669730351,151.888415355606,1.0
Llama2-7B,8,4,2,32,32,3840,0.068425,0.0038090618387858,0.013554,0.0857880618387858,0.0332945,2.9285124788411454,1365.8811525989663,82.33926106959505,150.41881817609615,1.0
Llama2-7B,8,4,2,32,32,3968,0.069281,0.0038090618387858,0.013994,0.0870840618387858,0.0332945,2.9699844788411456,1346.80838519424,82.57493802108657,148.9855408067987,1.0
Llama2-7B,8,4,2,32,32,4096,0.070137,0.0038090618387858,0.0144339999999999,0.0883800618387858,0.0332945,3.0114564788411458,1328.2609355653915,82.81061755177811,147.58725343217225,1.0
Llama2-7B,8,8,1,32,32,128,0.059053,0.0032527518208821,0.000794,0.0630997518208821,0.0623185,2.231510558268229,3585.015526974887,66.69007308389644,282.331435675988,1.0
Llama2-7B,8,8,1,32,32,256,0.059909,0.0032527518208821,0.001234,0.0643957518208821,0.0623185,2.272982558268229,3519.604658161192,66.92509877219709,279.2781500784401,1.0
Llama2-7B,8,8,1,32,32,384,0.060765,0.0032527518208821,0.001674,0.0656917518208821,0.0623185,2.314454558268229,3456.537943862649,66.87285121011074,275.1289854772928,1.0
Llama2-7B,8,8,1,32,32,512,0.061621,0.0032527518208821,0.002114,0.0669877518208821,0.0623185,2.355926558268229,3395.691589758452,67.39515788639831,273.4260961620159,1.0
Llama2-7B,8,8,1,32,32,640,0.064285,0.0032527518208821,0.002554,0.0700917518208821,0.0623185,2.455254558268229,3258.3179503972333,68.78948141266181,267.5176223561557,1.0
Llama2-7B,8,8,1,32,32,768,0.065141,0.0032527518208821,0.002994,0.0713877518208821,0.0623185,2.496726558268229,3204.195498905148,69.02450710096247,264.9042350476754,1.0
Llama2-7B,8,8,1,32,32,896,0.065997,0.0032527518208821,0.003434,0.0726837518208821,0.0623185,2.5381985582682294,3151.8416768222683,68.9739178945755,261.2767167241523,1.0
Llama2-7B,8,8,1,32,32,1024,0.066853,0.0032527518208821,0.003874,0.0739797518208821,0.0623185,2.579670558268229,3101.171184188154,69.49456621516366,259.8782635602132,1.0
Llama2-7B,8,8,1,32,32,1152,0.070279,0.0032527518208821,0.004314,0.0778457518208821,0.0623185,2.703382558268229,2959.2556094335214,71.49896842823553,254.33973316437184,1.0
Llama2-7B,8,8,1,32,32,1280,0.071135,0.0032527518208821,0.004754,0.0791417518208821,0.0623185,2.744854558268229,2914.5442245389218,71.73399411653615,252.1051314983348,1.0
Llama2-7B,8,8,1,32,32,1408,0.071991,0.0032527518208821,0.005194,0.0804377518208821,0.0623185,2.7863265582682293,2871.163818275557,71.6834049101492,248.93182797207007,1.0
Llama2-7B,8,8,1,32,32,1536,0.072847,0.0032527518208821,0.005634,0.0817337518208821,0.0623185,2.827798558268229,2829.055830942667,72.2040532307374,247.7935029264672,1.0
Llama2-7B,8,8,1,32,32,1664,0.075511,0.0032527518208821,0.006074,0.0848377518208821,0.0623185,2.927126558268229,2733.055725726129,73.59837675700095,243.66773303558745,1.0
Llama2-7B,8,8,1,32,32,1792,0.076367,0.0032527518208821,0.006514,0.0861337518208821,0.0623185,2.968598558268229,2694.874312903697,73.8334024453016,241.70584953350783,1.0
Llama2-7B,8,8,1,32,32,1920,0.077223,0.0032527518208821,0.006954,0.0874297518208821,0.0623185,3.010070558268229,2657.7450080115746,73.78281323891461,238.86281690336628,1.0
Llama2-7B,8,8,1,32,32,2048,0.078079,0.0032527518208821,0.007394,0.0887257518208821,0.0623185,3.051542558268229,2621.624915020046,74.30346155950282,237.91115908087585,1.0
Llama2-7B,8,8,1,32,32,2176,0.081469,0.0032527518208821,0.007834,0.0925557518208821,0.0623185,3.174102558268229,2520.397451922521,76.24617416588299,233.97296568597565,1.0
Llama2-7B,8,8,1,32,32,2304,0.082325,0.0032527518208821,0.008274,0.0938517518208821,0.0623185,3.215574558268229,2487.891309946319,76.4811998541836,232.2538714065703,1.0
Llama2-7B,8,8,1,32,32,2432,0.083181,0.0032527518208821,0.008714,0.0951477518208821,0.0623185,3.2570465582682293,2456.21296990412,76.43061064779666,229.7117450132741,1.0
Llama2-7B,8,8,1,32,32,2560,0.084037,0.0032527518208821,0.0091539999999999,0.0964437518208821,0.0623185,3.298518558268229,2425.3312081409413,76.95125896838482,228.92076992391696,1.0
Llama2-7B,8,8,1,32,32,2688,0.086701,0.0032527518208821,0.009594,0.0995477518208821,0.0623185,3.3978465582682293,2354.4323920493152,78.34558249464837,225.9073785038477,1.0
Llama2-7B,8,8,1,32,32,2816,0.087557,0.0032527518208821,0.010034,0.1008437518208821,0.0623185,3.439318558268229,2326.042169245344,78.58060818294905,224.3698624408928,1.0
Llama2-7B,8,8,1,32,32,2944,0.088413,0.0032527518208821,0.0104739999999999,0.1021397518208821,0.0623185,3.4807905582682293,2298.328459032645,78.53001897656205,222.05450266522467,1.0
Llama2-7B,8,8,1,32,32,3072,0.089269,0.0032527518208821,0.010914,0.1034357518208821,0.0623185,3.522262558268229,2271.2673651260443,79.05066729715024,221.3833113879125,1.0
Llama2-7B,8,8,1,32,32,3200,0.092659,0.0032527518208821,0.011354,0.1072657518208821,0.0623185,3.644822558268229,2194.894229309493,80.99337990353041,218.5253993231376,1.0
Llama2-7B,8,8,1,32,32,3328,0.093515,0.0032527518208821,0.0117939999999999,0.1085617518208821,0.0623185,3.686294558268229,2170.2009629307245,81.22840559183103,217.1534127996338,1.0
Llama2-7B,8,8,1,32,32,3456,0.094371,0.0032527518208821,0.012234,0.1098577518208821,0.0623185,3.727766558268229,2146.057129638633,81.17781638544406,215.04968789523284,1.0
Llama2-7B,8,8,1,32,32,3584,0.095227,0.0032527518208821,0.012674,0.1111537518208821,0.0623185,3.7692385582682295,2122.444593603963,81.69846470603224,214.48345717609573,1.0
Llama2-7B,8,8,1,32,32,3712,0.097891,0.0032527518208821,0.0131139999999999,0.1142577518208821,0.0623185,3.868566558268229,2067.949427650849,83.09278823229576,212.207425177738,1.0
Llama2-7B,8,8,1,32,32,3840,0.098747,0.0032527518208821,0.013554,0.1155537518208821,0.0623185,3.910038558268229,2046.01562894644,83.32781392059641,210.9628999377105,1.0
Llama2-7B,8,8,1,32,32,3968,0.099603,0.0032527518208821,0.013994,0.1168497518208821,0.0623185,3.951510558268229,2024.542230631428,83.27722471420945,209.022882629563,1.0
Llama2-7B,8,8,1,32,32,4096,0.100459,0.0032527518208821,0.0144339999999999,0.1181457518208821,0.0623185,3.9929825582682295,2003.514887244994,83.79787303479765,208.53749548272845,1.0
Llama2-7B,8,32,1,32,8,128,0.210075,0.00032238887363,0.003176,0.2135733888736301,0.237748,7.222096443956164,4430.846395962949,61.4167850899693,292.3564683563933,1.0
Llama2-7B,8,32,1,32,8,256,0.215259,0.00032238887363,0.004936,0.2205173888736301,0.237748,7.444304443956163,4298.5883020918045,61.93500895640718,287.72320300850225,1.0
Llama2-7B,8,32,1,32,8,384,0.220443,0.00032238887363,0.006696,0.2274613888736301,0.237748,7.666512443956163,4173.997007625932,62.45323282284506,283.3078520200009,1.0
Llama2-7B,8,32,1,32,8,512,0.225627,0.00032238887363,0.008456,0.23440538887363,0.237748,7.888720443956163,4056.424641656096,62.97145668928293,279.0953950071708,1.0
Llama2-7B,8,32,1,32,8,640,0.230811,0.00032238887363,0.010216,0.24134938887363,0.237748,8.110928443956162,3945.294329879672,63.4896805557208,275.0721610136466,1.0
Llama2-7B,8,32,1,32,8,768,0.235995,0.00032238887363,0.011976,0.2482933888736301,0.237748,8.333136443956164,3840.090728768623,64.00790442215869,271.2256802989837,1.0
Llama2-7B,8,32,1,32,8,896,0.241179,0.00032238887363,0.013736,0.2552373888736301,0.237748,8.555344443956164,3740.352034874069,64.52612828859651,267.54455524152826,1.0
Llama2-7B,8,32,1,32,8,1024,0.246363,0.00032238887363,0.015496,0.2621813888736301,0.237748,8.777552443956163,3645.663207860842,65.04435215503443,264.0183475401517,1.0
Llama2-7B,8,32,1,32,8,1152,0.2541975,0.00032238887363,0.017256,0.2717758888736301,0.237748,9.084576443956164,3522.453710132973,66.06262811211568,259.887009557984,1.0
Llama2-7B,8,32,1,32,8,1280,0.2593815,0.00032238887363,0.019016,0.2787198888736301,0.237748,9.306784443956165,3438.351902603787,66.58085197855353,256.69082790620587,1.0
Llama2-7B,8,32,1,32,8,1408,0.2645655,0.00032238887363,0.020776,0.2856638888736301,0.237748,9.528992443956165,3358.1724603314424,67.09907584499142,253.6199007239848,1.0
Llama2-7B,8,32,1,32,8,1536,0.2697495,0.00032238887363,0.022536,0.2926078888736301,0.237748,9.751200443956163,3281.647237580245,67.61729971142925,250.6670066540597,1.0
Llama2-7B,8,32,1,32,8,1664,0.2749335,0.00032238887363,0.024296,0.2995518888736301,0.237748,9.973408443956163,3208.531985811916,68.13552357786713,247.825468987472,1.0
Llama2-7B,8,32,1,32,8,1792,0.2801175,0.00032238887363,0.026056,0.3064958888736301,0.237748,10.195616443956164,3138.603749552505,68.65374744430501,245.08910526584376,1.0
Llama2-7B,8,32,1,32,8,1920,0.2853015,0.00032238887363,0.027816,0.3134398888736301,0.237748,10.417824443956164,3071.6585955299524,69.17197131074289,242.4521823780908,1.0
Llama2-7B,8,32,1,32,8,2048,0.2904855,0.00032238887363,0.029576,0.3203838888736301,0.237748,10.640032443956164,3007.509626361797,69.69019517718074,239.9093764651961,1.0
Llama2-7B,8,32,1,32,8,2176,0.2982915,0.00032238887363,0.031336,0.3299498888736301,0.237748,10.946144443956165,2923.4037759906023,70.68341727674189,236.9608831520237,1.0
Llama2-7B,8,32,1,32,8,2304,0.3034755,0.00032238887363,0.033096,0.3368938888736301,0.237748,11.168352443956165,2865.2390905980974,71.20164114317976,234.62072273768308,1.0
Llama2-7B,8,32,1,32,8,2432,0.3086595,0.00032238887363,0.034856,0.3438378888736301,0.237748,11.390560443956163,2809.34376824094,71.71986500961765,232.3591692775296,1.0
Llama2-7B,8,32,1,32,8,2560,0.3138435,0.00032238887363,0.0366159999999999,0.3507818888736301,0.237748,11.612768443956163,2755.5875374966527,72.23808887605551,230.1723275328484,1.0
Llama2-7B,8,32,1,32,8,2688,0.3190275,0.00032238887363,0.038376,0.3577258888736301,0.237748,11.834976443956164,2703.849910604733,72.75631274249338,228.05655544582623,1.0
Llama2-7B,8,32,1,32,8,2816,0.3242115,0.00032238887363,0.040136,0.3646698888736301,0.237748,12.057184443956164,2654.019281926176,73.27453660893126,226.00844389829248,1.0
Llama2-7B,8,32,1,32,8,2944,0.3293955,0.00032238887363,0.0418959999999999,0.3716138888736301,0.237748,12.279392443956164,2605.9921242887053,73.79276047536908,224.02479838179053,1.0
Llama2-7B,8,32,1,32,8,3072,0.3345795,0.00032238887363,0.043656,0.37855788887363,0.237748,12.501600443956162,2559.672271038725,74.31098434180697,222.1026223716844,1.0
Llama2-7B,8,32,1,32,8,3200,0.3423855,0.00032238887363,0.045416,0.3881238888736301,0.237748,12.807712443956165,2498.494570363382,75.3042064413681,219.93982350703544,1.0
Llama2-7B,8,32,1,32,8,3328,0.3475695,0.00032238887363,0.0471759999999999,0.3950678888736301,0.237748,13.029920443956163,2455.886061441225,75.82243030780599,218.1504139684465,1.0
Llama2-7B,8,32,1,32,8,3456,0.3527535,0.00032238887363,0.048936,0.4020118888736301,0.237748,13.252128443956163,2414.706447747576,76.34065417424387,216.4135980911425,1.0
Llama2-7B,8,32,1,32,8,3584,0.3579375,0.00032238887363,0.050696,0.4089558888736301,0.237748,13.474336443956163,2374.885036684193,76.85887804068172,214.72709073701884,1.0
Llama2-7B,8,32,1,32,8,3712,0.3631215,0.00032238887363,0.0524559999999999,0.4158998888736301,0.237748,13.696544443956164,2336.3557232218927,77.37710190711961,213.0887372604475,1.0
Llama2-7B,8,32,1,32,8,3840,0.3683055,0.00032238887363,0.054216,0.4228438888736301,0.237748,13.918752443956164,2299.0566237058924,77.89532577355746,211.49650432469093,1.0
Llama2-7B,8,32,1,32,8,3968,0.3734895,0.00032238887363,0.055976,0.42978788887363,0.237748,14.140960443956162,2262.9297441869858,78.41354963999534,209.9484714831215,1.0
Llama2-7B,8,32,1,32,8,4096,0.3786735,0.00032238887363,0.0577359999999999,0.4367318888736301,0.237748,14.363168443956164,2227.920679539561,78.93177350643317,208.4428234519532,1.0
Llama2-7B,20,1,20,32,32,128,0.0180335,0.0083673980058942,0.000794,0.0271948980058942,0.0094145,1.029651236188616,971.202641101686,207.06565416373653,358.8211768440271,1.0
Llama2-7B,20,1,20,32,32,256,0.0188895,0.0083673980058942,0.001234,0.0284908980058942,0.0094145,1.071123236188616,933.5993900742044,207.3130048478644,342.9699781093074,1.0
Llama2-7B,20,1,20,32,32,384,0.0197455,0.0083673980058942,0.001674,0.0297868980058942,0.0094145,1.112595236188616,898.7994622605701,207.5603581111924,328.4931346876382,1.0
Llama2-7B,20,1,20,32,32,512,0.0206015,0.0083673980058942,0.002114,0.0310828980058942,0.0094145,1.154067236188616,866.5006410740563,207.8077139537204,315.2193316532176,1.0
Llama2-7B,20,1,20,32,32,640,0.0214575,0.0083673980058942,0.002554,0.0323788980058942,0.0094145,1.195539236188616,836.4426442314048,208.05509494344832,303.00462388361933,1.0
Llama2-7B,20,1,20,32,32,768,0.0223135,0.0083673980058942,0.002994,0.0336748980058942,0.0094145,1.237011236188616,808.4000943120963,208.30244562757628,291.72704532510625,1.0
Llama2-7B,20,1,20,32,32,896,0.0231695,0.0083673980058942,0.003434,0.0349708980058942,0.0094145,1.278483236188616,782.1768574621099,208.5497988909044,281.282773272654,1.0
Llama2-7B,20,1,20,32,32,1024,0.0240255,0.0083673980058942,0.003874,0.0362668980058942,0.0094145,1.3199552361886162,757.6014493396835,208.7971547334322,271.58273856609674,1.0
Llama2-7B,20,1,20,32,32,1152,0.0256435,0.0083673980058942,0.004314,0.0383248980058942,0.0094145,1.385811236188616,721.5989983962685,209.65461440996856,255.491906343187,1.0
Llama2-7B,20,1,20,32,32,1280,0.0264995,0.0083673980058942,0.004754,0.0396208980058942,0.0094145,1.427283236188616,700.6317839690857,209.9019650940965,247.53057262176705,1.0
Llama2-7B,20,1,20,32,32,1408,0.0273555,0.0083673980058942,0.005194,0.0409168980058942,0.0094145,1.468755236188616,680.8486365604222,210.14931835742445,240.06748912173103,1.0
Llama2-7B,20,1,20,32,32,1536,0.0282115,0.0083673980058942,0.005634,0.0422128980058942,0.0094145,1.5102272361886162,662.1520100006377,210.39667419995249,233.05730176518483,1.0
Llama2-7B,20,1,20,32,32,1664,0.0290675,0.0083673980058942,0.006074,0.0435088980058942,0.0094145,1.5516992361886162,644.4547865192385,210.6440551896804,226.4600232107168,1.0
Llama2-7B,20,1,20,32,32,1792,0.0299235,0.0083673980058942,0.006514,0.0448048980058942,0.0094145,1.593171236188616,627.6789194313635,210.8914058738084,220.2401601937109,1.0
Llama2-7B,20,1,20,32,32,1920,0.0307795,0.0083673980058942,0.006954,0.0461008980058942,0.0094145,1.6346432361886165,611.7542824400206,211.1387591371364,214.36625751021003,1.0
Llama2-7B,20,1,20,32,32,2048,0.0316355,0.0083673980058942,0.007394,0.0473968980058942,0.0094145,1.676115236188616,596.6176897681206,211.38611497966428,208.81023195822755,1.0
Llama2-7B,20,1,20,32,32,2176,0.0332175,0.0083673980058942,0.007834,0.0494188980058942,0.0094145,1.740819236188616,574.4421817106179,212.18188504950888,199.6141764972424,1.0
Llama2-7B,20,1,20,32,32,2304,0.0340735,0.0083673980058942,0.008274,0.0507148980058942,0.0094145,1.782291236188616,561.0755300230697,212.4292357336368,194.82629071495887,1.0
Llama2-7B,20,1,20,32,32,2432,0.0349295,0.0083673980058942,0.008714,0.0520108980058942,0.0094145,1.823763236188616,548.3167881428764,212.6765889969648,190.27307594311824,1.0
Llama2-7B,20,1,20,32,32,2560,0.0357855,0.0083673980058942,0.0091539999999999,0.0533068980058942,0.0094145,1.865235236188616,536.1254069183144,212.9239448394928,185.93769197675445,1.0
Llama2-7B,20,1,20,32,32,2688,0.0366415,0.0083673980058942,0.009594,0.0546028980058942,0.0094145,1.906707236188616,524.4643650689317,213.1713258292208,181.8048915072567,1.0
Llama2-7B,20,1,20,32,32,2816,0.0374975,0.0083673980058942,0.010034,0.0558988980058942,0.0094145,1.9481792361886163,513.2997936865308,213.41867651334863,177.86075447808912,1.0
Llama2-7B,20,1,20,32,32,2944,0.0383535,0.0083673980058942,0.0104739999999999,0.0571948980058942,0.0094145,1.989651236188616,502.6006476972336,213.66602977667668,174.09267551908283,1.0
Llama2-7B,20,1,20,32,32,3072,0.0392095,0.0083673980058942,0.010914,0.0584908980058942,0.0094145,2.031123236188616,492.33841757257954,213.91338561920463,170.48912382458695,1.0
Llama2-7B,20,1,20,32,32,3200,0.0407915,0.0083673980058942,0.011354,0.0605128980058942,0.0094145,2.095827236188616,477.13856501767685,214.7091556890492,164.48674638791877,1.0
Llama2-7B,20,1,20,32,32,3328,0.0416475,0.0083673980058942,0.0117939999999999,0.0618088980058942,0.0094145,2.137299236188616,467.88020276621216,214.9565063731772,161.29157390387874,1.0
Llama2-7B,20,1,20,32,32,3456,0.0425035,0.0083673980058942,0.012234,0.0631048980058942,0.0094145,2.178771236188616,458.97429862775647,215.2038596365052,158.22510178316574,1.0
Llama2-7B,20,1,20,32,32,3584,0.0433595,0.0083673980058942,0.012674,0.0644008980058942,0.0094145,2.220243236188616,450.4011018705552,215.45121547903315,155.27970764699288,1.0
Llama2-7B,20,1,20,32,32,3712,0.0442155,0.0083673980058942,0.0131139999999999,0.0656968980058942,0.0094145,2.261715236188616,442.1423104020709,215.69859646876105,152.44837533554488,1.0
Llama2-7B,20,1,20,32,32,3840,0.0450715,0.0083673980058942,0.013554,0.0669928980058942,0.0094145,2.303187236188616,434.180940345445,215.945947152889,149.72456759876607,1.0
Llama2-7B,20,1,20,32,32,3968,0.0459275,0.0083673980058942,0.013994,0.0682888980058942,0.0094145,2.344659236188616,426.5012094574391,216.19330041621703,147.10229466020965,1.0
Llama2-7B,20,1,20,32,32,4096,0.0467835,0.0083673980058942,0.0144339999999999,0.0695848980058942,0.0094145,2.386131236188616,419.08843270385535,216.44065625874487,144.5759831582883,1.0
Llama2-7B,20,2,10,32,32,128,0.0189915,0.0078054113551548,0.000794,0.0275909113551548,0.0108005,1.0437096633649554,1916.2417195141527,117.60313512416346,387.025561185805,1.0
Llama2-7B,20,2,10,32,32,256,0.0198475,0.0078054113551548,0.001234,0.0288869113551548,0.0108005,1.0851816633649554,1843.009394204428,117.84399896838224,371.0920738392187,1.0
Llama2-7B,20,2,10,32,32,384,0.0207035,0.0078054113551548,0.001674,0.0301829113551548,0.0108005,1.126653663364955,1775.1684169087398,118.08486539180116,356.4761555769589,1.0
Llama2-7B,20,2,10,32,32,512,0.0215595,0.0078054113551548,0.002114,0.0314789113551548,0.0108005,1.1681256633649553,1712.1445600627503,118.32573439441995,343.0208678147103,1.0
Llama2-7B,20,2,10,32,32,640,0.0224155,0.0078054113551548,0.002554,0.0327749113551548,0.0108005,1.2095976633649552,1653.4423474630737,118.5666285442388,330.5933074887877,1.0
Llama2-7B,20,2,10,32,32,768,0.0232715,0.0078054113551548,0.002994,0.0340709113551548,0.0108005,1.2510696633649554,1598.6320015311337,118.80749238845765,319.0799163903745,1.0
Llama2-7B,20,2,10,32,32,896,0.0241275,0.0078054113551548,0.003434,0.0353669113551548,0.0108005,1.2925416633649554,1547.3389034077816,119.0483588118765,308.38348049911014,1.0
Llama2-7B,20,2,10,32,32,1024,0.0249835,0.0078054113551548,0.003874,0.0366629113551548,0.0108005,1.3340136633649553,1499.2350190440638,119.28922781449532,298.4200267538958,1.0
Llama2-7B,20,2,10,32,32,1152,0.0266015,0.0078054113551548,0.004314,0.0387209113551548,0.0108005,1.3998696633649552,1428.7044375206142,120.14020065112246,282.2683886508337,1.0
Llama2-7B,20,2,10,32,32,1280,0.0274575,0.0078054113551548,0.004754,0.0400169113551548,0.0108005,1.4413416633649554,1387.5960508425194,120.38106449534128,274.0168089213814,1.0
Llama2-7B,20,2,10,32,32,1408,0.0283135,0.0078054113551548,0.005194,0.0413129113551548,0.0108005,1.4828136633649551,1348.7871398901136,120.62193091876011,266.2641737129818,1.0
Llama2-7B,20,2,10,32,32,1536,0.0291695,0.0078054113551548,0.005634,0.0426089113551548,0.0108005,1.5242856633649553,1312.0900157158703,120.86279992137896,258.9665573659537,1.0
Llama2-7B,20,2,10,32,32,1664,0.0300255,0.0078054113551548,0.006074,0.0439049113551548,0.0108005,1.5657576633649557,1277.3368745338396,121.10369407119778,252.08509032155536,1.0
Llama2-7B,20,2,10,32,32,1792,0.0308815,0.0078054113551548,0.006514,0.0452009113551548,0.0108005,1.6072296633649552,1244.377232195134,121.34455791541664,245.58505479699951,1.0
Llama2-7B,20,2,10,32,32,1920,0.0317375,0.0078054113551548,0.006954,0.0464969113551548,0.0108005,1.6487016633649554,1213.075745867845,121.58542433883548,239.43565249869127,1.0
Llama2-7B,20,2,10,32,32,2048,0.0325935,0.0078054113551548,0.007394,0.0477929113551548,0.0108005,1.6901736633649551,1183.3103564152182,121.82629334145427,233.60925748510883,1.0
Llama2-7B,20,2,10,32,32,2176,0.0341755,0.0078054113551548,0.007834,0.0498149113551548,0.0108005,1.7548776633649552,1139.6805838676105,122.61557657138974,224.23881247419524,1.0
Llama2-7B,20,2,10,32,32,2304,0.0350315,0.0078054113551548,0.008274,0.0511109113551548,0.0108005,1.7963496633649554,1113.3689842174508,122.8564404156086,219.1892304347669,1.0
Llama2-7B,20,2,10,32,32,2432,0.0358875,0.0078054113551548,0.008714,0.0524069113551548,0.0108005,1.837821663364956,1088.2448715606631,123.09730683902744,214.38054134278545,1.0
Llama2-7B,20,2,10,32,32,2560,0.0367435,0.0078054113551548,0.0091539999999999,0.0537029113551548,0.0108005,1.8792936633649555,1064.2296299871064,123.33817584164623,209.79590921123167,1.0
Llama2-7B,20,2,10,32,32,2688,0.0375995,0.0078054113551548,0.009594,0.0549989113551548,0.0108005,1.9207656633649552,1041.2514332936562,123.57906999146512,205.42006873672705,1.0
Llama2-7B,20,2,10,32,32,2816,0.0384555,0.0078054113551548,0.010034,0.0562949113551548,0.0108005,1.9622376633649552,1019.2445274800648,123.81993383568394,201.238987003946,1.0
Llama2-7B,20,2,10,32,32,2944,0.0393115,0.0078054113551548,0.0104739999999999,0.0575909113551548,0.0108005,2.003709663364955,998.1486023485432,124.06080025910278,197.23999379809788,1.0
Llama2-7B,20,2,10,32,32,3072,0.0401675,0.0078054113551548,0.010914,0.0588869113551548,0.0108005,2.045181663364956,977.9082395592098,124.3016692617216,193.41144778384515,1.0
Llama2-7B,20,2,10,32,32,3200,0.0417495,0.0078054113551548,0.011354,0.0609089113551548,0.0108005,2.109885663364956,947.9186643745878,125.09095249165703,187.26414761203293,1.0
Llama2-7B,20,2,10,32,32,3328,0.0426055,0.0078054113551548,0.0117939999999999,0.0622049113551548,0.0108005,2.151357663364956,929.645513648244,125.33181633587589,183.85510135997103,1.0
Llama2-7B,20,2,10,32,32,3456,0.0434615,0.0078054113551548,0.012234,0.0635009113551548,0.0108005,2.192829663364956,912.063546664608,125.57268275929476,180.5803451895568,1.0
Llama2-7B,20,2,10,32,32,3584,0.0443175,0.0078054113551548,0.012674,0.0647969113551548,0.0108005,2.234301663364956,895.13427519358,125.81355176191356,177.4320975939436,1.0
Llama2-7B,20,2,10,32,32,3712,0.0451735,0.0078054113551548,0.0131139999999999,0.0660929113551548,0.0108005,2.2757736633649555,878.8220165281301,126.05444591173244,174.40319810249986,1.0
Llama2-7B,20,2,10,32,32,3840,0.0460295,0.0078054113551548,0.013554,0.0673889113551548,0.0108005,2.317245663364956,863.093642430526,126.29530975595128,171.48691295249685,1.0
Llama2-7B,20,2,10,32,32,3968,0.0468855,0.0078054113551548,0.013994,0.0686849113551548,0.0108005,2.358717663364956,847.9183545633828,126.53617617937007,168.67711789808422,1.0
Llama2-7B,20,2,10,32,32,4096,0.0477415,0.0078054113551548,0.0144339999999999,0.0699809113551548,0.0108005,2.4001896633649555,833.2674832021783,126.77704518198892,165.96808487111437,1.0
Llama2-7B,20,4,5,32,32,128,0.02401,0.0072859994506835,0.000794,0.0320899994506835,0.0172205,1.194100482421875,3349.8018457267503,93.11075393066464,484.7498642787622,1.0
Llama2-7B,20,4,5,32,32,256,0.024866,0.0072859994506835,0.001234,0.0333859994506835,0.0172205,1.235572482421875,3237.365720673469,93.34837435492892,469.257089775843,1.0
Llama2-7B,20,4,5,32,32,384,0.025722,0.0072859994506835,0.001674,0.0346819994506835,0.0172205,1.277044482421875,3132.232318496945,93.58599735839316,454.7954929554137,1.0
Llama2-7B,20,4,5,32,32,512,0.026578,0.0072859994506835,0.002114,0.0359779994506835,0.0172205,1.318516482421875,3033.712549920292,93.82362294105744,441.2654401246211,1.0
Llama2-7B,20,4,5,32,32,640,0.027434,0.0072859994506835,0.002554,0.0372739994506836,0.0172205,1.359988482421875,2941.201379056371,94.06127367092172,428.579835564089,1.0
Llama2-7B,20,4,5,32,32,768,0.02829,0.0072859994506835,0.002994,0.0385699994506835,0.0172205,1.401460482421875,2854.165386873819,94.29889409518596,416.6617802014227,1.0
Llama2-7B,20,4,5,32,32,896,0.029146,0.0072859994506835,0.003434,0.0398659994506835,0.0172205,1.442932482421875,2772.1324793286526,94.53651709865026,405.44378773523925,1.0
Llama2-7B,20,4,5,32,32,1024,0.030002,0.0072859994506835,0.003874,0.0411619994506836,0.0172205,1.4844044824218752,2694.6833207306227,94.77414268131452,394.8659367763586,1.0
Llama2-7B,20,4,5,32,32,1152,0.03162,0.0072859994506835,0.004314,0.0432199994506836,0.0172205,1.550260482421875,2580.2115485463773,95.6218720979871,378.0118283443513,1.0
Llama2-7B,20,4,5,32,32,1280,0.032476,0.0072859994506835,0.004754,0.0445159994506835,0.0172205,1.591732482421875,2512.9850927675134,95.85949252225136,368.96282070702745,1.0
Llama2-7B,20,4,5,32,32,1408,0.033332,0.0072859994506835,0.005194,0.0458119994506835,0.0172205,1.633204482421875,2449.172802947742,96.09711552571564,360.3785983653684,1.0
Llama2-7B,20,4,5,32,32,1536,0.034188,0.0072859994506835,0.005634,0.0471079994506836,0.0172205,1.6746764824218752,2388.5210319639173,96.33474110837992,352.2242494017636,1.0
Llama2-7B,20,4,5,32,32,1664,0.035044,0.0072859994506835,0.006074,0.0484039994506836,0.0172205,1.7161484824218751,2330.800650975778,96.5723918382442,344.46835349219623,1.0
Llama2-7B,20,4,5,32,32,1792,0.0359,0.0072859994506835,0.006514,0.0496999994506835,0.0172205,1.757620482421875,2275.8041568156323,96.81001226250844,337.08221539870635,1.0
Llama2-7B,20,4,5,32,32,1920,0.036756,0.0072859994506835,0.006954,0.0509959994506835,0.0172205,1.799092482421875,2223.3431794542,97.04763526597272,330.04011340316123,1.0
Llama2-7B,20,4,5,32,32,2048,0.037612,0.0072859994506835,0.007394,0.0522919994506835,0.0172205,1.840564482421875,2173.2463264403914,97.28526084863702,323.3185580686916,1.0
Llama2-7B,20,4,5,32,32,2176,0.039194,0.0072859994506835,0.007834,0.0543139994506835,0.0172205,1.905268482421875,2099.4416466257894,98.07130065861789,312.77523555460647,1.0
Llama2-7B,20,4,5,32,32,2304,0.04005,0.0072859994506835,0.008274,0.0556099994506835,0.0172205,1.946740482421875,2054.7166076413705,98.3089210828822,306.83183858577456,1.0
Llama2-7B,20,4,5,32,32,2432,0.040906,0.0072859994506835,0.008714,0.0569059994506835,0.0172205,1.988212482421875,2011.8574022468329,98.54654408634644,301.1371928517408,1.0
Llama2-7B,20,4,5,32,32,2560,0.041762,0.0072859994506835,0.0091539999999999,0.0582019994506835,0.0172205,2.029684482421875,1970.7496582065264,98.78416966901074,295.6760023137385,1.0
Llama2-7B,20,4,5,32,32,2688,0.044426,0.0072859994506835,0.009594,0.0613059994506835,0.0172205,2.1290124824218752,1878.805330182831,100.1810879312379,281.87628846632015,1.0
Llama2-7B,20,4,5,32,32,2816,0.045282,0.0072859994506835,0.010034,0.0626019994506836,0.0172205,2.170484482421875,1842.9065180584523,100.4187083555022,277.2037132732161,1.0
Llama2-7B,20,4,5,32,32,2944,0.046138,0.0072859994506835,0.0104739999999999,0.0638979994506836,0.0172205,2.211956482421875,1808.353840497076,100.65633135896644,272.7045259844555,1.0
Llama2-7B,20,4,5,32,32,3072,0.046994,0.0072859994506835,0.010914,0.0651939994506836,0.0172205,2.253428482421876,1775.07297489246,100.8939569416307,268.3692517705205,1.0
Llama2-7B,20,4,5,32,32,3200,0.048576,0.0072859994506835,0.011354,0.0672159994506836,0.0172205,2.318132482421875,1725.5269189019727,101.67999675161164,261.651836173243,1.0
Llama2-7B,20,4,5,32,32,3328,0.049432,0.0072859994506835,0.0117939999999999,0.0685119994506835,0.0172205,2.359604482421875,1695.1993564169022,101.91761717587592,257.7217621578023,1.0
Llama2-7B,20,4,5,32,32,3456,0.050288,0.0072859994506835,0.012234,0.0698079994506836,0.0172205,2.401076482421875,1665.919444584019,102.15524017934015,253.92548962809263,1.0
Llama2-7B,20,4,5,32,32,3584,0.051144,0.0072859994506835,0.012674,0.0711039994506836,0.0172205,2.442548482421876,1637.6338192615342,102.39286576200443,250.25630025517268,1.0
Llama2-7B,20,4,5,32,32,3712,0.052,0.0072859994506835,0.0131139999999999,0.0723999994506836,0.0172205,2.484020482421875,1610.292680074873,102.6305164918687,246.70797233622287,1.0
Llama2-7B,20,4,5,32,32,3840,0.052856,0.0072859994506835,0.013554,0.0736959994506836,0.0172205,2.525492482421875,1583.8494978073006,102.86813691613295,243.2745026963187,1.0
Llama2-7B,20,4,5,32,32,3968,0.053712,0.0072859994506835,0.013994,0.0749919994506836,0.0172205,2.566964482421876,1558.2607501550185,103.10575991959723,239.9504764289108,1.0
Llama2-7B,20,4,5,32,32,4096,0.054568,0.0072859994506835,0.0144339999999999,0.0762879994506836,0.0172205,2.608436482421875,1533.485682689919,103.34338550226153,236.73074306888088,1.0
Llama2-7B,20,5,4,32,32,128,0.024968,0.007115700465611,0.000794,0.032877700465611,0.0186065,1.2206929148995536,4096.034259698667,80.11672687728982,501.37129824481474,1.0
Llama2-7B,20,5,4,32,32,256,0.025824,0.007115700465611,0.001234,0.034173700465611,0.0186065,1.2621649148995535,3961.447462986969,80.35369861756317,486.1859281673732,1.0
Llama2-7B,20,5,4,32,32,384,0.02668,0.007115700465611,0.001674,0.035469700465611,0.0186065,1.3036369148995537,3835.42376167313,80.5906729370365,471.97498674707487,1.0
Llama2-7B,20,5,4,32,32,512,0.027536,0.007115700465611,0.002114,0.036765700465611,0.0186065,1.3451089148995534,3717.171111287577,80.82764983570989,458.647599027806,1.0
Llama2-7B,20,5,4,32,32,640,0.028392,0.007115700465611,0.002554,0.038061700465611,0.0186065,1.3865809148995536,3605.992226109797,81.06465188158323,446.123973531184,1.0
Llama2-7B,20,5,4,32,32,768,0.029248,0.007115700465611,0.002994,0.039357700465611,0.0186065,1.428052914899553,3501.2708197522857,81.3016236218566,434.3332429880707,1.0
Llama2-7B,20,5,4,32,32,896,0.030104,0.007115700465611,0.003434,0.040653700465611,0.0186065,1.4695249148995535,3402.4601756015586,81.53859794132993,423.21305900653766,1.0
Llama2-7B,20,5,4,32,32,1024,0.03096,0.007115700465611,0.003874,0.041949700465611,0.0186065,1.5109969148995537,3309.073599486723,81.7755748400033,412.7078026082209,1.0
Llama2-7B,20,5,4,32,32,1152,0.032578,0.007115700465611,0.004314,0.044007700465611,0.0186065,1.5768529148995536,3170.872788930033,82.62265557268498,396.27324983829664,1.0
Llama2-7B,20,5,4,32,32,1280,0.033434,0.007115700465611,0.004754,0.045303700465611,0.0186065,1.6183249148995535,3089.614424128384,82.85962731295834,387.2350531689221,1.0
Llama2-7B,20,5,4,32,32,1408,0.03429,0.007115700465611,0.005194,0.046599700465611,0.0186065,1.6597969148995535,3012.4167331053186,83.09660163243167,378.64811913290913,1.0
Llama2-7B,20,5,4,32,32,1536,0.035146,0.007115700465611,0.005634,0.047895700465611,0.0186065,1.7012689148995537,2938.9827535261884,83.33357853110505,370.4794754875424,1.0
Llama2-7B,20,5,4,32,32,1664,0.036002,0.007115700465611,0.006074,0.049191700465611,0.0186065,1.7427409148995536,2869.0437903032675,83.57058057697841,362.6993837884804,1.0
Llama2-7B,20,5,4,32,32,1792,0.036858,0.007115700465611,0.006514,0.050487700465611,0.0186065,1.7842129148995536,2802.356130395731,83.80755231725173,355.2805374564704,1.0
Llama2-7B,20,5,4,32,32,1920,0.037714,0.007115700465611,0.006954,0.051783700465611,0.0186065,1.825684914899553,2738.698205366446,84.04452663672512,348.1984750222279,1.0
Llama2-7B,20,5,4,32,32,2048,0.03857,0.007115700465611,0.007394,0.053079700465611,0.0186065,1.8671569148995533,2677.868132078756,84.28150353539849,341.4307733317607,1.0
Llama2-7B,20,5,4,32,32,2176,0.04196,0.007115700465611,0.007834,0.056909700465611,0.0186065,1.9897169148995533,2512.920286578764,86.22616219375139,321.0876511623845,1.0
Llama2-7B,20,5,4,32,32,2304,0.042816,0.007115700465611,0.008274,0.058205700465611,0.0186065,2.0311889148995537,2461.612488785791,86.46313393402473,315.53308756519453,1.0
Llama2-7B,20,5,4,32,32,2432,0.043672,0.007115700465611,0.008714,0.059501700465611,0.0186065,2.072660914899554,2412.3579327698726,86.7001082534981,310.1962794149359,1.0
Llama2-7B,20,5,4,32,32,2560,0.044528,0.007115700465611,0.0091539999999999,0.060797700465611,0.0186065,2.1141329148995536,2365.035785953676,86.93708515217146,305.06466841148915,1.0
Llama2-7B,20,5,4,32,32,2688,0.045384,0.007115700465611,0.009594,0.062093700465611,0.0186065,2.1556049148995537,2319.534514622773,87.1740871980448,300.12672141491504,1.0
Llama2-7B,20,5,4,32,32,2816,0.04624,0.007115700465611,0.010034,0.063389700465611,0.0186065,2.197076914899554,2275.7510062994725,87.41105893831819,295.3714956555409,1.0
Llama2-7B,20,5,4,32,32,2944,0.047096,0.007115700465611,0.0104739999999999,0.064685700465611,0.0186065,2.2385489148995537,2233.589789671564,87.64803325779151,290.7891370080246,1.0
Llama2-7B,20,5,4,32,32,3072,0.047952,0.007115700465611,0.010914,0.065981700465611,0.0186065,2.280020914899554,2192.9623396547986,87.8850101564649,286.3703878242335,1.0
Llama2-7B,20,5,4,32,32,3200,0.049534,0.007115700465611,0.011354,0.068003700465611,0.0186065,2.3447249148995537,2132.446313095196,88.67040128245486,279.7018250168284,1.0
Llama2-7B,20,5,4,32,32,3328,0.05039,0.007115700465611,0.0117939999999999,0.069299700465611,0.0186065,2.386196914899553,2095.384487667261,88.90737302272825,275.6851961659315,1.0
Llama2-7B,20,5,4,32,32,3456,0.051246,0.007115700465611,0.012234,0.070595700465611,0.0186065,2.4276689148995536,2059.588920594997,89.1443473422016,271.80276064900664,1.0
Llama2-7B,20,5,4,32,32,3584,0.052102,0.007115700465611,0.012674,0.071891700465611,0.0186065,2.469140914899554,2024.995807176685,89.38132424087492,268.0479043537045,1.0
Llama2-7B,20,5,4,32,32,3712,0.052958,0.007115700465611,0.0131139999999999,0.073187700465611,0.0186065,2.510612914899553,1991.545558587252,89.6183262867483,264.4145073889577,1.0
Llama2-7B,20,5,4,32,32,3840,0.053814,0.007115700465611,0.013554,0.074483700465611,0.0186065,2.5520849148995537,1959.1824593331733,89.85529802702169,260.8966127164332,1.0
Llama2-7B,20,5,4,32,32,3968,0.05467,0.007115700465611,0.013994,0.075779700465611,0.0186065,2.593556914899554,1927.8543575719625,90.092272346495,257.48888886299324,1.0
Llama2-7B,20,5,4,32,32,4096,0.055526,0.007115700465611,0.0144339999999999,0.077075700465611,0.0186065,2.6350289148995536,1897.51238467552,90.32924924516838,254.1862405820257,1.0
Llama2-7B,20,10,2,32,32,128,0.035963,0.0064004447283063,0.000794,0.0431574447283063,0.0332945,1.5643327313058035,6392.501927420932,70.31977852661028,611.0427603249371,1.0
Llama2-7B,20,10,2,32,32,256,0.036819,0.0064004447283063,0.001234,0.0444534447283063,0.0332945,1.6058047313058033,6227.407233922042,70.55545289890182,598.8369871780009,1.0
Llama2-7B,20,10,2,32,32,384,0.037675,0.0064004447283063,0.001674,0.0457494447283063,0.0332945,1.6472767313058037,6070.625420704483,70.79112985039335,587.1858813071777,1.0
Llama2-7B,20,10,2,32,32,512,0.038531,0.0064004447283063,0.002114,0.0470454447283063,0.0332945,1.6887487313058034,5921.544048928835,71.02680938108486,576.0524754506508,1.0
Llama2-7B,20,10,2,32,32,640,0.039387,0.0064004447283063,0.002554,0.0483414447283063,0.0332945,1.7302207313058031,5779.609398422227,71.26251405897641,565.4031950498929,1.0
Llama2-7B,20,10,2,32,32,768,0.040243,0.0064004447283063,0.002994,0.0496374447283063,0.0332945,1.7716927313058035,5644.319595209734,71.4981884312679,555.2067163176512,1.0
Llama2-7B,20,10,2,32,32,896,0.041099,0.0064004447283063,0.003434,0.0509334447283063,0.0332945,1.813164731305804,5515.218682197843,71.73386538275946,545.4349967666451,1.0
Llama2-7B,20,10,2,32,32,1024,0.041955,0.0064004447283063,0.003874,0.0522294447283063,0.0332945,1.854636731305804,5391.891485379592,71.96954491345099,536.0620375510293,1.0
Llama2-7B,20,10,2,32,32,1152,0.045381,0.0064004447283063,0.004314,0.0560954447283063,0.0332945,1.9783487313058032,5054.720556471119,73.97459581051378,509.3995546767492,1.0
Llama2-7B,20,10,2,32,32,1280,0.046237,0.0064004447283063,0.004754,0.0573914447283063,0.0332945,2.019820731305804,4950.9344294803095,74.21027018280532,501.5617239900223,1.0
Llama2-7B,20,10,2,32,32,1408,0.047093,0.0064004447283063,0.005194,0.0586874447283063,0.0332945,2.061292731305804,4851.324534417352,74.44594713429682,494.0088437659048,1.0
Llama2-7B,20,10,2,32,32,1536,0.047949,0.0064004447283063,0.005634,0.0599834447283063,0.0332945,2.1027647313058035,4755.643772753438,74.6816266649884,486.72565293976646,1.0
Llama2-7B,20,10,2,32,32,1664,0.048805,0.0064004447283063,0.006074,0.0612794447283063,0.0332945,2.144236731305804,4663.664162636636,74.91733134287988,479.6981056172517,1.0
Llama2-7B,20,10,2,32,32,1792,0.049661,0.0064004447283063,0.006514,0.0625754447283063,0.0332945,2.1857087313058035,4575.175025276913,75.1530057151714,472.91263337409794,1.0
Llama2-7B,20,10,2,32,32,1920,0.050517,0.0064004447283063,0.006954,0.0638714447283063,0.0332945,2.227180731305803,4489.981373957455,75.38868266666294,466.3571339020959,1.0
Llama2-7B,20,10,2,32,32,2048,0.051373,0.0064004447283063,0.007394,0.0651674447283063,0.0332945,2.268652731305804,4407.902479743626,75.62436219735449,460.0201114724326,1.0
Llama2-7B,20,10,2,32,32,2176,0.054763,0.0064004447283063,0.007834,0.0689974447283063,0.0332945,2.391212731305803,4181.978403292944,77.56772348772557,442.6330476766109,1.0
Llama2-7B,20,10,2,32,32,2304,0.055619,0.0064004447283063,0.008274,0.0702934447283063,0.0332945,2.4326847313058035,4110.684739091635,77.80339786001707,437.14489349422576,1.0
Llama2-7B,20,10,2,32,32,2432,0.056475,0.0064004447283063,0.008714,0.0715894447283063,0.0332945,2.474156731305804,4041.7811343431854,78.03907481150866,431.82312312698446,1.0
Llama2-7B,20,10,2,32,32,2560,0.057331,0.0064004447283063,0.0091539999999999,0.0728854447283063,0.0332945,2.515628731305803,3975.149383354848,78.27475434220018,426.6602838244153,1.0
Llama2-7B,20,10,2,32,32,2688,0.058187,0.0064004447283063,0.009594,0.0741814447283063,0.0332945,2.557100731305804,3910.67894884744,78.5104590200917,421.6494825954021,1.0
Llama2-7B,20,10,2,32,32,2816,0.059043,0.0064004447283063,0.010034,0.0754774447283063,0.0332945,2.598572731305804,3848.266350033975,78.74613339238321,416.7838132398381,1.0
Llama2-7B,20,10,2,32,32,2944,0.059899,0.0064004447283063,0.0104739999999999,0.0767734447283063,0.0332945,2.640044731305803,3787.814608373648,78.9818103438748,412.05722520344017,1.0
Llama2-7B,20,10,2,32,32,3072,0.060755,0.0064004447283063,0.010914,0.0780694447283063,0.0332945,2.681516731305804,3729.232744757238,79.21748987456627,407.4638397794743,1.0
Llama2-7B,20,10,2,32,32,3200,0.064145,0.0064004447283063,0.011354,0.0818994447283063,0.0332945,2.804076731305804,3566.236218986489,81.16085116493734,395.39739635268415,1.0
Llama2-7B,20,10,2,32,32,3328,0.065001,0.0064004447283063,0.0117939999999999,0.0831954447283063,0.0332945,2.8455487313058034,3514.260673164106,81.39652553722892,391.3234293377647,1.0
Llama2-7B,20,10,2,32,32,3456,0.065857,0.0064004447283063,0.012234,0.0844914447283063,0.0332945,2.887020731305803,3463.778382871877,81.63220248872044,387.35538025912433,1.0
Llama2-7B,20,10,2,32,32,3584,0.066713,0.0064004447283063,0.012674,0.0857874447283063,0.0332945,2.928492731305804,3414.7259076654905,81.86788201941197,383.48917199145967,1.0
Llama2-7B,20,10,2,32,32,3712,0.067569,0.0064004447283063,0.0131139999999999,0.0870834447283063,0.0332945,2.9699647313058035,3367.043350579892,82.10358669730351,379.7210383890147,1.0
Llama2-7B,20,10,2,32,32,3840,0.068425,0.0064004447283063,0.013554,0.0883794447283063,0.0332945,3.0114367313058032,3320.674114134171,82.33926106959505,376.0470454402405,1.0
Llama2-7B,20,10,2,32,32,3968,0.069281,0.0064004447283063,0.013994,0.0896754447283063,0.0332945,3.052908731305803,3275.5646762236347,82.57493802108657,372.4638520169967,1.0
Llama2-7B,20,10,2,32,32,4096,0.070137,0.0064004447283063,0.0144339999999999,0.0909714447283063,0.0332945,3.094380731305804,3231.664384033338,82.81061755177811,368.9681335804305,1.0
Llama2-7B,20,20,1,32,32,128,0.059053,0.0049699332536969,0.000794,0.0648169332536969,0.0623185,2.2864603641183034,8747.144850556957,66.69007308389644,705.8285891899694,1.0
Llama2-7B,20,20,1,32,32,256,0.059909,0.0049699332536969,0.001234,0.0661129332536969,0.0623185,2.327932364118303,8591.314897404649,66.92509877219709,698.1953751961003,1.0
Llama2-7B,20,20,1,32,32,384,0.060765,0.0049699332536969,0.001674,0.0674089332536969,0.0623185,2.369404364118304,8440.93996908052,66.87285121011074,687.8224636932315,1.0
Llama2-7B,20,20,1,32,32,512,0.061621,0.0049699332536969,0.002114,0.0687049332536969,0.0623185,2.4108763641183035,8295.73855286201,67.39515788639831,683.5652404050393,1.0
Llama2-7B,20,20,1,32,32,640,0.064285,0.0049699332536969,0.002554,0.0718089332536969,0.0623185,2.5102043641183034,7967.478778177051,68.78948141266181,668.7940558903889,1.0
Llama2-7B,20,20,1,32,32,768,0.065141,0.0049699332536969,0.002994,0.0731049332536969,0.0623185,2.551676364118304,7837.984581916494,69.02450710096247,662.260587619188,1.0
Llama2-7B,20,20,1,32,32,896,0.065997,0.0049699332536969,0.003434,0.074400933253697,0.0623185,2.593148364118304,7712.632364866713,68.9739178945755,653.1917918103804,1.0
Llama2-7B,20,20,1,32,32,1024,0.066853,0.0049699332536969,0.003874,0.0756969332536969,0.0623185,2.6346203641183035,7591.226528264218,69.49456621516366,649.6956589005327,1.0
Llama2-7B,20,20,1,32,32,1152,0.070279,0.0049699332536969,0.004314,0.0795629332536969,0.0623185,2.758332364118304,7250.757834758962,71.49896842823553,635.8493329109295,1.0
Llama2-7B,20,20,1,32,32,1280,0.071135,0.0049699332536969,0.004754,0.0808589332536969,0.0623185,2.7998043641183035,7143.356248856435,71.73399411653615,630.2628287458368,1.0
Llama2-7B,20,20,1,32,32,1408,0.071991,0.0049699332536969,0.005194,0.082154933253697,0.0623185,2.841276364118304,7039.089985252575,71.6834049101492,622.329569930175,1.0
Llama2-7B,20,20,1,32,32,1536,0.072847,0.0049699332536969,0.005634,0.0834509332536969,0.0623185,2.882748364118304,6937.823727155963,72.2040532307374,619.4837573161678,1.0
Llama2-7B,20,20,1,32,32,1664,0.075511,0.0049699332536969,0.006074,0.0865549332536969,0.0623185,2.9820763641183032,6706.73636686474,73.59837675700095,609.1693325889684,1.0
Llama2-7B,20,20,1,32,32,1792,0.076367,0.0049699332536969,0.006514,0.087850933253697,0.0623185,3.023548364118304,6614.744529093119,73.8334024453016,604.2646238337694,1.0
Llama2-7B,20,20,1,32,32,1920,0.077223,0.0049699332536969,0.006954,0.0891469332536969,0.0623185,3.065020364118304,6525.242126981197,73.78281323891461,597.1570422584156,1.0
Llama2-7B,20,20,1,32,32,2048,0.078079,0.0049699332536969,0.007394,0.0904429332536969,0.0623185,3.106492364118304,6438.129457844806,74.30346155950282,594.7778977021894,1.0
Llama2-7B,20,20,1,32,32,2176,0.081469,0.0049699332536969,0.007834,0.0942729332536969,0.0623185,3.229052364118304,6193.767627382848,76.24617416588299,584.9324142149391,1.0
Llama2-7B,20,20,1,32,32,2304,0.082325,0.0049699332536969,0.008274,0.0955689332536969,0.0623185,3.2705243641183035,6115.227337678548,76.4811998541836,580.6346785164259,1.0
Llama2-7B,20,20,1,32,32,2432,0.083181,0.0049699332536969,0.008714,0.096864933253697,0.0623185,3.311996364118304,6038.653972171332,76.43061064779666,574.2793625331853,1.0
Llama2-7B,20,20,1,32,32,2560,0.084037,0.0049699332536969,0.0091539999999999,0.0981609332536969,0.0623185,3.3534683641183034,5963.97455661056,76.95125896838482,572.3019248097922,1.0
Llama2-7B,20,20,1,32,32,2688,0.086701,0.0049699332536969,0.009594,0.101264933253697,0.0623185,3.452796364118304,5792.406470257374,78.34558249464837,564.7684462596189,1.0
Llama2-7B,20,20,1,32,32,2816,0.087557,0.0049699332536969,0.010034,0.1025609332536969,0.0623185,3.4942683641183034,5723.658836675108,78.58060818294905,560.9246561022319,1.0
Llama2-7B,20,20,1,32,32,2944,0.088413,0.0049699332536969,0.0104739999999999,0.1038569332536969,0.0623185,3.535740364118304,5656.523935684213,78.53001897656205,555.1362566630614,1.0
Llama2-7B,20,20,1,32,32,3072,0.089269,0.0049699332536969,0.010914,0.1051529332536969,0.0623185,3.577212364118304,5590.945676195413,79.05066729715024,553.4582784697811,1.0
Llama2-7B,20,20,1,32,32,3200,0.092659,0.0049699332536969,0.011354,0.108982933253697,0.0623185,3.699772364118304,5405.737983765447,80.99337990353041,546.313498307844,1.0
Llama2-7B,20,20,1,32,32,3328,0.093515,0.0049699332536969,0.0117939999999999,0.1102789332536969,0.0623185,3.741244364118304,5345.814935751567,81.22840559183103,542.8835319990844,1.0
Llama2-7B,20,20,1,32,32,3456,0.094371,0.0049699332536969,0.012234,0.1115749332536969,0.0623185,3.7827163641183033,5287.205826403988,81.17781638544406,537.6242197380819,1.0
Llama2-7B,20,20,1,32,32,3584,0.095227,0.0049699332536969,0.012674,0.112870933253697,0.0623185,3.824188364118304,5229.867908091696,81.69846470603224,536.2086429402393,1.0
Llama2-7B,20,20,1,32,32,3712,0.097891,0.0049699332536969,0.0131139999999999,0.115974933253697,0.0623185,3.923516364118304,5097.468225927591,83.09278823229576,530.5185629443448,1.0
Llama2-7B,20,20,1,32,32,3840,0.098747,0.0049699332536969,0.013554,0.1172709332536969,0.0623185,3.964988364118304,5044.150994487826,83.32781392059641,527.4072498442763,1.0
Llama2-7B,20,20,1,32,32,3968,0.099603,0.0049699332536969,0.013994,0.118566933253697,0.0623185,4.006460364118304,4991.937566416278,83.27722471420945,522.5572065739076,1.0
Llama2-7B,20,20,1,32,32,4096,0.100459,0.0049699332536969,0.0144339999999999,0.119862933253697,0.0623185,4.047932364118304,4940.7940155532415,83.79787303479765,521.343738706821,1.0
Llama2-7B,20,32,1,32,16,128,0.108684,0.0005461428179059,0.001588,0.1108181428179059,0.12064,3.816820570172991,8383.941401403015,62.95150269420637,579.2159167329726,0.8
Llama2-7B,20,32,1,32,16,256,0.11038,0.0005461428179059,0.002468,0.1133941428179059,0.12064,3.899252570172991,8206.701008491049,63.18211908280468,572.4054999348133,0.8
Llama2-7B,20,32,1,32,16,384,0.113884,0.0005461428179059,0.003348,0.1177781428179059,0.12064,4.039540570172991,7921.692936142394,63.99236923758445,561.9083386391807,0.8
Llama2-7B,20,32,1,32,16,512,0.11558,0.0005461428179059,0.004228,0.1203541428179059,0.12064,4.121972570172991,7763.273397682271,64.22298562618273,555.6582940489941,0.8
Llama2-7B,20,32,1,32,16,640,0.119084,0.0005461428179059,0.005108,0.1247381428179059,0.12064,4.262260570172991,7507.753097953189,65.03323578096253,546.1122886446753,0.8
Llama2-7B,20,32,1,32,16,768,0.12078,0.0005461428179059,0.005988,0.1273141428179059,0.12064,4.344692570172991,7365.308242908858,65.26385216956082,540.3531393406261,0.8
Llama2-7B,20,32,1,32,16,896,0.124284,0.0005461428179059,0.006868,0.1316981428179059,0.12064,4.484980570172992,7134.925001194758,66.07410232434056,531.6380412952637,0.8
Llama2-7B,20,32,1,32,16,1024,0.12598,0.0005461428179059,0.007748,0.1342741428179059,0.12064,4.567412570172992,7006.154909011864,66.30471871293884,526.3114677959903,0.8
Llama2-7B,20,32,1,32,16,1152,0.1308705,0.0005461428179059,0.008628,0.1400446428179059,0.12064,4.752068570172991,6733.909565373779,67.65167341875696,516.9360048197029,0.8
Llama2-7B,20,32,1,32,16,1280,0.1325665,0.0005461428179059,0.009508,0.1426206428179059,0.12064,4.834500570172991,6619.091162679283,67.88228980735522,512.0621711167997,0.8
Llama2-7B,20,32,1,32,16,1408,0.1360705,0.0005461428179059,0.010388,0.1470046428179059,0.12064,4.974788570172992,6432.434172551627,68.69253996213502,504.8305103761286,0.8
Llama2-7B,20,32,1,32,16,1536,0.1377665,0.0005461428179059,0.011268,0.1495806428179059,0.12064,5.057220570172991,6327.586379904602,68.92315635073332,500.2896665788367,0.8
Llama2-7B,20,32,1,32,16,1664,0.1412705,0.0005461428179059,0.012148,0.1539646428179059,0.12064,5.197508570172991,6156.7960048471705,69.73340650551306,493.6161937949752,0.8
Llama2-7B,20,32,1,32,16,1792,0.1429665,0.0005461428179059,0.013028,0.1565406428179059,0.12064,5.279940570172991,6060.674277428762,69.96402289411137,489.3735448102273,0.8
Llama2-7B,20,32,1,32,16,1920,0.1464705,0.0005461428179059,0.013908,0.1609246428179059,0.12064,5.420228570172991,5903.810067363763,70.77427304889113,483.1981392081758,0.8
Llama2-7B,20,32,1,32,16,2048,0.1481665,0.0005461428179059,0.014788,0.1635006428179059,0.12064,5.502660570172991,5815.368691548058,71.00488943748942,479.2236398746642,0.8
Llama2-7B,20,32,1,32,16,2176,0.1530285,0.0005461428179059,0.015668,0.1692426428179059,0.12064,5.686404570172991,5627.457491830642,72.31460144105688,472.5564286460162,0.8
Llama2-7B,20,32,1,32,16,2304,0.1547245,0.0005461428179059,0.016548,0.1718186428179059,0.12064,5.768836570172991,5547.0456842982485,72.54521782965523,468.867036763119,0.8
Llama2-7B,20,32,1,32,16,2432,0.1582285,0.0005461428179059,0.017428,0.1762026428179059,0.12064,5.909124570172991,5415.353766871629,73.35546798443497,463.60464761048087,0.8
Llama2-7B,20,32,1,32,16,2560,0.1599245,0.0005461428179059,0.0183079999999999,0.1787786428179059,0.12064,5.991556570172991,5340.849180879232,73.58608437303326,460.1301512465774,0.8
Llama2-7B,20,32,1,32,16,2688,0.1634285,0.0005461428179059,0.019188,0.1831626428179059,0.12064,6.131844570172992,5218.658045518139,74.39633452781301,455.2225256170925,0.8
Llama2-7B,20,32,1,32,16,2816,0.1651245,0.0005461428179059,0.020068,0.1857386428179059,0.12064,6.214276570172991,5149.43286457384,74.62695091641133,451.94353906544046,0.8
Llama2-7B,20,32,1,32,16,2944,0.1686285,0.0005461428179059,0.0209479999999999,0.1901226428179059,0.12064,6.354564570172991,5035.7502306611805,75.4372010711911,447.3573629083524,0.8
Llama2-7B,20,32,1,32,16,3072,0.1703245,0.0005461428179059,0.021828,0.1926986428179059,0.12064,6.43699657017299,4971.262552519896,75.6678174597894,444.2568007526186,0.8
Llama2-7B,20,32,1,32,16,3200,0.1751865,0.0005461428179059,0.022708,0.1984406428179059,0.12064,6.620740570172991,4833.296163900874,76.97752946335687,439.4033185397097,0.8
Llama2-7B,20,32,1,32,16,3328,0.1768825,0.0005461428179059,0.0235879999999999,0.2010166428179059,0.12064,6.703172570172991,4773.858895173001,77.20814585195517,436.49397680355696,0.8
Llama2-7B,20,32,1,32,16,3456,0.1803865,0.0005461428179059,0.024468,0.2054006428179059,0.12064,6.843460570172991,4675.996839884049,78.01839600673489,432.5068450617696,0.8
Llama2-7B,20,32,1,32,16,3584,0.1820825,0.0005461428179059,0.025348,0.2079766428179059,0.12064,6.925892570172992,4620.343107516714,78.24901239533321,429.7448266326155,0.8
Llama2-7B,20,32,1,32,16,3712,0.1855865,0.0005461428179059,0.0262279999999999,0.2123606428179059,0.12064,7.066180570172991,4528.613397607612,79.05926255011299,425.9968400186057,0.8
Llama2-7B,20,32,1,32,16,3840,0.1872825,0.0005461428179059,0.027108,0.2149366428179059,0.12064,7.148612570172991,4476.393102280773,79.28987893871131,423.370464078124,0.8
Llama2-7B,20,32,1,32,16,3968,0.1907865,0.0005461428179059,0.027988,0.2193206428179059,0.12064,7.288900570172991,4390.236866578704,80.100129093491,419.8417031262224,0.8
Llama2-7B,20,32,1,32,16,4096,0.1924825,0.0005461428179059,0.0288679999999999,0.2218966428179059,0.12064,7.371332570172991,4341.141807857547,80.33074548208934,417.340513979657,0.8
Llama2-7B,32,1,32,32,32,128,0.0170755,0.0135444871520996,0.000794,0.0314139871520996,0.0084905,1.163738088867187,859.2998799011776,290.05321944430705,530.8285618362328,1.0
Llama2-7B,32,1,32,32,32,256,0.0179315,0.0135444871520996,0.001234,0.0327099871520996,0.0084905,1.2052100888671873,829.7308570822948,290.3083543363258,505.932915428725,1.0
Llama2-7B,32,1,32,32,32,384,0.0187875,0.0135444871520996,0.001674,0.0340059871520996,0.0084905,1.2466820888671872,802.1291144951493,290.56349180754484,483.30587459671466,1.0
Llama2-7B,32,1,32,32,32,512,0.0196435,0.0135444871520996,0.002114,0.0353019871520996,0.0084905,1.2881540888671874,776.3046429324365,290.81863185796374,462.65086392757735,1.0
Llama2-7B,32,1,32,32,32,640,0.0204995,0.0135444871520996,0.002554,0.0365979871520996,0.0084905,1.3296260888671874,752.0911392856156,291.07379705558265,443.7208789476308,1.0
Llama2-7B,32,1,32,32,32,768,0.0213555,0.0135444871520996,0.002994,0.0378939871520996,0.0084905,1.371098088867187,729.3424213188193,291.32893194760163,426.3084040815036,1.0
Llama2-7B,32,1,32,32,32,896,0.0222115,0.0135444871520996,0.003434,0.0391899871520996,0.0084905,1.4125700888671873,707.9294740000842,291.58406941882055,410.23803747329725,1.0
Llama2-7B,32,1,32,32,32,1024,0.0230675,0.0135444871520996,0.003874,0.0404859871520996,0.0084905,1.4540420888671874,687.7380012975266,291.83920946923934,395.3603683066536,1.0
Llama2-7B,32,1,32,32,32,1152,0.0246855,0.0135444871520996,0.004314,0.0425439871520996,0.0084905,1.5198980888671871,657.9388495351827,292.7044533536666,370.5419848616429,1.0
Llama2-7B,32,1,32,32,32,1280,0.0255415,0.0135444871520996,0.004754,0.0438399871520996,0.0084905,1.5613700888671875,640.4631465212227,292.95958824568544,358.4357666024967,1.0
Llama2-7B,32,1,32,32,32,1408,0.0263975,0.0135444871520996,0.005194,0.0451359871520996,0.0084905,1.6028420888671877,623.891777577885,293.2147257169045,347.11469565880344,1.0
Llama2-7B,32,1,32,32,32,1536,0.0272535,0.0135444871520996,0.005634,0.0464319871520996,0.0084905,1.6443140888671872,608.1563168317357,293.4698657673234,336.5047904022917,1.0
Llama2-7B,32,1,32,32,32,1664,0.0281095,0.0135444871520996,0.006074,0.0477279871520996,0.0084905,1.6857860888671874,593.1950717851628,293.72503096494233,326.54110594832525,1.0
Llama2-7B,32,1,32,32,32,1792,0.0289655,0.0135444871520996,0.006514,0.0490239871520996,0.0084905,1.7272580888671871,578.9522749642148,293.9801658569613,317.166290346448,1.0
Llama2-7B,32,1,32,32,32,1920,0.0298215,0.0135444871520996,0.006954,0.0503199871520996,0.0084905,1.7687300888671873,565.377389288643,294.2353033281801,308.3296691650531,1.0
Llama2-7B,32,1,32,32,32,2048,0.0306775,0.0135444871520996,0.007394,0.0516159871520996,0.0084905,1.810202088867188,552.4245089264003,294.49044337859914,299.9861903864794,1.0
Llama2-7B,32,1,32,32,32,2176,0.0322595,0.0135444871520996,0.007834,0.0536379871520996,0.0084905,1.874906088867188,533.360047171321,295.2939976563346,286.0533308563511,1.0
Llama2-7B,32,1,32,32,32,2304,0.0331155,0.0135444871520996,0.008274,0.0549339871520996,0.0084905,1.9163780888671875,521.8176965230914,295.5491325483536,278.8999227593136,1.0
Llama2-7B,32,1,32,32,32,2432,0.0339715,0.0135444871520996,0.008714,0.0562299871520996,0.0084905,1.957850088867188,510.7643356793473,295.80427001957247,272.1070143535504,1.0
Llama2-7B,32,1,32,32,32,2560,0.0348275,0.0135444871520996,0.0091539999999999,0.0575259871520996,0.0084905,1.999322088867187,500.1695352481193,296.0594100699915,265.64802425345573,1.0
Llama2-7B,32,1,32,32,32,2688,0.0356835,0.0135444871520996,0.009594,0.0588219871520996,0.0084905,2.0407940888671874,490.005339321168,296.31457526761045,259.4989414466861,1.0
Llama2-7B,32,1,32,32,32,2816,0.0365395,0.0135444871520996,0.010034,0.0601179871520996,0.0084905,2.082266088867188,480.2460191550392,296.5697101596293,253.63793818986068,1.0
Llama2-7B,32,1,32,32,32,2944,0.0373955,0.0135444871520996,0.0104739999999999,0.0614139871520996,0.0084905,2.123738088867188,470.86785571256814,296.8248476308482,248.04525914786555,1.0
Llama2-7B,32,1,32,32,32,3072,0.0382515,0.0135444871520996,0.010914,0.0627099871520996,0.0084905,2.1652100888671875,461.848947195322,297.0799876812671,242.70289047591857,1.0
Llama2-7B,32,1,32,32,32,3200,0.0398335,0.0135444871520996,0.011354,0.0647319871520996,0.0084905,2.229914088867188,448.4477698008568,297.8835419590026,233.69426955248304,1.0
Llama2-7B,32,1,32,32,32,3328,0.0406895,0.0135444871520996,0.0117939999999999,0.0660279871520996,0.0084905,2.2713860888671875,440.2598065125651,298.13867685102167,228.9739036261056,1.0
Llama2-7B,32,1,32,32,32,3456,0.0415455,0.0135444871520996,0.012234,0.0673239871520996,0.0084905,2.3128580888671872,432.365480966361,298.3938143222405,224.44805568762,1.0
Llama2-7B,32,1,32,32,32,3584,0.0424015,0.0135444871520996,0.012674,0.0686199871520996,0.0084905,2.354330088867188,424.749275697853,298.6489543726595,220.1049449700036,1.0
Llama2-7B,32,1,32,32,32,3712,0.0432575,0.0135444871520996,0.0131139999999999,0.0699159871520996,0.0084905,2.395802088867188,417.3967476891349,298.9041195702784,215.9337395034664,1.0
Llama2-7B,32,1,32,32,32,3840,0.0441135,0.0135444871520996,0.013554,0.0712119871520996,0.0084905,2.437274088867188,410.2944369563239,299.1592544622972,211.92439280371752,1.0
Llama2-7B,32,1,32,32,32,3968,0.0449695,0.0135444871520996,0.013994,0.0725079871520996,0.0084905,2.4787460888671875,403.4297843136528,299.4143919335162,208.0676847179173,1.0
Llama2-7B,32,1,32,32,32,4096,0.0458255,0.0135444871520996,0.0144339999999999,0.0738039871520996,0.0084905,2.520218088867188,396.7910572570685,299.6695319839352,204.3550615813897,1.0
Llama2-7B,32,2,16,32,32,128,0.0180335,0.0122182838058471,0.000794,0.0310457838058471,0.0094145,1.1528795817871094,1734.786556718913,166.40715503452387,576.7292644055638,1.0
Llama2-7B,32,2,16,32,32,256,0.0188895,0.0122182838058471,0.001234,0.0323417838058471,0.0094145,1.194351581787109,1674.548793251815,166.65191098268818,551.4039247422115,1.0
Llama2-7B,32,2,16,32,32,384,0.0197455,0.0122182838058471,0.001674,0.0336377838058471,0.0094145,1.2358235817871093,1618.3539701579612,166.89666951005248,528.27438375216,1.0
Llama2-7B,32,2,16,32,32,512,0.0206015,0.0122182838058471,0.002114,0.0349337838058471,0.0094145,1.2772955817871092,1565.8082815895516,167.1414306166168,507.0669326766765,1.0
Llama2-7B,32,2,16,32,32,640,0.0214575,0.0122182838058471,0.002554,0.0362297838058471,0.0094145,1.3187675817871094,1516.5674586038338,167.38621687038113,487.5516045391503,1.0
Llama2-7B,32,2,16,32,32,768,0.0223135,0.0122182838058471,0.002994,0.0375257838058471,0.0094145,1.3602395817871091,1470.329217572364,167.63097281854536,469.5335021919057,1.0
Llama2-7B,32,2,16,32,32,896,0.0231695,0.0122182838058471,0.003434,0.0388217838058471,0.0094145,1.4017115817871093,1426.8270491495148,167.87573134590974,452.8467687744387,1.0
Llama2-7B,32,2,16,32,32,1024,0.0240255,0.0122182838058471,0.003874,0.0401177838058471,0.0094145,1.4431835817871097,1385.8250781396632,168.12049245247408,437.3490990106189,1.0
Llama2-7B,32,2,16,32,32,1152,0.0256435,0.0122182838058471,0.004314,0.0421757838058471,0.0094145,1.5090395817871092,1325.3462825882018,168.97535739304666,411.8376913083401,1.0
Llama2-7B,32,2,16,32,32,1280,0.0264995,0.0122182838058471,0.004754,0.0434717838058471,0.0094145,1.5505115817871091,1289.8968466232373,169.22011334121098,399.1115713060882,1.0
Llama2-7B,32,2,16,32,32,1408,0.0273555,0.0122182838058471,0.005194,0.0447677838058471,0.0094145,1.5919835817871095,1256.2943631333587,169.46487186857533,387.18190096272974,1.0
Llama2-7B,32,2,16,32,32,1536,0.0282115,0.0122182838058471,0.005634,0.0460637838058471,0.0094145,1.6334555817871093,1224.3981546237496,169.70963297513958,375.9761820869583,1.0
Llama2-7B,32,2,16,32,32,1664,0.0290675,0.0122182838058471,0.006074,0.0473597838058471,0.0094145,1.6749275817871094,1194.0814765651216,169.95441922890396,365.4305049215274,1.0
Llama2-7B,32,2,16,32,32,1792,0.0299235,0.0122182838058471,0.006514,0.0486557838058471,0.0094145,1.7163995817871094,1165.22983413781,170.1991751770682,355.48810963178653,1.0
Llama2-7B,32,2,16,32,32,1920,0.0307795,0.0122182838058471,0.006954,0.0499517838058471,0.0094145,1.7578715817871091,1137.7395372457954,170.44393370443254,346.0987298860292,1.0
Llama2-7B,32,2,16,32,32,2048,0.0316355,0.0122182838058471,0.007394,0.0512477838058471,0.0094145,1.799343581787109,1111.5164553584584,170.68869481099685,337.2174748522168,1.0
Llama2-7B,32,2,16,32,32,2176,0.0332175,0.0122182838058471,0.007834,0.0532697838058471,0.0094145,1.8640475817871087,1072.9339849160665,171.48187014487783,322.64971427876446,1.0
Llama2-7B,32,2,16,32,32,2304,0.0340735,0.0122182838058471,0.008274,0.0545657838058471,0.0094145,1.9055195817871096,1049.5824966145356,171.72662609304217,314.99300426475503,1.0
Llama2-7B,32,2,16,32,32,2432,0.0349295,0.0122182838058471,0.008714,0.0558617838058471,0.0094145,1.9469915817871093,1027.225807604281,171.9713846204064,307.7115772849712,1.0
Llama2-7B,32,2,16,32,32,2560,0.0357855,0.0122182838058471,0.0091539999999999,0.0571577838058471,0.0094145,1.988463581787109,1005.801674377422,172.21614572697075,300.7785026878392,1.0
Llama2-7B,32,2,16,32,32,2688,0.0366415,0.0122182838058471,0.009594,0.0584537838058471,0.0094145,2.0299355817871096,985.252940016572,172.46093198073513,294.1694048768729,1.0
Llama2-7B,32,2,16,32,32,2816,0.0374975,0.0122182838058471,0.010034,0.0597497838058471,0.0094145,2.0714075817871094,965.5270249974164,172.70568792889938,287.8620040151,1.0
Llama2-7B,32,2,16,32,32,2944,0.0383535,0.0122182838058471,0.0104739999999999,0.0610457838058471,0.0094145,2.112879581787109,946.575477959026,172.9504464562637,281.83615324589624,1.0
Llama2-7B,32,2,16,32,32,3072,0.0392095,0.0122182838058471,0.010914,0.0623417838058471,0.0094145,2.1543515817871093,928.353578361119,173.19520756282805,276.07341263410007,1.0
Llama2-7B,32,2,16,32,32,3200,0.0407915,0.0122182838058471,0.011354,0.0643637838058471,0.0094145,2.2190555817871096,901.284319516371,173.98838289670897,266.5818597267643,1.0
Llama2-7B,32,2,16,32,32,3328,0.0416475,0.0122182838058471,0.0117939999999999,0.0656597838058471,0.0094145,2.2605275817871093,884.7492134640784,174.23313884487325,261.4699844601615,1.0
Llama2-7B,32,2,16,32,32,3456,0.0425035,0.0122182838058471,0.012234,0.0669557838058471,0.0094145,2.301999581787109,868.8098885089032,174.47789737223758,256.5640143932817,1.0
Llama2-7B,32,2,16,32,32,3584,0.0433595,0.0122182838058471,0.012674,0.0682517838058471,0.0094145,2.3434715817871097,853.434714354342,174.72265847880192,251.8517546310524,1.0
Llama2-7B,32,2,16,32,32,3712,0.0442155,0.0122182838058471,0.0131139999999999,0.0695477838058471,0.0094145,2.3849435817871094,838.5942607922575,174.9674447325662,247.3219865383268,1.0
Llama2-7B,32,2,16,32,32,3840,0.0450715,0.0122182838058471,0.013554,0.0708437838058471,0.0094145,2.426415581787109,824.2611096846631,175.21220068073052,242.9642355489757,1.0
Llama2-7B,32,2,16,32,32,3968,0.0459275,0.0122182838058471,0.013994,0.0721397838058471,0.0094145,2.4678875817871098,810.4096859029976,175.45695920809476,238.76892821307325,1.0
Llama2-7B,32,2,16,32,32,4096,0.0467835,0.0122182838058471,0.0144339999999999,0.0734357838058471,0.0094145,2.509359581787109,797.0161050317248,175.70172031465918,234.7271478120747,1.0
Llama2-7B,32,4,8,32,32,128,0.0189915,0.0117712489700317,0.000794,0.0315567489700317,0.0112625,1.1710784670410157,3415.654981776644,94.83713980286544,624.2078021935171,1.0
Llama2-7B,32,4,8,32,32,256,0.0198475,0.0117712489700317,0.001234,0.0328527489700317,0.0112625,1.2125504670410154,3298.8317671933214,95.07670627910244,598.7952278567983,1.0
Llama2-7B,32,4,8,32,32,384,0.0207035,0.0117712489700317,0.001674,0.0341487489700317,0.0112625,1.2540224670410154,3189.7355152163886,95.31627533453944,575.4840687235219,1.0
Llama2-7B,32,4,8,32,32,512,0.0215595,0.0117712489700317,0.002114,0.0354447489700317,0.0112625,1.2954944670410151,3087.6241479720347,95.55584696917649,554.0240205546072,1.0
Llama2-7B,32,4,8,32,32,640,0.0224155,0.0117712489700317,0.002554,0.0367407489700317,0.0112625,1.3369664670410155,2991.847663055328,95.79544375101352,534.2031392954289,1.0
Llama2-7B,32,4,8,32,32,768,0.0232715,0.0117712489700317,0.002994,0.0380367489700317,0.0112625,1.3784384670410152,2901.8342825171467,96.03501022725048,515.8402457257296,1.0
Llama2-7B,32,4,8,32,32,896,0.0241275,0.0117712489700317,0.003434,0.0393327489700317,0.0112625,1.4199104670410154,2817.0790291698413,96.27457928268748,498.78032992792185,1.0
Llama2-7B,32,4,8,32,32,1024,0.0249835,0.0117712489700317,0.003874,0.0406287489700317,0.0112625,1.4613824670410156,2737.1342480241588,96.51415091732449,482.8894616312992,1.0
Llama2-7B,32,4,8,32,32,1152,0.0266015,0.0117712489700317,0.004314,0.0426867489700317,0.0112625,1.5272384670410153,2619.1063716132658,97.36382638596984,457.5109786382808,1.0
Llama2-7B,32,4,8,32,32,1280,0.0274575,0.0117712489700317,0.004754,0.0439827489700317,0.0112625,1.5687104670410157,2549.865054158153,97.6033928622068,444.3384906774417,1.0
Llama2-7B,32,4,8,32,32,1408,0.0283135,0.0117712489700317,0.005194,0.0452787489700317,0.0112625,1.6101824670410156,2484.190507520977,97.84296191764383,431.9624998571521,1.0
Llama2-7B,32,4,8,32,32,1536,0.0291695,0.0117712489700317,0.005634,0.0465747489700317,0.0112625,1.6516544670410154,2421.814053617468,98.08253355228084,420.3128848295345,1.0
Llama2-7B,32,4,8,32,32,1664,0.0300255,0.0117712489700317,0.006074,0.0478707489700317,0.0112625,1.6931264670410155,2362.493338722996,98.32213033411784,409.327614586426,1.0
Llama2-7B,32,4,8,32,32,1792,0.0308815,0.0117712489700317,0.006514,0.0491667489700317,0.0112625,1.7345984670410155,2306.0091865660675,98.56169681035486,398.9512200279896,1.0
Llama2-7B,32,4,8,32,32,1920,0.0317375,0.0117712489700317,0.006954,0.0504627489700317,0.0112625,1.7760704670410157,2252.1628923114267,98.80126586579188,389.1345642607005,1.0
Llama2-7B,32,4,8,32,32,2048,0.0325935,0.0117712489700317,0.007394,0.0517587489700317,0.0112625,1.8175424670410152,2200.773887012421,99.04083750042888,379.833546184166,1.0
Llama2-7B,32,4,8,32,32,2176,0.0341755,0.0117712489700317,0.007834,0.0537807489700317,0.0112625,1.8822464670410155,2125.120206116364,99.82882336238252,365.1330023056816,1.0
Llama2-7B,32,4,8,32,32,2304,0.0350315,0.0117712489700317,0.008274,0.0550767489700317,0.0112625,1.923718467041016,2079.306337456246,100.06838983861952,357.06574739384394,1.0
Llama2-7B,32,4,8,32,32,2432,0.0358875,0.0117712489700317,0.008714,0.0563727489700317,0.0112625,1.965190467041016,2035.4261162394068,100.30795889405654,349.3833468967486,1.0
Llama2-7B,32,4,8,32,32,2560,0.0367435,0.0117712489700317,0.0091539999999999,0.0576687489700317,0.0112625,2.006662467041015,1993.3596535038207,100.54753052869356,342.05890337302367,1.0
Llama2-7B,32,4,8,32,32,2688,0.0375995,0.0117712489700317,0.009594,0.0589647489700317,0.0112625,2.048134467041016,1952.9967706558284,100.78712731053056,335.0680438254849,1.0
Llama2-7B,32,4,8,32,32,2816,0.0384555,0.0117712489700317,0.010034,0.0602607489700317,0.0112625,2.0896064670410155,1914.236035871479,101.0266937867676,328.3883117719428,1.0
Llama2-7B,32,4,8,32,32,2944,0.0393115,0.0117712489700317,0.0104739999999999,0.0615567489700317,0.0112625,2.1310784670410152,1876.98391301094,101.26626284220455,321.9994875615424,1.0
Llama2-7B,32,4,8,32,32,3072,0.0401675,0.0117712489700317,0.010914,0.0628527489700317,0.0112625,2.1725504670410154,1841.1540080115824,101.5058344768416,315.8829727915653,1.0
Llama2-7B,32,4,8,32,32,3200,0.0417495,0.0117712489700317,0.011354,0.0648747489700317,0.0112625,2.237254467041016,1787.9056937543564,102.29382033879516,306.2725911052684,1.0
Llama2-7B,32,4,8,32,32,3328,0.0426055,0.0117712489700317,0.0117939999999999,0.0661707489700317,0.0112625,2.2787264670410154,1755.366454840059,102.53338681503222,300.82203827860326,1.0
Llama2-7B,32,4,8,32,32,3456,0.0434615,0.0117712489700317,0.012234,0.0674667489700317,0.0112625,2.320198467041015,1723.9904503088744,102.77295587046926,295.58619660639096,1.0
Llama2-7B,32,4,8,32,32,3584,0.0443175,0.0117712489700317,0.012674,0.0687627489700317,0.0112625,2.361670467041016,1693.7163993974486,103.01252750510626,290.55262454195935,1.0
Llama2-7B,32,4,8,32,32,3712,0.0451735,0.0117712489700317,0.0131139999999999,0.0700587489700317,0.0112625,2.4031424670410155,1664.4872515299485,103.25212428694329,285.7098860143207,1.0
Llama2-7B,32,4,8,32,32,3840,0.0460295,0.0117712489700317,0.013554,0.0713547489700317,0.0112625,2.444614467041016,1636.249827500055,103.49169076318027,281.0471837712236,1.0
Llama2-7B,32,4,8,32,32,3968,0.0468855,0.0117712489700317,0.013994,0.0726507489700317,0.0112625,2.4860864670410154,1608.9544965669966,103.73125981861726,276.5547445868587,1.0
Llama2-7B,32,4,8,32,32,4096,0.0477415,0.0117712489700317,0.0144339999999999,0.0739467489700317,0.0112625,2.527558467041016,1582.554885340696,103.97083145325432,272.22341006580825,1.0
Llama2-7B,32,8,4,32,32,128,0.024968,0.0108324758148193,0.000794,0.0365944758148193,0.0186065,1.3396297260742187,5971.799404186094,80.11672687728982,802.1940771917035,1.0
Llama2-7B,32,8,4,32,32,256,0.025824,0.0108324758148193,0.001234,0.0378904758148193,0.0186065,1.3811017260742184,5792.477012348684,80.35369861756317,777.8974850677971,1.0
Llama2-7B,32,8,4,32,32,384,0.02668,0.0108324758148193,0.001674,0.0391864758148193,0.0186065,1.4225737260742186,5623.610118314967,80.5906729370365,755.15997879532,1.0
Llama2-7B,32,8,4,32,32,512,0.027536,0.0108324758148193,0.002114,0.0404824758148193,0.0186065,1.4640457260742186,5464.310203924906,80.82764983570989,733.8361584444899,1.0
Llama2-7B,32,8,4,32,32,640,0.028392,0.0108324758148193,0.002554,0.0417784758148193,0.0186065,1.5055177260742183,5313.786653884684,81.06465188158323,713.7983576498946,1.0
Llama2-7B,32,8,4,32,32,768,0.029248,0.0108324758148193,0.002994,0.0430744758148193,0.0186065,1.5469897260742187,5171.333632771773,81.3016236218566,694.9331887809129,1.0
Llama2-7B,32,8,4,32,32,896,0.030104,0.0108324758148193,0.003434,0.0443704758148193,0.0186065,1.5884617260742186,5036.319017752783,81.53859794132993,677.1408944104601,1.0
Llama2-7B,32,8,4,32,32,1024,0.03096,0.0108324758148193,0.003874,0.0456664758148193,0.0186065,1.6299337260742186,4908.175020875494,81.7755748400033,660.3324841731534,1.0
Llama2-7B,32,8,4,32,32,1152,0.032578,0.0108324758148193,0.004314,0.0477244758148193,0.0186065,1.6957897260742187,4717.566026608813,82.62265557268498,634.0371997412745,1.0
Llama2-7B,32,8,4,32,32,1280,0.033434,0.0108324758148193,0.004754,0.0490204758148193,0.0186065,1.7372617260742187,4604.9480512519085,82.85962731295834,619.5760850702753,1.0
Llama2-7B,32,8,4,32,32,1408,0.03429,0.0108324758148193,0.005194,0.0503164758148193,0.0186065,1.7787337260742186,4497.581556322385,83.09660163243167,605.8369906126544,1.0
Llama2-7B,32,8,4,32,32,1536,0.035146,0.0108324758148193,0.005634,0.0516124758148193,0.0186065,1.8202057260742184,4395.1075888846,83.33357853110505,592.7671607800678,1.0
Llama2-7B,32,8,4,32,32,1664,0.036002,0.0108324758148193,0.006074,0.0529084758148193,0.0186065,1.8616777260742188,4297.19918112243,83.57058057697841,580.3190140615691,1.0
Llama2-7B,32,8,4,32,32,1792,0.036858,0.0108324758148193,0.006514,0.0542044758148193,0.0186065,1.9031497260742185,4203.55786536157,83.80755231725173,568.4488599303528,1.0
Llama2-7B,32,8,4,32,32,1920,0.037714,0.0108324758148193,0.006954,0.0555004758148193,0.0186065,1.9446217260742185,4113.910635026337,84.04452663672512,557.1175600355643,1.0
Llama2-7B,32,8,4,32,32,2048,0.03857,0.0108324758148193,0.007394,0.0567964758148193,0.0186065,1.9860937260742184,4028.0072863495097,84.28150353539849,546.2892373308173,1.0
Llama2-7B,32,8,4,32,32,2176,0.04196,0.0108324758148193,0.007834,0.0606264758148193,0.0186065,2.1086537260742184,3793.889864930068,86.22616219375139,513.7402418598151,1.0
Llama2-7B,32,8,4,32,32,2304,0.042816,0.0108324758148193,0.008274,0.0619224758148193,0.0186065,2.150125726074219,3720.7126555369873,86.46313393402473,504.85294010431113,1.0
Llama2-7B,32,8,4,32,32,2432,0.043672,0.0108324758148193,0.008714,0.0632184758148193,0.0186065,2.1915977260742188,3650.3049372707183,86.7001082534981,496.3140470638974,1.0
Llama2-7B,32,8,4,32,32,2560,0.044528,0.0108324758148193,0.0091539999999999,0.0645144758148193,0.0186065,2.2330697260742185,3582.512407287954,86.93708515217146,488.10346945838273,1.0
Llama2-7B,32,8,4,32,32,2688,0.045384,0.0108324758148193,0.009594,0.0658104758148193,0.0186065,2.274541726074219,3517.1920164365265,87.1740871980448,480.2027542638641,1.0
Llama2-7B,32,8,4,32,32,2816,0.04624,0.0108324758148193,0.010034,0.0671064758148193,0.0186065,2.316013726074219,3454.2109616770176,87.41105893831819,472.5943930488656,1.0
Llama2-7B,32,8,4,32,32,2944,0.047096,0.0108324758148193,0.0104739999999999,0.0684024758148193,0.0186065,2.3574857260742186,3393.445784853988,87.64803325779151,465.2626192128394,1.0
Llama2-7B,32,8,4,32,32,3072,0.047952,0.0108324758148193,0.010914,0.0696984758148193,0.0186065,2.3989577260742188,3334.781564947217,87.8850101564649,458.19262051877325,1.0
Llama2-7B,32,8,4,32,32,3200,0.049534,0.0108324758148193,0.011354,0.0717204758148193,0.0186065,2.463661726074219,3247.1990433312417,88.67040128245486,447.5229200269252,1.0
Llama2-7B,32,8,4,32,32,3328,0.05039,0.0108324758148193,0.0117939999999999,0.0730164758148193,0.0186065,2.505133726074219,3193.44229680575,88.90737302272825,441.0963138654903,1.0
Llama2-7B,32,8,4,32,32,3456,0.051246,0.0108324758148193,0.012234,0.0743124758148193,0.0186065,2.5466057260742185,3141.4364297109287,89.1443473422016,434.8844170384109,1.0
Llama2-7B,32,8,4,32,32,3584,0.052102,0.0108324758148193,0.012674,0.0756084758148193,0.0186065,2.588077726074219,3091.0972724667627,89.38132424087492,428.8766469659273,1.0
Llama2-7B,32,8,4,32,32,3712,0.052958,0.0108324758148193,0.0131139999999999,0.0769044758148193,0.0186065,2.629549726074219,3042.345965422599,89.6183262867483,423.06321182233233,1.0
Llama2-7B,32,8,4,32,32,3840,0.053814,0.0108324758148193,0.013554,0.0782004758148193,0.0186065,2.6710217260742186,2995.10854663026,89.85529802702169,417.4345803462931,1.0
Llama2-7B,32,8,4,32,32,3968,0.05467,0.0108324758148193,0.013994,0.0794964758148193,0.0186065,2.712493726074219,2949.3155774330094,90.092272346495,411.9822221807893,1.0
Llama2-7B,32,8,4,32,32,4096,0.055526,0.0108324758148193,0.0144339999999999,0.0807924758148193,0.0186065,2.753965726074219,2904.901801884081,90.32924924516838,406.6979849312412,1.0
Llama2-7B,32,16,2,32,32,128,0.035963,0.0095807782745361,0.000794,0.0463377782745361,0.0332945,1.6661034047851564,9603.245485272384,70.31977852661028,977.6684165198992,1.0
Llama2-7B,32,16,2,32,32,256,0.036819,0.0095807782745361,0.001234,0.0476337782745361,0.0332945,1.707575404785156,9370.010808988602,70.55545289890182,958.1391794848016,1.0
Llama2-7B,32,16,2,32,32,384,0.037675,0.0095807782745361,0.001674,0.0489297782745361,0.0332945,1.749047404785156,9147.83667739718,70.79112985039335,939.4974100914844,1.0
Llama2-7B,32,16,2,32,32,512,0.038531,0.0095807782745361,0.002114,0.0502257782745361,0.0332945,1.7905194047851565,8935.954537683345,71.02680938108486,921.683960721041,1.0
Llama2-7B,32,16,2,32,32,640,0.039387,0.0095807782745361,0.002554,0.0515217782745361,0.0332945,1.831991404785156,8733.66542998403,71.26251405897641,904.6451120798284,1.0
Llama2-7B,32,16,2,32,32,768,0.040243,0.0095807782745361,0.002994,0.0528177782745361,0.0332945,1.873463404785156,8540.332284651613,71.4981884312679,888.3307461082416,1.0
Llama2-7B,32,16,2,32,32,896,0.041099,0.0095807782745361,0.003434,0.0541137782745361,0.0332945,1.914935404785156,8355.37322043252,71.73386538275946,872.6959948266316,1.0
Llama2-7B,32,16,2,32,32,1024,0.041955,0.0095807782745361,0.003874,0.0554097782745361,0.0332945,1.9564074047851563,8178.255695038655,71.96954491345099,857.6992600816467,1.0
Llama2-7B,32,16,2,32,32,1152,0.045381,0.0095807782745361,0.004314,0.0592757782745361,0.0332945,2.0801194047851563,7691.866131912052,73.97459581051378,815.039287482799,1.0
Llama2-7B,32,16,2,32,32,1280,0.046237,0.0095807782745361,0.004754,0.0605717782745361,0.0332945,2.121591404785156,7541.508682544953,74.21027018280532,802.4987583840351,1.0
Llama2-7B,32,16,2,32,32,1408,0.047093,0.0095807782745361,0.005194,0.0618677782745361,0.0332945,2.163063404785156,7396.916782284143,74.44594713429682,790.4141500254477,1.0
Llama2-7B,32,16,2,32,32,1536,0.047949,0.0095807782745361,0.005634,0.0631637782745361,0.0332945,2.204535404785156,7257.76504440367,74.6816266649884,778.7610447036266,1.0
Llama2-7B,32,16,2,32,32,1664,0.048805,0.0095807782745361,0.006074,0.0644597782745361,0.0332945,2.246007404785156,7123.7521149359245,74.91733134287988,767.5169689876026,1.0
Llama2-7B,32,16,2,32,32,1792,0.049661,0.0095807782745361,0.006514,0.0657557782745361,0.0332945,2.287479404785156,6994.598494102179,75.1530057151714,756.6602133985564,1.0
Llama2-7B,32,16,2,32,32,1920,0.050517,0.0095807782745361,0.006954,0.0670517782745361,0.0332945,2.328951404785156,6870.044590507885,75.38868266666294,746.1714142433533,1.0
Llama2-7B,32,16,2,32,32,2048,0.051373,0.0095807782745361,0.007394,0.0683477782745361,0.0332945,2.370423404785156,6749.848979596186,75.62436219735449,736.032178355892,1.0
Llama2-7B,32,16,2,32,32,2176,0.054763,0.0095807782745361,0.007834,0.0721777782745361,0.0332945,2.492983404785156,6418.0130398336405,77.56772348772557,708.2128762825772,1.0
Llama2-7B,32,16,2,32,32,2304,0.055619,0.0095807782745361,0.008274,0.0734737782745361,0.0332945,2.534455404785156,6312.993304120223,77.80339786001707,699.4318295907613,1.0
Llama2-7B,32,16,2,32,32,2432,0.056475,0.0095807782745361,0.008714,0.0747697782745361,0.0332945,2.575927404785156,6211.355168735617,78.03907481150866,690.9169970031753,1.0
Llama2-7B,32,16,2,32,32,2560,0.057331,0.0095807782745361,0.0091539999999999,0.0760657782745361,0.0332945,2.617399404785156,6112.937891996399,78.27475434220018,682.6564541190644,1.0
Llama2-7B,32,16,2,32,32,2688,0.058187,0.0095807782745361,0.009594,0.0773617782745361,0.0332945,2.658871404785156,6017.590760954024,78.5104590200917,674.6391721526431,1.0
Llama2-7B,32,16,2,32,32,2816,0.059043,0.0095807782745361,0.010034,0.0786577782745361,0.0332945,2.700343404785156,5925.172321285925,78.74613339238321,666.8541011837407,1.0
Llama2-7B,32,16,2,32,32,2944,0.059899,0.0095807782745361,0.0104739999999999,0.0799537782745361,0.0332945,2.741815404785156,5835.549677077452,78.9818103438748,659.2915603255045,1.0
Llama2-7B,32,16,2,32,32,3072,0.060755,0.0095807782745361,0.010914,0.0812497782745361,0.0332945,2.783287404785156,5748.597853204833,79.21748987456627,651.942143647159,1.0
Llama2-7B,32,16,2,32,32,3200,0.064145,0.0095807782745361,0.011354,0.0850797782745361,0.0332945,2.905847404785156,5506.139095140463,81.16085116493734,632.6358341642947,1.0
Llama2-7B,32,16,2,32,32,3328,0.065001,0.0095807782745361,0.0117939999999999,0.0863757782745361,0.0332945,2.947319404785156,5428.66171003489,81.39652553722892,626.1174869404233,1.0
Llama2-7B,32,16,2,32,32,3456,0.065857,0.0095807782745361,0.012234,0.0876717782745361,0.0332945,2.988791404785156,5353.334452977702,81.63220248872044,619.7686084145987,1.0
Llama2-7B,32,16,2,32,32,3584,0.066713,0.0095807782745361,0.012674,0.0889677782745361,0.0332945,3.030263404785156,5280.069044405198,81.86788201941197,613.5826751863356,1.0
Llama2-7B,32,16,2,32,32,3712,0.067569,0.0095807782745361,0.0131139999999999,0.0902637782745361,0.0332945,3.071735404785156,5208.781972260751,82.10358669730351,607.553661422424,1.0
Llama2-7B,32,16,2,32,32,3840,0.068425,0.0095807782745361,0.013554,0.0915597782745361,0.0332945,3.113207404785156,5139.394174447612,82.33926106959505,601.6752727043846,1.0
Llama2-7B,32,16,2,32,32,3968,0.069281,0.0095807782745361,0.013994,0.0928557782745361,0.0332945,3.1546794047851554,5071.83074632893,82.57493802108657,595.9421632271948,1.0
Llama2-7B,32,16,2,32,32,4096,0.070137,0.0095807782745361,0.0144339999999999,0.0941517782745361,0.0332945,3.196151404785156,5006.020670999944,82.81061755177811,590.349013728689,1.0
Llama2-7B,32,32,1,32,32,128,0.059053,0.0008207499313354,0.000794,0.0606677499313354,0.0623185,2.1536864978027346,14858.244239654892,66.68178277989644,1129.1853551876532,1.0
Llama2-7B,32,32,1,32,32,256,0.059909,0.0008207499313354,0.001234,0.0619637499313354,0.0623185,2.1951584978027343,14577.535076410526,66.91680846819709,1116.9742187016486,1.0
Llama2-7B,32,32,1,32,32,384,0.060765,0.0008207499313354,0.001674,0.0632597499313354,0.0623185,2.236630497802734,14307.235831504937,66.86456090611074,1100.3795096866745,1.0
Llama2-7B,32,32,1,32,32,512,0.061621,0.0008207499313354,0.002114,0.0645557499313354,0.0623185,2.278102497802734,14046.77797898229,67.38686758239831,1093.5698476558043,1.0
Llama2-7B,32,32,1,32,32,640,0.064285,0.0008207499313354,0.002554,0.0676597499313354,0.0623185,2.377430497802734,13459.9097763636,68.78119110866182,1069.9415277072703,1.0
Llama2-7B,32,32,1,32,32,768,0.065141,0.0008207499313354,0.002994,0.0689557499313354,0.0623185,2.4189024978027343,13229.140086906327,69.01621679696247,1059.4896731238773,1.0
Llama2-7B,32,32,1,32,32,896,0.065997,0.0008207499313354,0.003434,0.0702517499313354,0.0623185,2.4603744978027344,13006.150091613275,68.9656275905755,1044.981250520107,1.0
Llama2-7B,32,32,1,32,32,1024,0.066853,0.0008207499313354,0.003874,0.0715477499313354,0.0623185,2.501846497802734,12790.552908863212,69.48627591116366,1039.3890462830946,1.0
Llama2-7B,32,32,1,32,32,1152,0.070279,0.0008207499313354,0.004314,0.0754137499313354,0.0623185,2.625558497802734,12187.883083458251,71.49067812423553,1017.2409699090136,1.0
Llama2-7B,32,32,1,32,32,1280,0.071135,0.0008207499313354,0.004754,0.0767097499313354,0.0623185,2.667030497802734,11998.362983236822,71.72570381253615,1008.3039827445868,1.0
Llama2-7B,32,32,1,32,32,1408,0.071991,0.0008207499313354,0.005194,0.0780057499313354,0.0623185,2.7085024978027343,11814.646663962803,71.67511460614921,995.6121543824814,1.0
Llama2-7B,32,32,1,32,32,1536,0.072847,0.0008207499313354,0.005634,0.0793017499313354,0.0623185,2.749974497802734,11636.47154748832,72.1957629267374,991.0602073762464,1.0
Llama2-7B,32,32,1,32,32,1664,0.075511,0.0008207499313354,0.006074,0.0824057499313354,0.0623185,2.849302497802734,11230.81877921951,73.59008645300095,974.5611427871564,1.0
Llama2-7B,32,32,1,32,32,1792,0.076367,0.0008207499313354,0.006514,0.0837017499313354,0.0623185,2.8907744978027345,11069.697765883526,73.8251121413016,966.7148394110228,1.0
Llama2-7B,32,32,1,32,32,1920,0.077223,0.0008207499313354,0.006954,0.0849977499313354,0.0623185,2.9322464978027343,10913.134357557952,73.77452293491461,955.343912240066,1.0
Llama2-7B,32,32,1,32,32,2048,0.078079,0.0008207499313354,0.007394,0.0862937499313354,0.0623185,2.973718497802734,10760.937870765052,74.29517125550282,951.538457914456,1.0
Llama2-7B,32,32,1,32,32,2176,0.081469,0.0008207499313354,0.007834,0.0901237499313354,0.0623185,3.0962784978027345,10334.987638453296,76.23788386188299,935.7901025160858,1.0
Llama2-7B,32,32,1,32,32,2304,0.082325,0.0008207499313354,0.008274,0.0914197499313354,0.0623185,3.137750497802734,10198.388948518555,76.4729095501836,928.9147834823395,1.0
Llama2-7B,32,32,1,32,32,2432,0.083181,0.0008207499313354,0.008714,0.0927157499313354,0.0623185,3.1792224978027344,10065.35403612558,76.42232034379666,918.7473142159462,1.0
Llama2-7B,32,32,1,32,32,2560,0.084037,0.0008207499313354,0.0091539999999999,0.0940117499313354,0.0623185,3.220694497802734,9935.7452319155,76.94296866438482,915.5844290536888,1.0
Llama2-7B,32,32,1,32,32,2688,0.086701,0.0008207499313354,0.009594,0.0971157499313354,0.0623185,3.3200224978027344,9638.488902162057,78.33729219064837,903.5338945415668,1.0
Llama2-7B,32,32,1,32,32,2816,0.087557,0.0008207499313354,0.010034,0.0984117499313354,0.0623185,3.361494497802734,9519.575302270176,78.57231787894905,897.3847651124296,1.0
Llama2-7B,32,32,1,32,32,2944,0.088413,0.0008207499313354,0.0104739999999999,0.0997077499313354,0.0623185,3.4029664978027343,9403.560105767165,78.52172867256205,888.1242427308432,1.0
Llama2-7B,32,32,1,32,32,3072,0.089269,0.0008207499313354,0.010914,0.1010037499313354,0.0623185,3.4444384978027345,9290.338619897942,79.04237699315024,885.4403767618124,1.0
Llama2-7B,32,32,1,32,32,3200,0.092659,0.0008207499313354,0.011354,0.1048337499313354,0.0623185,3.5669984978027345,8971.127972078471,80.98508959953041,874.0121261780337,1.0
Llama2-7B,32,32,1,32,32,3328,0.093515,0.0008207499313354,0.0117939999999999,0.1061297499313354,0.0623185,3.608470497802734,8868.02317477319,81.22011528783104,868.5249990678609,1.0
Llama2-7B,32,32,1,32,32,3456,0.094371,0.0008207499313354,0.012234,0.1074257499313354,0.0623185,3.649942497802734,8767.261407341077,81.16952608144406,860.1109035767776,1.0
Llama2-7B,32,32,1,32,32,3584,0.095227,0.0008207499313354,0.012674,0.1087217499313354,0.0623185,3.691414497802735,8668.763699944175,81.69017440203224,857.846770370087,1.0
Llama2-7B,32,32,1,32,32,3712,0.097891,0.0008207499313354,0.0131139999999999,0.1118257499313354,0.0623185,3.7907424978027344,8441.617972876944,83.08449792829576,848.7450115771195,1.0
Llama2-7B,32,32,1,32,32,3840,0.098747,0.0008207499313354,0.013554,0.1131217499313354,0.0623185,3.832214497802734,8350.263279455716,83.3195236165964,843.7676447547411,1.0
Llama2-7B,32,32,1,32,32,3968,0.099603,0.0008207499313354,0.013994,0.1144177499313354,0.0623185,3.873686497802734,8260.864687462787,83.26893441020945,836.0082970413487,1.0
Llama2-7B,32,32,1,32,32,4096,0.100459,0.0008207499313354,0.0144339999999999,0.1157137499313354,0.0623185,3.915158497802736,8173.360035860373,83.78958273079765,834.0674576772382,1.0
