Model,Device number,Pipeline parallelism,Tensor parallelism,Channels per device,Channels per block,Sequence length,PIM latency,CXL latency,Acc latency,TransformerBlock latency,Embedding latency,Token latency (ms),Throughput (tokens/s),Token energy (mJ),Total power (W),Device utilization
Llama2-13B,8,1,8,32,32,128,0.0294185,0.0047594247860378,0.00098525,0.0351631747860378,0.016064,1.5725909914415148,635.893252245678,214.71102641142213,182.46258851693847,1.0
Llama2-13B,8,1,8,32,32,256,0.0305385,0.0047594247860378,0.00153525,0.0368331747860378,0.016064,1.6393909914415148,609.982612580237,215.186200839753,176.15976622931137,1.0
Llama2-13B,8,1,8,32,32,384,0.0316155,0.0047594247860378,0.00208525,0.0384601747860378,0.016064,1.7044709914415144,586.6922963319397,215.660916051518,170.53416524451455,1.0
Llama2-13B,8,1,8,32,32,512,0.0327355,0.0047594247860378,0.00263525,0.0401301747860378,0.016064,1.7712709914415148,564.5663508474044,216.1361023683488,165.06247221544567,1.0
Llama2-13B,8,1,8,32,32,640,0.0338985,0.0047594247860378,0.00318525,0.0418431747860378,0.016064,1.839790991441515,543.5400024523867,216.6117716787456,159.75026304906237,1.0
Llama2-13B,8,1,8,32,32,768,0.0350185,0.0047594247860378,0.00373525,0.0435131747860378,0.016064,1.906590991441515,524.4963416322086,217.0869461070765,154.98018626374386,1.0
Llama2-13B,8,1,8,32,32,896,0.0360955,0.0047594247860378,0.00428525,0.0451401747860378,0.016064,1.971670991441515,507.184010081158,217.56166131884137,150.6847538604822,1.0
Llama2-13B,8,1,8,32,32,1024,0.0372155,0.0047594247860378,0.00483525,0.0468101747860378,0.016064,2.038470991441515,490.56376283914886,218.0368476356724,146.46911074395908,1.0
Llama2-13B,8,1,8,32,32,1152,0.0397685,0.0047594247860378,0.00538525,0.0499131747860378,0.016064,2.162590991441515,462.4082889263455,219.8241663253442,138.18987787152153,1.0
Llama2-13B,8,1,8,32,32,1280,0.0408885,0.0047594247860378,0.00593525,0.0515831747860378,0.016064,2.229390991441514,448.5529922023253,220.29934075367504,134.6951714746659,1.0
Llama2-13B,8,1,8,32,32,1408,0.0419655,0.0047594247860378,0.00648525,0.0532101747860378,0.016064,2.2944709914415147,435.8303084807118,220.77405596544003,131.52116379254392,1.0
Llama2-13B,8,1,8,32,32,1536,0.0430855,0.0047594247860378,0.00703525,0.0548801747860378,0.016064,2.361270991441515,423.50073482650856,221.2492422822709,128.37801713005013,1.0
Llama2-13B,8,1,8,32,32,1664,0.0442485,0.0047594247860378,0.00758525,0.0565931747860378,0.016064,2.429790991441515,411.55803257247777,221.72491159266767,125.27255816167089,1.0
Llama2-13B,8,1,8,32,32,1792,0.0453685,0.0047594247860378,0.00813525,0.0582631747860378,0.016064,2.4965909914415145,400.54618615066255,222.20008602099853,122.4418296951622,1.0
Llama2-13B,8,1,8,32,32,1920,0.0464455,0.0047594247860378,0.0086852499999999,0.0598901747860378,0.016064,2.561670991441515,390.3701932609525,222.6748012327636,119.85811393609904,1.0
Llama2-13B,8,1,8,32,32,2048,0.0475655,0.0047594247860378,0.00923525,0.0615601747860378,0.016064,2.6284709914415147,380.4493194926137,223.1499875495944,117.28563115577174,1.0
Llama2-13B,8,1,8,32,32,2176,0.0500865,0.0047594247860378,0.0097852499999999,0.0646311747860378,0.016064,2.7513109914415144,363.46309199893926,224.856220057725,112.23394530348747,1.0
Llama2-13B,8,1,8,32,32,2304,0.0512065,0.0047594247860378,0.01033525,0.0663011747860378,0.016064,2.818110991441515,354.8476277325336,225.33139448605587,110.01112870732032,1.0
Llama2-13B,8,1,8,32,32,2432,0.0522835,0.0047594247860378,0.0108852499999999,0.0679281747860378,0.016064,2.8831909914415146,346.8379316418536,225.8061096978209,107.97197476155044,1.0
Llama2-13B,8,1,8,32,32,2560,0.0534035,0.0047594247860378,0.01143525,0.0695981747860378,0.016064,2.9499909914415143,338.984086019649,226.28129601465173,105.9299933593546,1.0
Llama2-13B,8,1,8,32,32,2688,0.0545665,0.0047594247860378,0.01198525,0.0713111747860378,0.016064,3.0185109914415147,331.289169671846,226.75696532504847,103.89019147510312,1.0
Llama2-13B,8,1,8,32,32,2816,0.0556865,0.0047594247860378,0.01253525,0.0729811747860378,0.016064,3.085310991441515,324.1164351904705,227.23213975337944,102.01401585365366,1.0
Llama2-13B,8,1,8,32,32,2944,0.0567635,0.0047594247860378,0.01308525,0.0746081747860378,0.016064,3.150390991441515,317.4209178215156,227.7068549651444,100.28753290633256,1.0
Llama2-13B,8,1,8,32,32,3072,0.0578835,0.0047594247860378,0.01363525,0.0762781747860378,0.016064,3.2171909914415147,310.830162915486,228.1820412819752,98.55228229200692,1.0
Llama2-13B,8,1,8,32,32,3200,0.0604045,0.0047594247860378,0.01418525,0.0793491747860378,0.016064,3.3400309914415147,299.3984195243688,229.88827379010587,95.14534256144236,1.0
Llama2-13B,8,1,8,32,32,3328,0.0615245,0.0047594247860378,0.0147352499999999,0.0810191747860378,0.016064,3.406830991441515,293.5279156823905,230.3634482184368,93.60638778796935,1.0
Llama2-13B,8,1,8,32,32,3456,0.0626015,0.0047594247860378,0.01528525,0.0826461747860378,0.016064,3.471910991441515,288.0258170399716,230.8381634302017,92.1855560290894,1.0
Llama2-13B,8,1,8,32,32,3584,0.0637215,0.0047594247860378,0.01583525,0.0843161747860378,0.016064,3.5387109914415147,282.5887738271172,231.31334974703253,90.75168889112484,1.0
Llama2-13B,8,1,8,32,32,3712,0.0648845,0.0047594247860378,0.01638525,0.0860291747860378,0.016064,3.607230991441515,277.2209493577182,231.78901905742936,89.30831672334276,1.0
Llama2-13B,8,1,8,32,32,3840,0.0660045,0.0047594247860378,0.01693525,0.0876991747860378,0.016064,3.6740309914415135,272.18061097727644,232.2641934857602,87.97286301909729,1.0
Llama2-13B,8,1,8,32,32,3968,0.0670815,0.0047594247860378,0.01748525,0.0893261747860378,0.016064,3.7391109914415153,267.44325116021133,232.73890869752512,86.73736749235076,1.0
Llama2-13B,8,1,8,32,32,4096,0.0682015,0.0047594247860378,0.01803525,0.0909961747860378,0.016064,3.805910991441515,262.74918206146566,233.21409501435605,85.48715754578566,1.0
Llama2-13B,8,2,4,32,32,128,0.0368805,0.0045839222208658,0.00098525,0.0424496722208658,0.024332,1.8723188888346352,1068.1941051424396,158.74198259568192,215.21126692382413,1.0
Llama2-13B,8,2,4,32,32,256,0.0380005,0.0045839222208658,0.00153525,0.0441196722208658,0.024332,1.939118888834636,1031.3962756569056,159.21310274906963,209.488168246562,1.0
Llama2-13B,8,2,4,32,32,384,0.0390775,0.0045839222208658,0.00208525,0.0457466722208658,0.024332,2.004198888834636,997.9049540152788,159.68376368589128,204.3167598821461,1.0
Llama2-13B,8,2,4,32,32,512,0.0401975,0.0045839222208658,0.00263525,0.0474166722208658,0.024332,2.070998888834635,965.7175630477587,160.154895727779,199.21002018506,1.0
Llama2-13B,8,2,4,32,32,640,0.0413605,0.0045839222208658,0.00318525,0.0491296722208658,0.024332,2.1395188888346355,934.7895970618752,160.62651076323257,194.17863754455647,1.0
Llama2-13B,8,2,4,32,32,768,0.0424805,0.0045839222208658,0.00373525,0.0507996722208658,0.024332,2.2063188888346352,906.4872762143592,161.09763091662018,189.6136237998849,1.0
Llama2-13B,8,2,4,32,32,896,0.0435575,0.0045839222208658,0.00428525,0.0524266722208658,0.024332,2.271398888834635,880.5146510510627,161.5682918534419,185.46552471266943,1.0
Llama2-13B,8,2,4,32,32,1024,0.0446775,0.0045839222208658,0.00483525,0.0540966722208658,0.024332,2.338198888834635,855.3592295122533,162.03942389532966,181.343432259336,1.0
Llama2-13B,8,2,4,32,32,1152,0.0472305,0.0045839222208658,0.00538525,0.0571996722208658,0.024332,2.462318888834635,812.2424796678382,163.8226883100583,173.42891596538078,1.0
Llama2-13B,8,2,4,32,32,1280,0.0483505,0.0045839222208658,0.00593525,0.0588696722208658,0.024332,2.529118888834635,790.7892384298145,164.29380846344608,169.89876884773275,1.0
Llama2-13B,8,2,4,32,32,1408,0.0494275,0.0045839222208658,0.00648525,0.0604966722208658,0.024332,2.594198888834635,770.9509122866209,164.76446940026773,166.67287380533895,1.0
Llama2-13B,8,2,4,32,32,1536,0.0505475,0.0045839222208658,0.00703525,0.0621666722208658,0.024332,2.6609988888346354,751.5974577786784,165.23560144215537,163.44586917469255,1.0
Llama2-13B,8,2,4,32,32,1664,0.0517105,0.0045839222208658,0.00758525,0.0638796722208658,0.024332,2.729518888834635,732.7298624608155,165.70721647760897,160.22588882104117,1.0
Llama2-13B,8,2,4,32,32,1792,0.0528305,0.0045839222208658,0.00813525,0.0655496722208658,0.024332,2.796318888834635,715.2260094461184,166.17833663099668,157.27499894094953,1.0
Llama2-13B,8,2,4,32,32,1920,0.0539075,0.0045839222208658,0.0086852499999999,0.0671766722208658,0.024332,2.8613988888346347,698.9588231840484,166.6489975678184,154.5693990333613,1.0
Llama2-13B,8,2,4,32,32,2048,0.0550275,0.0045839222208658,0.00923525,0.0688466722208658,0.024332,2.928198888834635,683.0137145485908,167.12012960970608,151.8514648218673,1.0
Llama2-13B,8,2,4,32,32,2176,0.0598085,0.0045839222208658,0.0097852499999999,0.0741776722208658,0.024332,3.141438888834635,636.650933146731,170.6336633622106,142.65001075282825,1.0
Llama2-13B,8,2,4,32,32,2304,0.0609285,0.0045839222208658,0.01033525,0.0758476722208658,0.024332,3.208238888834635,623.3949744080569,171.1047835155982,140.41440665337095,1.0
Llama2-13B,8,2,4,32,32,2432,0.0620055,0.0045839222208658,0.0108852499999999,0.0774746722208658,0.024332,3.2733188888346354,611.0006595513945,171.57544445242002,138.35502048400542,1.0
Llama2-13B,8,2,4,32,32,2560,0.0631255,0.0045839222208658,0.01143525,0.0791446722208658,0.024332,3.3401188888346347,598.7810813218683,172.0465764943077,136.2734366415376,1.0
Llama2-13B,8,2,4,32,32,2688,0.0642885,0.0045839222208658,0.01198525,0.0808576722208658,0.024332,3.408638888834635,586.7444646457611,172.51819152976125,134.1750013841987,1.0
Llama2-13B,8,2,4,32,32,2816,0.0654085,0.0045839222208658,0.01253525,0.0825276722208658,0.024332,3.475438888834635,575.4668874844263,172.9893116831489,132.23763859677942,1.0
Llama2-13B,8,2,4,32,32,2944,0.0664855,0.0045839222208658,0.01308525,0.0841546722208659,0.024332,3.540518888834636,564.8889506866327,173.45997261997064,130.44947591577906,1.0
Llama2-13B,8,2,4,32,32,3072,0.0676055,0.0045839222208658,0.01363525,0.0858246722208658,0.024332,3.607318888834635,554.4283889595664,173.9311046618583,128.6368007498342,1.0
Llama2-13B,8,2,4,32,32,3200,0.0701265,0.0045839222208658,0.01418525,0.0888956722208658,0.024332,3.730158888834634,536.1701899580031,175.63328289504574,125.22604357485812,1.0
Llama2-13B,8,2,4,32,32,3328,0.0712465,0.0045839222208658,0.0147352499999999,0.0905656722208659,0.024332,3.7969588888346353,526.7373333646605,176.10440304843334,123.58810822176063,1.0
Llama2-13B,8,2,4,32,32,3456,0.0723235,0.0045839222208658,0.01528525,0.0921926722208658,0.024332,3.8620388888346353,517.8611758110745,176.5750639852552,122.07309103213696,1.0
Llama2-13B,8,2,4,32,32,3584,0.0734435,0.0045839222208658,0.01583525,0.0938626722208658,0.024332,3.928838888834635,509.0562521369352,177.04619602714277,120.53224317137854,1.0
Llama2-13B,8,2,4,32,32,3712,0.0746065,0.0045839222208658,0.01638525,0.0955756722208659,0.024332,3.9973588888346354,500.33035702307615,177.51781106259637,118.9694001612436,1.0
Llama2-13B,8,2,4,32,32,3840,0.0757265,0.0045839222208658,0.01693525,0.0972456722208658,0.024332,4.064158888834635,492.1067445208777,177.98893121598402,117.52090167641713,1.0
Llama2-13B,8,2,4,32,32,3968,0.0768035,0.0045839222208658,0.01748525,0.0988726722208658,0.024332,4.129238888834635,484.3507614461234,178.45959215280578,116.1793356766331,1.0
Llama2-13B,8,2,4,32,32,4096,0.0779235,0.0045839222208658,0.01803525,0.1005426722208659,0.024332,4.196038888834637,476.64000572584274,178.93072419469345,114.81178604316636,1.0
Llama2-13B,8,4,2,32,32,128,0.0529935,0.0042163602447509,0.00098525,0.0581951102447509,0.040868,2.51867240979004,1588.138252696962,134.55749376175632,253.91320400003067,1.0
Llama2-13B,8,4,2,32,32,256,0.0541135,0.0042163602447509,0.00153525,0.0598651102447509,0.040868,2.5854724097900394,1547.1060471787555,135.02658677767232,249.5247706721472,1.0
Llama2-13B,8,4,2,32,32,384,0.0551905,0.0042163602447509,0.00208525,0.0614921102447509,0.040868,2.650552409790039,1509.1193764838083,135.49522057702254,245.50460781660337,1.0
Llama2-13B,8,4,2,32,32,512,0.0563105,0.0042163602447509,0.00263525,0.0631621102447509,0.040868,2.7173524097900392,1472.0210693279444,135.96432548143852,241.45465851206887,1.0
Llama2-13B,8,4,2,32,32,640,0.0574735,0.0042163602447509,0.00318525,0.0648751102447509,0.040868,2.7858724097900387,1435.815935411581,136.4339133794205,237.38577497354527,1.0
Llama2-13B,8,4,2,32,32,768,0.0585935,0.0042163602447509,0.00373525,0.0665451102447509,0.040868,2.852672409790039,1402.1939519842751,136.9030063953366,233.6487944828976,1.0
Llama2-13B,8,4,2,32,32,896,0.0596705,0.0042163602447509,0.00428525,0.0681721102447509,0.040868,2.91775240979004,1370.9182405534673,137.3716401946868,230.21700873075764,1.0
Llama2-13B,8,4,2,32,32,1024,0.0607905,0.0042163602447509,0.00483525,0.0698421102447509,0.040868,2.9845524097900387,1340.2344642630676,137.84074509910278,226.7471810547748,1.0
Llama2-13B,8,4,2,32,32,1152,0.0656035,0.0042163602447509,0.00538525,0.0752051102447509,0.040868,3.1990724097900385,1250.3624449883985,141.43333789567694,215.5880980369599,1.0
Llama2-13B,8,4,2,32,32,1280,0.0667235,0.0042163602447509,0.00593525,0.0768751102447509,0.040868,3.265872409790039,1224.7875906019112,141.90243091159303,212.67234319481585,1.0
Llama2-13B,8,4,2,32,32,1408,0.0678005,0.0042163602447509,0.00648525,0.0785021102447509,0.040868,3.3309524097900387,1200.8577451432675,142.37106471094316,209.98527254362904,1.0
Llama2-13B,8,4,2,32,32,1536,0.0689205,0.0042163602447509,0.00703525,0.0801721102447509,0.040868,3.3977524097900385,1177.2488155625138,142.84016961535917,207.2535306844252,1.0
Llama2-13B,8,4,2,32,32,1664,0.0700835,0.0042163602447509,0.00758525,0.0818851102447509,0.040868,3.46627240979004,1153.977393323882,143.30975751334122,204.48430445588653,1.0
Llama2-13B,8,4,2,32,32,1792,0.0712035,0.0042163602447509,0.00813525,0.0835551102447509,0.040868,3.533072409790039,1132.15907744096,143.77885052925726,201.92666165182507,1.0
Llama2-13B,8,4,2,32,32,1920,0.0722805,0.0042163602447509,0.0086852499999999,0.0851821102447509,0.040868,3.598152409790039,1111.6816478136373,144.24748432860738,199.56625137984304,1.0
Llama2-13B,8,4,2,32,32,2048,0.0734005,0.0042163602447509,0.00923525,0.0868521102447509,0.040868,3.664952409790039,1091.419356310047,144.71658923302346,197.1602226592782,1.0
Llama2-13B,8,4,2,32,32,2176,0.0781815,0.0042163602447509,0.0097852499999999,0.0921831102447509,0.040868,3.878192409790039,1031.4083411391534,148.22809584805634,189.5948476916616,1.0
Llama2-13B,8,4,2,32,32,2304,0.0793015,0.0042163602447509,0.01033525,0.0938531102447509,0.040868,3.944992409790039,1013.9436491876264,148.69718886397249,187.50867116507555,1.0
Llama2-13B,8,4,2,32,32,2432,0.0803785,0.0042163602447509,0.0108852499999999,0.0954801102447509,0.040868,4.010072409790039,997.488222465647,149.16582266332256,185.5792564719702,1.0
Llama2-13B,8,4,2,32,32,2560,0.0814985,0.0042163602447509,0.01143525,0.0971501102447509,0.040868,4.076872409790039,981.1442689240308,149.63492756773863,183.60451734417032,1.0
Llama2-13B,8,4,2,32,32,2688,0.0826615,0.0042163602447509,0.01198525,0.0988631102447509,0.040868,4.145392409790039,964.9267438598404,150.10451546572062,181.5893922390964,1.0
Llama2-13B,8,4,2,32,32,2816,0.0837815,0.0042163602447509,0.01253525,0.1005331102447509,0.040868,4.212192409790038,949.6242362298414,150.5736084816367,179.72178641064758,1.0
Llama2-13B,8,4,2,32,32,2944,0.0848585,0.0042163602447509,0.01308525,0.1021601102447509,0.040868,4.277272409790038,935.1754147911172,151.0422422809868,177.99306172155624,1.0
Llama2-13B,8,4,2,32,32,3072,0.0859785,0.0042163602447509,0.01363525,0.1038301102447509,0.040868,4.344072409790039,920.7949644175776,151.51134718540294,176.22004010933298,1.0
Llama2-13B,8,4,2,32,32,3200,0.0907595,0.0042163602447509,0.01418525,0.1091611102447509,0.040868,4.557312409790039,877.7102906983472,155.02285380043574,170.80620078386912,1.0
Llama2-13B,8,4,2,32,32,3328,0.0918795,0.0042163602447509,0.0147352499999999,0.1108311102447509,0.040868,4.62411240979004,865.030874148153,155.49194681635186,169.23464626641612,1.0
Llama2-13B,8,4,2,32,32,3456,0.0929565,0.0042163602447509,0.01528525,0.1124581102447509,0.040868,4.689192409790039,853.0253507296585,155.960580615702,167.77802586769295,1.0
Llama2-13B,8,4,2,32,32,3584,0.0940765,0.0042163602447509,0.01583525,0.1141281102447509,0.040868,4.755992409790039,841.0442354294224,156.42968552011808,166.2792360686442,1.0
Llama2-13B,8,4,2,32,32,3712,0.0952395,0.0042163602447509,0.01638525,0.1158411102447509,0.040868,4.82451240979004,829.0993286457476,156.89927341810002,164.7418071473495,1.0
Llama2-13B,8,4,2,32,32,3840,0.0963595,0.0042163602447509,0.01693525,0.1175111102447509,0.040868,4.891312409790039,817.7764298992508,157.36836643401608,163.3138055241217,1.0
Llama2-13B,8,4,2,32,32,3968,0.0974365,0.0042163602447509,0.01748525,0.1191381102447509,0.040868,4.956392409790039,807.0386017255335,157.83700023336624,161.9896037248528,1.0
Llama2-13B,8,4,2,32,32,4096,0.0985565,0.0042163602447509,0.01803525,0.1208081102447509,0.040868,5.023192409790039,796.3063473746555,158.30610513778234,160.6247230144966,1.0
Llama2-13B,8,8,1,32,32,128,0.088095,0.0035309068298339,0.00098525,0.0926111568298339,0.077148,3.93159427319336,2034.7979583107283,126.97775525863824,288.27460186988634,1.0
Llama2-13B,8,8,1,32,32,256,0.089215,0.0035309068298339,0.00153525,0.0942811568298339,0.077148,3.9983942731933593,2000.803185827573,127.44583470581848,285.7049480598968,1.0
Llama2-13B,8,8,1,32,32,384,0.090292,0.0035309068298339,0.00208525,0.0959081568298339,0.077148,4.06347427319336,1968.7586193853383,127.46711666635927,282.3442091577533,1.0
Llama2-13B,8,8,1,32,32,512,0.091412,0.0035309068298339,0.00263525,0.0975781568298339,0.077148,4.13027427319336,1936.917374209807,128.381546272113,280.88554297491163,1.0
Llama2-13B,8,8,1,32,32,640,0.094835,0.0035309068298339,0.00318525,0.1015511568298339,0.077148,4.28919427319336,1865.1521685549344,130.66147612067633,275.5553880332711,1.0
Llama2-13B,8,8,1,32,32,768,0.095955,0.0035309068298339,0.00373525,0.1032211568298339,0.077148,4.355994273193359,1836.5497055934457,131.12955556785653,273.3146903608079,1.0
Llama2-13B,8,8,1,32,32,896,0.097032,0.0035309068298339,0.00428525,0.1048481568298339,0.077148,4.421074273193359,1809.514951718187,131.15089849552157,270.32504430604666,1.0
Llama2-13B,8,8,1,32,32,1024,0.098152,0.0035309068298339,0.00483525,0.1065181568298339,0.077148,4.48787427319336,1782.5811315136457,132.06526713415116,269.103568208801,1.0
Llama2-13B,8,8,1,32,32,1152,0.102965,0.0035309068298339,0.00538525,0.1118811568298339,0.077148,4.70239427319336,1701.2610034860522,135.65684636198952,263.50089129702235,1.0
Llama2-13B,8,8,1,32,32,1280,0.104085,0.0035309068298339,0.00593525,0.1135511568298339,0.077148,4.76919427319336,1677.432191212323,136.12492580916975,261.5649244543783,1.0
Llama2-13B,8,8,1,32,32,1408,0.105162,0.0035309068298339,0.00648525,0.1151781568298339,0.077148,4.83427427319336,1654.8502521590417,136.14626873683474,258.92673919635376,1.0
Llama2-13B,8,8,1,32,32,1536,0.106282,0.0035309068298339,0.00703525,0.1168481568298339,0.077148,4.90107427319336,1632.295197760285,137.06063737546438,257.91881480488587,1.0
Llama2-13B,8,8,1,32,32,1664,0.109705,0.0035309068298339,0.00758525,0.1208211568298339,0.077148,5.05999427319336,1581.029457361659,139.34056722402764,254.02774207926288,1.0
Llama2-13B,8,8,1,32,32,1792,0.110825,0.0035309068298339,0.00813525,0.1224911568298339,0.077148,5.12679427319336,1560.4293002022466,139.8086466712079,252.3052500269938,1.0
Llama2-13B,8,8,1,32,32,1920,0.111902,0.0035309068298339,0.0086852499999999,0.1241181568298339,0.077148,5.19187427319336,1540.8693622080816,139.82998959887286,249.9150856979731,1.0
Llama2-13B,8,8,1,32,32,2048,0.113022,0.0035309068298339,0.00923525,0.1257881568298339,0.077148,5.25867427319336,1521.295973926515,140.74435823750247,249.0565699377157,1.0
Llama2-13B,8,8,1,32,32,2176,0.117803,0.0035309068298339,0.0097852499999999,0.131119156829834,0.077148,5.47191427319336,1462.0112086169931,144.25485128379955,244.90862080558148,1.0
Llama2-13B,8,8,1,32,32,2304,0.118923,0.0035309068298339,0.01033525,0.1327891568298339,0.077148,5.538714273193359,1444.378533610036,144.72293073097987,243.38930355100337,1.0
Llama2-13B,8,8,1,32,32,2432,0.12,0.0035309068298339,0.0108852499999999,0.134416156829834,0.077148,5.60379427319336,1427.6041571099906,144.74427365864483,241.24045609774143,1.0
Llama2-13B,8,8,1,32,32,2560,0.12112,0.0035309068298339,0.01143525,0.136086156829834,0.077148,5.67059427319336,1410.7868795724737,145.65864229727444,240.51955465203844,1.0
Llama2-13B,8,8,1,32,32,2688,0.124543,0.0035309068298339,0.01198525,0.140059156829834,0.077148,5.82951427319336,1372.3270284777373,147.93857214583767,237.57027234904845,1.0
Llama2-13B,8,8,1,32,32,2816,0.125663,0.0035309068298339,0.01253525,0.1417291568298339,0.077148,5.89631427319336,1356.7797829859082,148.40665159301804,236.19784915690056,1.0
Llama2-13B,8,8,1,32,32,2944,0.12674,0.0035309068298339,0.01308525,0.1433561568298339,0.077148,5.961394273193359,1341.9679412874357,148.42799452068294,234.22438775553573,1.0
Llama2-13B,8,8,1,32,32,3072,0.12786,0.0035309068298339,0.01363525,0.145026156829834,0.077148,6.02819427319336,1327.0972429629578,149.34236315931255,233.6029456582397,1.0
Llama2-13B,8,8,1,32,32,3200,0.132641,0.0035309068298339,0.01418525,0.150357156829834,0.077148,6.24143427319336,1281.7566683926464,152.85285620560964,230.47603109990072,1.0
Llama2-13B,8,8,1,32,32,3328,0.133761,0.0035309068298339,0.0147352499999999,0.1520271568298339,0.077148,6.308234273193359,1268.183718857073,153.32093565278993,229.2460966242626,1.0
Llama2-13B,8,8,1,32,32,3456,0.134838,0.0035309068298339,0.01528525,0.153654156829834,0.077148,6.37331427319336,1255.233879435163,153.34227858045483,227.44668206359472,1.0
Llama2-13B,8,8,1,32,32,3584,0.135958,0.0035309068298339,0.01583525,0.1553241568298339,0.077148,6.44011427319336,1242.213982646175,154.2566472190845,226.91808826120496,1.0
Llama2-13B,8,8,1,32,32,3712,0.139381,0.0035309068298339,0.01638525,0.1592971568298339,0.077148,6.59903427319336,1212.2985983718334,156.5365770676478,224.61680870082404,1.0
Llama2-13B,8,8,1,32,32,3840,0.140501,0.0035309068298339,0.01693525,0.1609671568298339,0.077148,6.66583427319336,1200.1498495352614,157.004656514828,223.49258228030843,1.0
Llama2-13B,8,8,1,32,32,3968,0.141578,0.0035309068298339,0.01748525,0.162594156829834,0.077148,6.730914273193361,1188.5458164072777,157.02599944249303,221.82259876886675,1.0
Llama2-13B,8,8,1,32,32,4096,0.142698,0.0035309068298339,0.01803525,0.1642641568298339,0.077148,6.79771427319336,1176.866175671406,157.94036808112264,221.36311382236983,1.0
Llama2-13B,8,40,1,32,6,128,0.4325995,0.0003588139343261,0.00492625,0.4378845639343262,0.3976785,18.063061057373048,2214.464086289109,120.0008462315569,277.39478716817035,1.0
Llama2-13B,8,40,1,32,6,256,0.4401955,0.0003588139343261,0.00767625,0.4482305639343262,0.3976785,18.47690105737305,2164.865194428172,120.7069548618065,274.2121508779769,1.0
Llama2-13B,8,40,1,32,6,384,0.4477915,0.0003588139343261,0.01042625,0.4585765639343262,0.3976785,18.89074105737305,2117.439431228031,121.37724668875862,271.05750486277344,1.0
Llama2-13B,8,40,1,32,6,512,0.4576475,0.0003588139343261,0.01317625,0.4711825639343261,0.3976785,19.394981057373048,2062.3892274849068,122.45911114542164,267.58391807105176,1.0
Llama2-13B,8,40,1,32,6,640,0.4652435,0.0003588139343261,0.01592625,0.4815285639343261,0.3976785,19.808821057373045,2019.3024049309383,123.16521977567125,264.7328114754344,1.0
Llama2-13B,8,40,1,32,6,768,0.4728395,0.0003588139343261,0.01867625,0.4918745639343262,0.3976785,20.22266105737305,1977.9790546119184,123.83457503062338,261.8955798545244,1.0
Llama2-13B,8,40,1,32,6,896,0.4826955,0.0003588139343261,0.02142625,0.5044805639343262,0.3976785,20.726901057373045,1929.859166562242,124.91737605928638,258.7912587941806,1.0
Llama2-13B,8,40,1,32,6,1024,0.4902915,0.0003588139343261,0.02417625,0.5148265639343261,0.3976785,21.140741057373045,1892.0812610799944,125.62348468953596,256.22203258579026,1.0
Llama2-13B,8,40,1,32,6,1152,0.5024995,0.0003588139343261,0.02692625,0.5297845639343262,0.3976785,21.739061057373046,1840.0058721226856,127.07590570537867,252.88762616754573,1.0
Llama2-13B,8,40,1,32,6,1280,0.5123555,0.0003588139343261,0.02967625,0.542390563934326,0.3976785,22.24330105737304,1798.2942323545583,128.15982916964165,250.13848620663128,1.0
Llama2-13B,8,40,1,32,6,1408,0.5199515,0.0003588139343261,0.03242625,0.5527365639343261,0.3976785,22.65714105737305,1765.4478073253322,128.86593779989133,247.8422272075209,1.0
Llama2-13B,8,40,1,32,6,1536,0.5275475,0.0003588139343261,0.03517625,0.5630825639343261,0.3976785,23.070981057373043,1733.7797599732658,129.53323404724338,245.53852316093509,1.0
Llama2-13B,8,40,1,32,6,1664,0.5374035,0.0003588139343261,0.03792625,0.5756885639343262,0.3976785,23.57522105737305,1696.696709763838,130.6180940835064,243.05404427679835,1.0
Llama2-13B,8,40,1,32,6,1792,0.5449995,0.0003588139343261,0.04067625,0.5860345639343261,0.3976785,23.989061057373043,1667.426661857863,131.32420271375597,240.96206090786507,1.0
Llama2-13B,8,40,1,32,6,1920,0.5525955,0.0003588139343261,0.0434262499999999,0.5963805639343261,0.3976785,24.402901057373047,1639.1493743287738,131.9905623891081,238.85565913784703,1.0
Llama2-13B,8,40,1,32,6,2048,0.5624515,0.0003588139343261,0.04617625,0.6089865639343262,0.3976785,24.90714105737305,1605.9651289508054,133.07635899737113,236.60059400209823,1.0
Llama2-13B,8,40,1,32,6,2176,0.5746595,0.0003588139343261,0.0489262499999999,0.6239445639343261,0.3976785,25.505461057373044,1568.2915870457052,134.5666558241113,234.1676346151265,1.0
Llama2-13B,8,40,1,32,6,2304,0.5822555,0.0003588139343261,0.05167625,0.6342905639343261,0.3976785,25.919301057373044,1543.2514909047495,135.23189306386342,232.2552437269608,1.0
Llama2-13B,8,40,1,32,6,2432,0.5921115,0.0003588139343261,0.0544262499999999,0.6468965639343262,0.3976785,26.423541057373047,1513.8016480512051,136.31881210772642,230.2249020796361,1.0
Llama2-13B,8,40,1,32,6,2560,0.5997075,0.0003588139343261,0.05717625,0.6572425639343261,0.3976785,26.837381057373044,1490.4583988462905,137.02492073797606,228.4862549459129,1.0
Llama2-13B,8,40,1,32,6,2688,0.6073035,0.0003588139343261,0.05992625,0.6675885639343261,0.3976785,27.251221057373044,1467.8241358721675,137.68922140572815,226.72225897879423,1.0
Llama2-13B,8,40,1,32,6,2816,0.6171595,0.0003588139343261,0.06267625,0.6801945639343261,0.3976785,27.755461057373044,1441.15782898783,138.77707702159114,224.8641996462684,1.0
Llama2-13B,8,40,1,32,6,2944,0.6247555,0.0003588139343261,0.0654262499999999,0.6905405639343262,0.3976785,28.169301057373048,1419.9855338451991,139.48318565184076,223.26043652571408,1.0
Llama2-13B,8,40,1,32,6,3072,0.6323515,0.0003588139343261,0.06817625,0.7008865639343261,0.3976785,28.583141057373044,1399.4263233600063,140.14654974759284,221.6276070312048,1.0
Llama2-13B,8,40,1,32,6,3200,0.6468195,0.0003588139343261,0.07092625,0.7181045639343261,0.3976785,29.271861057373044,1366.5000637164726,142.01953013194645,219.56593784192728,1.0
Llama2-13B,8,40,1,32,6,3328,0.6544155,0.0003588139343261,0.07367625,0.7284505639343262,0.3976785,29.68570105737305,1347.4500710861664,142.72563876219604,218.09636043491648,1.0
Llama2-13B,8,40,1,32,6,3456,0.6620115,0.0003588139343261,0.07642625,0.7387965639343261,0.3976785,30.099541057373045,1328.923916937989,143.38788042234813,216.59424409145188,1.0
Llama2-13B,8,40,1,32,6,3584,0.6718675,0.0003588139343261,0.07917625,0.751402563934326,0.3976785,30.60378105737304,1307.0280409146771,144.47779504581123,215.03911864439223,1.0
Llama2-13B,8,40,1,32,6,3712,0.6794635,0.0003588139343261,0.08192625,0.7617485639343261,0.3976785,31.017621057373045,1289.5895505981043,145.1839036760608,213.67432345675792,1.0
Llama2-13B,8,40,1,32,6,3840,0.6870595,0.0003588139343261,0.08467625,0.7720945639343262,0.3976785,31.43146105737305,1272.6102654593903,145.84520876421294,212.2744955338117,1.0
Llama2-13B,8,40,1,32,6,3968,0.6969155,0.0003588139343261,0.08742625,0.7847005639343262,0.3976785,31.93570105737305,1252.5167344264432,146.93605995967593,210.83769834316496,1.0
Llama2-13B,8,40,1,32,6,4096,0.7045115,0.0003588139343261,0.09017625,0.795046563934326,0.3976785,32.34954105737304,1236.4935851503617,147.64216858992552,209.56672614985783,1.0
Llama2-13B,20,1,20,32,32,128,0.0231455,0.0094062218148367,0.00098525,0.0335369718148367,0.010106,1.5015848725934708,665.9630223051224,324.2264207335977,350.2045977982738,1.0
Llama2-13B,20,1,20,32,32,256,0.0242655,0.0094062218148367,0.00153525,0.0352069718148367,0.010106,1.568384872593471,637.5986006205266,324.7137579867582,334.5426201672728,1.0
Llama2-13B,20,1,20,32,32,384,0.0253425,0.0094062218148367,0.00208525,0.0368339718148367,0.010106,1.6334648725934708,612.1955952516374,325.2006360233529,320.80559931276787,1.0
Llama2-13B,20,1,20,32,32,512,0.0264625,0.0094062218148367,0.00263525,0.0385039718148367,0.010106,1.7002648725934708,588.1436569789662,325.68798516501323,307.68822405764115,1.0
Llama2-13B,20,1,20,32,32,640,0.0276255,0.0094062218148367,0.00318525,0.0402169718148367,0.010106,1.768784872593471,565.359878125685,326.17581730023954,295.1763925541977,1.0
Llama2-13B,20,1,20,32,32,768,0.0287455,0.0094062218148367,0.00373525,0.0418869718148367,0.010106,1.835584872593471,544.7854876833425,326.6631545534002,284.09938473274093,1.0
Llama2-13B,20,1,20,32,32,896,0.0298225,0.0094062218148367,0.00428525,0.0435139718148367,0.010106,1.9006648725934707,526.1316786664726,327.15003258999474,274.2476591415835,1.0
Llama2-13B,20,1,20,32,32,1024,0.0309425,0.0094062218148367,0.00483525,0.0451839718148367,0.010106,1.967464872593471,508.2682867327745,327.6373817316553,264.7146980137798,1.0
Llama2-13B,20,1,20,32,32,1152,0.0334955,0.0094062218148367,0.00538525,0.0482869718148367,0.010106,2.091584872593471,478.1063456249065,329.4368632461568,245.88143425695748,1.0
Llama2-13B,20,1,20,32,32,1280,0.0346155,0.0094062218148367,0.00593525,0.0499569718148367,0.010106,2.158384872593471,463.3093998654746,329.9242004993173,238.27779499019027,1.0
Llama2-13B,20,1,20,32,32,1408,0.0356925,0.0094062218148367,0.00648525,0.0515839718148367,0.010106,2.2234648725934707,449.74850393457774,330.4110785359118,231.4289266203767,1.0
Llama2-13B,20,1,20,32,32,1536,0.0368125,0.0094062218148367,0.00703525,0.0532539718148367,0.010106,2.290264872593471,436.6307198641225,330.8984276775724,224.7187963854481,1.0
Llama2-13B,20,1,20,32,32,1664,0.0379755,0.0094062218148367,0.00758525,0.0549669718148367,0.010106,2.358784872593471,423.94709734614565,331.3862598127988,218.1579306479169,1.0
Llama2-13B,20,1,20,32,32,1792,0.0390955,0.0094062218148367,0.00813525,0.0566369718148367,0.010106,2.425584872593471,412.27170044591566,331.8735970659592,212.21981881927545,1.0
Llama2-13B,20,1,20,32,32,1920,0.0401725,0.0094062218148367,0.0086852499999999,0.0582639718148367,0.010106,2.4906648725934706,401.4992185434902,332.36047510255383,206.8333282111853,1.0
Llama2-13B,20,1,20,32,32,2048,0.0412925,0.0094062218148367,0.00923525,0.0599339718148367,0.010106,2.5574648725934708,391.01221319451446,332.8478242442142,201.51832914222567,1.0
Llama2-13B,20,1,20,32,32,2176,0.0438135,0.0094062218148367,0.0097852499999999,0.0630049718148367,0.010106,2.680304872593471,373.0918860108616,334.5662195771745,190.9036139415788,1.0
Llama2-13B,20,1,20,32,32,2304,0.0449335,0.0094062218148367,0.01033525,0.0646749718148367,0.010106,2.747104872593471,364.0195938555217,335.0535568303351,186.4163468405171,1.0
Llama2-13B,20,1,20,32,32,2432,0.0460105,0.0094062218148367,0.0108852499999999,0.0663019718148367,0.010106,2.8121848725934706,355.59539834867746,335.5404348669296,182.3173160837904,1.0
Llama2-13B,20,1,20,32,32,2560,0.0471305,0.0094062218148367,0.01143525,0.0679719718148367,0.010106,2.878984872593471,347.344652457021,336.0277840085901,178.24327346866158,1.0
Llama2-13B,20,1,20,32,32,2688,0.0482935,0.0094062218148367,0.01198525,0.0696849718148367,0.010106,2.947504872593471,339.2700074216037,336.5156161438165,174.20336905785274,1.0
Llama2-13B,20,1,20,32,32,2816,0.0494135,0.0094062218148367,0.01253525,0.0713549718148367,0.010106,3.0143048725934705,331.75144594435545,337.002953396977,170.50145881033367,1.0
Llama2-13B,20,1,20,32,32,2944,0.0504905,0.0094062218148367,0.01308525,0.0729819718148367,0.010106,3.079384872593471,324.7401807094661,337.4898314335716,167.1056096857684,1.0
Llama2-13B,20,1,20,32,32,3072,0.0516105,0.0094062218148367,0.01363525,0.0746519718148367,0.010106,3.1461848725934702,317.84527626174673,337.977180575232,163.71531983570787,1.0
Llama2-13B,20,1,20,32,32,3200,0.0541315,0.0094062218148367,0.01418525,0.0777229718148367,0.010106,3.2690248725934707,305.9016186703569,339.69557590819227,156.88442769376078,1.0
Llama2-13B,20,1,20,32,32,3328,0.0552515,0.0094062218148367,0.0147352499999999,0.0793929718148367,0.010106,3.3358248725934714,299.7759289511322,340.1829131613528,153.92474103026737,1.0
Llama2-13B,20,1,20,32,32,3456,0.0563285,0.0094062218148367,0.01528525,0.0810199718148367,0.010106,3.400904872593471,294.039391709718,340.6697911979474,151.19779117052084,1.0
Llama2-13B,20,1,20,32,32,3584,0.0574485,0.0094062218148367,0.01583525,0.0826899718148367,0.010106,3.467704872593471,288.3751751492356,341.1571403396078,148.46216191006195,1.0
Llama2-13B,20,1,20,32,32,3712,0.0586115,0.0094062218148367,0.01638525,0.0844029718148367,0.010106,3.536224872593471,282.7874459427686,341.64497247483433,145.7243768180452,1.0
Llama2-13B,20,1,20,32,32,3840,0.0597315,0.0094062218148367,0.01693525,0.0860729718148367,0.010106,3.603024872593471,277.5445730631874,342.1323097279947,143.19593084385744,1.0
Llama2-13B,20,1,20,32,32,3968,0.0608085,0.0094062218148367,0.01748525,0.0876999718148367,0.010106,3.668104872593471,272.620340675529,342.6191877645893,140.85990764637725,1.0
Llama2-13B,20,1,20,32,32,4096,0.0619285,0.0094062218148367,0.01803525,0.0893699718148367,0.010106,3.734904872593471,267.7444363678298,343.10653690625,138.50914236024192,1.0
Llama2-13B,20,2,10,32,32,128,0.0243345,0.0091337434387207,0.00098525,0.0344534934387207,0.0118385,1.539978237548828,1298.719651508443,184.30380313424703,378.68828850859296,1.0
Llama2-13B,20,2,10,32,32,256,0.0254545,0.0091337434387207,0.00153525,0.0361234934387207,0.0118385,1.6067782375488282,1244.7268411171908,184.78100470004955,362.9633359524829,1.0
Llama2-13B,20,2,10,32,32,384,0.0265315,0.0091337434387207,0.00208525,0.0377504934387206,0.0118385,1.6718582375488278,1196.2736762491734,185.2577470492861,349.1279178510188,1.0
Llama2-13B,20,2,10,32,32,512,0.0276515,0.0091337434387207,0.00263525,0.0394204934387207,0.0118385,1.738658237548828,1150.3123252213231,185.73496050358847,335.8497016501612,1.0
Llama2-13B,20,2,10,32,32,640,0.0288145,0.0091337434387207,0.00318525,0.0411334934387207,0.0118385,1.807178237548828,1106.69770056146,186.2126569514569,323.123179217854,1.0
Llama2-13B,20,2,10,32,32,768,0.0299345,0.0091337434387207,0.00373525,0.0428034934387207,0.0118385,1.873978237548828,1067.24825290181,186.6898585172595,311.8305943263783,1.0
Llama2-13B,20,2,10,32,32,896,0.0310115,0.0091337434387207,0.00428525,0.0444304934387207,0.0118385,1.939058237548828,1031.4285364261204,187.166600866496,301.7696674886672,1.0
Llama2-13B,20,2,10,32,32,1024,0.0321315,0.0091337434387207,0.00483525,0.0461004934387207,0.0118385,2.005858237548828,997.0794359047094,187.64381432079847,291.993548886293,1.0
Llama2-13B,20,2,10,32,32,1152,0.0346845,0.0091337434387207,0.00538525,0.0492034934387207,0.0118385,2.1299782375488285,938.9767297817996,189.433160147942,273.0804251869596,1.0
Llama2-13B,20,2,10,32,32,1280,0.0358045,0.0091337434387207,0.00593525,0.0508734934387207,0.0118385,2.1967782375488283,910.4241683637608,189.9103617137445,265.2045995807014,1.0
Llama2-13B,20,2,10,32,32,1408,0.0368815,0.0091337434387207,0.00648525,0.0525004934387206,0.0118385,2.261858237548828,884.2287137178839,190.38710406298105,258.10650876859813,1.0
Llama2-13B,20,2,10,32,32,1536,0.0380015,0.0091337434387207,0.00703525,0.0541704934387207,0.0118385,2.328658237548828,858.8636871442426,190.8643175172835,251.1273469695716,1.0
Llama2-13B,20,2,10,32,32,1664,0.0391645,0.0091337434387207,0.00758525,0.0558834934387207,0.0118385,2.397178237548828,834.3142652775989,191.3420139651519,244.27991416353063,1.0
Llama2-13B,20,2,10,32,32,1792,0.0402845,0.0091337434387207,0.00813525,0.0575534934387206,0.0118385,2.463978237548828,811.6954807156111,191.81921553095432,238.0806706437394,1.0
Llama2-13B,20,2,10,32,32,1920,0.0413615,0.0091337434387207,0.0086852499999999,0.0591804934387207,0.0118385,2.529058237548828,790.8082029532095,192.2959578801909,232.45766942711327,1.0
Llama2-13B,20,2,10,32,32,2048,0.0424815,0.0091337434387207,0.00923525,0.0608504934387207,0.0118385,2.5958582375488284,770.4580978538046,192.7731713344934,226.89073047619965,1.0
Llama2-13B,20,2,10,32,32,2176,0.0450025,0.0091337434387207,0.0097852499999999,0.0639214934387207,0.0118385,2.718698237548828,735.646189921834,194.4814309800956,216.07847450707808,1.0
Llama2-13B,20,2,10,32,32,2304,0.0461225,0.0091337434387207,0.01033525,0.0655914934387207,0.0118385,2.785498237548828,718.0044033199433,194.95863254589813,211.34872626798,1.0
Llama2-13B,20,2,10,32,32,2432,0.0471995,0.0091337434387207,0.0108852499999999,0.0672184934387207,0.0118385,2.850578237548828,701.612035640801,195.43537489513463,207.0311919566253,1.0
Llama2-13B,20,2,10,32,32,2560,0.0483195,0.0091337434387207,0.01143525,0.0688884934387207,0.0118385,2.917378237548828,685.5470347514465,195.9125883494372,202.72621648551527,1.0
Llama2-13B,20,2,10,32,32,2688,0.0494825,0.0091337434387207,0.01198525,0.0706014934387207,0.0118385,2.985898237548828,669.8151915725809,196.3902847973055,198.44418208185272,1.0
Llama2-13B,20,2,10,32,32,2816,0.0506025,0.0091337434387207,0.01253525,0.0722714934387207,0.0118385,3.052698237548828,655.1581074734413,196.867486363108,194.5234784478119,1.0
Llama2-13B,20,2,10,32,32,2944,0.0516795,0.0091337434387207,0.01308525,0.0738984934387207,0.0118385,3.117778237548828,641.4824428219705,197.34422871234457,190.9308610883857,1.0
Llama2-13B,20,2,10,32,32,3072,0.0527995,0.0091337434387207,0.01363525,0.0755684934387207,0.0118385,3.184578237548828,628.0266493120927,197.82144216664707,187.3326851264189,1.0
Llama2-13B,20,2,10,32,32,3200,0.0553205,0.0091337434387207,0.01418525,0.0786394934387207,0.0118385,3.307418237548828,604.7012673795458,199.52970181224924,180.33974910950664,1.0
Llama2-13B,20,2,10,32,32,3328,0.0564405,0.0091337434387207,0.0147352499999999,0.0803094934387207,0.0118385,3.3742182375488285,592.7298885838761,200.00690337805173,177.18385147017815,1.0
Llama2-13B,20,2,10,32,32,3456,0.0575175,0.0091337434387207,0.01528525,0.0819364934387207,0.0118385,3.439298237548828,581.5139781031002,200.4836457272883,174.2805630697512,1.0
Llama2-13B,20,2,10,32,32,3584,0.0586375,0.0091337434387207,0.01583525,0.0836064934387207,0.0118385,3.5060982375488283,570.4346725316611,200.9608591815908,171.35865204143326,1.0
Llama2-13B,20,2,10,32,32,3712,0.0598005,0.0091337434387207,0.01638525,0.0853194934387207,0.0118385,3.574618237548828,559.5003066317457,201.4385556294592,168.42547773802832,1.0
Llama2-13B,20,2,10,32,32,3840,0.0609205,0.0091337434387207,0.01693525,0.0869894934387207,0.0118385,3.641418237548828,549.2365527740843,201.91575719526165,165.72069926811312,1.0
Llama2-13B,20,2,10,32,32,3968,0.0619975,0.0091337434387207,0.01748525,0.0886164934387206,0.0118385,3.706498237548828,539.5928641592003,202.39249954449824,163.22633940441003,1.0
Llama2-13B,20,2,10,32,32,4096,0.0631175,0.0091337434387207,0.01803525,0.0902864934387207,0.0118385,3.773298237548828,530.0402655951256,202.86971299880068,160.70797560011147,1.0
Llama2-13B,20,4,5,32,32,128,0.0317965,0.0085462119402204,0.00098525,0.0413279619402204,0.0189515,1.8220699776088167,2195.3053665092366,155.58737258915562,489.3223234920689,1.0
Llama2-13B,20,4,5,32,32,256,0.0329165,0.0085462119402204,0.00153525,0.0429979619402204,0.0189515,1.8888699776088167,2117.6682606093045,156.05950631127902,474.1072298430244,1.0
Llama2-13B,20,4,5,32,32,384,0.0339935,0.0085462119402204,0.00208525,0.0446249619402204,0.0189515,1.9539499776088167,2047.1353135125169,156.5311808168366,460.4738576987855,1.0
Llama2-13B,20,4,5,32,32,512,0.0351135,0.0085462119402204,0.00263525,0.0462949619402204,0.0189515,2.020749977608817,1979.4630925757865,157.0033264274601,447.1309508521227,1.0
Llama2-13B,20,4,5,32,32,640,0.0362765,0.0085462119402204,0.00318525,0.0480079619402204,0.0189515,2.0892699776088173,1914.544335039948,157.4759550316495,434.0990862725167,1.0
Llama2-13B,20,4,5,32,32,768,0.0373965,0.0085462119402204,0.00373525,0.0496779619402204,0.0189515,2.156069977608817,1855.2273541864288,157.94808875377294,422.360618650871,1.0
Llama2-13B,20,4,5,32,32,896,0.0384735,0.0085462119402204,0.00428525,0.0513049619402204,0.0189515,2.2211499776088166,1800.868937407913,158.41976325933052,411.7633260798485,1.0
Llama2-13B,20,4,5,32,32,1024,0.0395935,0.0085462119402204,0.00483525,0.0529749619402204,0.0189515,2.287949977608817,1748.289970998615,158.89190886995394,401.3080653894048,1.0
Llama2-13B,20,4,5,32,32,1152,0.0421465,0.0085462119402204,0.00538525,0.0560779619402204,0.0189515,2.4120699776088173,1658.3266808724024,160.67618685341844,381.2325741245856,1.0
Llama2-13B,20,4,5,32,32,1280,0.0432665,0.0085462119402204,0.00593525,0.0577479619402204,0.0189515,2.478869977608817,1613.638486944162,161.14832057554196,372.4551802792968,1.0
Llama2-13B,20,4,5,32,32,1408,0.0443435,0.0085462119402204,0.00648525,0.0593749619402204,0.0189515,2.5439499776088166,1572.357961126184,161.61999508109952,364.472797774419,1.0
Llama2-13B,20,4,5,32,32,1536,0.0454635,0.0085462119402204,0.00703525,0.0610449619402204,0.0189515,2.6107499776088168,1532.1267966316698,162.0921406917229,356.5324726246835,1.0
Llama2-13B,20,4,5,32,32,1664,0.0466265,0.0085462119402204,0.00758525,0.0627579619402204,0.0189515,2.679269977608817,1492.9439860218574,162.5647692959123,348.6531678249758,1.0
Llama2-13B,20,4,5,32,32,1792,0.0477465,0.0085462119402204,0.00813525,0.0644279619402204,0.0189515,2.746069977608817,1456.627118979343,163.0369030180358,341.46356909519204,1.0
Llama2-13B,20,4,5,32,32,1920,0.0488235,0.0085462119402204,0.0086852499999999,0.0660549619402204,0.0189515,2.811149977608817,1422.9052280598798,163.50857752359326,334.8972882394612,1.0
Llama2-13B,20,4,5,32,32,2048,0.0499435,0.0085462119402204,0.00923525,0.0677249619402204,0.0189515,2.877949977608817,1389.8782227352865,163.98072313421687,328.3324619504376,1.0
Llama2-13B,20,4,5,32,32,2176,0.0524645,0.0085462119402204,0.0097852499999999,0.0707959619402204,0.0189515,3.0007899776088167,1332.9823246035382,165.68391493614004,315.80195167425603,1.0
Llama2-13B,20,4,5,32,32,2304,0.0535845,0.0085462119402204,0.01033525,0.0724659619402204,0.0189515,3.067589977608817,1303.9552316955985,166.15604865826347,310.08229741485604,1.0
Llama2-13B,20,4,5,32,32,2432,0.0546615,0.0085462119402204,0.0108852499999999,0.0740929619402204,0.0189515,3.132669977608817,1276.8660690690504,166.62772316382103,304.8356213492514,1.0
Llama2-13B,20,4,5,32,32,2560,0.0557815,0.0085462119402204,0.01143525,0.0757629619402204,0.0189515,3.1994699776088167,1250.207074294685,167.0998687744445,299.5614473874753,1.0
Llama2-13B,20,4,5,32,32,2688,0.0592045,0.0085462119402204,0.01198525,0.0797359619402204,0.0189515,3.358389977608817,1191.046908390315,169.383852897951,286.0996257006663,1.0
Llama2-13B,20,4,5,32,32,2816,0.0603245,0.0085462119402204,0.01253525,0.0814059619402204,0.0189515,3.425189977608817,1167.8184352251517,169.85598662007453,281.570483999162,1.0
Llama2-13B,20,4,5,32,32,2944,0.0614015,0.0085462119402204,0.01308525,0.0830329619402204,0.0189515,3.4902699776088166,1146.0431501463388,170.32766112563203,277.3998373421366,1.0
Llama2-13B,20,4,5,32,32,3072,0.0625215,0.0085462119402204,0.01363525,0.0847029619402204,0.0189515,3.557069977608817,1124.52103140488,170.7998067362555,273.1857148920859,1.0
Llama2-13B,20,4,5,32,32,3200,0.0650425,0.0085462119402204,0.01418525,0.0877739619402204,0.0189515,3.679909977608817,1086.9831121790585,172.50299853817864,265.2158181776204,1.0
Llama2-13B,20,4,5,32,32,3328,0.0661625,0.0085462119402204,0.0147352499999999,0.0894439619402204,0.0189515,3.7467099776088166,1067.6033170181042,172.97513226030216,261.4398371589679,1.0
Llama2-13B,20,4,5,32,32,3456,0.0672395,0.0085462119402204,0.01528525,0.0910709619402204,0.0189515,3.8117899776088167,1049.3757587634063,173.4468067658597,257.9537426153672,1.0
Llama2-13B,20,4,5,32,32,3584,0.0683595,0.0085462119402204,0.01583525,0.0927409619402204,0.0189515,3.878589977608817,1031.3026185010751,173.9189523764832,254.4181165404709,1.0
Llama2-13B,20,4,5,32,32,3712,0.0695225,0.0085462119402204,0.01638525,0.0944539619402204,0.0189515,3.947109977608817,1013.399682981021,174.39158098067256,250.84193028253097,1.0
Llama2-13B,20,4,5,32,32,3840,0.0706425,0.0085462119402204,0.01693525,0.0961239619402204,0.0189515,4.013909977608817,996.53455665762,174.86371470279602,247.53330460104905,1.0
Llama2-13B,20,4,5,32,32,3968,0.0717195,0.0085462119402204,0.01748525,0.0977509619402204,0.0189515,4.078989977608817,980.6349174569136,175.33538920835355,244.4738030917024,1.0
Llama2-13B,20,4,5,32,32,4096,0.0728395,0.0085462119402204,0.01803525,0.0994209619402204,0.0189515,4.145789977608818,964.8342105132624,175.80753481897702,241.362907239859,1.0
Llama2-13B,20,5,4,32,32,128,0.0368805,0.0083929428536551,0.00098525,0.0462586928536551,0.024332,2.024679714146205,2469.526397220051,158.74198259568192,538.0281673095604,1.0
Llama2-13B,20,5,4,32,32,256,0.0380005,0.0083929428536551,0.00153525,0.0479286928536551,0.024332,2.0914797141462054,2390.6519227422323,159.21310274906963,523.7204206164046,1.0
Llama2-13B,20,5,4,32,32,384,0.0390775,0.0083929428536551,0.00208525,0.0495556928536551,0.024332,2.156559714146205,2318.507559610762,159.68376368589128,510.7918997053652,1.0
Llama2-13B,20,5,4,32,32,512,0.0401975,0.0083929428536551,0.00263525,0.0512256928536551,0.024332,2.2233597141462047,2248.848878653024,160.154895727779,498.02505046264986,1.0
Llama2-13B,20,5,4,32,32,640,0.0413605,0.0083929428536551,0.00318525,0.0529386928536551,0.024332,2.291879714146205,2181.615365386945,160.62651076323257,485.4465938613912,1.0
Llama2-13B,20,5,4,32,32,768,0.0424805,0.0083929428536551,0.00373525,0.0546086928536551,0.024332,2.358679714146205,2119.829992182682,161.09763091662018,474.0340594997122,1.0
Llama2-13B,20,5,4,32,32,896,0.0435575,0.0083929428536551,0.00428525,0.0562356928536551,0.024332,2.423759714146205,2062.9107624892195,161.5682918534419,463.66381178167353,1.0
Llama2-13B,20,5,4,32,32,1024,0.0446775,0.0083929428536551,0.00483525,0.0579056928536551,0.024332,2.490559714146205,2007.5808548577847,162.03942389532966,453.3585806483399,1.0
Llama2-13B,20,5,4,32,32,1152,0.0472305,0.0083929428536551,0.00538525,0.0610086928536551,0.024332,2.614679714146205,1912.280105646781,163.8226883100583,433.5722899134519,1.0
Llama2-13B,20,5,4,32,32,1280,0.0483505,0.0083929428536551,0.00593525,0.0626786928536551,0.024332,2.681479714146205,1864.642112943235,164.29380846344608,424.74692211933177,1.0
Llama2-13B,20,5,4,32,32,1408,0.0494275,0.0083929428536551,0.00648525,0.0643056928536551,0.024332,2.746559714146205,1820.4592364212624,164.76446940026773,416.68218451334735,1.0
Llama2-13B,20,5,4,32,32,1536,0.0505475,0.0083929428536551,0.00703525,0.0659756928536551,0.024332,2.813359714146205,1777.234519588404,165.23560144215537,408.6146729367314,1.0
Llama2-13B,20,5,4,32,32,1664,0.0517105,0.0083929428536551,0.00758525,0.0676886928536551,0.024332,2.881879714146205,1734.978727757663,165.70721647760897,400.564722052603,1.0
Llama2-13B,20,5,4,32,32,1792,0.0528305,0.0083929428536551,0.00813525,0.0693586928536551,0.024332,2.948679714146205,1695.6741608838172,166.17833663099668,393.1874973523738,1.0
Llama2-13B,20,5,4,32,32,1920,0.0539075,0.0083929428536551,0.0086852499999999,0.0709856928536551,0.024332,3.013759714146205,1659.0572820157608,166.6489975678184,386.4234975834031,1.0
Llama2-13B,20,5,4,32,32,2048,0.0550275,0.0083929428536551,0.00923525,0.0726556928536551,0.024332,3.0805597141462053,1623.0816682564384,167.12012960970608,379.6286620546683,1.0
Llama2-13B,20,5,4,32,32,2176,0.0598085,0.0083929428536551,0.0097852499999999,0.0779866928536551,0.024332,3.2937997141462048,1518.0036535087452,170.6336633622106,356.62502688207064,1.0
Llama2-13B,20,5,4,32,32,2304,0.0609285,0.0083929428536551,0.01033525,0.0796566928536551,0.024332,3.360599714146205,1487.8296808015714,171.1047835155982,351.0360166334274,1.0
Llama2-13B,20,5,4,32,32,2432,0.0620055,0.0083929428536551,0.0108852499999999,0.0812836928536551,0.024332,3.4256797141462045,1459.564354295209,171.57544445242002,345.8875512100136,1.0
Llama2-13B,20,5,4,32,32,2560,0.0631255,0.0083929428536551,0.01143525,0.0829536928536551,0.024332,3.4924797141462056,1431.6475425032877,172.0465764943077,340.6835916038441,1.0
Llama2-13B,20,5,4,32,32,2688,0.0642885,0.0083929428536551,0.01198525,0.0846666928536551,0.024332,3.560999714146205,1404.1000846299742,172.51819152976125,335.4375034604969,1.0
Llama2-13B,20,5,4,32,32,2816,0.0654085,0.0083929428536551,0.01253525,0.0863366928536551,0.024332,3.627799714146205,1378.2458773848657,172.9893116831489,330.5940964919486,1.0
Llama2-13B,20,5,4,32,32,2944,0.0664855,0.0083929428536551,0.01308525,0.0879636928536551,0.024332,3.692879714146205,1353.9569081675334,173.45997261997064,326.12368978944767,1.0
Llama2-13B,20,5,4,32,32,3072,0.0676055,0.0083929428536551,0.01363525,0.0896336928536551,0.024332,3.759679714146205,1329.9005181709908,173.9311046618583,321.59200187458555,1.0
Llama2-13B,20,5,4,32,32,3200,0.0701265,0.0083929428536551,0.01418525,0.0927046928536551,0.024332,3.8825197141462047,1287.8234672659062,175.63328289504574,313.0651089371453,1.0
Llama2-13B,20,5,4,32,32,3328,0.0712465,0.0083929428536551,0.0147352499999999,0.0943746928536551,0.024332,3.949319714146205,1266.0408277634062,176.10440304843334,308.9702705544016,1.0
Llama2-13B,20,5,4,32,32,3456,0.0723235,0.0083929428536551,0.01528525,0.0960016928536551,0.024332,4.014399714146205,1245.5162305788017,176.5750639852552,305.18272758034226,1.0
Llama2-13B,20,5,4,32,32,3584,0.0734435,0.0083929428536551,0.01583525,0.0976716928536551,0.024332,4.081199714146205,1225.129949575626,177.04619602714277,301.33060792844634,1.0
Llama2-13B,20,5,4,32,32,3712,0.0746065,0.0083929428536551,0.01638525,0.0993846928536551,0.024332,4.149719714146205,1204.900654604509,177.51781106259637,297.423500403109,1.0
Llama2-13B,20,5,4,32,32,3840,0.0757265,0.0083929428536551,0.01693525,0.1010546928536551,0.024332,4.216519714146206,1185.8120770134806,177.98893121598402,293.8022541910429,1.0
Llama2-13B,20,5,4,32,32,3968,0.0768035,0.0083929428536551,0.01748525,0.1026816928536551,0.024332,4.281599714146206,1167.7878208652323,178.45959215280578,290.4483391915828,1.0
Llama2-13B,20,5,4,32,32,4096,0.0779235,0.0083929428536551,0.01803525,0.1043516928536551,0.024332,4.348399714146207,1149.848295623332,178.93072419469345,287.0294651079158,1.0
Llama2-13B,20,10,2,32,32,128,0.0529935,0.0074477834865025,0.00098525,0.0614265334865025,0.040868,2.6479293394601005,3776.535820264354,134.55749376175632,634.7830100000768,1.0
Llama2-13B,20,10,2,32,32,256,0.0541135,0.0074477834865025,0.00153525,0.0630965334865025,0.040868,2.7147293394601006,3683.608474201991,135.02658677767232,623.8119266803678,1.0
Llama2-13B,20,10,2,32,32,384,0.0551905,0.0074477834865025,0.00208525,0.0647235334865025,0.040868,2.7798093394601,3597.369020258857,135.49522057702254,613.7615195415083,1.0
Llama2-13B,20,10,2,32,32,512,0.0563105,0.0074477834865025,0.00263525,0.0663935334865025,0.040868,2.8466093394601004,3512.9513071493825,135.96432548143852,603.6366462801722,1.0
Llama2-13B,20,10,2,32,32,640,0.0574735,0.0074477834865025,0.00318525,0.0681065334865025,0.040868,2.9151293394601003,3430.379525407974,136.4339133794205,593.464437433863,1.0
Llama2-13B,20,10,2,32,32,768,0.0585935,0.0074477834865025,0.00373525,0.0697765334865025,0.040868,2.9819293394601,3353.533521961513,136.9030063953366,584.121986207244,1.0
Llama2-13B,20,10,2,32,32,896,0.0596705,0.0074477834865025,0.00428525,0.0714035334865025,0.040868,3.047009339460101,3281.906579837363,137.3716401946868,575.542521826894,1.0
Llama2-13B,20,10,2,32,32,1024,0.0607905,0.0074477834865025,0.00483525,0.0730735334865025,0.040868,3.1138093394601,3211.500419525972,137.84074509910278,566.8679526369365,1.0
Llama2-13B,20,10,2,32,32,1152,0.0656035,0.0074477834865025,0.00538525,0.0784365334865025,0.040868,3.3283293394601,3004.510365438216,141.43333789567694,538.9702450923996,1.0
Llama2-13B,20,10,2,32,32,1280,0.0667235,0.0074477834865025,0.00593525,0.0801065334865025,0.040868,3.3951293394601008,2945.3958892741966,141.90243091159303,531.6808579870399,1.0
Llama2-13B,20,10,2,32,32,1408,0.0678005,0.0074477834865025,0.00648525,0.0817335334865025,0.040868,3.4602093394601,2889.9985575902497,142.37106471094316,524.9631813590728,1.0
Llama2-13B,20,10,2,32,32,1536,0.0689205,0.0074477834865025,0.00703525,0.0834035334865025,0.040868,3.5270093394601005,2835.263260610123,142.84016961535917,518.1338267110629,1.0
Llama2-13B,20,10,2,32,32,1664,0.0700835,0.0074477834865025,0.00758525,0.0851165334865025,0.040868,3.5955293394601004,2781.2316507203323,143.30975751334122,511.2107611397162,1.0
Llama2-13B,20,10,2,32,32,1792,0.0712035,0.0074477834865025,0.00813525,0.0867865334865025,0.040868,3.6623293394601,2730.502659128465,143.77885052925726,504.8166541295626,1.0
Llama2-13B,20,10,2,32,32,1920,0.0722805,0.0074477834865025,0.0086852499999999,0.0884135334865025,0.040868,3.7274093394601,2682.8284981033125,144.24748432860738,498.9156284496076,1.0
Llama2-13B,20,10,2,32,32,2048,0.0734005,0.0074477834865025,0.00923525,0.0900835334865025,0.040868,3.7942093394601,2635.5952203267093,144.71658923302346,492.9005566481954,1.0
Llama2-13B,20,10,2,32,32,2176,0.0781815,0.0074477834865025,0.0097852499999999,0.0954145334865025,0.040868,4.0074493394601,2495.352817447529,148.22809584805634,473.98711922915385,1.0
Llama2-13B,20,10,2,32,32,2304,0.0793015,0.0074477834865025,0.01033525,0.0970845334865025,0.040868,4.0742493394601,2454.439865313975,148.69718886397249,468.7716779126889,1.0
Llama2-13B,20,10,2,32,32,2432,0.0803785,0.0074477834865025,0.0108852499999999,0.0987115334865025,0.040868,4.139329339460101,2415.850293589907,149.16582266332256,463.9481411799255,1.0
Llama2-13B,20,10,2,32,32,2560,0.0814985,0.0074477834865025,0.01143525,0.1003815334865025,0.040868,4.2061293394601,2377.4827621643235,149.63492756773863,459.0112933604258,1.0
Llama2-13B,20,10,2,32,32,2688,0.0826615,0.0074477834865025,0.01198525,0.1020945334865025,0.040868,4.2746493394601,2339.3731756399525,150.10451546572062,453.9734805977408,1.0
Llama2-13B,20,10,2,32,32,2816,0.0837815,0.0074477834865025,0.01253525,0.1037645334865025,0.040868,4.3414493394601,2303.3782541485543,150.5736084816367,449.3044660266188,1.0
Llama2-13B,20,10,2,32,32,2944,0.0848585,0.0074477834865025,0.01308525,0.1053915334865025,0.040868,4.406529339460101,2269.3596773430822,151.0422422809868,444.98265430389074,1.0
Llama2-13B,20,10,2,32,32,3072,0.0859785,0.0074477834865025,0.01363525,0.1070615334865025,0.040868,4.473329339460101,2235.471444453703,151.51134718540294,440.5501002733325,1.0
Llama2-13B,20,10,2,32,32,3200,0.0907595,0.0074477834865025,0.01418525,0.1123925334865025,0.040868,4.6865693394601005,2133.7569713952025,155.02285380043574,427.015501959673,1.0
Llama2-13B,20,10,2,32,32,3328,0.0918795,0.0074477834865025,0.0147352499999999,0.1140625334865025,0.040868,4.7533693394601,2103.7708803700543,155.49194681635186,423.0866156660403,1.0
Llama2-13B,20,10,2,32,32,3456,0.0929565,0.0074477834865025,0.01528525,0.1156895334865025,0.040868,4.8184493394601,2075.3564675063044,155.960580615702,419.4450646692323,1.0
Llama2-13B,20,10,2,32,32,3584,0.0940765,0.0074477834865025,0.01583525,0.1173595334865024,0.040868,4.8852493394601,2046.9784252824163,156.42968552011808,415.6980901716104,1.0
Llama2-13B,20,10,2,32,32,3712,0.0952395,0.0074477834865025,0.01638525,0.1190725334865025,0.040868,4.9537693394601,2018.6648418091013,156.89927341810002,411.8545178683739,1.0
Llama2-13B,20,10,2,32,32,3840,0.0963595,0.0074477834865025,0.01693525,0.1207425334865025,0.040868,5.0205693394601,1991.8059733590644,157.36836643401608,408.2845138103044,1.0
Llama2-13B,20,10,2,32,32,3968,0.0974365,0.0074477834865025,0.01748525,0.1223695334865025,0.040868,5.0856493394601,1966.3172453532973,157.83700023336624,404.974009312132,1.0
Llama2-13B,20,10,2,32,32,4096,0.0985565,0.0074477834865025,0.01803525,0.1240395334865025,0.040868,5.152449339460101,1940.8245168787723,158.30610513778234,401.5618075362415,1.0
Llama2-13B,20,20,1,32,32,128,0.088095,0.0056851889910016,0.00098525,0.0947654389910016,0.077148,4.017765559640067,4977.8912440554905,126.97775525863824,720.6865046747155,1.0
Llama2-13B,20,20,1,32,32,256,0.089215,0.0056851889910016,0.00153525,0.0964354389910016,0.077148,4.084565559640068,4896.481573859815,127.44583470581848,714.2623701497416,1.0
Llama2-13B,20,20,1,32,32,384,0.090292,0.0056851889910016,0.00208525,0.0980624389910016,0.077148,4.149645559640067,4819.688745111706,127.46711666635927,705.8605228943832,1.0
Llama2-13B,20,20,1,32,32,512,0.091412,0.0056851889910016,0.00263525,0.0997324389910016,0.077148,4.216445559640068,4743.331727424765,128.381546272113,702.2138574372786,1.0
Llama2-13B,20,20,1,32,32,640,0.094835,0.0056851889910016,0.00318525,0.1037054389910016,0.077148,4.375365559640068,4571.04663082032,130.66147612067633,688.8884700831774,1.0
Llama2-13B,20,20,1,32,32,768,0.095955,0.0056851889910016,0.00373525,0.1053754389910016,0.077148,4.442165559640068,4502.308554573668,131.12955556785653,683.2867259020193,1.0
Llama2-13B,20,20,1,32,32,896,0.097032,0.0056851889910016,0.00428525,0.1070024389910016,0.077148,4.507245559640068,4437.299839859874,131.15089849552157,675.8126107651163,1.0
Llama2-13B,20,20,1,32,32,1024,0.098152,0.0056851889910016,0.00483525,0.1086724389910016,0.077148,4.574045559640068,4372.496893444542,132.06526713415116,672.7589205220025,1.0
Llama2-13B,20,20,1,32,32,1152,0.102965,0.0056851889910016,0.00538525,0.1140354389910016,0.077148,4.788565559640068,4176.616097431754,135.65684636198952,658.7522282425559,1.0
Llama2-13B,20,20,1,32,32,1280,0.104085,0.0056851889910016,0.00593525,0.1157054389910016,0.077148,4.855365559640068,4119.154315845709,136.12492580916975,653.9123111359455,1.0
Llama2-13B,20,20,1,32,32,1408,0.105162,0.0056851889910016,0.00648525,0.1173324389910016,0.077148,4.920445559640068,4064.6725499922018,136.14626873683474,647.3168479908842,1.0
Llama2-13B,20,20,1,32,32,1536,0.106282,0.0056851889910016,0.00703525,0.1190024389910016,0.077148,4.987245559640068,4010.229646972388,137.06063737546438,644.7970370122143,1.0
Llama2-13B,20,20,1,32,32,1664,0.109705,0.0056851889910016,0.00758525,0.1229754389910016,0.077148,5.146165559640068,3886.388762315458,139.34056722402764,635.0693551981568,1.0
Llama2-13B,20,20,1,32,32,1792,0.110825,0.0056851889910016,0.00813525,0.1246454389910016,0.077148,5.212965559640068,3836.5877869680207,139.8086466712079,630.7631250674842,1.0
Llama2-13B,20,20,1,32,32,1920,0.111902,0.0056851889910016,0.0086852499999999,0.1262724389910016,0.077148,5.278045559640068,3789.2814251046143,139.82998959887286,624.7877142449325,1.0
Llama2-13B,20,20,1,32,32,2048,0.113022,0.0056851889910016,0.00923525,0.1279424389910016,0.077148,5.344845559640067,3741.9229006397786,140.74435823750247,622.6414248442891,1.0
Llama2-13B,20,20,1,32,32,2176,0.117803,0.0056851889910016,0.0097852499999999,0.1332734389910017,0.077148,5.558085559640069,3598.361303616773,144.25485128379955,612.2715520139535,1.0
Llama2-13B,20,20,1,32,32,2304,0.118923,0.0056851889910016,0.01033525,0.1349434389910016,0.077148,5.624885559640068,3555.62789463752,144.72293073097987,608.4732588775082,1.0
Llama2-13B,20,20,1,32,32,2432,0.12,0.0056851889910016,0.0108852499999999,0.1365704389910016,0.077148,5.689965559640068,3514.95976388039,144.74427365864483,603.1011402443534,1.0
Llama2-13B,20,20,1,32,32,2560,0.12112,0.0056851889910016,0.01143525,0.1382404389910017,0.077148,5.756765559640068,3474.17309126107,145.65864229727444,601.2988866300959,1.0
Llama2-13B,20,20,1,32,32,2688,0.124543,0.0056851889910016,0.01198525,0.1422134389910016,0.077148,5.915685559640068,3380.8423044744923,147.93857214583767,593.9256808726208,1.0
Llama2-13B,20,20,1,32,32,2816,0.125663,0.0056851889910016,0.01253525,0.1438834389910016,0.077148,5.982485559640067,3343.0920644300377,148.40665159301804,590.4946228922514,1.0
Llama2-13B,20,20,1,32,32,2944,0.12674,0.0056851889910016,0.01308525,0.1455104389910016,0.077148,6.047565559640067,3307.1158638568504,148.42799452068294,585.5609693888391,1.0
Llama2-13B,20,20,1,32,32,3072,0.12786,0.0056851889910016,0.01363525,0.1471804389910017,0.077148,6.114365559640068,3270.9853221758194,149.34236315931255,584.007364145599,1.0
Llama2-13B,20,20,1,32,32,3200,0.132641,0.0056851889910016,0.01418525,0.1525114389910017,0.077148,6.327605559640069,3160.75327570476,152.85285620560964,576.1900777497517,1.0
Llama2-13B,20,20,1,32,32,3328,0.133761,0.0056851889910016,0.0147352499999999,0.1541814389910016,0.077148,6.394405559640068,3127.7340502509155,153.32093565278993,573.1152415606564,1.0
Llama2-13B,20,20,1,32,32,3456,0.134838,0.0056851889910016,0.01528525,0.1558084389910017,0.077148,6.459485559640068,3096.221798987105,153.34227858045483,568.6167051589867,1.0
Llama2-13B,20,20,1,32,32,3584,0.135958,0.0056851889910016,0.01583525,0.1574784389910016,0.077148,6.526285559640067,3064.5303239080185,154.2566472190845,567.2952206530124,1.0
Llama2-13B,20,20,1,32,32,3712,0.139381,0.0056851889910016,0.01638525,0.1614514389910016,0.077148,6.685205559640068,2991.680632940299,156.5365770676478,561.5420217520599,1.0
Llama2-13B,20,20,1,32,32,3840,0.140501,0.0056851889910016,0.01693525,0.1631214389910016,0.077148,6.752005559640067,2962.0828690588564,157.004656514828,558.7314557007709,1.0
Llama2-13B,20,20,1,32,32,3968,0.141578,0.0056851889910016,0.01748525,0.1647484389910017,0.077148,6.817085559640068,2933.8050439630933,157.02599944249303,554.5564969221665,1.0
Llama2-13B,20,20,1,32,32,4096,0.142698,0.0056851889910016,0.01803525,0.1664184389910016,0.077148,6.883885559640068,2905.335922093064,157.94036808112264,553.4077845559244,1.0
Llama2-13B,20,40,1,32,16,128,0.1651495,0.0006398072596958,0.0019705,0.1677598072596958,0.1499815,7.010373790387835,5705.829845313723,121.8202146938805,737.63598856721,1.0
Llama2-13B,20,40,1,32,16,256,0.1673015,0.0006398072596958,0.0030705,0.1710118072596958,0.1499815,7.140453790387835,5601.884862534402,122.21374257295771,730.4999810100787,1.0
Llama2-13B,20,40,1,32,16,384,0.1717135,0.0006398072596958,0.0041705,0.1765238072596958,0.1499815,7.360933790387834,5434.093165222244,123.51294821169348,719.2966668997691,1.0
Llama2-13B,20,40,1,32,16,512,0.1738655,0.0006398072596958,0.0052705,0.1797758072596958,0.1499815,7.491013790387836,5339.731192502459,123.90647609077072,712.6570601457488,1.0
Llama2-13B,20,40,1,32,16,640,0.1782775,0.0006398072596958,0.0063705,0.1852878072596958,0.1499815,7.711493790387835,5187.062466400335,125.20568172950644,702.3078163509495,1.0
Llama2-13B,20,40,1,32,16,768,0.1804295,0.0006398072596958,0.0074705,0.1885398072596958,0.1499815,7.841573790387835,5101.016845500048,125.59920960858368,696.1123852174044,1.0
Llama2-13B,20,40,1,32,16,896,0.1848415,0.0006398072596958,0.0085705,0.1940518072596958,0.1499815,8.062053790387834,4961.514899304058,126.89841524731948,686.5255651318531,1.0
Llama2-13B,20,40,1,32,16,1024,0.1869935,0.0006398072596958,0.0096705,0.1973038072596958,0.1499815,8.192133790387835,4882.732756016952,127.2919431263967,680.7292399275732,1.0
Llama2-13B,20,40,1,32,16,1152,0.193424,0.0006398072596958,0.0107705,0.2048343072596958,0.1499815,8.493353790387834,4709.56479468324,129.54160343159373,669.7286967056501,1.0
Llama2-13B,20,40,1,32,16,1280,0.195576,0.0006398072596958,0.0118705,0.2080863072596958,0.1499815,8.623433790387834,4638.523466671276,129.93513131067098,664.3715553578706,1.0
Llama2-13B,20,40,1,32,16,1408,0.199988,0.0006398072596958,0.0129705,0.2135983072596958,0.1499815,8.843913790387836,4522.884431944001,131.23433694940672,656.211057410478,1.0
Llama2-13B,20,40,1,32,16,1536,0.20214,0.0006398072596958,0.0140705,0.2168503072596958,0.1499815,8.973993790387835,4457.324234260618,131.62786482848392,651.1717860318785,1.0
Llama2-13B,20,40,1,32,16,1664,0.206552,0.0006398072596958,0.0151705,0.2223623072596958,0.1499815,9.194473790387836,4350.439286891778,132.92707046721978,643.5525701383652,1.0
Llama2-13B,20,40,1,32,16,1792,0.208704,0.0006398072596958,0.0162705,0.2256143072596958,0.1499815,9.324553790387831,4289.7495042855335,133.32059834629695,638.8023149834067,1.0
Llama2-13B,20,40,1,32,16,1920,0.213116,0.0006398072596958,0.0173704999999999,0.2311263072596958,0.1499815,9.545033790387835,4190.660911046886,134.61980398503272,631.673848913421,1.0
Llama2-13B,20,40,1,32,16,2048,0.215268,0.0006398072596958,0.0184705,0.2343783072596958,0.1499815,9.675113790387837,4134.318300187823,135.01333186410994,627.1871892901398,1.0
Llama2-13B,20,40,1,32,16,2176,0.22167,0.0006398072596958,0.0195704999999999,0.2418803072596958,0.1499815,9.975193790387836,4009.947158975926,137.2124184749969,618.9940834348215,1.0
Llama2-13B,20,40,1,32,16,2304,0.223822,0.0006398072596958,0.0206705,0.2451323072596958,0.1499815,10.105273790387836,3958.3291684831056,137.60594635407415,614.8008075795684,1.0
Llama2-13B,20,40,1,32,16,2432,0.228234,0.0006398072596958,0.0217704999999999,0.2506443072596959,0.1499815,10.325753790387834,3873.809197081157,138.90515199280992,608.6084982641057,1.0
Llama2-13B,20,40,1,32,16,2560,0.230386,0.0006398072596958,0.0228705,0.2538963072596958,0.1499815,10.455833790387834,3825.615517795669,139.29867987188703,604.6317044954428,1.0
Llama2-13B,20,40,1,32,16,2688,0.234798,0.0006398072596958,0.0239705,0.2594083072596959,0.1499815,10.676313790387836,3746.611497688748,140.5978855106229,598.8035907913306,1.0
Llama2-13B,20,40,1,32,16,2816,0.23695,0.0006398072596958,0.0250705,0.2626603072596958,0.1499815,10.806393790387837,3701.51234314444,140.9914133897001,595.0260113513401,1.0
Llama2-13B,20,40,1,32,16,2944,0.241362,0.0006398072596958,0.0261705,0.2681723072596959,0.1499815,11.026873790387834,3627.501389819855,142.29061902843588,589.5319852687492,1.0
Llama2-13B,20,40,1,32,16,3072,0.243514,0.0006398072596958,0.0272705,0.2714243072596959,0.1499815,11.156953790387837,3585.208001350835,142.6841469075131,585.9381674462786,1.0
Llama2-13B,20,40,1,32,16,3200,0.249916,0.0006398072596958,0.0283705,0.2789263072596959,0.1499815,11.457033790387838,3491.3050560747224,144.88323351840012,579.72772258839,1.0
Llama2-13B,20,40,1,32,16,3328,0.252068,0.0006398072596958,0.0294704999999999,0.2821783072596959,0.1499815,11.587113790387836,3452.1107433312905,145.27676139747732,576.3395647106228,1.0
Llama2-13B,20,40,1,32,16,3456,0.25648,0.0006398072596958,0.0305705,0.2876903072596958,0.1499815,11.807593790387836,3387.650414647788,146.5759670362131,571.4908259365762,1.0
Llama2-13B,20,40,1,32,16,3584,0.258632,0.0006398072596958,0.0316705,0.2909423072596958,0.1499815,11.937673790387832,3350.7365590947747,146.96949491529028,568.2571952244513,1.0
Llama2-13B,20,40,1,32,16,3712,0.263044,0.0006398072596958,0.0327705,0.2964543072596958,0.1499815,12.158153790387834,3289.9731891550646,148.26870055402608,563.665016324364,1.0
Llama2-13B,20,40,1,32,16,3840,0.265196,0.0006398072596958,0.0338705,0.2997063072596959,0.1499815,12.288233790387835,3255.146401209342,148.66222843310334,560.574927348464,1.0
Llama2-13B,20,40,1,32,16,3968,0.269608,0.0006398072596958,0.0349705,0.3052183072596959,0.1499815,12.508713790387835,3197.7708236267663,149.961434071839,556.2202682110286,1.0
Llama2-13B,20,40,1,32,16,4096,0.27176,0.0006398072596958,0.0360705,0.3084703072596959,0.1499815,12.638793790387837,3164.858978110802,150.35496195091628,553.2637693218878,1.0
Llama2-13B,32,1,32,32,32,128,0.0219565,0.015258120689392,0.00098525,0.038199870689392,0.008951,1.6869458275756837,592.7872630249805,454.1332794733734,517.0829588884537,1.0
Llama2-13B,32,1,32,32,32,256,0.0230765,0.015258120689392,0.00153525,0.039869870689392,0.008951,1.7537458275756832,570.2080565359719,454.6327795513636,492.52787419167066,1.0
Llama2-13B,32,1,32,32,32,384,0.0241535,0.015258120689392,0.00208525,0.041496870689392,0.008951,1.8188258275756837,549.805256137638,455.13182041278776,471.0826799561013,1.0
Llama2-13B,32,1,32,32,32,512,0.0252735,0.015258120689392,0.00263525,0.043166870689392,0.008951,1.8856258275756836,530.3279077831061,455.6313323792779,450.70066708140735,1.0
Llama2-13B,32,1,32,32,32,640,0.0264365,0.015258120689392,0.00318525,0.044879870689392,0.008951,1.9541458275756836,511.73253596974473,456.131327339334,431.34617606276726,1.0
Llama2-13B,32,1,32,32,32,768,0.0275565,0.015258120689392,0.00373525,0.046549870689392,0.008951,2.020945827575684,494.8178156757397,456.630827417324,414.2678019862138,1.0
Llama2-13B,32,1,32,32,32,896,0.0286335,0.015258120689392,0.00428525,0.048176870689392,0.008951,2.0860258275756838,479.38045003122994,457.1298682787482,399.1215431913216,1.0
Llama2-13B,32,1,32,32,32,1024,0.0297535,0.015258120689392,0.00483525,0.049846870689392,0.008951,2.1528258275756835,464.50576130727165,457.6293802452384,384.5172670822242,1.0
Llama2-13B,32,1,32,32,32,1152,0.0323065,0.015258120689392,0.00538525,0.052949870689392,0.008951,2.2769458275756835,439.1848009246328,459.4410245845695,355.532961311632,1.0
Llama2-13B,32,1,32,32,32,1280,0.0334265,0.015258120689392,0.00593525,0.054619870689392,0.008951,2.343745827575684,426.6674262346856,459.9405246625596,343.99393046128034,1.0
Llama2-13B,32,1,32,32,32,1408,0.0345035,0.015258120689392,0.00648525,0.056246870689392,0.008951,2.408825827575684,415.1400190716282,460.4395655239838,333.61801376960574,1.0
Llama2-13B,32,1,32,32,32,1536,0.0356235,0.015258120689392,0.00703525,0.057916870689392,0.008951,2.4756258275756835,403.9382643617328,460.9390774904738,323.4796394869075,1.0
Llama2-13B,32,1,32,32,32,1664,0.0367865,0.015258120689392,0.00758525,0.059629870689392,0.008951,2.5441458275756834,393.0592300021182,461.43907245052986,313.59267153067685,1.0
Llama2-13B,32,1,32,32,32,1792,0.0379065,0.015258120689392,0.00813525,0.061299870689392,0.008951,2.610945827575684,383.002967521743,461.93857252852,304.65657112139075,1.0
Llama2-13B,32,1,32,32,32,1920,0.0389835,0.015258120689392,0.0086852499999999,0.0629268706893921,0.008951,2.676025827575684,373.6884710510956,462.4376133899442,296.5598351802328,1.0
Llama2-13B,32,1,32,32,32,2048,0.0401035,0.015258120689392,0.00923525,0.064596870689392,0.008951,2.7428258275756834,364.5874958396012,462.9371253564343,288.588979363668,1.0
Llama2-13B,32,1,32,32,32,2176,0.0426245,0.015258120689392,0.0097852499999999,0.067667870689392,0.008951,2.8656658275756834,348.9590413429284,464.6676835142242,272.5355625955871,1.0
Llama2-13B,32,1,32,32,32,2304,0.0437445,0.015258120689392,0.01033525,0.0693378706893921,0.008951,2.932465827575684,341.0099413934913,465.1671835922143,265.84323948851534,1.0
Llama2-13B,32,1,32,32,32,2432,0.0448215,0.015258120689392,0.0108852499999999,0.070964870689392,0.008951,2.997545827575683,333.60624241357044,465.6662244536385,259.733735179344,1.0
Llama2-13B,32,1,32,32,32,2560,0.0459415,0.015258120689392,0.01143525,0.072634870689392,0.008951,3.064345827575684,326.33392452024145,466.16573642012855,253.6735502868477,1.0
Llama2-13B,32,1,32,32,32,2688,0.0471045,0.015258120689392,0.01198525,0.0743478706893921,0.008951,3.132865827575684,319.19656156287846,466.6657313801847,247.6757695019502,1.0
Llama2-13B,32,1,32,32,32,2816,0.0482245,0.015258120689392,0.01253525,0.076017870689392,0.008951,3.1996658275756835,312.5326374341029,467.16523145817473,242.18251690436125,1.0
Llama2-13B,32,1,32,32,32,2944,0.0493015,0.015258120689392,0.01308525,0.077644870689392,0.008951,3.264745827575683,306.30255854942754,467.664272319599,237.14505254383693,1.0
Llama2-13B,32,1,32,32,32,3072,0.0504215,0.015258120689392,0.01363525,0.0793148706893921,0.008951,3.331545827575684,300.1609618342501,468.16378428608914,232.1250777377156,1.0
Llama2-13B,32,1,32,32,32,3200,0.0529425,0.015258120689392,0.01418525,0.082385870689392,0.008951,3.454385827575684,289.4870607727708,469.8943424438788,221.88900337341408,1.0
Llama2-13B,32,1,32,32,32,3328,0.0540625,0.015258120689392,0.0147352499999999,0.084055870689392,0.008951,3.521185827575683,283.99523597097243,470.393842521869,217.5231641719625,1.0
Llama2-13B,32,1,32,32,32,3456,0.0551395,0.015258120689392,0.01528525,0.0856828706893921,0.008951,3.586265827575684,278.84157172922124,470.8928833832931,213.50070429696183,1.0
Llama2-13B,32,1,32,32,32,3584,0.0562595,0.015258120689392,0.01583525,0.0873528706893921,0.008951,3.653065827575684,273.74267182686896,471.3923953497833,209.47235371349876,1.0
Llama2-13B,32,1,32,32,32,3712,0.0574225,0.015258120689392,0.01638525,0.089065870689392,0.008951,3.721585827575684,268.7026569669146,471.8923903098393,205.447511998711,1.0
Llama2-13B,32,1,32,32,32,3840,0.0585425,0.015258120689392,0.01693525,0.090735870689392,0.008951,3.788385827575683,263.9646660910285,472.3918903878295,201.73032001871695,1.0
Llama2-13B,32,1,32,32,32,3968,0.0596195,0.015258120689392,0.01748525,0.092362870689392,0.008951,3.853465827575684,259.5066479749027,472.8909312492536,198.2954114212857,1.0
Llama2-13B,32,1,32,32,32,4096,0.0607395,0.015258120689392,0.01803525,0.094032870689392,0.008951,3.920265827575684,255.08474271460463,473.3904432157437,194.84455881911435,1.0
Llama2-13B,32,2,16,32,32,128,0.0231455,0.0148110858535766,0.00098525,0.0389418358535766,0.010106,1.717779434143066,1164.293832052846,260.6573172179685,563.0842220258114,1.0
Llama2-13B,32,2,16,32,32,256,0.0242655,0.0148110858535766,0.00153525,0.0406118358535766,0.010106,1.7845794341430663,1120.7122315406352,261.1406001961857,538.0902932067868,1.0
Llama2-13B,32,2,16,32,32,384,0.0253425,0.0148110858535766,0.00208525,0.0422388358535766,0.010106,1.849659434143066,1081.2801335650124,261.623423957837,516.1752470313447,1.0
Llama2-13B,32,2,16,32,32,512,0.0264625,0.0148110858535766,0.00263525,0.0439088358535766,0.010106,1.916459434143066,1043.5910953128464,262.1067188245544,495.2417927719498,1.0
Llama2-13B,32,2,16,32,32,640,0.0276255,0.0148110858535766,0.00318525,0.0456218358535766,0.010106,1.9849794341430664,1007.567114096282,262.59049668483755,475.2683149351823,1.0
Llama2-13B,32,2,16,32,32,768,0.0287455,0.0148110858535766,0.00373525,0.0472918358535766,0.010106,2.051779434143066,974.7636450188456,263.0737796630549,457.5912397819743,1.0
Llama2-13B,32,2,16,32,32,896,0.0298225,0.0148110858535766,0.00428525,0.0489188358535766,0.010106,2.116859434143066,944.7958460263222,263.5566034247062,441.875435367099,1.0
Llama2-13B,32,2,16,32,32,1024,0.0309425,0.0148110858535766,0.00483525,0.0505888358535766,0.010106,2.1836594341430664,915.893737241522,264.0398982914236,426.6621932478363,1.0
Llama2-13B,32,2,16,32,32,1152,0.0334955,0.0148110858535766,0.00538525,0.0536918358535766,0.010106,2.307779434143066,866.6339470793699,265.8353255309818,396.8224470913735,1.0
Llama2-13B,32,2,16,32,32,1280,0.0346155,0.0148110858535766,0.00593525,0.0553618358535766,0.010106,2.3745794341430666,842.2544098726922,266.3186085091992,384.6811522427802,1.0
Llama2-13B,32,2,16,32,32,1408,0.0356925,0.0148110858535766,0.00648525,0.0569888358535766,0.010106,2.439659434143066,819.7865538156569,266.8014322708505,373.7499926747223,1.0
Llama2-13B,32,2,16,32,32,1536,0.0368125,0.0148110858535766,0.00703525,0.0586588358535766,0.010106,2.506459434143066,797.938308019647,267.28472713756776,363.0352830391412,1.0
Llama2-13B,32,2,16,32,32,1664,0.0379755,0.0148110858535766,0.00758525,0.0603718358535766,0.010106,2.5749794341430663,776.7052324693944,267.7685049978511,352.5542849967097,1.0
Llama2-13B,32,2,16,32,32,1792,0.0390955,0.0148110858535766,0.00813525,0.0620418358535766,0.010106,2.641779434143066,757.065474184356,268.2517879760684,343.0724609943194,1.0
Llama2-13B,32,2,16,32,32,1920,0.0401725,0.0148110858535766,0.0086852499999999,0.0636688358535766,0.010106,2.706859434143066,738.8636346508911,268.73461173771955,334.47583762240293,1.0
Llama2-13B,32,2,16,32,32,2048,0.0412925,0.0148110858535766,0.00923525,0.0653388358535766,0.010106,2.7736594341430667,721.0690596619365,269.2179066044369,325.98886795960146,1.0
Llama2-13B,32,2,16,32,32,2176,0.0438135,0.0148110858535766,0.0097852499999999,0.0684098358535766,0.010106,2.896499434143066,690.4886555214202,270.9322476624539,309.18809004354137,1.0
Llama2-13B,32,2,16,32,32,2304,0.0449335,0.0148110858535766,0.01033525,0.0700798358535766,0.010106,2.9632994341430665,674.9233563628592,271.4155306406712,302.01912898023886,1.0
Llama2-13B,32,2,16,32,32,2432,0.0460105,0.0148110858535766,0.0108852499999999,0.0717068358535766,0.010106,3.0283794341430665,660.4192253623381,271.89835440232264,295.4742443597904,1.0
Llama2-13B,32,2,16,32,32,2560,0.0471305,0.0148110858535766,0.01143525,0.0733768358535766,0.010106,3.0951794341430663,646.1660923234073,272.38164926903994,288.96537196617885,1.0
Llama2-13B,32,2,16,32,32,2688,0.0482935,0.0148110858535766,0.01198525,0.0750898358535766,0.010106,3.163699434143066,632.1713050284528,272.865427129323,282.50740485709593,1.0
Llama2-13B,32,2,16,32,32,2816,0.0494135,0.0148110858535766,0.01253525,0.0767598358535766,0.010106,3.230499434143066,619.0993190904326,273.34871010754046,276.59314773041825,1.0
Llama2-13B,32,2,16,32,32,2944,0.0504905,0.0148110858535766,0.01308525,0.0783868358535766,0.010106,3.2955794341430664,606.8735528810126,273.83153386919173,271.1713429944166,1.0
Llama2-13B,32,2,16,32,32,3072,0.0516105,0.0148110858535766,0.01363525,0.0800568358535766,0.010106,3.362379434143066,594.8168667971046,274.3148287359089,265.7548645487924,1.0
Llama2-13B,32,2,16,32,32,3200,0.0541315,0.0148110858535766,0.01418525,0.0831278358535766,0.010106,3.485219434143066,573.8519590493886,276.0291697939261,254.96168570418885,1.0
Llama2-13B,32,2,16,32,32,3328,0.0552515,0.0148110858535766,0.0147352499999999,0.0847978358535766,0.010106,3.552019434143067,563.0599823794333,276.5124527721434,250.23072022672991,1.0
Llama2-13B,32,2,16,32,32,3456,0.0563285,0.0148110858535766,0.01528525,0.0864248358535766,0.010106,3.617099434143066,552.9292286303497,276.9952765337948,245.8748915147703,1.0
Llama2-13B,32,2,16,32,32,3584,0.0574485,0.0148110858535766,0.01583525,0.0880948358535766,0.010106,3.683899434143066,542.9029852073668,277.4785714005119,241.50201606700955,1.0
Llama2-13B,32,2,16,32,32,3712,0.0586115,0.0148110858535766,0.01638525,0.0898078358535766,0.010106,3.752419434143066,532.9894578953796,277.96234926079524,237.12270566424277,1.0
Llama2-13B,32,2,16,32,32,3840,0.0597315,0.0148110858535766,0.01693525,0.0914778358535766,0.010106,3.8192194341430654,523.6672138082446,278.4456322390124,233.08106463006328,1.0
Llama2-13B,32,2,16,32,32,3968,0.0608085,0.0148110858535766,0.01748525,0.0931048358535766,0.010106,3.884299434143066,514.8933633746054,278.92845600066374,229.34989022970788,1.0
Llama2-13B,32,2,16,32,32,4096,0.0619285,0.0148110858535766,0.01803525,0.0947748358535766,0.010106,3.951099434143066,506.1882226291705,279.41175086738133,225.59221591624305,1.0
Llama2-13B,32,4,8,32,32,128,0.0294185,0.0138574115371704,0.00098525,0.0442611615371704,0.016064,1.9365104614868165,2065.5710772297484,214.71102641142213,729.8503540677539,1.0
Llama2-13B,32,4,8,32,32,256,0.0305385,0.0138574115371704,0.00153525,0.0459311615371704,0.016064,2.0033104614868167,1996.695009035834,215.186200839753,704.6390649172455,1.0
Llama2-13B,32,4,8,32,32,384,0.0316155,0.0138574115371704,0.00208525,0.0475581615371704,0.016064,2.0683904614868163,1933.8708403850835,215.66091605151797,682.1366609780582,1.0
Llama2-13B,32,4,8,32,32,512,0.0327355,0.0138574115371704,0.00263525,0.0492281615371704,0.016064,2.1351904614868165,1873.3691781362888,216.1361023683488,660.2498888617827,1.0
Llama2-13B,32,4,8,32,32,640,0.0338985,0.0138574115371704,0.00318525,0.0509411615371704,0.016064,2.2037104614868164,1815.120484249664,216.6117716787456,639.0010521962495,1.0
Llama2-13B,32,4,8,32,32,768,0.0350185,0.0138574115371704,0.00373525,0.0526111615371704,0.016064,2.270510461486817,1761.718374722065,217.0869461070765,619.9207450549754,1.0
Llama2-13B,32,4,8,32,32,896,0.0360955,0.0138574115371704,0.00428525,0.0542381615371704,0.016064,2.335590461486816,1712.6290186395245,217.56166131884137,602.7390154419288,1.0
Llama2-13B,32,4,8,32,32,1024,0.0372155,0.0138574115371704,0.00483525,0.0559081615371704,0.016064,2.402390461486816,1665.008275767312,218.03684763567236,585.8764429758363,1.0
Llama2-13B,32,4,8,32,32,1152,0.0397685,0.0138574115371704,0.00538525,0.0590111615371704,0.016064,2.5265104614868164,1583.2113347538073,219.8241663253442,552.7595114860861,1.0
Llama2-13B,32,4,8,32,32,1280,0.0408885,0.0138574115371704,0.00593525,0.0606811615371704,0.016064,2.5933104614868165,1542.4300558702446,220.29934075367504,538.7806858986636,1.0
Llama2-13B,32,4,8,32,32,1408,0.0419655,0.0138574115371704,0.00648525,0.0623081615371704,0.016064,2.658390461486816,1504.6698586793875,220.77405596544003,526.0846551701757,1.0
Llama2-13B,32,4,8,32,32,1536,0.0430855,0.0138574115371704,0.00703525,0.0639781615371704,0.016064,2.725190461486816,1467.7873185486164,221.2492422822709,513.5120685202005,1.0
Llama2-13B,32,4,8,32,32,1664,0.0442485,0.0138574115371704,0.00758525,0.0656911615371704,0.016064,2.7937104614868167,1431.7876011643648,221.72491159266767,501.0902326466836,1.0
Llama2-13B,32,4,8,32,32,1792,0.0453685,0.0138574115371704,0.00813525,0.0673611615371704,0.016064,2.8605104614868164,1398.351816521904,222.20008602099855,489.7673187806488,1.0
Llama2-13B,32,4,8,32,32,1920,0.0464455,0.0138574115371704,0.0086852499999999,0.0689881615371704,0.016064,2.9255904614868165,1367.245365561917,222.67480123276357,479.4324557443962,1.0
Llama2-13B,32,4,8,32,32,2048,0.0475655,0.0138574115371704,0.00923525,0.0706581615371704,0.016064,2.992390461486816,1336.7239507950233,223.1499875495944,469.14252462308696,1.0
Llama2-13B,32,4,8,32,32,2176,0.0500865,0.0138574115371704,0.0097852499999999,0.0737291615371704,0.016064,3.1152304614868163,1284.0141522277318,224.856220057725,448.93578121395,1.0
Llama2-13B,32,4,8,32,32,2304,0.0512065,0.0138574115371704,0.01033525,0.0753991615371704,0.016064,3.1820304614868165,1257.0589906078346,225.33139448605587,440.0445148292813,1.0
Llama2-13B,32,4,8,32,32,2432,0.0522835,0.0138574115371704,0.0108852499999999,0.0770261615371704,0.016064,3.247110461486816,1231.864467637619,225.8061096978209,431.8878990462017,1.0
Llama2-13B,32,4,8,32,32,2560,0.0534035,0.0138574115371704,0.01143525,0.0786961615371704,0.016064,3.313910461486816,1207.0332154373789,226.28129601465173,423.7199734374185,1.0
Llama2-13B,32,4,8,32,32,2688,0.0545665,0.0138574115371704,0.01198525,0.0804091615371704,0.016064,3.3824304614868166,1182.581592007576,226.75696532504847,415.5607659004125,1.0
Llama2-13B,32,4,8,32,32,2816,0.0556865,0.0138574115371704,0.01253525,0.0820791615371704,0.016064,3.4492304614868163,1159.6789616301169,227.23213975337944,408.0560634146146,1.0
Llama2-13B,32,4,8,32,32,2944,0.0567635,0.0138574115371704,0.01308525,0.0837061615371704,0.016064,3.514310461486817,1138.203367014905,227.70685496514437,401.1501316253303,1.0
Llama2-13B,32,4,8,32,32,3072,0.0578835,0.0138574115371704,0.01363525,0.0853761615371704,0.016064,3.581110461486817,1116.9719680579938,228.1820412819752,394.2091291680277,1.0
Llama2-13B,32,4,8,32,32,3200,0.0604045,0.0138574115371704,0.01418525,0.0884471615371704,0.016064,3.703950461486816,1079.9280502240697,229.88827379010587,380.5813702457695,1.0
Llama2-13B,32,4,8,32,32,3328,0.0615245,0.0138574115371704,0.0147352499999999,0.0901171615371704,0.016064,3.770750461486817,1060.7967938622992,230.36344821843676,374.4255511518774,1.0
Llama2-13B,32,4,8,32,32,3456,0.0626015,0.0138574115371704,0.01528525,0.0917441615371704,0.016064,3.835830461486816,1042.798955835381,230.8381634302017,368.7422241163576,1.0
Llama2-13B,32,4,8,32,32,3584,0.0637215,0.0138574115371704,0.01583525,0.0934141615371704,0.016064,3.9026304614868166,1024.949720316611,231.31334974703253,363.0067555644994,1.0
Llama2-13B,32,4,8,32,32,3712,0.0648845,0.0138574115371704,0.01638525,0.0951271615371704,0.016064,3.971150461486816,1007.2647810232762,231.78901905742936,357.233266893371,1.0
Llama2-13B,32,4,8,32,32,3840,0.0660045,0.0138574115371704,0.01693525,0.0967971615371704,0.016064,4.037950461486816,990.601553474026,232.2641934857602,351.8914520763892,1.0
Llama2-13B,32,4,8,32,32,3968,0.0670815,0.0138574115371704,0.01748525,0.0984241615371704,0.016064,4.103030461486816,974.8891794847945,232.73890869752512,346.949469969403,1.0
Llama2-13B,32,4,8,32,32,4096,0.0682015,0.0138574115371704,0.01803525,0.1000941615371704,0.016064,4.169830461486817,959.2716147441972,233.21409501435605,341.94863018314265,1.0
Llama2-13B,32,8,4,32,32,128,0.0368805,0.0130676499938964,0.00098525,0.0509333999938964,0.024332,2.211667999755859,3617.1794323936074,158.74198259568192,860.8450676952965,1.0
Llama2-13B,32,8,4,32,32,256,0.0380005,0.0130676499938964,0.00153525,0.0526033999938964,0.024332,2.2784679997558595,3511.131163947534,159.21310274906963,837.9526729862478,1.0
Llama2-13B,32,8,4,32,32,384,0.0390775,0.0130676499938964,0.00208525,0.0542303999938964,0.024332,2.3435479997558586,3413.627542868082,159.68376368589128,817.2670395285844,1.0
Llama2-13B,32,8,4,32,32,512,0.0401975,0.0130676499938964,0.00263525,0.0559003999938964,0.024332,2.410347999755859,3319.022813639487,160.154895727779,796.8400807402401,1.0
Llama2-13B,32,8,4,32,32,640,0.0413605,0.0130676499938964,0.00318525,0.0576133999938964,0.024332,2.478867999755859,3227.279548885988,160.62651076323257,776.7145501782259,1.0
Llama2-13B,32,8,4,32,32,768,0.0424805,0.0130676499938964,0.00373525,0.0592833999938964,0.024332,2.54566799975586,3142.593614236905,161.09763091662018,758.4544951995397,1.0
Llama2-13B,32,8,4,32,32,896,0.0435575,0.0130676499938964,0.00428525,0.0609103999938964,0.024332,2.610747999755859,3064.255914683497,161.5682918534419,741.8620988506777,1.0
Llama2-13B,32,8,4,32,32,1024,0.0446775,0.0130676499938964,0.00483525,0.0625803999938964,0.024332,2.677547999755859,2987.808248714662,162.03942389532966,725.3737290373438,1.0
Llama2-13B,32,8,4,32,32,1152,0.0472305,0.0130676499938964,0.00538525,0.0656833999938964,0.024332,2.801667999755859,2855.4418299017334,163.8226883100583,693.7156638615231,1.0
Llama2-13B,32,8,4,32,32,1280,0.0483505,0.0130676499938964,0.00593525,0.0673533999938964,0.024332,2.8684679997558598,2788.945179336459,164.29380846344608,679.595075390931,1.0
Llama2-13B,32,8,4,32,32,1408,0.0494275,0.0130676499938964,0.00648525,0.0689803999938964,0.024332,2.933547999755859,2727.07315532788,164.76446940026773,666.6914952213558,1.0
Llama2-13B,32,8,4,32,32,1536,0.0505475,0.0130676499938964,0.00703525,0.0706503999938965,0.024332,3.0003479997558595,2666.3573694288016,165.23560144215537,653.7834766987702,1.0
Llama2-13B,32,8,4,32,32,1664,0.0517105,0.0130676499938964,0.00758525,0.0723633999938964,0.024332,3.0688679997558594,2606.8244058188334,165.70721647760897,640.9035552841647,1.0
Llama2-13B,32,8,4,32,32,1792,0.0528305,0.0130676499938964,0.00813525,0.0740333999938964,0.024332,3.1356679997558587,2551.2905067191027,166.17833663099668,629.0999957637981,1.0
Llama2-13B,32,8,4,32,32,1920,0.0539075,0.0130676499938964,0.0086852499999999,0.0756603999938964,0.024332,3.200747999755859,2499.41576175638,166.6489975678184,618.2775961334452,1.0
Llama2-13B,32,8,4,32,32,2048,0.0550275,0.0130676499938964,0.00923525,0.0773303999938964,0.024332,3.267547999755859,2448.319045534369,167.12012960970608,607.4058592874692,1.0
Llama2-13B,32,8,4,32,32,2176,0.0598085,0.0130676499938964,0.0097852499999999,0.0826613999938964,0.024332,3.480787999755859,2298.330148392007,170.6336633622106,570.600043011313,1.0
Llama2-13B,32,8,4,32,32,2304,0.0609285,0.0130676499938964,0.01033525,0.0843313999938964,0.024332,3.547587999755859,2255.0532927021263,171.1047835155982,561.6576266134839,1.0
Llama2-13B,32,8,4,32,32,2432,0.0620055,0.0130676499938964,0.0108852499999999,0.0859583999938964,0.024332,3.612667999755859,2214.4298896385258,171.57544445242002,553.4200819360217,1.0
Llama2-13B,32,8,4,32,32,2560,0.0631255,0.0130676499938964,0.01143525,0.0876283999938964,0.024332,3.6794679997558593,2174.2273612736453,172.0465764943077,545.0937465661505,1.0
Llama2-13B,32,8,4,32,32,2688,0.0642885,0.0130676499938964,0.01198525,0.0893413999938964,0.024332,3.7479879997558583,2134.478552364926,172.51819152976125,536.7000055367948,1.0
Llama2-13B,32,8,4,32,32,2816,0.0654085,0.0130676499938964,0.01253525,0.0910113999938964,0.024332,3.8147879997558585,2097.102119570469,172.9893116831489,528.9505543871177,1.0
Llama2-13B,32,8,4,32,32,2944,0.0664855,0.0130676499938964,0.01308525,0.0926383999938964,0.024332,3.8798679997558585,2061.9258182245894,173.45997261997064,521.7979036631162,1.0
Llama2-13B,32,8,4,32,32,3072,0.0676055,0.0130676499938964,0.01363525,0.0943083999938964,0.024332,3.946667999755859,2027.0263423462225,173.9311046618583,514.5472029993368,1.0
Llama2-13B,32,8,4,32,32,3200,0.0701265,0.0130676499938964,0.01418525,0.0973793999938964,0.024332,4.069507999755858,1965.8396052987105,175.63328289504574,500.9041742994325,1.0
Llama2-13B,32,8,4,32,32,3328,0.0712465,0.0130676499938964,0.0147352499999999,0.0990493999938964,0.024332,4.136307999755859,1934.0919487794893,176.10440304843334,494.35243288704254,1.0
Llama2-13B,32,8,4,32,32,3456,0.0723235,0.0130676499938964,0.01528525,0.1006763999938964,0.024332,4.20138799975586,1904.13263437342,176.5750639852552,488.2923641285479,1.0
Llama2-13B,32,8,4,32,32,3584,0.0734435,0.0130676499938964,0.01583525,0.1023463999938964,0.024332,4.26818799975586,1874.331683716275,177.04619602714277,482.12897268551416,1.0
Llama2-13B,32,8,4,32,32,3712,0.0746065,0.0130676499938964,0.01638525,0.1040593999938964,0.024332,4.33670799975586,1844.71723723395,177.51781106259637,475.8776006449744,1.0
Llama2-13B,32,8,4,32,32,3840,0.0757265,0.0130676499938964,0.01693525,0.1057293999938964,0.024332,4.40350799975586,1816.7333863009983,177.98893121598402,470.0836067056685,1.0
Llama2-13B,32,8,4,32,32,3968,0.0768035,0.0130676499938964,0.01748525,0.1073563999938964,0.024332,4.46858799975586,1790.2746908949937,178.45959215280578,464.7173427065324,1.0
Llama2-13B,32,8,4,32,32,4096,0.0779235,0.0130676499938964,0.01803525,0.1090263999938964,0.024332,4.53538799975586,1763.906417803866,178.93072419469345,459.2471441726654,1.0
Llama2-13B,32,16,2,32,32,128,0.0529935,0.0114136211013793,0.00098525,0.0653923711013793,0.040868,2.8065628440551755,5700.923474381124,134.55749376175632,1015.6528160001228,1.0
Llama2-13B,32,16,2,32,32,256,0.0541135,0.0114136211013793,0.00153525,0.0670623711013794,0.040868,2.873362844055176,5568.388285211903,135.02658677767232,998.0990826885889,1.0
Llama2-13B,32,16,2,32,32,384,0.0551905,0.0114136211013793,0.00208525,0.0686893711013793,0.040868,2.938442844055176,5445.060819328145,135.49522057702254,982.0184312664136,1.0
Llama2-13B,32,16,2,32,32,512,0.0563105,0.0114136211013793,0.00263525,0.0703593711013794,0.040868,3.005242844055176,5324.028982100536,135.96432548143852,965.8186340482756,1.0
Llama2-13B,32,16,2,32,32,640,0.0574735,0.0114136211013793,0.00318525,0.0720723711013793,0.040868,3.0737628440551754,5205.346284585641,136.4339133794205,949.5430998941812,1.0
Llama2-13B,32,16,2,32,32,768,0.0585935,0.0114136211013793,0.00373525,0.0737423711013793,0.040868,3.140562844055176,5094.628190703673,136.9030063953366,934.59517793159,1.0
Llama2-13B,32,16,2,32,32,896,0.0596705,0.0114136211013793,0.00428525,0.0753693711013794,0.040868,3.205642844055176,4991.198576495131,137.3716401946868,920.8680349230306,1.0
Llama2-13B,32,16,2,32,32,1024,0.0607905,0.0114136211013793,0.00483525,0.0770393711013793,0.040868,3.2724428440551754,4889.313813094127,137.84074509910278,906.9887242190993,1.0
Llama2-13B,32,16,2,32,32,1152,0.0656035,0.0114136211013793,0.00538525,0.0824023711013793,0.040868,3.486962844055175,4588.520358706417,141.43333789567694,862.3523921478396,1.0
Llama2-13B,32,16,2,32,32,1280,0.0667235,0.0114136211013793,0.00593525,0.0840723711013794,0.040868,3.553762844055176,4502.27004504963,141.90243091159303,850.6893727792634,1.0
Llama2-13B,32,16,2,32,32,1408,0.0678005,0.0114136211013793,0.00648525,0.0856993711013793,0.040868,3.618842844055176,4421.3028002262845,142.37106471094316,839.9410901745161,1.0
Llama2-13B,32,16,2,32,32,1536,0.0689205,0.0114136211013793,0.00703525,0.0873693711013793,0.040868,3.685642844055175,4341.169417923251,142.84016961535917,829.0141227377006,1.0
Llama2-13B,32,16,2,32,32,1664,0.0700835,0.0114136211013793,0.00758525,0.0890823711013794,0.040868,3.754162844055176,4261.935527207206,143.30975751334122,817.9372178235461,1.0
Llama2-13B,32,16,2,32,32,1792,0.0712035,0.0114136211013793,0.00813525,0.0907523711013793,0.040868,3.820962844055176,4187.426220302957,143.77885052925726,807.7066466073003,1.0
Llama2-13B,32,16,2,32,32,1920,0.0722805,0.0114136211013793,0.0086852499999999,0.0923793711013793,0.040868,3.886042844055176,4117.298918738536,144.24748432860738,798.2650055193722,1.0
Llama2-13B,32,16,2,32,32,2048,0.0734005,0.0114136211013793,0.00923525,0.0940493711013793,0.040868,3.952842844055176,4047.719737723189,144.71658923302346,788.6408906371128,1.0
Llama2-13B,32,16,2,32,32,2176,0.0781815,0.0114136211013793,0.0097852499999999,0.0993803711013793,0.040868,4.166082844055175,3840.5381263196255,148.22809584805634,758.3793907666462,1.0
Llama2-13B,32,16,2,32,32,2304,0.0793015,0.0114136211013793,0.01033525,0.1010503711013793,0.040868,4.232882844055176,3779.929799491384,148.69718886397249,750.0346846603022,1.0
Llama2-13B,32,16,2,32,32,2432,0.0803785,0.0114136211013793,0.0108852499999999,0.1026773711013794,0.040868,4.297962844055176,3722.693885576689,149.16582266332256,742.3170258878808,1.0
Llama2-13B,32,16,2,32,32,2560,0.0814985,0.0114136211013793,0.01143525,0.1043473711013794,0.040868,4.364762844055176,3665.720354495792,149.63492756773863,734.4180693766813,1.0
Llama2-13B,32,16,2,32,32,2688,0.0826615,0.0114136211013793,0.01198525,0.1060603711013793,0.040868,4.433282844055176,3609.063658425324,150.10451546572062,726.3575689563854,1.0
Llama2-13B,32,16,2,32,32,2816,0.0837815,0.0114136211013793,0.01253525,0.1077303711013793,0.040868,4.500082844055175,3555.4900997293344,150.5736084816367,718.8871456425903,1.0
Llama2-13B,32,16,2,32,32,2944,0.0848585,0.0114136211013793,0.01308525,0.1093573711013793,0.040868,4.565162844055175,3504.803781717326,151.0422422809868,711.972246886225,1.0
Llama2-13B,32,16,2,32,32,3072,0.0859785,0.0114136211013793,0.01363525,0.1110273711013793,0.040868,4.631962844055176,3454.259142111851,151.51134718540294,704.8801604373319,1.0
Llama2-13B,32,16,2,32,32,3200,0.0907595,0.0114136211013793,0.01418525,0.1163583711013794,0.040868,4.845202844055176,3302.235327388039,155.02285380043574,683.2248031354765,1.0
Llama2-13B,32,16,2,32,32,3328,0.0918795,0.0114136211013793,0.0147352499999999,0.1180283711013794,0.040868,4.912002844055176,3257.327104230861,155.49194681635186,676.9385850656645,1.0
Llama2-13B,32,16,2,32,32,3456,0.0929565,0.0114136211013793,0.01528525,0.1196553711013793,0.040868,4.977082844055175,3214.734514437716,155.960580615702,671.1121034707718,1.0
Llama2-13B,32,16,2,32,32,3584,0.0940765,0.0114136211013793,0.01583525,0.1213253711013793,0.040868,5.043882844055176,3172.159325401051,156.42968552011808,665.1169442745768,1.0
Llama2-13B,32,16,2,32,32,3712,0.0952395,0.0114136211013793,0.01638525,0.1230383711013794,0.040868,5.112402844055176,3129.643826602041,156.89927341810002,658.967228589398,1.0
Llama2-13B,32,16,2,32,32,3840,0.0963595,0.0114136211013793,0.01693525,0.1247083711013793,0.040868,5.179202844055176,3089.278501297785,157.36836643401608,653.2552220964868,1.0
Llama2-13B,32,16,2,32,32,3968,0.0974365,0.0114136211013793,0.01748525,0.1263353711013793,0.040868,5.244282844055175,3050.941468219494,157.83700023336624,647.9584148994112,1.0
Llama2-13B,32,16,2,32,32,4096,0.0985565,0.0114136211013793,0.01803525,0.1280053711013793,0.040868,5.311082844055175,3012.568334894115,158.30610513778234,642.4988920579864,1.0
Llama2-13B,32,32,1,32,32,128,0.088095,0.0083290807342529,0.00098525,0.0974093307342529,0.077148,4.123521229370118,7760.357767065046,126.97775525863824,1153.0984074795454,1.0
Llama2-13B,32,32,1,32,32,256,0.089215,0.0083290807342529,0.00153525,0.0990793307342529,0.077148,4.1903212293701175,7636.646034607277,127.44583470581848,1142.819792239587,1.0
Llama2-13B,32,32,1,32,32,384,0.090292,0.0083290807342529,0.00208525,0.1007063307342529,0.077148,4.2554012293701176,7519.854950254979,127.46711666635927,1129.3768366310132,1.0
Llama2-13B,32,32,1,32,32,512,0.091412,0.0083290807342529,0.00263525,0.1023763307342529,0.077148,4.322201229370117,7403.634930866794,128.381546272113,1123.5421718996463,1.0
Llama2-13B,32,32,1,32,32,640,0.094835,0.0083290807342529,0.00318525,0.1063493307342529,0.077148,4.4811212293701175,7141.069915775976,130.66147612067633,1102.2215521330843,1.0
Llama2-13B,32,32,1,32,32,768,0.095955,0.0083290807342529,0.00373525,0.1080193307342529,0.077148,4.547921229370117,7036.181672045355,131.12955556785653,1093.2587614432316,1.0
Llama2-13B,32,32,1,32,32,896,0.097032,0.0083290807342529,0.00428525,0.1096463307342529,0.077148,4.613001229370117,6936.915558630675,131.15089849552157,1081.3001772241869,1.0
Llama2-13B,32,32,1,32,32,1024,0.098152,0.0083290807342529,0.00483525,0.1113163307342529,0.077148,4.679801229370118,6837.897259219078,132.06526713415116,1076.414272835204,1.0
Llama2-13B,32,32,1,32,32,1152,0.102965,0.0083290807342529,0.00538525,0.1166793307342529,0.077148,4.894321229370117,6538.189567119666,135.65684636198952,1054.0035651880894,1.0
Llama2-13B,32,32,1,32,32,1280,0.104085,0.0083290807342529,0.00593525,0.1183493307342529,0.077148,4.961121229370118,6450.154817938774,136.12492580916975,1046.2596978175131,1.0
Llama2-13B,32,32,1,32,32,1408,0.105162,0.0083290807342529,0.00648525,0.1199763307342529,0.077148,5.026201229370118,6366.637255391032,136.14626873683474,1035.706956785415,1.0
Llama2-13B,32,32,1,32,32,1536,0.106282,0.0083290807342529,0.00703525,0.1216463307342529,0.077148,5.093001229370118,6283.132196290012,137.06063737546438,1031.6752592195437,1.0
Llama2-13B,32,32,1,32,32,1664,0.109705,0.0083290807342529,0.00758525,0.1256193307342529,0.077148,5.251921229370117,6093.008368261053,139.34056722402764,1016.1109683170516,1.0
Llama2-13B,32,32,1,32,32,1792,0.110825,0.0083290807342529,0.00813525,0.1272893307342529,0.077148,5.318721229370119,6016.483778712664,139.8086466712079,1009.2210001079752,1.0
Llama2-13B,32,32,1,32,32,1920,0.111902,0.0083290807342529,0.0086852499999999,0.1289163307342529,0.077148,5.383801229370118,5943.755840284592,139.82998959887286,999.6603427918924,1.0
Llama2-13B,32,32,1,32,32,2048,0.113022,0.0083290807342529,0.00923525,0.1305863307342529,0.077148,5.450601229370117,5870.911969778788,140.74435823750247,996.2262797508628,1.0
Llama2-13B,32,32,1,32,32,2176,0.117803,0.0083290807342529,0.0097852499999999,0.1359173307342529,0.077148,5.663841229370118,5649.875888833621,144.25485128379955,979.634483222326,1.0
Llama2-13B,32,32,1,32,32,2304,0.118923,0.0083290807342529,0.01033525,0.1375873307342529,0.077148,5.730641229370117,5584.017341025775,144.72293073097987,973.5572142040136,1.0
Llama2-13B,32,32,1,32,32,2432,0.12,0.0083290807342529,0.0108852499999999,0.1392143307342529,0.077148,5.795721229370118,5521.314558374261,144.74427365864483,964.9618243909656,1.0
Llama2-13B,32,32,1,32,32,2560,0.12112,0.0083290807342529,0.01143525,0.1408843307342529,0.077148,5.862521229370118,5458.402408794032,145.65864229727444,962.0782186081536,1.0
Llama2-13B,32,32,1,32,32,2688,0.124543,0.0083290807342529,0.01198525,0.1448573307342529,0.077148,6.021441229370118,5314.342327866149,147.93857214583767,950.2810893961938,1.0
Llama2-13B,32,32,1,32,32,2816,0.125663,0.0083290807342529,0.01253525,0.1465273307342529,0.077148,6.088241229370118,5256.033523381051,148.40665159301804,944.7913966276022,1.0
Llama2-13B,32,32,1,32,32,2944,0.12674,0.0083290807342529,0.01308525,0.1481543307342529,0.077148,6.153321229370117,5200.443599021349,148.42799452068294,936.8975510221428,1.0
Llama2-13B,32,32,1,32,32,3072,0.12786,0.0083290807342529,0.01363525,0.1498243307342529,0.077148,6.220121229370118,5144.594264321193,149.34236315931255,934.4117826329586,1.0
Llama2-13B,32,32,1,32,32,3200,0.132641,0.0083290807342529,0.01418525,0.1551553307342529,0.077148,6.433361229370118,4974.071695820674,152.85285620560964,921.9041243996028,1.0
Llama2-13B,32,32,1,32,32,3328,0.133761,0.0083290807342529,0.0147352499999999,0.1568253307342529,0.077148,6.500161229370117,4922.954811553326,153.32093565278993,916.9843864970504,1.0
Llama2-13B,32,32,1,32,32,3456,0.134838,0.0083290807342529,0.01528525,0.1584523307342529,0.077148,6.565241229370118,4874.154487552644,153.34227858045483,909.7867282543788,1.0
Llama2-13B,32,32,1,32,32,3584,0.135958,0.0083290807342529,0.01583525,0.1601223307342529,0.077148,6.632041229370118,4825.060474335926,154.2566472190845,907.67235304482,1.0
Llama2-13B,32,32,1,32,32,3712,0.139381,0.0083290807342529,0.01638525,0.1640953307342529,0.077148,6.790961229370118,4712.145883207773,156.5365770676478,898.4672348032962,1.0
Llama2-13B,32,32,1,32,32,3840,0.140501,0.0083290807342529,0.01693525,0.1657653307342529,0.077148,6.857761229370118,4666.245867959329,157.004656514828,893.9703291212337,1.0
Llama2-13B,32,32,1,32,32,3968,0.141578,0.0083290807342529,0.01748525,0.1673923307342529,0.077148,6.922841229370119,4622.379589501514,157.02599944249303,887.2903950754669,1.0
Llama2-13B,32,32,1,32,32,4096,0.142698,0.0083290807342529,0.01803525,0.1690623307342529,0.077148,6.989641229370117,4578.203508577469,157.94036808112264,885.4524552894793,1.0
Llama2-13B,32,40,1,32,16,128,0.1651495,0.0009846627044677,0.0019705,0.1681046627044677,0.1499815,7.024168008178712,5694.624609409301,121.8202146938805,737.63598856721,0.625
Llama2-13B,32,40,1,32,16,256,0.1673015,0.0009846627044677,0.0030705,0.1713566627044677,0.1499815,7.154248008178712,5591.083780471705,122.21374257295771,730.4999810100787,0.625
Llama2-13B,32,40,1,32,16,384,0.1717135,0.0009846627044677,0.0041705,0.1768686627044677,0.1499815,7.374728008178711,5423.928849394751,123.51294821169348,719.2966668997691,0.625
Llama2-13B,32,40,1,32,16,512,0.1738655,0.0009846627044677,0.0052705,0.1801206627044678,0.1499815,7.504808008178712,5329.916495719564,123.90647609077072,712.6570601457488,0.625
Llama2-13B,32,40,1,32,16,640,0.1782775,0.0009846627044677,0.0063705,0.1856326627044678,0.1499815,7.725288008178712,5177.800485580896,125.20568172950644,702.3078163509495,0.625
Llama2-13B,32,40,1,32,16,768,0.1804295,0.0009846627044677,0.0074705,0.1888846627044677,0.1499815,7.855368008178711,5092.059335521075,125.59920960858368,696.1123852174044,0.625
Llama2-13B,32,40,1,32,16,896,0.1848415,0.0009846627044677,0.0085705,0.1943966627044678,0.1499815,8.075848008178712,4953.04022060476,126.89841524731948,686.5255651318531,0.625
Llama2-13B,32,40,1,32,16,1024,0.1869935,0.0009846627044677,0.0096705,0.1976486627044678,0.1499815,8.205928008178711,4874.524850831334,127.2919431263967,680.7292399275732,0.625
Llama2-13B,32,40,1,32,16,1152,0.193424,0.0009846627044677,0.0107705,0.2051791627044678,0.1499815,8.507148008178712,4701.928303297919,129.54160343159373,669.7286967056501,0.625
Llama2-13B,32,40,1,32,16,1280,0.195576,0.0009846627044677,0.0118705,0.2084311627044678,0.1499815,8.637228008178711,4631.115441449901,129.93513131067098,664.3715553578706,0.625
Llama2-13B,32,40,1,32,16,1408,0.199988,0.0009846627044677,0.0129705,0.2139431627044677,0.1499815,8.85770800817871,4515.840888304993,131.23433694940672,656.211057410478,0.625
Llama2-13B,32,40,1,32,16,1536,0.20214,0.0009846627044677,0.0140705,0.2171951627044677,0.1499815,8.98778800817871,4450.483251674471,131.62786482848392,651.1717860318785,0.625
Llama2-13B,32,40,1,32,16,1664,0.206552,0.0009846627044677,0.0151705,0.2227071627044678,0.1499815,9.208268008178711,4343.922219083145,132.92707046721978,643.5525701383652,0.625
Llama2-13B,32,40,1,32,16,1792,0.208704,0.0009846627044677,0.0162705,0.2259591627044677,0.1499815,9.338348008178713,4283.412865419794,133.32059834629695,638.8023149834067,0.625
Llama2-13B,32,40,1,32,16,1920,0.213116,0.0009846627044677,0.0173704999999999,0.2314711627044677,0.1499815,9.55882800817871,4184.613423923442,134.61980398503272,631.673848913421,0.625
Llama2-13B,32,40,1,32,16,2048,0.215268,0.0009846627044677,0.0184705,0.2347231627044677,0.1499815,9.688908008178712,4128.432220249665,135.01333186410994,627.1871892901398,0.625
Llama2-13B,32,40,1,32,16,2176,0.22167,0.0009846627044677,0.0195704999999999,0.2422251627044677,0.1499815,9.98898800817871,4004.409652634391,137.2124184749969,618.9940834348215,0.625
Llama2-13B,32,40,1,32,16,2304,0.223822,0.0009846627044677,0.0206705,0.2454771627044678,0.1499815,10.119068008178711,3952.9332116030937,137.60594635407415,614.8008075795684,0.625
Llama2-13B,32,40,1,32,16,2432,0.228234,0.0009846627044677,0.0217704999999999,0.2509891627044678,0.1499815,10.339548008178712,3868.6410632611305,138.90515199280992,608.6084982641057,0.625
Llama2-13B,32,40,1,32,16,2560,0.230386,0.0009846627044677,0.0228705,0.2542411627044678,0.1499815,10.469628008178711,3820.575092902309,139.29867987188703,604.6317044954428,0.625
Llama2-13B,32,40,1,32,16,2688,0.234798,0.0009846627044677,0.0239705,0.2597531627044678,0.1499815,10.690108008178711,3741.776974507375,140.5978855106229,598.8035907913306,0.625
Llama2-13B,32,40,1,32,16,2816,0.23695,0.0009846627044677,0.0250705,0.2630051627044678,0.1499815,10.820188008178713,3696.793435545205,140.9914133897001,595.0260113513401,0.625
Llama2-13B,32,40,1,32,16,2944,0.241362,0.0009846627044677,0.0261705,0.2685171627044678,0.1499815,11.040668008178711,3622.9691872238873,142.29061902843588,589.5319852687492,0.625
Llama2-13B,32,40,1,32,16,3072,0.243514,0.0009846627044677,0.0272705,0.2717691627044678,0.1499815,11.170748008178714,3580.7808009556584,142.6841469075131,585.9381674462786,0.625
Llama2-13B,32,40,1,32,16,3200,0.249916,0.0009846627044677,0.0283705,0.2792711627044678,0.1499815,11.470828008178712,3487.1065952239856,144.88323351840012,579.72772258839,0.625
Llama2-13B,32,40,1,32,16,3328,0.252068,0.0009846627044677,0.0294704999999999,0.2825231627044678,0.1499815,11.600908008178711,3448.0059639986584,145.27676139747732,576.3395647106228,0.625
Llama2-13B,32,40,1,32,16,3456,0.25648,0.0009846627044677,0.0305705,0.2880351627044678,0.1499815,11.82138800817871,3383.697411194499,146.5759670362131,571.4908259365762,0.625
Llama2-13B,32,40,1,32,16,3584,0.258632,0.0009846627044677,0.0316705,0.2912871627044677,0.1499815,11.95146800817871,3346.8691856621235,146.96949491529028,568.2571952244513,0.625
Llama2-13B,32,40,1,32,16,3712,0.263044,0.0009846627044677,0.0327705,0.2967991627044677,0.1499815,12.171948008178711,3286.244730352344,148.26870055402608,563.665016324364,0.625
Llama2-13B,32,40,1,32,16,3840,0.265196,0.0009846627044677,0.0338705,0.3000511627044678,0.1499815,12.302028008178713,3251.4964177781867,148.66222843310334,560.574927348464,0.625
Llama2-13B,32,40,1,32,16,3968,0.269608,0.0009846627044677,0.0349705,0.3055631627044678,0.1499815,12.522508008178711,3194.2483066391464,149.961434071839,556.2202682110286,0.625
Llama2-13B,32,40,1,32,16,4096,0.27176,0.0009846627044677,0.0360705,0.3088151627044678,0.1499815,12.652588008178713,3161.408557217207,150.35496195091628,553.2637693218878,0.625
Llama2-70B,8,1,8,32,32,128,0.052179,0.0067296894327799,0.001559,0.0604676894327799,0.0192475,5.006662654622396,199.7338484702481,834.8285086298034,199.99149768819908,1.0
Llama2-70B,8,1,8,32,32,256,0.054258,0.0067296894327799,0.002439,0.0634266894327799,0.0192475,5.243382654622396,190.71657856563883,837.6593378837993,192.9806060589681,1.0
Llama2-70B,8,1,8,32,32,384,0.056386,0.0067296894327799,0.003319,0.0664346894327799,0.0192475,5.484022654622397,182.34789733355964,840.4912715548875,186.32534484510504,1.0
Llama2-70B,8,1,8,32,32,512,0.058514,0.0067296894327799,0.004199,0.0694426894327799,0.0192475,5.724662654622395,174.68278225836542,843.3232052259758,180.1541522597105,1.0
Llama2-70B,8,1,8,32,32,640,0.060691,0.0067296894327799,0.0050789999999999,0.0724996894327799,0.0192475,5.9692226546223965,167.5260009317341,846.1562433141555,174.27547810098608,1.0
Llama2-70B,8,1,8,32,32,768,0.06277,0.0067296894327799,0.005959,0.0754586894327799,0.0192475,6.205942654622397,161.13587502378323,848.9870725681518,169.06704487974986,1.0
Llama2-70B,8,1,8,32,32,896,0.064898,0.0067296894327799,0.006839,0.0784666894327799,0.0192475,6.446582654622396,155.1209460229242,851.8190062392401,164.06880917733204,1.0
Llama2-70B,8,1,8,32,32,1024,0.067026,0.0067296894327799,0.0077189999999999,0.0814746894327799,0.0192475,6.6872226546223965,149.53891198893638,854.6509399103281,159.3879501817071,1.0
Llama2-70B,8,1,8,32,32,1152,0.0743815,0.0067296894327799,0.0085989999999999,0.0897101894327799,0.0192475,7.346062654622396,136.12734426798897,866.6360572278144,145.64039062599815,1.0
Llama2-70B,8,1,8,32,32,1280,0.0764605,0.0067296894327799,0.009479,0.0926691894327799,0.0192475,7.582782654622396,131.87770842810707,869.4668864818102,142.14314686697873,1.0
Llama2-70B,8,1,8,32,32,1408,0.0785885,0.0067296894327799,0.010359,0.0956771894327799,0.0192475,7.823422654622395,127.8212930767788,872.2988201528985,138.74466686488776,1.0
Llama2-70B,8,1,8,32,32,1536,0.0807165,0.0067296894327799,0.0112389999999999,0.0986851894327799,0.0192475,8.064062654622395,124.00697301462444,875.1307538239864,135.52538109060518,1.0
Llama2-70B,8,1,8,32,32,1664,0.0828935,0.0067296894327799,0.012119,0.1017421894327799,0.0192475,8.308622654622397,120.35689205883752,877.9637919121668,132.39334083977738,1.0
Llama2-70B,8,1,8,32,32,1792,0.0849725,0.0067296894327799,0.012999,0.1047011894327799,0.0192475,8.545342654622397,117.0228088465328,880.7946211661624,129.57054064052525,1.0
Llama2-70B,8,1,8,32,32,1920,0.0871005,0.0067296894327799,0.0138789999999999,0.1077091894327799,0.0192475,8.785982654622396,113.81766153088064,883.6265548372509,126.81134936614178,1.0
Llama2-70B,8,1,8,32,32,2048,0.0892285,0.0067296894327799,0.014759,0.1107171894327799,0.0192475,9.026622654622397,110.78340573901303,886.4584885083389,124.1837653480024,1.0
Llama2-70B,8,1,8,32,32,2176,0.0965555,0.0067296894327799,0.015639,0.1189241894327799,0.0192475,9.683182654622398,103.27183072629911,898.2573923145724,116.28770400373006,1.0
Llama2-70B,8,1,8,32,32,2304,0.0986345,0.0067296894327799,0.016519,0.1218831894327799,0.0192475,9.919902654622398,100.80744084056388,901.0882215685684,114.1953654107549,1.0
Llama2-70B,8,1,8,32,32,2432,0.1007625,0.0067296894327799,0.017399,0.1248911894327799,0.0192475,10.160542654622397,98.4199401539901,903.920155239656,112.13499010540336,1.0
Llama2-70B,8,1,8,32,32,2560,0.1028905,0.0067296894327799,0.018279,0.1278991894327799,0.0192475,10.401182654622396,96.14291309032916,906.7520889107446,110.15984091227376,1.0
Llama2-70B,8,1,8,32,32,2688,0.1050675,0.0067296894327799,0.019159,0.1309561894327799,0.0192475,10.645742654622396,93.93426390650149,909.5851269989248,108.2143773049379,1.0
Llama2-70B,8,1,8,32,32,2816,0.1071465,0.0067296894327799,0.020039,0.1339151894327799,0.0192475,10.882462654622396,91.89096546775131,912.4159562529206,106.4449091025979,1.0
Llama2-70B,8,1,8,32,32,2944,0.1092745,0.0067296894327799,0.020919,0.1369231894327799,0.0192475,11.123102654622397,89.9029732126434,915.2478899240087,104.69595947865338,1.0
Llama2-70B,8,1,8,32,32,3072,0.1114025,0.0067296894327799,0.021799,0.1399311894327799,0.0192475,11.363742654622396,87.9991768903032,918.0798235950969,103.0138263947282,1.0
Llama2-70B,8,1,8,32,32,3200,0.1187295,0.0067296894327799,0.022679,0.1481381894327799,0.0192475,12.020302654622398,83.19258081371609,929.8787274013304,97.89887174220918,1.0
Llama2-70B,8,1,8,32,32,3328,0.1208085,0.0067296894327799,0.023559,0.1510971894327799,0.0192475,12.257022654622396,81.58588167599395,932.7095566553264,96.50702937451898,1.0
Llama2-70B,8,1,8,32,32,3456,0.1229365,0.0067296894327799,0.024439,0.1541051894327799,0.0192475,12.497662654622395,80.0149618080897,935.5414903264144,95.12446367905528,1.0
Llama2-70B,8,1,8,32,32,3584,0.1250645,0.0067296894327799,0.025319,0.1571131894327799,0.0192475,12.738302654622396,78.5033946133417,938.3734239975026,93.78894730294196,1.0
Llama2-70B,8,1,8,32,32,3712,0.1272415,0.0067296894327799,0.026199,0.1601701894327799,0.0192475,12.982862654622398,77.02461518715685,941.2064620856823,92.46260674442722,1.0
Llama2-70B,8,1,8,32,32,3840,0.1293205,0.0067296894327799,0.027079,0.1631291894327799,0.0192475,13.219582654622398,75.64535327069021,944.0372913396786,91.2497720140734,1.0
Llama2-70B,8,1,8,32,32,3968,0.1314485,0.0067296894327799,0.027959,0.1661371894327799,0.0192475,13.460222654622395,74.29297610144573,946.8692250107669,90.04184386002565,1.0
Llama2-70B,8,1,8,32,32,4096,0.1335765,0.0067296894327799,0.028839,0.1691451894327799,0.0192475,13.700862654622398,72.98810485211455,949.7011586818546,88.87240258221459,1.0
Llama2-70B,8,2,4,32,32,128,0.075517,0.0064117979939778,0.001559,0.0834877979939778,0.0339355,6.862959339518231,291.41947388258853,730.8886985888387,241.96164393078345,1.0
Llama2-70B,8,2,4,32,32,256,0.077596,0.0064117979939778,0.002439,0.0864467979939778,0.0339355,7.09967933951823,281.7028635177369,733.7065541630163,236.3867190844297,1.0
Llama2-70B,8,2,4,32,32,384,0.079724,0.0064117979939778,0.003319,0.0894547979939778,0.0339355,7.3403193395182305,272.46770984915577,736.525514154286,230.96103875692583,1.0
Llama2-70B,8,2,4,32,32,512,0.081852,0.0064117979939778,0.004199,0.0924627979939778,0.0339355,7.580959339518229,263.8188533177254,739.3444741455561,225.81747365536464,1.0
Llama2-70B,8,2,4,32,32,640,0.084029,0.0064117979939778,0.0050789999999999,0.0955197979939778,0.0339355,7.82551933951823,255.5740920478165,742.164538553918,220.8060724731693,1.0
Llama2-70B,8,2,4,32,32,768,0.086108,0.0064117979939778,0.005959,0.0984787979939778,0.0339355,8.06223933951823,248.07003560372007,744.9823941280957,216.29302565618053,1.0
Llama2-70B,8,2,4,32,32,896,0.088236,0.0064117979939778,0.006839,0.1014867979939778,0.0339355,8.30287933951823,240.88029203084253,747.8013541193653,211.87535533097764,1.0
Llama2-70B,8,2,4,32,32,1024,0.090364,0.0064117979939778,0.0077189999999999,0.1044947979939778,0.0339355,8.54351933951823,234.09556653649247,750.6203141106354,207.66575021873632,1.0
Llama2-70B,8,2,4,32,32,1152,0.0977195,0.0064117979939778,0.0085989999999999,0.1127302979939778,0.0339355,9.20235933951823,217.3355686526262,762.5924577483037,195.0973085587584,1.0
Llama2-70B,8,2,4,32,32,1280,0.0997985,0.0064117979939778,0.009479,0.1156892979939778,0.0339355,9.43907933951823,211.8850714207557,765.4103133224816,191.7389322791628,1.0
Llama2-70B,8,2,4,32,32,1408,0.1019265,0.0064117979939778,0.010359,0.1186972979939778,0.0339355,9.67971933951823,206.6175608867955,768.2292733137512,188.4272670291217,1.0
Llama2-70B,8,2,4,32,32,1536,0.1040545,0.0064117979939778,0.0112389999999999,0.1217052979939778,0.0339355,9.92035933951823,201.6056003166038,771.0482333050212,185.25105432850583,1.0
Llama2-70B,8,2,4,32,32,1664,0.1062315,0.0064117979939778,0.012119,0.1247622979939778,0.0339355,10.164919339518232,196.7551274336812,773.868297713383,182.1183683072777,1.0
Llama2-70B,8,2,4,32,32,1792,0.1083105,0.0064117979939778,0.012999,0.1277212979939778,0.0339355,10.401639339518232,192.2773838544409,776.6861532875606,179.2730513864216,1.0
Llama2-70B,8,2,4,32,32,1920,0.1104385,0.0064117979939778,0.0138789999999999,0.1307292979939778,0.0339355,10.642279339518227,187.92966583515167,779.5051132788304,176.45683191976315,1.0
Llama2-70B,8,2,4,32,32,2048,0.1125665,0.0064117979939778,0.014759,0.1337372979939778,0.0339355,10.882919339518232,183.77421881071635,782.3240732701003,173.7470902244674,1.0
Llama2-70B,8,2,4,32,32,2176,0.1232015,0.0064117979939778,0.015639,0.1452522979939778,0.0339355,11.80411933951823,169.43237716212613,799.0506186520821,162.14303775767382,1.0
Llama2-70B,8,2,4,32,32,2304,0.1252805,0.0064117979939778,0.016519,0.1482112979939778,0.0339355,12.040839339518229,166.10137745430816,801.8684742262598,160.01462203340895,1.0
Llama2-70B,8,2,4,32,32,2432,0.1274085,0.0064117979939778,0.017399,0.1512192979939778,0.0339355,12.281479339518231,162.84683177901715,804.6874342175297,157.89516284579315,1.0
Llama2-70B,8,2,4,32,32,2560,0.1295365,0.0064117979939778,0.018279,0.1542272979939778,0.0339355,12.522119339518229,159.7173725767213,807.5063942087995,155.8453397707981,1.0
Llama2-70B,8,2,4,32,32,2688,0.1317135,0.0064117979939778,0.019159,0.1572842979939779,0.0339355,12.766679339518232,156.65780793985795,810.3264586171616,153.80474640358838,1.0
Llama2-70B,8,2,4,32,32,2816,0.1337925,0.0064117979939778,0.020039,0.1602432979939778,0.0339355,13.00339933951823,153.80593549271856,813.1443141913392,151.94131102104743,1.0
Llama2-70B,8,2,4,32,32,2944,0.1359205,0.0064117979939778,0.020919,0.1632512979939778,0.0339355,13.24403933951823,151.01133035993783,815.9632741826091,150.08098009178323,1.0
Llama2-70B,8,2,4,32,32,3072,0.1380485,0.0064117979939778,0.021799,0.1662592979939778,0.0339355,13.48467933951823,148.3164671286469,818.7822341738789,148.27800268997476,1.0
Llama2-70B,8,2,4,32,32,3200,0.1453755,0.0064117979939778,0.022679,0.1744662979939778,0.0339355,14.14123933951823,141.43031964750955,830.5681643002941,142.83152324502652,1.0
Llama2-70B,8,2,4,32,32,3328,0.1474545,0.0064117979939778,0.023559,0.1774252979939778,0.0339355,14.37795933951823,139.10179829921643,833.3860198744717,141.29545383058365,1.0
Llama2-70B,8,2,4,32,32,3456,0.1495825,0.0064117979939778,0.024439,0.1804332979939779,0.0339355,14.618599339518232,136.81201280299345,836.2049798657415,139.75648552901265,1.0
Llama2-70B,8,2,4,32,32,3584,0.1517105,0.0064117979939778,0.025319,0.1834412979939778,0.0339355,14.859239339518233,134.59639180055393,839.0239398570113,138.2606905680575,1.0
Llama2-70B,8,2,4,32,32,3712,0.1538875,0.0064117979939778,0.026199,0.1864982979939778,0.0339355,15.10379933951823,132.41701343099243,841.8440042653733,136.76289566491312,1.0
Llama2-70B,8,2,4,32,32,3840,0.1559665,0.0064117979939778,0.027079,0.1894572979939778,0.0339355,15.34051933951823,130.3736826463145,844.6618598395511,135.39155200628832,1.0
Llama2-70B,8,2,4,32,32,3968,0.1580945,0.0064117979939778,0.027959,0.1924652979939778,0.0339355,15.58115933951823,128.36015320935934,847.4808198308208,134.0149119404566,1.0
Llama2-70B,8,2,4,32,32,4096,0.1602225,0.0064117979939778,0.028839,0.1954732979939778,0.0339355,15.821799339518227,126.4078729025835,850.2997798220905,132.67483964831573,1.0
Llama2-70B,8,4,2,32,32,128,0.122445,0.005782637854682,0.001559,0.129786637854682,0.0633115,10.596242528374567,377.49230345462735,679.1797311569142,277.3407371296967,1.0
Llama2-70B,8,4,2,32,32,256,0.124524,0.005782637854682,0.002439,0.132745637854682,0.0633115,10.832962528374566,369.243407749531,681.9910998911831,273.8392197051102,1.0
Llama2-70B,8,4,2,32,32,384,0.126652,0.005782637854682,0.003319,0.135753637854682,0.0633115,11.073602528374565,361.21939447894727,684.8035730425439,270.34850339613416,1.0
Llama2-70B,8,4,2,32,32,512,0.12878,0.005782637854682,0.004199,0.1387616378546821,0.0633115,11.314242528374567,353.5367029625314,687.6160461939044,266.97315040918784,1.0
Llama2-70B,8,4,2,32,32,640,0.130957,0.005782637854682,0.0050789999999999,0.141818637854682,0.0633115,11.558802528374564,346.05660838835115,690.4296237623571,263.60928539992415,1.0
Llama2-70B,8,4,2,32,32,768,0.133036,0.005782637854682,0.005959,0.144777637854682,0.0633115,11.795522528374564,339.1117256889512,693.2409924966256,260.54639063735584,1.0
Llama2-70B,8,4,2,32,32,896,0.135164,0.005782637854682,0.006839,0.1477856378546821,0.0633115,12.036162528374568,332.33183671043224,696.0534656479863,257.4847835399909,1.0
Llama2-70B,8,4,2,32,32,1024,0.137292,0.005782637854682,0.0077189999999999,0.150793637854682,0.0633115,12.276802528374567,325.8177355834357,698.8659387993472,254.51808510304576,1.0
Llama2-70B,8,4,2,32,32,1152,0.1479555,0.005782637854682,0.0085989999999999,0.162337137854682,0.0633115,13.200282528374563,303.0238172101113,715.7722108526729,241.8876658362389,1.0
Llama2-70B,8,4,2,32,32,1280,0.1500345,0.005782637854682,0.009479,0.165296137854682,0.0633115,13.437002528374563,297.68543926022977,718.5835795869415,239.47278112265565,1.0
Llama2-70B,8,4,2,32,32,1408,0.1521625,0.005782637854682,0.010359,0.1683041378546821,0.0633115,13.677642528374568,292.4480583332919,721.3960527383022,237.0479102072791,1.0
Llama2-70B,8,4,2,32,32,1536,0.1542905,0.005782637854682,0.0112389999999999,0.171312137854682,0.0633115,13.918282528374563,287.3917806917185,724.208525889663,234.6899277303732,1.0
Llama2-70B,8,4,2,32,32,1664,0.1564675,0.005782637854682,0.012119,0.174369137854682,0.0633115,14.162842528374568,282.4291798758755,727.0221034581158,232.32367854606093,1.0
Llama2-70B,8,4,2,32,32,1792,0.1585465,0.005782637854682,0.012999,0.1773281378546821,0.0633115,14.399562528374569,277.786216915822,729.8334721923843,230.16385482883072,1.0
Llama2-70B,8,4,2,32,32,1920,0.1606745,0.005782637854682,0.0138789999999999,0.180336137854682,0.0633115,14.640202528374566,273.22026401257045,732.6459453437449,227.9907344798785,1.0
Llama2-70B,8,4,2,32,32,2048,0.1628025,0.005782637854682,0.014759,0.183344137854682,0.0633115,14.880842528374563,268.80198432130845,735.4584184951057,225.8744240706088,1.0
Llama2-70B,8,4,2,32,32,2176,0.1734375,0.005782637854682,0.015639,0.194859137854682,0.0633115,15.802042528374564,253.13183361059143,752.1784770371786,216.8442456323397,1.0
Llama2-70B,8,4,2,32,32,2304,0.1755165,0.005782637854682,0.016519,0.197818137854682,0.0633115,16.038762528374566,249.39579926590363,754.9898457714469,215.07660128006404,1.0
Llama2-70B,8,4,2,32,32,2432,0.1776445,0.005782637854682,0.017399,0.2008261378546821,0.0633115,16.27940252837457,245.70926316417976,757.8023189228079,213.29180439664825,1.0
Llama2-70B,8,4,2,32,32,2560,0.1797725,0.005782637854682,0.018279,0.203834137854682,0.0633115,16.520042528374564,242.1301272759839,760.6147920741685,211.5492614482661,1.0
Llama2-70B,8,4,2,32,32,2688,0.1819495,0.005782637854682,0.019159,0.206891137854682,0.0633115,16.764602528374567,238.5979621783389,763.4283696426212,209.79127989981328,1.0
Llama2-70B,8,4,2,32,32,2816,0.1840285,0.005782637854682,0.020039,0.2098501378546821,0.0633115,17.00132252837457,235.275814179994,766.2397383768902,208.18507415343,1.0
Llama2-70B,8,4,2,32,32,2944,0.1861565,0.005782637854682,0.020919,0.212858137854682,0.0633115,17.241962528374565,231.992152483647,769.0522115282505,206.56066576462567,1.0
Llama2-70B,8,4,2,32,32,3072,0.1882845,0.005782637854682,0.021799,0.2158661378546821,0.0633115,17.482602528374567,228.79888697966624,771.8646846796115,204.97297565110543,1.0
Llama2-70B,8,4,2,32,32,3200,0.1989195,0.005782637854682,0.022679,0.227381137854682,0.0633115,18.40380252837457,217.3463877279106,788.584743221684,198.2170534366124,1.0
Llama2-70B,8,4,2,32,32,3328,0.2009985,0.005782637854682,0.023559,0.230340137854682,0.0633115,18.640522528374564,214.58625925916016,791.3961119559527,196.86617361720428,1.0
Llama2-70B,8,4,2,32,32,3456,0.2031265,0.005782637854682,0.024439,0.233348137854682,0.0633115,18.881162528374563,211.8513621176032,794.2085851073132,195.4960542094,1.0
Llama2-70B,8,4,2,32,32,3584,0.2052545,0.005782637854682,0.025319,0.2363561378546821,0.0633115,19.12180252837457,209.18530008164544,797.0210582586743,194.1543445475431,1.0
Llama2-70B,8,4,2,32,32,3712,0.2074315,0.005782637854682,0.026199,0.239413137854682,0.0633115,19.36636252837457,206.543691110781,799.8346358271269,192.7948830884236,1.0
Llama2-70B,8,4,2,32,32,3840,0.2095105,0.005782637854682,0.027079,0.242372137854682,0.0633115,19.603082528374564,204.04954140300043,802.6460045613953,191.55269176518487,1.0
Llama2-70B,8,4,2,32,32,3968,0.2116385,0.005782637854682,0.027959,0.2453801378546821,0.0633115,19.843722528374567,201.5750822095196,805.4584777127561,190.291104338945,1.0
Llama2-70B,8,4,2,32,32,4096,0.2137665,0.005782637854682,0.028839,0.248388137854682,0.0633115,20.08436252837457,199.1599182871213,808.2709508641167,189.0546345812176,1.0
Llama2-70B,8,8,1,32,32,128,0.218369,0.0045739881134033,0.001559,0.2245019881134033,0.1213595,18.231518549072263,438.8005298882297,659.3670321267487,301.9508410656956,1.0
Llama2-70B,8,8,1,32,32,256,0.220448,0.0045739881134033,0.002439,0.2274609881134033,0.1213595,18.468238549072264,433.17612444430296,662.1751574410629,300.37703106449715,1.0
Llama2-70B,8,8,1,32,32,384,0.222576,0.0045739881134033,0.003319,0.2304689881134033,0.1213595,18.708878549072264,427.60446485429264,663.7683319525213,298.22098157596565,1.0
Llama2-70B,8,8,1,32,32,512,0.224704,0.0045739881134033,0.004199,0.2334769881134033,0.1213595,18.949518549072263,422.1743143121527,667.7936169038752,297.18813056459845,1.0
Llama2-70B,8,8,1,32,32,640,0.230189,0.0045739881134033,0.0050789999999999,0.2398419881134033,0.1213595,19.458718549072263,411.1267645824199,675.54456630794,293.4738698669093,1.0
Llama2-70B,8,8,1,32,32,768,0.232268,0.0045739881134033,0.005959,0.2428009881134033,0.1213595,19.695438549072264,406.1854210591737,678.3526916222537,292.0560264962259,1.0
Llama2-70B,8,8,1,32,32,896,0.234396,0.0045739881134033,0.006839,0.2458089881134033,0.1213595,19.936078549072263,401.28252807131344,679.945988067961,290.0842966893467,1.0
Llama2-70B,8,8,1,32,32,1024,0.236524,0.0045739881134033,0.0077189999999999,0.2488169881134033,0.1213595,20.176718549072262,396.4965849398659,683.9711510850661,289.17621513464445,1.0
Llama2-70B,8,8,1,32,32,1152,0.2471875,0.0045739881134033,0.0085989999999999,0.2603604881134033,0.1213595,21.100198549072267,379.1433517269791,700.8741797184376,283.5394911629584,1.0
Llama2-70B,8,8,1,32,32,1280,0.2492665,0.0045739881134033,0.009479,0.2633194881134033,0.1213595,21.336918549072266,374.93698921899113,703.6823050327515,282.3011937154618,1.0
Llama2-70B,8,8,1,32,32,1408,0.2513945,0.0045739881134033,0.010359,0.2663274881134033,0.1213595,21.57755854907227,370.7555691162271,705.2756014784586,280.5453585812174,1.0
Llama2-70B,8,8,1,32,32,1536,0.2535225,0.0045739881134033,0.0112389999999999,0.2693354881134033,0.1213595,21.818198549072264,366.6663854949734,709.3007644955636,279.77823053005704,1.0
Llama2-70B,8,8,1,32,32,1664,0.2590075,0.0045739881134033,0.012119,0.2757004881134033,0.1213595,22.327398549072264,358.304169758837,717.0517138996288,276.84592681664765,1.0
Llama2-70B,8,8,1,32,32,1792,0.2610865,0.0045739881134033,0.012999,0.2786594881134033,0.1213595,22.564118549072266,354.5452033768421,719.8598392139426,275.7169900450398,1.0
Llama2-70B,8,8,1,32,32,1920,0.2632145,0.0045739881134033,0.0138789999999999,0.2816674881134033,0.1213595,22.804758549072265,350.8039772833049,721.4531356596497,274.09323409601285,1.0
Llama2-70B,8,8,1,32,32,2048,0.2653425,0.0045739881134033,0.014759,0.2846754881134033,0.1213595,23.045398549072264,347.1408829387355,725.478298676755,273.4120235833895,1.0
Llama2-70B,8,8,1,32,32,2176,0.2759775,0.0045739881134033,0.015639,0.2961904881134033,0.1213595,23.966598549072263,333.7978889085901,742.1951137988735,268.93319701746464,1.0
Llama2-70B,8,8,1,32,32,2304,0.2780565,0.0045739881134033,0.016519,0.2991494881134033,0.1213595,24.203318549072264,330.5331863388894,745.0032391131872,267.9323227880619,1.0
Llama2-70B,8,8,1,32,32,2432,0.2801845,0.0045739881134033,0.017399,0.3021574881134033,0.1213595,24.443958549072264,327.279232778098,746.5965355588941,266.4660377568689,1.0
Llama2-70B,8,8,1,32,32,2560,0.2823125,0.0045739881134033,0.018279,0.3051654881134033,0.1213595,24.684598549072263,324.0887221275336,750.6216985759995,265.8832671511179,1.0
Llama2-70B,8,8,1,32,32,2688,0.2877975,0.0045739881134033,0.019159,0.3115304881134033,0.1213595,25.193798549072262,317.538460284886,758.3726479800645,263.5091159513423,1.0
Llama2-70B,8,8,1,32,32,2816,0.2898765,0.0045739881134033,0.020039,0.3144894881134032,0.1213595,25.43051854907226,314.5826533014936,761.1807732943786,262.58795497198935,1.0
Llama2-70B,8,8,1,32,32,2944,0.2920045,0.0045739881134033,0.020919,0.3174974881134033,0.1213595,25.671158549072267,311.6337731585984,762.7740697400852,261.21997083609523,1.0
Llama2-70B,8,8,1,32,32,3072,0.2941325,0.0045739881134033,0.021799,0.3205054881134033,0.1213595,25.911798549072262,308.73966486152807,766.7992327571908,260.698573859465,1.0
Llama2-70B,8,8,1,32,32,3200,0.3047675,0.0045739881134033,0.022679,0.3320204881134033,0.1213595,26.83299854907227,298.1403656907586,783.5160478793092,257.08648326324465,1.0
Llama2-70B,8,8,1,32,32,3328,0.3068465,0.0045739881134033,0.023559,0.3349794881134033,0.1213595,27.069718549072267,295.5331798333077,786.3241731936228,256.2597823972648,1.0
Llama2-70B,8,8,1,32,32,3456,0.3089745,0.0045739881134033,0.024439,0.3379874881134033,0.1213595,27.310358549072262,292.92914575344383,787.9174696393299,255.01051693241035,1.0
Llama2-70B,8,8,1,32,32,3584,0.3111025,0.0045739881134033,0.025319,0.3409954881134033,0.1213595,27.550998549072265,290.3706007515792,791.9426326564353,254.5600349262496,1.0
Llama2-70B,8,8,1,32,32,3712,0.3165875,0.0045739881134033,0.026199,0.3473604881134033,0.1213595,28.06019854907227,285.10133262276923,799.6935820605003,252.59796487874607,1.0
Llama2-70B,8,8,1,32,32,3840,0.3186665,0.0045739881134033,0.027079,0.3503194881134033,0.1213595,28.296918549072267,282.71629598560247,802.5017073748143,251.83121143101465,1.0
Llama2-70B,8,8,1,32,32,3968,0.3207945,0.0045739881134033,0.027959,0.3533274881134033,0.1213595,28.537558549072266,280.3323201682954,804.0950038205212,250.6573534834672,1.0
Llama2-70B,8,8,1,32,32,4096,0.3229225,0.0045739881134033,0.028839,0.3563354881134033,0.1213595,28.778198549072265,277.9882134164336,808.1201668376267,250.25204711273648,1.0
Llama2-70B,8,80,1,32,3,128,2.19516,0.0004647777472601,0.01559,2.2112147777472604,1.2585155,178.30569771978082,448.6676590992919,629.6502080600812,286.8356785200539,1.0
Llama2-70B,8,80,1,32,3,256,2.222268,0.0004647777472601,0.02439,2.2471227777472604,1.2585155,181.17833771978084,441.5538910823426,632.252827231801,284.50791139133594,1.0
Llama2-70B,8,80,1,32,3,384,2.246068,0.0004647777472601,0.03319,2.2797227777472604,1.2585155,183.7863377197808,435.2880687027785,634.2816294249137,282.3964498959576,1.0
Llama2-70B,8,80,1,32,3,512,2.273176,0.0004647777472601,0.04199,2.3156307777472604,1.2585155,186.65897771978084,428.5890824929882,636.9945356942258,280.22226862074297,1.0
Llama2-70B,8,80,1,32,3,640,2.300284,0.0004647777472601,0.0507899999999999,2.3515387777472605,1.2585155,189.53161771978083,422.093162937482,639.5971548659452,278.0513862053318,1.0
Llama2-70B,8,80,1,32,3,768,2.324084,0.0004647777472601,0.05959,2.3841387777472605,1.2585155,192.13961771978083,416.3638969901207,641.6238795134581,276.076028023711,1.0
Llama2-70B,8,80,1,32,3,896,2.351192,0.0004647777472601,0.0683899999999999,2.4200467777472605,1.2585155,195.0122577197808,410.2306231178272,644.3388633283703,274.0477440074525,1.0
Llama2-70B,8,80,1,32,3,1024,2.3783,0.0004647777472601,0.07719,2.45595477774726,1.2585155,197.8848977197808,404.275419306054,646.9414825000897,272.01845120467976,1.0
Llama2-70B,8,80,1,32,3,1152,2.417832,0.0004647777472601,0.0859899999999999,2.5042867777472604,1.2585155,201.75145771978083,396.52749429505786,651.6275789655026,269.5090390752966,1.0
Llama2-70B,8,80,1,32,3,1280,2.44494,0.0004647777472601,0.09479,2.5401947777472604,1.2585155,204.6240977197808,390.96079538762194,654.3452743256146,267.63244673718566,1.0
Llama2-70B,8,80,1,32,3,1408,2.472048,0.0004647777472601,0.10359,2.5761027777472605,1.2585155,207.49673771978084,385.548230199349,656.947893497334,265.7504601437084,1.0
Llama2-70B,8,80,1,32,3,1536,2.495848,0.0004647777472601,0.1123899999999999,2.6087027777472604,1.2585155,210.10473771978084,380.7624752693437,658.9698290540468,264.0264267111006,1.0
Llama2-70B,8,80,1,32,3,1664,2.522956,0.0004647777472601,0.1211899999999999,2.6446107777472605,1.2585155,212.97737771978083,375.6267489839124,661.6896019597591,262.2675948212172,1.0
Llama2-70B,8,80,1,32,3,1792,2.550064,0.0004647777472601,0.12999,2.68051877774726,1.2585155,215.8500177197808,370.62772032688457,664.2922211314784,260.5002153402732,1.0
Llama2-70B,8,80,1,32,3,1920,2.573864,0.0004647777472601,0.13879,2.7131187777472605,1.2585155,218.45801771978083,366.20308485366337,666.3120791425913,258.87617960490195,1.0
Llama2-70B,8,80,1,32,3,2048,2.600972,0.0004647777472601,0.14759,2.749026777747261,1.2585155,221.33065771978085,361.4501525644281,669.033929593903,257.2245797316939,1.0
Llama2-70B,8,80,1,32,3,2176,2.643812,0.0004647777472601,0.15639,2.8006667777472605,1.2585155,225.4618577197808,354.8272014126194,674.2986321287226,255.0478748597566,1.0
Llama2-70B,8,80,1,32,3,2304,2.667612,0.0004647777472601,0.16519,2.8332667777472604,1.2585155,228.06985771978083,350.76971941769,676.3157785946357,253.52854110516665,1.0
Llama2-70B,8,80,1,32,3,2432,2.69472,0.0004647777472601,0.17399,2.86917477774726,1.2585155,230.9424977197808,346.4065764849819,679.0403405911476,251.9892013237545,1.0
Llama2-70B,8,80,1,32,3,2560,2.721828,0.0004647777472601,0.18279,2.9050827777472605,1.2585155,233.81513771978084,342.15064422337434,681.642959762867,250.4357217880289,1.0
Llama2-70B,8,80,1,32,3,2688,2.745628,0.0004647777472601,0.19159,2.9376827777472605,1.2585155,236.42313771978084,338.3763567795109,683.65802868318,248.99878231252745,1.0
Llama2-70B,8,80,1,32,3,2816,2.772736,0.0004647777472601,0.20039,2.9735907777472605,1.2585155,239.29577771978083,334.3142982392329,686.384668225292,247.5477897013247,1.0
Llama2-70B,8,80,1,32,3,2944,2.799844,0.0004647777472601,0.20919,3.0094987777472606,1.2585155,242.16841771978085,330.34860925824773,688.9872873970118,246.08059856085248,1.0
Llama2-70B,8,80,1,32,3,3072,2.823644,0.0004647777472601,0.21799,3.04209877774726,1.2585155,244.7764177197808,326.8288699754718,691.0002787717244,244.7193338720194,1.0
Llama2-70B,8,80,1,32,3,3200,2.866484,0.0004647777472601,0.22679,3.09373877774726,1.2585155,248.9076177197808,321.404385823433,696.3910792225364,242.9426011875652,1.0
Llama2-70B,8,80,1,32,3,3328,2.893592,0.0004647777472601,0.23559,3.1296467777472605,1.2585155,251.78025771978085,317.7373822892663,698.9936983942556,241.5660875459484,1.0
Llama2-70B,8,80,1,32,3,3456,2.917392,0.0004647777472601,0.24439,3.1622467777472605,1.2585155,254.3882577197808,314.47992418000405,701.0039782237684,240.2844657912851,1.0
Llama2-70B,8,80,1,32,3,3584,2.9445,0.0004647777472601,0.25319,3.1981547777472605,1.2585155,257.2608977197808,310.9683621143984,703.7354068566809,238.99996836701675,1.0
Llama2-70B,8,80,1,32,3,3712,2.971608,0.0004647777472601,0.26199,3.23406277774726,1.2585155,260.1335377197808,307.5343560128607,706.3380260284002,237.6955594507756,1.0
Llama2-70B,8,80,1,32,3,3840,2.995408,0.0004647777472601,0.27079,3.26666277774726,1.2585155,262.74153771978075,304.48173781079737,708.3462283123131,236.4773774765618,1.0
Llama2-70B,8,80,1,32,3,3968,3.022516,0.0004647777472601,0.27959,3.3025707777472606,1.2585155,265.6141777197808,301.18874183139,711.079734490825,235.2608669369576,1.0
Llama2-70B,8,80,1,32,3,4096,3.049624,0.0004647777472601,0.28839,3.3384787777472607,1.2585155,268.48681771978084,297.96621182160175,713.6823536625446,234.0230643720488,1.0
Llama2-70B,20,1,20,32,32,128,0.039569,0.0148387594386509,0.001559,0.0559667594386509,0.0119035,4.639244255092076,215.552349696266,1237.2576623604627,390.8544764716262,1.0
Llama2-70B,20,1,20,32,32,256,0.041648,0.0148387594386509,0.002439,0.0589257594386509,0.0119035,4.875964255092076,205.0876396305978,1240.1274126539129,372.2049716234611,1.0
Llama2-70B,20,1,20,32,32,384,0.043776,0.0148387594386509,0.003319,0.0619337594386509,0.0119035,5.116604255092077,195.4421233584352,1242.9982673644558,354.93143142488344,1.0
Llama2-70B,20,1,20,32,32,512,0.045904,0.0148387594386509,0.004199,0.0649417594386509,0.0119035,5.357244255092076,186.66313357833127,1245.8691220749988,339.2594115096176,1.0
Llama2-70B,20,1,20,32,32,640,0.048081,0.0148387594386509,0.0050789999999999,0.0679987594386509,0.0119035,5.601804255092076,178.51391345761388,1248.7410812026335,324.64515120386267,1.0
Llama2-70B,20,1,20,32,32,768,0.05016,0.0148387594386509,0.005959,0.0709577594386509,0.0119035,5.838524255092077,171.27615752008714,1251.6108314960843,311.9046131120625,1.0
Llama2-70B,20,1,20,32,32,896,0.052288,0.0148387594386509,0.006839,0.0739657594386509,0.0119035,6.079164255092075,164.49629554956877,1254.4816862066275,299.8971289317403,1.0
Llama2-70B,20,1,20,32,32,1024,0.054416,0.0148387594386509,0.0077189999999999,0.0769737594386509,0.0119035,6.319804255092076,158.23274893273265,1257.3525409171705,288.82877759233736,1.0
Llama2-70B,20,1,20,32,32,1152,0.0617715,0.0148387594386509,0.0085989999999999,0.0852092594386509,0.0119035,6.978644255092076,143.2943080986446,1269.3765792741117,256.86938541117485,1.0
Llama2-70B,20,1,20,32,32,1280,0.0638505,0.0148387594386509,0.009479,0.0881682594386509,0.0119035,7.215364255092076,138.5931416136439,1272.2463295675627,249.0674171634448,1.0
Llama2-70B,20,1,20,32,32,1408,0.0659785,0.0148387594386509,0.010359,0.0911762594386509,0.0119035,7.456004255092075,134.12009513232914,1275.1171842781057,241.5781626359543,1.0
Llama2-70B,20,1,20,32,32,1536,0.0681065,0.0148387594386509,0.0112389999999999,0.0941842594386509,0.0119035,7.6966442550920755,129.92675338195644,1277.9880389886482,234.55691435264035,1.0
Llama2-70B,20,1,20,32,32,1664,0.0702835,0.0148387594386509,0.012119,0.0972412594386509,0.0119035,7.941204255092075,125.9254853391761,1280.8599981162836,227.8023999438494,1.0
Llama2-70B,20,1,20,32,32,1792,0.0723625,0.0148387594386509,0.012999,0.1002002594386509,0.0119035,8.177924255092076,122.28041845427204,1283.7297484097342,221.75328181201127,1.0
Llama2-70B,20,1,20,32,32,1920,0.0744905,0.0148387594386509,0.0138789999999999,0.1032082594386509,0.0119035,8.418564255092077,118.78510036852629,1286.6006031202764,215.90011530334007,1.0
Llama2-70B,20,1,20,32,32,2048,0.0766185,0.0148387594386509,0.014759,0.1062162594386509,0.0119035,8.659204255092076,115.48405263820246,1289.4714578308196,210.37208014885755,1.0
Llama2-70B,20,1,20,32,32,2176,0.0839455,0.0148387594386509,0.015639,0.1144232594386509,0.0119035,9.315764255092075,107.3449233597116,1301.3092826765078,193.77293641060385,1.0
Llama2-70B,20,1,20,32,32,2304,0.0860245,0.0148387594386509,0.016519,0.1173822594386509,0.0119035,9.552484255092075,104.68481007617856,1304.1790329699586,189.50691851884608,1.0
Llama2-70B,20,1,20,32,32,2432,0.0881525,0.0148387594386509,0.017399,0.1203902594386509,0.0119035,9.793124255092076,102.1124591041552,1307.0498876805011,185.33931080804595,1.0
Llama2-70B,20,1,20,32,32,2560,0.0902805,0.0148387594386509,0.018279,0.1233982594386509,0.0119035,10.033764255092075,99.66349363774476,1309.9207423910443,181.3681723061797,1.0
Llama2-70B,20,1,20,32,32,2688,0.0924575,0.0148387594386509,0.019159,0.1264552594386509,0.0119035,10.278324255092077,97.29212420055546,1312.7927015186797,177.4859667304814,1.0
Llama2-70B,20,1,20,32,32,2816,0.0945365,0.0148387594386509,0.020039,0.1294142594386509,0.0119035,10.515044255092077,95.10183464189744,1315.6624518121298,173.96223308089066,1.0
Llama2-70B,20,1,20,32,32,2944,0.0966645,0.0148387594386509,0.020919,0.1324222594386509,0.0119035,10.755684255092076,92.97409409601892,1318.5333065226728,170.5038181704081,1.0
Llama2-70B,20,1,20,32,32,3072,0.0987925,0.0148387594386509,0.021799,0.1354302594386509,0.0119035,10.996324255092077,90.93947912066427,1321.4041612332155,167.19439244289995,1.0
Llama2-70B,20,1,20,32,32,3200,0.1061195,0.0148387594386509,0.022679,0.1436372594386509,0.0119035,11.652884255092076,85.8156640115103,1333.241986078904,157.04488643450355,1.0
Llama2-70B,20,1,20,32,32,3328,0.1081985,0.0148387594386509,0.023559,0.1465962594386509,0.0119035,11.889604255092078,84.10708872599525,1336.1117363723547,154.35885621939704,1.0
Llama2-70B,20,1,20,32,32,3456,0.1103265,0.0148387594386509,0.024439,0.1496042594386509,0.0119035,12.130244255092078,82.43857081280258,1338.982591082898,151.70681920061114,1.0
Llama2-70B,20,1,20,32,32,3584,0.1124545,0.0148387594386509,0.025319,0.1526122594386509,0.0119035,12.370884255092076,80.8349653411705,1341.8534457934402,149.1551522830834,1.0
Llama2-70B,20,1,20,32,32,3712,0.1146315,0.0148387594386509,0.026199,0.1556692594386509,0.0119035,12.615444255092076,79.2679179408495,1344.7254049210758,146.63567659424714,1.0
Llama2-70B,20,1,20,32,32,3840,0.1167105,0.0148387594386509,0.027079,0.1586282594386509,0.0119035,12.852164255092076,77.80790691371658,1347.595155214526,144.33096799500967,1.0
Llama2-70B,20,1,20,32,32,3968,0.1188385,0.0148387594386509,0.027959,0.1616362594386509,0.0119035,13.092804255092076,76.37783170943523,1350.4660099250689,142.04845335529615,1.0
Llama2-70B,20,1,20,32,32,4096,0.1209665,0.0148387594386509,0.028839,0.1646442594386509,0.0119035,13.33344425509208,74.99937607029761,1353.336864635612,139.84624510046294,1.0
Llama2-70B,20,2,10,32,32,128,0.050297,0.0141149887520926,0.001559,0.0659709887520926,0.0183235,5.446002600167412,367.24183714831855,977.4081114660502,485.81829506036655,1.0
Llama2-70B,20,2,10,32,32,256,0.052376,0.0141149887520926,0.002439,0.0689299887520926,0.0183235,5.682722600167412,351.9439783918153,980.2454275599551,467.888645352812,1.0
Llama2-70B,20,2,10,32,32,384,0.054504,0.0141149887520926,0.003319,0.0719379887520926,0.0183235,5.923362600167411,337.6460525890268,983.0838480709526,450.922798359273,1.0
Llama2-70B,20,2,10,32,32,512,0.056632,0.0141149887520926,0.004199,0.0749459887520926,0.0183235,6.164002600167411,324.46449648572195,985.92226858195,435.2319662831745,1.0
Llama2-70B,20,2,10,32,32,640,0.058809,0.0141149887520926,0.0050789999999999,0.0780029887520926,0.0183235,6.408562600167412,312.0824629141882,988.7617935100388,420.3275831548059,1.0
Llama2-70B,20,2,10,32,32,768,0.060888,0.0141149887520926,0.005959,0.0809619887520926,0.0183235,6.645282600167412,300.965379553552,991.5991096039444,407.140614572635,1.0
Llama2-70B,20,2,10,32,32,896,0.063016,0.0141149887520926,0.006839,0.0839699887520926,0.0183235,6.885922600167411,290.4476445830768,994.4375301149412,394.5178724906935,1.0
Llama2-70B,20,2,10,32,32,1024,0.065144,0.0141149887520926,0.0077189999999999,0.0869779887520926,0.0183235,7.126562600167411,280.640206535619,997.2759506259388,382.7198017568536,1.0
Llama2-70B,20,2,10,32,32,1152,0.0724995,0.0141149887520926,0.0085989999999999,0.0952134887520926,0.0183235,7.78540260016741,256.89101806462696,1009.2675547833344,348.0256949300804,1.0
Llama2-70B,20,2,10,32,32,1280,0.0745785,0.0141149887520926,0.009479,0.0981724887520926,0.0183235,8.02212260016741,249.3105752283396,1012.1048708772396,339.2750158816681,1.0
Llama2-70B,20,2,10,32,32,1408,0.0767065,0.0141149887520926,0.010359,0.1011804887520926,0.0183235,8.26276260016741,242.04979578615493,1014.9432913882368,330.7879030421921,1.0
Llama2-70B,20,2,10,32,32,1536,0.0788345,0.0141149887520926,0.0112389999999999,0.1041884887520926,0.0183235,8.50340260016741,235.1999657126225,1017.7817118992338,322.758979856292,1.0
Llama2-70B,20,2,10,32,32,1664,0.0810115,0.0141149887520926,0.012119,0.1072454887520926,0.0183235,8.74796260016741,228.62466283997668,1020.6212368273232,314.96183777220625,1.0
Llama2-70B,20,2,10,32,32,1792,0.0830905,0.0141149887520926,0.012999,0.1102044887520926,0.0183235,8.98468260016741,222.60107440665007,1023.4585529212284,307.9348881404096,1.0
Llama2-70B,20,2,10,32,32,1920,0.0852185,0.0141149887520926,0.0138789999999999,0.1132124887520926,0.0183235,9.225322600167411,216.7945866699237,1026.2969734322255,301.0781031795403,1.0
Llama2-70B,20,2,10,32,32,2048,0.0873465,0.0141149887520926,0.014759,0.1162204887520926,0.0183235,9.465962600167408,211.28331945497328,1029.135393943223,294.55541834624813,1.0
Llama2-70B,20,2,10,32,32,2176,0.0946735,0.0141149887520926,0.015639,0.1244274887520926,0.0183235,10.12252260016741,197.5792081676284,1040.9407845893656,274.8764925214989,1.0
Llama2-70B,20,2,10,32,32,2304,0.0967525,0.0141149887520926,0.016519,0.1273864887520926,0.0183235,10.35924260016741,193.0643076133461,1043.7781006832704,269.70313446248684,1.0
Llama2-70B,20,2,10,32,32,2432,0.0988805,0.0141149887520926,0.017399,0.1303944887520926,0.0183235,10.599882600167412,188.68133501482484,1046.6165211942678,264.6165121521097,1.0
Llama2-70B,20,2,10,32,32,2560,0.1010085,0.0141149887520926,0.018279,0.1334024887520926,0.0183235,10.840522600167407,184.49295054918423,1049.454941705265,259.7442150178612,1.0
Llama2-70B,20,2,10,32,32,2688,0.1031855,0.0141149887520926,0.019159,0.1364594887520926,0.0183235,11.08508260016741,180.42265196741027,1052.2944666333542,254.9521169721895,1.0
Llama2-70B,20,2,10,32,32,2816,0.1052645,0.0141149887520926,0.020039,0.1394184887520926,0.0183235,11.321802600167407,176.6503153809118,1055.1317827272596,250.5906033675312,1.0
Llama2-70B,20,2,10,32,32,2944,0.1073925,0.0141149887520926,0.020919,0.1424264887520926,0.0183235,11.56244260016741,172.97383166866857,1057.970203238257,246.2858680164481,1.0
Llama2-70B,20,2,10,32,32,3072,0.1095205,0.0141149887520926,0.021799,0.1454344887520926,0.0183235,11.80308260016741,169.44725947877657,1060.808623749254,242.14841599272592,1.0
Llama2-70B,20,2,10,32,32,3200,0.1168475,0.0141149887520926,0.022679,0.1536414887520926,0.0183235,12.459642600167411,160.51824792896764,1072.614014395397,229.49015049431875,1.0
Llama2-70B,20,2,10,32,32,3328,0.1189265,0.0141149887520926,0.023559,0.1566004887520926,0.0183235,12.696362600167411,157.52543173063034,1075.451330489301,226.07478789195457,1.0
Llama2-70B,20,2,10,32,32,3456,0.1210545,0.0141149887520926,0.024439,0.1596084887520926,0.0183235,12.937002600167409,154.5953156084331,1078.2897510002983,222.6868375401779,1.0
Llama2-70B,20,2,10,32,32,3584,0.1231825,0.0141149887520926,0.025319,0.1626164887520926,0.0183235,13.177642600167411,151.7722145518343,1081.128171511296,219.415942100399,1.0
Llama2-70B,20,2,10,32,32,3712,0.1253595,0.0141149887520926,0.026199,0.1656734887520926,0.0183235,13.422202600167411,149.00684035085678,1083.9676964393848,216.1718291073641,1.0
Llama2-70B,20,2,10,32,32,3840,0.1274385,0.0141149887520926,0.027079,0.1686324887520926,0.0183235,13.658922600167411,146.42443321082197,1086.8050125332904,213.2018606098805,1.0
Llama2-70B,20,2,10,32,32,3968,0.1295665,0.0141149887520926,0.027959,0.1716404887520926,0.0183235,13.89956260016741,143.88941994303556,1089.6434330442876,210.24790996212127,1.0
Llama2-70B,20,2,10,32,32,4096,0.1316945,0.0141149887520926,0.028839,0.1746484887520926,0.0183235,14.14020260016741,141.44068911546722,1092.4818535552852,207.3894227844148,1.0
Llama2-70B,20,4,5,32,32,128,0.071753,0.0134763675580705,0.001559,0.0867883675580706,0.0311635,7.124232904645648,561.4639573885402,847.4833456908443,590.5560364659626,1.0
Llama2-70B,20,4,5,32,32,256,0.073832,0.0134763675580705,0.002439,0.0897473675580705,0.0311635,7.3609529046456466,543.4079054459809,850.3044446849763,575.8373365782971,1.0
Llama2-70B,20,4,5,32,32,384,0.07596,0.0134763675580705,0.003319,0.0927553675580706,0.0311635,7.601592904645647,526.2055006333521,853.1266480962009,561.5630911639026,1.0
Llama2-70B,20,4,5,32,32,512,0.078088,0.0134763675580705,0.004199,0.0957633675580705,0.0311635,7.842232904645647,510.0588121567324,855.9488515074254,548.0668294151632,1.0
Llama2-70B,20,4,5,32,32,640,0.080265,0.0134763675580705,0.0050789999999999,0.0988203675580706,0.0311635,8.086792904645648,494.63366345168873,858.7721593357419,534.9605427868569,1.0
Llama2-70B,20,4,5,32,32,768,0.082344,0.0134763675580705,0.005959,0.1017793675580706,0.0311635,8.323512904645648,480.5663240778371,861.593258329874,523.1669935452942,1.0
Llama2-70B,20,4,5,32,32,896,0.084472,0.0134763675580705,0.006839,0.1047873675580706,0.0311635,8.564152904645647,467.0631228256317,864.4154617410985,511.6579823735074,1.0
Llama2-70B,20,4,5,32,32,1024,0.0866,0.0134763675580705,0.0077189999999999,0.1077953675580705,0.0311635,8.804792904645648,454.2980219204805,867.2376651523226,500.7145872703943,1.0
Llama2-70B,20,4,5,32,32,1152,0.0939555,0.0134763675580705,0.0085989999999999,0.1160308675580705,0.0311635,9.463632904645648,422.67066361338055,879.2130522099457,467.88801731135777,1.0
Llama2-70B,20,4,5,32,32,1280,0.0960345,0.0134763675580705,0.009479,0.1189898675580705,0.0311635,9.700352904645648,412.3561317119028,882.0341512040777,459.22775211204186,1.0
Llama2-70B,20,4,5,32,32,1408,0.0981625,0.0134763675580705,0.010359,0.1219978675580706,0.0311635,9.940992904645649,402.374293832431,884.8563546153023,450.7099730626781,1.0
Llama2-70B,20,4,5,32,32,1536,0.1002905,0.0134763675580705,0.0112389999999999,0.1250058675580705,0.0311635,10.181632904645646,392.864291755686,887.6785580265267,442.5536606291357,1.0
Llama2-70B,20,4,5,32,32,1664,0.1024675,0.0134763675580705,0.012119,0.1280628675580706,0.0311635,10.426192904645648,383.64914562608,890.5018658548431,434.5289315416318,1.0
Llama2-70B,20,4,5,32,32,1792,0.1045465,0.0134763675580705,0.012999,0.1310218675580706,0.0311635,10.662912904645648,375.1320146540134,893.3229648489755,427.2371455997932,1.0
Llama2-70B,20,4,5,32,32,1920,0.1066745,0.0134763675580705,0.0138789999999999,0.1340298675580706,0.0311635,10.903552904645649,366.8528996906807,896.1451682601999,420.0372011400098,1.0
Llama2-70B,20,4,5,32,32,2048,0.1088025,0.0134763675580705,0.014759,0.1370378675580706,0.0311635,11.144192904645648,358.93133170124247,898.9673716714243,413.1188950949767,1.0
Llama2-70B,20,4,5,32,32,2176,0.1161295,0.0134763675580705,0.015639,0.1452448675580706,0.0311635,11.800752904645648,338.9614232516727,910.756545217794,392.12971089077024,1.0
Llama2-70B,20,4,5,32,32,2304,0.1182085,0.0134763675580705,0.016519,0.1482038675580705,0.0311635,12.037472904645648,332.2956597024839,913.5776442119264,386.4263755194958,1.0
Llama2-70B,20,4,5,32,32,2432,0.1203365,0.0134763675580705,0.017399,0.1512118675580706,0.0311635,12.278112904645647,325.7829628270096,916.3998476231508,380.76553980843335,1.0
Llama2-70B,20,4,5,32,32,2560,0.1224645,0.0134763675580705,0.018279,0.1542198675580705,0.0311635,12.518752904645646,319.5206447852821,919.2220510343748,375.3014347155196,1.0
Llama2-70B,20,4,5,32,32,2688,0.1279495,0.0134763675580705,0.019159,0.1605848675580705,0.0311635,13.027952904645646,307.0321200327365,926.9859741182582,362.2468138282128,1.0
Llama2-70B,20,4,5,32,32,2816,0.1300285,0.0134763675580705,0.020039,0.1635438675580705,0.0311635,13.264672904645646,301.552856128031,929.8070731123904,357.5397213350884,1.0
Llama2-70B,20,4,5,32,32,2944,0.1321565,0.0134763675580705,0.020919,0.1665518675580705,0.0311635,13.505312904645647,296.1797352080642,932.6292765236152,352.85032386739005,1.0
Llama2-70B,20,4,5,32,32,3072,0.1342845,0.0134763675580705,0.021799,0.1695598675580706,0.0311635,13.745952904645648,290.9947406154826,935.4514799348397,348.309551711046,1.0
Llama2-70B,20,4,5,32,32,3200,0.1416115,0.0134763675580705,0.022679,0.1777668675580705,0.0311635,14.402512904645649,277.72931199455945,947.240653481209,334.45046958799566,1.0
Llama2-70B,20,4,5,32,32,3328,0.1436905,0.0134763675580705,0.023559,0.1807258675580705,0.0311635,14.639232904645644,273.23836064734184,950.0617524753412,330.5930985261173,1.0
Llama2-70B,20,4,5,32,32,3456,0.1458185,0.0134763675580705,0.024439,0.1837338675580705,0.0311635,14.879872904645648,268.8195003837136,952.8839558865658,326.7363043394925,1.0
Llama2-70B,20,4,5,32,32,3584,0.1479465,0.0134763675580705,0.025319,0.1867418675580706,0.0311635,15.120512904645649,264.5412907105178,955.70615929779,322.990459151717,1.0
Llama2-70B,20,4,5,32,32,3712,0.1501235,0.0134763675580705,0.026199,0.1897988675580705,0.0311635,15.365072904645649,260.3306879715875,958.5294671261064,319.2469756987103,1.0
Llama2-70B,20,4,5,32,32,3840,0.1522025,0.0134763675580705,0.027079,0.1927578675580705,0.0311635,15.601792904645643,256.380790621118,961.350566120239,315.8130011400072,1.0
Llama2-70B,20,4,5,32,32,3968,0.1543305,0.0134763675580705,0.027959,0.1957658675580706,0.0311635,15.842432904645648,252.48647250556047,964.1727695314632,312.3727226735685,1.0
Llama2-70B,20,4,5,32,32,4096,0.1564585,0.0134763675580705,0.028839,0.1987738675580705,0.0311635,16.083072904645647,248.7086904172764,966.9949729426878,309.0260270112163,1.0
Llama2-70B,20,5,4,32,32,128,0.075517,0.0130931948416573,0.001559,0.0901691948416573,0.0339355,7.39747108733259,675.9066633679699,730.8886985888387,604.9041098269585,1.0
Llama2-70B,20,5,4,32,32,256,0.077596,0.0130931948416573,0.002439,0.0931281948416573,0.0339355,7.634191087332589,654.9482378423169,733.7065541630163,590.9667977110744,1.0
Llama2-70B,20,5,4,32,32,384,0.079724,0.0130931948416573,0.003319,0.0961361948416573,0.0339355,7.87483108733259,634.9342537699599,736.525514154286,577.4025968923145,1.0
Llama2-70B,20,5,4,32,32,512,0.081852,0.0130931948416573,0.004199,0.0991441948416573,0.0339355,8.115471087332589,616.1071792621482,739.3444741455561,564.5436841384115,1.0
Llama2-70B,20,5,4,32,32,640,0.084029,0.0130931948416573,0.0050789999999999,0.1022011948416573,0.0339355,8.36003108733259,598.0839003788125,742.164538553918,552.0151811829235,1.0
Llama2-70B,20,5,4,32,32,768,0.086108,0.0130931948416573,0.005959,0.1051601948416573,0.0339355,8.59675108733259,581.6150716946494,744.9823941280957,540.7325641404512,1.0
Llama2-70B,20,5,4,32,32,896,0.088236,0.0130931948416573,0.006839,0.1081681948416573,0.0339355,8.83739108733259,565.7778354029098,747.8013541193653,529.6883883274439,1.0
Llama2-70B,20,5,4,32,32,1024,0.090364,0.0130931948416573,0.0077189999999999,0.1111761948416573,0.0339355,9.07803108733259,550.7802244670607,750.6203141106354,519.1643755468407,1.0
Llama2-70B,20,5,4,32,32,1152,0.0977195,0.0130931948416573,0.0085989999999999,0.1194116948416573,0.0339355,9.73687108733259,513.5119850261617,762.5924577483037,487.743271396896,1.0
Llama2-70B,20,5,4,32,32,1280,0.0997985,0.0130931948416573,0.009479,0.1223706948416573,0.0339355,9.97359108733259,501.3239420202896,765.4103133224816,479.347330697907,1.0
Llama2-70B,20,5,4,32,32,1408,0.1019265,0.0130931948416573,0.010359,0.1253786948416573,0.0339355,10.214231087332587,489.5131074722662,768.2292733137512,471.0681675728044,1.0
Llama2-70B,20,5,4,32,32,1536,0.1040545,0.0130931948416573,0.0112389999999999,0.1283866948416573,0.0339355,10.454871087332592,478.2459734064189,771.0482333050212,463.1276358212649,1.0
Llama2-70B,20,5,4,32,32,1664,0.1062315,0.0130931948416573,0.012119,0.1314436948416573,0.0339355,10.699431087332592,467.314566465096,773.868297713383,455.2959207681943,1.0
Llama2-70B,20,5,4,32,32,1792,0.1083105,0.0130931948416573,0.012999,0.1344026948416573,0.0339355,10.93615108733259,457.19924314062655,776.6861532875606,448.18262846605376,1.0
Llama2-70B,20,5,4,32,32,1920,0.1104385,0.0130931948416573,0.0138789999999999,0.1374106948416573,0.0339355,11.176791087332589,447.3555925785208,779.5051132788304,441.14207979940784,1.0
Llama2-70B,20,5,4,32,32,2048,0.1125665,0.0130931948416573,0.014759,0.1404186948416573,0.0339355,11.41743108733259,437.9268823043215,782.3240732701003,434.36772556116847,1.0
Llama2-70B,20,5,4,32,32,2176,0.1232015,0.0130931948416573,0.015639,0.1519336948416573,0.0339355,12.33863108733259,405.2313392474496,799.0506186520821,405.35759439418473,1.0
Llama2-70B,20,5,4,32,32,2304,0.1252805,0.0130931948416573,0.016519,0.1548926948416573,0.0339355,12.575351087332589,397.60321324440827,801.8684742262598,400.03655508352256,1.0
Llama2-70B,20,5,4,32,32,2432,0.1274085,0.0130931948416573,0.017399,0.1579006948416573,0.0339355,12.81599108733259,390.1375996540785,804.6874342175297,394.737907114483,1.0
Llama2-70B,20,5,4,32,32,2560,0.1295365,0.0130931948416573,0.018279,0.1609086948416573,0.0339355,13.056631087332589,382.947175772696,807.5063942087995,389.6133494269953,1.0
Llama2-70B,20,5,4,32,32,2688,0.1317135,0.0130931948416573,0.019159,0.1639656948416573,0.0339355,13.30119108733259,375.9061851807962,810.3264586171616,384.5118660089709,1.0
Llama2-70B,20,5,4,32,32,2816,0.1337925,0.0130931948416573,0.020039,0.1669246948416573,0.0339355,13.53791108733259,369.3331982862921,813.1443141913392,379.85327755261824,1.0
Llama2-70B,20,5,4,32,32,2944,0.1359205,0.0130931948416573,0.020919,0.1699326948416573,0.0339355,13.778551087332588,362.8828581690848,815.9632741826091,375.202450229458,1.0
Llama2-70B,20,5,4,32,32,3072,0.1380485,0.0130931948416573,0.021799,0.1729406948416573,0.0339355,14.01919108733259,356.65395876641423,818.7822341738789,370.6950067249368,1.0
Llama2-70B,20,5,4,32,32,3200,0.1453755,0.0130931948416573,0.022679,0.1811476948416573,0.0339355,14.67575108733259,340.6980651447381,830.5681643002941,357.0788081125664,1.0
Llama2-70B,20,5,4,32,32,3328,0.1474545,0.0130931948416573,0.023559,0.1841066948416573,0.0339355,14.912471087332587,335.2898369906819,833.3860198744717,353.238634576459,1.0
Llama2-70B,20,5,4,32,32,3456,0.1495825,0.0130931948416573,0.024439,0.1871146948416573,0.0339355,15.15311108733259,329.96524417878817,836.2049798657415,349.39121382253165,1.0
Llama2-70B,20,5,4,32,32,3584,0.1517105,0.0130931948416573,0.025319,0.1901226948416573,0.0339355,15.39375108733259,324.80712281455976,839.0239398570113,345.6517264201436,1.0
Llama2-70B,20,5,4,32,32,3712,0.1538875,0.0130931948416573,0.026199,0.1931796948416573,0.0339355,15.638311087332587,319.727620973733,841.8440042653733,341.9072391622829,1.0
Llama2-70B,20,5,4,32,32,3840,0.1559665,0.0130931948416573,0.027079,0.1961386948416573,0.0339355,15.875031087332587,314.9600131485555,844.6618598395511,338.47888001572096,1.0
Llama2-70B,20,5,4,32,32,3968,0.1580945,0.0130931948416573,0.027959,0.1991466948416573,0.0339355,16.11567108733259,310.25701461046526,847.4808198308208,335.0372798511415,1.0
Llama2-70B,20,5,4,32,32,4096,0.1602225,0.0130931948416573,0.028839,0.2021546948416573,0.0339355,16.356311087332585,305.69240052375454,850.2997798220905,331.6870991207893,1.0
Llama2-70B,20,10,2,32,32,128,0.122445,0.0114753544834681,0.001559,0.1354793544834682,0.0633115,11.051659858677455,904.8414562042713,679.1797311569142,693.3518428242419,1.0
Llama2-70B,20,10,2,32,32,256,0.124524,0.0114753544834681,0.002439,0.1384383544834682,0.0633115,11.288379858677455,885.8667164989961,681.9910998911831,684.5980492627756,1.0
Llama2-70B,20,10,2,32,32,384,0.126652,0.0114753544834681,0.003319,0.1414463544834681,0.0633115,11.529019858677454,867.376422504241,684.8035730425439,675.8712584903353,1.0
Llama2-70B,20,10,2,32,32,512,0.12878,0.0114753544834681,0.004199,0.1444543544834682,0.0633115,11.769659858677455,849.6422258649443,687.6160461939044,667.4328760229696,1.0
Llama2-70B,20,10,2,32,32,640,0.130957,0.0114753544834681,0.0050789999999999,0.1475113544834682,0.0633115,12.014219858677455,832.3470119266501,690.4296237623571,659.0232134998101,1.0
Llama2-70B,20,10,2,32,32,768,0.133036,0.0114753544834681,0.005959,0.1504703544834681,0.0633115,12.250939858677455,816.263904268284,693.2409924966256,651.3659765933897,1.0
Llama2-70B,20,10,2,32,32,896,0.135164,0.0114753544834681,0.006839,0.1534783544834682,0.0633115,12.491579858677458,800.5392522910826,696.0534656479863,643.711958849977,1.0
Llama2-70B,20,10,2,32,32,1024,0.137292,0.0114753544834681,0.0077189999999999,0.1564863544834682,0.0633115,12.732219858677457,785.4089947390162,698.8659387993472,636.2952127576144,1.0
Llama2-70B,20,10,2,32,32,1152,0.1479555,0.0114753544834681,0.0085989999999999,0.1680298544834682,0.0633115,13.655699858677457,732.2949466881805,715.7722108526729,604.7191645905974,1.0
Llama2-70B,20,10,2,32,32,1280,0.1500345,0.0114753544834681,0.009479,0.1709888544834681,0.0633115,13.892419858677451,719.8170010499518,718.5835795869415,598.6819528066391,1.0
Llama2-70B,20,10,2,32,32,1408,0.1521625,0.0114753544834681,0.010359,0.1739968544834682,0.0633115,14.133059858677456,707.5608608464338,721.3960527383022,592.6197755181977,1.0
Llama2-70B,20,10,2,32,32,1536,0.1542905,0.0114753544834681,0.0112389999999999,0.1770048544834682,0.0633115,14.373699858677456,695.7150975963202,724.208525889663,586.7248193259331,1.0
Llama2-70B,20,10,2,32,32,1664,0.1564675,0.0114753544834681,0.012119,0.1800618544834682,0.0633115,14.618259858677456,684.075949988258,727.0221034581158,580.8091963651522,1.0
Llama2-70B,20,10,2,32,32,1792,0.1585465,0.0114753544834681,0.012999,0.1830208544834682,0.0633115,14.854979858677456,673.1749282149685,729.8334721923843,575.4096370720767,1.0
Llama2-70B,20,10,2,32,32,1920,0.1606745,0.0114753544834681,0.0138789999999999,0.1860288544834682,0.0633115,15.095619858677455,662.4438144056518,732.6459453437449,569.9768361996964,1.0
Llama2-70B,20,10,2,32,32,2048,0.1628025,0.0114753544834681,0.014759,0.1890368544834682,0.0633115,15.336259858677456,652.0494626557772,735.4584184951057,564.6860601765219,1.0
Llama2-70B,20,10,2,32,32,2176,0.1734375,0.0114753544834681,0.015639,0.2005518544834681,0.0633115,16.257459858677453,615.1022414896186,752.1784770371786,542.1106140808491,1.0
Llama2-70B,20,10,2,32,32,2304,0.1755165,0.0114753544834681,0.016519,0.2035108544834682,0.0633115,16.494179858677455,606.2744607904273,754.9898457714469,537.6915032001602,1.0
Llama2-70B,20,10,2,32,32,2432,0.1776445,0.0114753544834681,0.017399,0.2065188544834682,0.0633115,16.734819858677458,597.5564771206502,757.8023189228079,533.2295109916206,1.0
Llama2-70B,20,10,2,32,32,2560,0.1797725,0.0114753544834681,0.018279,0.2095268544834682,0.0633115,16.975459858677457,589.0856614931839,760.6147920741685,528.8731536206656,1.0
Llama2-70B,20,10,2,32,32,2688,0.1819495,0.0114753544834681,0.019159,0.2125838544834682,0.0633115,17.220019858677457,580.7194232102371,763.4283696426212,524.478199749533,1.0
Llama2-70B,20,10,2,32,32,2816,0.1840285,0.0114753544834681,0.020039,0.2155428544834682,0.0633115,17.456739858677455,572.8446480245374,766.2397383768902,520.4626853835749,1.0
Llama2-70B,20,10,2,32,32,2944,0.1861565,0.0114753544834681,0.020919,0.2185508544834682,0.0633115,17.697379858677454,565.0553968923687,769.0522115282505,516.401664411564,1.0
Llama2-70B,20,10,2,32,32,3072,0.1882845,0.0114753544834681,0.021799,0.2215588544834682,0.0633115,17.938019858677457,557.4751326391544,771.8646846796115,512.4324391277637,1.0
Llama2-70B,20,10,2,32,32,3200,0.1989195,0.0114753544834681,0.022679,0.2330738544834682,0.0633115,18.859219858677456,530.2446270278156,788.584743221684,495.54263359153066,1.0
Llama2-70B,20,10,2,32,32,3328,0.2009985,0.0114753544834681,0.023559,0.2360328544834682,0.0633115,19.09593985867745,523.6715277701226,791.3961119559527,492.16543404301046,1.0
Llama2-70B,20,10,2,32,32,3456,0.2031265,0.0114753544834681,0.024439,0.2390408544834681,0.0633115,19.336579858677453,517.154536794283,794.2085851073132,488.7401355234997,1.0
Llama2-70B,20,10,2,32,32,3584,0.2052545,0.0114753544834681,0.025319,0.2420488544834682,0.0633115,19.577219858677456,510.7977574031062,797.0210582586743,485.3858613688578,1.0
Llama2-70B,20,10,2,32,32,3712,0.2074315,0.0114753544834681,0.026199,0.2451058544834682,0.0633115,19.821779858677456,504.4955635314586,799.8346358271269,481.9872077210589,1.0
Llama2-70B,20,10,2,32,32,3840,0.2095105,0.0114753544834681,0.027079,0.2480648544834681,0.0633115,20.05849985867745,498.54176884887664,802.6460045613953,478.88172941296233,1.0
Llama2-70B,20,10,2,32,32,3968,0.2116385,0.0114753544834681,0.027959,0.2510728544834682,0.0633115,20.299139858677457,492.6317109798724,805.4584777127561,475.72776084736233,1.0
Llama2-70B,20,10,2,32,32,4096,0.2137665,0.0114753544834681,0.028839,0.2540808544834682,0.0633115,20.53977985867745,486.86013524995474,808.2709508641167,472.63658645304406,1.0
Llama2-70B,20,20,1,32,32,128,0.218369,0.0083673980058942,0.001559,0.2282953980058942,0.1213595,18.53499134047154,1079.0401588335023,659.3670321267487,754.8771026642386,1.0
Llama2-70B,20,20,1,32,32,256,0.220448,0.0083673980058942,0.002439,0.2312543980058942,0.1213595,18.77171134047154,1065.432961185605,662.1751574410629,750.9425776612429,1.0
Llama2-70B,20,20,1,32,32,384,0.222576,0.0083673980058942,0.003319,0.2342623980058942,0.1213595,19.01235134047154,1051.9477387011073,663.7683319525213,745.552453939914,1.0
Llama2-70B,20,20,1,32,32,512,0.224704,0.0083673980058942,0.004199,0.2372703980058942,0.1213595,19.25299134047154,1038.799615411356,667.7936169038752,742.9703264114955,1.0
Llama2-70B,20,20,1,32,32,640,0.230189,0.0083673980058942,0.0050789999999999,0.2436353980058942,0.1213595,19.76219134047154,1012.0335167002178,675.54456630794,733.6846746672734,1.0
Llama2-70B,20,20,1,32,32,768,0.232268,0.0083673980058942,0.005959,0.2465943980058942,0.1213595,19.99891134047154,1000.0544359395332,678.3526916222537,730.1400662405644,1.0
Llama2-70B,20,20,1,32,32,896,0.234396,0.0083673980058942,0.006839,0.2496023980058942,0.1213595,20.23955134047154,988.1641970989482,679.945988067961,725.2107417233665,1.0
Llama2-70B,20,20,1,32,32,1024,0.236524,0.0083673980058942,0.0077189999999999,0.2526103980058942,0.1213595,20.48019134047154,976.5533762605714,683.9711510850661,722.9405378366109,1.0
Llama2-70B,20,20,1,32,32,1152,0.2471875,0.0083673980058942,0.0085989999999999,0.2641538980058943,0.1213595,21.403671340471544,934.419132206661,700.8741797184376,708.8487279073955,1.0
Llama2-70B,20,20,1,32,32,1280,0.2492665,0.0083673980058942,0.009479,0.2671128980058943,0.1213595,21.640391340471545,924.1977044378256,703.6823050327515,705.7529842886544,1.0
Llama2-70B,20,20,1,32,32,1408,0.2513945,0.0083673980058942,0.010359,0.2701208980058943,0.1213595,21.88103134047154,914.033698357154,705.2756014784586,701.3633964530429,1.0
Llama2-70B,20,20,1,32,32,1536,0.2535225,0.0083673980058942,0.0112389999999999,0.2731288980058942,0.1213595,22.12167134047154,904.0908208147029,709.3007644955636,699.4455763251426,1.0
Llama2-70B,20,20,1,32,32,1664,0.2590075,0.0083673980058942,0.012119,0.2794938980058942,0.1213595,22.63087134047154,883.7485618255155,717.0517138996288,692.1148170416191,1.0
Llama2-70B,20,20,1,32,32,1792,0.2610865,0.0083673980058942,0.012999,0.2824528980058942,0.1213595,22.86759134047153,874.6002017538062,719.8598392139426,689.2924751125995,1.0
Llama2-70B,20,20,1,32,32,1920,0.2632145,0.0083673980058942,0.0138789999999999,0.2854608980058942,0.1213595,23.108231340471537,865.4924604710959,721.4531356596497,685.233085240032,1.0
Llama2-70B,20,20,1,32,32,2048,0.2653425,0.0083673980058942,0.014759,0.2884688980058942,0.1213595,23.34887134047154,856.572453047578,725.478298676755,683.5300589584733,1.0
Llama2-70B,20,20,1,32,32,2176,0.2759775,0.0083673980058942,0.015639,0.2999838980058942,0.1213595,24.27007134047154,824.0602064753314,742.1951137988735,672.3329925436611,1.0
Llama2-70B,20,20,1,32,32,2304,0.2780565,0.0083673980058942,0.016519,0.3029428980058942,0.1213595,24.50679134047154,816.1003095893327,745.0032391131872,669.8308069701545,1.0
Llama2-70B,20,20,1,32,32,2432,0.2801845,0.0083673980058942,0.017399,0.3059508980058942,0.1213595,24.74743134047154,808.164682824772,746.5965355588941,666.1650943921718,1.0
Llama2-70B,20,20,1,32,32,2560,0.2823125,0.0083673980058942,0.018279,0.3089588980058942,0.1213595,24.98807134047154,800.3818993267924,750.6216985759995,664.7081678777943,1.0
Llama2-70B,20,20,1,32,32,2688,0.2877975,0.0083673980058942,0.019159,0.3153238980058942,0.1213595,25.49727134047154,784.3976609471234,758.3726479800645,658.7727898783556,1.0
Llama2-70B,20,20,1,32,32,2816,0.2898765,0.0083673980058942,0.020039,0.3182828980058942,0.1213595,25.73399134047154,777.1821998146957,761.1807732943786,656.469887429973,1.0
Llama2-70B,20,20,1,32,32,2944,0.2920045,0.0083673980058942,0.020919,0.3212908980058943,0.1213595,25.974631340471543,769.9820543299738,762.7740697400852,653.0499270902378,1.0
Llama2-70B,20,20,1,32,32,3072,0.2941325,0.0083673980058942,0.021799,0.3242988980058943,0.1213595,26.215271340471546,762.9140946225374,766.7992327571908,651.7464346486622,1.0
Llama2-70B,20,20,1,32,32,3200,0.3047675,0.0083673980058942,0.022679,0.3358138980058943,0.1213595,27.13647134047154,737.015500249358,783.5160478793092,642.7162081581114,1.0
Llama2-70B,20,20,1,32,32,3328,0.3068465,0.0083673980058942,0.023559,0.3387728980058943,0.1213595,27.37319134047154,730.641880635591,786.3241731936228,640.6494559931616,1.0
Llama2-70B,20,20,1,32,32,3456,0.3089745,0.0083673980058942,0.024439,0.3417808980058942,0.1213595,27.61383134047154,724.2747213671681,787.9174696393299,637.5262923310254,1.0
Llama2-70B,20,20,1,32,32,3584,0.3111025,0.0083673980058942,0.025319,0.3447888980058942,0.1213595,27.854471340471537,718.0175762639847,791.9426326564353,636.4000873156234,1.0
Llama2-70B,20,20,1,32,32,3712,0.3165875,0.0083673980058942,0.026199,0.3511538980058942,0.1213595,28.363671340471537,705.1273355950367,799.6935820605003,631.4949121968649,1.0
Llama2-70B,20,20,1,32,32,3840,0.3186665,0.0083673980058942,0.027079,0.3541128980058943,0.1213595,28.600391340471543,699.2911307370333,802.5017073748143,629.5780285775364,1.0
Llama2-70B,20,20,1,32,32,3968,0.3207945,0.0083673980058942,0.027959,0.3571208980058942,0.1213595,28.84103134047153,693.4564774712044,804.0950038205212,626.6433837086678,1.0
Llama2-70B,20,20,1,32,32,4096,0.3229225,0.0083673980058942,0.028839,0.3601288980058942,0.1213595,29.08167134047154,687.7183833711433,808.1201668376267,625.630117781841,1.0
Llama2-70B,20,80,1,32,8,128,0.8206665,0.0009122856358119,0.006236,0.8278147856358119,0.4731,66.84828285086496,1196.739790287147,630.8569922761774,768.7129817973287,1.0
Llama2-70B,20,80,1,32,8,256,0.8307265,0.0009122856358119,0.009756,0.8413947856358119,0.4731,67.93468285086496,1177.601729231911,633.2341810068049,762.2655362586901,1.0
Llama2-70B,20,80,1,32,8,384,0.8407865,0.0009122856358119,0.013276,0.8549747856358119,0.4731,69.02108285086496,1159.0661388616195,635.6113697374326,755.9723779311779,1.0
Llama2-70B,20,80,1,32,8,512,0.8508465,0.0009122856358119,0.016796,0.8685547856358119,0.4731,70.10748285086495,1141.1050111466525,637.9885584680598,749.8280341613436,1.0
Llama2-70B,20,80,1,32,8,640,0.8609065,0.0009122856358119,0.0203159999999999,0.8821347856358119,0.4731,71.19388285086497,1123.6920476381638,640.3657471986871,743.8272880953818,1.0
Llama2-70B,20,80,1,32,8,768,0.8709665,0.0009122856358119,0.023836,0.8957147856358119,0.4731,72.28028285086496,1106.8025309898555,642.7429359293143,737.9651639062057,1.0
Llama2-70B,20,80,1,32,8,896,0.8810265,0.0009122856358119,0.027356,0.909294785635812,0.4731,73.36668285086496,1090.4132078946354,645.1201246599418,732.2369130326291,1.0
Llama2-70B,20,80,1,32,8,1024,0.8910865,0.0009122856358119,0.0308759999999999,0.922874785635812,0.4731,74.45308285086496,1074.5021822702215,647.4973133905692,726.6380013506762,1.0
Llama2-70B,20,80,1,32,8,1152,0.9063905,0.0009122856358119,0.0343959999999999,0.941698785635812,0.4731,75.95900285086496,1053.199712969758,652.2494932868132,719.6120141228455,1.0
Llama2-70B,20,80,1,32,8,1280,0.9164505,0.0009122856358119,0.037916,0.9552787856358118,0.4731,77.04540285086496,1038.3487792886772,654.6266820174404,714.3066450587784,1.0
Llama2-70B,20,80,1,32,8,1408,0.9265105,0.0009122856358119,0.041436,0.968858785635812,0.4731,78.13180285086496,1023.9108414367576,657.0038707480675,709.1164868051333,1.0
Llama2-70B,20,80,1,32,8,1536,0.9365705,0.0009122856358119,0.0449559999999999,0.982438785635812,0.4731,79.21820285086496,1009.868907915102,659.3810594786947,704.0378268146335,1.0
Llama2-70B,20,80,1,32,8,1664,0.9466305,0.0009122856358119,0.048476,0.996018785635812,0.4731,80.30460285086497,996.2069067020898,661.7582482093222,699.0671103554366,1.0
Llama2-70B,20,80,1,32,8,1792,0.9566905,0.0009122856358119,0.051996,1.009598785635812,0.4731,81.39100285086496,982.9096238878672,664.1354369399497,694.200932213657,1.0
Llama2-70B,20,80,1,32,8,1920,0.9667505,0.0009122856358119,0.0555159999999999,1.023178785635812,0.4731,82.47740285086496,969.9626471587062,666.5126256705773,689.4360289139515,1.0
Llama2-70B,20,80,1,32,8,2048,0.9768105,0.0009122856358119,0.059036,1.036758785635812,0.4731,83.56380285086497,957.3523136898732,668.8898144012044,684.7692714208175,1.0
Llama2-70B,20,80,1,32,8,2176,0.9921145,0.0009122856358119,0.062556,1.055582785635812,0.4731,85.06972285086496,940.405085605455,673.6419942974482,678.9962189822323,1.0
Llama2-70B,20,80,1,32,8,2304,1.0021745,0.0009122856358119,0.066076,1.069162785635812,0.4731,86.15612285086496,928.5468908400032,676.0191830280754,674.5523689018984,1.0
Llama2-70B,20,80,1,32,8,2432,1.0122345,0.0009122856358119,0.069596,1.0827427856358118,0.4731,87.24252285086496,916.984027808944,678.3963717587027,670.1968484167483,1.0
Llama2-70B,20,80,1,32,8,2560,1.0222945,0.0009122856358119,0.073116,1.096322785635812,0.4731,88.32892285086497,905.7055992301912,680.7735604893302,665.9270498758721,1.0
Llama2-70B,20,80,1,32,8,2688,1.0323545,0.0009122856358119,0.076636,1.109902785635812,0.4731,89.41532285086497,894.7012374314334,683.1507492199573,661.7404672716178,1.0
Llama2-70B,20,80,1,32,8,2816,1.0424145,0.0009122856358119,0.080156,1.123482785635812,0.4731,90.50172285086497,883.961072562448,685.527937950585,657.6346913349585,1.0
Llama2-70B,20,80,1,32,8,2944,1.0524745,0.0009122856358119,0.083676,1.137062785635812,0.4731,91.58812285086496,873.4757030697729,687.9051266812122,653.6074049121497,1.0
Llama2-70B,20,80,1,32,8,3072,1.0625345,0.0009122856358119,0.087196,1.150642785635812,0.4731,92.67452285086496,863.2361682480821,690.2823154118396,649.656378604026,1.0
Llama2-70B,20,80,1,32,8,3200,1.0778385,0.0009122856358119,0.090716,1.169466785635812,0.4731,94.18044285086496,849.433253639296,695.0344953080831,644.8410363037536,1.0
Llama2-70B,20,80,1,32,8,3328,1.0878985,0.0009122856358119,0.094236,1.183046785635812,0.4731,95.26684285086496,839.7465225675173,697.4116840387103,641.0631911329141,1.0
Llama2-70B,20,80,1,32,8,3456,1.0979585,0.0009122856358119,0.097756,1.196626785635812,0.4731,96.35324285086496,830.2782307371177,699.788872769338,637.3545746668368,1.0
Llama2-70B,20,80,1,32,8,3584,1.1080185,0.0009122856358119,0.101276,1.210206785635812,0.4731,97.43964285086496,821.0210717053121,702.1660614999654,633.7133012670504,1.0
Llama2-70B,20,80,1,32,8,3712,1.1180785,0.0009122856358119,0.104796,1.223786785635812,0.4731,98.52604285086495,811.9680612880484,704.5432502305927,630.1375531598119,1.0
Llama2-70B,20,80,1,32,8,3840,1.1281385,0.0009122856358119,0.108316,1.237366785635812,0.4731,99.61244285086497,803.1125199868075,706.92043896122,626.6255774102381,1.0
Llama2-70B,20,80,1,32,8,3968,1.1381985,0.0009122856358119,0.111836,1.250946785635812,0.4731,100.69884285086496,794.4480565529442,709.2976276918472,623.1756830569075,1.0
Llama2-70B,20,80,1,32,8,4096,1.1482585,0.0009122856358119,0.115356,1.264526785635812,0.4731,101.78524285086498,785.9685526045798,711.6748164224749,619.7862383970812,1.0
Llama2-70B,32,1,32,32,32,128,0.037687,0.024571346435546874,0.001559,0.06381734643554687,0.0100555,5.26544321484375,189.9175357510098,1772.4076743611777,587.8710411949668,1.0
Llama2-70B,32,1,32,32,32,256,0.039766,0.024571346435546874,0.002439,0.06677634643554688,0.0100555,5.50216321484375,181.7466986988313,1775.316345694083,558.0509561227187,1.0
Llama2-70B,32,1,32,32,32,384,0.041894,0.024571346435546874,0.003319,0.06978434643554687,0.0100555,5.74280321484375,174.1309884021871,1778.2261214440805,530.5730299816444,1.0
Llama2-70B,32,1,32,32,32,512,0.044022,0.024571346435546874,0.004199,0.07279234643554687,0.0100555,5.98344321484375,167.12784998430269,1781.1358971940786,505.7516404281034,1.0
Llama2-70B,32,1,32,32,32,640,0.046199,0.024571346435546874,0.005078999999999999,0.07584934643554687,0.0100555,6.22800321484375,160.56510658450074,1784.046777361168,482.7070871017685,1.0
Llama2-70B,32,1,32,32,32,768,0.048278,0.024571346435546874,0.005959,0.07880834643554688,0.0100555,6.464723214843751,154.6856635259936,1786.9554486940735,462.67333171788226,1.0
Llama2-70B,32,1,32,32,32,896,0.050406,0.024571346435546874,0.006839,0.08181634643554687,0.0100555,6.70536321484375,149.13435230268914,1789.8652244440716,443.8621454896419,1.0
Llama2-70B,32,1,32,32,32,1024,0.052534,0.024571346435546874,0.007718999999999999,0.08482434643554687,0.0100555,6.94600321484375,143.96768459061173,1792.7750001940692,426.5749324708924,1.0
Llama2-70B,32,1,32,32,32,1152,0.0598895,0.024571346435546874,0.008598999999999999,0.09305984643554686,0.0100555,7.60484321484375,131.49515009699593,1804.8379595904653,376.7016671516845,1.0
Llama2-70B,32,1,32,32,32,1280,0.0619685,0.024571346435546874,0.009479,0.09601884643554688,0.0100555,7.841563214843751,127.52559312498327,1807.7466309233703,364.65031244167784,1.0
Llama2-70B,32,1,32,32,32,1408,0.0640965,0.024571346435546874,0.010359,0.09902684643554688,0.0100555,8.08220321484375,123.72863851819551,1810.6564066733679,353.11140364009105,1.0
Llama2-70B,32,1,32,32,32,1536,0.0662245,0.024571346435546874,0.011238999999999999,0.10203484643554687,0.0100555,8.32284321484375,120.15124809950821,1813.5661824233655,342.3140571886849,1.0
Llama2-70B,32,1,32,32,32,1664,0.0684015,0.024571346435546874,0.012119,0.10509184643554688,0.0100555,8.56740321484375,116.72148198504483,1816.4770625904553,331.95124788755646,1.0
Llama2-70B,32,1,32,32,32,1792,0.0704805,0.024571346435546874,0.012999,0.10805084643554687,0.0100555,8.80412321484375,113.58314457866743,1819.385733923361,322.6753736713277,1.0
Llama2-70B,32,1,32,32,32,1920,0.0726085,0.024571346435546874,0.013878999999999999,0.11105884643554688,0.0100555,9.044763214843751,110.56121384790448,1822.2955096733588,313.71938369360316,1.0
Llama2-70B,32,1,32,32,32,2048,0.0747365,0.024571346435546874,0.014759,0.11406684643554686,0.0100555,9.285403214843749,107.69591549900481,1825.2052854233564,305.2734081445071,1.0
Llama2-70B,32,1,32,32,32,2176,0.0820635,0.024571346435546874,0.015639,0.12227384643554687,0.0100555,9.94196321484375,100.58375578245551,1837.0820313084992,279.826297822494,1.0
Llama2-70B,32,1,32,32,32,2304,0.0841425,0.024571346435546874,0.016519000000000002,0.12523284643554686,0.0100555,10.17868321484375,98.24453506340414,1839.9907026414048,273.34443097147766,1.0
Llama2-70B,32,1,32,32,32,2432,0.0862705,0.024571346435546874,0.017399,0.12824084643554687,0.0100555,10.41932321484375,95.97552349420961,1842.9004783914024,267.0235593846394,1.0
Llama2-70B,32,1,32,32,32,2560,0.0883985,0.024571346435546874,0.018279,0.13124884643554688,0.0100555,10.659963214843751,93.80895410666363,1845.8102541414,261.0070100371331,1.0
Llama2-70B,32,1,32,32,32,2688,0.0905755,0.024571346435546874,0.019159000000000002,0.13430584643554688,0.0100555,10.904523214843751,91.70506406357619,1848.7211343084898,255.13537522681207,1.0
Llama2-70B,32,1,32,32,32,2816,0.0926545,0.024571346435546874,0.020039,0.13726484643554687,0.0100555,11.14124321484375,89.7565900605846,1851.629805641396,249.80300547212966,1.0
Llama2-70B,32,1,32,32,32,2944,0.0947825,0.024571346435546874,0.020919,0.14027284643554688,0.0100555,11.381883214843752,87.85892291495699,1854.5395813913926,244.57832160359146,1.0
Llama2-70B,32,1,32,32,32,3072,0.0969105,0.024571346435546874,0.021799000000000002,0.14328084643554687,0.0100555,11.62252321484375,86.03983674757012,1857.449357141391,239.58308918298204,1.0
Llama2-70B,32,1,32,32,32,3200,0.1042375,0.024571346435546874,0.022679,0.15148784643554689,0.0100555,12.279083214843752,81.43930475128104,1869.3261030265342,224.16669900785877,1.0
Llama2-70B,32,1,32,32,32,3328,0.1063165,0.024571346435546874,0.023559,0.15444684643554688,0.0100555,12.51580321484375,79.89898713124535,1872.2347743594396,220.12514218858774,1.0
Llama2-70B,32,1,32,32,32,3456,0.1084445,0.024571346435546874,0.024439000000000002,0.15745484643554686,0.0100555,12.756443214843749,78.39175726007798,1875.1445501094372,216.1410387467134,1.0
Llama2-70B,32,1,32,32,32,3584,0.1105725,0.024571346435546874,0.025319,0.1604628464355469,0.0100555,12.997083214843752,76.94033988009838,1878.054325859435,212.3102857694538,1.0
Llama2-70B,32,1,32,32,32,3712,0.1127495,0.024571346435546874,0.026199,0.16351984643554687,0.0100555,13.24164321484375,75.51932821139675,1880.9652060265241,208.53365270206564,1.0
Llama2-70B,32,1,32,32,32,3840,0.1148285,0.024571346435546874,0.027079000000000002,0.16647884643554686,0.0100555,13.47836321484375,74.19298501309846,1883.8738773594303,205.07472854729335,1.0
Llama2-70B,32,1,32,32,32,3968,0.1169565,0.024571346435546874,0.027959,0.1694868464355469,0.0100555,13.719003214843752,72.89159309460729,1886.7836531094279,201.65442419932066,1.0
Llama2-70B,32,1,32,32,32,4096,0.1190845,0.024571346435546874,0.028839,0.17249484643554688,0.0100555,13.959643214843751,71.63506864822067,1889.6934288594255,198.35635923015013,1.0
Llama2-70B,32,2,16,32,32,128,0.041451,0.023975299987792967,0.001559,0.06698529998779297,0.0119035,5.520727499023438,362.27109567602827,1091.2066789692053,658.1304908019142,1.0
Llama2-70B,32,2,16,32,32,256,0.04353,0.023975299987792967,0.002439,0.06994429998779296,0.0119035,5.757447499023437,347.3761593725752,1094.0634555828378,628.3387638311729,1.0
Llama2-70B,32,2,16,32,32,384,0.045658,0.023975299987792967,0.003319,0.07295229998779297,0.0119035,5.998087499023438,333.4396172656075,1096.9213366135634,600.618367325312,1.0
Llama2-70B,32,2,16,32,32,512,0.047786,0.023975299987792967,0.004199,0.07596029998779297,0.0119035,6.238727499023438,320.5781948823802,1099.7792176442877,575.3668530763653,1.0
Llama2-70B,32,2,16,32,32,640,0.049963,0.023975299987792967,0.005078999999999999,0.07901729998779297,0.0119035,6.4832874990234375,308.4854713447854,1102.6382030921043,551.7273798071095,1.0
Llama2-70B,32,2,16,32,32,768,0.052042,0.023975299987792967,0.005959,0.08197629998779297,0.0119035,6.720007499023438,297.6187154985531,1105.4949797057368,531.0590387118756,1.0
Llama2-70B,32,2,16,32,32,896,0.05417,0.023975299987792967,0.006839,0.08498429998779297,0.0119035,6.960647499023438,287.32959114516217,1108.3528607364615,511.5159962785959,1.0
Llama2-70B,32,2,16,32,32,1024,0.056298,0.023975299987792967,0.007718999999999999,0.08799229998779297,0.0119035,7.2012874990234375,277.72811462828264,1111.210741767186,493.45036314220135,1.0
Llama2-70B,32,2,16,32,32,1152,0.0636535,0.023975299987792967,0.008598999999999999,0.09622779998779296,0.0119035,7.860127499023437,254.44879873112558,1123.2218064443089,441.146915112409,1.0
Llama2-70B,32,2,16,32,32,1280,0.0657325,0.023975299987792967,0.009479,0.09918679998779296,0.0119035,8.096847499023436,247.0097158482015,1126.0785830579414,428.28075269385073,1.0
Llama2-70B,32,2,16,32,32,1408,0.0678605,0.023975299987792967,0.010359,0.10219479998779296,0.0119035,8.337487499023439,239.88041963892096,1128.936464088667,415.9033841810281,1.0
Llama2-70B,32,2,16,32,32,1536,0.0699885,0.023975299987792967,0.011238999999999999,0.10520279998779296,0.0119035,8.578127499023438,233.15111604807535,1131.7943451193908,404.2786833263289,1.0
Llama2-70B,32,2,16,32,32,1664,0.0721655,0.023975299987792967,0.012119,0.10825979998779296,0.0119035,8.822687499023438,226.6882965333834,1134.6533305672074,393.0733281717745,1.0
Llama2-70B,32,2,16,32,32,1792,0.0742445,0.023975299987792967,0.012999,0.11121879998779297,0.0119035,9.059407499023438,220.76498934567087,1137.5101071808397,383.02840856253323,1.0
Llama2-70B,32,2,16,32,32,1920,0.0763725,0.023975299987792967,0.013878999999999999,0.11422679998779296,0.0119035,9.300047499023439,215.0526650761743,1140.367988211565,373.2914295759485,1.0
Llama2-70B,32,2,16,32,32,2048,0.0785005,0.023975299987792967,0.014759,0.11723479998779296,0.0119035,9.540687499023438,209.62849901589536,1143.2258692422893,364.0823527373358,1.0
Llama2-70B,32,2,16,32,32,2176,0.0858275,0.023975299987792967,0.015639,0.12544179998779298,0.0119035,10.19724749902344,196.13135801514417,1155.0507204081593,336.4454051464155,1.0
Llama2-70B,32,2,16,32,32,2304,0.0879065,0.023975299987792967,0.016519000000000002,0.12840079998779297,0.0119035,10.433967499023439,191.6816398160325,1157.907497021792,329.3008756524806,1.0
Llama2-70B,32,2,16,32,32,2432,0.0900345,0.023975299987792967,0.017399,0.13140879998779298,0.0119035,10.67460749902344,187.36051889336156,1160.7653780525168,322.3112745815537,1.0
Llama2-70B,32,2,16,32,32,2560,0.0921625,0.023975299987792967,0.018279,0.13441679998779296,0.0119035,10.915247499023438,183.22992677710104,1163.6232590832415,315.6444484153644,1.0
Llama2-70B,32,2,16,32,32,2688,0.0943395,0.023975299987792967,0.019159000000000002,0.13747379998779297,0.0119035,11.159807499023438,179.21456084032042,1166.4822445310576,309.1181966543858,1.0
Llama2-70B,32,2,16,32,32,2816,0.0964185,0.023975299987792967,0.020039,0.14043279998779296,0.0119035,11.396527499023438,175.492052309037,1169.3390211446908,303.1936353357214,1.0
Llama2-70B,32,2,16,32,32,2944,0.0985465,0.023975299987792967,0.020919,0.14344079998779297,0.0119035,11.637167499023438,171.86312736048828,1172.196902175415,297.37152059571235,1.0
Llama2-70B,32,2,16,32,32,3072,0.1006745,0.023975299987792967,0.021799000000000002,0.14644879998779298,0.0119035,11.87780749902344,168.38124377452945,1175.0547832061395,291.79553491850936,1.0
Llama2-70B,32,2,16,32,32,3200,0.1080015,0.023975299987792967,0.022679,0.15465579998779297,0.0119035,12.534367499023439,159.56130216828421,1186.8796343720094,274.73684031518303,1.0
Llama2-70B,32,2,16,32,32,3328,0.1100805,0.023975299987792967,0.023559,0.15761479998779296,0.0119035,12.771087499023437,156.60373481529535,1189.7364109856412,270.19690385346223,1.0
Llama2-70B,32,2,16,32,32,3456,0.1122085,0.023975299987792967,0.024439000000000002,0.160622799987793,0.0119035,13.01172749902344,153.70749196446857,1192.5942920163668,265.7094364545392,1.0
Llama2-70B,32,2,16,32,32,3584,0.1143365,0.023975299987792967,0.025319,0.16363079998779298,0.0119035,13.252367499023439,150.916430603617,1195.4521730470915,261.38900811357075,1.0
Llama2-70B,32,2,16,32,32,3712,0.1165135,0.023975299987792967,0.026199,0.16668779998779298,0.0119035,13.496927499023439,148.18187325557676,1198.311158494907,257.11852242334743,1.0
Llama2-70B,32,2,16,32,32,3840,0.1185925,0.023975299987792967,0.027079000000000002,0.16964679998779297,0.0119035,13.733647499023439,145.62773656031396,1201.16793510854,253.21330082183533,1.0
Llama2-70B,32,2,16,32,32,3968,0.1207205,0.023975299987792967,0.027959,0.17265479998779298,0.0119035,13.97428749902344,143.11999807788163,1204.0258161392649,249.34162303404662,1.0
Llama2-70B,32,2,16,32,32,4096,0.1228485,0.023975299987792967,0.028839,0.17566279998779297,0.0119035,14.214927499023439,140.69716501455244,1206.8836971699895,245.60407680394746,1.0
Llama2-70B,32,4,8,32,32,128,0.052179,0.022723602447509764,0.001559,0.07646160244750977,0.0192475,6.2861756958007815,636.3169267877819,834.8285086298034,799.9659907527963,1.0
Llama2-70B,32,4,8,32,32,256,0.054258,0.022723602447509764,0.002439,0.07942060244750976,0.0192475,6.522895695800781,613.2245840716209,837.6593378837993,771.9224242358724,1.0
Llama2-70B,32,4,8,32,32,384,0.056386,0.022723602447509764,0.003319,0.08242860244750977,0.0192475,6.7635356958007815,591.4066517728953,840.4912715548875,745.3013793804201,1.0
Llama2-70B,32,4,8,32,32,512,0.058514,0.022723602447509764,0.004199,0.08543660244750975,0.0192475,7.00417569580078,571.087901521106,843.3232052259758,720.6166090388418,1.0
Llama2-70B,32,4,8,32,32,640,0.060691,0.022723602447509764,0.005078999999999999,0.08849360244750977,0.0192475,7.248735695800781,551.8203681115335,846.1562433141555,697.1019124039443,1.0
Llama2-70B,32,4,8,32,32,768,0.06277,0.022723602447509764,0.005959,0.09145260244750977,0.0192475,7.485455695800781,534.3696045444414,848.9870725681518,676.2681795189994,1.0
Llama2-70B,32,4,8,32,32,896,0.064898,0.022723602447509764,0.006839,0.09446060244750976,0.0192475,7.7260956958007805,517.7259197260584,851.8190062392401,656.2752367093282,1.0
Llama2-70B,32,4,8,32,32,1024,0.067026,0.022723602447509764,0.007718999999999999,0.09746860244750977,0.0192475,7.966735695800781,502.0876997473854,854.6509399103281,637.5518007268284,1.0
Llama2-70B,32,4,8,32,32,1152,0.0743815,0.022723602447509764,0.008598999999999999,0.10570410244750976,0.0192475,8.625575695800782,463.7371627203195,866.6360572278144,582.5615625039926,1.0
Llama2-70B,32,4,8,32,32,1280,0.0764605,0.022723602447509764,0.009479,0.10866310244750976,0.0192475,8.862295695800782,451.3503201992367,869.4668864818102,568.5725874679149,1.0
Llama2-70B,32,4,8,32,32,1408,0.0785885,0.022723602447509764,0.010359,0.11167110244750977,0.0192475,9.102935695800783,439.41868136509135,872.2988201528985,554.978667459551,1.0
Llama2-70B,32,4,8,32,32,1536,0.0807165,0.022723602447509764,0.011238999999999999,0.11467910244750976,0.0192475,9.343575695800782,428.10163156249615,875.1307538239864,542.1015243624207,1.0
Llama2-70B,32,4,8,32,32,1664,0.0828935,0.022723602447509764,0.012119,0.11773610244750976,0.0192475,9.588135695800782,417.1822476137712,877.9637919121668,529.5733633591095,1.0
Llama2-70B,32,4,8,32,32,1792,0.0849725,0.022723602447509764,0.012999,0.12069510244750976,0.0192475,9.824855695800782,407.1306616452016,880.7946211661624,518.282162562101,1.0
Llama2-70B,32,4,8,32,32,1920,0.0871005,0.022723602447509764,0.013878999999999999,0.12370310244750976,0.0192475,10.06549569580078,397.39721926151714,883.6265548372509,507.24539746456713,1.0
Llama2-70B,32,4,8,32,32,2048,0.0892285,0.022723602447509764,0.014759,0.12671110244750977,0.0192475,10.306135695800783,388.1183130190875,886.4584885083389,496.73506139200964,1.0
Llama2-70B,32,4,8,32,32,2176,0.0965555,0.022723602447509764,0.015639,0.13491810244750976,0.0192475,10.962695695800782,364.87376015847855,898.2573923145724,465.1508160149202,1.0
Llama2-70B,32,4,8,32,32,2304,0.0986345,0.022723602447509764,0.016519000000000002,0.13787710244750975,0.0192475,11.19941569580078,357.16149026415724,901.0882215685684,456.7814616430196,1.0
Llama2-70B,32,4,8,32,32,2432,0.1007625,0.022723602447509764,0.017399,0.14088510244750976,0.0192475,11.440055695800782,349.6486473809958,903.9201552396561,448.5399604216134,1.0
Llama2-70B,32,4,8,32,32,2560,0.1028905,0.022723602447509764,0.018279,0.14389310244750975,0.0192475,11.68069569580078,342.445356353047,906.7520889107446,440.63936364909506,1.0
Llama2-70B,32,4,8,32,32,2688,0.1050675,0.022723602447509764,0.019159000000000002,0.14695010244750978,0.0192475,11.925255695800782,335.42257726251626,909.5851269989249,432.8575092197516,1.0
Llama2-70B,32,4,8,32,32,2816,0.1071465,0.022723602447509764,0.020039,0.14990910244750977,0.0192475,12.161975695800782,328.89393138493915,912.4159562529206,425.7796364103916,1.0
Llama2-70B,32,4,8,32,32,2944,0.1092745,0.022723602447509764,0.020919,0.15291710244750975,0.0192475,12.402615695800781,322.5126133154558,915.2478899240087,418.7838379146135,1.0
Llama2-70B,32,4,8,32,32,3072,0.1114025,0.022723602447509764,0.021799000000000002,0.1559251024475098,0.0192475,12.643255695800784,316.3742074225805,918.0798235950969,412.05530557891285,1.0
Llama2-70B,32,4,8,32,32,3200,0.1187295,0.022723602447509764,0.022679,0.16413210244750978,0.0192475,13.299815695800783,300.7560474137202,929.8787274013303,391.5954869688367,1.0
Llama2-70B,32,4,8,32,32,3328,0.1208085,0.022723602447509764,0.023559,0.16709110244750977,0.0192475,13.536535695800783,295.4965797667755,932.7095566553263,386.0281174980759,1.0
Llama2-70B,32,4,8,32,32,3456,0.1229365,0.022723602447509764,0.024439000000000002,0.17009910244750975,0.0192475,13.777175695800782,290.3352681507271,935.5414903264145,380.4978547162211,1.0
Llama2-70B,32,4,8,32,32,3584,0.1250645,0.022723602447509764,0.025319,0.17310710244750976,0.0192475,14.017815695800781,285.35116217844495,938.3734239975026,375.1557892117678,1.0
Llama2-70B,32,4,8,32,32,3712,0.1272415,0.022723602447509764,0.026199,0.17616410244750977,0.0192475,14.262375695800783,280.4581848995679,941.2064620856823,369.8504269777089,1.0
Llama2-70B,32,4,8,32,32,3840,0.1293205,0.022723602447509764,0.027079000000000002,0.17912310244750976,0.0192475,14.499095695800781,275.8792743990563,944.0372913396786,364.99908805629366,1.0
Llama2-70B,32,4,8,32,32,3968,0.1314485,0.022723602447509764,0.027959,0.18213110244750977,0.0192475,14.739735695800782,271.3752866776006,946.8692250107667,360.1673754401026,1.0
Llama2-70B,32,4,8,32,32,4096,0.1335765,0.022723602447509764,0.028839,0.18513910244750975,0.0192475,14.980375695800781,267.01600021428425,949.7011586818546,355.48961032885836,1.0
Llama2-70B,32,8,4,32,32,128,0.075517,0.02129309097290039,0.001559,0.09836909097290039,0.0339355,8.053462777832031,993.361516740452,730.8886985888387,967.8465757231337,1.0
Llama2-70B,32,8,4,32,32,256,0.077596,0.02129309097290039,0.002439,0.10132809097290038,0.0339355,8.290182777832031,964.9968178496642,733.7065541630163,945.5468763377188,1.0
Llama2-70B,32,8,4,32,32,384,0.079724,0.02129309097290039,0.003319,0.10433609097290039,0.0339355,8.530822777832032,937.7758990362086,736.525514154286,923.8441550277033,1.0
Llama2-70B,32,8,4,32,32,512,0.081852,0.02129309097290039,0.004199,0.10734409097290037,0.0339355,8.771462777832031,912.048560499882,739.3444741455561,903.2698946214585,1.0
Llama2-70B,32,8,4,32,32,640,0.084029,0.02129309097290039,0.005078999999999999,0.11040109097290039,0.0339355,9.016022777832031,887.309204638418,742.164538553918,883.2242898926773,1.0
Llama2-70B,32,8,4,32,32,768,0.086108,0.02129309097290039,0.005959,0.1133600909729004,0.0339355,9.252742777832033,864.6084941609544,744.9823941280957,865.1721026247221,1.0
Llama2-70B,32,8,4,32,32,896,0.088236,0.02129309097290039,0.006839,0.11636809097290038,0.0339355,9.49338277783203,842.692240186583,747.8013541193653,847.5014213239106,1.0
Llama2-70B,32,8,4,32,32,1024,0.090364,0.02129309097290039,0.007718999999999999,0.11937609097290039,0.0339355,9.734022777832031,821.8595931600815,750.6203141106354,830.6630008749453,1.0
Llama2-70B,32,8,4,32,32,1152,0.0977195,0.02129309097290039,0.008598999999999999,0.1276115909729004,0.0339355,10.392862777832033,769.7590328108625,762.5924577483037,780.3892342350337,1.0
Llama2-70B,32,8,4,32,32,1280,0.0997985,0.02129309097290039,0.009479,0.13057059097290039,0.0339355,10.62958277783203,752.6165576963172,765.4103133224816,766.9557291166512,1.0
Llama2-70B,32,8,4,32,32,1408,0.1019265,0.02129309097290039,0.010359,0.1335785909729004,0.0339355,10.870222777832032,735.9554779608231,768.2292733137512,753.709068116487,1.0
Llama2-70B,32,8,4,32,32,1536,0.1040545,0.02129309097290039,0.011238999999999999,0.13658659097290038,0.0339355,11.11086277783203,720.0160923561485,771.0482333050212,741.0042173140234,1.0
Llama2-70B,32,8,4,32,32,1664,0.1062315,0.02129309097290039,0.012119,0.13964359097290038,0.0339355,11.35542277783203,704.5092161269009,773.868297713383,728.4734732291108,1.0
Llama2-70B,32,8,4,32,32,1792,0.1083105,0.02129309097290039,0.012999,0.1426025909729004,0.0339355,11.592142777832033,690.1226247228956,776.6861532875606,717.0922055456864,1.0
Llama2-70B,32,8,4,32,32,1920,0.1104385,0.02129309097290039,0.013878999999999999,0.14561059097290038,0.0339355,11.832782777832032,676.087793565136,779.5051132788304,705.8273276790526,1.0
Llama2-70B,32,8,4,32,32,2048,0.1125665,0.02129309097290039,0.014759,0.1486185909729004,0.0339355,12.073422777832032,662.6124295662677,782.3240732701003,694.9883608978696,1.0
Llama2-70B,32,8,4,32,32,2176,0.1232015,0.02129309097290039,0.015639,0.16013359097290042,0.0339355,12.994622777832035,615.6392637766653,799.0506186520821,648.5721510306953,1.0
Llama2-70B,32,8,4,32,32,2304,0.1252805,0.02129309097290039,0.016519000000000002,0.16309259097290038,0.0339355,13.231342777832031,604.6249526089905,801.8684742262598,640.0584881336358,1.0
Llama2-70B,32,8,4,32,32,2432,0.1274085,0.02129309097290039,0.017399,0.1661005909729004,0.0339355,13.471982777832032,593.8249871551122,804.6874342175297,631.5806513831726,1.0
Llama2-70B,32,8,4,32,32,2560,0.1295365,0.02129309097290039,0.018279,0.16910859097290037,0.0339355,13.712622777832031,583.4040744512336,807.5063942087995,623.3813590831924,1.0
Llama2-70B,32,8,4,32,32,2688,0.1317135,0.02129309097290039,0.019159000000000002,0.1721655909729004,0.0339355,13.957182777832033,573.1815744869566,810.3264586171616,615.2189856143535,1.0
Llama2-70B,32,8,4,32,32,2816,0.1337925,0.02129309097290039,0.020039,0.1751245909729004,0.0339355,14.193902777832033,563.6222908680452,813.1443141913392,607.7652440841897,1.0
Llama2-70B,32,8,4,32,32,2944,0.1359205,0.02129309097290039,0.020919,0.17813259097290038,0.0339355,14.43454277783203,554.2260758190462,815.9632741826091,600.3239203671329,1.0
Llama2-70B,32,8,4,32,32,3072,0.1380485,0.02129309097290039,0.021799000000000002,0.1811405909729004,0.0339355,14.675182777832031,545.1380143683527,818.7822341738789,593.112010759899,1.0
Llama2-70B,32,8,4,32,32,3200,0.1453755,0.02129309097290039,0.022679,0.18934759097290038,0.0339355,15.33174277783203,521.7932570305769,830.5681643002941,571.3260929801061,1.0
Llama2-70B,32,8,4,32,32,3328,0.1474545,0.02129309097290039,0.023559,0.19230659097290037,0.0339355,15.56846277783203,513.8593394969745,833.3860198744717,565.1818153223346,1.0
Llama2-70B,32,8,4,32,32,3456,0.1495825,0.02129309097290039,0.024439000000000002,0.19531459097290038,0.0339355,15.809102777832031,506.0375729366391,836.2049798657415,559.0259421160506,1.0
Llama2-70B,32,8,4,32,32,3584,0.1517105,0.02129309097290039,0.025319,0.1983225909729004,0.0339355,16.04974277783203,498.45035591783017,839.0239398570113,553.04276227223,1.0
Llama2-70B,32,8,4,32,32,3712,0.1538875,0.02129309097290039,0.026199,0.2013795909729004,0.0339355,16.29430277783203,490.96915094052315,841.8440042653733,547.0515826596525,1.0
Llama2-70B,32,8,4,32,32,3840,0.1559665,0.02129309097290039,0.027079000000000002,0.20433859097290039,0.0339355,16.53102277783203,483.93859880998633,844.6618598395511,541.5662080251533,1.0
Llama2-70B,32,8,4,32,32,3968,0.1580945,0.02129309097290039,0.027959,0.2073465909729004,0.0339355,16.771662777832027,476.9950425293557,847.4808198308208,536.0596477618265,1.0
Llama2-70B,32,8,4,32,32,4096,0.1602225,0.02129309097290039,0.028839,0.21035459097290038,0.0339355,17.012302777832026,470.24792025359693,850.2997798220905,530.6993585932629,1.0
Llama2-70B,32,16,2,32,32,128,0.122445,0.018461870346069335,0.001559,0.14246587034606933,0.0633115,11.610581127685546,1378.0533311849344,679.1797311569142,1109.3629485187869,1.0
Llama2-70B,32,16,2,32,32,256,0.124524,0.018461870346069335,0.002439,0.14542487034606932,0.0633115,11.847301127685546,1350.5185550327708,681.9910998911831,1095.356878820441,1.0
Llama2-70B,32,16,2,32,32,384,0.126652,0.018461870346069335,0.003319,0.1484328703460693,0.0633115,12.087941127685545,1323.6331837648095,684.8035730425439,1081.3940135845367,1.0
Llama2-70B,32,16,2,32,32,512,0.12878,0.018461870346069335,0.004199,0.15144087034606935,0.0633115,12.328581127685547,1297.7973567509541,687.6160461939044,1067.8926016367514,1.0
Llama2-70B,32,16,2,32,32,640,0.130957,0.018461870346069335,0.005078999999999999,0.15449787034606932,0.0633115,12.573141127685545,1272.5539177134226,690.4296237623571,1054.4371415996966,1.0
Llama2-70B,32,16,2,32,32,768,0.133036,0.018461870346069335,0.005959,0.1574568703460693,0.0633115,12.809861127685544,1249.0377405746976,693.2409924966256,1042.1855625494234,1.0
Llama2-70B,32,16,2,32,32,896,0.135164,0.018461870346069335,0.006839,0.16046487034606935,0.0633115,13.050501127685548,1226.0065604727881,696.0534656479863,1029.9391341599635,1.0
Llama2-70B,32,16,2,32,32,1024,0.137292,0.018461870346069335,0.007718999999999999,0.16347287034606933,0.0633115,13.291141127685545,1203.8093528833188,698.8659387993472,1018.072340412183,1.0
Llama2-70B,32,16,2,32,32,1152,0.1479555,0.018461870346069335,0.008598999999999999,0.17501637034606932,0.0633115,14.214621127685545,1125.6015799701554,715.7722108526729,967.5506633449556,1.0
Llama2-70B,32,16,2,32,32,1280,0.1500345,0.018461870346069335,0.009479,0.1779753703460693,0.0633115,14.451341127685545,1107.1636783486877,718.5835795869415,957.8911244906226,1.0
Llama2-70B,32,16,2,32,32,1408,0.1521625,0.018461870346069335,0.010359,0.18098337034606934,0.0633115,14.691981127685548,1089.0294413630593,721.3960527383022,948.1916408291164,1.0
Llama2-70B,32,16,2,32,32,1536,0.1542905,0.018461870346069335,0.011238999999999999,0.18399137034606933,0.0633115,14.932621127685547,1071.4796728040933,724.208525889663,938.7597109214928,1.0
Llama2-70B,32,16,2,32,32,1664,0.1564675,0.018461870346069335,0.012119,0.18704837034606933,0.0633115,15.177181127685547,1054.2142091731055,727.0221034581158,929.2947141842437,1.0
Llama2-70B,32,16,2,32,32,1792,0.1585465,0.018461870346069335,0.012999,0.19000737034606935,0.0633115,15.413901127685548,1038.024045143363,729.8334721923843,920.6554193153229,1.0
Llama2-70B,32,16,2,32,32,1920,0.1606745,0.018461870346069335,0.013878999999999999,0.19301537034606933,0.0633115,15.654541127685546,1022.0676460265896,732.6459453437449,911.9629379195142,1.0
Llama2-70B,32,16,2,32,32,2048,0.1628025,0.018461870346069335,0.014759,0.19602337034606931,0.0633115,15.895181127685545,1006.5943804900647,735.4584184951057,903.497696282435,1.0
Llama2-70B,32,16,2,32,32,2176,0.1734375,0.018461870346069335,0.015639,0.2075383703460693,0.0633115,16.816381127685545,951.4532216243897,752.1784770371786,867.3769825293588,1.0
Llama2-70B,32,16,2,32,32,2304,0.1755165,0.018461870346069335,0.016519000000000002,0.21049737034606933,0.0633115,17.053101127685547,938.2457700918781,754.9898457714469,860.3064051202562,1.0
Llama2-70B,32,16,2,32,32,2432,0.1776445,0.018461870346069335,0.017399,0.21350537034606934,0.0633115,17.293741127685546,925.1902108321492,757.8023189228079,853.167217586593,1.0
Llama2-70B,32,16,2,32,32,2560,0.1797725,0.018461870346069335,0.018279,0.21651337034606932,0.0633115,17.534381127685545,912.492997813144,760.6147920741685,846.1970457930644,1.0
Llama2-70B,32,16,2,32,32,2688,0.1819495,0.018461870346069335,0.019159000000000002,0.21957037034606933,0.0633115,17.778941127685545,899.9411092646367,763.4283696426212,839.1651195992531,1.0
Llama2-70B,32,16,2,32,32,2816,0.1840285,0.018461870346069335,0.020039,0.22252937034606934,0.0633115,18.015661127685547,888.1161721793278,766.2397383768902,832.7402966137199,1.0
Llama2-70B,32,16,2,32,32,2944,0.1861565,0.018461870346069335,0.020919,0.22553737034606933,0.0633115,18.256301127685546,876.4097331707636,769.0522115282505,826.2426630585027,1.0
Llama2-70B,32,16,2,32,32,3072,0.1882845,0.018461870346069335,0.021799000000000002,0.22854537034606934,0.0633115,18.496941127685545,865.0078891180436,771.8646846796115,819.8919026044217,1.0
Llama2-70B,32,16,2,32,32,3200,0.1989195,0.018461870346069335,0.022679,0.24006037034606934,0.0633115,19.418141127685548,823.971764073127,788.584743221684,792.8682137464493,1.0
Llama2-70B,32,16,2,32,32,3328,0.2009985,0.018461870346069335,0.023559,0.24301937034606932,0.0633115,19.654861127685546,814.0479800929571,791.3961119559527,787.4646944688171,1.0
Llama2-70B,32,16,2,32,32,3456,0.2031265,0.018461870346069335,0.024439000000000002,0.2460273703460693,0.0633115,19.895501127685545,804.2019096334916,794.2085851073132,781.9842168375998,1.0
Llama2-70B,32,16,2,32,32,3584,0.2052545,0.018461870346069335,0.025319,0.24903537034606935,0.0633115,20.136141127685548,794.5911730823791,797.0210582586743,776.6173781901724,1.0
Llama2-70B,32,16,2,32,32,3712,0.2074315,0.018461870346069335,0.026199,0.25209237034606935,0.0633115,20.380701127685548,785.0564070273953,799.8346358271269,771.1795323536944,1.0
Llama2-70B,32,16,2,32,32,3840,0.2095105,0.018461870346069335,0.027079000000000002,0.25505137034606934,0.0633115,20.617421127685546,776.042740792389,802.6460045613953,766.2107670607395,1.0
Llama2-70B,32,16,2,32,32,3968,0.2116385,0.018461870346069335,0.027959,0.25805937034606935,0.0633115,20.85806112768555,767.0895152743946,805.4584777127561,761.16441735578,1.0
Llama2-70B,32,16,2,32,32,4096,0.2137665,0.018461870346069335,0.028839,0.2610673703460693,0.0633115,21.098701127685544,758.3405207349438,808.2709508641167,756.2185383248701,1.0
Llama2-70B,32,32,1,32,32,128,0.218369,0.01302294651031494,0.001559,0.23295094651031495,0.1213595,18.907435220825196,1692.4558844847595,659.3670321267487,1207.8033642627822,1.0
Llama2-70B,32,32,1,32,32,256,0.220448,0.01302294651031494,0.002439,0.23590994651031494,0.1213595,19.144155220825194,1671.528444628891,662.1751574410629,1201.5081242579886,1.0
Llama2-70B,32,32,1,32,32,384,0.222576,0.01302294651031494,0.003319,0.23891794651031492,0.1213595,19.384795220825193,1650.7783360859146,663.7683319525213,1192.8839263038626,1.0
Llama2-70B,32,32,1,32,32,512,0.224704,0.01302294651031494,0.004199,0.24192594651031493,0.1213595,19.625435220825192,1630.537088219259,667.7936169038752,1188.7525222583938,1.0
Llama2-70B,32,32,1,32,32,640,0.230189,0.01302294651031494,0.005078999999999999,0.24829094651031494,0.1213595,20.134635220825196,1589.3012040716035,675.54456630794,1173.8954794676374,1.0
Llama2-70B,32,32,1,32,32,768,0.232268,0.01302294651031494,0.005959,0.25124994651031496,0.1213595,20.371355220825198,1570.8331455183252,678.3526916222537,1168.2241059849036,1.0
Llama2-70B,32,32,1,32,32,896,0.234396,0.01302294651031494,0.006839,0.2542579465103149,0.1213595,20.611995220825193,1552.4940529614043,679.945988067961,1160.3371867573867,1.0
Llama2-70B,32,32,1,32,32,1024,0.236524,0.01302294651031494,0.007718999999999999,0.2572659465103149,0.1213595,20.852635220825192,1534.5782276976731,683.9711510850661,1156.7048605385778,1.0
Llama2-70B,32,32,1,32,32,1152,0.2471875,0.01302294651031494,0.008598999999999999,0.26880944651031496,0.1213595,21.776115220825197,1469.4999395207724,700.8741797184376,1134.1579646518335,1.0
Llama2-70B,32,32,1,32,32,1280,0.2492665,0.01302294651031494,0.009479,0.27176844651031495,0.1213595,22.012835220825195,1453.697339710537,703.6823050327515,1129.2047748618472,1.0
Llama2-70B,32,32,1,32,32,1408,0.2513945,0.01302294651031494,0.010359,0.27477644651031496,0.1213595,22.253475220825198,1437.977649893255,705.2756014784586,1122.1814343248695,1.0
Llama2-70B,32,32,1,32,32,1536,0.2535225,0.01302294651031494,0.011238999999999999,0.2777844465103149,0.1213595,22.494115220825194,1422.5942957015798,709.3007644955636,1119.1129221202282,1.0
Llama2-70B,32,32,1,32,32,1664,0.2590075,0.01302294651031494,0.012119,0.28414944651031493,0.1213595,23.003315220825193,1391.1038340695343,717.0517138996288,1107.3837072665906,1.0
Llama2-70B,32,32,1,32,32,1792,0.2610865,0.01302294651031494,0.012999,0.2871084465103149,0.1213595,23.24003522082519,1376.9342299156708,719.8598392139426,1102.8679601801591,1.0
Llama2-70B,32,32,1,32,32,1920,0.2632145,0.01302294651031494,0.013878999999999999,0.29011644651031493,0.1213595,23.480675220825194,1362.822819150403,721.4531356596497,1096.3729363840514,1.0
Llama2-70B,32,32,1,32,32,2048,0.2653425,0.01302294651031494,0.014759,0.29312444651031494,0.1213595,23.721315220825193,1348.9977137484714,725.478298676755,1093.648094333558,1.0
Llama2-70B,32,32,1,32,32,2176,0.2759775,0.01302294651031494,0.015639,0.30463944651031494,0.1213595,24.642515220825192,1298.5687424048765,742.1951137988735,1075.7327880698585,1.0
Llama2-70B,32,32,1,32,32,2304,0.2780565,0.01302294651031494,0.016519000000000002,0.3075984465103149,0.1213595,24.879235220825194,1286.2131699777638,745.0032391131872,1071.7292911522477,1.0
Llama2-70B,32,32,1,32,32,2432,0.2801845,0.01302294651031494,0.017399,0.31060644651031494,0.1213595,25.119875220825193,1273.891678150971,746.5965355588941,1065.8641510274756,1.0
Llama2-70B,32,32,1,32,32,2560,0.2823125,0.01302294651031494,0.018279,0.31361444651031495,0.1213595,25.360515220825196,1261.8040178348854,750.6216985759995,1063.5330686044715,1.0
Llama2-70B,32,32,1,32,32,2688,0.2877975,0.01302294651031494,0.019159000000000002,0.3199794465103149,0.1213595,25.869715220825192,1236.9676174185292,758.3726479800645,1054.0364638053693,1.0
Llama2-70B,32,32,1,32,32,2816,0.2898765,0.01302294651031494,0.020039,0.3229384465103149,0.1213595,26.10643522082519,1225.7514183504263,761.1807732943786,1050.3518198879574,1.0
Llama2-70B,32,32,1,32,32,2944,0.2920045,0.01302294651031494,0.020919,0.32594644651031496,0.1213595,26.347075220825197,1214.556064830552,762.7740697400852,1044.879883344381,1.0
Llama2-70B,32,32,1,32,32,3072,0.2941325,0.01302294651031494,0.021799000000000002,0.32895444651031497,0.1213595,26.587715220825196,1203.563365043701,766.7992327571908,1042.79429543786,1.0
Llama2-70B,32,32,1,32,32,3200,0.3047675,0.01302294651031494,0.022679,0.34046944651031497,0.1213595,27.508915220825198,1163.2592467977397,783.5160478793092,1028.3459330529786,1.0
Llama2-70B,32,32,1,32,32,3328,0.3068465,0.01302294651031494,0.023559,0.34342844651031496,0.1213595,27.745635220825196,1153.3345603845314,786.3241731936228,1025.0391295890593,1.0
Llama2-70B,32,32,1,32,32,3456,0.3089745,0.01302294651031494,0.024439000000000002,0.3464364465103149,0.1213595,27.986275220825192,1143.4176126513653,787.9174696393299,1020.0420677296413,1.0
Llama2-70B,32,32,1,32,32,3584,0.3111025,0.01302294651031494,0.025319,0.3494444465103149,0.1213595,28.226915220825195,1133.6697527752203,791.9426326564353,1018.2401397049981,1.0
Llama2-70B,32,32,1,32,32,3712,0.3165875,0.01302294651031494,0.026199,0.355809446510315,0.1213595,28.736115220825198,1113.581281049759,799.6935820605003,1010.3918595149843,1.0
Llama2-70B,32,32,1,32,32,3840,0.3186665,0.01302294651031494,0.027079000000000002,0.358768446510315,0.1213595,28.972835220825196,1104.482863209705,802.5017073748143,1007.3248457240585,1.0
Llama2-70B,32,32,1,32,32,3968,0.3207945,0.01302294651031494,0.027959,0.36177644651031493,0.1213595,29.21347522082519,1095.384912548453,804.0950038205212,1002.6294139338687,1.0
Llama2-70B,32,32,1,32,32,4096,0.3229225,0.01302294651031494,0.028839,0.36478444651031494,0.1213595,29.454115220825194,1086.4356223260363,808.1201668376267,1001.0081884509459,1.0
Llama2-70B,32,80,1,32,10,128,0.665803,0.0014614998626708,0.004677,0.6719414998626709,0.382388,54.28770798901367,1473.6300898205131,648.5747674118744,974.124128926836,0.84375
Llama2-70B,32,80,1,32,10,256,0.674327,0.0014614998626708,0.007317,0.6831054998626709,0.382388,55.18082798901367,1449.7788981333836,651.2541337764862,965.7838612075244,0.84375
Llama2-70B,32,80,1,32,10,384,0.682851,0.0014614998626708,0.009957,0.6942694998626708,0.382388,56.07394798901366,1426.687488023388,654.3017329833538,958.19107387022,0.84375
Llama2-70B,32,80,1,32,10,512,0.691375,0.0014614998626708,0.0125969999999999,0.7054334998626708,0.382388,56.96706798901366,1404.3201243116168,657.1652179112904,950.5192086946888,0.84375
Llama2-70B,32,80,1,32,10,640,0.696591,0.0014614998626708,0.0152369999999999,0.7132894998626708,0.382388,57.59554798901366,1388.9962469887428,658.2780468882735,944.9993567075562,0.84375
Llama2-70B,32,80,1,32,10,768,0.705115,0.0014614998626708,0.017877,0.7244534998626709,0.382388,58.48866798901367,1367.7863208481162,661.3277744187408,937.9005898594424,0.84375
Llama2-70B,32,80,1,32,10,896,0.713639,0.0014614998626708,0.020517,0.7356174998626709,0.382388,59.38178798901367,1347.2144020789833,664.0035978617466,930.447464140478,0.84375
Llama2-70B,32,80,1,32,10,1024,0.722163,0.0014614998626708,0.0231569999999999,0.7467814998626708,0.382388,60.27490798901366,1327.2521297681888,667.054744274614,923.6900038836304,0.84375
Llama2-70B,32,80,1,32,10,1152,0.735931,0.0014614998626708,0.0257969999999999,0.7631894998626708,0.382388,61.58754798901367,1298.963875202027,672.9022181314967,914.3550388983437,0.84375
Llama2-70B,32,80,1,32,10,1280,0.741147,0.0014614998626708,0.0284369999999999,0.7710454998626709,0.382388,62.21602798901367,1285.8422915414449,674.0107866529297,909.4157928898449,0.84375
Llama2-70B,32,80,1,32,10,1408,0.749671,0.0014614998626708,0.031077,0.7822094998626709,0.382388,63.109147989013664,1267.6450649266692,677.0647746389476,903.1492143072724,0.84375
Llama2-70B,32,80,1,32,10,1536,0.758195,0.0014614998626708,0.033717,0.7933734998626708,0.382388,64.00226798901366,1249.9557049092766,679.7363376264032,896.519150912896,0.84375
Llama2-70B,32,80,1,32,10,1664,0.766719,0.0014614998626708,0.036357,0.8045374998626709,0.382388,64.89538798901368,1232.7532430123297,682.7917444948206,890.5371387624677,0.84375
Llama2-70B,32,80,1,32,10,1792,0.775243,0.0014614998626708,0.038997,0.8157014998626708,0.382388,65.78850798901368,1216.017849399466,685.6552294227574,884.4391106050067,0.84375
Llama2-70B,32,80,1,32,10,1920,0.780459,0.0014614998626708,0.0416369999999999,0.8235574998626709,0.382388,66.41698798901369,1204.5111111216474,686.76025073819,879.9440466932793,0.84375
Llama2-70B,32,80,1,32,10,2048,0.788983,0.0014614998626708,0.044277,0.8347214998626709,0.382388,67.31010798901367,1188.5287721282157,689.8177859302078,874.3126099424294,0.84375
Llama2-70B,32,80,1,32,10,2176,0.802751,0.0014614998626708,0.046917,0.8511294998626708,0.382388,68.62274798901367,1165.794176776596,695.4690773910598,866.3571610512596,0.84375
Llama2-70B,32,80,1,32,10,2304,0.811275,0.0014614998626708,0.049557,0.8622934998626708,0.382388,69.51586798901367,1150.8163864492528,698.5287447150271,861.0258478506391,0.84375
Llama2-70B,32,80,1,32,10,2432,0.819799,0.0014614998626708,0.052197,0.873457499862671,0.382388,70.40898798901368,1136.2185749990167,701.3922296429641,855.5660956441321,0.84375
Llama2-70B,32,80,1,32,10,2560,0.825015,0.0014614998626708,0.054837,0.8813134998626709,0.382388,71.03746798901369,1126.1662649965567,702.492990502847,851.4911734972659,0.84375
Llama2-70B,32,80,1,32,10,2688,0.833539,0.0014614998626708,0.057477,0.8924774998626709,0.382388,71.93058798901369,1112.1833177871254,705.5547861504143,846.45683783292,0.84375
Llama2-70B,32,80,1,32,10,2816,0.842063,0.0014614998626708,0.060117,0.9036414998626708,0.382388,72.82370798901368,1098.5433481644322,708.2185414763201,841.0517282867436,0.84375
Llama2-70B,32,80,1,32,10,2944,0.850587,0.0014614998626708,0.062757,0.9148054998626708,0.382388,73.71682798901368,1085.2338900409925,711.2817560062877,836.2245790334059,0.84375
Llama2-70B,32,80,1,32,10,3072,0.859111,0.0014614998626708,0.065397,0.9259694998626709,0.382388,74.60994798901368,1072.2430742316026,714.1452409342241,831.2607345665746,0.84375
Llama2-70B,32,80,1,32,10,3200,0.869571,0.0014614998626708,0.068037,0.9390694998626709,0.382388,75.65794798901368,1057.390560098416,718.2257302675035,825.9540972128825,0.84375
Llama2-70B,32,80,1,32,10,3328,0.878095,0.0014614998626708,0.070677,0.9502334998626708,0.382388,76.55106798901367,1045.0540025317648,721.2917863706209,821.4279620890914,0.84375
Llama2-70B,32,80,1,32,10,3456,0.886619,0.0014614998626708,0.073317,0.9613974998626708,0.382388,77.44418798901368,1033.0019860412106,723.9512812409768,816.5303035926103,0.84375
Llama2-70B,32,80,1,32,10,3584,0.895143,0.0014614998626708,0.075957,0.9725614998626708,0.382388,78.33730798901368,1021.2247785080832,727.0187562264941,812.1816918933558,0.84375
Llama2-70B,32,80,1,32,10,3712,0.903667,0.0014614998626708,0.078597,0.9837254998626708,0.382388,79.23042798901368,1009.713086632487,729.882241154431,807.6893824322796,0.84375
Llama2-70B,32,80,1,32,10,3840,0.908883,0.0014614998626708,0.081237,0.9915814998626707,0.382388,79.85890798901367,1001.7667660945943,730.9751943527641,804.2566472832739,0.84375
Llama2-70B,32,80,1,32,10,3968,0.917407,0.0014614998626708,0.083877,1.0027454998626708,0.382388,80.75202798901368,990.687193774056,734.0447976618814,800.1299288776752,0.84375
Llama2-70B,32,80,1,32,10,4096,0.925931,0.0014614998626708,0.086517,1.0139094998626708,0.382388,81.64514798901367,979.8500213480532,736.7007453262371,795.632444886538,0.84375
Llama2-7B,8,1,8,32,32,128,0.0190315,0.0042958331044514,0.000794,0.0241213331044514,0.0112625,0.933145159342448,1071.6446310503954,94.88405998175286,155.8010075101688,1.0
Llama2-7B,8,1,8,32,32,256,0.0198875,0.0042958331044514,0.001234,0.0254173331044514,0.0112625,0.974617159342448,1026.043909051096,95.12362645798984,149.4714432086579,1.0
Llama2-7B,8,1,8,32,32,384,0.0207435,0.0042958331044514,0.001674,0.0267133331044515,0.0112625,1.016089159342448,984.1656027972388,95.36319551342686,143.664273617981,1.0
Llama2-7B,8,1,8,32,32,512,0.0215995,0.0042958331044514,0.002114,0.0280093331044515,0.0112625,1.057561159342448,945.5717914430242,95.6027671480639,138.31739037371216,1.0
Llama2-7B,8,1,8,32,32,640,0.0224555,0.0042958331044514,0.002554,0.0293053331044515,0.0112625,1.0990331593424478,909.890653889188,95.8423639299009,133.3781867609006,1.0
Llama2-7B,8,1,8,32,32,768,0.0233115,0.0042958331044514,0.002994,0.0306013331044514,0.0112625,1.1405051593424478,876.8044509123876,96.08193040613789,128.80167836440424,1.0
Llama2-7B,8,1,8,32,32,896,0.0241675,0.0042958331044514,0.003434,0.0318973331044515,0.0112625,1.181977159342448,846.0400373187545,96.3214994615749,124.54936829106094,1.0
Llama2-7B,8,1,8,32,32,1024,0.0250235,0.0042958331044514,0.003874,0.0331933331044515,0.0112625,1.223449159342448,817.3613037892459,96.5610710962119,120.58798616327142,1.0
Llama2-7B,8,1,8,32,32,1152,0.0266415,0.0042958331044514,0.004314,0.0352513331044515,0.0112625,1.2893051593424478,775.6115708945158,97.41074656485726,114.261052498988,1.0
Llama2-7B,8,1,8,32,32,1280,0.0274975,0.0042958331044514,0.004754,0.0365473331044515,0.0112625,1.3307771593424478,751.4406097066706,97.65031304109424,110.97635357884154,1.0
Llama2-7B,8,1,8,32,32,1408,0.0283535,0.0042958331044514,0.005194,0.0378433331044514,0.0112625,1.3722491593424475,728.730634077545,97.88988209653122,107.8899894375157,1.0
Llama2-7B,8,1,8,32,32,1536,0.0292095,0.0042958331044514,0.005634,0.0391393331044514,0.0112625,1.4137211593424477,707.353068454547,98.12945373116828,104.98452315510396,1.0
Llama2-7B,8,1,8,32,32,1664,0.0300655,0.0042958331044514,0.006074,0.0404353331044515,0.0112625,1.455193159342448,687.1939945428728,98.36905051300528,102.244527066951,1.0
Llama2-7B,8,1,8,32,32,1792,0.0309215,0.0042958331044514,0.006514,0.0417313331044515,0.0112625,1.4966651593424478,668.1521205714075,98.6086169892423,99.65620299512706,1.0
Llama2-7B,8,1,8,32,32,1920,0.0317775,0.0042958331044514,0.006954,0.0430273331044515,0.0112625,1.5381371593424478,650.1370790804502,98.84818604467932,97.20732637546152,1.0
Llama2-7B,8,1,8,32,32,2048,0.0326335,0.0042958331044514,0.007394,0.0443233331044514,0.0112625,1.5796091593424475,633.0679928548118,99.0877576793163,94.88692378931572,1.0
Llama2-7B,8,1,8,32,32,2176,0.0342155,0.0042958331044514,0.007834,0.0463453331044515,0.0112625,1.6443131593424478,608.1566606204713,99.87574354126994,91.21938845449245,1.0
Llama2-7B,8,1,8,32,32,2304,0.0350715,0.0042958331044514,0.008274,0.0476413331044515,0.0112625,1.6857851593424478,593.1953988668739,100.11531001750696,89.20643365830068,1.0
Llama2-7B,8,1,8,32,32,2432,0.0359275,0.0042958331044514,0.008714,0.0489373331044514,0.0112625,1.7272571593424475,578.9525865278171,100.35487907294396,87.28940146209725,1.0
Llama2-7B,8,1,8,32,32,2560,0.0367835,0.0042958331044514,0.0091539999999999,0.0502333331044514,0.0112625,1.7687291593424477,565.3776864128623,100.594450707581,85.46159513401133,1.0
Llama2-7B,8,1,8,32,32,2688,0.0376395,0.0042958331044514,0.009594,0.0515293331044514,0.0112625,1.810201159342448,552.4247925922489,100.834047489418,83.71694586921484,1.0
Llama2-7B,8,1,8,32,32,2816,0.0384955,0.0042958331044514,0.010034,0.0528253331044515,0.0112625,1.851673159342448,540.0521117642124,101.073613965655,82.0498613195495,1.0
Llama2-7B,8,1,8,32,32,2944,0.0393515,0.0042958331044514,0.0104739999999999,0.0541213331044514,0.0112625,1.8931451593424475,528.2215127905635,101.313183021092,80.45530588183739,1.0
Llama2-7B,8,1,8,32,32,3072,0.0402075,0.0042958331044514,0.010914,0.0554173331044514,0.0112625,1.934617159342448,516.8981341713559,101.55275465572902,78.92864721734828,1.0
Llama2-7B,8,1,8,32,32,3200,0.0417895,0.0042958331044514,0.011354,0.0574393331044515,0.0112625,1.999321159342448,500.16976778702616,102.34074051768263,76.52994511007746,1.0
Llama2-7B,8,1,8,32,32,3328,0.0426455,0.0042958331044514,0.0117939999999999,0.0587353331044515,0.0112625,2.040793159342448,490.00556250502336,102.58030699391963,75.16935183219778,1.0
Llama2-7B,8,1,8,32,32,3456,0.0435015,0.0042958331044514,0.012234,0.0600313331044514,0.0112625,2.082265159342448,480.2462335372249,102.8198760493567,73.86230650764676,1.0
Llama2-7B,8,1,8,32,32,3584,0.0443575,0.0042958331044514,0.012674,0.0613273331044514,0.0112625,2.123737159342448,470.8680618036652,103.0594476839937,72.60570907117855,1.0
Llama2-7B,8,1,8,32,32,3712,0.0452135,0.0042958331044514,0.0131139999999999,0.0626233331044514,0.0112625,2.165209159342448,461.8491454671705,103.29904446583068,71.39670982244705,1.0
Llama2-7B,8,1,8,32,32,3840,0.0460695,0.0042958331044514,0.013554,0.0639193331044515,0.0112625,2.206681159342448,453.16922916855935,103.53861094206768,70.23261793463391,1.0
Llama2-7B,8,1,8,32,32,3968,0.0469255,0.0042958331044514,0.013994,0.0652153331044514,0.0112625,2.2481531593424475,444.8095521625785,103.77817999750468,69.1109977500937,1.0
Llama2-7B,8,1,8,32,32,4096,0.0477815,0.0042958331044514,0.0144339999999999,0.0665113331044515,0.0112625,2.289625159342448,436.7527129581279,104.01775163214177,68.02956664199385,1.0
Llama2-7B,8,2,4,32,32,128,0.025008,0.0040872168477376,0.000794,0.0298892168477376,0.0186065,1.125061439127604,1777.680694087997,80.16364705617724,200.3450072381269,1.0
Llama2-7B,8,2,4,32,32,256,0.025864,0.0040872168477376,0.001234,0.0311852168477376,0.0186065,1.166533439127604,1714.481499557961,80.40061879645057,194.28698866293533,1.0
Llama2-7B,8,2,4,32,32,384,0.02672,0.0040872168477376,0.001674,0.0324812168477376,0.0186065,1.208005439127604,1655.6216844887367,80.63759311592392,188.61712461621428,1.0
Llama2-7B,8,2,4,32,32,512,0.027576,0.0040872168477376,0.002114,0.0337772168477376,0.0186065,1.249477439127604,1600.669157657154,80.87457001459732,183.29926841863693,1.0
Llama2-7B,8,2,4,32,32,640,0.028432,0.0040872168477376,0.002554,0.0350732168477376,0.0186065,1.290949439127604,1549.2473518959482,81.11157206047066,178.30167606145952,1.0
Llama2-7B,8,2,4,32,32,768,0.029288,0.0040872168477376,0.002994,0.0363692168477376,0.0186065,1.332421439127604,1501.0265830828191,81.34854380074401,173.59614816807223,1.0
Llama2-7B,8,2,4,32,32,896,0.030144,0.0040872168477376,0.003434,0.0376652168477376,0.0186065,1.373893439127604,1455.716974141722,81.58551812021733,169.15787163327974,1.0
Llama2-7B,8,2,4,32,32,1024,0.031,0.0040872168477376,0.003874,0.0389612168477376,0.0186065,1.415365439127604,1413.0626230585017,81.82249501889072,164.9647076993764,1.0
Llama2-7B,8,2,4,32,32,1152,0.032618,0.0040872168477376,0.004314,0.0410192168477376,0.0186065,1.481221439127604,1350.2370051961586,82.66957575157242,158.40482201463223,1.0
Llama2-7B,8,2,4,32,32,1280,0.033474,0.0040872168477376,0.004754,0.0423152168477376,0.0186065,1.522693439127604,1313.4620197390875,82.90654749184574,154.79653516879847,1.0
Llama2-7B,8,2,4,32,32,1408,0.03433,0.0040872168477376,0.005194,0.0436112168477376,0.0186065,1.564165439127604,1278.6371249293668,83.1435218113191,151.3681943841377,1.0
Llama2-7B,8,2,4,32,32,1536,0.035186,0.0040872168477376,0.005634,0.0449072168477376,0.0186065,1.605637439127604,1245.6112141273102,83.38049870999245,148.1066665541559,1.0
Llama2-7B,8,2,4,32,32,1664,0.036042,0.0040872168477376,0.006074,0.0462032168477376,0.0186065,1.647109439127604,1214.2483993409116,83.61750075586582,145.0001053560184,1.0
Llama2-7B,8,2,4,32,32,1792,0.036898,0.0040872168477376,0.006514,0.0474992168477376,0.0186065,1.688581439127604,1184.4261423560883,83.85447249613917,142.0376316062849,1.0
Llama2-7B,8,2,4,32,32,1920,0.037754,0.0040872168477376,0.006954,0.0487952168477376,0.0186065,1.730053439127604,1156.0336546647477,84.09144681561254,139.20949901933,1.0
Llama2-7B,8,2,4,32,32,2048,0.03861,0.0040872168477376,0.007394,0.0500912168477376,0.0186065,1.771525439127604,1128.9705221421543,84.32842371428589,136.5067723942727,1.0
Llama2-7B,8,2,4,32,32,2176,0.042,0.0040872168477376,0.007834,0.0539212168477376,0.0186065,1.894085439127604,1055.9185761552442,86.2730823726388,128.38256305452205,1.0
Llama2-7B,8,2,4,32,32,2304,0.042856,0.0040872168477376,0.008274,0.0552172168477376,0.0186065,1.935557439127604,1033.294057603086,86.51005411291219,126.16385995092897,1.0
Llama2-7B,8,2,4,32,32,2432,0.043712,0.0040872168477376,0.008714,0.0565132168477376,0.0186065,1.977029439127604,1011.6187247482426,86.74702843238555,124.03205703294503,1.0
Llama2-7B,8,2,4,32,32,2560,0.044568,0.0040872168477376,0.0091539999999999,0.0578092168477376,0.0186065,2.018501439127604,990.8340718668992,86.98400533105891,121.98214712778628,1.0
Llama2-7B,8,2,4,32,32,2688,0.045424,0.0040872168477376,0.009594,0.0591052168477376,0.0186065,2.059973439127604,970.8863046540044,87.22100737693222,120.0095315484824,1.0
Llama2-7B,8,2,4,32,32,2816,0.04628,0.0040872168477376,0.010034,0.0604012168477376,0.0186065,2.101445439127604,951.725875324311,87.45797911720558,118.10984647418644,1.0
Llama2-7B,8,2,4,32,32,2944,0.047136,0.0040872168477376,0.0104739999999999,0.0616972168477376,0.0186065,2.142917439127604,933.3070716967115,87.69495343667894,116.27916220706965,1.0
Llama2-7B,8,2,4,32,32,3072,0.047992,0.0040872168477376,0.010914,0.0629932168477376,0.0186065,2.184389439127604,915.5876530875169,87.93193033535232,114.51378658858806,1.0
Llama2-7B,8,2,4,32,32,3200,0.049574,0.0040872168477376,0.011354,0.0650152168477376,0.0186065,2.2490934391276043,889.2471807555384,88.71732146134228,111.8496105082078,1.0
Llama2-7B,8,2,4,32,32,3328,0.05043,0.0040872168477376,0.0117939999999999,0.0663112168477376,0.0186065,2.2905654391276045,873.1468509198014,88.95429320161568,110.24476155266665,1.0
Llama2-7B,8,2,4,32,32,3456,0.051286,0.0040872168477376,0.012234,0.0676072168477376,0.0186065,2.332037439127604,857.6191644453974,89.19126752108902,108.69348789275948,1.0
Llama2-7B,8,2,4,32,32,3584,0.052142,0.0040872168477376,0.012674,0.0689032168477376,0.0186065,2.3735094391276044,842.6341041791308,89.42824441976234,107.1931509384977,1.0
Llama2-7B,8,2,4,32,32,3712,0.052998,0.0040872168477376,0.0131139999999999,0.0701992168477376,0.0186065,2.414981439127604,828.1637148824161,89.66524646563573,105.74130918340757,1.0
Llama2-7B,8,2,4,32,32,3840,0.053854,0.0040872168477376,0.013554,0.0714952168477376,0.0186065,2.4564534391276043,814.1819291760274,89.90221820590907,104.33558580364168,1.0
Llama2-7B,8,2,4,32,32,3968,0.05471,0.0040872168477376,0.013994,0.0727912168477376,0.0186065,2.497925439127604,800.6644108234457,90.13919252538244,102.97385364350944,1.0
Llama2-7B,8,2,4,32,32,4096,0.055566,0.0040872168477376,0.0144339999999999,0.0740872168477376,0.0186065,2.539397439127604,787.5884133706494,90.3761694240558,101.6540796350914,1.0
Llama2-7B,8,4,2,32,32,128,0.036003,0.0038090618387858,0.000794,0.0406060618387858,0.0332945,1.482688478841146,2697.80203804265,70.3666987054977,244.3084559116521,1.0
Llama2-7B,8,4,2,32,32,256,0.036859,0.0038090618387858,0.001234,0.0419020618387858,0.0332945,1.5241604788411458,2624.395564331449,70.60237307778924,239.4339682227855,1.0
Llama2-7B,8,4,2,32,32,384,0.037715,0.0038090618387858,0.001674,0.0431980618387858,0.0332945,1.5656324788411458,2554.878015152529,70.83805002928077,234.7807570902849,1.0
Llama2-7B,8,4,2,32,32,512,0.038571,0.0038090618387858,0.002114,0.0444940618387858,0.0332945,1.6071044788411455,2488.948324557174,71.07372955997228,230.33409024906103,1.0
Llama2-7B,8,4,2,32,32,640,0.039427,0.0038090618387858,0.002554,0.0457900618387858,0.0332945,1.6485764788411457,2426.3357213562635,71.30943423786383,226.08058639341,1.0
Llama2-7B,8,4,2,32,32,768,0.040283,0.0038090618387858,0.002994,0.0470860618387858,0.0332945,1.6900484788411456,2366.796012113672,71.54510861015538,222.0077595082149,1.0
Llama2-7B,8,4,2,32,32,896,0.041139,0.0038090618387858,0.003434,0.0483820618387858,0.0332945,1.7315204788411458,2310.108398300365,71.7807855616469,218.10443120167875,1.0
Llama2-7B,8,4,2,32,32,1024,0.041995,0.0038090618387858,0.003874,0.0496780618387858,0.0332945,1.7729924788411455,2256.0727401474705,72.01646509233842,214.3602366125087,1.0
Llama2-7B,8,4,2,32,32,1152,0.045421,0.0038090618387858,0.004314,0.0535440618387858,0.0332945,1.8967044788411456,2108.921049442521,74.0215159894012,203.70950658671424,1.0
Llama2-7B,8,4,2,32,32,1280,0.046277,0.0038090618387858,0.004754,0.0548400618387858,0.0332945,1.9381764788411453,2063.795554051733,74.25719036169274,200.57801489317785,1.0
Llama2-7B,8,4,2,32,32,1408,0.047133,0.0038090618387858,0.005194,0.0561360618387858,0.0332945,1.9796484788411457,2020.5607423503468,74.49286731318423,197.5602744180941,1.0
Llama2-7B,8,4,2,32,32,1536,0.047989,0.0038090618387858,0.005634,0.0574320618387858,0.0332945,2.0211204788411457,1979.1002277575697,74.7285468438758,194.650198076319,1.0
Llama2-7B,8,4,2,32,32,1664,0.048845,0.0038090618387858,0.006074,0.0587280618387858,0.0332945,2.062592478841146,1939.306984309074,74.9642515217673,191.8421832371976,1.0
Llama2-7B,8,4,2,32,32,1792,0.049701,0.0038090618387858,0.006514,0.0600240618387858,0.0332945,2.104064478841146,1901.082424148464,75.19992589405882,189.1308170209324,1.0
Llama2-7B,8,4,2,32,32,1920,0.050557,0.0038090618387858,0.006954,0.0613200618387858,0.0332945,2.1455364788411457,1864.3355820081388,75.43560284555038,186.5112715488221,1.0
Llama2-7B,8,4,2,32,32,2048,0.051413,0.0038090618387858,0.007394,0.0626160618387858,0.0332945,2.187008478841145,1828.9823924777488,75.6712823762419,183.978960516411,1.0
Llama2-7B,8,4,2,32,32,2176,0.054803,0.0038090618387858,0.007834,0.0664460618387858,0.0332945,2.309568478841145,1731.9252651071206,77.614643666613,177.03101031561462,1.0
Llama2-7B,8,4,2,32,32,2304,0.055659,0.0038090618387858,0.008274,0.0677420618387858,0.0332945,2.3510404788411456,1701.3743642438878,77.8503180389045,174.83766784999852,1.0
Llama2-7B,8,4,2,32,32,2432,0.056515,0.0038090618387858,0.008714,0.0690380618387858,0.0332945,2.3925124788411454,1671.882606830736,78.08599499039606,172.71077366715926,1.0
Llama2-7B,8,4,2,32,32,2560,0.057371,0.0038090618387858,0.0091539999999999,0.0703340618387858,0.0332945,2.433984478841145,1643.395853495523,78.32167452108762,170.64735345620525,1.0
Llama2-7B,8,4,2,32,32,2688,0.058227,0.0038090618387858,0.009594,0.0716300618387858,0.0332945,2.4754564788411457,1615.863592912993,78.5573791989791,168.6446562569322,1.0
Llama2-7B,8,4,2,32,32,2816,0.059083,0.0038090618387858,0.010034,0.0729260618387858,0.0332945,2.516928478841145,1589.2386429040273,78.79305357127063,166.69992546771203,1.0
Llama2-7B,8,4,2,32,32,2944,0.059939,0.0038090618387858,0.0104739999999999,0.0742220618387858,0.0332945,2.5584004788411456,1563.4768806062143,79.0287305227622,164.8107461810386,1.0
Llama2-7B,8,4,2,32,32,3072,0.060795,0.0038090618387858,0.010914,0.0755180618387858,0.0332945,2.599872478841146,1538.5369984696097,79.26441005345369,162.97477188390025,1.0
Llama2-7B,8,4,2,32,32,3200,0.064185,0.0038090618387858,0.011354,0.0793480618387858,0.0332945,2.722432478841146,1469.2742725809217,81.2077713438248,158.15177094302564,1.0
Llama2-7B,8,4,2,32,32,3328,0.065041,0.0038090618387858,0.0117939999999999,0.0806440618387858,0.0332945,2.763904478841145,1447.2280176908018,81.44344571611637,156.52328092302608,1.0
Llama2-7B,8,4,2,32,32,3456,0.065897,0.0038090618387858,0.012234,0.0819400618387858,0.0332945,2.8053764788411453,1425.8335842511713,81.67912266760786,154.93710386589655,1.0
Llama2-7B,8,4,2,32,32,3584,0.066753,0.0038090618387858,0.012674,0.0832360618387858,0.0332945,2.846848478841146,1405.0624856677523,81.91480219829941,153.3916119842917,1.0
Llama2-7B,8,4,2,32,32,3712,0.067609,0.0038090618387858,0.0131139999999999,0.0845320618387858,0.0332945,2.8883204788411456,1384.8878714473135,82.15050687619093,151.88530165397898,1.0
Llama2-7B,8,4,2,32,32,3840,0.068465,0.0038090618387858,0.013554,0.0858280618387858,0.0332945,2.9297924788411454,1365.2844114004165,82.38618124848247,150.4166020019033,1.0
Llama2-7B,8,4,2,32,32,3968,0.069321,0.0038090618387858,0.013994,0.0871240618387858,0.0332945,2.971264478841145,1346.2281895417411,82.621858199974,148.98417903660865,1.0
Llama2-7B,8,4,2,32,32,4096,0.070177,0.0038090618387858,0.0144339999999999,0.0884200618387858,0.0332945,3.0127364788411457,1327.696606753541,82.85753773066551,147.58670527855546,1.0
Llama2-7B,8,8,1,32,32,128,0.059093,0.0032527518208821,0.000794,0.0631397518208821,0.0623185,2.232790558268229,3582.960332027231,66.73699326278387,282.3388271994309,1.0
Llama2-7B,8,8,1,32,32,256,0.059949,0.0032527518208821,0.001234,0.0644357518208821,0.0623185,2.274262558268229,3517.6237549686075,66.9720189510845,279.28747331517,1.0
Llama2-7B,8,8,1,32,32,384,0.060805,0.0032527518208821,0.001674,0.0657317518208821,0.0623185,2.315734558268229,3454.627375765651,66.91977138899817,275.1409069525457,1.0
Llama2-7B,8,8,1,32,32,512,0.061661,0.0032527518208821,0.002114,0.0670277518208821,0.0623185,2.357206558268229,3393.847676156716,67.44207806528568,273.43895681746045,1.0
Llama2-7B,8,8,1,32,32,640,0.064325,0.0032527518208821,0.002554,0.0701317518208821,0.0623185,2.456534558268229,3256.620173762066,68.83640159154928,267.5336245299234,1.0
Llama2-7B,8,8,1,32,32,768,0.065181,0.0032527518208821,0.002994,0.0714277518208821,0.0623185,2.498006558268229,3202.5536416309847,69.07142727984989,264.9216308427682,1.0
Llama2-7B,8,8,1,32,32,896,0.066037,0.0032527518208821,0.003434,0.0727237518208821,0.0623185,2.5394785582682293,3150.2530210199984,69.02083807346294,261.29608429162033,1.0
Llama2-7B,8,8,1,32,32,1024,0.066893,0.0032527518208821,0.003874,0.0740197518208821,0.0623185,2.580950558268229,3099.63318528963,69.5414863940511,259.8982195224132,1.0
Llama2-7B,8,8,1,32,32,1152,0.070319,0.0032527518208821,0.004314,0.0778857518208821,0.0623185,2.7046625582682293,2957.8551215358734,71.54588860712295,254.36186737269784,1.0
Llama2-7B,8,8,1,32,32,1280,0.071175,0.0032527518208821,0.004754,0.0791817518208821,0.0623185,2.746134558268229,2913.185727157146,71.78091429542359,252.1282553404412,1.0
Llama2-7B,8,8,1,32,32,1408,0.072031,0.0032527518208821,0.005194,0.0804777518208821,0.0623185,2.787606558268229,2869.845450847954,71.73032508903664,248.95643920338685,1.0
Llama2-7B,8,8,1,32,32,1536,0.072887,0.0032527518208821,0.005634,0.0817737518208821,0.0623185,2.829078558268229,2827.775841225512,72.25097340962485,247.81844982515693,1.0
Llama2-7B,8,8,1,32,32,1664,0.075551,0.0032527518208821,0.006074,0.0848777518208821,0.0623185,2.928406558268229,2731.8611131409834,73.6452969358884,243.6939846457637,1.0
Llama2-7B,8,8,1,32,32,1792,0.076407,0.0032527518208821,0.006514,0.0861737518208821,0.0623185,2.969878558268229,2693.7128380983,73.88032262418902,241.7328341126762,1.0
Llama2-7B,8,8,1,32,32,1920,0.077263,0.0032527518208821,0.006954,0.0874697518208821,0.0623185,3.011350558268229,2656.615311038596,73.82973341780203,238.8909743920183,1.0
Llama2-7B,8,8,1,32,32,2048,0.078119,0.0032527518208821,0.007394,0.0887657518208821,0.0623185,3.052822558268229,2620.5257093416367,74.35038173839023,237.9394953160892,1.0
Llama2-7B,8,8,1,32,32,2176,0.081509,0.0032527518208821,0.007834,0.0925957518208821,0.0623185,3.1753825582682293,2519.3814770976733,76.29309434477041,234.002056045254,1.0
Llama2-7B,8,8,1,32,32,2304,0.082365,0.0032527518208821,0.008274,0.0938917518208821,0.0623185,3.216854558268229,2486.901367498176,76.528120033071,232.28349430301407,1.0
Llama2-7B,8,8,1,32,32,2432,0.083221,0.0032527518208821,0.008714,0.0951877518208821,0.0623185,3.2583265582682293,2455.2480719587315,76.47753082668406,229.74228508034048,1.0
Llama2-7B,8,8,1,32,32,2560,0.084077,0.0032527518208821,0.0091539999999999,0.0964837518208821,0.0623185,3.299798558268229,2424.390416183008,76.99817914727225,228.95137536803244,1.0
Llama2-7B,8,8,1,32,32,2688,0.086741,0.0032527518208821,0.009594,0.0995877518208821,0.0623185,3.3991265582682293,2353.5457897383503,78.39250267353576,225.9384335940783,1.0
Llama2-7B,8,8,1,32,32,2816,0.087597,0.0032527518208821,0.010034,0.1008837518208821,0.0623185,3.440598558268229,2325.1768157534407,78.62752836183645,224.4013161462049,1.0
Llama2-7B,8,8,1,32,32,2944,0.088453,0.0032527518208821,0.0104739999999999,0.1021797518208821,0.0623185,3.482070558268229,2297.483599522094,78.57693915544947,222.08669902504568,1.0
Llama2-7B,8,8,1,32,32,3072,0.089309,0.0032527518208821,0.010914,0.1034757518208821,0.0623185,3.5235425582682294,2270.4422800932152,79.09758747603765,221.4154997705652,1.0
Llama2-7B,8,8,1,32,32,3200,0.092699,0.0032527518208821,0.011354,0.1073057518208821,0.0623185,3.646102558268229,2194.12369020133,81.04030008241786,218.5576437782981,1.0
Llama2-7B,8,8,1,32,32,3328,0.093555,0.0032527518208821,0.0117939999999999,0.1086017518208821,0.0623185,3.687574558268229,2169.447660946274,81.27532577071842,217.1859488288131,1.0
Llama2-7B,8,8,1,32,32,3456,0.094411,0.0032527518208821,0.012234,0.1098977518208821,0.0623185,3.729046558268229,2145.3204927844085,81.2247365643315,215.08282023368963,1.0
Llama2-7B,8,8,1,32,32,3584,0.095267,0.0032527518208821,0.012674,0.1111937518208821,0.0623185,3.7705185582682295,2121.7240749172547,81.74538488491967,214.5165295561939,1.0
Llama2-7B,8,8,1,32,32,3712,0.097931,0.0032527518208821,0.0131139999999999,0.1142977518208821,0.0623185,3.869846558268229,2067.265427593602,83.13970841118321,212.2405275428189,1.0
Llama2-7B,8,8,1,32,32,3840,0.098787,0.0032527518208821,0.013554,0.1155937518208821,0.0623185,3.911318558268229,2045.3460593457955,83.37473409948383,210.99621938990924,1.0
Llama2-7B,8,8,1,32,32,3968,0.099643,0.0032527518208821,0.013994,0.1168897518208821,0.0623185,3.952790558268229,2023.8866395959285,83.32414489309686,209.0566946325806,1.0
Llama2-7B,8,8,1,32,32,4096,0.100499,0.0032527518208821,0.0144339999999999,0.1181857518208821,0.0623185,3.994262558268229,2002.872841556144,83.84479321368512,208.5712126829249,1.0
Llama2-7B,8,32,1,32,8,128,0.210403,0.00032238887363,0.003176,0.2139013888736301,0.237748,7.232592443956164,4424.416313785308,61.46409287274544,292.12555368861405,1.0
Llama2-7B,8,32,1,32,8,256,0.215587,0.00032238887363,0.004936,0.2208453888736301,0.237748,7.454800443956163,4292.536096783569,61.982316739183325,287.50489008698725,1.0
Llama2-7B,8,32,1,32,8,384,0.220771,0.00032238887363,0.006696,0.2277893888736301,0.237748,7.677008443956163,4168.290322149179,62.50054060562121,283.10122527696655,1.0
Llama2-7B,8,32,1,32,8,512,0.225955,0.00032238887363,0.008456,0.23473338887363,0.237748,7.899216443956162,4051.034710472302,63.01876447205906,278.89962369524494,1.0
Llama2-7B,8,32,1,32,8,640,0.231139,0.00032238887363,0.010216,0.2416773888736301,0.237748,8.121424443956164,3940.195494130823,63.53698833849694,274.88648968152046,1.0
Llama2-7B,8,32,1,32,8,768,0.236323,0.00032238887363,0.011976,0.2486213888736301,0.237748,8.343632443956164,3835.2600279246094,64.05521220493479,271.0494205174055,1.0
Llama2-7B,8,32,1,32,8,896,0.241507,0.00032238887363,0.013736,0.2555653888736301,0.237748,8.565840443956164,3735.768861137073,64.57343607137268,267.3770783926457,1.0
Llama2-7B,8,32,1,32,8,1024,0.246691,0.00032238887363,0.015496,0.26250938887363,0.237748,8.788048443956162,3641.309012356148,65.09165993781056,263.8590785144595,1.0
Llama2-7B,8,32,1,32,8,1152,0.2545255,0.00032238887363,0.017256,0.2721038888736301,0.237748,9.095072443956164,3518.388687631022,66.10993589489179,259.73796690269467,1.0
Llama2-7B,8,32,1,32,8,1280,0.2597095,0.00032238887363,0.019016,0.2790478888736301,0.237748,9.317280443956165,3434.4785683420564,66.62815976132968,256.54879687238883,1.0
Llama2-7B,8,32,1,32,8,1408,0.2648935,0.00032238887363,0.020776,0.2859918888736301,0.237748,9.539488443956165,3354.4775684773654,67.14638362776756,253.4844517806875,1.0
Llama2-7B,8,32,1,32,8,1536,0.2700775,0.00032238887363,0.022536,0.2929358888736301,0.237748,9.761696443956165,3278.118735172554,67.66460749420541,250.53774377430705,1.0
Llama2-7B,8,32,1,32,8,1664,0.2752615,0.00032238887363,0.024296,0.2998798888736301,0.237748,9.983904443956163,3205.1588814405627,68.18283136064326,247.7020264753453,1.0
Llama2-7B,8,32,1,32,8,1792,0.2804455,0.00032238887363,0.026056,0.3068238888736301,0.237748,10.206112443956163,3135.375999012209,68.70105522708116,244.97114493575805,1.0
Llama2-7B,8,32,1,32,8,1920,0.2856295,0.00032238887363,0.027816,0.3137678888736301,0.237748,10.428320443956164,3068.5670019419013,69.21927909351902,242.33939104160825,1.0
Llama2-7B,8,32,1,32,8,2048,0.2908135,0.00032238887363,0.029576,0.3207118888736301,0.237748,10.650528443956164,3004.545752671924,69.73750295995691,239.80146368706025,1.0
Llama2-7B,8,32,1,32,8,2176,0.2986195,0.00032238887363,0.031336,0.3302778888736301,0.237748,10.956640443956164,2920.603278320742,70.73072505951804,236.8590298340129,1.0
Llama2-7B,8,32,1,32,8,2304,0.3038035,0.00032238887363,0.033096,0.3372218888736301,0.237748,11.178848443956165,2862.548871686401,71.24894892595589,234.52313395321605,1.0
Llama2-7B,8,32,1,32,8,2432,0.3089875,0.00032238887363,0.034856,0.3441658888736301,0.237748,11.401056443956165,2806.7574401812194,71.7671727923938,232.26561848745905,1.0
Llama2-7B,8,32,1,32,8,2560,0.3141715,0.00032238887363,0.0366159999999999,0.3511098888736301,0.237748,11.623264443956163,2753.0991963827582,72.28539665883166,230.082603478774,1.0
Llama2-7B,8,32,1,32,8,2688,0.3193555,0.00032238887363,0.038376,0.3580538888736301,0.237748,11.845472443956163,2701.454091544246,72.80362052526954,227.9704608978693,1.0
Llama2-7B,8,32,1,32,8,2816,0.3245395,0.00032238887363,0.040136,0.3649978888736301,0.237748,12.067680443956164,2651.710918980002,73.32184439170739,225.9257945233396,1.0
Llama2-7B,8,32,1,32,8,2944,0.3297235,0.00032238887363,0.0418959999999999,0.3719418888736301,0.237748,12.289888443956164,2603.7665147185885,73.84006825814524,223.94542171894096,1.0
Llama2-7B,8,32,1,32,8,3072,0.3349075,0.00032238887363,0.043656,0.3788858888736301,0.237748,12.512096443956166,2557.525043331748,74.35829212458313,222.0263569032736,1.0
Llama2-7B,8,32,1,32,8,3200,0.3427135,0.00032238887363,0.045416,0.3884518888736301,0.237748,12.818208443956165,2496.4487151157327,75.35151422414422,219.8673650852513,1.0
Llama2-7B,8,32,1,32,8,3328,0.3478975,0.00032238887363,0.0471759999999999,0.3953958888736301,0.237748,13.040416443956165,2453.9093622911887,75.8697380905821,218.08072231212392,1.0
Llama2-7B,8,32,1,32,8,3456,0.3530815,0.00032238887363,0.048936,0.4023398888736301,0.237748,13.262624443956163,2412.7954565268974,76.38796195702,216.34654309846303,1.0
Llama2-7B,8,32,1,32,8,3584,0.3582655,0.00032238887363,0.050696,0.4092838888736301,0.237748,13.484832443956163,2373.036530709156,76.90618582345788,214.66255004586773,1.0
Llama2-7B,8,32,1,32,8,3712,0.3634495,0.00032238887363,0.0524559999999999,0.4162278888736301,0.237748,13.707040443956164,2334.566687158914,77.42440968989577,213.02659568907296,1.0
Llama2-7B,8,32,1,32,8,3840,0.3686335,0.00032238887363,0.054216,0.4231718888736301,0.237748,13.929248443956164,2297.324233159518,77.94263355633363,211.4366533598645,1.0
Llama2-7B,8,32,1,32,8,3968,0.3738175,0.00032238887363,0.055976,0.4301158888736301,0.237748,14.151456443956166,2261.251350822384,78.46085742277144,209.8908088111751,1.0
Llama2-7B,8,32,1,32,8,4096,0.3790015,0.00032238887363,0.0577359999999999,0.4370598888736301,0.237748,14.373664443956164,2226.293797574728,78.97908128920932,208.3872525285766,1.0
Llama2-7B,20,1,20,32,32,128,0.0180735,0.0083673980058942,0.000794,0.0272348980058942,0.0094145,1.030931236188616,969.9967998806889,207.112574342624,358.10816655362805,1.0
Llama2-7B,20,1,20,32,32,256,0.0189295,0.0083673980058942,0.001234,0.0285308980058942,0.0094145,1.072403236188616,932.4850636912088,207.35992502675185,342.32270567558555,1.0
Llama2-7B,20,1,20,32,32,384,0.0197855,0.0083673980058942,0.001674,0.0298268980058942,0.0094145,1.113875236188616,897.7666147078854,207.60727829007985,327.90313343433286,1.0
Llama2-7B,20,1,20,32,32,512,0.0206415,0.0083673980058942,0.002114,0.0311228980058942,0.0094145,1.155347236188616,865.5406519159623,207.85463413260783,314.6795202211076,1.0
Llama2-7B,20,1,20,32,32,640,0.0214975,0.0083673980058942,0.002554,0.0324188980058942,0.0094145,1.196819236188616,835.5480675466033,208.10201512233573,302.5090346585877,1.0
Llama2-7B,20,1,20,32,32,768,0.0223535,0.0083673980058942,0.002994,0.0337148980058942,0.0094145,1.238291236188616,807.5644652690414,208.3493658064637,291.2706145101211,1.0
Llama2-7B,20,1,20,32,32,896,0.0232095,0.0083673980058942,0.003434,0.0350108980058942,0.0094145,1.279763236188616,781.3945358972763,208.5967190697917,280.86117628259944,1.0
Llama2-7B,20,1,20,32,32,1024,0.0240655,0.0083673980058942,0.003874,0.0363068980058942,0.0094145,1.3212352361886162,756.8674923359692,208.8440749123197,271.1922603315946,1.0
Llama2-7B,20,1,20,32,32,1152,0.0256835,0.0083673980058942,0.004314,0.0383648980058942,0.0094145,1.387091236188616,720.9331108945313,209.701534588856,255.1510875037182,1.0
Llama2-7B,20,1,20,32,32,1280,0.0265395,0.0083673980058942,0.004754,0.0396608980058942,0.0094145,1.428563236188616,700.0040142905988,209.9488852729839,247.2127457103844,1.0
Llama2-7B,20,1,20,32,32,1408,0.0273955,0.0083673980058942,0.005194,0.0409568980058942,0.0094145,1.470035236188616,680.2558029783804,210.19623853631188,239.7704898344525,1.0
Llama2-7B,20,1,20,32,32,1536,0.0282515,0.0083673980058942,0.005634,0.0422528980058942,0.0094145,1.5115072361886162,661.5912752899405,210.44359437883983,232.7792267433143,1.0
Llama2-7B,20,1,20,32,32,1664,0.0291075,0.0083673980058942,0.006074,0.0435488980058942,0.0094145,1.552979236188616,643.9236125617751,210.6909753685678,226.19919197003324,1.0
Llama2-7B,20,1,20,32,32,1792,0.0299635,0.0083673980058942,0.006514,0.0448448980058942,0.0094145,1.594451236188616,627.1750288145562,210.9383260526958,219.99508365667367,1.0
Llama2-7B,20,1,20,32,32,1920,0.0308195,0.0083673980058942,0.006954,0.0461408980058942,0.0094145,1.6359232361886162,611.2756258232544,211.1856793160237,214.13561150004847,1.0
Llama2-7B,20,1,20,32,32,2048,0.0316755,0.0083673980058942,0.007394,0.0474368980058942,0.0094145,1.677395236188616,596.1624180310681,211.4330351585517,208.59283511561745,1.0
Llama2-7B,20,1,20,32,32,2176,0.0332575,0.0083673980058942,0.007834,0.0494588980058942,0.0094145,1.742099236188616,574.0201127622391,212.22880522839623,199.41818126399707,1.0
Llama2-7B,20,1,20,32,32,2304,0.0341135,0.0083673980058942,0.008274,0.0507548980058942,0.0094145,1.783571236188616,560.6728678451552,212.47615591252423,194.64082759805893,1.0
Llama2-7B,20,1,20,32,32,2432,0.0349695,0.0083673980058942,0.008714,0.0520508980058942,0.0094145,1.825043236188616,547.9322243830125,212.72350917585217,190.09736089293185,1.0
Llama2-7B,20,1,20,32,32,2560,0.0358255,0.0083673980058942,0.0091539999999999,0.0533468980058942,0.0094145,1.866515236188616,535.7577482421084,212.97086501838007,185.7710159474224,1.0
Llama2-7B,20,1,20,32,32,2688,0.0366815,0.0083673980058942,0.009594,0.0546428980058942,0.0094145,1.907987236188616,524.1125207931653,213.2182460081082,181.64661171853325,1.0
Llama2-7B,20,1,20,32,32,2816,0.0375375,0.0083673980058942,0.010034,0.0559388980058942,0.0094145,1.9494592361886165,512.9627649743002,213.46559669223603,177.71028695657344,1.0
Llama2-7B,20,1,20,32,32,2944,0.0383935,0.0083673980058942,0.0104739999999999,0.0572348980058942,0.0094145,1.990931236188616,502.27751808966167,213.71294995556408,173.94948848402407,1.0
Llama2-7B,20,1,20,32,32,3072,0.0392495,0.0083673980058942,0.010914,0.0585308980058942,0.0094145,2.032403236188616,492.0283446681127,213.9603057980921,170.3527320396534,1.0
Llama2-7B,20,1,20,32,32,3200,0.0408315,0.0083673980058942,0.011354,0.0605528980058942,0.0094145,2.097107236188616,476.8473365327032,214.75607586793663,164.3615191916295,1.0
Llama2-7B,20,1,20,32,32,3328,0.0416875,0.0083673980058942,0.0117939999999999,0.0618488980058942,0.0094145,2.138579236188616,467.60016326643273,215.00342655206447,161.17198392208738,1.0
Llama2-7B,20,1,20,32,32,3456,0.0425435,0.0083673980058942,0.012234,0.0631448980058942,0.0094145,2.180051236188616,458.70481546493386,215.2507798153925,158.11080116189353,1.0
Llama2-7B,20,1,20,32,32,3584,0.0433995,0.0083673980058942,0.012674,0.0644408980058942,0.0094145,2.221523236188616,450.1415892078007,215.49813565792056,155.17037614050895,1.0
Llama2-7B,20,1,20,32,32,3712,0.0442555,0.0083673980058942,0.0131139999999999,0.0657368980058942,0.0094145,2.2629952361886163,441.8922249629746,215.7455166476485,152.34371762242012,1.0
Llama2-7B,20,1,20,32,32,3840,0.0451115,0.0083673980058942,0.013554,0.0670328980058942,0.0094145,2.304467236188616,433.93977761814966,215.9928673317765,149.62431096545262,1.0
Llama2-7B,20,1,20,32,32,3968,0.0459675,0.0083673980058942,0.013994,0.0683288980058942,0.0094145,2.345939236188616,426.2685002978478,216.2402205951045,147.0061868406377,1.0
Llama2-7B,20,1,20,32,32,4096,0.0468235,0.0083673980058942,0.0144339999999999,0.0696248980058942,0.0094145,2.387411236188616,418.8637402898592,216.4875764376324,144.4837904828988,1.0
Llama2-7B,20,2,10,32,32,128,0.0190315,0.0078054113551548,0.000794,0.0276309113551548,0.0108005,1.0449896633649554,1913.8945294059947,117.65005530305088,386.3662063652723,1.0
Llama2-7B,20,2,10,32,32,256,0.0198875,0.0078054113551548,0.001234,0.0289269113551548,0.0108005,1.0864616633649553,1840.8380778072392,117.89091914726968,370.49314628306,1.0
Llama2-7B,20,2,10,32,32,384,0.0207435,0.0078054113551548,0.001674,0.0302229113551548,0.0108005,1.1279336633649553,1773.1539229296664,118.13178557068858,355.9301274215072,1.0
Llama2-7B,20,2,10,32,32,512,0.0215995,0.0078054113551548,0.002114,0.0315189113551548,0.0108005,1.1694056633649552,1710.2704926577971,118.3726545733074,342.5213968300985,1.0
Llama2-7B,20,2,10,32,32,640,0.0224555,0.0078054113551548,0.002554,0.0328149113551548,0.0108005,1.2108776633649552,1651.6945191986797,118.6135487231262,330.1350134797884,1.0
Llama2-7B,20,2,10,32,32,768,0.0233115,0.0078054113551548,0.002994,0.0341109113551548,0.0108005,1.2523496633649551,1596.9980737058472,118.85441256734504,318.6582066987997,1.0
Llama2-7B,20,2,10,32,32,896,0.0241675,0.0078054113551548,0.003434,0.0354069113551548,0.0108005,1.2938216633649553,1545.808094446668,119.0952789907639,307.99441137572114,1.0
Llama2-7B,20,2,10,32,32,1024,0.0250235,0.0078054113551548,0.003874,0.0367029113551548,0.0108005,1.3352936633649553,1497.7978663959036,119.33614799338272,298.0601934016591,1.0
Llama2-7B,20,2,10,32,32,1152,0.0266415,0.0078054113551548,0.004314,0.0387609113551548,0.0108005,1.4011496633649552,1427.3992652554086,120.18712083000987,281.9546591549131,1.0
Llama2-7B,20,2,10,32,32,1280,0.0274975,0.0078054113551548,0.004754,0.0400569113551548,0.0108005,1.4426216633649551,1386.3648736113837,120.42798467422868,273.7248492459058,1.0
Llama2-7B,20,2,10,32,32,1408,0.0283535,0.0078054113551548,0.005194,0.0413529113551548,0.0108005,1.4840936633649553,1347.623838959939,120.66885109764752,265.9919654929011,1.0
Llama2-7B,20,2,10,32,32,1536,0.0292095,0.0078054113551548,0.005634,0.0426489113551548,0.0108005,1.5255656633649552,1310.9891288380077,120.9097201002664,258.7123198365822,1.0
Llama2-7B,20,2,10,32,32,1664,0.0300655,0.0078054113551548,0.006074,0.0439449113551548,0.0108005,1.5670376633649554,1276.293510205319,121.1506142500852,251.8472465327477,1.0
Llama2-7B,20,2,10,32,32,1792,0.0309215,0.0078054113551548,0.006514,0.0452409113551548,0.0108005,1.6085096633649552,1243.386997014403,121.39147809430403,245.3622036736252,1.0
Llama2-7B,20,2,10,32,32,1920,0.0317775,0.0078054113551548,0.006954,0.0465369113551548,0.0108005,1.649981663364955,1212.1346827098798,121.6323445177229,239.2265449565787,1.0
Llama2-7B,20,2,10,32,32,2048,0.0326335,0.0078054113551548,0.007394,0.0478329113551548,0.0108005,1.6914536633649553,1182.414891591666,121.87321352034168,233.41277659525807,1.0
Llama2-7B,20,2,10,32,32,2176,0.0342155,0.0078054113551548,0.007834,0.0498549113551548,0.0108005,1.7561576633649554,1138.849911782875,122.6624967502772,224.06237076448755,1.0
Llama2-7B,20,2,10,32,32,2304,0.0350715,0.0078054113551548,0.008274,0.0511509113551548,0.0108005,1.797629663364955,1112.5762111959316,122.903360594496,219.0228543733801,1.0
Llama2-7B,20,2,10,32,32,2432,0.0359275,0.0078054113551548,0.008714,0.0524469113551548,0.0108005,1.8391016633649555,1087.4874618625777,123.14422701791489,214.2234830873197,1.0
Llama2-7B,20,2,10,32,32,2560,0.0367835,0.0078054113551548,0.0091539999999999,0.0537429113551548,0.0108005,1.8805736633649552,1063.505269142902,123.38509602053368,209.6474914372845,1.0
Llama2-7B,20,2,10,32,32,2688,0.0376395,0.0078054113551548,0.009594,0.0550389113551548,0.0108005,1.9220456633649552,1040.5580044849553,123.62599017035257,205.2796765538073,1.0
Llama2-7B,20,2,10,32,32,2816,0.0384955,0.0078054113551548,0.010034,0.0563349113551548,0.0108005,1.963517663364956,1018.580090882668,123.86685401457136,201.106061121708,1.0
Llama2-7B,20,2,10,32,32,2944,0.0393515,0.0078054113551548,0.0104739999999999,0.0576309113551548,0.0108005,2.004989663364955,997.511377012996,124.10772043799018,197.11402430337824,1.0
Llama2-7B,20,2,10,32,32,3072,0.0402075,0.0078054113551548,0.010914,0.0589269113551548,0.0108005,2.046461663364956,977.2965874725652,124.34858944060905,193.2919689122194,1.0
Llama2-7B,20,2,10,32,32,3200,0.0417895,0.0078054113551548,0.011354,0.0609489113551548,0.0108005,2.111165663364956,947.3439411723994,125.1378726705445,187.15507584223383,1.0
Llama2-7B,20,2,10,32,32,3328,0.0426455,0.0078054113551548,0.0117939999999999,0.0622449113551548,0.0108005,2.152637663364956,929.0927284407188,125.37873651476332,183.75141649582503,1.0
Llama2-7B,20,2,10,32,32,3456,0.0435015,0.0078054113551548,0.012234,0.0635409113551548,0.0108005,2.1941096633649555,911.5314669061424,125.61960293818215,180.4817117487072,1.0
Llama2-7B,20,2,10,32,32,3584,0.0443575,0.0078054113551548,0.012674,0.0648369113551548,0.0108005,2.235581663364956,894.621758969716,125.86047194080103,177.3382065332821,1.0
Llama2-7B,20,2,10,32,32,3712,0.0452135,0.0078054113551548,0.0131139999999999,0.0661329113551548,0.0108005,2.2770536633649554,878.3280043758238,126.10136609061982,174.31376426650746,1.0
Llama2-7B,20,2,10,32,32,3840,0.0460695,0.0078054113551548,0.013554,0.0674289113551548,0.0108005,2.318525663364956,862.6171500285797,126.34222993483868,171.40167292736885,1.0
Llama2-7B,20,2,10,32,32,3968,0.0469255,0.0078054113551548,0.013994,0.0687249113551548,0.0108005,2.359997663364956,847.4584661869284,126.58309635825748,168.59582790574615,1.0
Llama2-7B,20,2,10,32,32,4096,0.0477815,0.0078054113551548,0.0144339999999999,0.0700209113551548,0.0108005,2.4014696633649555,832.8233458496355,126.82396536087631,165.89051903047778,1.0
Llama2-7B,20,4,5,32,32,128,0.02405,0.0072859994506835,0.000794,0.0321299994506835,0.0172205,1.195380482421875,3346.2149155186853,93.15767410955203,484.1874953718922,1.0
Llama2-7B,20,4,5,32,32,256,0.024906,0.0072859994506835,0.001234,0.0334259994506835,0.0172205,1.236852482421875,3234.0154196623507,93.39529453381633,468.738931049829,1.0
Llama2-7B,20,4,5,32,32,384,0.025762,0.0072859994506835,0.001674,0.0347219994506836,0.0172205,1.2783244824218751,3129.095980718229,93.6329175372806,454.31700536294056,1.0
Llama2-7B,20,4,5,32,32,512,0.026618,0.0072859994506835,0.002114,0.0360179994506835,0.0172205,1.3197964824218749,3030.770314419882,93.87054311994486,440.8226722516008,1.0
Llama2-7B,20,4,5,32,32,640,0.027474,0.0072859994506835,0.002554,0.0373139994506835,0.0172205,1.361268482421875,2938.4357690288075,94.10819384980914,428.1693321404288,1.0
Llama2-7B,20,4,5,32,32,768,0.02833,0.0072859994506835,0.002994,0.0386099994506835,0.0172205,1.402740482421875,2851.5609623626715,94.34581427407342,416.2805077394696,1.0
Llama2-7B,20,4,5,32,32,896,0.029186,0.0072859994506835,0.003434,0.0399059994506835,0.0172205,1.444212482421875,2769.675548913822,94.58343727753768,405.0890721473381,1.0
Llama2-7B,20,4,5,32,32,1024,0.030042,0.0072859994506835,0.003874,0.0412019994506836,0.0172205,1.4856844824218751,2692.361700836665,94.82106286020196,394.5354123402319,1.0
Llama2-7B,20,4,5,32,32,1152,0.03166,0.0072859994506835,0.004314,0.0432599994506835,0.0172205,1.551540482421875,2578.0829087721936,95.66879227687453,377.7194894064851,1.0
Llama2-7B,20,4,5,32,32,1280,0.032516,0.0072859994506835,0.004754,0.0445559994506836,0.0172205,1.5930124824218752,2510.9658864183875,95.90641270113882,368.6893094981654,1.0
Llama2-7B,20,4,5,32,32,1408,0.033372,0.0072859994506835,0.005194,0.0458519994506835,0.0172205,1.634484482421875,2447.254802978034,96.1440357046031,360.1223919176371,1.0
Llama2-7B,20,4,5,32,32,1536,0.034228,0.0072859994506835,0.005634,0.0471479994506836,0.0172205,1.6759564824218751,2386.696815790657,96.38166128726736,351.9839798091744,1.0
Llama2-7B,20,4,5,32,32,1664,0.035084,0.0072859994506835,0.006074,0.0484439994506835,0.0172205,1.717428482421875,2329.0635045013923,96.6193120171316,344.242788796644,1.0
Llama2-7B,20,4,5,32,32,1792,0.03594,0.0072859994506835,0.006514,0.0497399994506835,0.0172205,1.758900482421875,2274.147991870636,96.85693244139588,336.8702436053002,1.0
Llama2-7B,20,4,5,32,32,1920,0.036796,0.0072859994506835,0.006954,0.0510359994506836,0.0172205,1.8003724824218752,2221.762462520627,97.09455544486018,329.8407280847788,1.0
Llama2-7B,20,4,5,32,32,2048,0.037652,0.0072859994506835,0.007394,0.0523319994506835,0.0172205,1.841844482421875,2171.7360168977607,97.3321810275244,323.130846394363,1.0
Llama2-7B,20,4,5,32,32,2176,0.039234,0.0072859994506835,0.007834,0.0543539994506835,0.0172205,1.906548482421875,2098.032143886962,98.1182208375053,312.6058419913382,1.0
Llama2-7B,20,4,5,32,32,2304,0.04009,0.0072859994506835,0.008274,0.0556499994506835,0.0172205,1.948020482421875,2053.366500041623,98.3558412617696,306.6719919611176,1.0
Llama2-7B,20,4,5,32,32,2432,0.040946,0.0072859994506835,0.008714,0.0569459994506836,0.0172205,1.9894924824218752,2010.563013101044,98.59346426523388,300.9862509928744,1.0
Llama2-7B,20,4,5,32,32,2560,0.041802,0.0072859994506835,0.0091539999999999,0.0582419994506835,0.0172205,2.030964482421875,1969.507608143939,98.83108984789811,295.5333771347608,1.0
Llama2-7B,20,4,5,32,32,2688,0.044466,0.0072859994506835,0.009594,0.0613459994506835,0.0172205,2.130292482421875,1877.67643786289,100.22800811012532,281.7546218181458,1.0
Llama2-7B,20,4,5,32,32,2816,0.045322,0.0072859994506835,0.010034,0.0626419994506835,0.0172205,2.171764482421875,1841.8203411906527,100.4656285343896,277.08846844355287,1.0
Llama2-7B,20,4,5,32,32,2944,0.046178,0.0072859994506835,0.0104739999999999,0.0639379994506836,0.0172205,2.213236482421875,1807.3079997411417,100.7032515378539,272.5953147003277,1.0
Llama2-7B,20,4,5,32,32,3072,0.047034,0.0072859994506835,0.010914,0.0652339994506835,0.0172205,2.254708482421875,1774.0652643943736,100.94087712051814,268.2657150160474,1.0
Llama2-7B,20,4,5,32,32,3200,0.048616,0.0072859994506835,0.011354,0.0672559994506836,0.0172205,2.319412482421875,1724.5746629005357,101.72691693049904,261.55719549762176,1.0
Llama2-7B,20,4,5,32,32,3328,0.049472,0.0072859994506835,0.0117939999999999,0.0685519994506836,0.0172205,2.360884482421876,1694.280270713061,101.96453735476334,257.63193663780345,1.0
Llama2-7B,20,4,5,32,32,3456,0.050328,0.0072859994506835,0.012234,0.0698479994506836,0.0172205,2.402356482421875,1665.0318257378276,102.20216035822756,253.84020912371736,1.0
Llama2-7B,20,4,5,32,32,3584,0.051184,0.0072859994506835,0.012674,0.0711439994506836,0.0172205,2.4438284824218752,1636.776078506104,102.43978594089188,250.1753134302025,1.0
Llama2-7B,20,4,5,32,32,3712,0.05204,0.0072859994506835,0.0131139999999999,0.0724399994506835,0.0172205,2.485300482421875,1609.4633338267738,102.67743667075614,246.6310450392874,1.0
Llama2-7B,20,4,5,32,32,3840,0.052896,0.0072859994506835,0.013554,0.0737359994506836,0.0172205,2.526772482421875,1583.047159103956,102.9150570950204,243.2014166832568,1.0
Llama2-7B,20,4,5,32,32,3968,0.053752,0.0072859994506835,0.013994,0.0750319994506835,0.0172205,2.568244482421875,1557.484120915143,103.15268009848468,239.88102791171647,1.0
Llama2-7B,20,4,5,32,32,4096,0.054608,0.0072859994506835,0.0144339999999999,0.0763279994506836,0.0172205,2.609716482421875,1532.7335467061582,103.39030568114894,236.66474161558048,1.0
Llama2-7B,20,5,4,32,32,128,0.025008,0.007115700465611,0.000794,0.032917700465611,0.0186065,1.2219729148995535,4091.743719549628,80.16364705617724,500.8625180953172,1.0
Llama2-7B,20,5,4,32,32,256,0.025864,0.007115700465611,0.001234,0.034213700465611,0.0186065,1.2634449148995537,3957.4341081562,80.40061879645057,485.71747165733854,1.0
Llama2-7B,20,5,4,32,32,384,0.02672,0.007115700465611,0.001674,0.035509700465611,0.0186065,1.3049169148995536,3831.661573936204,80.63759311592392,471.5428115405358,1.0
Llama2-7B,20,5,4,32,32,512,0.027576,0.007115700465611,0.002114,0.036805700465611,0.0186065,1.3463889148995534,3713.637229680417,80.87457001459732,458.2481710465923,1.0
Llama2-7B,20,5,4,32,32,640,0.028432,0.007115700465611,0.002554,0.038101700465611,0.0186065,1.3878609148995535,3602.666482153852,81.11157206047066,445.7541901536487,1.0
Llama2-7B,20,5,4,32,32,768,0.029288,0.007115700465611,0.002994,0.039397700465611,0.0186065,1.4293329148995535,3498.135352428636,81.34854380074401,433.9903704201808,1.0
Llama2-7B,20,5,4,32,32,896,0.030144,0.007115700465611,0.003434,0.040693700465611,0.0186065,1.4708049148995537,3399.499110554352,81.58551812021733,422.8946790831995,1.0
Llama2-7B,20,5,4,32,32,1024,0.031,0.007115700465611,0.003874,0.041989700465611,0.0186065,1.5122769148995536,3306.27278029441,81.82249501889072,412.4117692484412,1.0
Llama2-7B,20,5,4,32,32,1152,0.032618,0.007115700465611,0.004314,0.044047700465611,0.0186065,1.5781329148995535,3168.3009414439875,82.66957575157242,396.0120550365806,1.0
Llama2-7B,20,5,4,32,32,1280,0.033474,0.007115700465611,0.004754,0.045343700465611,0.0186065,1.6196049148995535,3087.172651800761,82.90654749184574,386.9913379219962,1.0
Llama2-7B,20,5,4,32,32,1408,0.03433,0.007115700465611,0.005194,0.046639700465611,0.0186065,1.6610769148995537,3010.095411687997,83.1435218113191,378.420485960344,1.0
Llama2-7B,20,5,4,32,32,1536,0.035186,0.007115700465611,0.005634,0.047935700465611,0.0186065,1.7025489148995536,2936.7731853360515,83.38049870999245,370.2666663853897,1.0
Llama2-7B,20,5,4,32,32,1664,0.036042,0.007115700465611,0.006074,0.049231700465611,0.0186065,1.7440209148995536,2866.9380953427235,83.61750075586582,362.500263390046,1.0
Llama2-7B,20,5,4,32,32,1792,0.036898,0.007115700465611,0.006514,0.050527700465611,0.0186065,1.7854929148995535,2800.3471524731785,83.85447249613917,355.09407901571217,1.0
Llama2-7B,20,5,4,32,32,1920,0.037754,0.007115700465611,0.006954,0.051823700465611,0.0186065,1.8269649148995537,2736.779430860006,84.09144681561254,348.02374754832493,1.0
Llama2-7B,20,5,4,32,32,2048,0.03861,0.007115700465611,0.007394,0.053119700465611,0.0186065,1.8684369148995528,2676.0336194004167,84.32842371428589,341.26693098568177,1.0
Llama2-7B,20,5,4,32,32,2176,0.042,0.007115700465611,0.007834,0.056949700465611,0.0186065,1.9909969148995537,2511.3047451669463,86.2730823726388,320.9564076363051,1.0
Llama2-7B,20,5,4,32,32,2304,0.042856,0.007115700465611,0.008274,0.058245700465611,0.0186065,2.0324689148995536,2460.062224492671,86.51005411291219,315.4096498773224,1.0
Llama2-7B,20,5,4,32,32,2432,0.043712,0.007115700465611,0.008714,0.059541700465611,0.0186065,2.073940914899554,2410.869067715057,86.74702843238555,310.0801425823627,1.0
Llama2-7B,20,5,4,32,32,2560,0.044568,0.007115700465611,0.0091539999999999,0.060837700465611,0.0186065,2.115412914899554,2363.604743444338,86.98400533105891,304.9553678194657,1.0
Llama2-7B,20,5,4,32,32,2688,0.045424,0.007115700465611,0.009594,0.062133700465611,0.0186065,2.1568849148995537,2318.157990470646,87.22100737693222,300.02382887120604,1.0
Llama2-7B,20,5,4,32,32,2816,0.04628,0.007115700465611,0.010034,0.063429700465611,0.0186065,2.198356914899554,2274.4259433543607,87.45797911720558,295.2746161854663,1.0
Llama2-7B,20,5,4,32,32,2944,0.047136,0.007115700465611,0.0104739999999999,0.064725700465611,0.0186065,2.2398289148995536,2232.3133551583014,87.69495343667894,290.69790551767414,1.0
Llama2-7B,20,5,4,32,32,3072,0.047992,0.007115700465611,0.010914,0.066021700465611,0.0186065,2.2813009148995538,2191.731904960092,87.93193033535232,286.2844664714703,1.0
Llama2-7B,20,5,4,32,32,3200,0.049574,0.007115700465611,0.011354,0.068043700465611,0.0186065,2.3460049148995537,2131.282832463324,88.71732146134228,279.6240262705196,1.0
Llama2-7B,20,5,4,32,32,3328,0.05043,0.007115700465611,0.0117939999999999,0.069339700465611,0.0186065,2.387476914899554,2094.2610874251577,88.95429320161568,275.6119038816664,1.0
Llama2-7B,20,5,4,32,32,3456,0.051286,0.007115700465611,0.012234,0.070635700465611,0.0186065,2.4289489148995536,2058.5035647844284,89.19126752108902,271.7337197318988,1.0
Llama2-7B,20,5,4,32,32,3584,0.052142,0.007115700465611,0.012674,0.071931700465611,0.0186065,2.4704209148995537,2023.9465954340408,89.42824441976234,267.9828773462444,1.0
Llama2-7B,20,5,4,32,32,3712,0.052998,0.007115700465611,0.0131139999999999,0.073227700465611,0.0186065,2.511892914899554,1990.5307150404303,89.66524646563573,264.3532729585188,1.0
Llama2-7B,20,5,4,32,32,3840,0.053854,0.007115700465611,0.013554,0.074523700465611,0.0186065,2.5533649148995536,1958.2003225718693,89.90221820590907,260.8389645091042,1.0
Llama2-7B,20,5,4,32,32,3968,0.05471,0.007115700465611,0.013994,0.075819700465611,0.0186065,2.594836914899554,1926.903371572217,90.13919252538244,257.43463410877365,1.0
Llama2-7B,20,5,4,32,32,4096,0.055566,0.007115700465611,0.0144339999999999,0.077115700465611,0.0186065,2.636308914899553,1896.5910905742644,90.3761694240558,254.13519908772844,1.0
Llama2-7B,20,10,2,32,32,128,0.036003,0.0064004447283063,0.000794,0.0431974447283063,0.0332945,1.5656127313058037,6387.275601456991,70.3666987054977,610.7711397791305,1.0
Llama2-7B,20,10,2,32,32,256,0.036859,0.0064004447283063,0.001234,0.0444934447283063,0.0332945,1.6070847313058036,6222.447270639368,70.60237307778924,598.5849205569637,1.0
Llama2-7B,20,10,2,32,32,384,0.037715,0.0064004447283063,0.001674,0.0457894447283063,0.0332945,1.6485567313058036,6065.911964145214,70.83805002928077,586.9518927257125,1.0
Llama2-7B,20,10,2,32,32,512,0.038571,0.0064004447283063,0.002114,0.0470854447283063,0.0332945,1.6900287313058031,5917.059168735839,71.07372955997228,575.8352256226527,1.0
Llama2-7B,20,10,2,32,32,640,0.039427,0.0064004447283063,0.002554,0.0483814447283063,0.0332945,1.7315007313058033,5775.336861947812,71.30943423786383,565.201465983525,1.0
Llama2-7B,20,10,2,32,32,768,0.040283,0.0064004447283063,0.002994,0.0496774447283063,0.0332945,1.7729727313058037,5640.2446712392175,71.54510861015538,555.019398770537,1.0
Llama2-7B,20,10,2,32,32,896,0.041139,0.0064004447283063,0.003434,0.0509734447283063,0.0332945,1.814444731305804,5511.327971287001,71.7807855616469,545.2610780041969,1.0
Llama2-7B,20,10,2,32,32,1024,0.041995,0.0064004447283063,0.003874,0.0522694447283063,0.0332945,1.855916731305804,5388.172772689057,72.01646509233842,535.9005915312717,1.0
Llama2-7B,20,10,2,32,32,1152,0.045421,0.0064004447283063,0.004314,0.0561354447283063,0.0332945,1.979628731305804,5051.4522454944345,74.0215159894012,509.2737664667855,1.0
Llama2-7B,20,10,2,32,32,1280,0.046277,0.0064004447283063,0.004754,0.0574314447283063,0.0332945,2.021100731305804,4947.798912298224,74.25719036169274,501.4450372329448,1.0
Llama2-7B,20,10,2,32,32,1408,0.047133,0.0064004447283063,0.005194,0.0587274447283063,0.0332945,2.062572731305804,4848.313879176058,74.49286731318423,493.90068604523526,1.0
Llama2-7B,20,10,2,32,32,1536,0.047989,0.0064004447283063,0.005634,0.0600234447283063,0.0332945,2.1040447313058035,4752.75066694701,74.7285468438758,486.6254951907976,1.0
Llama2-7B,20,10,2,32,32,1664,0.048845,0.0064004447283063,0.006074,0.0613194447283063,0.0332945,2.145516731305804,4660.881853815143,74.9642515217673,479.6054580929939,1.0
Llama2-7B,20,10,2,32,32,1792,0.049701,0.0064004447283063,0.006514,0.0626154447283063,0.0332945,2.1869887313058034,4572.497268437784,75.19992589405882,472.82704255233074,1.0
Llama2-7B,20,10,2,32,32,1920,0.050557,0.0064004447283063,0.006954,0.0639114447283063,0.0332945,2.228460731305803,4487.402384757454,75.43560284555038,466.2781788720551,1.0
Llama2-7B,20,10,2,32,32,2048,0.051413,0.0064004447283063,0.007394,0.0652074447283063,0.0332945,2.269932731305804,4405.416892793732,75.6712823762419,459.94740129102746,1.0
Llama2-7B,20,10,2,32,32,2176,0.054803,0.0064004447283063,0.007834,0.0690374447283063,0.0332945,2.392492731305804,4179.741016200322,77.614643666613,442.5775257890363,1.0
Llama2-7B,20,10,2,32,32,2304,0.055659,0.0064004447283063,0.008274,0.0703334447283063,0.0332945,2.4339647313058035,4108.522967230949,77.8503180389045,437.0941696249962,1.0
Llama2-7B,20,10,2,32,32,2432,0.056515,0.0064004447283063,0.008714,0.0716294447283063,0.0332945,2.475436731305803,4039.691208235792,78.08599499039606,431.7769341678982,1.0
Llama2-7B,20,10,2,32,32,2560,0.057371,0.0064004447283063,0.0091539999999999,0.0729254447283063,0.0332945,2.516908731305803,3973.1277799699465,78.32167452108762,426.6183836405127,1.0
Llama2-7B,20,10,2,32,32,2688,0.058227,0.0064004447283063,0.009594,0.0742214447283063,0.0332945,2.558380731305804,3908.722371785522,78.5573791989791,421.6116406423305,1.0
Llama2-7B,20,10,2,32,32,2816,0.059083,0.0064004447283063,0.010034,0.0755174447283063,0.0332945,2.599852731305804,3846.371711592062,78.79305357127063,416.7498136692802,1.0
Llama2-7B,20,10,2,32,32,2944,0.059939,0.0064004447283063,0.0104739999999999,0.0768134447283063,0.0332945,2.641324731305803,3785.9790132871153,79.0287305227622,412.0268654525964,1.0
Llama2-7B,20,10,2,32,32,3072,0.060795,0.0064004447283063,0.010914,0.0781094447283063,0.0332945,2.682796731305803,3727.453475438178,79.26441005345369,407.4369297097506,1.0
Llama2-7B,20,10,2,32,32,3200,0.064185,0.0064004447283063,0.011354,0.0819394447283063,0.0332945,2.805356731305804,3564.6090525340496,81.2077713438248,395.37942735756405,1.0
Llama2-7B,20,10,2,32,32,3328,0.065041,0.0064004447283063,0.0117939999999999,0.0832354447283063,0.0332945,2.8468287313058034,3512.680580335836,81.44344571611637,391.3082023075653,1.0
Llama2-7B,20,10,2,32,32,3456,0.065897,0.0064004447283063,0.012234,0.0845314447283063,0.0332945,2.888300731305803,3462.243350081829,81.67912266760786,387.34275966474144,1.0
Llama2-7B,20,10,2,32,32,3584,0.066753,0.0064004447283063,0.012674,0.0858274447283063,0.0332945,2.929772731305804,3413.2340345535904,81.91480219829941,383.4790299607293,1.0
Llama2-7B,20,10,2,32,32,3712,0.067609,0.0064004447283063,0.0131139999999999,0.0871234447283063,0.0332945,2.9712447313058035,3365.592842163896,82.15050687619093,379.71325413494736,1.0
Llama2-7B,20,10,2,32,32,3840,0.068465,0.0064004447283063,0.013554,0.0884194447283063,0.0332945,3.012716731305803,3319.2632736054466,82.38618124848247,376.0415050047581,1.0
Llama2-7B,20,10,2,32,32,3968,0.069321,0.0064004447283063,0.013994,0.0897154447283063,0.0332945,3.054188731305804,3274.191898325992,82.621858199974,372.4604475915216,1.0
Llama2-7B,20,10,2,32,32,4096,0.070177,0.0064004447283063,0.0144339999999999,0.0910114447283063,0.0332945,3.0956607313058035,3230.328148970584,82.85753773066551,368.9667631963887,1.0
Llama2-7B,20,20,1,32,32,128,0.059093,0.0049699332536969,0.000794,0.0648569332536969,0.0623185,2.2877403641183034,8742.250787583587,66.73699326278387,705.847067998577,1.0
Llama2-7B,20,20,1,32,32,256,0.059949,0.0049699332536969,0.001234,0.0661529332536969,0.0623185,2.329212364118304,8586.593609110765,66.9720189510845,698.2186832879249,1.0
Llama2-7B,20,20,1,32,32,384,0.060805,0.0049699332536969,0.001674,0.0674489332536969,0.0623185,2.370684364118304,8436.382465212037,66.91977138899817,687.8522673813643,1.0
Llama2-7B,20,20,1,32,32,512,0.061661,0.0049699332536969,0.002114,0.0687449332536969,0.0623185,2.4121563641183035,8291.336456254337,67.44207806528568,683.5973920436511,1.0
Llama2-7B,20,20,1,32,32,640,0.064325,0.0049699332536969,0.002554,0.0718489332536969,0.0623185,2.511484364118304,7963.418082844135,68.83640159154928,668.8340613248083,1.0
Llama2-7B,20,20,1,32,32,768,0.065181,0.0049699332536969,0.002994,0.0731449332536969,0.0623185,2.5529563641183035,7834.054777080868,69.07142727984989,662.3040771069202,1.0
Llama2-7B,20,20,1,32,32,896,0.066037,0.0049699332536969,0.003434,0.074440933253697,0.0623185,2.594428364118304,7708.827222445529,69.02083807346294,653.2402107290509,1.0
Llama2-7B,20,20,1,32,32,1024,0.066893,0.0049699332536969,0.003874,0.0757369332536969,0.0623185,2.6359003641183034,7587.540209126952,69.5414863940511,649.7455488060327,1.0
Llama2-7B,20,20,1,32,32,1152,0.070319,0.0049699332536969,0.004314,0.079602933253697,0.0623185,2.759612364118304,7247.394692112855,71.54588860712295,635.9046684317445,1.0
Llama2-7B,20,20,1,32,32,1280,0.071175,0.0049699332536969,0.004754,0.0808989332536969,0.0623185,2.8010843641183034,7140.091978734598,71.78091429542359,630.320638351103,1.0
Llama2-7B,20,20,1,32,32,1408,0.072031,0.0049699332536969,0.005194,0.0821949332536969,0.0623185,2.842556364118304,7035.920290784998,71.73032508903664,622.3910980084668,1.0
Llama2-7B,20,20,1,32,32,1536,0.072887,0.0049699332536969,0.005634,0.0834909332536969,0.0623185,2.884028364118304,6934.744556894932,72.25097340962485,619.5461245628921,1.0
Llama2-7B,20,20,1,32,32,1664,0.075551,0.0049699332536969,0.006074,0.0865949332536969,0.0623185,2.983356364118303,6703.8588619669545,73.6452969358884,609.2349616144091,1.0
Llama2-7B,20,20,1,32,32,1792,0.076407,0.0049699332536969,0.006514,0.087890933253697,0.0623185,3.024828364118304,6611.945403993104,73.88032262418902,604.3320852816902,1.0
Llama2-7B,20,20,1,32,32,1920,0.077263,0.0049699332536969,0.006954,0.0891869332536969,0.0623185,3.0663003641183035,6522.518222297796,73.82973341780203,597.2274359800455,1.0
Llama2-7B,20,20,1,32,32,2048,0.078119,0.0049699332536969,0.007394,0.0904829332536969,0.0623185,3.107772364118304,6435.477781743561,74.35038173839023,594.8487382902225,1.0
Llama2-7B,20,20,1,32,32,2176,0.081509,0.0049699332536969,0.007834,0.094312933253697,0.0623185,3.230332364118304,6191.313383772775,76.29309434477041,585.0051401131348,1.0
Llama2-7B,20,20,1,32,32,2304,0.082365,0.0049699332536969,0.008274,0.0956089332536969,0.0623185,3.2718043641183034,6112.834929661103,76.528120033071,580.7087357575352,1.0
Llama2-7B,20,20,1,32,32,2432,0.083221,0.0049699332536969,0.008714,0.0969049332536969,0.0623185,3.313276364118304,6036.321091893643,76.47753082668406,574.3557127008511,1.0
Llama2-7B,20,20,1,32,32,2560,0.084077,0.0049699332536969,0.0091539999999999,0.0982009332536969,0.0623185,3.354748364118304,5961.699009653265,76.99817914727225,572.3784384200809,1.0
Llama2-7B,20,20,1,32,32,2688,0.086741,0.0049699332536969,0.009594,0.101304933253697,0.0623185,3.454076364118304,5790.259939752446,78.39250267353576,564.8460839851958,1.0
Llama2-7B,20,20,1,32,32,2816,0.087597,0.0049699332536969,0.010034,0.1026009332536969,0.0623185,3.4955483641183034,5721.562947118508,78.62752836183645,561.003290365512,1.0
Llama2-7B,20,20,1,32,32,2944,0.088453,0.0049699332536969,0.0104739999999999,0.1038969332536969,0.0623185,3.537020364118304,5654.476915907024,78.57693915544947,555.2167475626142,1.0
Llama2-7B,20,20,1,32,32,3072,0.089309,0.0049699332536969,0.010914,0.105192933253697,0.0623185,3.578492364118304,5588.945836671572,79.09758747603765,553.5387494264131,1.0
Llama2-7B,20,20,1,32,32,3200,0.092699,0.0049699332536969,0.011354,0.109022933253697,0.0623185,3.701052364118304,5403.868422370882,81.04030008241786,546.3941094457452,1.0
Llama2-7B,20,20,1,32,32,3328,0.093555,0.0049699332536969,0.0117939999999999,0.1103189332536969,0.0623185,3.742524364118304,5343.986586099827,81.27532577071842,542.9648720720326,1.0
Llama2-7B,20,20,1,32,32,3456,0.094411,0.0049699332536969,0.012234,0.1116149332536969,0.0623185,3.783996364118303,5285.417340685034,81.2247365643315,537.7070505842238,1.0
Llama2-7B,20,20,1,32,32,3584,0.095267,0.0049699332536969,0.012674,0.112910933253697,0.0623185,3.825468364118304,5228.117996633756,81.74538488491967,536.2913238904847,1.0
Llama2-7B,20,20,1,32,32,3712,0.097931,0.0049699332536969,0.0131139999999999,0.116014933253697,0.0623185,3.924796364118304,5095.805780612252,83.13970841118321,530.6013188570473,1.0
Llama2-7B,20,20,1,32,32,3840,0.098787,0.0049699332536969,0.013554,0.1173109332536969,0.0623185,3.966268364118304,5042.523138609148,83.37473409948383,527.4905484747728,1.0
Llama2-7B,20,20,1,32,32,3968,0.099643,0.0049699332536969,0.013994,0.1186069332536969,0.0623185,4.007740364118304,4990.343231578068,83.32414489309686,522.6417365814511,1.0
Llama2-7B,20,20,1,32,32,4096,0.100499,0.0049699332536969,0.0144339999999999,0.119902933253697,0.0623185,4.049212364118304,4939.23217691125,83.84479321368512,521.4280317073122,1.0
Llama2-7B,20,32,1,32,16,128,0.10882,0.0005461428179059,0.001588,0.1109541428179059,0.12064,3.821172570172991,8374.39278450366,62.99868127568629,578.9255768763674,0.8
Llama2-7B,20,32,1,32,16,256,0.110516,0.0005461428179059,0.002468,0.1135301428179059,0.12064,3.903604570172991,8197.551628181924,63.22929766428458,572.127996527965,0.8
Llama2-7B,20,32,1,32,16,384,0.11402,0.0005461428179059,0.003348,0.1179141428179059,0.12064,4.043892570172991,7913.167683045322,64.03954781906435,561.6518840472227,0.8
Llama2-7B,20,32,1,32,16,512,0.115716,0.0005461428179059,0.004228,0.1204901428179059,0.12064,4.126324570172991,7755.085538183546,64.27016420766265,555.4129438250771,0.8
Llama2-7B,20,32,1,32,16,640,0.11922,0.0005461428179059,0.005108,0.1248741428179059,0.12064,4.266612570172992,7500.095092698455,65.08041436244243,545.885039107888,0.8
Llama2-7B,20,32,1,32,16,768,0.120916,0.0005461428179059,0.005988,0.1274501428179059,0.12064,4.349044570172991,7357.9379295087665,65.3110307510407,540.1355548566007,0.8
Llama2-7B,20,32,1,32,16,896,0.12442,0.0005461428179059,0.006868,0.1318341428179059,0.12064,4.489332570172992,7128.008339726748,66.12128090582044,531.436110800679,0.8
Llama2-7B,20,32,1,32,16,1024,0.126116,0.0005461428179059,0.007748,0.1344101428179059,0.12064,4.571764570172991,6999.485539735295,66.35189729441875,526.1179968792126,0.8
Llama2-7B,20,32,1,32,16,1152,0.1310065,0.0005461428179059,0.008628,0.1401806428179059,0.12064,4.756420570172991,6727.748214837983,67.69885200023687,516.7594890347948,0.8
Llama2-7B,20,32,1,32,16,1280,0.1327025,0.0005461428179059,0.009508,0.1427566428179059,0.12064,4.838852570172991,6613.138039635704,67.92946838883515,511.8929062288587,0.8
Llama2-7B,20,32,1,32,16,1408,0.1362065,0.0005461428179059,0.010388,0.1471406428179059,0.12064,4.979140570172992,6426.811926478351,68.7397185436149,504.672820633486,0.8
Llama2-7B,20,32,1,32,16,1536,0.1379025,0.0005461428179059,0.011268,0.1497166428179059,0.12064,5.061572570172992,6322.145846247607,68.9703349322132,500.1383943888849,0.8
Llama2-7B,20,32,1,32,16,1664,0.1414065,0.0005461428179059,0.012148,0.1541006428179059,0.12064,5.201860570172991,6151.6450832006485,69.78058508699296,493.4750883940481,0.8
Llama2-7B,20,32,1,32,16,1792,0.1431025,0.0005461428179059,0.013028,0.1566766428179059,0.12064,5.284292570172991,6055.682870517599,70.01120147559126,489.2381438171329,0.8
Llama2-7B,20,32,1,32,16,1920,0.1466065,0.0005461428179059,0.013908,0.1610606428179059,0.12064,5.424580570172991,5899.073593993925,70.82145163037103,483.0717030307049,0.8
Llama2-7B,20,32,1,32,16,2048,0.1483025,0.0005461428179059,0.014788,0.1636366428179059,0.12064,5.507012570172991,5810.773008457975,71.05206801896934,479.1022944250389,0.8
Llama2-7B,20,32,1,32,16,2176,0.1531645,0.0005461428179059,0.015668,0.169378642817906,0.12064,5.690756570172992,5623.153899733096,72.3617800225368,472.444855188616,0.8
Llama2-7B,20,32,1,32,16,2304,0.1548605,0.0005461428179059,0.016548,0.1719546428179059,0.12064,5.773188570172992,5542.864157482583,72.59239641113513,468.7599252949273,0.8
Llama2-7B,20,32,1,32,16,2432,0.1583645,0.0005461428179059,0.017428,0.1763386428179059,0.12064,5.913476570172991,5411.368358404417,73.40264656591486,463.5044253346858,0.8
Llama2-7B,20,32,1,32,16,2560,0.1600605,0.0005461428179059,0.0183079999999999,0.1789146428179059,0.12064,5.995908570172991,5336.972641508567,73.63326295451319,460.0339431309609,0.8
Llama2-7B,20,32,1,32,16,2688,0.1635645,0.0005461428179059,0.019188,0.1832986428179059,0.12064,6.136196570172992,5214.956795150039,74.44351310929292,455.132459117308,0.8
Llama2-7B,20,32,1,32,16,2816,0.1652605,0.0005461428179059,0.020068,0.1858746428179059,0.12064,6.218628570172991,5145.829122756212,74.67412949789122,451.8570953003968,0.8
Llama2-7B,20,32,1,32,16,2944,0.1687645,0.0005461428179059,0.0209479999999999,0.1902586428179059,0.12064,6.358916570172991,5032.303796860391,75.484379652671,447.276409746546,0.8
Llama2-7B,20,32,1,32,16,3072,0.1704605,0.0005461428179059,0.021828,0.1928346428179059,0.12064,6.441348570172991,4967.903793962915,75.7149960412693,444.17912678461744,0.8
Llama2-7B,20,32,1,32,16,3200,0.1753225,0.0005461428179059,0.022708,0.1985766428179059,0.12064,6.625092570172991,4830.121188656,77.02470804483673,439.3315635177273,0.8
Llama2-7B,20,32,1,32,16,3328,0.1770185,0.0005461428179059,0.0235879999999999,0.2011526428179059,0.12064,6.707524570172991,4770.761503028635,77.25532443343506,436.42514445346137,0.8
Llama2-7B,20,32,1,32,16,3456,0.1805225,0.0005461428179059,0.024468,0.2055366428179059,0.12064,6.847812570172991,4673.0250970043135,78.06557458821483,432.4423525500412,0.8
Llama2-7B,20,32,1,32,16,3584,0.1822185,0.0005461428179059,0.025348,0.2081126428179059,0.12064,6.930244570172992,4617.441661110269,78.29619097681311,429.6829958363894,0.8
Llama2-7B,20,32,1,32,16,3712,0.1857225,0.0005461428179059,0.0262279999999999,0.2124966428179059,0.12064,7.070532570172992,4525.825980208599,79.10644113159287,425.9389203332546,0.8
Llama2-7B,20,32,1,32,16,3840,0.1874185,0.0005461428179059,0.027108,0.2150726428179059,0.12064,7.152964570172991,4473.669579384775,79.3370575201912,423.3149743498704,0.8
Llama2-7B,20,32,1,32,16,3968,0.1909225,0.0005461428179059,0.027988,0.2194566428179059,0.12064,7.2932525701729904,4387.617142298005,80.14730767497089,419.7897454462984,0.8
Llama2-7B,20,32,1,32,16,4096,0.1926185,0.0005461428179059,0.0288679999999999,0.2220326428179059,0.12064,7.375684570172991,4338.580330483068,80.3779240635692,417.290779772292,0.8
Llama2-7B,32,1,32,32,32,128,0.0171155,0.0135444871520996,0.000794,0.0314539871520996,0.0084905,1.1650180888671873,858.3557710870879,290.1001396231944,529.6736503885265,1.0
Llama2-7B,32,1,32,32,32,256,0.0179715,0.0135444871520996,0.001234,0.0327499871520996,0.0084905,1.2064900888671872,828.850571776294,290.35527451521324,504.8884249283819,1.0
Llama2-7B,32,1,32,32,32,384,0.0188275,0.0135444871520996,0.001674,0.0340459871520996,0.0084905,1.2479620888671874,801.3063929752306,290.6104119864323,482.3569446063474,1.0
Llama2-7B,32,1,32,32,32,512,0.0196835,0.0135444871520996,0.002114,0.0353419871520996,0.0084905,1.2894340888671874,775.5340180889236,290.8655520368512,461.7851754592221,1.0
Llama2-7B,32,1,32,32,32,640,0.0205395,0.0135444871520996,0.002554,0.0366379871520996,0.0084905,1.3309060888671873,751.3678150283008,291.1207172344701,442.9281342572696,1.0
Llama2-7B,32,1,32,32,32,768,0.0213955,0.0135444871520996,0.002994,0.0379339871520996,0.0084905,1.3723780888671877,728.6621727001177,291.3758521264889,425.579929375466,1.0
Llama2-7B,32,1,32,32,32,896,0.0222515,0.0135444871520996,0.003434,0.0392299871520996,0.0084905,1.4138500888671874,707.2885646605047,291.6309895977079,409.5664752905815,1.0
Llama2-7B,32,1,32,32,32,1024,0.0231075,0.0135444871520996,0.003874,0.0405259871520996,0.0084905,1.4553220888671874,687.1331148271054,291.8861296481269,394.7394374771813,1.0
Llama2-7B,32,1,32,32,32,1152,0.0247255,0.0135444871520996,0.004314,0.0425839871520996,0.0084905,1.5211780888671873,657.3852248586452,292.75137353255406,370.0018370869068,1.0
Llama2-7B,32,1,32,32,32,1280,0.0255815,0.0135444871520996,0.004754,0.0438799871520996,0.0084905,1.5626500888671877,639.9385295046637,293.00650842457304,357.93262272610707,1.0
Llama2-7B,32,1,32,32,32,1408,0.0264375,0.0135444871520996,0.005194,0.0451759871520996,0.0084905,1.6041220888671874,623.3939467202204,293.26164589579184,346.6449715080282,1.0
Llama2-7B,32,1,32,32,32,1536,0.0272935,0.0135444871520996,0.005634,0.0464719871520996,0.0084905,1.6455940888671872,607.6832718136411,293.5167859462109,336.0653474570536,1.0
Llama2-7B,32,1,32,32,32,1664,0.0281495,0.0135444871520996,0.006074,0.0477679871520996,0.0084905,1.6870660888671876,592.7450066117261,293.7719511438299,326.1291842926049,1.0
Llama2-7B,32,1,32,32,32,1792,0.0290055,0.0135444871520996,0.006514,0.0490639871520996,0.0084905,1.7285380888671873,578.52355492806,294.02708603584875,316.7794535043448,1.0
Llama2-7B,32,1,32,32,32,1920,0.0298615,0.0135444871520996,0.006954,0.0503599871520996,0.0084905,1.7700100888671872,564.9685311341946,294.28222350706767,307.96575806961687,1.0
Llama2-7B,32,1,32,32,32,2048,0.0307175,0.0135444871520996,0.007394,0.0516559871520996,0.0084905,1.8114820888671872,552.0341637081001,294.53736355748646,299.6432851362076,1.0
Llama2-7B,32,1,32,32,32,2176,0.0322995,0.0135444871520996,0.007834,0.0536779871520996,0.0084905,1.8761860888671875,532.9961702273279,295.34091783522206,285.7444753742532,1.0
Llama2-7B,32,1,32,32,32,2304,0.0331555,0.0135444871520996,0.008274,0.0549739871520996,0.0084905,1.917658088867188,521.4693932173942,295.5960527272411,278.6076713584859,1.0
Llama2-7B,32,1,32,32,32,2432,0.0340115,0.0135444871520996,0.008714,0.0562699871520996,0.0084905,1.9591300888671872,510.4306271862847,295.8511901984599,271.8301072784756,1.0
Llama2-7B,32,1,32,32,32,2560,0.0348675,0.0135444871520996,0.0091539999999999,0.0575659871520996,0.0084905,2.000602088867188,499.8495230834412,296.1063302488789,265.3853250240903,1.0
Llama2-7B,32,1,32,32,32,2688,0.0357235,0.0135444871520996,0.009594,0.0588619871520996,0.0084905,2.042074088867188,489.6981972650837,296.36149544649777,259.2494221647672,1.0
Llama2-7B,32,1,32,32,32,2816,0.0365795,0.0135444871520996,0.010034,0.0601579871520996,0.0084905,2.0835460888671875,479.95098613042654,296.6166303385167,253.4006669877568,1.0
Llama2-7B,32,1,32,32,32,2944,0.0374355,0.0135444871520996,0.0104739999999999,0.0614539871520996,0.0084905,2.1250180888671872,470.5842294891164,296.8717678097357,247.81938919085465,1.0
Llama2-7B,32,1,32,32,32,3072,0.0382915,0.0135444871520996,0.010914,0.0627499871520996,0.0084905,2.166490088867188,461.5760788099792,297.1269078601546,242.48765053941025,1.0
Llama2-7B,32,1,32,32,32,3200,0.0398735,0.0135444871520996,0.011354,0.0647719871520996,0.0084905,2.231194088867188,448.1905025607681,297.9304621378901,233.4966065634836,1.0
Llama2-7B,32,1,32,32,32,3328,0.0407295,0.0135444871520996,0.0117939999999999,0.0660679871520996,0.0084905,2.2726660888671875,440.0118455142044,298.185597029909,228.78503068254352,1.0
Llama2-7B,32,1,32,32,32,3456,0.0415855,0.0135444871520996,0.012234,0.0673639871520996,0.0084905,2.314138088867187,432.1263302353397,298.440734501128,224.26742381744228,1.0
Llama2-7B,32,1,32,32,32,3584,0.0424415,0.0135444871520996,0.012674,0.0686599871520996,0.0084905,2.355610088867188,424.5184738875438,298.6958745515469,219.9320495207719,1.0
Llama2-7B,32,1,32,32,32,3712,0.0432975,0.0135444871520996,0.0131139999999999,0.0699559871520996,0.0084905,2.3970820888671875,417.17386511055184,298.9510397491658,215.7681157609892,1.0
Llama2-7B,32,1,32,32,32,3840,0.0441535,0.0135444871520996,0.013554,0.0712519871520996,0.0084905,2.438554088867188,410.0790729085459,299.2061746411847,211.7656121833381,1.0
Llama2-7B,32,1,32,32,32,3968,0.0450095,0.0135444871520996,0.013994,0.0725479871520996,0.0084905,2.480026088867188,403.2215646798999,299.4613121124036,207.91535128167635,1.0
Llama2-7B,32,1,32,32,32,4096,0.0458655,0.0135444871520996,0.0144339999999999,0.0738439871520996,0.0084905,2.521498088867188,396.58963233609336,299.71645216282263,204.2088090195944,1.0
Llama2-7B,32,2,16,32,32,128,0.0180735,0.0122182838058471,0.000794,0.0310857838058471,0.0094145,1.154159581787109,1732.8626227780262,166.45407521341127,575.6151105673058,1.0
Llama2-7B,32,2,16,32,32,256,0.0189295,0.0122182838058471,0.001234,0.0323817838058471,0.0094145,1.1956315817871093,1672.7560817778017,166.69883116157564,550.3936684856163,1.0
Llama2-7B,32,2,16,32,32,384,0.0197855,0.0122182838058471,0.001674,0.0336777838058471,0.0094145,1.2371035817871094,1616.6794999581334,166.94358968893988,527.3545958180861,1.0
Llama2-7B,32,2,16,32,32,512,0.0206415,0.0122182838058471,0.002114,0.0349737838058471,0.0094145,1.2785755817871094,1564.2407288934228,167.18835079550422,506.2263849390311,1.0
Llama2-7B,32,2,16,32,32,640,0.0214975,0.0122182838058471,0.002554,0.0362697838058471,0.0094145,1.3200475817871091,1515.096900743802,167.43313704926857,486.78083803136553,1.0
Llama2-7B,32,2,16,32,32,768,0.0223535,0.0122182838058471,0.002994,0.0375657838058471,0.0094145,1.361519581787109,1468.9469228013832,167.6778929974328,468.82449336075126,1.0
Llama2-7B,32,2,16,32,32,896,0.0232095,0.0122182838058471,0.003434,0.0388617838058471,0.0094145,1.4029915817871097,1425.525303189938,167.92265152479712,452.1926676705581,1.0
Llama2-7B,32,2,16,32,32,1024,0.0240655,0.0122182838058471,0.003874,0.0401577838058471,0.0094145,1.4444635817871094,1384.5970401867617,168.16741263136143,436.74402316428456,1.0
Llama2-7B,32,2,16,32,32,1152,0.0256835,0.0122182838058471,0.004314,0.0422157838058471,0.0094145,1.5103195817871091,1324.2230479680788,169.02227757193413,411.3104657949998,1.0
Llama2-7B,32,2,16,32,32,1280,0.0265395,0.0122182838058471,0.004754,0.0435117838058471,0.0094145,1.5517915817871095,1288.8328712910754,169.26703352009838,398.6205314721887,1.0
Llama2-7B,32,2,16,32,32,1408,0.0273955,0.0122182838058471,0.005194,0.0448077838058471,0.0094145,1.5932635817871097,1255.2850782898508,169.51179204746273,386.7236226010264,1.0
Llama2-7B,32,2,16,32,32,1536,0.0282515,0.0122182838058471,0.005634,0.0461037838058471,0.0094145,1.6347355817871092,1223.4394493411469,169.75655315402702,375.5476548900656,1.0
Llama2-7B,32,2,16,32,32,1664,0.0291075,0.0122182838058471,0.006074,0.0473997838058471,0.0094145,1.6762075817871096,1193.169641833785,170.0013394077913,365.0290719913066,1.0
Llama2-7B,32,2,16,32,32,1792,0.0299635,0.0122182838058471,0.006514,0.0486957838058471,0.0094145,1.717679581787109,1164.3615149218683,170.24609535595562,355.11141754959294,1.0
Llama2-7B,32,2,16,32,32,1920,0.0308195,0.0122182838058471,0.006954,0.0499917838058471,0.0094145,1.7591515817871093,1136.9116912416464,170.49085388331997,345.74468656881186,1.0
Llama2-7B,32,2,16,32,32,2048,0.0316755,0.0122182838058471,0.007394,0.0512877838058471,0.0094145,1.8006235817871097,1110.7263173877857,170.73561498988428,336.88421451493326,1.0
Llama2-7B,32,2,16,32,32,2176,0.0332575,0.0122182838058471,0.007834,0.0533097838058471,0.0094145,1.8653275817871096,1072.1977305904977,171.5287903237652,322.34982771511164,1.0
Llama2-7B,32,2,16,32,32,2304,0.0341135,0.0122182838058471,0.008274,0.0546057838058471,0.0094145,1.9067995817871093,1048.8779309074214,171.77354627192958,314.70962058996,1.0
Llama2-7B,32,2,16,32,32,2432,0.0349695,0.0122182838058471,0.008714,0.0559017838058471,0.0094145,1.9482715817871088,1026.550927856496,172.01830479929382,307.4434592989852,1.0
Llama2-7B,32,2,16,32,32,2560,0.0358255,0.0122182838058471,0.0091539999999999,0.0571977838058471,0.0094145,1.9897435817871088,1005.1546431946164,172.26306590585816,300.5245319427819,1.0
Llama2-7B,32,2,16,32,32,2688,0.0366815,0.0122182838058471,0.009594,0.0584937838058471,0.0094145,2.0312155817871096,984.6320685667224,172.50785215962247,293.9285678060169,1.0
Llama2-7B,32,2,16,32,32,2816,0.0375375,0.0122182838058471,0.010034,0.0597897838058471,0.0094145,2.0726875817871093,964.9307582938106,172.75260810778684,287.6333801328452,1.0
Llama2-7B,32,2,16,32,32,2944,0.0383935,0.0122182838058471,0.0104739999999999,0.0610857838058471,0.0094145,2.114159581787109,946.0023818587008,172.99736663515108,281.6189046244012,1.0
Llama2-7B,32,2,16,32,32,3072,0.0392495,0.0122182838058471,0.010914,0.0623817838058471,0.0094145,2.155631581787109,927.8023280499146,173.24212774171548,275.8667749616481,1.0
Llama2-7B,32,2,16,32,32,3200,0.0408315,0.0122182838058471,0.011354,0.0644037838058471,0.0094145,2.220335581787109,900.7647386302906,174.03530307559635,266.39252641281297,1.0
Llama2-7B,32,2,16,32,32,3328,0.0416875,0.0122182838058471,0.0117939999999999,0.0656997838058471,0.0094145,2.2618075817871093,884.2485170289116,174.28005902376069,261.2894438137341,1.0
Llama2-7B,32,2,16,32,32,3456,0.0425435,0.0122182838058471,0.012234,0.0669957838058471,0.0094145,2.303279581787109,868.3270653787522,174.524817551125,256.3917189922154,1.0
Llama2-7B,32,2,16,32,32,3584,0.0433995,0.0122182838058471,0.012674,0.0682917838058471,0.0094145,2.3447515817871096,852.9688243031917,174.76957865768932,251.68720068446828,1.0
Llama2-7B,32,2,16,32,32,3712,0.0442555,0.0122182838058471,0.0131139999999999,0.0695877838058471,0.0094145,2.3862235817871094,838.1444284035381,175.01436491145367,247.16470962853995,1.0
Llama2-7B,32,2,16,32,32,3840,0.0451115,0.0122182838058471,0.013554,0.0708837838058471,0.0094145,2.427695581787109,823.8265188618633,175.2591208596179,242.81380698327743,1.0
Llama2-7B,32,2,16,32,32,3968,0.0459675,0.0122182838058471,0.013994,0.0721797838058471,0.0094145,2.4691675817871093,809.989574928916,175.50387938698225,238.62495157853672,1.0
Llama2-7B,32,2,16,32,32,4096,0.0468235,0.0122182838058471,0.0144339999999999,0.0734757838058471,0.0094145,2.510639581787109,796.6097621134337,175.74864049354662,234.5892560540468,1.0
Llama2-7B,32,4,8,32,32,128,0.0190315,0.0117712489700317,0.000794,0.0315967489700317,0.0112625,1.1723584670410154,3411.9257142363936,94.88405998175286,623.2040300406752,1.0
Llama2-7B,32,4,8,32,32,256,0.0198875,0.0117712489700317,0.001234,0.0328927489700317,0.0112625,1.2138304670410154,3295.353106229817,95.12362645798984,597.8857728346316,1.0
Llama2-7B,32,4,8,32,32,384,0.0207435,0.0117712489700317,0.001674,0.0341887489700317,0.0112625,1.2553024670410156,3186.4830230348816,95.36319551342686,574.657094471924,1.0
Llama2-7B,32,4,8,32,32,512,0.0215995,0.0117712489700317,0.002114,0.0354847489700317,0.0112625,1.2967744670410155,3084.576463883665,95.6027671480639,553.2695614948486,1.0
Llama2-7B,32,4,8,32,32,640,0.0224555,0.0117712489700317,0.002554,0.0367807489700317,0.0112625,1.3382464670410157,2988.98603397352,95.8423639299009,533.5127470436024,1.0
Llama2-7B,32,4,8,32,32,768,0.0233115,0.0117712489700317,0.002994,0.0380767489700317,0.0112625,1.3797184670410152,2899.142176866356,96.08193040613789,515.206713457617,1.0
Llama2-7B,32,4,8,32,32,896,0.0241675,0.0117712489700317,0.003434,0.0393727489700317,0.0112625,1.4211904670410156,2814.5418174160604,96.3214994615749,498.1974731642438,1.0
Llama2-7B,32,4,8,32,32,1024,0.0250235,0.0117712489700317,0.003874,0.0406687489700317,0.0112625,1.4626624670410155,2734.738936791104,96.5610710962119,482.3519446530857,1.0
Llama2-7B,32,4,8,32,32,1152,0.0266415,0.0117712489700317,0.004314,0.0427267489700317,0.0112625,1.5285184670410152,2616.913100005528,97.41074656485726,457.044209995952,1.0
Llama2-7B,32,4,8,32,32,1280,0.0274975,0.0117712489700317,0.004754,0.0440227489700317,0.0112625,1.5699904670410156,2547.7861706631,97.65031304109424,443.90541431536616,1.0
Llama2-7B,32,4,8,32,32,1408,0.0283535,0.0117712489700317,0.005194,0.0453187489700317,0.0112625,1.6114624670410156,2482.217291318514,97.88988209653122,431.5599577500628,1.0
Llama2-7B,32,4,8,32,32,1536,0.0292095,0.0117712489700317,0.005634,0.0466147489700317,0.0112625,1.652934467041015,2419.9386483606704,98.12945373116828,419.93809262041583,1.0
Llama2-7B,32,4,8,32,32,1664,0.0300655,0.0117712489700317,0.006074,0.0479107489700317,0.0112625,1.6944064670410155,2360.7086480172024,98.36905051300528,408.978108267804,1.0
Llama2-7B,32,4,8,32,32,1792,0.0309215,0.0117712489700317,0.006514,0.0492067489700317,0.0112625,1.7358784670410154,2304.308784254012,98.6086169892423,398.6248119805082,1.0
Llama2-7B,32,4,8,32,32,1920,0.0317775,0.0117712489700317,0.006954,0.0505027489700317,0.0112625,1.7773504670410154,2250.540945174035,98.84818604467932,388.8293055018461,1.0
Llama2-7B,32,4,8,32,32,2048,0.0326335,0.0117712489700317,0.007394,0.0517987489700317,0.0112625,1.818822467041016,2199.225087925966,99.0877576793163,379.54769515726286,1.0
Llama2-7B,32,4,8,32,32,2176,0.0342155,0.0117712489700317,0.007834,0.0538207489700317,0.0112625,1.883526467041016,2123.6760247303155,99.87574354126994,364.8775538179697,1.0
Llama2-7B,32,4,8,32,32,2304,0.0350715,0.0117712489700317,0.008274,0.0551167489700317,0.0112625,1.924998467041016,2077.923732660704,100.11531001750696,356.8257346332027,1.0
Llama2-7B,32,4,8,32,32,2432,0.0359275,0.0117712489700317,0.008714,0.0564127489700317,0.0112625,1.966470467041016,2034.1012321526875,100.35487907294396,349.157605848389,1.0
Llama2-7B,32,4,8,32,32,2560,0.0367835,0.0117712489700317,0.0091539999999999,0.0577087489700317,0.0112625,2.007942467041015,1992.088949587565,100.594450707581,341.84638053604533,1.0
Llama2-7B,32,4,8,32,32,2688,0.0376395,0.0117712489700317,0.009594,0.0590047489700317,0.0112625,2.049414467041016,1951.776990125027,100.834047489418,334.86778347685936,1.0
Llama2-7B,32,4,8,32,32,2816,0.0384955,0.0117712489700317,0.010034,0.0603007489700317,0.0112625,2.0908864670410154,1913.064177827277,101.073613965655,328.199445278198,1.0
Llama2-7B,32,4,8,32,32,2944,0.0393515,0.0117712489700317,0.0104739999999999,0.0615967489700317,0.0112625,2.132358467041015,1875.8572077942565,101.313183021092,321.8212235273496,1.0
Llama2-7B,32,4,8,32,32,3072,0.0402075,0.0117712489700317,0.010914,0.0628927489700317,0.0112625,2.173830467041016,1840.0698953514704,101.55275465572902,315.71458886939314,1.0
Llama2-7B,32,4,8,32,32,3200,0.0417895,0.0117712489700317,0.011354,0.0649147489700317,0.0112625,2.238534467041016,1786.8833644930917,102.34074051768263,306.11978044030985,1.0
Llama2-7B,32,4,8,32,32,3328,0.0426455,0.0117712489700317,0.0117939999999999,0.0662107489700317,0.0112625,2.2800064670410154,1754.3809887483285,102.58030699391963,300.6774073287911,1.0
Llama2-7B,32,4,8,32,32,3456,0.0435015,0.0117712489700317,0.012234,0.0675067489700317,0.0112625,2.321478467041015,1723.0398889283902,102.8198760493567,295.44922603058706,1.0
Llama2-7B,32,4,8,32,32,3584,0.0443575,0.0117712489700317,0.012674,0.0688027489700317,0.0112625,2.362950467041016,1692.7989205837926,103.0594476839937,290.4228362847142,1.0
Llama2-7B,32,4,8,32,32,3712,0.0452135,0.0117712489700317,0.0131139999999999,0.0700987489700317,0.0112625,2.4044224670410155,1663.6011577959384,103.29904446583068,285.5868392897882,1.0
Llama2-7B,32,4,8,32,32,3840,0.0460695,0.0117712489700317,0.013554,0.0713947489700317,0.0112625,2.445894467041015,1635.3935355351225,103.53861094206768,280.93047173853563,1.0
Llama2-7B,32,4,8,32,32,3968,0.0469255,0.0117712489700317,0.013994,0.0726907489700317,0.0112625,2.487366467041016,1608.1265277964533,103.77817999750468,276.4439910003748,1.0
Llama2-7B,32,4,8,32,32,4096,0.0477815,0.0117712489700317,0.0144339999999999,0.0739867489700317,0.0112625,2.528838467041016,1581.7538574064736,104.01775163214177,272.1182665679754,1.0
Llama2-7B,32,8,4,32,32,128,0.025008,0.0108324758148193,0.000794,0.0366344758148193,0.0186065,1.3409097260742189,5966.098868878817,80.16364705617724,801.3800289525076,1.0
Llama2-7B,32,8,4,32,32,256,0.025864,0.0108324758148193,0.001234,0.0379304758148193,0.0186065,1.3823817260742186,5787.113536807914,80.40061879645057,777.1479546517413,1.0
Llama2-7B,32,8,4,32,32,384,0.02672,0.0108324758148193,0.001674,0.0392264758148193,0.0186065,1.4238537260742188,5618.554668573447,80.63759311592392,754.4684984648571,1.0
Llama2-7B,32,8,4,32,32,512,0.027576,0.0108324758148193,0.002114,0.0405224758148193,0.0186065,1.4653257260742183,5459.536987337928,80.87457001459732,733.1970736745477,1.0
Llama2-7B,32,8,4,32,32,640,0.028432,0.0108324758148193,0.002554,0.0418184758148193,0.0186065,1.5067977260742185,5309.272679116025,81.11157206047066,713.2067042458381,1.0
Llama2-7B,32,8,4,32,32,768,0.029288,0.0108324758148193,0.002994,0.0431144758148193,0.0186065,1.5482697260742186,5167.058339559956,81.34854380074401,694.3845926722889,1.0
Llama2-7B,32,8,4,32,32,896,0.030144,0.0108324758148193,0.003434,0.0444104758148193,0.0186065,1.5897417260742186,5032.263963880201,81.58551812021733,676.631486533119,1.0
Llama2-7B,32,8,4,32,32,1024,0.031,0.0108324758148193,0.003874,0.0457064758148193,0.0186065,1.6312137260742186,4904.323616288653,81.82249501889072,659.8588307975056,1.0
Llama2-7B,32,8,4,32,32,1152,0.032618,0.0108324758148193,0.004314,0.0477644758148193,0.0186065,1.697069726074219,4714.007843688405,82.66957575157242,633.6192880585289,1.0
Llama2-7B,32,8,4,32,32,1280,0.033474,0.0108324758148193,0.004754,0.0490604758148193,0.0186065,1.7385417260742186,4601.557661813909,82.90654749184574,619.1861406751939,1.0
Llama2-7B,32,8,4,32,32,1408,0.03433,0.0108324758148193,0.005194,0.0503564758148193,0.0186065,1.7800137260742186,4494.347365311517,83.1435218113191,605.4727775365508,1.0
Llama2-7B,32,8,4,32,32,1536,0.035186,0.0108324758148193,0.005634,0.0516524758148193,0.0186065,1.8214857260742188,4392.019045486623,83.38049870999245,592.4266662166236,1.0
Llama2-7B,32,8,4,32,32,1664,0.036042,0.0108324758148193,0.006074,0.0529484758148193,0.0186065,1.8629577260742187,4294.246663802873,83.61750075586582,580.0004214240736,1.0
Llama2-7B,32,8,4,32,32,1792,0.036898,0.0108324758148193,0.006514,0.0542444758148193,0.0186065,1.9044297260742185,4200.732581764074,83.85447249613917,568.1505264251396,1.0
Llama2-7B,32,8,4,32,32,1920,0.037754,0.0108324758148193,0.006954,0.0555404758148193,0.0186065,1.9459017260742189,4111.2045345371525,84.09144681561254,556.83799607732,1.0
Llama2-7B,32,8,4,32,32,2048,0.03861,0.0108324758148193,0.007394,0.0568364758148193,0.0186065,1.9873737260742184,4025.412983497016,84.32842371428589,546.0270895770908,1.0
Llama2-7B,32,8,4,32,32,2176,0.042,0.0108324758148193,0.007834,0.0606664758148193,0.0186065,2.109933726074219,3791.588285990834,86.2730823726388,513.5302522180882,1.0
Llama2-7B,32,8,4,32,32,2304,0.042856,0.0108324758148193,0.008274,0.0619624758148193,0.0186065,2.151405726074219,3718.4989809421086,86.51005411291219,504.6554398037158,1.0
Llama2-7B,32,8,4,32,32,2432,0.043712,0.0108324758148193,0.008714,0.0632584758148193,0.0186065,2.1928777260742187,3648.174225528723,86.74702843238555,496.1282281317802,1.0
Llama2-7B,32,8,4,32,32,2560,0.044568,0.0108324758148193,0.0091539999999999,0.0645544758148193,0.0186065,2.234349726074219,3580.4600804620245,86.98400533105891,487.9285885111452,1.0
Llama2-7B,32,8,4,32,32,2688,0.045424,0.0108324758148193,0.009594,0.0658504758148193,0.0186065,2.275821726074219,3515.2138273150067,87.22100737693222,480.03812619392966,1.0
Llama2-7B,32,8,4,32,32,2816,0.04628,0.0108324758148193,0.010034,0.0671464758148193,0.0186065,2.317293726074219,3452.302964438171,87.45797911720558,472.43938589674576,1.0
Llama2-7B,32,8,4,32,32,2944,0.047136,0.0108324758148193,0.0104739999999999,0.0684424758148193,0.0186065,2.3587657260742185,3391.604308798694,87.69495343667894,465.1166488282786,1.0
Llama2-7B,32,8,4,32,32,3072,0.047992,0.0108324758148193,0.010914,0.0697384758148193,0.0186065,2.400237726074219,3333.003190931692,87.93193033535232,458.05514635435225,1.0
Llama2-7B,32,8,4,32,32,3200,0.049574,0.0108324758148193,0.011354,0.0717604758148193,0.0186065,2.464941726074219,3245.5128311455755,88.71732146134228,447.3984420328312,1.0
Llama2-7B,32,8,4,32,32,3328,0.05043,0.0108324758148193,0.0117939999999999,0.0730564758148193,0.0186065,2.5064137260742188,3191.81143830167,88.95429320161568,440.9790462106666,1.0
Llama2-7B,32,8,4,32,32,3456,0.051286,0.0108324758148193,0.012234,0.0743524758148193,0.0186065,2.5478857260742185,3139.858243299788,89.19126752108902,434.773951571038,1.0
Llama2-7B,32,8,4,32,32,3584,0.052142,0.0108324758148193,0.012674,0.0756484758148193,0.0186065,2.589357726074219,3089.569247015156,89.42824441976234,428.7726037539908,1.0
Llama2-7B,32,8,4,32,32,3712,0.052998,0.0108324758148193,0.0131139999999999,0.0769444758148193,0.0186065,2.630829726074219,3040.8657469207533,89.66524646563573,422.9652367336302,1.0
Llama2-7B,32,8,4,32,32,3840,0.053854,0.0108324758148193,0.013554,0.0782404758148193,0.0186065,2.6723017260742186,2993.6739260923614,89.90221820590907,417.3423432145667,1.0
Llama2-7B,32,8,4,32,32,3968,0.05471,0.0108324758148193,0.013994,0.0795364758148193,0.0186065,2.713773726074219,2947.924479898664,90.13919252538244,411.8954145740378,1.0
Llama2-7B,32,8,4,32,32,4096,0.055566,0.0108324758148193,0.0144339999999999,0.0808324758148193,0.0186065,2.755245726074219,2903.552276405745,90.3761694240558,406.6163185403656,1.0
Llama2-7B,32,16,2,32,32,128,0.036003,0.0095807782745361,0.000794,0.0463777782745361,0.0332945,1.6673834047851563,9595.873363068293,70.3666987054977,977.2338236466088,1.0
Llama2-7B,32,16,2,32,32,256,0.036859,0.0095807782745361,0.001234,0.0476737782745361,0.0332945,1.708855404785156,9362.992301862769,70.60237307778924,957.735872891142,1.0
Llama2-7B,32,16,2,32,32,384,0.037715,0.0095807782745361,0.001674,0.0489697782745361,0.0332945,1.750327404785156,9141.146939857186,70.83805002928077,939.1230283611396,1.0
Llama2-7B,32,16,2,32,32,512,0.038571,0.0095807782745361,0.002114,0.0502657782745361,0.0332945,1.7917994047851562,8929.570998444697,71.07372955997228,921.336360996244,1.0
Llama2-7B,32,16,2,32,32,640,0.039427,0.0095807782745361,0.002554,0.0515617782745361,0.0332945,1.833271404785156,8727.567537592757,71.30943423786383,904.32234557364,1.0
Llama2-7B,32,16,2,32,32,768,0.040283,0.0095807782745361,0.002994,0.0528577782745361,0.0332945,1.874743404785156,8534.501286501973,71.54510861015538,888.0310380328598,1.0
Llama2-7B,32,16,2,32,32,896,0.041139,0.0095807782745361,0.003434,0.0541537782745361,0.0332945,1.9162154047851565,8349.791970174616,71.7807855616469,872.417724806715,1.0
Llama2-7B,32,16,2,32,32,1024,0.041995,0.0095807782745361,0.003874,0.0554497782745361,0.0332945,1.957687404785156,8172.908484210174,72.01646509233842,857.4409464500347,1.0
Llama2-7B,32,16,2,32,32,1152,0.045421,0.0095807782745361,0.004314,0.0593157782745361,0.0332945,2.0813994047851563,7687.135858315253,74.0215159894012,814.838026346857,1.0
Llama2-7B,32,16,2,32,32,1280,0.046277,0.0095807782745361,0.004754,0.0606117782745361,0.0332945,2.122871404785156,7536.961477711021,74.25719036169274,802.3120595727113,1.0
Llama2-7B,32,16,2,32,32,1408,0.047133,0.0095807782745361,0.005194,0.0619077782745361,0.0332945,2.164343404785156,7392.542220714851,74.49286731318423,790.2410976723764,1.0
Llama2-7B,32,16,2,32,32,1536,0.047989,0.0095807782745361,0.005634,0.0632037782745361,0.0332945,2.205815404785156,7253.55347745356,74.7285468438758,778.600792305276,1.0
Llama2-7B,32,16,2,32,32,1664,0.048845,0.0095807782745361,0.006074,0.0644997782745361,0.0332945,2.247287404785156,7119.694599778895,74.9642515217673,767.3687329487902,1.0
Llama2-7B,32,16,2,32,32,1792,0.049701,0.0095807782745361,0.006514,0.0657957782745361,0.0332945,2.2887594047851563,6990.686730352029,75.19992589405882,756.5232680837294,1.0
Llama2-7B,32,16,2,32,32,1920,0.050557,0.0095807782745361,0.006954,0.0670917782745361,0.0332945,2.330231404785156,6866.270863547638,75.43560284555038,746.0450861952884,1.0
Llama2-7B,32,16,2,32,32,2048,0.051413,0.0095807782745361,0.007394,0.0683877782745361,0.0332945,2.371703404785156,6746.206109802074,75.6712823762419,735.915842065644,1.0
Llama2-7B,32,16,2,32,32,2176,0.054803,0.0095807782745361,0.007834,0.0722177782745361,0.0332945,2.494263404785156,6414.719459582564,77.614643666613,708.1240412624585,1.0
Llama2-7B,32,16,2,32,32,2304,0.055659,0.0095807782745361,0.008274,0.0735137782745361,0.0332945,2.535735404785156,6309.806602773535,77.8503180389045,699.3506713999941,1.0
Llama2-7B,32,16,2,32,32,2432,0.056515,0.0095807782745361,0.008714,0.0748097782745361,0.0332945,2.577207404785156,6208.270227026532,78.08599499039606,690.843094668637,1.0
Llama2-7B,32,16,2,32,32,2560,0.057371,0.0095807782745361,0.0091539999999999,0.0761057782745361,0.0332945,2.618679404785156,6109.949912449358,78.32167452108762,682.589413824821,1.0
Llama2-7B,32,16,2,32,32,2688,0.058227,0.0095807782745361,0.009594,0.0774017782745361,0.0332945,2.660151404785156,6014.695242992088,78.5573791989791,674.5786250277288,1.0
Llama2-7B,32,16,2,32,32,2816,0.059083,0.0095807782745361,0.010034,0.0786977782745361,0.0332945,2.701623404785156,5922.365038613658,78.79305357127063,666.7997018708481,1.0
Llama2-7B,32,16,2,32,32,2944,0.059939,0.0095807782745361,0.0104739999999999,0.0799937782745361,0.0332945,2.743095404785156,5832.826657100229,79.0287305227622,659.2429847241544,1.0
Llama2-7B,32,16,2,32,32,3072,0.060795,0.0095807782745361,0.010914,0.0812897782745361,0.0332945,2.784567404785156,5745.955358273859,79.26441005345369,651.899087535601,1.0
Llama2-7B,32,16,2,32,32,3200,0.064185,0.0095807782745361,0.011354,0.0851197782745361,0.0332945,2.907127404785156,5503.714757620827,81.2077713438248,632.6070837721026,1.0
Llama2-7B,32,16,2,32,32,3328,0.065041,0.0095807782745361,0.0117939999999999,0.0864157782745361,0.0332945,2.948599404785156,5426.305104055263,81.44344571611637,626.0931236921043,1.0
Llama2-7B,32,16,2,32,32,3456,0.065897,0.0095807782745361,0.012234,0.0877117782745361,0.0332945,2.9900714047851555,5351.042779244144,81.67912266760786,619.7484154635862,1.0
Llama2-7B,32,16,2,32,32,3584,0.066753,0.0095807782745361,0.012674,0.0890077782745361,0.0332945,3.031543404785156,5277.839655782172,81.91480219829941,613.5664479371668,1.0
Llama2-7B,32,16,2,32,32,3712,0.067609,0.0095807782745361,0.0131139999999999,0.0903037782745361,0.0332945,3.073015404785156,5206.6123635714775,82.15050687619093,607.5412066159159,1.0
Llama2-7B,32,16,2,32,32,3840,0.068465,0.0095807782745361,0.013554,0.0915997782745361,0.0332945,3.114487404785156,5137.281973084016,82.38618124848247,601.6664080076132,1.0
Llama2-7B,32,16,2,32,32,3968,0.069321,0.0095807782745361,0.013994,0.0928957782745361,0.0332945,3.155959404785156,5069.773703597183,82.621858199974,595.9367161464346,1.0
Llama2-7B,32,16,2,32,32,4096,0.070177,0.0095807782745361,0.0144339999999999,0.0941917782745361,0.0332945,3.197431404785156,5004.016654135254,82.85753773066551,590.3468211142218,1.0
Llama2-7B,32,32,1,32,32,128,0.059093,0.0008207499313354,0.000794,0.0607077499313354,0.0623185,2.1549664978027345,14849.418788008126,66.72870295878387,1129.2150163096117,1.0
Llama2-7B,32,32,1,32,32,256,0.059949,0.0008207499313354,0.001234,0.0620037499313354,0.0623185,2.1964384978027343,14569.039848833489,66.9637286470845,1117.011603981459,1.0
Llama2-7B,32,32,1,32,32,384,0.060805,0.0008207499313354,0.001674,0.0632997499313354,0.0623185,2.237910497802734,14299.052634776424,66.91148108499817,1100.4272853383468,1.0
Llama2-7B,32,32,1,32,32,512,0.061661,0.0008207499313354,0.002114,0.0645957499313354,0.0623185,2.279382497802734,14038.88993218434,67.43378776128569,1093.6213775528408,1.0
Llama2-7B,32,32,1,32,32,640,0.064325,0.0008207499313354,0.002554,0.0676997499313354,0.0623185,2.378710497802734,13452.666909049707,68.82811128754928,1070.00561659618,1.0
Llama2-7B,32,32,1,32,32,768,0.065181,0.0008207499313354,0.002994,0.0689957499313354,0.0623185,2.420182497802734,13222.14338342359,69.06313697584989,1059.559334404963,1.0
Llama2-7B,32,32,1,32,32,896,0.066037,0.0008207499313354,0.003434,0.0702917499313354,0.0623185,2.4616544978027344,12999.387212365957,69.01254776946294,1045.0587968784607,1.0
Llama2-7B,32,32,1,32,32,1024,0.066893,0.0008207499313354,0.003874,0.0715877499313354,0.0623185,2.503126497802734,12784.012325421778,69.5331960900511,1039.46894428492,1.0
Llama2-7B,32,32,1,32,32,1152,0.070319,0.0008207499313354,0.004314,0.0754537499313354,0.0623185,2.6268384978027344,12181.944198993187,71.53759830312295,1017.3295738438112,1.0
Llama2-7B,32,32,1,32,32,1280,0.071175,0.0008207499313354,0.004754,0.0767497499313354,0.0623185,2.668310497802734,11992.607317008627,71.77262399142359,1008.396543609745,1.0
Llama2-7B,32,32,1,32,32,1408,0.072031,0.0008207499313354,0.005194,0.0780457499313354,0.0623185,2.7097824978027343,11809.065866337116,71.72203478503664,995.7106632566066,1.0
Llama2-7B,32,32,1,32,32,1536,0.072887,0.0008207499313354,0.005634,0.0793417499313354,0.0623185,2.751254497802734,11631.057768576671,72.24268310562486,991.1600574262194,1.0
Llama2-7B,32,32,1,32,32,1664,0.075551,0.0008207499313354,0.006074,0.0824457499313354,0.0623185,2.850582497802734,11225.775793075982,73.6370066318884,974.6662073551428,1.0
Llama2-7B,32,32,1,32,32,1792,0.076407,0.0008207499313354,0.006514,0.0837417499313354,0.0623185,2.8920544978027345,11064.798406915326,73.87203232018902,966.8228345595168,1.0
Llama2-7B,32,32,1,32,32,1920,0.077263,0.0008207499313354,0.006954,0.0850377499313354,0.0623185,2.9335264978027342,10908.372576136126,73.82144311380203,955.456597773864,1.0
Llama2-7B,32,32,1,32,32,2048,0.078119,0.0008207499313354,0.007394,0.0863337499313354,0.0623185,2.974998497802734,10756.307952301311,74.34209143439023,951.65185722283,1.0
Llama2-7B,32,32,1,32,32,2176,0.081509,0.0008207499313354,0.007834,0.0901637499313354,0.0623185,3.097558497802734,10330.716925184572,76.28480404077041,935.9065138913546,1.0
Llama2-7B,32,32,1,32,32,2304,0.082365,0.0008207499313354,0.008274,0.0914597499313354,0.0623185,3.139030497802734,10194.23035946909,76.519829729071,929.0333239734236,1.0
Llama2-7B,32,32,1,32,32,2432,0.083221,0.0008207499313354,0.008714,0.0927557499313354,0.0623185,3.1805024978027343,10061.303212969446,76.46924052268406,918.8695223883884,1.0
Llama2-7B,32,32,1,32,32,2560,0.084077,0.0008207499313354,0.0091539999999999,0.0940517499313354,0.0623185,3.221974497802734,9931.79803931496,76.98988884327225,915.7068977636244,1.0
Llama2-7B,32,32,1,32,32,2688,0.086741,0.0008207499313354,0.009594,0.0971557499313354,0.0623185,3.3213024978027343,9634.774315549445,78.38421236953576,903.658158996735,1.0
Llama2-7B,32,32,1,32,32,2816,0.087597,0.0008207499313354,0.010034,0.0984517499313354,0.0623185,3.362774497802734,9515.951789484869,78.61923805783645,897.5106231701591,1.0
Llama2-7B,32,32,1,32,32,2944,0.088453,0.0008207499313354,0.0104739999999999,0.0997477499313354,0.0623185,3.4042464978027343,9400.024358005316,78.56864885144947,888.2530705736318,1.0
Llama2-7B,32,32,1,32,32,3072,0.089309,0.0008207499313354,0.010914,0.1010437499313354,0.0623185,3.445718497802734,9286.887486718884,79.08929717203765,885.5691718867935,1.0
Llama2-7B,32,32,1,32,32,3200,0.092699,0.0008207499313354,0.011354,0.1048737499313354,0.0623185,3.5682784978027344,8967.909881390951,81.03200977841786,874.1411426058299,1.0
Llama2-7B,32,32,1,32,32,3328,0.093555,0.0008207499313354,0.0117939999999999,0.1061697499313354,0.0623185,3.609750497802734,8864.878616812573,81.26703546671843,868.6551810883271,1.0
Llama2-7B,32,32,1,32,32,3456,0.094411,0.0008207499313354,0.012234,0.1074657499313354,0.0623185,3.651222497802734,8764.187890290787,81.2164462603315,860.2434701499983,1.0
Llama2-7B,32,32,1,32,32,3584,0.095267,0.0008207499313354,0.012674,0.1087617499313354,0.0623185,3.692694497802736,8665.758843316438,81.73709458091967,857.9790964438861,1.0
Llama2-7B,32,32,1,32,32,3712,0.097931,0.0008207499313354,0.0131139999999999,0.1118657499313354,0.0623185,3.7920224978027344,8438.768498483914,83.13141810718321,848.8774556287918,1.0
Llama2-7B,32,32,1,32,32,3840,0.098787,0.0008207499313354,0.013554,0.1131617499313354,0.0623185,3.833494497802734,8347.475134851928,83.36644379548383,843.9009565578857,1.0
Llama2-7B,32,32,1,32,32,3968,0.099643,0.0008207499313354,0.013994,0.1144577499313354,0.0623185,3.8749664978027343,8258.135913728627,83.31585458909686,836.143578466093,1.0
Llama2-7B,32,32,1,32,32,4096,0.100499,0.0008207499313354,0.0144339999999999,0.1157537499313354,0.0623185,3.9164384978027353,8170.6887566224195,83.83650290968512,834.202359323825,1.0
