Model,Device number,Pipeline parallelism,Tensor parallelism,Channels per device,Channels per block,Sequence length,PIM latency,CXL latency,Acc latency,TransformerBlock latency,Embedding latency,Token latency (ms),Throughput (tokens/s),Token energy (mJ),Total power (W),Device utilization
Llama2-13B,8,1,8,32,32,128,0.001771,0.0047594247860378,0,0.0065304247860378,0.001771,0.4129879914415147,2421.377911036948,6.3816209620652335,90.0849938179734,1.0
Llama2-13B,8,1,8,32,32,256,0.001771,0.0047594247860378,0,0.0065304247860378,0.001771,0.4129879914415147,2421.377911036948,6.389729511951646,90.1994566904524,1.0
Llama2-13B,8,1,8,32,32,384,0.001771,0.0047594247860378,0,0.0065304247860378,0.001771,0.4129879914415147,2421.377911036948,6.397838061838059,90.3139195629314,1.0
Llama2-13B,8,1,8,32,32,512,0.001771,0.0047594247860378,0,0.0065304247860378,0.001771,0.4129879914415147,2421.377911036948,6.405946611724472,90.4283824354104,1.0
Llama2-13B,8,1,8,32,32,640,0.001771,0.0047594247860378,0,0.0065304247860378,0.001771,0.4129879914415147,2421.377911036948,6.414055161610885,90.5428453078894,1.0
Llama2-13B,8,1,8,32,32,768,0.001771,0.0047594247860378,0,0.0065304247860378,0.001771,0.4129879914415147,2421.377911036948,6.422163711497297,90.65730818036842,1.0
Llama2-13B,8,1,8,32,32,896,0.001771,0.0047594247860378,0,0.0065304247860378,0.001771,0.4129879914415147,2421.377911036948,6.43027226138371,90.77177105284744,1.0
Llama2-13B,8,1,8,32,32,1024,0.001771,0.0047594247860378,0,0.0065304247860378,0.001771,0.4129879914415147,2421.377911036948,6.438380811270123,90.88623392532644,1.0
Llama2-13B,8,1,8,32,32,1152,0.001771,0.0047594247860378,0,0.0065304247860378,0.001771,0.4129879914415147,2421.377911036948,6.446489361156536,91.00069679780545,1.0
Llama2-13B,8,1,8,32,32,1280,0.001771,0.0047594247860378,0,0.0065304247860378,0.001771,0.4129879914415147,2421.377911036948,6.454597911042948,91.11515967028446,1.0
Llama2-13B,8,1,8,32,32,1408,0.001771,0.0047594247860378,0,0.0065304247860378,0.001771,0.4129879914415147,2421.377911036948,6.462706460929361,91.22962254276348,1.0
Llama2-13B,8,1,8,32,32,1536,0.001771,0.0047594247860378,0,0.0065304247860378,0.001771,0.4129879914415147,2421.377911036948,6.470815010815774,91.34408541524246,1.0
Llama2-13B,8,1,8,32,32,1664,0.001771,0.0047594247860378,0,0.0065304247860378,0.001771,0.4129879914415147,2421.377911036948,6.478923560702188,91.45854828772148,1.0
Llama2-13B,8,1,8,32,32,1792,0.001771,0.0047594247860378,0,0.0065304247860378,0.001771,0.4129879914415147,2421.377911036948,6.4870321105886,91.57301116020048,1.0
Llama2-13B,8,1,8,32,32,1920,0.001771,0.0047594247860378,0,0.0065304247860378,0.001771,0.4129879914415147,2421.377911036948,6.4951406604750135,91.68747403267948,1.0
Llama2-13B,8,1,8,32,32,2048,0.001771,0.0047594247860378,0,0.0065304247860378,0.001771,0.4129879914415147,2421.377911036948,6.503249210361426,91.80193690515848,1.0
Llama2-13B,8,1,8,32,32,2176,0.001771,0.0047594247860378,0,0.0065304247860378,0.001771,0.4129879914415147,2421.377911036948,6.511357760247839,91.91639977763748,1.0
Llama2-13B,8,1,8,32,32,2304,0.001771,0.0047594247860378,0,0.0065304247860378,0.001771,0.4129879914415147,2421.377911036948,6.519466310134251,92.03086265011648,1.0
Llama2-13B,8,1,8,32,32,2432,0.001771,0.0047594247860378,0,0.0065304247860378,0.001771,0.4129879914415147,2421.377911036948,6.527574860020664,92.1453255225955,1.0
Llama2-13B,8,1,8,32,32,2560,0.001771,0.0047594247860378,0,0.0065304247860378,0.001771,0.4129879914415147,2421.377911036948,6.535683409907077,92.25978839507452,1.0
Llama2-13B,8,1,8,32,32,2688,0.001771,0.0047594247860378,0,0.0065304247860378,0.001771,0.4129879914415147,2421.377911036948,6.54379195979349,92.37425126755352,1.0
Llama2-13B,8,1,8,32,32,2816,0.001771,0.0047594247860378,0,0.0065304247860378,0.001771,0.4129879914415147,2421.377911036948,6.551900509679904,92.48871414003251,1.0
Llama2-13B,8,1,8,32,32,2944,0.001771,0.0047594247860378,0,0.0065304247860378,0.001771,0.4129879914415147,2421.377911036948,6.560009059566315,92.60317701251154,1.0
Llama2-13B,8,1,8,32,32,3072,0.001771,0.0047594247860378,0,0.0065304247860378,0.001771,0.4129879914415147,2421.377911036948,6.568117609452728,92.71763988499056,1.0
Llama2-13B,8,1,8,32,32,3200,0.001771,0.0047594247860378,0,0.0065304247860378,0.001771,0.4129879914415147,2421.377911036948,6.576226159339141,92.83210275746954,1.0
Llama2-13B,8,1,8,32,32,3328,0.001771,0.0047594247860378,0,0.0065304247860378,0.001771,0.4129879914415147,2421.377911036948,6.584334709225554,92.94656562994857,1.0
Llama2-13B,8,1,8,32,32,3456,0.001771,0.0047594247860378,0,0.0065304247860378,0.001771,0.4129879914415147,2421.377911036948,6.592443259111966,93.06102850242756,1.0
Llama2-13B,8,1,8,32,32,3584,0.001771,0.0047594247860378,0,0.0065304247860378,0.001771,0.4129879914415147,2421.377911036948,6.600551808998379,93.17549137490656,1.0
Llama2-13B,8,1,8,32,32,3712,0.001771,0.0047594247860378,0,0.0065304247860378,0.001771,0.4129879914415147,2421.377911036948,6.6086603588847925,93.28995424738557,1.0
Llama2-13B,8,1,8,32,32,3840,0.001771,0.0047594247860378,0,0.0065304247860378,0.001771,0.4129879914415147,2421.377911036948,6.616768908771205,93.40441711986458,1.0
Llama2-13B,8,1,8,32,32,3968,0.001771,0.0047594247860378,0,0.0065304247860378,0.001771,0.4129879914415147,2421.377911036948,6.624877458657617,93.5188799923436,1.0
Llama2-13B,8,1,8,32,32,4096,0.001771,0.0047594247860378,0,0.0065304247860378,0.001771,0.4129879914415147,2421.377911036948,6.63298600854403,93.63334286482258,1.0
Llama2-13B,8,2,4,32,32,128,0.001771,0.0045839222208658,0,0.0063549222208658,0.001771,0.4059678888346354,4926.498018700854,3.1908104810326168,90.0849938179734,1.0
Llama2-13B,8,2,4,32,32,256,0.001771,0.0045839222208658,0,0.0063549222208658,0.001771,0.4059678888346354,4926.498018700854,3.194864755975823,90.1994566904524,1.0
Llama2-13B,8,2,4,32,32,384,0.001771,0.0045839222208658,0,0.0063549222208658,0.001771,0.4059678888346354,4926.498018700854,3.1989190309190296,90.3139195629314,1.0
Llama2-13B,8,2,4,32,32,512,0.001771,0.0045839222208658,0,0.0063549222208658,0.001771,0.4059678888346354,4926.498018700854,3.202973305862236,90.4283824354104,1.0
Llama2-13B,8,2,4,32,32,640,0.001771,0.0045839222208658,0,0.0063549222208658,0.001771,0.4059678888346354,4926.498018700854,3.2070275808054425,90.5428453078894,1.0
Llama2-13B,8,2,4,32,32,768,0.001771,0.0045839222208658,0,0.0063549222208658,0.001771,0.4059678888346354,4926.498018700854,3.2110818557486485,90.65730818036842,1.0
Llama2-13B,8,2,4,32,32,896,0.001771,0.0045839222208658,0,0.0063549222208658,0.001771,0.4059678888346354,4926.498018700854,3.215136130691855,90.77177105284744,1.0
Llama2-13B,8,2,4,32,32,1024,0.001771,0.0045839222208658,0,0.0063549222208658,0.001771,0.4059678888346354,4926.498018700854,3.2191904056350613,90.88623392532644,1.0
Llama2-13B,8,2,4,32,32,1152,0.001771,0.0045839222208658,0,0.0063549222208658,0.001771,0.4059678888346354,4926.498018700854,3.223244680578268,91.00069679780545,1.0
Llama2-13B,8,2,4,32,32,1280,0.001771,0.0045839222208658,0,0.0063549222208658,0.001771,0.4059678888346354,4926.498018700854,3.227298955521474,91.11515967028446,1.0
Llama2-13B,8,2,4,32,32,1408,0.001771,0.0045839222208658,0,0.0063549222208658,0.001771,0.4059678888346354,4926.498018700854,3.2313532304646806,91.22962254276348,1.0
Llama2-13B,8,2,4,32,32,1536,0.001771,0.0045839222208658,0,0.0063549222208658,0.001771,0.4059678888346354,4926.498018700854,3.235407505407887,91.34408541524246,1.0
Llama2-13B,8,2,4,32,32,1664,0.001771,0.0045839222208658,0,0.0063549222208658,0.001771,0.4059678888346354,4926.498018700854,3.239461780351094,91.45854828772148,1.0
Llama2-13B,8,2,4,32,32,1792,0.001771,0.0045839222208658,0,0.0063549222208658,0.001771,0.4059678888346354,4926.498018700854,3.2435160552943,91.57301116020048,1.0
Llama2-13B,8,2,4,32,32,1920,0.001771,0.0045839222208658,0,0.0063549222208658,0.001771,0.4059678888346354,4926.498018700854,3.2475703302375067,91.68747403267948,1.0
Llama2-13B,8,2,4,32,32,2048,0.001771,0.0045839222208658,0,0.0063549222208658,0.001771,0.4059678888346354,4926.498018700854,3.251624605180713,91.80193690515848,1.0
Llama2-13B,8,2,4,32,32,2176,0.001771,0.0045839222208658,0,0.0063549222208658,0.001771,0.4059678888346354,4926.498018700854,3.25567888012392,91.91639977763748,1.0
Llama2-13B,8,2,4,32,32,2304,0.001771,0.0045839222208658,0,0.0063549222208658,0.001771,0.4059678888346354,4926.498018700854,3.2597331550671256,92.03086265011648,1.0
Llama2-13B,8,2,4,32,32,2432,0.001771,0.0045839222208658,0,0.0063549222208658,0.001771,0.4059678888346354,4926.498018700854,3.263787430010332,92.1453255225955,1.0
Llama2-13B,8,2,4,32,32,2560,0.001771,0.0045839222208658,0,0.0063549222208658,0.001771,0.4059678888346354,4926.498018700854,3.2678417049535384,92.25978839507452,1.0
Llama2-13B,8,2,4,32,32,2688,0.001771,0.0045839222208658,0,0.0063549222208658,0.001771,0.4059678888346354,4926.498018700854,3.271895979896745,92.37425126755352,1.0
Llama2-13B,8,2,4,32,32,2816,0.001771,0.0045839222208658,0,0.0063549222208658,0.001771,0.4059678888346354,4926.498018700854,3.275950254839952,92.48871414003251,1.0
Llama2-13B,8,2,4,32,32,2944,0.001771,0.0045839222208658,0,0.0063549222208658,0.001771,0.4059678888346354,4926.498018700854,3.2800045297831577,92.60317701251154,1.0
Llama2-13B,8,2,4,32,32,3072,0.001771,0.0045839222208658,0,0.0063549222208658,0.001771,0.4059678888346354,4926.498018700854,3.284058804726364,92.71763988499056,1.0
Llama2-13B,8,2,4,32,32,3200,0.001771,0.0045839222208658,0,0.0063549222208658,0.001771,0.4059678888346354,4926.498018700854,3.2881130796695706,92.83210275746954,1.0
Llama2-13B,8,2,4,32,32,3328,0.001771,0.0045839222208658,0,0.0063549222208658,0.001771,0.4059678888346354,4926.498018700854,3.292167354612777,92.94656562994857,1.0
Llama2-13B,8,2,4,32,32,3456,0.001771,0.0045839222208658,0,0.0063549222208658,0.001771,0.4059678888346354,4926.498018700854,3.296221629555983,93.06102850242756,1.0
Llama2-13B,8,2,4,32,32,3584,0.001771,0.0045839222208658,0,0.0063549222208658,0.001771,0.4059678888346354,4926.498018700854,3.3002759044991894,93.17549137490656,1.0
Llama2-13B,8,2,4,32,32,3712,0.001771,0.0045839222208658,0,0.0063549222208658,0.001771,0.4059678888346354,4926.498018700854,3.3043301794423963,93.28995424738557,1.0
Llama2-13B,8,2,4,32,32,3840,0.001771,0.0045839222208658,0,0.0063549222208658,0.001771,0.4059678888346354,4926.498018700854,3.3083844543856027,93.40441711986458,1.0
Llama2-13B,8,2,4,32,32,3968,0.001771,0.0045839222208658,0,0.0063549222208658,0.001771,0.4059678888346354,4926.498018700854,3.3124387293288087,93.5188799923436,1.0
Llama2-13B,8,2,4,32,32,4096,0.001771,0.0045839222208658,0,0.0063549222208658,0.001771,0.4059678888346354,4926.498018700854,3.316493004272015,93.63334286482258,1.0
Llama2-13B,8,4,2,32,32,128,0.001771,0.0042163602447509,0,0.0059873602447509,0.001771,0.3912654097900391,10223.239519553954,1.5954052405163084,90.0849938179734,1.0
Llama2-13B,8,4,2,32,32,256,0.001771,0.0042163602447509,0,0.0059873602447509,0.001771,0.3912654097900391,10223.239519553954,1.5974323779879116,90.1994566904524,1.0
Llama2-13B,8,4,2,32,32,384,0.001771,0.0042163602447509,0,0.0059873602447509,0.001771,0.3912654097900391,10223.239519553954,1.5994595154595148,90.3139195629314,1.0
Llama2-13B,8,4,2,32,32,512,0.001771,0.0042163602447509,0,0.0059873602447509,0.001771,0.3912654097900391,10223.239519553954,1.601486652931118,90.4283824354104,1.0
Llama2-13B,8,4,2,32,32,640,0.001771,0.0042163602447509,0,0.0059873602447509,0.001771,0.3912654097900391,10223.239519553954,1.6035137904027212,90.5428453078894,1.0
Llama2-13B,8,4,2,32,32,768,0.001771,0.0042163602447509,0,0.0059873602447509,0.001771,0.3912654097900391,10223.239519553954,1.6055409278743242,90.65730818036842,1.0
Llama2-13B,8,4,2,32,32,896,0.001771,0.0042163602447509,0,0.0059873602447509,0.001771,0.3912654097900391,10223.239519553954,1.6075680653459274,90.77177105284744,1.0
Llama2-13B,8,4,2,32,32,1024,0.001771,0.0042163602447509,0,0.0059873602447509,0.001771,0.3912654097900391,10223.239519553954,1.6095952028175309,90.88623392532644,1.0
Llama2-13B,8,4,2,32,32,1152,0.001771,0.0042163602447509,0,0.0059873602447509,0.001771,0.3912654097900391,10223.239519553954,1.611622340289134,91.00069679780545,1.0
Llama2-13B,8,4,2,32,32,1280,0.001771,0.0042163602447509,0,0.0059873602447509,0.001771,0.3912654097900391,10223.239519553954,1.613649477760737,91.11515967028446,1.0
Llama2-13B,8,4,2,32,32,1408,0.001771,0.0042163602447509,0,0.0059873602447509,0.001771,0.3912654097900391,10223.239519553954,1.6156766152323403,91.22962254276348,1.0
Llama2-13B,8,4,2,32,32,1536,0.001771,0.0042163602447509,0,0.0059873602447509,0.001771,0.3912654097900391,10223.239519553954,1.6177037527039435,91.34408541524246,1.0
Llama2-13B,8,4,2,32,32,1664,0.001771,0.0042163602447509,0,0.0059873602447509,0.001771,0.3912654097900391,10223.239519553954,1.619730890175547,91.45854828772148,1.0
Llama2-13B,8,4,2,32,32,1792,0.001771,0.0042163602447509,0,0.0059873602447509,0.001771,0.3912654097900391,10223.239519553954,1.62175802764715,91.57301116020048,1.0
Llama2-13B,8,4,2,32,32,1920,0.001771,0.0042163602447509,0,0.0059873602447509,0.001771,0.3912654097900391,10223.239519553954,1.6237851651187534,91.68747403267948,1.0
Llama2-13B,8,4,2,32,32,2048,0.001771,0.0042163602447509,0,0.0059873602447509,0.001771,0.3912654097900391,10223.239519553954,1.6258123025903566,91.80193690515848,1.0
Llama2-13B,8,4,2,32,32,2176,0.001771,0.0042163602447509,0,0.0059873602447509,0.001771,0.3912654097900391,10223.239519553954,1.6278394400619598,91.91639977763748,1.0
Llama2-13B,8,4,2,32,32,2304,0.001771,0.0042163602447509,0,0.0059873602447509,0.001771,0.3912654097900391,10223.239519553954,1.6298665775335628,92.03086265011648,1.0
Llama2-13B,8,4,2,32,32,2432,0.001771,0.0042163602447509,0,0.0059873602447509,0.001771,0.3912654097900391,10223.239519553954,1.631893715005166,92.1453255225955,1.0
Llama2-13B,8,4,2,32,32,2560,0.001771,0.0042163602447509,0,0.0059873602447509,0.001771,0.3912654097900391,10223.239519553954,1.6339208524767692,92.25978839507452,1.0
Llama2-13B,8,4,2,32,32,2688,0.001771,0.0042163602447509,0,0.0059873602447509,0.001771,0.3912654097900391,10223.239519553954,1.6359479899483724,92.37425126755352,1.0
Llama2-13B,8,4,2,32,32,2816,0.001771,0.0042163602447509,0,0.0059873602447509,0.001771,0.3912654097900391,10223.239519553954,1.637975127419976,92.48871414003251,1.0
Llama2-13B,8,4,2,32,32,2944,0.001771,0.0042163602447509,0,0.0059873602447509,0.001771,0.3912654097900391,10223.239519553954,1.6400022648915789,92.60317701251154,1.0
Llama2-13B,8,4,2,32,32,3072,0.001771,0.0042163602447509,0,0.0059873602447509,0.001771,0.3912654097900391,10223.239519553954,1.642029402363182,92.71763988499056,1.0
Llama2-13B,8,4,2,32,32,3200,0.001771,0.0042163602447509,0,0.0059873602447509,0.001771,0.3912654097900391,10223.239519553954,1.6440565398347853,92.83210275746954,1.0
Llama2-13B,8,4,2,32,32,3328,0.001771,0.0042163602447509,0,0.0059873602447509,0.001771,0.3912654097900391,10223.239519553954,1.6460836773063885,92.94656562994857,1.0
Llama2-13B,8,4,2,32,32,3456,0.001771,0.0042163602447509,0,0.0059873602447509,0.001771,0.3912654097900391,10223.239519553954,1.6481108147779917,93.06102850242756,1.0
Llama2-13B,8,4,2,32,32,3584,0.001771,0.0042163602447509,0,0.0059873602447509,0.001771,0.3912654097900391,10223.239519553954,1.6501379522495947,93.17549137490656,1.0
Llama2-13B,8,4,2,32,32,3712,0.001771,0.0042163602447509,0,0.0059873602447509,0.001771,0.3912654097900391,10223.239519553954,1.652165089721198,93.28995424738557,1.0
Llama2-13B,8,4,2,32,32,3840,0.001771,0.0042163602447509,0,0.0059873602447509,0.001771,0.3912654097900391,10223.239519553954,1.6541922271928011,93.40441711986458,1.0
Llama2-13B,8,4,2,32,32,3968,0.001771,0.0042163602447509,0,0.0059873602447509,0.001771,0.3912654097900391,10223.239519553954,1.6562193646644043,93.5188799923436,1.0
Llama2-13B,8,4,2,32,32,4096,0.001771,0.0042163602447509,0,0.0059873602447509,0.001771,0.3912654097900391,10223.239519553954,1.6582465021360075,93.63334286482258,1.0
Llama2-13B,8,8,1,32,32,128,0.001771,0.0035309068298339,0,0.0053019068298339,0.001771,0.3638472731933594,21987.247368344462,0.7977026202581542,90.0849938179734,1.0
Llama2-13B,8,8,1,32,32,256,0.001771,0.0035309068298339,0,0.0053019068298339,0.001771,0.3638472731933594,21987.247368344462,0.7987161889939558,90.1994566904524,1.0
Llama2-13B,8,8,1,32,32,384,0.001771,0.0035309068298339,0,0.0053019068298339,0.001771,0.3638472731933594,21987.247368344462,0.7997297577297574,90.3139195629314,1.0
Llama2-13B,8,8,1,32,32,512,0.001771,0.0035309068298339,0,0.0053019068298339,0.001771,0.3638472731933594,21987.247368344462,0.800743326465559,90.4283824354104,1.0
Llama2-13B,8,8,1,32,32,640,0.001771,0.0035309068298339,0,0.0053019068298339,0.001771,0.3638472731933594,21987.247368344462,0.8017568952013606,90.5428453078894,1.0
Llama2-13B,8,8,1,32,32,768,0.001771,0.0035309068298339,0,0.0053019068298339,0.001771,0.3638472731933594,21987.247368344462,0.8027704639371621,90.65730818036842,1.0
Llama2-13B,8,8,1,32,32,896,0.001771,0.0035309068298339,0,0.0053019068298339,0.001771,0.3638472731933594,21987.247368344462,0.8037840326729637,90.77177105284744,1.0
Llama2-13B,8,8,1,32,32,1024,0.001771,0.0035309068298339,0,0.0053019068298339,0.001771,0.3638472731933594,21987.247368344462,0.8047976014087653,90.88623392532644,1.0
Llama2-13B,8,8,1,32,32,1152,0.001771,0.0035309068298339,0,0.0053019068298339,0.001771,0.3638472731933594,21987.247368344462,0.805811170144567,91.00069679780545,1.0
Llama2-13B,8,8,1,32,32,1280,0.001771,0.0035309068298339,0,0.0053019068298339,0.001771,0.3638472731933594,21987.247368344462,0.8068247388803685,91.11515967028446,1.0
Llama2-13B,8,8,1,32,32,1408,0.001771,0.0035309068298339,0,0.0053019068298339,0.001771,0.3638472731933594,21987.247368344462,0.8078383076161701,91.22962254276348,1.0
Llama2-13B,8,8,1,32,32,1536,0.001771,0.0035309068298339,0,0.0053019068298339,0.001771,0.3638472731933594,21987.247368344462,0.8088518763519718,91.34408541524246,1.0
Llama2-13B,8,8,1,32,32,1664,0.001771,0.0035309068298339,0,0.0053019068298339,0.001771,0.3638472731933594,21987.247368344462,0.8098654450877735,91.45854828772148,1.0
Llama2-13B,8,8,1,32,32,1792,0.001771,0.0035309068298339,0,0.0053019068298339,0.001771,0.3638472731933594,21987.247368344462,0.810879013823575,91.57301116020048,1.0
Llama2-13B,8,8,1,32,32,1920,0.001771,0.0035309068298339,0,0.0053019068298339,0.001771,0.3638472731933594,21987.247368344462,0.8118925825593767,91.68747403267948,1.0
Llama2-13B,8,8,1,32,32,2048,0.001771,0.0035309068298339,0,0.0053019068298339,0.001771,0.3638472731933594,21987.247368344462,0.8129061512951783,91.80193690515848,1.0
Llama2-13B,8,8,1,32,32,2176,0.001771,0.0035309068298339,0,0.0053019068298339,0.001771,0.3638472731933594,21987.247368344462,0.8139197200309799,91.91639977763748,1.0
Llama2-13B,8,8,1,32,32,2304,0.001771,0.0035309068298339,0,0.0053019068298339,0.001771,0.3638472731933594,21987.247368344462,0.8149332887667814,92.03086265011648,1.0
Llama2-13B,8,8,1,32,32,2432,0.001771,0.0035309068298339,0,0.0053019068298339,0.001771,0.3638472731933594,21987.247368344462,0.815946857502583,92.1453255225955,1.0
Llama2-13B,8,8,1,32,32,2560,0.001771,0.0035309068298339,0,0.0053019068298339,0.001771,0.3638472731933594,21987.247368344462,0.8169604262383846,92.25978839507452,1.0
Llama2-13B,8,8,1,32,32,2688,0.001771,0.0035309068298339,0,0.0053019068298339,0.001771,0.3638472731933594,21987.247368344462,0.8179739949741862,92.37425126755352,1.0
Llama2-13B,8,8,1,32,32,2816,0.001771,0.0035309068298339,0,0.0053019068298339,0.001771,0.3638472731933594,21987.247368344462,0.8189875637099879,92.48871414003251,1.0
Llama2-13B,8,8,1,32,32,2944,0.001771,0.0035309068298339,0,0.0053019068298339,0.001771,0.3638472731933594,21987.247368344462,0.8200011324457894,92.60317701251154,1.0
Llama2-13B,8,8,1,32,32,3072,0.001771,0.0035309068298339,0,0.0053019068298339,0.001771,0.3638472731933594,21987.247368344462,0.821014701181591,92.71763988499056,1.0
Llama2-13B,8,8,1,32,32,3200,0.001771,0.0035309068298339,0,0.0053019068298339,0.001771,0.3638472731933594,21987.247368344462,0.8220282699173926,92.83210275746954,1.0
Llama2-13B,8,8,1,32,32,3328,0.001771,0.0035309068298339,0,0.0053019068298339,0.001771,0.3638472731933594,21987.247368344462,0.8230418386531942,92.94656562994857,1.0
Llama2-13B,8,8,1,32,32,3456,0.001771,0.0035309068298339,0,0.0053019068298339,0.001771,0.3638472731933594,21987.247368344462,0.8240554073889957,93.06102850242756,1.0
Llama2-13B,8,8,1,32,32,3584,0.001771,0.0035309068298339,0,0.0053019068298339,0.001771,0.3638472731933594,21987.247368344462,0.8250689761247973,93.17549137490656,1.0
Llama2-13B,8,8,1,32,32,3712,0.001771,0.0035309068298339,0,0.0053019068298339,0.001771,0.3638472731933594,21987.247368344462,0.8260825448605991,93.28995424738557,1.0
Llama2-13B,8,8,1,32,32,3840,0.001771,0.0035309068298339,0,0.0053019068298339,0.001771,0.3638472731933594,21987.247368344462,0.8270961135964007,93.40441711986458,1.0
Llama2-13B,8,8,1,32,32,3968,0.001771,0.0035309068298339,0,0.0053019068298339,0.001771,0.3638472731933594,21987.247368344462,0.8281096823322022,93.5188799923436,1.0
Llama2-13B,8,8,1,32,32,4096,0.001771,0.0035309068298339,0,0.0053019068298339,0.001771,0.3638472731933594,21987.247368344462,0.8291232510680038,93.63334286482258,1.0
Llama2-13B,8,40,1,32,6,128,0.0065725,0.0003588139343261,0,0.0069313139343261,0.0065725,0.4338250573730469,92203.06508391454,0.2904981939092222,44.19904053392504,1.0
Llama2-13B,8,40,1,32,6,256,0.0065725,0.0003588139343261,0,0.0069313139343261,0.0065725,0.4338250573730469,92203.06508391454,0.2907009076563825,44.229883249354536,1.0
Llama2-13B,8,40,1,32,6,384,0.0065725,0.0003588139343261,0,0.0069313139343261,0.0065725,0.4338250573730469,92203.06508391454,0.2909036214035429,44.260725964784015,1.0
Llama2-13B,8,40,1,32,6,512,0.0065725,0.0003588139343261,0,0.0069313139343261,0.0065725,0.4338250573730469,92203.06508391454,0.2911063351507033,44.29156868021352,1.0
Llama2-13B,8,40,1,32,6,640,0.0065725,0.0003588139343261,0,0.0069313139343261,0.0065725,0.4338250573730469,92203.06508391454,0.2913090488978636,44.322411395643,1.0
Llama2-13B,8,40,1,32,6,768,0.0065725,0.0003588139343261,0,0.0069313139343261,0.0065725,0.4338250573730469,92203.06508391454,0.2915117626450239,44.353254111072495,1.0
Llama2-13B,8,40,1,32,6,896,0.0065725,0.0003588139343261,0,0.0069313139343261,0.0065725,0.4338250573730469,92203.06508391454,0.2917144763921842,44.38409682650197,1.0
Llama2-13B,8,40,1,32,6,1024,0.0065725,0.0003588139343261,0,0.0069313139343261,0.0065725,0.4338250573730469,92203.06508391454,0.2919171901393445,44.41493954193147,1.0
Llama2-13B,8,40,1,32,6,1152,0.0065725,0.0003588139343261,0,0.0069313139343261,0.0065725,0.4338250573730469,92203.06508391454,0.2921199038865048,44.44578225736095,1.0
Llama2-13B,8,40,1,32,6,1280,0.0065725,0.0003588139343261,0,0.0069313139343261,0.0065725,0.4338250573730469,92203.06508391454,0.2923226176336651,44.47662497279045,1.0
Llama2-13B,8,40,1,32,6,1408,0.0065725,0.0003588139343261,0,0.0069313139343261,0.0065725,0.4338250573730469,92203.06508391454,0.2925253313808255,44.50746768821993,1.0
Llama2-13B,8,40,1,32,6,1536,0.0065725,0.0003588139343261,0,0.0069313139343261,0.0065725,0.4338250573730469,92203.06508391454,0.2927280451279858,44.53831040364943,1.0
Llama2-13B,8,40,1,32,6,1664,0.0065725,0.0003588139343261,0,0.0069313139343261,0.0065725,0.4338250573730469,92203.06508391454,0.2929307588751461,44.56915311907891,1.0
Llama2-13B,8,40,1,32,6,1792,0.0065725,0.0003588139343261,0,0.0069313139343261,0.0065725,0.4338250573730469,92203.06508391454,0.2931334726223065,44.599995834508405,1.0
Llama2-13B,8,40,1,32,6,1920,0.0065725,0.0003588139343261,0,0.0069313139343261,0.0065725,0.4338250573730469,92203.06508391454,0.2933361863694668,44.63083854993789,1.0
Llama2-13B,8,40,1,32,6,2048,0.0065725,0.0003588139343261,0,0.0069313139343261,0.0065725,0.4338250573730469,92203.06508391454,0.2935389001166271,44.661681265367385,1.0
Llama2-13B,8,40,1,32,6,2176,0.0065725,0.0003588139343261,0,0.0069313139343261,0.0065725,0.4338250573730469,92203.06508391454,0.2937416138637874,44.69252398079687,1.0
Llama2-13B,8,40,1,32,6,2304,0.0065725,0.0003588139343261,0,0.0069313139343261,0.0065725,0.4338250573730469,92203.06508391454,0.2939443276109477,44.72336669622637,1.0
Llama2-13B,8,40,1,32,6,2432,0.0065725,0.0003588139343261,0,0.0069313139343261,0.0065725,0.4338250573730469,92203.06508391454,0.294147041358108,44.75420941165584,1.0
Llama2-13B,8,40,1,32,6,2560,0.0065725,0.0003588139343261,0,0.0069313139343261,0.0065725,0.4338250573730469,92203.06508391454,0.2943497551052683,44.78505212708534,1.0
Llama2-13B,8,40,1,32,6,2688,0.0065725,0.0003588139343261,0,0.0069313139343261,0.0065725,0.4338250573730469,92203.06508391454,0.2945524688524286,44.81589484251482,1.0
Llama2-13B,8,40,1,32,6,2816,0.0065725,0.0003588139343261,0,0.0069313139343261,0.0065725,0.4338250573730469,92203.06508391454,0.294755182599589,44.84673755794432,1.0
Llama2-13B,8,40,1,32,6,2944,0.0065725,0.0003588139343261,0,0.0069313139343261,0.0065725,0.4338250573730469,92203.06508391454,0.2949578963467493,44.8775802733738,1.0
Llama2-13B,8,40,1,32,6,3072,0.0065725,0.0003588139343261,0,0.0069313139343261,0.0065725,0.4338250573730469,92203.06508391454,0.2951606100939096,44.9084229888033,1.0
Llama2-13B,8,40,1,32,6,3200,0.0065725,0.0003588139343261,0,0.0069313139343261,0.0065725,0.4338250573730469,92203.06508391454,0.2953633238410699,44.93926570423278,1.0
Llama2-13B,8,40,1,32,6,3328,0.0065725,0.0003588139343261,0,0.0069313139343261,0.0065725,0.4338250573730469,92203.06508391454,0.2955660375882303,44.97010841966228,1.0
Llama2-13B,8,40,1,32,6,3456,0.0065725,0.0003588139343261,0,0.0069313139343261,0.0065725,0.4338250573730469,92203.06508391454,0.2957687513353906,45.00095113509176,1.0
Llama2-13B,8,40,1,32,6,3584,0.0065725,0.0003588139343261,0,0.0069313139343261,0.0065725,0.4338250573730469,92203.06508391454,0.2959714650825509,45.03179385052126,1.0
Llama2-13B,8,40,1,32,6,3712,0.0065725,0.0003588139343261,0,0.0069313139343261,0.0065725,0.4338250573730469,92203.06508391454,0.2961741788297112,45.06263656595075,1.0
Llama2-13B,8,40,1,32,6,3840,0.0065725,0.0003588139343261,0,0.0069313139343261,0.0065725,0.4338250573730469,92203.06508391454,0.2963768925768715,45.09347928138023,1.0
Llama2-13B,8,40,1,32,6,3968,0.0065725,0.0003588139343261,0,0.0069313139343261,0.0065725,0.4338250573730469,92203.06508391454,0.2965796063240318,45.124321996809726,1.0
Llama2-13B,8,40,1,32,6,4096,0.0065725,0.0003588139343261,0,0.0069313139343261,0.0065725,0.4338250573730469,92203.06508391454,0.2967823200711921,45.15516471223921,1.0
Llama2-13B,20,1,20,32,32,128,0.001771,0.0094062218148367,0,0.0111772218148367,0.001771,0.5988598725934711,1669.8397167092178,15.954052405163088,225.2124845449335,1.0
Llama2-13B,20,1,20,32,32,256,0.001771,0.0094062218148367,0,0.0111772218148367,0.001771,0.5988598725934711,1669.8397167092178,15.97432377987912,225.49864172613096,1.0
Llama2-13B,20,1,20,32,32,384,0.001771,0.0094062218148367,0,0.0111772218148367,0.001771,0.5988598725934711,1669.8397167092178,15.994595154595151,225.78479890732848,1.0
Llama2-13B,20,1,20,32,32,512,0.001771,0.0094062218148367,0,0.0111772218148367,0.001771,0.5988598725934711,1669.8397167092178,16.014866529311185,226.070956088526,1.0
Llama2-13B,20,1,20,32,32,640,0.001771,0.0094062218148367,0,0.0111772218148367,0.001771,0.5988598725934711,1669.8397167092178,16.035137904027216,226.3571132697235,1.0
Llama2-13B,20,1,20,32,32,768,0.001771,0.0094062218148367,0,0.0111772218148367,0.001771,0.5988598725934711,1669.8397167092178,16.055409278743245,226.64327045092105,1.0
Llama2-13B,20,1,20,32,32,896,0.001771,0.0094062218148367,0,0.0111772218148367,0.001771,0.5988598725934711,1669.8397167092178,16.075680653459283,226.9294276321185,1.0
Llama2-13B,20,1,20,32,32,1024,0.001771,0.0094062218148367,0,0.0111772218148367,0.001771,0.5988598725934711,1669.8397167092178,16.095952028175315,227.2155848133161,1.0
Llama2-13B,20,1,20,32,32,1152,0.001771,0.0094062218148367,0,0.0111772218148367,0.001771,0.5988598725934711,1669.8397167092178,16.116223402891343,227.5017419945136,1.0
Llama2-13B,20,1,20,32,32,1280,0.001771,0.0094062218148367,0,0.0111772218148367,0.001771,0.5988598725934711,1669.8397167092178,16.136494777607375,227.78789917571112,1.0
Llama2-13B,20,1,20,32,32,1408,0.001771,0.0094062218148367,0,0.0111772218148367,0.001771,0.5988598725934711,1669.8397167092178,16.15676615232341,228.07405635690864,1.0
Llama2-13B,20,1,20,32,32,1536,0.001771,0.0094062218148367,0,0.0111772218148367,0.001771,0.5988598725934711,1669.8397167092178,16.17703752703944,228.3602135381061,1.0
Llama2-13B,20,1,20,32,32,1664,0.001771,0.0094062218148367,0,0.0111772218148367,0.001771,0.5988598725934711,1669.8397167092178,16.19730890175547,228.6463707193037,1.0
Llama2-13B,20,1,20,32,32,1792,0.001771,0.0094062218148367,0,0.0111772218148367,0.001771,0.5988598725934711,1669.8397167092178,16.2175802764715,228.9325279005012,1.0
Llama2-13B,20,1,20,32,32,1920,0.001771,0.0094062218148367,0,0.0111772218148367,0.001771,0.5988598725934711,1669.8397167092178,16.237851651187533,229.21868508169865,1.0
Llama2-13B,20,1,20,32,32,2048,0.001771,0.0094062218148367,0,0.0111772218148367,0.001771,0.5988598725934711,1669.8397167092178,16.25812302590357,229.5048422628962,1.0
Llama2-13B,20,1,20,32,32,2176,0.001771,0.0094062218148367,0,0.0111772218148367,0.001771,0.5988598725934711,1669.8397167092178,16.2783944006196,229.7909994440937,1.0
Llama2-13B,20,1,20,32,32,2304,0.001771,0.0094062218148367,0,0.0111772218148367,0.001771,0.5988598725934711,1669.8397167092178,16.298665775335632,230.07715662529125,1.0
Llama2-13B,20,1,20,32,32,2432,0.001771,0.0094062218148367,0,0.0111772218148367,0.001771,0.5988598725934711,1669.8397167092178,16.318937150051664,230.36331380648875,1.0
Llama2-13B,20,1,20,32,32,2560,0.001771,0.0094062218148367,0,0.0111772218148367,0.001771,0.5988598725934711,1669.8397167092178,16.3392085247677,230.6494709876862,1.0
Llama2-13B,20,1,20,32,32,2688,0.001771,0.0094062218148367,0,0.0111772218148367,0.001771,0.5988598725934711,1669.8397167092178,16.35947989948373,230.93562816888377,1.0
Llama2-13B,20,1,20,32,32,2816,0.001771,0.0094062218148367,0,0.0111772218148367,0.001771,0.5988598725934711,1669.8397167092178,16.37975127419976,231.2217853500813,1.0
Llama2-13B,20,1,20,32,32,2944,0.001771,0.0094062218148367,0,0.0111772218148367,0.001771,0.5988598725934711,1669.8397167092178,16.40002264891579,231.5079425312788,1.0
Llama2-13B,20,1,20,32,32,3072,0.001771,0.0094062218148367,0,0.0111772218148367,0.001771,0.5988598725934711,1669.8397167092178,16.420294023631826,231.7940997124764,1.0
Llama2-13B,20,1,20,32,32,3200,0.001771,0.0094062218148367,0,0.0111772218148367,0.001771,0.5988598725934711,1669.8397167092178,16.440565398347857,232.08025689367383,1.0
Llama2-13B,20,1,20,32,32,3328,0.001771,0.0094062218148367,0,0.0111772218148367,0.001771,0.5988598725934711,1669.8397167092178,16.46083677306389,232.36641407487136,1.0
Llama2-13B,20,1,20,32,32,3456,0.001771,0.0094062218148367,0,0.0111772218148367,0.001771,0.5988598725934711,1669.8397167092178,16.481108147779917,232.65257125606888,1.0
Llama2-13B,20,1,20,32,32,3584,0.001771,0.0094062218148367,0,0.0111772218148367,0.001771,0.5988598725934711,1669.8397167092178,16.501379522495952,232.9387284372664,1.0
Llama2-13B,20,1,20,32,32,3712,0.001771,0.0094062218148367,0,0.0111772218148367,0.001771,0.5988598725934711,1669.8397167092178,16.521650897211984,233.22488561846387,1.0
Llama2-13B,20,1,20,32,32,3840,0.001771,0.0094062218148367,0,0.0111772218148367,0.001771,0.5988598725934711,1669.8397167092178,16.541922271928016,233.51104279966145,1.0
Llama2-13B,20,1,20,32,32,3968,0.001771,0.0094062218148367,0,0.0111772218148367,0.001771,0.5988598725934711,1669.8397167092178,16.562193646644047,233.7971999808589,1.0
Llama2-13B,20,1,20,32,32,4096,0.001771,0.0094062218148367,0,0.0111772218148367,0.001771,0.5988598725934711,1669.8397167092178,16.58246502136008,234.08335716205644,1.0
Llama2-13B,20,2,10,32,32,128,0.001771,0.0091337434387207,0,0.0109047434387207,0.001771,0.587960737548828,3401.5876780103995,7.977026202581545,225.2124845449335,1.0
Llama2-13B,20,2,10,32,32,256,0.001771,0.0091337434387207,0,0.0109047434387207,0.001771,0.587960737548828,3401.5876780103995,7.987161889939561,225.49864172613096,1.0
Llama2-13B,20,2,10,32,32,384,0.001771,0.0091337434387207,0,0.0109047434387207,0.001771,0.587960737548828,3401.5876780103995,7.997297577297576,225.78479890732848,1.0
Llama2-13B,20,2,10,32,32,512,0.001771,0.0091337434387207,0,0.0109047434387207,0.001771,0.587960737548828,3401.5876780103995,8.007433264655592,226.070956088526,1.0
Llama2-13B,20,2,10,32,32,640,0.001771,0.0091337434387207,0,0.0109047434387207,0.001771,0.587960737548828,3401.5876780103995,8.01756895201361,226.3571132697235,1.0
Llama2-13B,20,2,10,32,32,768,0.001771,0.0091337434387207,0,0.0109047434387207,0.001771,0.587960737548828,3401.5876780103995,8.027704639371624,226.64327045092105,1.0
Llama2-13B,20,2,10,32,32,896,0.001771,0.0091337434387207,0,0.0109047434387207,0.001771,0.587960737548828,3401.5876780103995,8.037840326729642,226.9294276321185,1.0
Llama2-13B,20,2,10,32,32,1024,0.001771,0.0091337434387207,0,0.0109047434387207,0.001771,0.587960737548828,3401.5876780103995,8.047976014087658,227.2155848133161,1.0
Llama2-13B,20,2,10,32,32,1152,0.001771,0.0091337434387207,0,0.0109047434387207,0.001771,0.587960737548828,3401.5876780103995,8.058111701445673,227.5017419945136,1.0
Llama2-13B,20,2,10,32,32,1280,0.001771,0.0091337434387207,0,0.0109047434387207,0.001771,0.587960737548828,3401.5876780103995,8.06824738880369,227.78789917571112,1.0
Llama2-13B,20,2,10,32,32,1408,0.001771,0.0091337434387207,0,0.0109047434387207,0.001771,0.587960737548828,3401.5876780103995,8.078383076161705,228.07405635690864,1.0
Llama2-13B,20,2,10,32,32,1536,0.001771,0.0091337434387207,0,0.0109047434387207,0.001771,0.587960737548828,3401.5876780103995,8.08851876351972,228.3602135381061,1.0
Llama2-13B,20,2,10,32,32,1664,0.001771,0.0091337434387207,0,0.0109047434387207,0.001771,0.587960737548828,3401.5876780103995,8.098654450877737,228.6463707193037,1.0
Llama2-13B,20,2,10,32,32,1792,0.001771,0.0091337434387207,0,0.0109047434387207,0.001771,0.587960737548828,3401.5876780103995,8.108790138235753,228.9325279005012,1.0
Llama2-13B,20,2,10,32,32,1920,0.001771,0.0091337434387207,0,0.0109047434387207,0.001771,0.587960737548828,3401.5876780103995,8.118925825593767,229.21868508169865,1.0
Llama2-13B,20,2,10,32,32,2048,0.001771,0.0091337434387207,0,0.0109047434387207,0.001771,0.587960737548828,3401.5876780103995,8.129061512951784,229.5048422628962,1.0
Llama2-13B,20,2,10,32,32,2176,0.001771,0.0091337434387207,0,0.0109047434387207,0.001771,0.587960737548828,3401.5876780103995,8.139197200309802,229.7909994440937,1.0
Llama2-13B,20,2,10,32,32,2304,0.001771,0.0091337434387207,0,0.0109047434387207,0.001771,0.587960737548828,3401.5876780103995,8.149332887667816,230.07715662529125,1.0
Llama2-13B,20,2,10,32,32,2432,0.001771,0.0091337434387207,0,0.0109047434387207,0.001771,0.587960737548828,3401.5876780103995,8.159468575025834,230.36331380648875,1.0
Llama2-13B,20,2,10,32,32,2560,0.001771,0.0091337434387207,0,0.0109047434387207,0.001771,0.587960737548828,3401.5876780103995,8.16960426238385,230.64947098768624,1.0
Llama2-13B,20,2,10,32,32,2688,0.001771,0.0091337434387207,0,0.0109047434387207,0.001771,0.587960737548828,3401.5876780103995,8.179739949741865,230.93562816888377,1.0
Llama2-13B,20,2,10,32,32,2816,0.001771,0.0091337434387207,0,0.0109047434387207,0.001771,0.587960737548828,3401.5876780103995,8.189875637099881,231.2217853500813,1.0
Llama2-13B,20,2,10,32,32,2944,0.001771,0.0091337434387207,0,0.0109047434387207,0.001771,0.587960737548828,3401.5876780103995,8.200011324457897,231.5079425312788,1.0
Llama2-13B,20,2,10,32,32,3072,0.001771,0.0091337434387207,0,0.0109047434387207,0.001771,0.587960737548828,3401.5876780103995,8.210147011815913,231.7940997124764,1.0
Llama2-13B,20,2,10,32,32,3200,0.001771,0.0091337434387207,0,0.0109047434387207,0.001771,0.587960737548828,3401.5876780103995,8.220282699173929,232.08025689367383,1.0
Llama2-13B,20,2,10,32,32,3328,0.001771,0.0091337434387207,0,0.0109047434387207,0.001771,0.587960737548828,3401.5876780103995,8.230418386531946,232.36641407487136,1.0
Llama2-13B,20,2,10,32,32,3456,0.001771,0.0091337434387207,0,0.0109047434387207,0.001771,0.587960737548828,3401.5876780103995,8.24055407388996,232.65257125606888,1.0
Llama2-13B,20,2,10,32,32,3584,0.001771,0.0091337434387207,0,0.0109047434387207,0.001771,0.587960737548828,3401.5876780103995,8.250689761247976,232.9387284372664,1.0
Llama2-13B,20,2,10,32,32,3712,0.001771,0.0091337434387207,0,0.0109047434387207,0.001771,0.587960737548828,3401.5876780103995,8.260825448605992,233.22488561846387,1.0
Llama2-13B,20,2,10,32,32,3840,0.001771,0.0091337434387207,0,0.0109047434387207,0.001771,0.587960737548828,3401.5876780103995,8.27096113596401,233.51104279966145,1.0
Llama2-13B,20,2,10,32,32,3968,0.001771,0.0091337434387207,0,0.0109047434387207,0.001771,0.587960737548828,3401.5876780103995,8.281096823322024,233.7971999808589,1.0
Llama2-13B,20,2,10,32,32,4096,0.001771,0.0091337434387207,0,0.0109047434387207,0.001771,0.587960737548828,3401.5876780103995,8.29123251068004,234.08335716205644,1.0
Llama2-13B,20,4,5,32,32,128,0.001771,0.0085462119402204,0,0.0103172119402204,0.001771,0.564459477608817,7086.4254364988965,3.988513101290773,225.2124845449335,1.0
Llama2-13B,20,4,5,32,32,256,0.001771,0.0085462119402204,0,0.0103172119402204,0.001771,0.564459477608817,7086.4254364988965,3.99358094496978,225.49864172613096,1.0
Llama2-13B,20,4,5,32,32,384,0.001771,0.0085462119402204,0,0.0103172119402204,0.001771,0.564459477608817,7086.4254364988965,3.998648788648788,225.78479890732848,1.0
Llama2-13B,20,4,5,32,32,512,0.001771,0.0085462119402204,0,0.0103172119402204,0.001771,0.564459477608817,7086.4254364988965,4.003716632327796,226.070956088526,1.0
Llama2-13B,20,4,5,32,32,640,0.001771,0.0085462119402204,0,0.0103172119402204,0.001771,0.564459477608817,7086.4254364988965,4.008784476006805,226.3571132697235,1.0
Llama2-13B,20,4,5,32,32,768,0.001771,0.0085462119402204,0,0.0103172119402204,0.001771,0.564459477608817,7086.4254364988965,4.013852319685812,226.64327045092105,1.0
Llama2-13B,20,4,5,32,32,896,0.001771,0.0085462119402204,0,0.0103172119402204,0.001771,0.564459477608817,7086.4254364988965,4.018920163364821,226.9294276321185,1.0
Llama2-13B,20,4,5,32,32,1024,0.001771,0.0085462119402204,0,0.0103172119402204,0.001771,0.564459477608817,7086.4254364988965,4.023988007043829,227.2155848133161,1.0
Llama2-13B,20,4,5,32,32,1152,0.001771,0.0085462119402204,0,0.0103172119402204,0.001771,0.564459477608817,7086.4254364988965,4.029055850722837,227.5017419945136,1.0
Llama2-13B,20,4,5,32,32,1280,0.001771,0.0085462119402204,0,0.0103172119402204,0.001771,0.564459477608817,7086.4254364988965,4.034123694401845,227.78789917571112,1.0
Llama2-13B,20,4,5,32,32,1408,0.001771,0.0085462119402204,0,0.0103172119402204,0.001771,0.564459477608817,7086.4254364988965,4.0391915380808525,228.07405635690864,1.0
Llama2-13B,20,4,5,32,32,1536,0.001771,0.0085462119402204,0,0.0103172119402204,0.001771,0.564459477608817,7086.4254364988965,4.04425938175986,228.3602135381061,1.0
Llama2-13B,20,4,5,32,32,1664,0.001771,0.0085462119402204,0,0.0103172119402204,0.001771,0.564459477608817,7086.4254364988965,4.049327225438868,228.6463707193037,1.0
Llama2-13B,20,4,5,32,32,1792,0.001771,0.0085462119402204,0,0.0103172119402204,0.001771,0.564459477608817,7086.4254364988965,4.054395069117876,228.9325279005012,1.0
Llama2-13B,20,4,5,32,32,1920,0.001771,0.0085462119402204,0,0.0103172119402204,0.001771,0.564459477608817,7086.4254364988965,4.059462912796883,229.21868508169865,1.0
Llama2-13B,20,4,5,32,32,2048,0.001771,0.0085462119402204,0,0.0103172119402204,0.001771,0.564459477608817,7086.4254364988965,4.064530756475892,229.5048422628962,1.0
Llama2-13B,20,4,5,32,32,2176,0.001771,0.0085462119402204,0,0.0103172119402204,0.001771,0.564459477608817,7086.4254364988965,4.069598600154901,229.7909994440937,1.0
Llama2-13B,20,4,5,32,32,2304,0.001771,0.0085462119402204,0,0.0103172119402204,0.001771,0.564459477608817,7086.4254364988965,4.074666443833908,230.07715662529125,1.0
Llama2-13B,20,4,5,32,32,2432,0.001771,0.0085462119402204,0,0.0103172119402204,0.001771,0.564459477608817,7086.4254364988965,4.079734287512917,230.36331380648875,1.0
Llama2-13B,20,4,5,32,32,2560,0.001771,0.0085462119402204,0,0.0103172119402204,0.001771,0.564459477608817,7086.4254364988965,4.084802131191925,230.64947098768624,1.0
Llama2-13B,20,4,5,32,32,2688,0.001771,0.0085462119402204,0,0.0103172119402204,0.001771,0.564459477608817,7086.4254364988965,4.089869974870933,230.93562816888377,1.0
Llama2-13B,20,4,5,32,32,2816,0.001771,0.0085462119402204,0,0.0103172119402204,0.001771,0.564459477608817,7086.4254364988965,4.0949378185499405,231.2217853500813,1.0
Llama2-13B,20,4,5,32,32,2944,0.001771,0.0085462119402204,0,0.0103172119402204,0.001771,0.564459477608817,7086.4254364988965,4.1000056622289485,231.5079425312788,1.0
Llama2-13B,20,4,5,32,32,3072,0.001771,0.0085462119402204,0,0.0103172119402204,0.001771,0.564459477608817,7086.4254364988965,4.105073505907956,231.7940997124764,1.0
Llama2-13B,20,4,5,32,32,3200,0.001771,0.0085462119402204,0,0.0103172119402204,0.001771,0.564459477608817,7086.4254364988965,4.110141349586964,232.08025689367383,1.0
Llama2-13B,20,4,5,32,32,3328,0.001771,0.0085462119402204,0,0.0103172119402204,0.001771,0.564459477608817,7086.4254364988965,4.115209193265973,232.36641407487136,1.0
Llama2-13B,20,4,5,32,32,3456,0.001771,0.0085462119402204,0,0.0103172119402204,0.001771,0.564459477608817,7086.4254364988965,4.12027703694498,232.65257125606888,1.0
Llama2-13B,20,4,5,32,32,3584,0.001771,0.0085462119402204,0,0.0103172119402204,0.001771,0.564459477608817,7086.4254364988965,4.125344880623988,232.9387284372664,1.0
Llama2-13B,20,4,5,32,32,3712,0.001771,0.0085462119402204,0,0.0103172119402204,0.001771,0.564459477608817,7086.4254364988965,4.130412724302996,233.22488561846387,1.0
Llama2-13B,20,4,5,32,32,3840,0.001771,0.0085462119402204,0,0.0103172119402204,0.001771,0.564459477608817,7086.4254364988965,4.135480567982005,233.51104279966145,1.0
Llama2-13B,20,4,5,32,32,3968,0.001771,0.0085462119402204,0,0.0103172119402204,0.001771,0.564459477608817,7086.4254364988965,4.140548411661012,233.7971999808589,1.0
Llama2-13B,20,4,5,32,32,4096,0.001771,0.0085462119402204,0,0.0103172119402204,0.001771,0.564459477608817,7086.4254364988965,4.14561625534002,234.08335716205644,1.0
Llama2-13B,20,5,4,32,32,128,0.001771,0.0083929428536551,0,0.0101639428536551,0.001771,0.5583287141462053,8955.297969308253,3.1908104810326168,225.2124845449335,1.0
Llama2-13B,20,5,4,32,32,256,0.001771,0.0083929428536551,0,0.0101639428536551,0.001771,0.5583287141462053,8955.297969308253,3.194864755975823,225.49864172613096,1.0
Llama2-13B,20,5,4,32,32,384,0.001771,0.0083929428536551,0,0.0101639428536551,0.001771,0.5583287141462053,8955.297969308253,3.1989190309190296,225.78479890732848,1.0
Llama2-13B,20,5,4,32,32,512,0.001771,0.0083929428536551,0,0.0101639428536551,0.001771,0.5583287141462053,8955.297969308253,3.202973305862236,226.070956088526,1.0
Llama2-13B,20,5,4,32,32,640,0.001771,0.0083929428536551,0,0.0101639428536551,0.001771,0.5583287141462053,8955.297969308253,3.2070275808054425,226.3571132697235,1.0
Llama2-13B,20,5,4,32,32,768,0.001771,0.0083929428536551,0,0.0101639428536551,0.001771,0.5583287141462053,8955.297969308253,3.2110818557486485,226.64327045092105,1.0
Llama2-13B,20,5,4,32,32,896,0.001771,0.0083929428536551,0,0.0101639428536551,0.001771,0.5583287141462053,8955.297969308253,3.215136130691855,226.9294276321185,1.0
Llama2-13B,20,5,4,32,32,1024,0.001771,0.0083929428536551,0,0.0101639428536551,0.001771,0.5583287141462053,8955.297969308253,3.2191904056350613,227.2155848133161,1.0
Llama2-13B,20,5,4,32,32,1152,0.001771,0.0083929428536551,0,0.0101639428536551,0.001771,0.5583287141462053,8955.297969308253,3.223244680578268,227.5017419945136,1.0
Llama2-13B,20,5,4,32,32,1280,0.001771,0.0083929428536551,0,0.0101639428536551,0.001771,0.5583287141462053,8955.297969308253,3.227298955521474,227.78789917571112,1.0
Llama2-13B,20,5,4,32,32,1408,0.001771,0.0083929428536551,0,0.0101639428536551,0.001771,0.5583287141462053,8955.297969308253,3.2313532304646806,228.07405635690864,1.0
Llama2-13B,20,5,4,32,32,1536,0.001771,0.0083929428536551,0,0.0101639428536551,0.001771,0.5583287141462053,8955.297969308253,3.235407505407887,228.3602135381061,1.0
Llama2-13B,20,5,4,32,32,1664,0.001771,0.0083929428536551,0,0.0101639428536551,0.001771,0.5583287141462053,8955.297969308253,3.239461780351094,228.6463707193037,1.0
Llama2-13B,20,5,4,32,32,1792,0.001771,0.0083929428536551,0,0.0101639428536551,0.001771,0.5583287141462053,8955.297969308253,3.2435160552943,228.9325279005012,1.0
Llama2-13B,20,5,4,32,32,1920,0.001771,0.0083929428536551,0,0.0101639428536551,0.001771,0.5583287141462053,8955.297969308253,3.2475703302375067,229.21868508169865,1.0
Llama2-13B,20,5,4,32,32,2048,0.001771,0.0083929428536551,0,0.0101639428536551,0.001771,0.5583287141462053,8955.297969308253,3.251624605180713,229.5048422628962,1.0
Llama2-13B,20,5,4,32,32,2176,0.001771,0.0083929428536551,0,0.0101639428536551,0.001771,0.5583287141462053,8955.297969308253,3.25567888012392,229.7909994440937,1.0
Llama2-13B,20,5,4,32,32,2304,0.001771,0.0083929428536551,0,0.0101639428536551,0.001771,0.5583287141462053,8955.297969308253,3.2597331550671256,230.07715662529125,1.0
Llama2-13B,20,5,4,32,32,2432,0.001771,0.0083929428536551,0,0.0101639428536551,0.001771,0.5583287141462053,8955.297969308253,3.263787430010332,230.36331380648875,1.0
Llama2-13B,20,5,4,32,32,2560,0.001771,0.0083929428536551,0,0.0101639428536551,0.001771,0.5583287141462053,8955.297969308253,3.2678417049535384,230.64947098768624,1.0
Llama2-13B,20,5,4,32,32,2688,0.001771,0.0083929428536551,0,0.0101639428536551,0.001771,0.5583287141462053,8955.297969308253,3.271895979896745,230.93562816888377,1.0
Llama2-13B,20,5,4,32,32,2816,0.001771,0.0083929428536551,0,0.0101639428536551,0.001771,0.5583287141462053,8955.297969308253,3.275950254839952,231.2217853500813,1.0
Llama2-13B,20,5,4,32,32,2944,0.001771,0.0083929428536551,0,0.0101639428536551,0.001771,0.5583287141462053,8955.297969308253,3.2800045297831577,231.5079425312788,1.0
Llama2-13B,20,5,4,32,32,3072,0.001771,0.0083929428536551,0,0.0101639428536551,0.001771,0.5583287141462053,8955.297969308253,3.284058804726364,231.7940997124764,1.0
Llama2-13B,20,5,4,32,32,3200,0.001771,0.0083929428536551,0,0.0101639428536551,0.001771,0.5583287141462053,8955.297969308253,3.2881130796695706,232.08025689367383,1.0
Llama2-13B,20,5,4,32,32,3328,0.001771,0.0083929428536551,0,0.0101639428536551,0.001771,0.5583287141462053,8955.297969308253,3.292167354612777,232.36641407487136,1.0
Llama2-13B,20,5,4,32,32,3456,0.001771,0.0083929428536551,0,0.0101639428536551,0.001771,0.5583287141462053,8955.297969308253,3.296221629555983,232.65257125606888,1.0
Llama2-13B,20,5,4,32,32,3584,0.001771,0.0083929428536551,0,0.0101639428536551,0.001771,0.5583287141462053,8955.297969308253,3.3002759044991894,232.9387284372664,1.0
Llama2-13B,20,5,4,32,32,3712,0.001771,0.0083929428536551,0,0.0101639428536551,0.001771,0.5583287141462053,8955.297969308253,3.3043301794423963,233.22488561846387,1.0
Llama2-13B,20,5,4,32,32,3840,0.001771,0.0083929428536551,0,0.0101639428536551,0.001771,0.5583287141462053,8955.297969308253,3.3083844543856027,233.51104279966145,1.0
Llama2-13B,20,5,4,32,32,3968,0.001771,0.0083929428536551,0,0.0101639428536551,0.001771,0.5583287141462053,8955.297969308253,3.3124387293288087,233.7971999808589,1.0
Llama2-13B,20,5,4,32,32,4096,0.001771,0.0083929428536551,0,0.0101639428536551,0.001771,0.5583287141462053,8955.297969308253,3.316493004272015,234.08335716205644,1.0
Llama2-13B,20,10,2,32,32,128,0.001771,0.0074477834865025,0,0.0092187834865025,0.001771,0.5205223394601004,19211.471327767154,1.5954052405163084,225.2124845449335,1.0
Llama2-13B,20,10,2,32,32,256,0.001771,0.0074477834865025,0,0.0092187834865025,0.001771,0.5205223394601004,19211.471327767154,1.5974323779879116,225.49864172613096,1.0
Llama2-13B,20,10,2,32,32,384,0.001771,0.0074477834865025,0,0.0092187834865025,0.001771,0.5205223394601004,19211.471327767154,1.5994595154595148,225.78479890732848,1.0
Llama2-13B,20,10,2,32,32,512,0.001771,0.0074477834865025,0,0.0092187834865025,0.001771,0.5205223394601004,19211.471327767154,1.601486652931118,226.070956088526,1.0
Llama2-13B,20,10,2,32,32,640,0.001771,0.0074477834865025,0,0.0092187834865025,0.001771,0.5205223394601004,19211.471327767154,1.6035137904027212,226.3571132697235,1.0
Llama2-13B,20,10,2,32,32,768,0.001771,0.0074477834865025,0,0.0092187834865025,0.001771,0.5205223394601004,19211.471327767154,1.6055409278743242,226.64327045092105,1.0
Llama2-13B,20,10,2,32,32,896,0.001771,0.0074477834865025,0,0.0092187834865025,0.001771,0.5205223394601004,19211.471327767154,1.6075680653459274,226.9294276321185,1.0
Llama2-13B,20,10,2,32,32,1024,0.001771,0.0074477834865025,0,0.0092187834865025,0.001771,0.5205223394601004,19211.471327767154,1.6095952028175309,227.2155848133161,1.0
Llama2-13B,20,10,2,32,32,1152,0.001771,0.0074477834865025,0,0.0092187834865025,0.001771,0.5205223394601004,19211.471327767154,1.611622340289134,227.5017419945136,1.0
Llama2-13B,20,10,2,32,32,1280,0.001771,0.0074477834865025,0,0.0092187834865025,0.001771,0.5205223394601004,19211.471327767154,1.613649477760737,227.78789917571112,1.0
Llama2-13B,20,10,2,32,32,1408,0.001771,0.0074477834865025,0,0.0092187834865025,0.001771,0.5205223394601004,19211.471327767154,1.6156766152323403,228.07405635690864,1.0
Llama2-13B,20,10,2,32,32,1536,0.001771,0.0074477834865025,0,0.0092187834865025,0.001771,0.5205223394601004,19211.471327767154,1.6177037527039435,228.3602135381061,1.0
Llama2-13B,20,10,2,32,32,1664,0.001771,0.0074477834865025,0,0.0092187834865025,0.001771,0.5205223394601004,19211.471327767154,1.619730890175547,228.6463707193037,1.0
Llama2-13B,20,10,2,32,32,1792,0.001771,0.0074477834865025,0,0.0092187834865025,0.001771,0.5205223394601004,19211.471327767154,1.62175802764715,228.9325279005012,1.0
Llama2-13B,20,10,2,32,32,1920,0.001771,0.0074477834865025,0,0.0092187834865025,0.001771,0.5205223394601004,19211.471327767154,1.6237851651187534,229.21868508169865,1.0
Llama2-13B,20,10,2,32,32,2048,0.001771,0.0074477834865025,0,0.0092187834865025,0.001771,0.5205223394601004,19211.471327767154,1.6258123025903566,229.5048422628962,1.0
Llama2-13B,20,10,2,32,32,2176,0.001771,0.0074477834865025,0,0.0092187834865025,0.001771,0.5205223394601004,19211.471327767154,1.6278394400619598,229.7909994440937,1.0
Llama2-13B,20,10,2,32,32,2304,0.001771,0.0074477834865025,0,0.0092187834865025,0.001771,0.5205223394601004,19211.471327767154,1.6298665775335628,230.07715662529125,1.0
Llama2-13B,20,10,2,32,32,2432,0.001771,0.0074477834865025,0,0.0092187834865025,0.001771,0.5205223394601004,19211.471327767154,1.631893715005166,230.36331380648875,1.0
Llama2-13B,20,10,2,32,32,2560,0.001771,0.0074477834865025,0,0.0092187834865025,0.001771,0.5205223394601004,19211.471327767154,1.6339208524767692,230.64947098768624,1.0
Llama2-13B,20,10,2,32,32,2688,0.001771,0.0074477834865025,0,0.0092187834865025,0.001771,0.5205223394601004,19211.471327767154,1.6359479899483724,230.93562816888377,1.0
Llama2-13B,20,10,2,32,32,2816,0.001771,0.0074477834865025,0,0.0092187834865025,0.001771,0.5205223394601004,19211.471327767154,1.637975127419976,231.2217853500813,1.0
Llama2-13B,20,10,2,32,32,2944,0.001771,0.0074477834865025,0,0.0092187834865025,0.001771,0.5205223394601004,19211.471327767154,1.6400022648915789,231.5079425312788,1.0
Llama2-13B,20,10,2,32,32,3072,0.001771,0.0074477834865025,0,0.0092187834865025,0.001771,0.5205223394601004,19211.471327767154,1.642029402363182,231.7940997124764,1.0
Llama2-13B,20,10,2,32,32,3200,0.001771,0.0074477834865025,0,0.0092187834865025,0.001771,0.5205223394601004,19211.471327767154,1.6440565398347853,232.08025689367383,1.0
Llama2-13B,20,10,2,32,32,3328,0.001771,0.0074477834865025,0,0.0092187834865025,0.001771,0.5205223394601004,19211.471327767154,1.6460836773063885,232.36641407487136,1.0
Llama2-13B,20,10,2,32,32,3456,0.001771,0.0074477834865025,0,0.0092187834865025,0.001771,0.5205223394601004,19211.471327767154,1.6481108147779917,232.65257125606888,1.0
Llama2-13B,20,10,2,32,32,3584,0.001771,0.0074477834865025,0,0.0092187834865025,0.001771,0.5205223394601004,19211.471327767154,1.6501379522495947,232.9387284372664,1.0
Llama2-13B,20,10,2,32,32,3712,0.001771,0.0074477834865025,0,0.0092187834865025,0.001771,0.5205223394601004,19211.471327767154,1.652165089721198,233.22488561846387,1.0
Llama2-13B,20,10,2,32,32,3840,0.001771,0.0074477834865025,0,0.0092187834865025,0.001771,0.5205223394601004,19211.471327767154,1.6541922271928011,233.51104279966145,1.0
Llama2-13B,20,10,2,32,32,3968,0.001771,0.0074477834865025,0,0.0092187834865025,0.001771,0.5205223394601004,19211.471327767154,1.6562193646644043,233.7971999808589,1.0
Llama2-13B,20,10,2,32,32,4096,0.001771,0.0074477834865025,0,0.0092187834865025,0.001771,0.5205223394601004,19211.471327767154,1.6582465021360075,234.08335716205644,1.0
Llama2-13B,20,20,1,32,32,128,0.001771,0.0056851889910016,0,0.0074561889910016,0.001771,0.450018559640067,44442.61146917222,0.7977026202581542,225.2124845449335,1.0
Llama2-13B,20,20,1,32,32,256,0.001771,0.0056851889910016,0,0.0074561889910016,0.001771,0.450018559640067,44442.61146917222,0.7987161889939558,225.49864172613096,1.0
Llama2-13B,20,20,1,32,32,384,0.001771,0.0056851889910016,0,0.0074561889910016,0.001771,0.450018559640067,44442.61146917222,0.7997297577297574,225.78479890732848,1.0
Llama2-13B,20,20,1,32,32,512,0.001771,0.0056851889910016,0,0.0074561889910016,0.001771,0.450018559640067,44442.61146917222,0.800743326465559,226.070956088526,1.0
Llama2-13B,20,20,1,32,32,640,0.001771,0.0056851889910016,0,0.0074561889910016,0.001771,0.450018559640067,44442.61146917222,0.8017568952013606,226.3571132697235,1.0
Llama2-13B,20,20,1,32,32,768,0.001771,0.0056851889910016,0,0.0074561889910016,0.001771,0.450018559640067,44442.61146917222,0.8027704639371621,226.64327045092105,1.0
Llama2-13B,20,20,1,32,32,896,0.001771,0.0056851889910016,0,0.0074561889910016,0.001771,0.450018559640067,44442.61146917222,0.8037840326729637,226.9294276321185,1.0
Llama2-13B,20,20,1,32,32,1024,0.001771,0.0056851889910016,0,0.0074561889910016,0.001771,0.450018559640067,44442.61146917222,0.8047976014087653,227.2155848133161,1.0
Llama2-13B,20,20,1,32,32,1152,0.001771,0.0056851889910016,0,0.0074561889910016,0.001771,0.450018559640067,44442.61146917222,0.805811170144567,227.5017419945136,1.0
Llama2-13B,20,20,1,32,32,1280,0.001771,0.0056851889910016,0,0.0074561889910016,0.001771,0.450018559640067,44442.61146917222,0.8068247388803685,227.78789917571112,1.0
Llama2-13B,20,20,1,32,32,1408,0.001771,0.0056851889910016,0,0.0074561889910016,0.001771,0.450018559640067,44442.61146917222,0.8078383076161701,228.07405635690864,1.0
Llama2-13B,20,20,1,32,32,1536,0.001771,0.0056851889910016,0,0.0074561889910016,0.001771,0.450018559640067,44442.61146917222,0.8088518763519718,228.3602135381061,1.0
Llama2-13B,20,20,1,32,32,1664,0.001771,0.0056851889910016,0,0.0074561889910016,0.001771,0.450018559640067,44442.61146917222,0.8098654450877735,228.6463707193037,1.0
Llama2-13B,20,20,1,32,32,1792,0.001771,0.0056851889910016,0,0.0074561889910016,0.001771,0.450018559640067,44442.61146917222,0.810879013823575,228.9325279005012,1.0
Llama2-13B,20,20,1,32,32,1920,0.001771,0.0056851889910016,0,0.0074561889910016,0.001771,0.450018559640067,44442.61146917222,0.8118925825593767,229.21868508169865,1.0
Llama2-13B,20,20,1,32,32,2048,0.001771,0.0056851889910016,0,0.0074561889910016,0.001771,0.450018559640067,44442.61146917222,0.8129061512951783,229.5048422628962,1.0
Llama2-13B,20,20,1,32,32,2176,0.001771,0.0056851889910016,0,0.0074561889910016,0.001771,0.450018559640067,44442.61146917222,0.8139197200309799,229.7909994440937,1.0
Llama2-13B,20,20,1,32,32,2304,0.001771,0.0056851889910016,0,0.0074561889910016,0.001771,0.450018559640067,44442.61146917222,0.8149332887667814,230.07715662529125,1.0
Llama2-13B,20,20,1,32,32,2432,0.001771,0.0056851889910016,0,0.0074561889910016,0.001771,0.450018559640067,44442.61146917222,0.815946857502583,230.36331380648875,1.0
Llama2-13B,20,20,1,32,32,2560,0.001771,0.0056851889910016,0,0.0074561889910016,0.001771,0.450018559640067,44442.61146917222,0.8169604262383846,230.64947098768624,1.0
Llama2-13B,20,20,1,32,32,2688,0.001771,0.0056851889910016,0,0.0074561889910016,0.001771,0.450018559640067,44442.61146917222,0.8179739949741862,230.93562816888377,1.0
Llama2-13B,20,20,1,32,32,2816,0.001771,0.0056851889910016,0,0.0074561889910016,0.001771,0.450018559640067,44442.61146917222,0.8189875637099879,231.2217853500813,1.0
Llama2-13B,20,20,1,32,32,2944,0.001771,0.0056851889910016,0,0.0074561889910016,0.001771,0.450018559640067,44442.61146917222,0.8200011324457894,231.5079425312788,1.0
Llama2-13B,20,20,1,32,32,3072,0.001771,0.0056851889910016,0,0.0074561889910016,0.001771,0.450018559640067,44442.61146917222,0.821014701181591,231.7940997124764,1.0
Llama2-13B,20,20,1,32,32,3200,0.001771,0.0056851889910016,0,0.0074561889910016,0.001771,0.450018559640067,44442.61146917222,0.8220282699173926,232.08025689367383,1.0
Llama2-13B,20,20,1,32,32,3328,0.001771,0.0056851889910016,0,0.0074561889910016,0.001771,0.450018559640067,44442.61146917222,0.8230418386531942,232.36641407487136,1.0
Llama2-13B,20,20,1,32,32,3456,0.001771,0.0056851889910016,0,0.0074561889910016,0.001771,0.450018559640067,44442.61146917222,0.8240554073889957,232.65257125606888,1.0
Llama2-13B,20,20,1,32,32,3584,0.001771,0.0056851889910016,0,0.0074561889910016,0.001771,0.450018559640067,44442.61146917222,0.8250689761247973,232.9387284372664,1.0
Llama2-13B,20,20,1,32,32,3712,0.001771,0.0056851889910016,0,0.0074561889910016,0.001771,0.450018559640067,44442.61146917222,0.8260825448605991,233.22488561846387,1.0
Llama2-13B,20,20,1,32,32,3840,0.001771,0.0056851889910016,0,0.0074561889910016,0.001771,0.450018559640067,44442.61146917222,0.8270961135964007,233.51104279966145,1.0
Llama2-13B,20,20,1,32,32,3968,0.001771,0.0056851889910016,0,0.0074561889910016,0.001771,0.450018559640067,44442.61146917222,0.8281096823322022,233.7971999808589,1.0
Llama2-13B,20,20,1,32,32,4096,0.001771,0.0056851889910016,0,0.0074561889910016,0.001771,0.450018559640067,44442.61146917222,0.8291232510680038,234.08335716205644,1.0
Llama2-13B,20,40,1,32,16,128,0.002042,0.0006398072596958,0,0.0026818072596958,0.002042,0.2593142903878348,154252.9720987429,0.4740147196152371,232.13257571755005,1.0
Llama2-13B,20,40,1,32,16,256,0.002042,0.0006398072596958,0,0.0026818072596958,0.002042,0.2593142903878348,154252.9720987429,0.4745215039831379,232.380756113192,1.0
Llama2-13B,20,40,1,32,16,384,0.002042,0.0006398072596958,0,0.0026818072596958,0.002042,0.2593142903878348,154252.9720987429,0.4750282883510387,232.62893650883387,1.0
Llama2-13B,20,40,1,32,16,512,0.002042,0.0006398072596958,0,0.0026818072596958,0.002042,0.2593142903878348,154252.9720987429,0.4755350727189395,232.87711690447583,1.0
Llama2-13B,20,40,1,32,16,640,0.002042,0.0006398072596958,0,0.0026818072596958,0.002042,0.2593142903878348,154252.9720987429,0.4760418570868404,233.1252973001177,1.0
Llama2-13B,20,40,1,32,16,768,0.002042,0.0006398072596958,0,0.0026818072596958,0.002042,0.2593142903878348,154252.9720987429,0.4765486414547411,233.37347769575965,1.0
Llama2-13B,20,40,1,32,16,896,0.002042,0.0006398072596958,0,0.0026818072596958,0.002042,0.2593142903878348,154252.9720987429,0.4770554258226419,233.6216580914016,1.0
Llama2-13B,20,40,1,32,16,1024,0.002042,0.0006398072596958,0,0.0026818072596958,0.002042,0.2593142903878348,154252.9720987429,0.4775622101905427,233.8698384870435,1.0
Llama2-13B,20,40,1,32,16,1152,0.002042,0.0006398072596958,0,0.0026818072596958,0.002042,0.2593142903878348,154252.9720987429,0.4780689945584435,234.11801888268545,1.0
Llama2-13B,20,40,1,32,16,1280,0.002042,0.0006398072596958,0,0.0026818072596958,0.002042,0.2593142903878348,154252.9720987429,0.4785757789263443,234.3661992783273,1.0
Llama2-13B,20,40,1,32,16,1408,0.002042,0.0006398072596958,0,0.0026818072596958,0.002042,0.2593142903878348,154252.9720987429,0.4790825632942451,234.61437967396924,1.0
Llama2-13B,20,40,1,32,16,1536,0.002042,0.0006398072596958,0,0.0026818072596958,0.002042,0.2593142903878348,154252.9720987429,0.4795893476621459,234.8625600696112,1.0
Llama2-13B,20,40,1,32,16,1664,0.002042,0.0006398072596958,0,0.0026818072596958,0.002042,0.2593142903878348,154252.9720987429,0.4800961320300468,235.1107404652531,1.0
Llama2-13B,20,40,1,32,16,1792,0.002042,0.0006398072596958,0,0.0026818072596958,0.002042,0.2593142903878348,154252.9720987429,0.4806029163979475,235.358920860895,1.0
Llama2-13B,20,40,1,32,16,1920,0.002042,0.0006398072596958,0,0.0026818072596958,0.002042,0.2593142903878348,154252.9720987429,0.4811097007658483,235.6071012565369,1.0
Llama2-13B,20,40,1,32,16,2048,0.002042,0.0006398072596958,0,0.0026818072596958,0.002042,0.2593142903878348,154252.9720987429,0.4816164851337491,235.8552816521789,1.0
Llama2-13B,20,40,1,32,16,2176,0.002042,0.0006398072596958,0,0.0026818072596958,0.002042,0.2593142903878348,154252.9720987429,0.4821232695016499,236.1034620478208,1.0
Llama2-13B,20,40,1,32,16,2304,0.002042,0.0006398072596958,0,0.0026818072596958,0.002042,0.2593142903878348,154252.9720987429,0.4826300538695507,236.35164244346268,1.0
Llama2-13B,20,40,1,32,16,2432,0.002042,0.0006398072596958,0,0.0026818072596958,0.002042,0.2593142903878348,154252.9720987429,0.4831368382374515,236.5998228391046,1.0
Llama2-13B,20,40,1,32,16,2560,0.002042,0.0006398072596958,0,0.0026818072596958,0.002042,0.2593142903878348,154252.9720987429,0.4836436226053524,236.84800323474656,1.0
Llama2-13B,20,40,1,32,16,2688,0.002042,0.0006398072596958,0,0.0026818072596958,0.002042,0.2593142903878348,154252.9720987429,0.4841504069732531,237.09618363038845,1.0
Llama2-13B,20,40,1,32,16,2816,0.002042,0.0006398072596958,0,0.0026818072596958,0.002042,0.2593142903878348,154252.9720987429,0.484657191341154,237.34436402603035,1.0
Llama2-13B,20,40,1,32,16,2944,0.002042,0.0006398072596958,0,0.0026818072596958,0.002042,0.2593142903878348,154252.9720987429,0.4851639757090547,237.59254442167224,1.0
Llama2-13B,20,40,1,32,16,3072,0.002042,0.0006398072596958,0,0.0026818072596958,0.002042,0.2593142903878348,154252.9720987429,0.4856707600769555,237.8407248173142,1.0
Llama2-13B,20,40,1,32,16,3200,0.002042,0.0006398072596958,0,0.0026818072596958,0.002042,0.2593142903878348,154252.9720987429,0.4861775444448564,238.0889052129561,1.0
Llama2-13B,20,40,1,32,16,3328,0.002042,0.0006398072596958,0,0.0026818072596958,0.002042,0.2593142903878348,154252.9720987429,0.4866843288127572,238.33708560859804,1.0
Llama2-13B,20,40,1,32,16,3456,0.002042,0.0006398072596958,0,0.0026818072596958,0.002042,0.2593142903878348,154252.9720987429,0.4871911131806579,238.58526600424,1.0
Llama2-13B,20,40,1,32,16,3584,0.002042,0.0006398072596958,0,0.0026818072596958,0.002042,0.2593142903878348,154252.9720987429,0.4876978975485587,238.83344639988184,1.0
Llama2-13B,20,40,1,32,16,3712,0.002042,0.0006398072596958,0,0.0026818072596958,0.002042,0.2593142903878348,154252.9720987429,0.4882046819164595,239.0816267955238,1.0
Llama2-13B,20,40,1,32,16,3840,0.002042,0.0006398072596958,0,0.0026818072596958,0.002042,0.2593142903878348,154252.9720987429,0.4887114662843603,239.3298071911657,1.0
Llama2-13B,20,40,1,32,16,3968,0.002042,0.0006398072596958,0,0.0026818072596958,0.002042,0.2593142903878348,154252.9720987429,0.4892182506522611,239.57798758680764,1.0
Llama2-13B,20,40,1,32,16,4096,0.002042,0.0006398072596958,0,0.0026818072596958,0.002042,0.2593142903878348,154252.9720987429,0.4897250350201619,239.8261679824496,1.0
Llama2-13B,32,1,32,32,32,128,0.001771,0.015258120689392,0,0.017029120689392,0.001771,0.8329358275756834,1200.572681464031,25.52648384826093,360.3399752718936,1.0
Llama2-13B,32,1,32,32,32,256,0.001771,0.015258120689392,0,0.017029120689392,0.001771,0.8329358275756834,1200.572681464031,25.558918047806586,360.7978267618096,1.0
Llama2-13B,32,1,32,32,32,384,0.001771,0.015258120689392,0,0.017029120689392,0.001771,0.8329358275756834,1200.572681464031,25.59135224735224,361.2556782517256,1.0
Llama2-13B,32,1,32,32,32,512,0.001771,0.015258120689392,0,0.017029120689392,0.001771,0.8329358275756834,1200.572681464031,25.62378644689789,361.7135297416417,1.0
Llama2-13B,32,1,32,32,32,640,0.001771,0.015258120689392,0,0.017029120689392,0.001771,0.8329358275756834,1200.572681464031,25.65622064644354,362.1713812315576,1.0
Llama2-13B,32,1,32,32,32,768,0.001771,0.015258120689392,0,0.017029120689392,0.001771,0.8329358275756834,1200.572681464031,25.688654845989188,362.62923272147367,1.0
Llama2-13B,32,1,32,32,32,896,0.001771,0.015258120689392,0,0.017029120689392,0.001771,0.8329358275756834,1200.572681464031,25.72108904553484,363.08708421138977,1.0
Llama2-13B,32,1,32,32,32,1024,0.001771,0.015258120689392,0,0.017029120689392,0.001771,0.8329358275756834,1200.572681464031,25.75352324508049,363.5449357013058,1.0
Llama2-13B,32,1,32,32,32,1152,0.001771,0.015258120689392,0,0.017029120689392,0.001771,0.8329358275756834,1200.572681464031,25.785957444626145,364.0027871912218,1.0
Llama2-13B,32,1,32,32,32,1280,0.001771,0.015258120689392,0,0.017029120689392,0.001771,0.8329358275756834,1200.572681464031,25.818391644171797,364.4606386811378,1.0
Llama2-13B,32,1,32,32,32,1408,0.001771,0.015258120689392,0,0.017029120689392,0.001771,0.8329358275756834,1200.572681464031,25.850825843717445,364.91849017105386,1.0
Llama2-13B,32,1,32,32,32,1536,0.001771,0.015258120689392,0,0.017029120689392,0.001771,0.8329358275756834,1200.572681464031,25.883260043263096,365.3763416609698,1.0
Llama2-13B,32,1,32,32,32,1664,0.001771,0.015258120689392,0,0.017029120689392,0.001771,0.8329358275756834,1200.572681464031,25.91569424280875,365.8341931508859,1.0
Llama2-13B,32,1,32,32,32,1792,0.001771,0.015258120689392,0,0.017029120689392,0.001771,0.8329358275756834,1200.572681464031,25.9481284423544,366.2920446408019,1.0
Llama2-13B,32,1,32,32,32,1920,0.001771,0.015258120689392,0,0.017029120689392,0.001771,0.8329358275756834,1200.572681464031,25.98056264190005,366.7498961307179,1.0
Llama2-13B,32,1,32,32,32,2048,0.001771,0.015258120689392,0,0.017029120689392,0.001771,0.8329358275756834,1200.572681464031,26.012996841445705,367.20774762063394,1.0
Llama2-13B,32,1,32,32,32,2176,0.001771,0.015258120689392,0,0.017029120689392,0.001771,0.8329358275756834,1200.572681464031,26.04543104099136,367.6655991105499,1.0
Llama2-13B,32,1,32,32,32,2304,0.001771,0.015258120689392,0,0.017029120689392,0.001771,0.8329358275756834,1200.572681464031,26.077865240537005,368.123450600466,1.0
Llama2-13B,32,1,32,32,32,2432,0.001771,0.015258120689392,0,0.017029120689392,0.001771,0.8329358275756834,1200.572681464031,26.110299440082656,368.581302090382,1.0
Llama2-13B,32,1,32,32,32,2560,0.001771,0.015258120689392,0,0.017029120689392,0.001771,0.8329358275756834,1200.572681464031,26.142733639628307,369.039153580298,1.0
Llama2-13B,32,1,32,32,32,2688,0.001771,0.015258120689392,0,0.017029120689392,0.001771,0.8329358275756834,1200.572681464031,26.17516783917396,369.4970050702141,1.0
Llama2-13B,32,1,32,32,32,2816,0.001771,0.015258120689392,0,0.017029120689392,0.001771,0.8329358275756834,1200.572681464031,26.20760203871961,369.9548565601301,1.0
Llama2-13B,32,1,32,32,32,2944,0.001771,0.015258120689392,0,0.017029120689392,0.001771,0.8329358275756834,1200.572681464031,26.24003623826526,370.41270805004615,1.0
Llama2-13B,32,1,32,32,32,3072,0.001771,0.015258120689392,0,0.017029120689392,0.001771,0.8329358275756834,1200.572681464031,26.272470437810917,370.8705595399622,1.0
Llama2-13B,32,1,32,32,32,3200,0.001771,0.015258120689392,0,0.017029120689392,0.001771,0.8329358275756834,1200.572681464031,26.304904637356564,371.32841102987817,1.0
Llama2-13B,32,1,32,32,32,3328,0.001771,0.015258120689392,0,0.017029120689392,0.001771,0.8329358275756834,1200.572681464031,26.337338836902216,371.7862625197942,1.0
Llama2-13B,32,1,32,32,32,3456,0.001771,0.015258120689392,0,0.017029120689392,0.001771,0.8329358275756834,1200.572681464031,26.369773036447864,372.24411400971024,1.0
Llama2-13B,32,1,32,32,32,3584,0.001771,0.015258120689392,0,0.017029120689392,0.001771,0.8329358275756834,1200.572681464031,26.402207235993515,372.7019654996263,1.0
Llama2-13B,32,1,32,32,32,3712,0.001771,0.015258120689392,0,0.017029120689392,0.001771,0.8329358275756834,1200.572681464031,26.43464143553917,373.1598169895423,1.0
Llama2-13B,32,1,32,32,32,3840,0.001771,0.015258120689392,0,0.017029120689392,0.001771,0.8329358275756834,1200.572681464031,26.46707563508482,373.6176684794583,1.0
Llama2-13B,32,1,32,32,32,3968,0.001771,0.015258120689392,0,0.017029120689392,0.001771,0.8329358275756834,1200.572681464031,26.49950983463047,374.0755199693744,1.0
Llama2-13B,32,1,32,32,32,4096,0.001771,0.015258120689392,0,0.017029120689392,0.001771,0.8329358275756834,1200.572681464031,26.53194403417612,374.5333714592903,1.0
Llama2-13B,32,2,16,32,32,128,0.001771,0.0148110858535766,0,0.0165820858535766,0.001771,0.8150544341430662,2453.823838284819,12.763241924130469,360.3399752718936,1.0
Llama2-13B,32,2,16,32,32,256,0.001771,0.0148110858535766,0,0.0165820858535766,0.001771,0.8150544341430662,2453.823838284819,12.779459023903293,360.7978267618096,1.0
Llama2-13B,32,2,16,32,32,384,0.001771,0.0148110858535766,0,0.0165820858535766,0.001771,0.8150544341430662,2453.823838284819,12.79567612367612,361.2556782517256,1.0
Llama2-13B,32,2,16,32,32,512,0.001771,0.0148110858535766,0,0.0165820858535766,0.001771,0.8150544341430662,2453.823838284819,12.811893223448944,361.7135297416417,1.0
Llama2-13B,32,2,16,32,32,640,0.001771,0.0148110858535766,0,0.0165820858535766,0.001771,0.8150544341430662,2453.823838284819,12.82811032322177,362.1713812315576,1.0
Llama2-13B,32,2,16,32,32,768,0.001771,0.0148110858535766,0,0.0165820858535766,0.001771,0.8150544341430662,2453.823838284819,12.844327422994594,362.62923272147367,1.0
Llama2-13B,32,2,16,32,32,896,0.001771,0.0148110858535766,0,0.0165820858535766,0.001771,0.8150544341430662,2453.823838284819,12.86054452276742,363.08708421138977,1.0
Llama2-13B,32,2,16,32,32,1024,0.001771,0.0148110858535766,0,0.0165820858535766,0.001771,0.8150544341430662,2453.823838284819,12.876761622540243,363.5449357013058,1.0
Llama2-13B,32,2,16,32,32,1152,0.001771,0.0148110858535766,0,0.0165820858535766,0.001771,0.8150544341430662,2453.823838284819,12.892978722313073,364.0027871912218,1.0
Llama2-13B,32,2,16,32,32,1280,0.001771,0.0148110858535766,0,0.0165820858535766,0.001771,0.8150544341430662,2453.823838284819,12.909195822085897,364.4606386811378,1.0
Llama2-13B,32,2,16,32,32,1408,0.001771,0.0148110858535766,0,0.0165820858535766,0.001771,0.8150544341430662,2453.823838284819,12.925412921858722,364.91849017105386,1.0
Llama2-13B,32,2,16,32,32,1536,0.001771,0.0148110858535766,0,0.0165820858535766,0.001771,0.8150544341430662,2453.823838284819,12.941630021631548,365.3763416609698,1.0
Llama2-13B,32,2,16,32,32,1664,0.001771,0.0148110858535766,0,0.0165820858535766,0.001771,0.8150544341430662,2453.823838284819,12.957847121404376,365.8341931508859,1.0
Llama2-13B,32,2,16,32,32,1792,0.001771,0.0148110858535766,0,0.0165820858535766,0.001771,0.8150544341430662,2453.823838284819,12.9740642211772,366.2920446408019,1.0
Llama2-13B,32,2,16,32,32,1920,0.001771,0.0148110858535766,0,0.0165820858535766,0.001771,0.8150544341430662,2453.823838284819,12.990281320950029,366.7498961307179,1.0
Llama2-13B,32,2,16,32,32,2048,0.001771,0.0148110858535766,0,0.0165820858535766,0.001771,0.8150544341430662,2453.823838284819,13.006498420722853,367.20774762063394,1.0
Llama2-13B,32,2,16,32,32,2176,0.001771,0.0148110858535766,0,0.0165820858535766,0.001771,0.8150544341430662,2453.823838284819,13.022715520495678,367.6655991105499,1.0
Llama2-13B,32,2,16,32,32,2304,0.001771,0.0148110858535766,0,0.0165820858535766,0.001771,0.8150544341430662,2453.823838284819,13.038932620268502,368.123450600466,1.0
Llama2-13B,32,2,16,32,32,2432,0.001771,0.0148110858535766,0,0.0165820858535766,0.001771,0.8150544341430662,2453.823838284819,13.055149720041328,368.581302090382,1.0
Llama2-13B,32,2,16,32,32,2560,0.001771,0.0148110858535766,0,0.0165820858535766,0.001771,0.8150544341430662,2453.823838284819,13.071366819814154,369.039153580298,1.0
Llama2-13B,32,2,16,32,32,2688,0.001771,0.0148110858535766,0,0.0165820858535766,0.001771,0.8150544341430662,2453.823838284819,13.08758391958698,369.4970050702141,1.0
Llama2-13B,32,2,16,32,32,2816,0.001771,0.0148110858535766,0,0.0165820858535766,0.001771,0.8150544341430662,2453.823838284819,13.103801019359809,369.9548565601301,1.0
Llama2-13B,32,2,16,32,32,2944,0.001771,0.0148110858535766,0,0.0165820858535766,0.001771,0.8150544341430662,2453.823838284819,13.12001811913263,370.41270805004615,1.0
Llama2-13B,32,2,16,32,32,3072,0.001771,0.0148110858535766,0,0.0165820858535766,0.001771,0.8150544341430662,2453.823838284819,13.136235218905457,370.8705595399622,1.0
Llama2-13B,32,2,16,32,32,3200,0.001771,0.0148110858535766,0,0.0165820858535766,0.001771,0.8150544341430662,2453.823838284819,13.152452318678282,371.32841102987817,1.0
Llama2-13B,32,2,16,32,32,3328,0.001771,0.0148110858535766,0,0.0165820858535766,0.001771,0.8150544341430662,2453.823838284819,13.168669418451108,371.7862625197942,1.0
Llama2-13B,32,2,16,32,32,3456,0.001771,0.0148110858535766,0,0.0165820858535766,0.001771,0.8150544341430662,2453.823838284819,13.184886518223932,372.24411400971024,1.0
Llama2-13B,32,2,16,32,32,3584,0.001771,0.0148110858535766,0,0.0165820858535766,0.001771,0.8150544341430662,2453.823838284819,13.201103617996758,372.7019654996263,1.0
Llama2-13B,32,2,16,32,32,3712,0.001771,0.0148110858535766,0,0.0165820858535766,0.001771,0.8150544341430662,2453.823838284819,13.217320717769583,373.1598169895423,1.0
Llama2-13B,32,2,16,32,32,3840,0.001771,0.0148110858535766,0,0.0165820858535766,0.001771,0.8150544341430662,2453.823838284819,13.23353781754241,373.6176684794583,1.0
Llama2-13B,32,2,16,32,32,3968,0.001771,0.0148110858535766,0,0.0165820858535766,0.001771,0.8150544341430662,2453.823838284819,13.249754917315236,374.0755199693744,1.0
Llama2-13B,32,2,16,32,32,4096,0.001771,0.0148110858535766,0,0.0165820858535766,0.001771,0.8150544341430662,2453.823838284819,13.26597201708806,374.5333714592903,1.0
Llama2-13B,32,4,8,32,32,128,0.001771,0.0138574115371704,0,0.0156284115371704,0.001771,0.7769074614868162,5148.618333958269,6.3816209620652335,360.3399752718936,1.0
Llama2-13B,32,4,8,32,32,256,0.001771,0.0138574115371704,0,0.0156284115371704,0.001771,0.7769074614868162,5148.618333958269,6.389729511951646,360.7978267618096,1.0
Llama2-13B,32,4,8,32,32,384,0.001771,0.0138574115371704,0,0.0156284115371704,0.001771,0.7769074614868162,5148.618333958269,6.397838061838059,361.2556782517256,1.0
Llama2-13B,32,4,8,32,32,512,0.001771,0.0138574115371704,0,0.0156284115371704,0.001771,0.7769074614868162,5148.618333958269,6.405946611724472,361.7135297416417,1.0
Llama2-13B,32,4,8,32,32,640,0.001771,0.0138574115371704,0,0.0156284115371704,0.001771,0.7769074614868162,5148.618333958269,6.414055161610885,362.1713812315576,1.0
Llama2-13B,32,4,8,32,32,768,0.001771,0.0138574115371704,0,0.0156284115371704,0.001771,0.7769074614868162,5148.618333958269,6.422163711497297,362.62923272147367,1.0
Llama2-13B,32,4,8,32,32,896,0.001771,0.0138574115371704,0,0.0156284115371704,0.001771,0.7769074614868162,5148.618333958269,6.43027226138371,363.08708421138977,1.0
Llama2-13B,32,4,8,32,32,1024,0.001771,0.0138574115371704,0,0.0156284115371704,0.001771,0.7769074614868162,5148.618333958269,6.438380811270123,363.5449357013058,1.0
Llama2-13B,32,4,8,32,32,1152,0.001771,0.0138574115371704,0,0.0156284115371704,0.001771,0.7769074614868162,5148.618333958269,6.446489361156536,364.0027871912218,1.0
Llama2-13B,32,4,8,32,32,1280,0.001771,0.0138574115371704,0,0.0156284115371704,0.001771,0.7769074614868162,5148.618333958269,6.454597911042948,364.4606386811378,1.0
Llama2-13B,32,4,8,32,32,1408,0.001771,0.0138574115371704,0,0.0156284115371704,0.001771,0.7769074614868162,5148.618333958269,6.462706460929361,364.91849017105386,1.0
Llama2-13B,32,4,8,32,32,1536,0.001771,0.0138574115371704,0,0.0156284115371704,0.001771,0.7769074614868162,5148.618333958269,6.470815010815774,365.3763416609698,1.0
Llama2-13B,32,4,8,32,32,1664,0.001771,0.0138574115371704,0,0.0156284115371704,0.001771,0.7769074614868162,5148.618333958269,6.478923560702188,365.8341931508859,1.0
Llama2-13B,32,4,8,32,32,1792,0.001771,0.0138574115371704,0,0.0156284115371704,0.001771,0.7769074614868162,5148.618333958269,6.4870321105886,366.2920446408019,1.0
Llama2-13B,32,4,8,32,32,1920,0.001771,0.0138574115371704,0,0.0156284115371704,0.001771,0.7769074614868162,5148.618333958269,6.4951406604750135,366.7498961307179,1.0
Llama2-13B,32,4,8,32,32,2048,0.001771,0.0138574115371704,0,0.0156284115371704,0.001771,0.7769074614868162,5148.618333958269,6.503249210361426,367.20774762063394,1.0
Llama2-13B,32,4,8,32,32,2176,0.001771,0.0138574115371704,0,0.0156284115371704,0.001771,0.7769074614868162,5148.618333958269,6.511357760247839,367.6655991105499,1.0
Llama2-13B,32,4,8,32,32,2304,0.001771,0.0138574115371704,0,0.0156284115371704,0.001771,0.7769074614868162,5148.618333958269,6.519466310134251,368.123450600466,1.0
Llama2-13B,32,4,8,32,32,2432,0.001771,0.0138574115371704,0,0.0156284115371704,0.001771,0.7769074614868162,5148.618333958269,6.527574860020664,368.581302090382,1.0
Llama2-13B,32,4,8,32,32,2560,0.001771,0.0138574115371704,0,0.0156284115371704,0.001771,0.7769074614868162,5148.618333958269,6.535683409907077,369.039153580298,1.0
Llama2-13B,32,4,8,32,32,2688,0.001771,0.0138574115371704,0,0.0156284115371704,0.001771,0.7769074614868162,5148.618333958269,6.54379195979349,369.4970050702141,1.0
Llama2-13B,32,4,8,32,32,2816,0.001771,0.0138574115371704,0,0.0156284115371704,0.001771,0.7769074614868162,5148.618333958269,6.551900509679904,369.9548565601301,1.0
Llama2-13B,32,4,8,32,32,2944,0.001771,0.0138574115371704,0,0.0156284115371704,0.001771,0.7769074614868162,5148.618333958269,6.560009059566315,370.41270805004615,1.0
Llama2-13B,32,4,8,32,32,3072,0.001771,0.0138574115371704,0,0.0156284115371704,0.001771,0.7769074614868162,5148.618333958269,6.568117609452728,370.8705595399622,1.0
Llama2-13B,32,4,8,32,32,3200,0.001771,0.0138574115371704,0,0.0156284115371704,0.001771,0.7769074614868162,5148.618333958269,6.576226159339141,371.32841102987817,1.0
Llama2-13B,32,4,8,32,32,3328,0.001771,0.0138574115371704,0,0.0156284115371704,0.001771,0.7769074614868162,5148.618333958269,6.584334709225554,371.7862625197942,1.0
Llama2-13B,32,4,8,32,32,3456,0.001771,0.0138574115371704,0,0.0156284115371704,0.001771,0.7769074614868162,5148.618333958269,6.592443259111966,372.24411400971024,1.0
Llama2-13B,32,4,8,32,32,3584,0.001771,0.0138574115371704,0,0.0156284115371704,0.001771,0.7769074614868162,5148.618333958269,6.600551808998379,372.7019654996263,1.0
Llama2-13B,32,4,8,32,32,3712,0.001771,0.0138574115371704,0,0.0156284115371704,0.001771,0.7769074614868162,5148.618333958269,6.6086603588847925,373.1598169895423,1.0
Llama2-13B,32,4,8,32,32,3840,0.001771,0.0138574115371704,0,0.0156284115371704,0.001771,0.7769074614868162,5148.618333958269,6.616768908771205,373.6176684794583,1.0
Llama2-13B,32,4,8,32,32,3968,0.001771,0.0138574115371704,0,0.0156284115371704,0.001771,0.7769074614868162,5148.618333958269,6.624877458657617,374.0755199693744,1.0
Llama2-13B,32,4,8,32,32,4096,0.001771,0.0138574115371704,0,0.0156284115371704,0.001771,0.7769074614868162,5148.618333958269,6.63298600854403,374.5333714592903,1.0
Llama2-13B,32,8,4,32,32,128,0.001771,0.0130676499938964,0,0.0148386499938964,0.001771,0.7453169997558593,10733.687816889364,3.1908104810326168,360.3399752718936,1.0
Llama2-13B,32,8,4,32,32,256,0.001771,0.0130676499938964,0,0.0148386499938964,0.001771,0.7453169997558593,10733.687816889364,3.194864755975823,360.7978267618096,1.0
Llama2-13B,32,8,4,32,32,384,0.001771,0.0130676499938964,0,0.0148386499938964,0.001771,0.7453169997558593,10733.687816889364,3.1989190309190296,361.2556782517256,1.0
Llama2-13B,32,8,4,32,32,512,0.001771,0.0130676499938964,0,0.0148386499938964,0.001771,0.7453169997558593,10733.687816889364,3.202973305862236,361.7135297416417,1.0
Llama2-13B,32,8,4,32,32,640,0.001771,0.0130676499938964,0,0.0148386499938964,0.001771,0.7453169997558593,10733.687816889364,3.2070275808054425,362.1713812315576,1.0
Llama2-13B,32,8,4,32,32,768,0.001771,0.0130676499938964,0,0.0148386499938964,0.001771,0.7453169997558593,10733.687816889364,3.2110818557486485,362.62923272147367,1.0
Llama2-13B,32,8,4,32,32,896,0.001771,0.0130676499938964,0,0.0148386499938964,0.001771,0.7453169997558593,10733.687816889364,3.215136130691855,363.08708421138977,1.0
Llama2-13B,32,8,4,32,32,1024,0.001771,0.0130676499938964,0,0.0148386499938964,0.001771,0.7453169997558593,10733.687816889364,3.2191904056350613,363.5449357013058,1.0
Llama2-13B,32,8,4,32,32,1152,0.001771,0.0130676499938964,0,0.0148386499938964,0.001771,0.7453169997558593,10733.687816889364,3.223244680578268,364.0027871912218,1.0
Llama2-13B,32,8,4,32,32,1280,0.001771,0.0130676499938964,0,0.0148386499938964,0.001771,0.7453169997558593,10733.687816889364,3.227298955521474,364.4606386811378,1.0
Llama2-13B,32,8,4,32,32,1408,0.001771,0.0130676499938964,0,0.0148386499938964,0.001771,0.7453169997558593,10733.687816889364,3.2313532304646806,364.91849017105386,1.0
Llama2-13B,32,8,4,32,32,1536,0.001771,0.0130676499938964,0,0.0148386499938964,0.001771,0.7453169997558593,10733.687816889364,3.235407505407887,365.3763416609698,1.0
Llama2-13B,32,8,4,32,32,1664,0.001771,0.0130676499938964,0,0.0148386499938964,0.001771,0.7453169997558593,10733.687816889364,3.239461780351094,365.8341931508859,1.0
Llama2-13B,32,8,4,32,32,1792,0.001771,0.0130676499938964,0,0.0148386499938964,0.001771,0.7453169997558593,10733.687816889364,3.2435160552943,366.2920446408019,1.0
Llama2-13B,32,8,4,32,32,1920,0.001771,0.0130676499938964,0,0.0148386499938964,0.001771,0.7453169997558593,10733.687816889364,3.2475703302375067,366.7498961307179,1.0
Llama2-13B,32,8,4,32,32,2048,0.001771,0.0130676499938964,0,0.0148386499938964,0.001771,0.7453169997558593,10733.687816889364,3.251624605180713,367.20774762063394,1.0
Llama2-13B,32,8,4,32,32,2176,0.001771,0.0130676499938964,0,0.0148386499938964,0.001771,0.7453169997558593,10733.687816889364,3.25567888012392,367.6655991105499,1.0
Llama2-13B,32,8,4,32,32,2304,0.001771,0.0130676499938964,0,0.0148386499938964,0.001771,0.7453169997558593,10733.687816889364,3.2597331550671256,368.123450600466,1.0
Llama2-13B,32,8,4,32,32,2432,0.001771,0.0130676499938964,0,0.0148386499938964,0.001771,0.7453169997558593,10733.687816889364,3.263787430010332,368.581302090382,1.0
Llama2-13B,32,8,4,32,32,2560,0.001771,0.0130676499938964,0,0.0148386499938964,0.001771,0.7453169997558593,10733.687816889364,3.2678417049535384,369.039153580298,1.0
Llama2-13B,32,8,4,32,32,2688,0.001771,0.0130676499938964,0,0.0148386499938964,0.001771,0.7453169997558593,10733.687816889364,3.271895979896745,369.4970050702141,1.0
Llama2-13B,32,8,4,32,32,2816,0.001771,0.0130676499938964,0,0.0148386499938964,0.001771,0.7453169997558593,10733.687816889364,3.275950254839952,369.9548565601301,1.0
Llama2-13B,32,8,4,32,32,2944,0.001771,0.0130676499938964,0,0.0148386499938964,0.001771,0.7453169997558593,10733.687816889364,3.2800045297831577,370.41270805004615,1.0
Llama2-13B,32,8,4,32,32,3072,0.001771,0.0130676499938964,0,0.0148386499938964,0.001771,0.7453169997558593,10733.687816889364,3.284058804726364,370.8705595399622,1.0
Llama2-13B,32,8,4,32,32,3200,0.001771,0.0130676499938964,0,0.0148386499938964,0.001771,0.7453169997558593,10733.687816889364,3.2881130796695706,371.32841102987817,1.0
Llama2-13B,32,8,4,32,32,3328,0.001771,0.0130676499938964,0,0.0148386499938964,0.001771,0.7453169997558593,10733.687816889364,3.292167354612777,371.7862625197942,1.0
Llama2-13B,32,8,4,32,32,3456,0.001771,0.0130676499938964,0,0.0148386499938964,0.001771,0.7453169997558593,10733.687816889364,3.296221629555983,372.24411400971024,1.0
Llama2-13B,32,8,4,32,32,3584,0.001771,0.0130676499938964,0,0.0148386499938964,0.001771,0.7453169997558593,10733.687816889364,3.3002759044991894,372.7019654996263,1.0
Llama2-13B,32,8,4,32,32,3712,0.001771,0.0130676499938964,0,0.0148386499938964,0.001771,0.7453169997558593,10733.687816889364,3.3043301794423963,373.1598169895423,1.0
Llama2-13B,32,8,4,32,32,3840,0.001771,0.0130676499938964,0,0.0148386499938964,0.001771,0.7453169997558593,10733.687816889364,3.3083844543856027,373.6176684794583,1.0
Llama2-13B,32,8,4,32,32,3968,0.001771,0.0130676499938964,0,0.0148386499938964,0.001771,0.7453169997558593,10733.687816889364,3.3124387293288087,374.0755199693744,1.0
Llama2-13B,32,8,4,32,32,4096,0.001771,0.0130676499938964,0,0.0148386499938964,0.001771,0.7453169997558593,10733.687816889364,3.316493004272015,374.5333714592903,1.0
Llama2-13B,32,16,2,32,32,128,0.001771,0.0114136211013793,0,0.0131846211013793,0.001771,0.6791558440551757,23558.65761894281,1.5954052405163084,360.3399752718936,1.0
Llama2-13B,32,16,2,32,32,256,0.001771,0.0114136211013793,0,0.0131846211013793,0.001771,0.6791558440551757,23558.65761894281,1.5974323779879116,360.7978267618096,1.0
Llama2-13B,32,16,2,32,32,384,0.001771,0.0114136211013793,0,0.0131846211013793,0.001771,0.6791558440551757,23558.65761894281,1.5994595154595148,361.2556782517256,1.0
Llama2-13B,32,16,2,32,32,512,0.001771,0.0114136211013793,0,0.0131846211013793,0.001771,0.6791558440551757,23558.65761894281,1.601486652931118,361.7135297416417,1.0
Llama2-13B,32,16,2,32,32,640,0.001771,0.0114136211013793,0,0.0131846211013793,0.001771,0.6791558440551757,23558.65761894281,1.6035137904027212,362.1713812315576,1.0
Llama2-13B,32,16,2,32,32,768,0.001771,0.0114136211013793,0,0.0131846211013793,0.001771,0.6791558440551757,23558.65761894281,1.6055409278743242,362.62923272147367,1.0
Llama2-13B,32,16,2,32,32,896,0.001771,0.0114136211013793,0,0.0131846211013793,0.001771,0.6791558440551757,23558.65761894281,1.6075680653459274,363.08708421138977,1.0
Llama2-13B,32,16,2,32,32,1024,0.001771,0.0114136211013793,0,0.0131846211013793,0.001771,0.6791558440551757,23558.65761894281,1.6095952028175309,363.5449357013058,1.0
Llama2-13B,32,16,2,32,32,1152,0.001771,0.0114136211013793,0,0.0131846211013793,0.001771,0.6791558440551757,23558.65761894281,1.611622340289134,364.0027871912218,1.0
Llama2-13B,32,16,2,32,32,1280,0.001771,0.0114136211013793,0,0.0131846211013793,0.001771,0.6791558440551757,23558.65761894281,1.613649477760737,364.4606386811378,1.0
Llama2-13B,32,16,2,32,32,1408,0.001771,0.0114136211013793,0,0.0131846211013793,0.001771,0.6791558440551757,23558.65761894281,1.6156766152323403,364.91849017105386,1.0
Llama2-13B,32,16,2,32,32,1536,0.001771,0.0114136211013793,0,0.0131846211013793,0.001771,0.6791558440551757,23558.65761894281,1.6177037527039435,365.3763416609698,1.0
Llama2-13B,32,16,2,32,32,1664,0.001771,0.0114136211013793,0,0.0131846211013793,0.001771,0.6791558440551757,23558.65761894281,1.619730890175547,365.8341931508859,1.0
Llama2-13B,32,16,2,32,32,1792,0.001771,0.0114136211013793,0,0.0131846211013793,0.001771,0.6791558440551757,23558.65761894281,1.62175802764715,366.2920446408019,1.0
Llama2-13B,32,16,2,32,32,1920,0.001771,0.0114136211013793,0,0.0131846211013793,0.001771,0.6791558440551757,23558.65761894281,1.6237851651187534,366.7498961307179,1.0
Llama2-13B,32,16,2,32,32,2048,0.001771,0.0114136211013793,0,0.0131846211013793,0.001771,0.6791558440551757,23558.65761894281,1.6258123025903566,367.20774762063394,1.0
Llama2-13B,32,16,2,32,32,2176,0.001771,0.0114136211013793,0,0.0131846211013793,0.001771,0.6791558440551757,23558.65761894281,1.6278394400619598,367.6655991105499,1.0
Llama2-13B,32,16,2,32,32,2304,0.001771,0.0114136211013793,0,0.0131846211013793,0.001771,0.6791558440551757,23558.65761894281,1.6298665775335628,368.123450600466,1.0
Llama2-13B,32,16,2,32,32,2432,0.001771,0.0114136211013793,0,0.0131846211013793,0.001771,0.6791558440551757,23558.65761894281,1.631893715005166,368.581302090382,1.0
Llama2-13B,32,16,2,32,32,2560,0.001771,0.0114136211013793,0,0.0131846211013793,0.001771,0.6791558440551757,23558.65761894281,1.6339208524767692,369.039153580298,1.0
Llama2-13B,32,16,2,32,32,2688,0.001771,0.0114136211013793,0,0.0131846211013793,0.001771,0.6791558440551757,23558.65761894281,1.6359479899483724,369.4970050702141,1.0
Llama2-13B,32,16,2,32,32,2816,0.001771,0.0114136211013793,0,0.0131846211013793,0.001771,0.6791558440551757,23558.65761894281,1.637975127419976,369.9548565601301,1.0
Llama2-13B,32,16,2,32,32,2944,0.001771,0.0114136211013793,0,0.0131846211013793,0.001771,0.6791558440551757,23558.65761894281,1.6400022648915789,370.41270805004615,1.0
Llama2-13B,32,16,2,32,32,3072,0.001771,0.0114136211013793,0,0.0131846211013793,0.001771,0.6791558440551757,23558.65761894281,1.642029402363182,370.8705595399622,1.0
Llama2-13B,32,16,2,32,32,3200,0.001771,0.0114136211013793,0,0.0131846211013793,0.001771,0.6791558440551757,23558.65761894281,1.6440565398347853,371.32841102987817,1.0
Llama2-13B,32,16,2,32,32,3328,0.001771,0.0114136211013793,0,0.0131846211013793,0.001771,0.6791558440551757,23558.65761894281,1.6460836773063885,371.7862625197942,1.0
Llama2-13B,32,16,2,32,32,3456,0.001771,0.0114136211013793,0,0.0131846211013793,0.001771,0.6791558440551757,23558.65761894281,1.6481108147779917,372.24411400971024,1.0
Llama2-13B,32,16,2,32,32,3584,0.001771,0.0114136211013793,0,0.0131846211013793,0.001771,0.6791558440551757,23558.65761894281,1.6501379522495947,372.7019654996263,1.0
Llama2-13B,32,16,2,32,32,3712,0.001771,0.0114136211013793,0,0.0131846211013793,0.001771,0.6791558440551757,23558.65761894281,1.652165089721198,373.1598169895423,1.0
Llama2-13B,32,16,2,32,32,3840,0.001771,0.0114136211013793,0,0.0131846211013793,0.001771,0.6791558440551757,23558.65761894281,1.6541922271928011,373.6176684794583,1.0
Llama2-13B,32,16,2,32,32,3968,0.001771,0.0114136211013793,0,0.0131846211013793,0.001771,0.6791558440551757,23558.65761894281,1.6562193646644043,374.0755199693744,1.0
Llama2-13B,32,16,2,32,32,4096,0.001771,0.0114136211013793,0,0.0131846211013793,0.001771,0.6791558440551757,23558.65761894281,1.6582465021360075,374.5333714592903,1.0
Llama2-13B,32,32,1,32,32,128,0.001771,0.0083290807342529,0,0.0101000807342529,0.001771,0.5557742293701171,57577.33681942572,0.7977026202581542,360.3399752718936,1.0
Llama2-13B,32,32,1,32,32,256,0.001771,0.0083290807342529,0,0.0101000807342529,0.001771,0.5557742293701171,57577.33681942572,0.7987161889939558,360.7978267618096,1.0
Llama2-13B,32,32,1,32,32,384,0.001771,0.0083290807342529,0,0.0101000807342529,0.001771,0.5557742293701171,57577.33681942572,0.7997297577297574,361.2556782517256,1.0
Llama2-13B,32,32,1,32,32,512,0.001771,0.0083290807342529,0,0.0101000807342529,0.001771,0.5557742293701171,57577.33681942572,0.800743326465559,361.7135297416417,1.0
Llama2-13B,32,32,1,32,32,640,0.001771,0.0083290807342529,0,0.0101000807342529,0.001771,0.5557742293701171,57577.33681942572,0.8017568952013606,362.1713812315576,1.0
Llama2-13B,32,32,1,32,32,768,0.001771,0.0083290807342529,0,0.0101000807342529,0.001771,0.5557742293701171,57577.33681942572,0.8027704639371621,362.62923272147367,1.0
Llama2-13B,32,32,1,32,32,896,0.001771,0.0083290807342529,0,0.0101000807342529,0.001771,0.5557742293701171,57577.33681942572,0.8037840326729637,363.08708421138977,1.0
Llama2-13B,32,32,1,32,32,1024,0.001771,0.0083290807342529,0,0.0101000807342529,0.001771,0.5557742293701171,57577.33681942572,0.8047976014087653,363.5449357013058,1.0
Llama2-13B,32,32,1,32,32,1152,0.001771,0.0083290807342529,0,0.0101000807342529,0.001771,0.5557742293701171,57577.33681942572,0.805811170144567,364.0027871912218,1.0
Llama2-13B,32,32,1,32,32,1280,0.001771,0.0083290807342529,0,0.0101000807342529,0.001771,0.5557742293701171,57577.33681942572,0.8068247388803685,364.4606386811378,1.0
Llama2-13B,32,32,1,32,32,1408,0.001771,0.0083290807342529,0,0.0101000807342529,0.001771,0.5557742293701171,57577.33681942572,0.8078383076161701,364.91849017105386,1.0
Llama2-13B,32,32,1,32,32,1536,0.001771,0.0083290807342529,0,0.0101000807342529,0.001771,0.5557742293701171,57577.33681942572,0.8088518763519718,365.3763416609698,1.0
Llama2-13B,32,32,1,32,32,1664,0.001771,0.0083290807342529,0,0.0101000807342529,0.001771,0.5557742293701171,57577.33681942572,0.8098654450877735,365.8341931508859,1.0
Llama2-13B,32,32,1,32,32,1792,0.001771,0.0083290807342529,0,0.0101000807342529,0.001771,0.5557742293701171,57577.33681942572,0.810879013823575,366.2920446408019,1.0
Llama2-13B,32,32,1,32,32,1920,0.001771,0.0083290807342529,0,0.0101000807342529,0.001771,0.5557742293701171,57577.33681942572,0.8118925825593767,366.7498961307179,1.0
Llama2-13B,32,32,1,32,32,2048,0.001771,0.0083290807342529,0,0.0101000807342529,0.001771,0.5557742293701171,57577.33681942572,0.8129061512951783,367.20774762063394,1.0
Llama2-13B,32,32,1,32,32,2176,0.001771,0.0083290807342529,0,0.0101000807342529,0.001771,0.5557742293701171,57577.33681942572,0.8139197200309799,367.6655991105499,1.0
Llama2-13B,32,32,1,32,32,2304,0.001771,0.0083290807342529,0,0.0101000807342529,0.001771,0.5557742293701171,57577.33681942572,0.8149332887667814,368.123450600466,1.0
Llama2-13B,32,32,1,32,32,2432,0.001771,0.0083290807342529,0,0.0101000807342529,0.001771,0.5557742293701171,57577.33681942572,0.815946857502583,368.581302090382,1.0
Llama2-13B,32,32,1,32,32,2560,0.001771,0.0083290807342529,0,0.0101000807342529,0.001771,0.5557742293701171,57577.33681942572,0.8169604262383846,369.039153580298,1.0
Llama2-13B,32,32,1,32,32,2688,0.001771,0.0083290807342529,0,0.0101000807342529,0.001771,0.5557742293701171,57577.33681942572,0.8179739949741862,369.4970050702141,1.0
Llama2-13B,32,32,1,32,32,2816,0.001771,0.0083290807342529,0,0.0101000807342529,0.001771,0.5557742293701171,57577.33681942572,0.8189875637099879,369.9548565601301,1.0
Llama2-13B,32,32,1,32,32,2944,0.001771,0.0083290807342529,0,0.0101000807342529,0.001771,0.5557742293701171,57577.33681942572,0.8200011324457894,370.41270805004615,1.0
Llama2-13B,32,32,1,32,32,3072,0.001771,0.0083290807342529,0,0.0101000807342529,0.001771,0.5557742293701171,57577.33681942572,0.821014701181591,370.8705595399622,1.0
Llama2-13B,32,32,1,32,32,3200,0.001771,0.0083290807342529,0,0.0101000807342529,0.001771,0.5557742293701171,57577.33681942572,0.8220282699173926,371.32841102987817,1.0
Llama2-13B,32,32,1,32,32,3328,0.001771,0.0083290807342529,0,0.0101000807342529,0.001771,0.5557742293701171,57577.33681942572,0.8230418386531942,371.7862625197942,1.0
Llama2-13B,32,32,1,32,32,3456,0.001771,0.0083290807342529,0,0.0101000807342529,0.001771,0.5557742293701171,57577.33681942572,0.8240554073889957,372.24411400971024,1.0
Llama2-13B,32,32,1,32,32,3584,0.001771,0.0083290807342529,0,0.0101000807342529,0.001771,0.5557742293701171,57577.33681942572,0.8250689761247973,372.7019654996263,1.0
Llama2-13B,32,32,1,32,32,3712,0.001771,0.0083290807342529,0,0.0101000807342529,0.001771,0.5557742293701171,57577.33681942572,0.8260825448605991,373.1598169895423,1.0
Llama2-13B,32,32,1,32,32,3840,0.001771,0.0083290807342529,0,0.0101000807342529,0.001771,0.5557742293701171,57577.33681942572,0.8270961135964007,373.6176684794583,1.0
Llama2-13B,32,32,1,32,32,3968,0.001771,0.0083290807342529,0,0.0101000807342529,0.001771,0.5557742293701171,57577.33681942572,0.8281096823322022,374.0755199693744,1.0
Llama2-13B,32,32,1,32,32,4096,0.001771,0.0083290807342529,0,0.0101000807342529,0.001771,0.5557742293701171,57577.33681942572,0.8291232510680038,374.5333714592903,1.0
Llama2-13B,32,40,1,32,16,128,0.002042,0.0009846627044677,0,0.0030266627044677,0.002042,0.2731085081787109,146461.93290260166,0.4740147196152371,232.13257571755005,0.625
Llama2-13B,32,40,1,32,16,256,0.002042,0.0009846627044677,0,0.0030266627044677,0.002042,0.2731085081787109,146461.93290260166,0.4745215039831379,232.380756113192,0.625
Llama2-13B,32,40,1,32,16,384,0.002042,0.0009846627044677,0,0.0030266627044677,0.002042,0.2731085081787109,146461.93290260166,0.4750282883510387,232.62893650883387,0.625
Llama2-13B,32,40,1,32,16,512,0.002042,0.0009846627044677,0,0.0030266627044677,0.002042,0.2731085081787109,146461.93290260166,0.4755350727189395,232.87711690447583,0.625
Llama2-13B,32,40,1,32,16,640,0.002042,0.0009846627044677,0,0.0030266627044677,0.002042,0.2731085081787109,146461.93290260166,0.4760418570868404,233.1252973001177,0.625
Llama2-13B,32,40,1,32,16,768,0.002042,0.0009846627044677,0,0.0030266627044677,0.002042,0.2731085081787109,146461.93290260166,0.4765486414547411,233.37347769575965,0.625
Llama2-13B,32,40,1,32,16,896,0.002042,0.0009846627044677,0,0.0030266627044677,0.002042,0.2731085081787109,146461.93290260166,0.4770554258226419,233.6216580914016,0.625
Llama2-13B,32,40,1,32,16,1024,0.002042,0.0009846627044677,0,0.0030266627044677,0.002042,0.2731085081787109,146461.93290260166,0.4775622101905427,233.8698384870435,0.625
Llama2-13B,32,40,1,32,16,1152,0.002042,0.0009846627044677,0,0.0030266627044677,0.002042,0.2731085081787109,146461.93290260166,0.4780689945584435,234.11801888268545,0.625
Llama2-13B,32,40,1,32,16,1280,0.002042,0.0009846627044677,0,0.0030266627044677,0.002042,0.2731085081787109,146461.93290260166,0.4785757789263443,234.3661992783273,0.625
Llama2-13B,32,40,1,32,16,1408,0.002042,0.0009846627044677,0,0.0030266627044677,0.002042,0.2731085081787109,146461.93290260166,0.4790825632942451,234.61437967396924,0.625
Llama2-13B,32,40,1,32,16,1536,0.002042,0.0009846627044677,0,0.0030266627044677,0.002042,0.2731085081787109,146461.93290260166,0.4795893476621459,234.8625600696112,0.625
Llama2-13B,32,40,1,32,16,1664,0.002042,0.0009846627044677,0,0.0030266627044677,0.002042,0.2731085081787109,146461.93290260166,0.4800961320300468,235.1107404652531,0.625
Llama2-13B,32,40,1,32,16,1792,0.002042,0.0009846627044677,0,0.0030266627044677,0.002042,0.2731085081787109,146461.93290260166,0.4806029163979475,235.358920860895,0.625
Llama2-13B,32,40,1,32,16,1920,0.002042,0.0009846627044677,0,0.0030266627044677,0.002042,0.2731085081787109,146461.93290260166,0.4811097007658483,235.6071012565369,0.625
Llama2-13B,32,40,1,32,16,2048,0.002042,0.0009846627044677,0,0.0030266627044677,0.002042,0.2731085081787109,146461.93290260166,0.4816164851337491,235.8552816521789,0.625
Llama2-13B,32,40,1,32,16,2176,0.002042,0.0009846627044677,0,0.0030266627044677,0.002042,0.2731085081787109,146461.93290260166,0.4821232695016499,236.1034620478208,0.625
Llama2-13B,32,40,1,32,16,2304,0.002042,0.0009846627044677,0,0.0030266627044677,0.002042,0.2731085081787109,146461.93290260166,0.4826300538695507,236.35164244346268,0.625
Llama2-13B,32,40,1,32,16,2432,0.002042,0.0009846627044677,0,0.0030266627044677,0.002042,0.2731085081787109,146461.93290260166,0.4831368382374515,236.5998228391046,0.625
Llama2-13B,32,40,1,32,16,2560,0.002042,0.0009846627044677,0,0.0030266627044677,0.002042,0.2731085081787109,146461.93290260166,0.4836436226053524,236.84800323474656,0.625
Llama2-13B,32,40,1,32,16,2688,0.002042,0.0009846627044677,0,0.0030266627044677,0.002042,0.2731085081787109,146461.93290260166,0.4841504069732531,237.09618363038845,0.625
Llama2-13B,32,40,1,32,16,2816,0.002042,0.0009846627044677,0,0.0030266627044677,0.002042,0.2731085081787109,146461.93290260166,0.484657191341154,237.34436402603035,0.625
Llama2-13B,32,40,1,32,16,2944,0.002042,0.0009846627044677,0,0.0030266627044677,0.002042,0.2731085081787109,146461.93290260166,0.4851639757090547,237.59254442167224,0.625
Llama2-13B,32,40,1,32,16,3072,0.002042,0.0009846627044677,0,0.0030266627044677,0.002042,0.2731085081787109,146461.93290260166,0.4856707600769555,237.8407248173142,0.625
Llama2-13B,32,40,1,32,16,3200,0.002042,0.0009846627044677,0,0.0030266627044677,0.002042,0.2731085081787109,146461.93290260166,0.4861775444448564,238.0889052129561,0.625
Llama2-13B,32,40,1,32,16,3328,0.002042,0.0009846627044677,0,0.0030266627044677,0.002042,0.2731085081787109,146461.93290260166,0.4866843288127572,238.33708560859804,0.625
Llama2-13B,32,40,1,32,16,3456,0.002042,0.0009846627044677,0,0.0030266627044677,0.002042,0.2731085081787109,146461.93290260166,0.4871911131806579,238.58526600424,0.625
Llama2-13B,32,40,1,32,16,3584,0.002042,0.0009846627044677,0,0.0030266627044677,0.002042,0.2731085081787109,146461.93290260166,0.4876978975485587,238.83344639988184,0.625
Llama2-13B,32,40,1,32,16,3712,0.002042,0.0009846627044677,0,0.0030266627044677,0.002042,0.2731085081787109,146461.93290260166,0.4882046819164595,239.0816267955238,0.625
Llama2-13B,32,40,1,32,16,3840,0.002042,0.0009846627044677,0,0.0030266627044677,0.002042,0.2731085081787109,146461.93290260166,0.4887114662843603,239.3298071911657,0.625
Llama2-13B,32,40,1,32,16,3968,0.002042,0.0009846627044677,0,0.0030266627044677,0.002042,0.2731085081787109,146461.93290260166,0.4892182506522611,239.57798758680764,0.625
Llama2-13B,32,40,1,32,16,4096,0.002042,0.0009846627044677,0,0.0030266627044677,0.002042,0.2731085081787109,146461.93290260166,0.4897250350201619,239.8261679824496,0.625
Llama2-70B,8,1,8,32,32,128,0.0016955,0.0067296894327799,0,0.0084251894327799,0.0016955,0.8257106546223958,1211.0779900948571,12.00834927241374,88.53103267777753,1.0
Llama2-70B,8,1,8,32,32,256,0.0016955,0.0067296894327799,0,0.0084251894327799,0.0016955,0.8257106546223958,1211.0779900948571,12.034296632050262,88.72232845805269,1.0
Llama2-70B,8,1,8,32,32,384,0.0016955,0.0067296894327799,0,0.0084251894327799,0.0016955,0.8257106546223958,1211.0779900948571,12.060243991686784,88.91362423832784,1.0
Llama2-70B,8,1,8,32,32,512,0.0016955,0.0067296894327799,0,0.0084251894327799,0.0016955,0.8257106546223958,1211.0779900948571,12.086191351323304,89.10492001860295,1.0
Llama2-70B,8,1,8,32,32,640,0.0016955,0.0067296894327799,0,0.0084251894327799,0.0016955,0.8257106546223958,1211.0779900948571,12.112138710959824,89.29621579887812,1.0
Llama2-70B,8,1,8,32,32,768,0.0016955,0.0067296894327799,0,0.0084251894327799,0.0016955,0.8257106546223958,1211.0779900948571,12.138086070596346,89.48751157915328,1.0
Llama2-70B,8,1,8,32,32,896,0.0016955,0.0067296894327799,0,0.0084251894327799,0.0016955,0.8257106546223958,1211.0779900948571,12.164033430232866,89.67880735942842,1.0
Llama2-70B,8,1,8,32,32,1024,0.0016955,0.0067296894327799,0,0.0084251894327799,0.0016955,0.8257106546223958,1211.0779900948571,12.189980789869388,89.87010313970356,1.0
Llama2-70B,8,1,8,32,32,1152,0.0016955,0.0067296894327799,0,0.0084251894327799,0.0016955,0.8257106546223958,1211.0779900948571,12.215928149505908,90.06139891997871,1.0
Llama2-70B,8,1,8,32,32,1280,0.0016955,0.0067296894327799,0,0.0084251894327799,0.0016955,0.8257106546223958,1211.0779900948571,12.24187550914243,90.25269470025388,1.0
Llama2-70B,8,1,8,32,32,1408,0.0016955,0.0067296894327799,0,0.0084251894327799,0.0016955,0.8257106546223958,1211.0779900948571,12.267822868778952,90.443990480529,1.0
Llama2-70B,8,1,8,32,32,1536,0.0016955,0.0067296894327799,0,0.0084251894327799,0.0016955,0.8257106546223958,1211.0779900948571,12.293770228415474,90.63528626080416,1.0
Llama2-70B,8,1,8,32,32,1664,0.0016955,0.0067296894327799,0,0.0084251894327799,0.0016955,0.8257106546223958,1211.0779900948571,12.319717588051992,90.8265820410793,1.0
Llama2-70B,8,1,8,32,32,1792,0.0016955,0.0067296894327799,0,0.0084251894327799,0.0016955,0.8257106546223958,1211.0779900948571,12.345664947688512,91.01787782135446,1.0
Llama2-70B,8,1,8,32,32,1920,0.0016955,0.0067296894327799,0,0.0084251894327799,0.0016955,0.8257106546223958,1211.0779900948571,12.371612307325034,91.2091736016296,1.0
Llama2-70B,8,1,8,32,32,2048,0.0016955,0.0067296894327799,0,0.0084251894327799,0.0016955,0.8257106546223958,1211.0779900948571,12.397559666961554,91.40046938190476,1.0
Llama2-70B,8,1,8,32,32,2176,0.0016955,0.0067296894327799,0,0.0084251894327799,0.0016955,0.8257106546223958,1211.0779900948571,12.423507026598076,91.5917651621799,1.0
Llama2-70B,8,1,8,32,32,2304,0.0016955,0.0067296894327799,0,0.0084251894327799,0.0016955,0.8257106546223958,1211.0779900948571,12.449454386234596,91.78306094245504,1.0
Llama2-70B,8,1,8,32,32,2432,0.0016955,0.0067296894327799,0,0.0084251894327799,0.0016955,0.8257106546223958,1211.0779900948571,12.475401745871116,91.97435672273018,1.0
Llama2-70B,8,1,8,32,32,2560,0.0016955,0.0067296894327799,0,0.0084251894327799,0.0016955,0.8257106546223958,1211.0779900948571,12.50134910550764,92.16565250300532,1.0
Llama2-70B,8,1,8,32,32,2688,0.0016955,0.0067296894327799,0,0.0084251894327799,0.0016955,0.8257106546223958,1211.0779900948571,12.527296465144158,92.35694828328047,1.0
Llama2-70B,8,1,8,32,32,2816,0.0016955,0.0067296894327799,0,0.0084251894327799,0.0016955,0.8257106546223958,1211.0779900948571,12.55324382478068,92.54824406355564,1.0
Llama2-70B,8,1,8,32,32,2944,0.0016955,0.0067296894327799,0,0.0084251894327799,0.0016955,0.8257106546223958,1211.0779900948571,12.5791911844172,92.73953984383078,1.0
Llama2-70B,8,1,8,32,32,3072,0.0016955,0.0067296894327799,0,0.0084251894327799,0.0016955,0.8257106546223958,1211.0779900948571,12.605138544053723,92.93083562410594,1.0
Llama2-70B,8,1,8,32,32,3200,0.0016955,0.0067296894327799,0,0.0084251894327799,0.0016955,0.8257106546223958,1211.0779900948571,12.631085903690243,93.12213140438104,1.0
Llama2-70B,8,1,8,32,32,3328,0.0016955,0.0067296894327799,0,0.0084251894327799,0.0016955,0.8257106546223958,1211.0779900948571,12.657033263326763,93.3134271846562,1.0
Llama2-70B,8,1,8,32,32,3456,0.0016955,0.0067296894327799,0,0.0084251894327799,0.0016955,0.8257106546223958,1211.0779900948571,12.682980622963289,93.50472296493136,1.0
Llama2-70B,8,1,8,32,32,3584,0.0016955,0.0067296894327799,0,0.0084251894327799,0.0016955,0.8257106546223958,1211.0779900948571,12.708927982599809,93.69601874520652,1.0
Llama2-70B,8,1,8,32,32,3712,0.0016955,0.0067296894327799,0,0.0084251894327799,0.0016955,0.8257106546223958,1211.0779900948571,12.734875342236329,93.88731452548166,1.0
Llama2-70B,8,1,8,32,32,3840,0.0016955,0.0067296894327799,0,0.0084251894327799,0.0016955,0.8257106546223958,1211.0779900948571,12.760822701872849,94.0786103057568,1.0
Llama2-70B,8,1,8,32,32,3968,0.0016955,0.0067296894327799,0,0.0084251894327799,0.0016955,0.8257106546223958,1211.0779900948571,12.786770061509367,94.26990608603197,1.0
Llama2-70B,8,1,8,32,32,4096,0.0016955,0.0067296894327799,0,0.0084251894327799,0.0016955,0.8257106546223958,1211.0779900948571,12.81271742114589,94.46120186630708,1.0
Llama2-70B,8,2,4,32,32,128,0.0016955,0.0064117979939778,0,0.0081072979939778,0.0016955,0.8002793395182292,2499.12736870604,6.00417463620687,88.53103267777753,1.0
Llama2-70B,8,2,4,32,32,256,0.0016955,0.0064117979939778,0,0.0081072979939778,0.0016955,0.8002793395182292,2499.12736870604,6.017148316025131,88.72232845805269,1.0
Llama2-70B,8,2,4,32,32,384,0.0016955,0.0064117979939778,0,0.0081072979939778,0.0016955,0.8002793395182292,2499.12736870604,6.030121995843392,88.91362423832784,1.0
Llama2-70B,8,2,4,32,32,512,0.0016955,0.0064117979939778,0,0.0081072979939778,0.0016955,0.8002793395182292,2499.12736870604,6.043095675661652,89.10492001860295,1.0
Llama2-70B,8,2,4,32,32,640,0.0016955,0.0064117979939778,0,0.0081072979939778,0.0016955,0.8002793395182292,2499.12736870604,6.056069355479912,89.29621579887812,1.0
Llama2-70B,8,2,4,32,32,768,0.0016955,0.0064117979939778,0,0.0081072979939778,0.0016955,0.8002793395182292,2499.12736870604,6.069043035298173,89.48751157915328,1.0
Llama2-70B,8,2,4,32,32,896,0.0016955,0.0064117979939778,0,0.0081072979939778,0.0016955,0.8002793395182292,2499.12736870604,6.082016715116433,89.67880735942842,1.0
Llama2-70B,8,2,4,32,32,1024,0.0016955,0.0064117979939778,0,0.0081072979939778,0.0016955,0.8002793395182292,2499.12736870604,6.094990394934694,89.87010313970356,1.0
Llama2-70B,8,2,4,32,32,1152,0.0016955,0.0064117979939778,0,0.0081072979939778,0.0016955,0.8002793395182292,2499.12736870604,6.107964074752954,90.06139891997871,1.0
Llama2-70B,8,2,4,32,32,1280,0.0016955,0.0064117979939778,0,0.0081072979939778,0.0016955,0.8002793395182292,2499.12736870604,6.120937754571215,90.25269470025388,1.0
Llama2-70B,8,2,4,32,32,1408,0.0016955,0.0064117979939778,0,0.0081072979939778,0.0016955,0.8002793395182292,2499.12736870604,6.133911434389476,90.443990480529,1.0
Llama2-70B,8,2,4,32,32,1536,0.0016955,0.0064117979939778,0,0.0081072979939778,0.0016955,0.8002793395182292,2499.12736870604,6.146885114207737,90.63528626080416,1.0
Llama2-70B,8,2,4,32,32,1664,0.0016955,0.0064117979939778,0,0.0081072979939778,0.0016955,0.8002793395182292,2499.12736870604,6.159858794025996,90.8265820410793,1.0
Llama2-70B,8,2,4,32,32,1792,0.0016955,0.0064117979939778,0,0.0081072979939778,0.0016955,0.8002793395182292,2499.12736870604,6.172832473844256,91.01787782135446,1.0
Llama2-70B,8,2,4,32,32,1920,0.0016955,0.0064117979939778,0,0.0081072979939778,0.0016955,0.8002793395182292,2499.12736870604,6.185806153662517,91.2091736016296,1.0
Llama2-70B,8,2,4,32,32,2048,0.0016955,0.0064117979939778,0,0.0081072979939778,0.0016955,0.8002793395182292,2499.12736870604,6.198779833480777,91.40046938190476,1.0
Llama2-70B,8,2,4,32,32,2176,0.0016955,0.0064117979939778,0,0.0081072979939778,0.0016955,0.8002793395182292,2499.12736870604,6.211753513299038,91.5917651621799,1.0
Llama2-70B,8,2,4,32,32,2304,0.0016955,0.0064117979939778,0,0.0081072979939778,0.0016955,0.8002793395182292,2499.12736870604,6.224727193117299,91.78306094245504,1.0
Llama2-70B,8,2,4,32,32,2432,0.0016955,0.0064117979939778,0,0.0081072979939778,0.0016955,0.8002793395182292,2499.12736870604,6.237700872935559,91.97435672273018,1.0
Llama2-70B,8,2,4,32,32,2560,0.0016955,0.0064117979939778,0,0.0081072979939778,0.0016955,0.8002793395182292,2499.12736870604,6.25067455275382,92.16565250300532,1.0
Llama2-70B,8,2,4,32,32,2688,0.0016955,0.0064117979939778,0,0.0081072979939778,0.0016955,0.8002793395182292,2499.12736870604,6.263648232572079,92.35694828328047,1.0
Llama2-70B,8,2,4,32,32,2816,0.0016955,0.0064117979939778,0,0.0081072979939778,0.0016955,0.8002793395182292,2499.12736870604,6.27662191239034,92.54824406355564,1.0
Llama2-70B,8,2,4,32,32,2944,0.0016955,0.0064117979939778,0,0.0081072979939778,0.0016955,0.8002793395182292,2499.12736870604,6.289595592208601,92.73953984383078,1.0
Llama2-70B,8,2,4,32,32,3072,0.0016955,0.0064117979939778,0,0.0081072979939778,0.0016955,0.8002793395182292,2499.12736870604,6.302569272026863,92.93083562410594,1.0
Llama2-70B,8,2,4,32,32,3200,0.0016955,0.0064117979939778,0,0.0081072979939778,0.0016955,0.8002793395182292,2499.12736870604,6.3155429518451225,93.12213140438104,1.0
Llama2-70B,8,2,4,32,32,3328,0.0016955,0.0064117979939778,0,0.0081072979939778,0.0016955,0.8002793395182292,2499.12736870604,6.328516631663383,93.3134271846562,1.0
Llama2-70B,8,2,4,32,32,3456,0.0016955,0.0064117979939778,0,0.0081072979939778,0.0016955,0.8002793395182292,2499.12736870604,6.341490311481643,93.50472296493136,1.0
Llama2-70B,8,2,4,32,32,3584,0.0016955,0.0064117979939778,0,0.0081072979939778,0.0016955,0.8002793395182292,2499.12736870604,6.354463991299904,93.69601874520652,1.0
Llama2-70B,8,2,4,32,32,3712,0.0016955,0.0064117979939778,0,0.0081072979939778,0.0016955,0.8002793395182292,2499.12736870604,6.367437671118164,93.88731452548166,1.0
Llama2-70B,8,2,4,32,32,3840,0.0016955,0.0064117979939778,0,0.0081072979939778,0.0016955,0.8002793395182292,2499.12736870604,6.380411350936424,94.0786103057568,1.0
Llama2-70B,8,2,4,32,32,3968,0.0016955,0.0064117979939778,0,0.0081072979939778,0.0016955,0.8002793395182292,2499.12736870604,6.3933850307546845,94.26990608603197,1.0
Llama2-70B,8,2,4,32,32,4096,0.0016955,0.0064117979939778,0,0.0081072979939778,0.0016955,0.8002793395182292,2499.12736870604,6.406358710572945,94.46120186630708,1.0
Llama2-70B,8,4,2,32,32,128,0.0016955,0.005782637854682,0,0.007478137854682,0.0016955,0.749946528374566,5333.713603114611,3.002087318103435,88.53103267777753,1.0
Llama2-70B,8,4,2,32,32,256,0.0016955,0.005782637854682,0,0.007478137854682,0.0016955,0.749946528374566,5333.713603114611,3.0085741580125656,88.72232845805269,1.0
Llama2-70B,8,4,2,32,32,384,0.0016955,0.005782637854682,0,0.007478137854682,0.0016955,0.749946528374566,5333.713603114611,3.015060997921696,88.91362423832784,1.0
Llama2-70B,8,4,2,32,32,512,0.0016955,0.005782637854682,0,0.007478137854682,0.0016955,0.749946528374566,5333.713603114611,3.021547837830826,89.10492001860295,1.0
Llama2-70B,8,4,2,32,32,640,0.0016955,0.005782637854682,0,0.007478137854682,0.0016955,0.749946528374566,5333.713603114611,3.028034677739956,89.29621579887812,1.0
Llama2-70B,8,4,2,32,32,768,0.0016955,0.005782637854682,0,0.007478137854682,0.0016955,0.749946528374566,5333.713603114611,3.0345215176490865,89.48751157915328,1.0
Llama2-70B,8,4,2,32,32,896,0.0016955,0.005782637854682,0,0.007478137854682,0.0016955,0.749946528374566,5333.713603114611,3.0410083575582165,89.67880735942842,1.0
Llama2-70B,8,4,2,32,32,1024,0.0016955,0.005782637854682,0,0.007478137854682,0.0016955,0.749946528374566,5333.713603114611,3.047495197467347,89.87010313970356,1.0
Llama2-70B,8,4,2,32,32,1152,0.0016955,0.005782637854682,0,0.007478137854682,0.0016955,0.749946528374566,5333.713603114611,3.053982037376477,90.06139891997871,1.0
Llama2-70B,8,4,2,32,32,1280,0.0016955,0.005782637854682,0,0.007478137854682,0.0016955,0.749946528374566,5333.713603114611,3.0604688772856075,90.25269470025388,1.0
Llama2-70B,8,4,2,32,32,1408,0.0016955,0.005782637854682,0,0.007478137854682,0.0016955,0.749946528374566,5333.713603114611,3.066955717194738,90.443990480529,1.0
Llama2-70B,8,4,2,32,32,1536,0.0016955,0.005782637854682,0,0.007478137854682,0.0016955,0.749946528374566,5333.713603114611,3.0734425571038684,90.63528626080416,1.0
Llama2-70B,8,4,2,32,32,1664,0.0016955,0.005782637854682,0,0.007478137854682,0.0016955,0.749946528374566,5333.713603114611,3.079929397012998,90.8265820410793,1.0
Llama2-70B,8,4,2,32,32,1792,0.0016955,0.005782637854682,0,0.007478137854682,0.0016955,0.749946528374566,5333.713603114611,3.086416236922128,91.01787782135446,1.0
Llama2-70B,8,4,2,32,32,1920,0.0016955,0.005782637854682,0,0.007478137854682,0.0016955,0.749946528374566,5333.713603114611,3.0929030768312584,91.2091736016296,1.0
Llama2-70B,8,4,2,32,32,2048,0.0016955,0.005782637854682,0,0.007478137854682,0.0016955,0.749946528374566,5333.713603114611,3.0993899167403884,91.40046938190476,1.0
Llama2-70B,8,4,2,32,32,2176,0.0016955,0.005782637854682,0,0.007478137854682,0.0016955,0.749946528374566,5333.713603114611,3.105876756649519,91.5917651621799,1.0
Llama2-70B,8,4,2,32,32,2304,0.0016955,0.005782637854682,0,0.007478137854682,0.0016955,0.749946528374566,5333.713603114611,3.1123635965586494,91.78306094245504,1.0
Llama2-70B,8,4,2,32,32,2432,0.0016955,0.005782637854682,0,0.007478137854682,0.0016955,0.749946528374566,5333.713603114611,3.11885043646778,91.97435672273018,1.0
Llama2-70B,8,4,2,32,32,2560,0.0016955,0.005782637854682,0,0.007478137854682,0.0016955,0.749946528374566,5333.713603114611,3.12533727637691,92.16565250300532,1.0
Llama2-70B,8,4,2,32,32,2688,0.0016955,0.005782637854682,0,0.007478137854682,0.0016955,0.749946528374566,5333.713603114611,3.1318241162860394,92.35694828328047,1.0
Llama2-70B,8,4,2,32,32,2816,0.0016955,0.005782637854682,0,0.007478137854682,0.0016955,0.749946528374566,5333.713603114611,3.13831095619517,92.54824406355564,1.0
Llama2-70B,8,4,2,32,32,2944,0.0016955,0.005782637854682,0,0.007478137854682,0.0016955,0.749946528374566,5333.713603114611,3.1447977961043003,92.73953984383078,1.0
Llama2-70B,8,4,2,32,32,3072,0.0016955,0.005782637854682,0,0.007478137854682,0.0016955,0.749946528374566,5333.713603114611,3.1512846360134312,92.93083562410594,1.0
Llama2-70B,8,4,2,32,32,3200,0.0016955,0.005782637854682,0,0.007478137854682,0.0016955,0.749946528374566,5333.713603114611,3.157771475922561,93.12213140438104,1.0
Llama2-70B,8,4,2,32,32,3328,0.0016955,0.005782637854682,0,0.007478137854682,0.0016955,0.749946528374566,5333.713603114611,3.164258315831692,93.3134271846562,1.0
Llama2-70B,8,4,2,32,32,3456,0.0016955,0.005782637854682,0,0.007478137854682,0.0016955,0.749946528374566,5333.713603114611,3.1707451557408217,93.50472296493136,1.0
Llama2-70B,8,4,2,32,32,3584,0.0016955,0.005782637854682,0,0.007478137854682,0.0016955,0.749946528374566,5333.713603114611,3.177231995649952,93.69601874520652,1.0
Llama2-70B,8,4,2,32,32,3712,0.0016955,0.005782637854682,0,0.007478137854682,0.0016955,0.749946528374566,5333.713603114611,3.183718835559082,93.88731452548166,1.0
Llama2-70B,8,4,2,32,32,3840,0.0016955,0.005782637854682,0,0.007478137854682,0.0016955,0.749946528374566,5333.713603114611,3.190205675468212,94.0786103057568,1.0
Llama2-70B,8,4,2,32,32,3968,0.0016955,0.005782637854682,0,0.007478137854682,0.0016955,0.749946528374566,5333.713603114611,3.1966925153773422,94.26990608603197,1.0
Llama2-70B,8,4,2,32,32,4096,0.0016955,0.005782637854682,0,0.007478137854682,0.0016955,0.749946528374566,5333.713603114611,3.2031793552864727,94.46120186630708,1.0
Llama2-70B,8,8,1,32,32,128,0.0016955,0.0045739881134033,0,0.0062694881134033,0.0016955,0.6532545490722657,12246.3747269137,1.5010436590517175,88.53103267777753,1.0
Llama2-70B,8,8,1,32,32,256,0.0016955,0.0045739881134033,0,0.0062694881134033,0.0016955,0.6532545490722657,12246.3747269137,1.5042870790062828,88.72232845805269,1.0
Llama2-70B,8,8,1,32,32,384,0.0016955,0.0045739881134033,0,0.0062694881134033,0.0016955,0.6532545490722657,12246.3747269137,1.507530498960848,88.91362423832784,1.0
Llama2-70B,8,8,1,32,32,512,0.0016955,0.0045739881134033,0,0.0062694881134033,0.0016955,0.6532545490722657,12246.3747269137,1.510773918915413,89.10492001860295,1.0
Llama2-70B,8,8,1,32,32,640,0.0016955,0.0045739881134033,0,0.0062694881134033,0.0016955,0.6532545490722657,12246.3747269137,1.514017338869978,89.29621579887812,1.0
Llama2-70B,8,8,1,32,32,768,0.0016955,0.0045739881134033,0,0.0062694881134033,0.0016955,0.6532545490722657,12246.3747269137,1.5172607588245433,89.48751157915328,1.0
Llama2-70B,8,8,1,32,32,896,0.0016955,0.0045739881134033,0,0.0062694881134033,0.0016955,0.6532545490722657,12246.3747269137,1.5205041787791085,89.67880735942842,1.0
Llama2-70B,8,8,1,32,32,1024,0.0016955,0.0045739881134033,0,0.0062694881134033,0.0016955,0.6532545490722657,12246.3747269137,1.5237475987336735,89.87010313970356,1.0
Llama2-70B,8,8,1,32,32,1152,0.0016955,0.0045739881134033,0,0.0062694881134033,0.0016955,0.6532545490722657,12246.3747269137,1.5269910186882385,90.06139891997871,1.0
Llama2-70B,8,8,1,32,32,1280,0.0016955,0.0045739881134033,0,0.0062694881134033,0.0016955,0.6532545490722657,12246.3747269137,1.5302344386428035,90.25269470025388,1.0
Llama2-70B,8,8,1,32,32,1408,0.0016955,0.0045739881134033,0,0.0062694881134033,0.0016955,0.6532545490722657,12246.3747269137,1.533477858597369,90.443990480529,1.0
Llama2-70B,8,8,1,32,32,1536,0.0016955,0.0045739881134033,0,0.0062694881134033,0.0016955,0.6532545490722657,12246.3747269137,1.5367212785519342,90.63528626080416,1.0
Llama2-70B,8,8,1,32,32,1664,0.0016955,0.0045739881134033,0,0.0062694881134033,0.0016955,0.6532545490722657,12246.3747269137,1.539964698506499,90.8265820410793,1.0
Llama2-70B,8,8,1,32,32,1792,0.0016955,0.0045739881134033,0,0.0062694881134033,0.0016955,0.6532545490722657,12246.3747269137,1.543208118461064,91.01787782135446,1.0
Llama2-70B,8,8,1,32,32,1920,0.0016955,0.0045739881134033,0,0.0062694881134033,0.0016955,0.6532545490722657,12246.3747269137,1.5464515384156292,91.2091736016296,1.0
Llama2-70B,8,8,1,32,32,2048,0.0016955,0.0045739881134033,0,0.0062694881134033,0.0016955,0.6532545490722657,12246.3747269137,1.5496949583701942,91.40046938190476,1.0
Llama2-70B,8,8,1,32,32,2176,0.0016955,0.0045739881134033,0,0.0062694881134033,0.0016955,0.6532545490722657,12246.3747269137,1.5529383783247594,91.5917651621799,1.0
Llama2-70B,8,8,1,32,32,2304,0.0016955,0.0045739881134033,0,0.0062694881134033,0.0016955,0.6532545490722657,12246.3747269137,1.556181798279325,91.78306094245504,1.0
Llama2-70B,8,8,1,32,32,2432,0.0016955,0.0045739881134033,0,0.0062694881134033,0.0016955,0.6532545490722657,12246.3747269137,1.5594252182338897,91.97435672273018,1.0
Llama2-70B,8,8,1,32,32,2560,0.0016955,0.0045739881134033,0,0.0062694881134033,0.0016955,0.6532545490722657,12246.3747269137,1.562668638188455,92.16565250300532,1.0
Llama2-70B,8,8,1,32,32,2688,0.0016955,0.0045739881134033,0,0.0062694881134033,0.0016955,0.6532545490722657,12246.3747269137,1.5659120581430197,92.35694828328047,1.0
Llama2-70B,8,8,1,32,32,2816,0.0016955,0.0045739881134033,0,0.0062694881134033,0.0016955,0.6532545490722657,12246.3747269137,1.569155478097585,92.54824406355564,1.0
Llama2-70B,8,8,1,32,32,2944,0.0016955,0.0045739881134033,0,0.0062694881134033,0.0016955,0.6532545490722657,12246.3747269137,1.5723988980521502,92.73953984383078,1.0
Llama2-70B,8,8,1,32,32,3072,0.0016955,0.0045739881134033,0,0.0062694881134033,0.0016955,0.6532545490722657,12246.3747269137,1.5756423180067156,92.93083562410594,1.0
Llama2-70B,8,8,1,32,32,3200,0.0016955,0.0045739881134033,0,0.0062694881134033,0.0016955,0.6532545490722657,12246.3747269137,1.5788857379612806,93.12213140438104,1.0
Llama2-70B,8,8,1,32,32,3328,0.0016955,0.0045739881134033,0,0.0062694881134033,0.0016955,0.6532545490722657,12246.3747269137,1.5821291579158456,93.3134271846562,1.0
Llama2-70B,8,8,1,32,32,3456,0.0016955,0.0045739881134033,0,0.0062694881134033,0.0016955,0.6532545490722657,12246.3747269137,1.5853725778704109,93.50472296493136,1.0
Llama2-70B,8,8,1,32,32,3584,0.0016955,0.0045739881134033,0,0.0062694881134033,0.0016955,0.6532545490722657,12246.3747269137,1.588615997824976,93.69601874520652,1.0
Llama2-70B,8,8,1,32,32,3712,0.0016955,0.0045739881134033,0,0.0062694881134033,0.0016955,0.6532545490722657,12246.3747269137,1.591859417779541,93.88731452548166,1.0
Llama2-70B,8,8,1,32,32,3840,0.0016955,0.0045739881134033,0,0.0062694881134033,0.0016955,0.6532545490722657,12246.3747269137,1.595102837734106,94.0786103057568,1.0
Llama2-70B,8,8,1,32,32,3968,0.0016955,0.0045739881134033,0,0.0062694881134033,0.0016955,0.6532545490722657,12246.3747269137,1.5983462576886711,94.26990608603197,1.0
Llama2-70B,8,8,1,32,32,4096,0.0016955,0.0045739881134033,0,0.0062694881134033,0.0016955,0.6532545490722657,12246.3747269137,1.6015896776432363,94.46120186630708,1.0
Llama2-70B,8,80,1,32,3,128,0.0221555,0.0004647777472601,0,0.0226202777472602,0.0221555,1.981777719780816,40367.79665120464,0.4469267069842056,20.172269052118228,1.0
Llama2-70B,8,80,1,32,3,256,0.0221555,0.0004647777472601,0,0.0226202777472602,0.0221555,1.981777719780816,40367.79665120464,0.4472510489796621,20.186908396545416,1.0
Llama2-70B,8,80,1,32,3,384,0.0221555,0.0004647777472601,0,0.0226202777472602,0.0221555,1.981777719780816,40367.79665120464,0.4475753909751186,20.2015477409726,1.0
Llama2-70B,8,80,1,32,3,512,0.0221555,0.0004647777472601,0,0.0226202777472602,0.0221555,1.981777719780816,40367.79665120464,0.4478997329705751,20.216187085399785,1.0
Llama2-70B,8,80,1,32,3,640,0.0221555,0.0004647777472601,0,0.0226202777472602,0.0221555,1.981777719780816,40367.79665120464,0.4482240749660316,20.23082642982697,1.0
Llama2-70B,8,80,1,32,3,768,0.0221555,0.0004647777472601,0,0.0226202777472602,0.0221555,1.981777719780816,40367.79665120464,0.4485484169614881,20.24546577425416,1.0
Llama2-70B,8,80,1,32,3,896,0.0221555,0.0004647777472601,0,0.0226202777472602,0.0221555,1.981777719780816,40367.79665120464,0.4488727589569447,20.26010511868134,1.0
Llama2-70B,8,80,1,32,3,1024,0.0221555,0.0004647777472601,0,0.0226202777472602,0.0221555,1.981777719780816,40367.79665120464,0.4491971009524012,20.27474446310853,1.0
Llama2-70B,8,80,1,32,3,1152,0.0221555,0.0004647777472601,0,0.0226202777472602,0.0221555,1.981777719780816,40367.79665120464,0.4495214429478577,20.28938380753572,1.0
Llama2-70B,8,80,1,32,3,1280,0.0221555,0.0004647777472601,0,0.0226202777472602,0.0221555,1.981777719780816,40367.79665120464,0.4498457849433142,20.30402315196289,1.0
Llama2-70B,8,80,1,32,3,1408,0.0221555,0.0004647777472601,0,0.0226202777472602,0.0221555,1.981777719780816,40367.79665120464,0.4501701269387707,20.31866249639009,1.0
Llama2-70B,8,80,1,32,3,1536,0.0221555,0.0004647777472601,0,0.0226202777472602,0.0221555,1.981777719780816,40367.79665120464,0.4504944689342272,20.33330184081727,1.0
Llama2-70B,8,80,1,32,3,1664,0.0221555,0.0004647777472601,0,0.0226202777472602,0.0221555,1.981777719780816,40367.79665120464,0.4508188109296838,20.34794118524446,1.0
Llama2-70B,8,80,1,32,3,1792,0.0221555,0.0004647777472601,0,0.0226202777472602,0.0221555,1.981777719780816,40367.79665120464,0.4511431529251402,20.362580529671643,1.0
Llama2-70B,8,80,1,32,3,1920,0.0221555,0.0004647777472601,0,0.0226202777472602,0.0221555,1.981777719780816,40367.79665120464,0.4514674949205968,20.377219874098827,1.0
Llama2-70B,8,80,1,32,3,2048,0.0221555,0.0004647777472601,0,0.0226202777472602,0.0221555,1.981777719780816,40367.79665120464,0.4517918369160533,20.391859218526008,1.0
Llama2-70B,8,80,1,32,3,2176,0.0221555,0.0004647777472601,0,0.0226202777472602,0.0221555,1.981777719780816,40367.79665120464,0.4521161789115098,20.4064985629532,1.0
Llama2-70B,8,80,1,32,3,2304,0.0221555,0.0004647777472601,0,0.0226202777472602,0.0221555,1.981777719780816,40367.79665120464,0.4524405209069663,20.421137907380384,1.0
Llama2-70B,8,80,1,32,3,2432,0.0221555,0.0004647777472601,0,0.0226202777472602,0.0221555,1.981777719780816,40367.79665120464,0.4527648629024228,20.43577725180757,1.0
Llama2-70B,8,80,1,32,3,2560,0.0221555,0.0004647777472601,0,0.0226202777472602,0.0221555,1.981777719780816,40367.79665120464,0.4530892048978793,20.45041659623476,1.0
Llama2-70B,8,80,1,32,3,2688,0.0221555,0.0004647777472601,0,0.0226202777472602,0.0221555,1.981777719780816,40367.79665120464,0.4534135468933358,20.465055940661937,1.0
Llama2-70B,8,80,1,32,3,2816,0.0221555,0.0004647777472601,0,0.0226202777472602,0.0221555,1.981777719780816,40367.79665120464,0.4537378888887924,20.479695285089125,1.0
Llama2-70B,8,80,1,32,3,2944,0.0221555,0.0004647777472601,0,0.0226202777472602,0.0221555,1.981777719780816,40367.79665120464,0.4540622308842488,20.49433462951631,1.0
Llama2-70B,8,80,1,32,3,3072,0.0221555,0.0004647777472601,0,0.0226202777472602,0.0221555,1.981777719780816,40367.79665120464,0.4543865728797054,20.508973973943498,1.0
Llama2-70B,8,80,1,32,3,3200,0.0221555,0.0004647777472601,0,0.0226202777472602,0.0221555,1.981777719780816,40367.79665120464,0.4547109148751618,20.523613318370685,1.0
Llama2-70B,8,80,1,32,3,3328,0.0221555,0.0004647777472601,0,0.0226202777472602,0.0221555,1.981777719780816,40367.79665120464,0.4550352568706184,20.538252662797863,1.0
Llama2-70B,8,80,1,32,3,3456,0.0221555,0.0004647777472601,0,0.0226202777472602,0.0221555,1.981777719780816,40367.79665120464,0.4553595988660749,20.55289200722505,1.0
Llama2-70B,8,80,1,32,3,3584,0.0221555,0.0004647777472601,0,0.0226202777472602,0.0221555,1.981777719780816,40367.79665120464,0.4556839408615314,20.56753135165224,1.0
Llama2-70B,8,80,1,32,3,3712,0.0221555,0.0004647777472601,0,0.0226202777472602,0.0221555,1.981777719780816,40367.79665120464,0.4560082828569879,20.582170696079427,1.0
Llama2-70B,8,80,1,32,3,3840,0.0221555,0.0004647777472601,0,0.0226202777472602,0.0221555,1.981777719780816,40367.79665120464,0.4563326248524445,20.59681004050661,1.0
Llama2-70B,8,80,1,32,3,3968,0.0221555,0.0004647777472601,0,0.0226202777472602,0.0221555,1.981777719780816,40367.79665120464,0.4566569668479009,20.6114493849338,1.0
Llama2-70B,8,80,1,32,3,4096,0.0221555,0.0004647777472601,0,0.0226202777472602,0.0221555,1.981777719780816,40367.79665120464,0.4569813088433574,20.626088729360983,1.0
Llama2-70B,20,1,20,32,32,128,0.0016955,0.0148387594386509,0,0.0165342594386509,0.0016955,1.4744362550920758,678.2253193696406,30.02087318103436,221.32758169444384,1.0
Llama2-70B,20,1,20,32,32,256,0.0016955,0.0148387594386509,0,0.0165342594386509,0.0016955,1.4744362550920758,678.2253193696406,30.085741580125656,221.8058211451317,1.0
Llama2-70B,20,1,20,32,32,384,0.0016955,0.0148387594386509,0,0.0165342594386509,0.0016955,1.4744362550920758,678.2253193696406,30.15060997921696,222.2840605958196,1.0
Llama2-70B,20,1,20,32,32,512,0.0016955,0.0148387594386509,0,0.0165342594386509,0.0016955,1.4744362550920758,678.2253193696406,30.215478378308266,222.76230004650745,1.0
Llama2-70B,20,1,20,32,32,640,0.0016955,0.0148387594386509,0,0.0165342594386509,0.0016955,1.4744362550920758,678.2253193696406,30.280346777399565,223.24053949719536,1.0
Llama2-70B,20,1,20,32,32,768,0.0016955,0.0148387594386509,0,0.0165342594386509,0.0016955,1.4744362550920758,678.2253193696406,30.345215176490868,223.7187789478832,1.0
Llama2-70B,20,1,20,32,32,896,0.0016955,0.0148387594386509,0,0.0165342594386509,0.0016955,1.4744362550920758,678.2253193696406,30.410083575582167,224.19701839857103,1.0
Llama2-70B,20,1,20,32,32,1024,0.0016955,0.0148387594386509,0,0.0165342594386509,0.0016955,1.4744362550920758,678.2253193696406,30.47495197467348,224.6752578492589,1.0
Llama2-70B,20,1,20,32,32,1152,0.0016955,0.0148387594386509,0,0.0165342594386509,0.0016955,1.4744362550920758,678.2253193696406,30.539820373764773,225.1534972999468,1.0
Llama2-70B,20,1,20,32,32,1280,0.0016955,0.0148387594386509,0,0.0165342594386509,0.0016955,1.4744362550920758,678.2253193696406,30.60468877285608,225.63173675063467,1.0
Llama2-70B,20,1,20,32,32,1408,0.0016955,0.0148387594386509,0,0.0165342594386509,0.0016955,1.4744362550920758,678.2253193696406,30.669557171947385,226.10997620132247,1.0
Llama2-70B,20,1,20,32,32,1536,0.0016955,0.0148387594386509,0,0.0165342594386509,0.0016955,1.4744362550920758,678.2253193696406,30.73442557103868,226.5882156520104,1.0
Llama2-70B,20,1,20,32,32,1664,0.0016955,0.0148387594386509,0,0.0165342594386509,0.0016955,1.4744362550920758,678.2253193696406,30.799293970129984,227.06645510269823,1.0
Llama2-70B,20,1,20,32,32,1792,0.0016955,0.0148387594386509,0,0.0165342594386509,0.0016955,1.4744362550920758,678.2253193696406,30.864162369221287,227.5446945533861,1.0
Llama2-70B,20,1,20,32,32,1920,0.0016955,0.0148387594386509,0,0.0165342594386509,0.0016955,1.4744362550920758,678.2253193696406,30.9290307683126,228.022934004074,1.0
Llama2-70B,20,1,20,32,32,2048,0.0016955,0.0148387594386509,0,0.0165342594386509,0.0016955,1.4744362550920758,678.2253193696406,30.99389916740389,228.50117345476184,1.0
Llama2-70B,20,1,20,32,32,2176,0.0016955,0.0148387594386509,0,0.0165342594386509,0.0016955,1.4744362550920758,678.2253193696406,31.058767566495195,228.9794129054497,1.0
Llama2-70B,20,1,20,32,32,2304,0.0016955,0.0148387594386509,0,0.0165342594386509,0.0016955,1.4744362550920758,678.2253193696406,31.12363596558649,229.4576523561376,1.0
Llama2-70B,20,1,20,32,32,2432,0.0016955,0.0148387594386509,0,0.0165342594386509,0.0016955,1.4744362550920758,678.2253193696406,31.1885043646778,229.93589180682548,1.0
Llama2-70B,20,1,20,32,32,2560,0.0016955,0.0148387594386509,0,0.0165342594386509,0.0016955,1.4744362550920758,678.2253193696406,31.2533727637691,230.4141312575133,1.0
Llama2-70B,20,1,20,32,32,2688,0.0016955,0.0148387594386509,0,0.0165342594386509,0.0016955,1.4744362550920758,678.2253193696406,31.318241162860406,230.8923707082012,1.0
Llama2-70B,20,1,20,32,32,2816,0.0016955,0.0148387594386509,0,0.0165342594386509,0.0016955,1.4744362550920758,678.2253193696406,31.383109561951706,231.3706101588891,1.0
Llama2-70B,20,1,20,32,32,2944,0.0016955,0.0148387594386509,0,0.0165342594386509,0.0016955,1.4744362550920758,678.2253193696406,31.44797796104301,231.8488496095769,1.0
Llama2-70B,20,1,20,32,32,3072,0.0016955,0.0148387594386509,0,0.0165342594386509,0.0016955,1.4744362550920758,678.2253193696406,31.512846360134308,232.32708906026485,1.0
Llama2-70B,20,1,20,32,32,3200,0.0016955,0.0148387594386509,0,0.0165342594386509,0.0016955,1.4744362550920758,678.2253193696406,31.57771475922561,232.8053285109527,1.0
Llama2-70B,20,1,20,32,32,3328,0.0016955,0.0148387594386509,0,0.0165342594386509,0.0016955,1.4744362550920758,678.2253193696406,31.64258315831692,233.28356796164053,1.0
Llama2-70B,20,1,20,32,32,3456,0.0016955,0.0148387594386509,0,0.0165342594386509,0.0016955,1.4744362550920758,678.2253193696406,31.70745155740822,233.7618074123284,1.0
Llama2-70B,20,1,20,32,32,3584,0.0016955,0.0148387594386509,0,0.0165342594386509,0.0016955,1.4744362550920758,678.2253193696406,31.772319956499523,234.24004686301623,1.0
Llama2-70B,20,1,20,32,32,3712,0.0016955,0.0148387594386509,0,0.0165342594386509,0.0016955,1.4744362550920758,678.2253193696406,31.837188355590825,234.71828631370417,1.0
Llama2-70B,20,1,20,32,32,3840,0.0016955,0.0148387594386509,0,0.0165342594386509,0.0016955,1.4744362550920758,678.2253193696406,31.902056754682125,235.196525764392,1.0
Llama2-70B,20,1,20,32,32,3968,0.0016955,0.0148387594386509,0,0.0165342594386509,0.0016955,1.4744362550920758,678.2253193696406,31.96692515377343,235.6747652150799,1.0
Llama2-70B,20,1,20,32,32,4096,0.0016955,0.0148387594386509,0,0.0165342594386509,0.0016955,1.4744362550920758,678.2253193696406,32.031793552864734,236.15300466576767,1.0
Llama2-70B,20,2,10,32,32,128,0.0016955,0.0141149887520926,0,0.0158104887520926,0.0016955,1.4165346001674106,1411.8963276743357,15.01043659051718,221.3275816944439,1.0
Llama2-70B,20,2,10,32,32,256,0.0016955,0.0141149887520926,0,0.0158104887520926,0.0016955,1.4165346001674106,1411.8963276743357,15.042870790062832,221.8058211451317,1.0
Llama2-70B,20,2,10,32,32,384,0.0016955,0.0141149887520926,0,0.0158104887520926,0.0016955,1.4165346001674106,1411.8963276743357,15.07530498960848,222.2840605958196,1.0
Llama2-70B,20,2,10,32,32,512,0.0016955,0.0141149887520926,0,0.0158104887520926,0.0016955,1.4165346001674106,1411.8963276743357,15.107739189154133,222.76230004650748,1.0
Llama2-70B,20,2,10,32,32,640,0.0016955,0.0141149887520926,0,0.0158104887520926,0.0016955,1.4165346001674106,1411.8963276743357,15.140173388699784,223.24053949719536,1.0
Llama2-70B,20,2,10,32,32,768,0.0016955,0.0141149887520926,0,0.0158104887520926,0.0016955,1.4165346001674106,1411.8963276743357,15.172607588245436,223.71877894788324,1.0
Llama2-70B,20,2,10,32,32,896,0.0016955,0.0141149887520926,0,0.0158104887520926,0.0016955,1.4165346001674106,1411.8963276743357,15.205041787791084,224.19701839857103,1.0
Llama2-70B,20,2,10,32,32,1024,0.0016955,0.0141149887520926,0,0.0158104887520926,0.0016955,1.4165346001674106,1411.8963276743357,15.23747598733674,224.6752578492589,1.0
Llama2-70B,20,2,10,32,32,1152,0.0016955,0.0141149887520926,0,0.0158104887520926,0.0016955,1.4165346001674106,1411.8963276743357,15.269910186882388,225.1534972999468,1.0
Llama2-70B,20,2,10,32,32,1280,0.0016955,0.0141149887520926,0,0.0158104887520926,0.0016955,1.4165346001674106,1411.8963276743357,15.30234438642804,225.6317367506347,1.0
Llama2-70B,20,2,10,32,32,1408,0.0016955,0.0141149887520926,0,0.0158104887520926,0.0016955,1.4165346001674106,1411.8963276743357,15.334778585973693,226.10997620132247,1.0
Llama2-70B,20,2,10,32,32,1536,0.0016955,0.0141149887520926,0,0.0158104887520926,0.0016955,1.4165346001674106,1411.8963276743357,15.367212785519344,226.58821565201043,1.0
Llama2-70B,20,2,10,32,32,1664,0.0016955,0.0141149887520926,0,0.0158104887520926,0.0016955,1.4165346001674106,1411.8963276743357,15.399646985064994,227.06645510269828,1.0
Llama2-70B,20,2,10,32,32,1792,0.0016955,0.0141149887520926,0,0.0158104887520926,0.0016955,1.4165346001674106,1411.8963276743357,15.432081184610643,227.54469455338617,1.0
Llama2-70B,20,2,10,32,32,1920,0.0016955,0.0141149887520926,0,0.0158104887520926,0.0016955,1.4165346001674106,1411.8963276743357,15.464515384156298,228.02293400407405,1.0
Llama2-70B,20,2,10,32,32,2048,0.0016955,0.0141149887520926,0,0.0158104887520926,0.0016955,1.4165346001674106,1411.8963276743357,15.496949583701948,228.5011734547619,1.0
Llama2-70B,20,2,10,32,32,2176,0.0016955,0.0141149887520926,0,0.0158104887520926,0.0016955,1.4165346001674106,1411.8963276743357,15.5293837832476,228.9794129054497,1.0
Llama2-70B,20,2,10,32,32,2304,0.0016955,0.0141149887520926,0,0.0158104887520926,0.0016955,1.4165346001674106,1411.8963276743357,15.56181798279325,229.45765235613763,1.0
Llama2-70B,20,2,10,32,32,2432,0.0016955,0.0141149887520926,0,0.0158104887520926,0.0016955,1.4165346001674106,1411.8963276743357,15.5942521823389,229.9358918068255,1.0
Llama2-70B,20,2,10,32,32,2560,0.0016955,0.0141149887520926,0,0.0158104887520926,0.0016955,1.4165346001674106,1411.8963276743357,15.626686381884552,230.41413125751333,1.0
Llama2-70B,20,2,10,32,32,2688,0.0016955,0.0141149887520926,0,0.0158104887520926,0.0016955,1.4165346001674106,1411.8963276743357,15.659120581430203,230.89237070820124,1.0
Llama2-70B,20,2,10,32,32,2816,0.0016955,0.0141149887520926,0,0.0158104887520926,0.0016955,1.4165346001674106,1411.8963276743357,15.691554780975856,231.37061015888912,1.0
Llama2-70B,20,2,10,32,32,2944,0.0016955,0.0141149887520926,0,0.0158104887520926,0.0016955,1.4165346001674106,1411.8963276743357,15.723988980521506,231.84884960957697,1.0
Llama2-70B,20,2,10,32,32,3072,0.0016955,0.0141149887520926,0,0.0158104887520926,0.0016955,1.4165346001674106,1411.8963276743357,15.756423180067156,232.32708906026485,1.0
Llama2-70B,20,2,10,32,32,3200,0.0016955,0.0141149887520926,0,0.0158104887520926,0.0016955,1.4165346001674106,1411.8963276743357,15.78885737961281,232.8053285109528,1.0
Llama2-70B,20,2,10,32,32,3328,0.0016955,0.0141149887520926,0,0.0158104887520926,0.0016955,1.4165346001674106,1411.8963276743357,15.82129157915846,233.28356796164056,1.0
Llama2-70B,20,2,10,32,32,3456,0.0016955,0.0141149887520926,0,0.0158104887520926,0.0016955,1.4165346001674106,1411.8963276743357,15.853725778704112,233.7618074123284,1.0
Llama2-70B,20,2,10,32,32,3584,0.0016955,0.0141149887520926,0,0.0158104887520926,0.0016955,1.4165346001674106,1411.8963276743357,15.886159978249763,234.2400468630163,1.0
Llama2-70B,20,2,10,32,32,3712,0.0016955,0.0141149887520926,0,0.0158104887520926,0.0016955,1.4165346001674106,1411.8963276743357,15.918594177795416,234.7182863137042,1.0
Llama2-70B,20,2,10,32,32,3840,0.0016955,0.0141149887520926,0,0.0158104887520926,0.0016955,1.4165346001674106,1411.8963276743357,15.951028377341064,235.19652576439205,1.0
Llama2-70B,20,2,10,32,32,3968,0.0016955,0.0141149887520926,0,0.0158104887520926,0.0016955,1.4165346001674106,1411.8963276743357,15.983462576886716,235.67476521508,1.0
Llama2-70B,20,2,10,32,32,4096,0.0016955,0.0141149887520926,0,0.0158104887520926,0.0016955,1.4165346001674106,1411.8963276743357,16.015896776432367,236.15300466576767,1.0
Llama2-70B,20,4,5,32,32,128,0.0016955,0.0134763675580705,0,0.0151718675580705,0.0016955,1.3654449046456474,2929.448113498257,7.505218295258589,221.32758169444384,1.0
Llama2-70B,20,4,5,32,32,256,0.0016955,0.0134763675580705,0,0.0151718675580705,0.0016955,1.3654449046456474,2929.448113498257,7.521435395031414,221.8058211451317,1.0
Llama2-70B,20,4,5,32,32,384,0.0016955,0.0134763675580705,0,0.0151718675580705,0.0016955,1.3654449046456474,2929.448113498257,7.53765249480424,222.2840605958196,1.0
Llama2-70B,20,4,5,32,32,512,0.0016955,0.0134763675580705,0,0.0151718675580705,0.0016955,1.3654449046456474,2929.448113498257,7.5538695945770655,222.76230004650745,1.0
Llama2-70B,20,4,5,32,32,640,0.0016955,0.0134763675580705,0,0.0151718675580705,0.0016955,1.3654449046456474,2929.448113498257,7.570086694349891,223.24053949719536,1.0
Llama2-70B,20,4,5,32,32,768,0.0016955,0.0134763675580705,0,0.0151718675580705,0.0016955,1.3654449046456474,2929.448113498257,7.586303794122717,223.7187789478832,1.0
Llama2-70B,20,4,5,32,32,896,0.0016955,0.0134763675580705,0,0.0151718675580705,0.0016955,1.3654449046456474,2929.448113498257,7.602520893895542,224.19701839857103,1.0
Llama2-70B,20,4,5,32,32,1024,0.0016955,0.0134763675580705,0,0.0151718675580705,0.0016955,1.3654449046456474,2929.448113498257,7.618737993668369,224.6752578492589,1.0
Llama2-70B,20,4,5,32,32,1152,0.0016955,0.0134763675580705,0,0.0151718675580705,0.0016955,1.3654449046456474,2929.448113498257,7.634955093441193,225.1534972999468,1.0
Llama2-70B,20,4,5,32,32,1280,0.0016955,0.0134763675580705,0,0.0151718675580705,0.0016955,1.3654449046456474,2929.448113498257,7.65117219321402,225.63173675063467,1.0
Llama2-70B,20,4,5,32,32,1408,0.0016955,0.0134763675580705,0,0.0151718675580705,0.0016955,1.3654449046456474,2929.448113498257,7.667389292986845,226.10997620132247,1.0
Llama2-70B,20,4,5,32,32,1536,0.0016955,0.0134763675580705,0,0.0151718675580705,0.0016955,1.3654449046456474,2929.448113498257,7.68360639275967,226.5882156520104,1.0
Llama2-70B,20,4,5,32,32,1664,0.0016955,0.0134763675580705,0,0.0151718675580705,0.0016955,1.3654449046456474,2929.448113498257,7.699823492532496,227.06645510269823,1.0
Llama2-70B,20,4,5,32,32,1792,0.0016955,0.0134763675580705,0,0.0151718675580705,0.0016955,1.3654449046456474,2929.448113498257,7.716040592305322,227.5446945533861,1.0
Llama2-70B,20,4,5,32,32,1920,0.0016955,0.0134763675580705,0,0.0151718675580705,0.0016955,1.3654449046456474,2929.448113498257,7.732257692078148,228.022934004074,1.0
Llama2-70B,20,4,5,32,32,2048,0.0016955,0.0134763675580705,0,0.0151718675580705,0.0016955,1.3654449046456474,2929.448113498257,7.748474791850973,228.50117345476184,1.0
Llama2-70B,20,4,5,32,32,2176,0.0016955,0.0134763675580705,0,0.0151718675580705,0.0016955,1.3654449046456474,2929.448113498257,7.764691891623799,228.9794129054497,1.0
Llama2-70B,20,4,5,32,32,2304,0.0016955,0.0134763675580705,0,0.0151718675580705,0.0016955,1.3654449046456474,2929.448113498257,7.780908991396624,229.4576523561376,1.0
Llama2-70B,20,4,5,32,32,2432,0.0016955,0.0134763675580705,0,0.0151718675580705,0.0016955,1.3654449046456474,2929.448113498257,7.797126091169449,229.93589180682548,1.0
Llama2-70B,20,4,5,32,32,2560,0.0016955,0.0134763675580705,0,0.0151718675580705,0.0016955,1.3654449046456474,2929.448113498257,7.813343190942275,230.4141312575133,1.0
Llama2-70B,20,4,5,32,32,2688,0.0016955,0.0134763675580705,0,0.0151718675580705,0.0016955,1.3654449046456474,2929.448113498257,7.829560290715102,230.8923707082012,1.0
Llama2-70B,20,4,5,32,32,2816,0.0016955,0.0134763675580705,0,0.0151718675580705,0.0016955,1.3654449046456474,2929.448113498257,7.845777390487926,231.3706101588891,1.0
Llama2-70B,20,4,5,32,32,2944,0.0016955,0.0134763675580705,0,0.0151718675580705,0.0016955,1.3654449046456474,2929.448113498257,7.861994490260752,231.8488496095769,1.0
Llama2-70B,20,4,5,32,32,3072,0.0016955,0.0134763675580705,0,0.0151718675580705,0.0016955,1.3654449046456474,2929.448113498257,7.878211590033577,232.32708906026485,1.0
Llama2-70B,20,4,5,32,32,3200,0.0016955,0.0134763675580705,0,0.0151718675580705,0.0016955,1.3654449046456474,2929.448113498257,7.8944286898064036,232.8053285109527,1.0
Llama2-70B,20,4,5,32,32,3328,0.0016955,0.0134763675580705,0,0.0151718675580705,0.0016955,1.3654449046456474,2929.448113498257,7.910645789579229,233.28356796164053,1.0
Llama2-70B,20,4,5,32,32,3456,0.0016955,0.0134763675580705,0,0.0151718675580705,0.0016955,1.3654449046456474,2929.448113498257,7.926862889352055,233.7618074123284,1.0
Llama2-70B,20,4,5,32,32,3584,0.0016955,0.0134763675580705,0,0.0151718675580705,0.0016955,1.3654449046456474,2929.448113498257,7.943079989124881,234.24004686301623,1.0
Llama2-70B,20,4,5,32,32,3712,0.0016955,0.0134763675580705,0,0.0151718675580705,0.0016955,1.3654449046456474,2929.448113498257,7.9592970888977055,234.71828631370417,1.0
Llama2-70B,20,4,5,32,32,3840,0.0016955,0.0134763675580705,0,0.0151718675580705,0.0016955,1.3654449046456474,2929.448113498257,7.975514188670531,235.196525764392,1.0
Llama2-70B,20,4,5,32,32,3968,0.0016955,0.0134763675580705,0,0.0151718675580705,0.0016955,1.3654449046456474,2929.448113498257,7.991731288443358,235.6747652150799,1.0
Llama2-70B,20,4,5,32,32,4096,0.0016955,0.0134763675580705,0,0.0151718675580705,0.0016955,1.3654449046456474,2929.448113498257,8.007948388216183,236.15300466576767,1.0
Llama2-70B,20,5,4,32,32,128,0.0016955,0.0130931948416573,0,0.0147886948416573,0.0016955,1.3347910873325894,3745.9045445020656,6.00417463620687,221.32758169444384,1.0
Llama2-70B,20,5,4,32,32,256,0.0016955,0.0130931948416573,0,0.0147886948416573,0.0016955,1.3347910873325894,3745.9045445020656,6.017148316025131,221.8058211451317,1.0
Llama2-70B,20,5,4,32,32,384,0.0016955,0.0130931948416573,0,0.0147886948416573,0.0016955,1.3347910873325894,3745.9045445020656,6.030121995843392,222.2840605958196,1.0
Llama2-70B,20,5,4,32,32,512,0.0016955,0.0130931948416573,0,0.0147886948416573,0.0016955,1.3347910873325894,3745.9045445020656,6.043095675661652,222.76230004650745,1.0
Llama2-70B,20,5,4,32,32,640,0.0016955,0.0130931948416573,0,0.0147886948416573,0.0016955,1.3347910873325894,3745.9045445020656,6.056069355479912,223.24053949719536,1.0
Llama2-70B,20,5,4,32,32,768,0.0016955,0.0130931948416573,0,0.0147886948416573,0.0016955,1.3347910873325894,3745.9045445020656,6.069043035298173,223.7187789478832,1.0
Llama2-70B,20,5,4,32,32,896,0.0016955,0.0130931948416573,0,0.0147886948416573,0.0016955,1.3347910873325894,3745.9045445020656,6.082016715116433,224.19701839857103,1.0
Llama2-70B,20,5,4,32,32,1024,0.0016955,0.0130931948416573,0,0.0147886948416573,0.0016955,1.3347910873325894,3745.9045445020656,6.094990394934694,224.6752578492589,1.0
Llama2-70B,20,5,4,32,32,1152,0.0016955,0.0130931948416573,0,0.0147886948416573,0.0016955,1.3347910873325894,3745.9045445020656,6.107964074752954,225.1534972999468,1.0
Llama2-70B,20,5,4,32,32,1280,0.0016955,0.0130931948416573,0,0.0147886948416573,0.0016955,1.3347910873325894,3745.9045445020656,6.120937754571215,225.63173675063467,1.0
Llama2-70B,20,5,4,32,32,1408,0.0016955,0.0130931948416573,0,0.0147886948416573,0.0016955,1.3347910873325894,3745.9045445020656,6.133911434389476,226.10997620132247,1.0
Llama2-70B,20,5,4,32,32,1536,0.0016955,0.0130931948416573,0,0.0147886948416573,0.0016955,1.3347910873325894,3745.9045445020656,6.146885114207737,226.5882156520104,1.0
Llama2-70B,20,5,4,32,32,1664,0.0016955,0.0130931948416573,0,0.0147886948416573,0.0016955,1.3347910873325894,3745.9045445020656,6.159858794025996,227.06645510269823,1.0
Llama2-70B,20,5,4,32,32,1792,0.0016955,0.0130931948416573,0,0.0147886948416573,0.0016955,1.3347910873325894,3745.9045445020656,6.172832473844256,227.5446945533861,1.0
Llama2-70B,20,5,4,32,32,1920,0.0016955,0.0130931948416573,0,0.0147886948416573,0.0016955,1.3347910873325894,3745.9045445020656,6.185806153662517,228.022934004074,1.0
Llama2-70B,20,5,4,32,32,2048,0.0016955,0.0130931948416573,0,0.0147886948416573,0.0016955,1.3347910873325894,3745.9045445020656,6.198779833480777,228.50117345476184,1.0
Llama2-70B,20,5,4,32,32,2176,0.0016955,0.0130931948416573,0,0.0147886948416573,0.0016955,1.3347910873325894,3745.9045445020656,6.211753513299038,228.9794129054497,1.0
Llama2-70B,20,5,4,32,32,2304,0.0016955,0.0130931948416573,0,0.0147886948416573,0.0016955,1.3347910873325894,3745.9045445020656,6.224727193117299,229.4576523561376,1.0
Llama2-70B,20,5,4,32,32,2432,0.0016955,0.0130931948416573,0,0.0147886948416573,0.0016955,1.3347910873325894,3745.9045445020656,6.237700872935559,229.93589180682548,1.0
Llama2-70B,20,5,4,32,32,2560,0.0016955,0.0130931948416573,0,0.0147886948416573,0.0016955,1.3347910873325894,3745.9045445020656,6.25067455275382,230.4141312575133,1.0
Llama2-70B,20,5,4,32,32,2688,0.0016955,0.0130931948416573,0,0.0147886948416573,0.0016955,1.3347910873325894,3745.9045445020656,6.263648232572079,230.8923707082012,1.0
Llama2-70B,20,5,4,32,32,2816,0.0016955,0.0130931948416573,0,0.0147886948416573,0.0016955,1.3347910873325894,3745.9045445020656,6.27662191239034,231.3706101588891,1.0
Llama2-70B,20,5,4,32,32,2944,0.0016955,0.0130931948416573,0,0.0147886948416573,0.0016955,1.3347910873325894,3745.9045445020656,6.289595592208601,231.8488496095769,1.0
Llama2-70B,20,5,4,32,32,3072,0.0016955,0.0130931948416573,0,0.0147886948416573,0.0016955,1.3347910873325894,3745.9045445020656,6.302569272026863,232.32708906026485,1.0
Llama2-70B,20,5,4,32,32,3200,0.0016955,0.0130931948416573,0,0.0147886948416573,0.0016955,1.3347910873325894,3745.9045445020656,6.3155429518451225,232.8053285109527,1.0
Llama2-70B,20,5,4,32,32,3328,0.0016955,0.0130931948416573,0,0.0147886948416573,0.0016955,1.3347910873325894,3745.9045445020656,6.328516631663383,233.28356796164053,1.0
Llama2-70B,20,5,4,32,32,3456,0.0016955,0.0130931948416573,0,0.0147886948416573,0.0016955,1.3347910873325894,3745.9045445020656,6.341490311481643,233.7618074123284,1.0
Llama2-70B,20,5,4,32,32,3584,0.0016955,0.0130931948416573,0,0.0147886948416573,0.0016955,1.3347910873325894,3745.9045445020656,6.354463991299904,234.24004686301623,1.0
Llama2-70B,20,5,4,32,32,3712,0.0016955,0.0130931948416573,0,0.0147886948416573,0.0016955,1.3347910873325894,3745.9045445020656,6.367437671118164,234.71828631370417,1.0
Llama2-70B,20,5,4,32,32,3840,0.0016955,0.0130931948416573,0,0.0147886948416573,0.0016955,1.3347910873325894,3745.9045445020656,6.380411350936424,235.196525764392,1.0
Llama2-70B,20,5,4,32,32,3968,0.0016955,0.0130931948416573,0,0.0147886948416573,0.0016955,1.3347910873325894,3745.9045445020656,6.3933850307546845,235.6747652150799,1.0
Llama2-70B,20,5,4,32,32,4096,0.0016955,0.0130931948416573,0,0.0147886948416573,0.0016955,1.3347910873325894,3745.9045445020656,6.406358710572945,236.15300466576767,1.0
Llama2-70B,20,10,2,32,32,128,0.0016955,0.0114753544834681,0,0.0131708544834681,0.0016955,1.205363858677455,8296.250072548351,3.002087318103435,221.32758169444384,1.0
Llama2-70B,20,10,2,32,32,256,0.0016955,0.0114753544834681,0,0.0131708544834681,0.0016955,1.205363858677455,8296.250072548351,3.0085741580125656,221.8058211451317,1.0
Llama2-70B,20,10,2,32,32,384,0.0016955,0.0114753544834681,0,0.0131708544834681,0.0016955,1.205363858677455,8296.250072548351,3.015060997921696,222.2840605958196,1.0
Llama2-70B,20,10,2,32,32,512,0.0016955,0.0114753544834681,0,0.0131708544834681,0.0016955,1.205363858677455,8296.250072548351,3.021547837830826,222.76230004650745,1.0
Llama2-70B,20,10,2,32,32,640,0.0016955,0.0114753544834681,0,0.0131708544834681,0.0016955,1.205363858677455,8296.250072548351,3.028034677739956,223.24053949719536,1.0
Llama2-70B,20,10,2,32,32,768,0.0016955,0.0114753544834681,0,0.0131708544834681,0.0016955,1.205363858677455,8296.250072548351,3.0345215176490865,223.7187789478832,1.0
Llama2-70B,20,10,2,32,32,896,0.0016955,0.0114753544834681,0,0.0131708544834681,0.0016955,1.205363858677455,8296.250072548351,3.0410083575582165,224.19701839857103,1.0
Llama2-70B,20,10,2,32,32,1024,0.0016955,0.0114753544834681,0,0.0131708544834681,0.0016955,1.205363858677455,8296.250072548351,3.047495197467347,224.6752578492589,1.0
Llama2-70B,20,10,2,32,32,1152,0.0016955,0.0114753544834681,0,0.0131708544834681,0.0016955,1.205363858677455,8296.250072548351,3.053982037376477,225.1534972999468,1.0
Llama2-70B,20,10,2,32,32,1280,0.0016955,0.0114753544834681,0,0.0131708544834681,0.0016955,1.205363858677455,8296.250072548351,3.0604688772856075,225.63173675063467,1.0
Llama2-70B,20,10,2,32,32,1408,0.0016955,0.0114753544834681,0,0.0131708544834681,0.0016955,1.205363858677455,8296.250072548351,3.066955717194738,226.10997620132247,1.0
Llama2-70B,20,10,2,32,32,1536,0.0016955,0.0114753544834681,0,0.0131708544834681,0.0016955,1.205363858677455,8296.250072548351,3.0734425571038684,226.5882156520104,1.0
Llama2-70B,20,10,2,32,32,1664,0.0016955,0.0114753544834681,0,0.0131708544834681,0.0016955,1.205363858677455,8296.250072548351,3.079929397012998,227.06645510269823,1.0
Llama2-70B,20,10,2,32,32,1792,0.0016955,0.0114753544834681,0,0.0131708544834681,0.0016955,1.205363858677455,8296.250072548351,3.086416236922128,227.5446945533861,1.0
Llama2-70B,20,10,2,32,32,1920,0.0016955,0.0114753544834681,0,0.0131708544834681,0.0016955,1.205363858677455,8296.250072548351,3.0929030768312584,228.022934004074,1.0
Llama2-70B,20,10,2,32,32,2048,0.0016955,0.0114753544834681,0,0.0131708544834681,0.0016955,1.205363858677455,8296.250072548351,3.0993899167403884,228.50117345476184,1.0
Llama2-70B,20,10,2,32,32,2176,0.0016955,0.0114753544834681,0,0.0131708544834681,0.0016955,1.205363858677455,8296.250072548351,3.105876756649519,228.9794129054497,1.0
Llama2-70B,20,10,2,32,32,2304,0.0016955,0.0114753544834681,0,0.0131708544834681,0.0016955,1.205363858677455,8296.250072548351,3.1123635965586494,229.4576523561376,1.0
Llama2-70B,20,10,2,32,32,2432,0.0016955,0.0114753544834681,0,0.0131708544834681,0.0016955,1.205363858677455,8296.250072548351,3.11885043646778,229.93589180682548,1.0
Llama2-70B,20,10,2,32,32,2560,0.0016955,0.0114753544834681,0,0.0131708544834681,0.0016955,1.205363858677455,8296.250072548351,3.12533727637691,230.4141312575133,1.0
Llama2-70B,20,10,2,32,32,2688,0.0016955,0.0114753544834681,0,0.0131708544834681,0.0016955,1.205363858677455,8296.250072548351,3.1318241162860394,230.8923707082012,1.0
Llama2-70B,20,10,2,32,32,2816,0.0016955,0.0114753544834681,0,0.0131708544834681,0.0016955,1.205363858677455,8296.250072548351,3.13831095619517,231.3706101588891,1.0
Llama2-70B,20,10,2,32,32,2944,0.0016955,0.0114753544834681,0,0.0131708544834681,0.0016955,1.205363858677455,8296.250072548351,3.1447977961043003,231.8488496095769,1.0
Llama2-70B,20,10,2,32,32,3072,0.0016955,0.0114753544834681,0,0.0131708544834681,0.0016955,1.205363858677455,8296.250072548351,3.1512846360134312,232.32708906026485,1.0
Llama2-70B,20,10,2,32,32,3200,0.0016955,0.0114753544834681,0,0.0131708544834681,0.0016955,1.205363858677455,8296.250072548351,3.157771475922561,232.8053285109527,1.0
Llama2-70B,20,10,2,32,32,3328,0.0016955,0.0114753544834681,0,0.0131708544834681,0.0016955,1.205363858677455,8296.250072548351,3.164258315831692,233.28356796164053,1.0
Llama2-70B,20,10,2,32,32,3456,0.0016955,0.0114753544834681,0,0.0131708544834681,0.0016955,1.205363858677455,8296.250072548351,3.1707451557408217,233.7618074123284,1.0
Llama2-70B,20,10,2,32,32,3584,0.0016955,0.0114753544834681,0,0.0131708544834681,0.0016955,1.205363858677455,8296.250072548351,3.177231995649952,234.24004686301623,1.0
Llama2-70B,20,10,2,32,32,3712,0.0016955,0.0114753544834681,0,0.0131708544834681,0.0016955,1.205363858677455,8296.250072548351,3.183718835559082,234.71828631370417,1.0
Llama2-70B,20,10,2,32,32,3840,0.0016955,0.0114753544834681,0,0.0131708544834681,0.0016955,1.205363858677455,8296.250072548351,3.190205675468212,235.196525764392,1.0
Llama2-70B,20,10,2,32,32,3968,0.0016955,0.0114753544834681,0,0.0131708544834681,0.0016955,1.205363858677455,8296.250072548351,3.1966925153773422,235.6747652150799,1.0
Llama2-70B,20,10,2,32,32,4096,0.0016955,0.0114753544834681,0,0.0131708544834681,0.0016955,1.205363858677455,8296.250072548351,3.2031793552864727,236.15300466576767,1.0
Llama2-70B,20,20,1,32,32,128,0.0016955,0.0083673980058942,0,0.0100628980058942,0.0016955,0.95672734047154,20904.5975315628,1.5010436590517175,221.32758169444384,1.0
Llama2-70B,20,20,1,32,32,256,0.0016955,0.0083673980058942,0,0.0100628980058942,0.0016955,0.95672734047154,20904.5975315628,1.5042870790062828,221.8058211451317,1.0
Llama2-70B,20,20,1,32,32,384,0.0016955,0.0083673980058942,0,0.0100628980058942,0.0016955,0.95672734047154,20904.5975315628,1.507530498960848,222.2840605958196,1.0
Llama2-70B,20,20,1,32,32,512,0.0016955,0.0083673980058942,0,0.0100628980058942,0.0016955,0.95672734047154,20904.5975315628,1.510773918915413,222.76230004650745,1.0
Llama2-70B,20,20,1,32,32,640,0.0016955,0.0083673980058942,0,0.0100628980058942,0.0016955,0.95672734047154,20904.5975315628,1.514017338869978,223.24053949719536,1.0
Llama2-70B,20,20,1,32,32,768,0.0016955,0.0083673980058942,0,0.0100628980058942,0.0016955,0.95672734047154,20904.5975315628,1.5172607588245433,223.7187789478832,1.0
Llama2-70B,20,20,1,32,32,896,0.0016955,0.0083673980058942,0,0.0100628980058942,0.0016955,0.95672734047154,20904.5975315628,1.5205041787791085,224.19701839857103,1.0
Llama2-70B,20,20,1,32,32,1024,0.0016955,0.0083673980058942,0,0.0100628980058942,0.0016955,0.95672734047154,20904.5975315628,1.5237475987336735,224.6752578492589,1.0
Llama2-70B,20,20,1,32,32,1152,0.0016955,0.0083673980058942,0,0.0100628980058942,0.0016955,0.95672734047154,20904.5975315628,1.5269910186882385,225.1534972999468,1.0
Llama2-70B,20,20,1,32,32,1280,0.0016955,0.0083673980058942,0,0.0100628980058942,0.0016955,0.95672734047154,20904.5975315628,1.5302344386428035,225.63173675063467,1.0
Llama2-70B,20,20,1,32,32,1408,0.0016955,0.0083673980058942,0,0.0100628980058942,0.0016955,0.95672734047154,20904.5975315628,1.533477858597369,226.10997620132247,1.0
Llama2-70B,20,20,1,32,32,1536,0.0016955,0.0083673980058942,0,0.0100628980058942,0.0016955,0.95672734047154,20904.5975315628,1.5367212785519342,226.5882156520104,1.0
Llama2-70B,20,20,1,32,32,1664,0.0016955,0.0083673980058942,0,0.0100628980058942,0.0016955,0.95672734047154,20904.5975315628,1.539964698506499,227.06645510269823,1.0
Llama2-70B,20,20,1,32,32,1792,0.0016955,0.0083673980058942,0,0.0100628980058942,0.0016955,0.95672734047154,20904.5975315628,1.543208118461064,227.5446945533861,1.0
Llama2-70B,20,20,1,32,32,1920,0.0016955,0.0083673980058942,0,0.0100628980058942,0.0016955,0.95672734047154,20904.5975315628,1.5464515384156292,228.022934004074,1.0
Llama2-70B,20,20,1,32,32,2048,0.0016955,0.0083673980058942,0,0.0100628980058942,0.0016955,0.95672734047154,20904.5975315628,1.5496949583701942,228.50117345476184,1.0
Llama2-70B,20,20,1,32,32,2176,0.0016955,0.0083673980058942,0,0.0100628980058942,0.0016955,0.95672734047154,20904.5975315628,1.5529383783247594,228.9794129054497,1.0
Llama2-70B,20,20,1,32,32,2304,0.0016955,0.0083673980058942,0,0.0100628980058942,0.0016955,0.95672734047154,20904.5975315628,1.556181798279325,229.4576523561376,1.0
Llama2-70B,20,20,1,32,32,2432,0.0016955,0.0083673980058942,0,0.0100628980058942,0.0016955,0.95672734047154,20904.5975315628,1.5594252182338897,229.93589180682548,1.0
Llama2-70B,20,20,1,32,32,2560,0.0016955,0.0083673980058942,0,0.0100628980058942,0.0016955,0.95672734047154,20904.5975315628,1.562668638188455,230.4141312575133,1.0
Llama2-70B,20,20,1,32,32,2688,0.0016955,0.0083673980058942,0,0.0100628980058942,0.0016955,0.95672734047154,20904.5975315628,1.5659120581430197,230.8923707082012,1.0
Llama2-70B,20,20,1,32,32,2816,0.0016955,0.0083673980058942,0,0.0100628980058942,0.0016955,0.95672734047154,20904.5975315628,1.569155478097585,231.3706101588891,1.0
Llama2-70B,20,20,1,32,32,2944,0.0016955,0.0083673980058942,0,0.0100628980058942,0.0016955,0.95672734047154,20904.5975315628,1.5723988980521502,231.8488496095769,1.0
Llama2-70B,20,20,1,32,32,3072,0.0016955,0.0083673980058942,0,0.0100628980058942,0.0016955,0.95672734047154,20904.5975315628,1.5756423180067156,232.32708906026485,1.0
Llama2-70B,20,20,1,32,32,3200,0.0016955,0.0083673980058942,0,0.0100628980058942,0.0016955,0.95672734047154,20904.5975315628,1.5788857379612806,232.8053285109527,1.0
Llama2-70B,20,20,1,32,32,3328,0.0016955,0.0083673980058942,0,0.0100628980058942,0.0016955,0.95672734047154,20904.5975315628,1.5821291579158456,233.28356796164053,1.0
Llama2-70B,20,20,1,32,32,3456,0.0016955,0.0083673980058942,0,0.0100628980058942,0.0016955,0.95672734047154,20904.5975315628,1.5853725778704109,233.7618074123284,1.0
Llama2-70B,20,20,1,32,32,3584,0.0016955,0.0083673980058942,0,0.0100628980058942,0.0016955,0.95672734047154,20904.5975315628,1.588615997824976,234.24004686301623,1.0
Llama2-70B,20,20,1,32,32,3712,0.0016955,0.0083673980058942,0,0.0100628980058942,0.0016955,0.95672734047154,20904.5975315628,1.591859417779541,234.71828631370417,1.0
Llama2-70B,20,20,1,32,32,3840,0.0016955,0.0083673980058942,0,0.0100628980058942,0.0016955,0.95672734047154,20904.5975315628,1.595102837734106,235.196525764392,1.0
Llama2-70B,20,20,1,32,32,3968,0.0016955,0.0083673980058942,0,0.0100628980058942,0.0016955,0.95672734047154,20904.5975315628,1.5983462576886711,235.6747652150799,1.0
Llama2-70B,20,20,1,32,32,4096,0.0016955,0.0083673980058942,0,0.0100628980058942,0.0016955,0.95672734047154,20904.5975315628,1.6015896776432363,236.15300466576767,1.0
Llama2-70B,20,80,1,32,8,128,0.003832,0.0009122856358119,0,0.0047442856358119,0.003832,0.5333748508649554,149988.32410314583,0.5921424811187537,154.52569966564562,1.0
Llama2-70B,20,80,1,32,8,256,0.003832,0.0009122856358119,0,0.0047442856358119,0.003832,0.5333748508649554,149988.32410314583,0.5929533361073951,154.73730065433065,1.0
Llama2-70B,20,80,1,32,8,384,0.003832,0.0009122856358119,0,0.0047442856358119,0.003832,0.5333748508649554,149988.32410314583,0.5937641910960363,154.9489016430158,1.0
Llama2-70B,20,80,1,32,8,512,0.003832,0.0009122856358119,0,0.0047442856358119,0.003832,0.5333748508649554,149988.32410314583,0.5945750460846776,155.1605026317009,1.0
Llama2-70B,20,80,1,32,8,640,0.003832,0.0009122856358119,0,0.0047442856358119,0.003832,0.5333748508649554,149988.32410314583,0.5953859010733188,155.37210362038596,1.0
Llama2-70B,20,80,1,32,8,768,0.003832,0.0009122856358119,0,0.0047442856358119,0.003832,0.5333748508649554,149988.32410314583,0.5961967560619602,155.58370460907105,1.0
Llama2-70B,20,80,1,32,8,896,0.003832,0.0009122856358119,0,0.0047442856358119,0.003832,0.5333748508649554,149988.32410314583,0.5970076110506015,155.79530559775614,1.0
Llama2-70B,20,80,1,32,8,1024,0.003832,0.0009122856358119,0,0.0047442856358119,0.003832,0.5333748508649554,149988.32410314583,0.5978184660392428,156.00690658644123,1.0
Llama2-70B,20,80,1,32,8,1152,0.003832,0.0009122856358119,0,0.0047442856358119,0.003832,0.5333748508649554,149988.32410314583,0.598629321027884,156.21850757512635,1.0
Llama2-70B,20,80,1,32,8,1280,0.003832,0.0009122856358119,0,0.0047442856358119,0.003832,0.5333748508649554,149988.32410314583,0.5994401760165252,156.4301085638114,1.0
Llama2-70B,20,80,1,32,8,1408,0.003832,0.0009122856358119,0,0.0047442856358119,0.003832,0.5333748508649554,149988.32410314583,0.6002510310051666,156.64170955249654,1.0
Llama2-70B,20,80,1,32,8,1536,0.003832,0.0009122856358119,0,0.0047442856358119,0.003832,0.5333748508649554,149988.32410314583,0.6010618859938079,156.85331054118163,1.0
Llama2-70B,20,80,1,32,8,1664,0.003832,0.0009122856358119,0,0.0047442856358119,0.003832,0.5333748508649554,149988.32410314583,0.6018727409824493,157.06491152986672,1.0
Llama2-70B,20,80,1,32,8,1792,0.003832,0.0009122856358119,0,0.0047442856358119,0.003832,0.5333748508649554,149988.32410314583,0.6026835959710904,157.2765125185518,1.0
Llama2-70B,20,80,1,32,8,1920,0.003832,0.0009122856358119,0,0.0047442856358119,0.003832,0.5333748508649554,149988.32410314583,0.6034944509597318,157.48811350723687,1.0
Llama2-70B,20,80,1,32,8,2048,0.003832,0.0009122856358119,0,0.0047442856358119,0.003832,0.5333748508649554,149988.32410314583,0.6043053059483731,157.699714495922,1.0
Llama2-70B,20,80,1,32,8,2176,0.003832,0.0009122856358119,0,0.0047442856358119,0.003832,0.5333748508649554,149988.32410314583,0.6051161609370143,157.9113154846071,1.0
Llama2-70B,20,80,1,32,8,2304,0.003832,0.0009122856358119,0,0.0047442856358119,0.003832,0.5333748508649554,149988.32410314583,0.6059270159256556,158.12291647329218,1.0
Llama2-70B,20,80,1,32,8,2432,0.003832,0.0009122856358119,0,0.0047442856358119,0.003832,0.5333748508649554,149988.32410314583,0.6067378709142969,158.33451746197727,1.0
Llama2-70B,20,80,1,32,8,2560,0.003832,0.0009122856358119,0,0.0047442856358119,0.003832,0.5333748508649554,149988.32410314583,0.6075487259029382,158.54611845066236,1.0
Llama2-70B,20,80,1,32,8,2688,0.003832,0.0009122856358119,0,0.0047442856358119,0.003832,0.5333748508649554,149988.32410314583,0.6083595808915795,158.75771943934743,1.0
Llama2-70B,20,80,1,32,8,2816,0.003832,0.0009122856358119,0,0.0047442856358119,0.003832,0.5333748508649554,149988.32410314583,0.6091704358802208,158.96932042803255,1.0
Llama2-70B,20,80,1,32,8,2944,0.003832,0.0009122856358119,0,0.0047442856358119,0.003832,0.5333748508649554,149988.32410314583,0.609981290868862,159.18092141671764,1.0
Llama2-70B,20,80,1,32,8,3072,0.003832,0.0009122856358119,0,0.0047442856358119,0.003832,0.5333748508649554,149988.32410314583,0.6107921458575033,159.39252240540276,1.0
Llama2-70B,20,80,1,32,8,3200,0.003832,0.0009122856358119,0,0.0047442856358119,0.003832,0.5333748508649554,149988.32410314583,0.6116030008461445,159.60412339408782,1.0
Llama2-70B,20,80,1,32,8,3328,0.003832,0.0009122856358119,0,0.0047442856358119,0.003832,0.5333748508649554,149988.32410314583,0.6124138558347858,159.81572438277294,1.0
Llama2-70B,20,80,1,32,8,3456,0.003832,0.0009122856358119,0,0.0047442856358119,0.003832,0.5333748508649554,149988.32410314583,0.6132247108234271,160.027325371458,1.0
Llama2-70B,20,80,1,32,8,3584,0.003832,0.0009122856358119,0,0.0047442856358119,0.003832,0.5333748508649554,149988.32410314583,0.6140355658120683,160.23892636014315,1.0
Llama2-70B,20,80,1,32,8,3712,0.003832,0.0009122856358119,0,0.0047442856358119,0.003832,0.5333748508649554,149988.32410314583,0.6148464208007096,160.45052734882822,1.0
Llama2-70B,20,80,1,32,8,3840,0.003832,0.0009122856358119,0,0.0047442856358119,0.003832,0.5333748508649554,149988.32410314583,0.6156572757893509,160.6621283375133,1.0
Llama2-70B,20,80,1,32,8,3968,0.003832,0.0009122856358119,0,0.0047442856358119,0.003832,0.5333748508649554,149988.32410314583,0.6164681307779923,160.8737293261984,1.0
Llama2-70B,20,80,1,32,8,4096,0.003832,0.0009122856358119,0,0.0047442856358119,0.003832,0.5333748508649554,149988.32410314583,0.6172789857666335,161.0853303148835,1.0
Llama2-70B,32,1,32,32,32,128,0.0016955,0.024571346435546874,0,0.026266846435546873,0.0016955,2.25304321484375,443.8441275390054,48.03339708965496,354.1241307111101,1.0
Llama2-70B,32,1,32,32,32,256,0.0016955,0.024571346435546874,0,0.026266846435546873,0.0016955,2.25304321484375,443.8441275390054,48.13718652820105,354.88931383221075,1.0
Llama2-70B,32,1,32,32,32,384,0.0016955,0.024571346435546874,0,0.026266846435546873,0.0016955,2.25304321484375,443.8441275390054,48.240975966747136,355.65449695331137,1.0
Llama2-70B,32,1,32,32,32,512,0.0016955,0.024571346435546874,0,0.026266846435546873,0.0016955,2.25304321484375,443.8441275390054,48.34476540529322,356.4196800744118,1.0
Llama2-70B,32,1,32,32,32,640,0.0016955,0.024571346435546874,0,0.026266846435546873,0.0016955,2.25304321484375,443.8441275390054,48.4485548438393,357.1848631955125,1.0
Llama2-70B,32,1,32,32,32,768,0.0016955,0.024571346435546874,0,0.026266846435546873,0.0016955,2.25304321484375,443.8441275390054,48.552344282385384,357.9500463166131,1.0
Llama2-70B,32,1,32,32,32,896,0.0016955,0.024571346435546874,0,0.026266846435546873,0.0016955,2.25304321484375,443.8441275390054,48.656133720931464,358.7152294377137,1.0
Llama2-70B,32,1,32,32,32,1024,0.0016955,0.024571346435546874,0,0.026266846435546873,0.0016955,2.25304321484375,443.8441275390054,48.75992315947755,359.48041255881424,1.0
Llama2-70B,32,1,32,32,32,1152,0.0016955,0.024571346435546874,0,0.026266846435546873,0.0016955,2.25304321484375,443.8441275390054,48.86371259802363,360.24559567991486,1.0
Llama2-70B,32,1,32,32,32,1280,0.0016955,0.024571346435546874,0,0.026266846435546873,0.0016955,2.25304321484375,443.8441275390054,48.96750203656972,361.0107788010155,1.0
Llama2-70B,32,1,32,32,32,1408,0.0016955,0.024571346435546874,0,0.026266846435546873,0.0016955,2.25304321484375,443.8441275390054,49.07129147511581,361.775961922116,1.0
Llama2-70B,32,1,32,32,32,1536,0.0016955,0.024571346435546874,0,0.026266846435546873,0.0016955,2.25304321484375,443.8441275390054,49.175080913661894,362.5411450432166,1.0
Llama2-70B,32,1,32,32,32,1664,0.0016955,0.024571346435546874,0,0.026266846435546873,0.0016955,2.25304321484375,443.8441275390054,49.27887035220797,363.3063281643172,1.0
Llama2-70B,32,1,32,32,32,1792,0.0016955,0.024571346435546874,0,0.026266846435546873,0.0016955,2.25304321484375,443.8441275390054,49.38265979075405,364.07151128541784,1.0
Llama2-70B,32,1,32,32,32,1920,0.0016955,0.024571346435546874,0,0.026266846435546873,0.0016955,2.25304321484375,443.8441275390054,49.486449229300135,364.83669440651835,1.0
Llama2-70B,32,1,32,32,32,2048,0.0016955,0.024571346435546874,0,0.026266846435546873,0.0016955,2.25304321484375,443.8441275390054,49.590238667846215,365.601877527619,1.0
Llama2-70B,32,1,32,32,32,2176,0.0016955,0.024571346435546874,0,0.026266846435546873,0.0016955,2.25304321484375,443.8441275390054,49.6940281063923,366.3670606487196,1.0
Llama2-70B,32,1,32,32,32,2304,0.0016955,0.024571346435546874,0,0.026266846435546873,0.0016955,2.25304321484375,443.8441275390054,49.79781754493839,367.13224376982015,1.0
Llama2-70B,32,1,32,32,32,2432,0.0016955,0.024571346435546874,0,0.026266846435546873,0.0016955,2.25304321484375,443.8441275390054,49.90160698348447,367.8974268909207,1.0
Llama2-70B,32,1,32,32,32,2560,0.0016955,0.024571346435546874,0,0.026266846435546873,0.0016955,2.25304321484375,443.8441275390054,50.00539642203056,368.66261001202133,1.0
Llama2-70B,32,1,32,32,32,2688,0.0016955,0.024571346435546874,0,0.026266846435546873,0.0016955,2.25304321484375,443.8441275390054,50.10918586057663,369.4277931331219,1.0
Llama2-70B,32,1,32,32,32,2816,0.0016955,0.024571346435546874,0,0.026266846435546873,0.0016955,2.25304321484375,443.8441275390054,50.21297529912272,370.1929762542225,1.0
Llama2-70B,32,1,32,32,32,2944,0.0016955,0.024571346435546874,0,0.026266846435546873,0.0016955,2.25304321484375,443.8441275390054,50.316764737668805,370.95815937532313,1.0
Llama2-70B,32,1,32,32,32,3072,0.0016955,0.024571346435546874,0,0.026266846435546873,0.0016955,2.25304321484375,443.8441275390054,50.4205541762149,371.72334249642375,1.0
Llama2-70B,32,1,32,32,32,3200,0.0016955,0.024571346435546874,0,0.026266846435546873,0.0016955,2.25304321484375,443.8441275390054,50.52434361476098,372.4885256175242,1.0
Llama2-70B,32,1,32,32,32,3328,0.0016955,0.024571346435546874,0,0.026266846435546873,0.0016955,2.25304321484375,443.8441275390054,50.62813305330706,373.2537087386248,1.0
Llama2-70B,32,1,32,32,32,3456,0.0016955,0.024571346435546874,0,0.026266846435546873,0.0016955,2.25304321484375,443.8441275390054,50.73192249185315,374.01889185972544,1.0
Llama2-70B,32,1,32,32,32,3584,0.0016955,0.024571346435546874,0,0.026266846435546873,0.0016955,2.25304321484375,443.8441275390054,50.83571193039923,374.78407498082606,1.0
Llama2-70B,32,1,32,32,32,3712,0.0016955,0.024571346435546874,0,0.026266846435546873,0.0016955,2.25304321484375,443.8441275390054,50.939501368945315,375.5492581019266,1.0
Llama2-70B,32,1,32,32,32,3840,0.0016955,0.024571346435546874,0,0.026266846435546873,0.0016955,2.25304321484375,443.8441275390054,51.043290807491395,376.3144412230272,1.0
Llama2-70B,32,1,32,32,32,3968,0.0016955,0.024571346435546874,0,0.026266846435546873,0.0016955,2.25304321484375,443.8441275390054,51.147080246037476,377.0796243441278,1.0
Llama2-70B,32,1,32,32,32,4096,0.0016955,0.024571346435546874,0,0.026266846435546873,0.0016955,2.25304321484375,443.8441275390054,51.25086968458356,377.84480746522837,1.0
Llama2-70B,32,2,16,32,32,128,0.0016955,0.023975299987792967,0,0.025670799987792967,0.0016955,2.2053594990234373,906.8816221961212,24.01669854482748,354.1241307111101,1.0
Llama2-70B,32,2,16,32,32,256,0.0016955,0.023975299987792967,0,0.025670799987792967,0.0016955,2.2053594990234373,906.8816221961212,24.068593264100524,354.88931383221075,1.0
Llama2-70B,32,2,16,32,32,384,0.0016955,0.023975299987792967,0,0.025670799987792967,0.0016955,2.2053594990234373,906.8816221961212,24.120487983373568,355.65449695331137,1.0
Llama2-70B,32,2,16,32,32,512,0.0016955,0.023975299987792967,0,0.025670799987792967,0.0016955,2.2053594990234373,906.8816221961212,24.17238270264661,356.4196800744118,1.0
Llama2-70B,32,2,16,32,32,640,0.0016955,0.023975299987792967,0,0.025670799987792967,0.0016955,2.2053594990234373,906.8816221961212,24.22427742191965,357.1848631955125,1.0
Llama2-70B,32,2,16,32,32,768,0.0016955,0.023975299987792967,0,0.025670799987792967,0.0016955,2.2053594990234373,906.8816221961212,24.276172141192692,357.9500463166131,1.0
Llama2-70B,32,2,16,32,32,896,0.0016955,0.023975299987792967,0,0.025670799987792967,0.0016955,2.2053594990234373,906.8816221961212,24.328066860465732,358.7152294377137,1.0
Llama2-70B,32,2,16,32,32,1024,0.0016955,0.023975299987792967,0,0.025670799987792967,0.0016955,2.2053594990234373,906.8816221961212,24.379961579738776,359.48041255881424,1.0
Llama2-70B,32,2,16,32,32,1152,0.0016955,0.023975299987792967,0,0.025670799987792967,0.0016955,2.2053594990234373,906.8816221961212,24.431856299011816,360.24559567991486,1.0
Llama2-70B,32,2,16,32,32,1280,0.0016955,0.023975299987792967,0,0.025670799987792967,0.0016955,2.2053594990234373,906.8816221961212,24.48375101828486,361.0107788010155,1.0
Llama2-70B,32,2,16,32,32,1408,0.0016955,0.023975299987792967,0,0.025670799987792967,0.0016955,2.2053594990234373,906.8816221961212,24.535645737557903,361.775961922116,1.0
Llama2-70B,32,2,16,32,32,1536,0.0016955,0.023975299987792967,0,0.025670799987792967,0.0016955,2.2053594990234373,906.8816221961212,24.587540456830947,362.5411450432166,1.0
Llama2-70B,32,2,16,32,32,1664,0.0016955,0.023975299987792967,0,0.025670799987792967,0.0016955,2.2053594990234373,906.8816221961212,24.639435176103984,363.3063281643172,1.0
Llama2-70B,32,2,16,32,32,1792,0.0016955,0.023975299987792967,0,0.025670799987792967,0.0016955,2.2053594990234373,906.8816221961212,24.691329895377024,364.07151128541784,1.0
Llama2-70B,32,2,16,32,32,1920,0.0016955,0.023975299987792967,0,0.025670799987792967,0.0016955,2.2053594990234373,906.8816221961212,24.743224614650067,364.83669440651835,1.0
Llama2-70B,32,2,16,32,32,2048,0.0016955,0.023975299987792967,0,0.025670799987792967,0.0016955,2.2053594990234373,906.8816221961212,24.795119333923108,365.601877527619,1.0
Llama2-70B,32,2,16,32,32,2176,0.0016955,0.023975299987792967,0,0.025670799987792967,0.0016955,2.2053594990234373,906.8816221961212,24.84701405319615,366.3670606487196,1.0
Llama2-70B,32,2,16,32,32,2304,0.0016955,0.023975299987792967,0,0.025670799987792967,0.0016955,2.2053594990234373,906.8816221961212,24.898908772469195,367.13224376982015,1.0
Llama2-70B,32,2,16,32,32,2432,0.0016955,0.023975299987792967,0,0.025670799987792967,0.0016955,2.2053594990234373,906.8816221961212,24.950803491742235,367.8974268909207,1.0
Llama2-70B,32,2,16,32,32,2560,0.0016955,0.023975299987792967,0,0.025670799987792967,0.0016955,2.2053594990234373,906.8816221961212,25.00269821101528,368.66261001202133,1.0
Llama2-70B,32,2,16,32,32,2688,0.0016955,0.023975299987792967,0,0.025670799987792967,0.0016955,2.2053594990234373,906.8816221961212,25.054592930288315,369.4277931331219,1.0
Llama2-70B,32,2,16,32,32,2816,0.0016955,0.023975299987792967,0,0.025670799987792967,0.0016955,2.2053594990234373,906.8816221961212,25.10648764956136,370.1929762542225,1.0
Llama2-70B,32,2,16,32,32,2944,0.0016955,0.023975299987792967,0,0.025670799987792967,0.0016955,2.2053594990234373,906.8816221961212,25.158382368834403,370.95815937532313,1.0
Llama2-70B,32,2,16,32,32,3072,0.0016955,0.023975299987792967,0,0.025670799987792967,0.0016955,2.2053594990234373,906.8816221961212,25.21027708810745,371.72334249642375,1.0
Llama2-70B,32,2,16,32,32,3200,0.0016955,0.023975299987792967,0,0.025670799987792967,0.0016955,2.2053594990234373,906.8816221961212,25.26217180738049,372.4885256175242,1.0
Llama2-70B,32,2,16,32,32,3328,0.0016955,0.023975299987792967,0,0.025670799987792967,0.0016955,2.2053594990234373,906.8816221961212,25.31406652665353,373.2537087386248,1.0
Llama2-70B,32,2,16,32,32,3456,0.0016955,0.023975299987792967,0,0.025670799987792967,0.0016955,2.2053594990234373,906.8816221961212,25.365961245926574,374.01889185972544,1.0
Llama2-70B,32,2,16,32,32,3584,0.0016955,0.023975299987792967,0,0.025670799987792967,0.0016955,2.2053594990234373,906.8816221961212,25.417855965199614,374.78407498082606,1.0
Llama2-70B,32,2,16,32,32,3712,0.0016955,0.023975299987792967,0,0.025670799987792967,0.0016955,2.2053594990234373,906.8816221961212,25.469750684472658,375.5492581019266,1.0
Llama2-70B,32,2,16,32,32,3840,0.0016955,0.023975299987792967,0,0.025670799987792967,0.0016955,2.2053594990234373,906.8816221961212,25.521645403745698,376.3144412230272,1.0
Llama2-70B,32,2,16,32,32,3968,0.0016955,0.023975299987792967,0,0.025670799987792967,0.0016955,2.2053594990234373,906.8816221961212,25.573540123018738,377.0796243441278,1.0
Llama2-70B,32,2,16,32,32,4096,0.0016955,0.023975299987792967,0,0.025670799987792967,0.0016955,2.2053594990234373,906.8816221961212,25.62543484229178,377.84480746522837,1.0
Llama2-70B,32,4,8,32,32,128,0.0016955,0.022723602447509764,0,0.024419102447509763,0.0016955,2.105223695800781,1900.0356152073841,12.00834927241374,354.1241307111101,1.0
Llama2-70B,32,4,8,32,32,256,0.0016955,0.022723602447509764,0,0.024419102447509763,0.0016955,2.105223695800781,1900.0356152073841,12.034296632050262,354.88931383221075,1.0
Llama2-70B,32,4,8,32,32,384,0.0016955,0.022723602447509764,0,0.024419102447509763,0.0016955,2.105223695800781,1900.0356152073841,12.060243991686784,355.65449695331137,1.0
Llama2-70B,32,4,8,32,32,512,0.0016955,0.022723602447509764,0,0.024419102447509763,0.0016955,2.105223695800781,1900.0356152073841,12.086191351323304,356.4196800744118,1.0
Llama2-70B,32,4,8,32,32,640,0.0016955,0.022723602447509764,0,0.024419102447509763,0.0016955,2.105223695800781,1900.0356152073841,12.112138710959824,357.1848631955125,1.0
Llama2-70B,32,4,8,32,32,768,0.0016955,0.022723602447509764,0,0.024419102447509763,0.0016955,2.105223695800781,1900.0356152073841,12.138086070596346,357.9500463166131,1.0
Llama2-70B,32,4,8,32,32,896,0.0016955,0.022723602447509764,0,0.024419102447509763,0.0016955,2.105223695800781,1900.0356152073841,12.164033430232866,358.7152294377137,1.0
Llama2-70B,32,4,8,32,32,1024,0.0016955,0.022723602447509764,0,0.024419102447509763,0.0016955,2.105223695800781,1900.0356152073841,12.189980789869388,359.48041255881424,1.0
Llama2-70B,32,4,8,32,32,1152,0.0016955,0.022723602447509764,0,0.024419102447509763,0.0016955,2.105223695800781,1900.0356152073841,12.215928149505908,360.24559567991486,1.0
Llama2-70B,32,4,8,32,32,1280,0.0016955,0.022723602447509764,0,0.024419102447509763,0.0016955,2.105223695800781,1900.0356152073841,12.24187550914243,361.0107788010155,1.0
Llama2-70B,32,4,8,32,32,1408,0.0016955,0.022723602447509764,0,0.024419102447509763,0.0016955,2.105223695800781,1900.0356152073841,12.267822868778952,361.775961922116,1.0
Llama2-70B,32,4,8,32,32,1536,0.0016955,0.022723602447509764,0,0.024419102447509763,0.0016955,2.105223695800781,1900.0356152073841,12.293770228415474,362.5411450432166,1.0
Llama2-70B,32,4,8,32,32,1664,0.0016955,0.022723602447509764,0,0.024419102447509763,0.0016955,2.105223695800781,1900.0356152073841,12.319717588051992,363.3063281643172,1.0
Llama2-70B,32,4,8,32,32,1792,0.0016955,0.022723602447509764,0,0.024419102447509763,0.0016955,2.105223695800781,1900.0356152073841,12.345664947688512,364.07151128541784,1.0
Llama2-70B,32,4,8,32,32,1920,0.0016955,0.022723602447509764,0,0.024419102447509763,0.0016955,2.105223695800781,1900.0356152073841,12.371612307325034,364.83669440651835,1.0
Llama2-70B,32,4,8,32,32,2048,0.0016955,0.022723602447509764,0,0.024419102447509763,0.0016955,2.105223695800781,1900.0356152073841,12.397559666961554,365.601877527619,1.0
Llama2-70B,32,4,8,32,32,2176,0.0016955,0.022723602447509764,0,0.024419102447509763,0.0016955,2.105223695800781,1900.0356152073841,12.423507026598076,366.3670606487196,1.0
Llama2-70B,32,4,8,32,32,2304,0.0016955,0.022723602447509764,0,0.024419102447509763,0.0016955,2.105223695800781,1900.0356152073841,12.449454386234597,367.13224376982015,1.0
Llama2-70B,32,4,8,32,32,2432,0.0016955,0.022723602447509764,0,0.024419102447509763,0.0016955,2.105223695800781,1900.0356152073841,12.475401745871117,367.8974268909207,1.0
Llama2-70B,32,4,8,32,32,2560,0.0016955,0.022723602447509764,0,0.024419102447509763,0.0016955,2.105223695800781,1900.0356152073841,12.50134910550764,368.66261001202133,1.0
Llama2-70B,32,4,8,32,32,2688,0.0016955,0.022723602447509764,0,0.024419102447509763,0.0016955,2.105223695800781,1900.0356152073841,12.527296465144158,369.4277931331219,1.0
Llama2-70B,32,4,8,32,32,2816,0.0016955,0.022723602447509764,0,0.024419102447509763,0.0016955,2.105223695800781,1900.0356152073841,12.55324382478068,370.1929762542225,1.0
Llama2-70B,32,4,8,32,32,2944,0.0016955,0.022723602447509764,0,0.024419102447509763,0.0016955,2.105223695800781,1900.0356152073841,12.579191184417201,370.95815937532313,1.0
Llama2-70B,32,4,8,32,32,3072,0.0016955,0.022723602447509764,0,0.024419102447509763,0.0016955,2.105223695800781,1900.0356152073841,12.605138544053725,371.72334249642375,1.0
Llama2-70B,32,4,8,32,32,3200,0.0016955,0.022723602447509764,0,0.024419102447509763,0.0016955,2.105223695800781,1900.0356152073841,12.631085903690245,372.4885256175242,1.0
Llama2-70B,32,4,8,32,32,3328,0.0016955,0.022723602447509764,0,0.024419102447509763,0.0016955,2.105223695800781,1900.0356152073841,12.657033263326765,373.2537087386248,1.0
Llama2-70B,32,4,8,32,32,3456,0.0016955,0.022723602447509764,0,0.024419102447509763,0.0016955,2.105223695800781,1900.0356152073841,12.682980622963287,374.01889185972544,1.0
Llama2-70B,32,4,8,32,32,3584,0.0016955,0.022723602447509764,0,0.024419102447509763,0.0016955,2.105223695800781,1900.0356152073841,12.708927982599807,374.78407498082606,1.0
Llama2-70B,32,4,8,32,32,3712,0.0016955,0.022723602447509764,0,0.024419102447509763,0.0016955,2.105223695800781,1900.0356152073841,12.734875342236329,375.5492581019266,1.0
Llama2-70B,32,4,8,32,32,3840,0.0016955,0.022723602447509764,0,0.024419102447509763,0.0016955,2.105223695800781,1900.0356152073841,12.760822701872849,376.3144412230272,1.0
Llama2-70B,32,4,8,32,32,3968,0.0016955,0.022723602447509764,0,0.024419102447509763,0.0016955,2.105223695800781,1900.0356152073841,12.786770061509369,377.0796243441278,1.0
Llama2-70B,32,4,8,32,32,4096,0.0016955,0.022723602447509764,0,0.024419102447509763,0.0016955,2.105223695800781,1900.0356152073841,12.81271742114589,377.84480746522837,1.0
Llama2-70B,32,8,4,32,32,128,0.0016955,0.02129309097290039,0,0.02298859097290039,0.0016955,1.990782777832031,4018.5197948678388,6.00417463620687,354.1241307111101,1.0
Llama2-70B,32,8,4,32,32,256,0.0016955,0.02129309097290039,0,0.02298859097290039,0.0016955,1.990782777832031,4018.5197948678388,6.017148316025131,354.88931383221075,1.0
Llama2-70B,32,8,4,32,32,384,0.0016955,0.02129309097290039,0,0.02298859097290039,0.0016955,1.990782777832031,4018.5197948678388,6.030121995843392,355.65449695331137,1.0
Llama2-70B,32,8,4,32,32,512,0.0016955,0.02129309097290039,0,0.02298859097290039,0.0016955,1.990782777832031,4018.5197948678388,6.043095675661652,356.4196800744118,1.0
Llama2-70B,32,8,4,32,32,640,0.0016955,0.02129309097290039,0,0.02298859097290039,0.0016955,1.990782777832031,4018.5197948678388,6.056069355479912,357.1848631955125,1.0
Llama2-70B,32,8,4,32,32,768,0.0016955,0.02129309097290039,0,0.02298859097290039,0.0016955,1.990782777832031,4018.5197948678388,6.069043035298173,357.9500463166131,1.0
Llama2-70B,32,8,4,32,32,896,0.0016955,0.02129309097290039,0,0.02298859097290039,0.0016955,1.990782777832031,4018.5197948678388,6.082016715116433,358.7152294377137,1.0
Llama2-70B,32,8,4,32,32,1024,0.0016955,0.02129309097290039,0,0.02298859097290039,0.0016955,1.990782777832031,4018.5197948678388,6.094990394934694,359.48041255881424,1.0
Llama2-70B,32,8,4,32,32,1152,0.0016955,0.02129309097290039,0,0.02298859097290039,0.0016955,1.990782777832031,4018.5197948678388,6.107964074752954,360.24559567991486,1.0
Llama2-70B,32,8,4,32,32,1280,0.0016955,0.02129309097290039,0,0.02298859097290039,0.0016955,1.990782777832031,4018.5197948678388,6.120937754571215,361.0107788010155,1.0
Llama2-70B,32,8,4,32,32,1408,0.0016955,0.02129309097290039,0,0.02298859097290039,0.0016955,1.990782777832031,4018.5197948678388,6.133911434389476,361.775961922116,1.0
Llama2-70B,32,8,4,32,32,1536,0.0016955,0.02129309097290039,0,0.02298859097290039,0.0016955,1.990782777832031,4018.5197948678388,6.146885114207737,362.5411450432166,1.0
Llama2-70B,32,8,4,32,32,1664,0.0016955,0.02129309097290039,0,0.02298859097290039,0.0016955,1.990782777832031,4018.5197948678388,6.159858794025996,363.3063281643172,1.0
Llama2-70B,32,8,4,32,32,1792,0.0016955,0.02129309097290039,0,0.02298859097290039,0.0016955,1.990782777832031,4018.5197948678388,6.172832473844256,364.07151128541784,1.0
Llama2-70B,32,8,4,32,32,1920,0.0016955,0.02129309097290039,0,0.02298859097290039,0.0016955,1.990782777832031,4018.5197948678388,6.185806153662517,364.83669440651835,1.0
Llama2-70B,32,8,4,32,32,2048,0.0016955,0.02129309097290039,0,0.02298859097290039,0.0016955,1.990782777832031,4018.5197948678388,6.198779833480777,365.601877527619,1.0
Llama2-70B,32,8,4,32,32,2176,0.0016955,0.02129309097290039,0,0.02298859097290039,0.0016955,1.990782777832031,4018.5197948678388,6.211753513299038,366.3670606487196,1.0
Llama2-70B,32,8,4,32,32,2304,0.0016955,0.02129309097290039,0,0.02298859097290039,0.0016955,1.990782777832031,4018.5197948678388,6.224727193117299,367.13224376982015,1.0
Llama2-70B,32,8,4,32,32,2432,0.0016955,0.02129309097290039,0,0.02298859097290039,0.0016955,1.990782777832031,4018.5197948678388,6.237700872935559,367.8974268909207,1.0
Llama2-70B,32,8,4,32,32,2560,0.0016955,0.02129309097290039,0,0.02298859097290039,0.0016955,1.990782777832031,4018.5197948678388,6.25067455275382,368.66261001202133,1.0
Llama2-70B,32,8,4,32,32,2688,0.0016955,0.02129309097290039,0,0.02298859097290039,0.0016955,1.990782777832031,4018.5197948678388,6.263648232572079,369.4277931331219,1.0
Llama2-70B,32,8,4,32,32,2816,0.0016955,0.02129309097290039,0,0.02298859097290039,0.0016955,1.990782777832031,4018.5197948678388,6.27662191239034,370.1929762542225,1.0
Llama2-70B,32,8,4,32,32,2944,0.0016955,0.02129309097290039,0,0.02298859097290039,0.0016955,1.990782777832031,4018.5197948678388,6.289595592208601,370.95815937532313,1.0
Llama2-70B,32,8,4,32,32,3072,0.0016955,0.02129309097290039,0,0.02298859097290039,0.0016955,1.990782777832031,4018.5197948678388,6.3025692720268625,371.72334249642375,1.0
Llama2-70B,32,8,4,32,32,3200,0.0016955,0.02129309097290039,0,0.02298859097290039,0.0016955,1.990782777832031,4018.5197948678388,6.3155429518451225,372.4885256175242,1.0
Llama2-70B,32,8,4,32,32,3328,0.0016955,0.02129309097290039,0,0.02298859097290039,0.0016955,1.990782777832031,4018.5197948678388,6.3285166316633825,373.2537087386248,1.0
Llama2-70B,32,8,4,32,32,3456,0.0016955,0.02129309097290039,0,0.02298859097290039,0.0016955,1.990782777832031,4018.5197948678388,6.341490311481643,374.01889185972544,1.0
Llama2-70B,32,8,4,32,32,3584,0.0016955,0.02129309097290039,0,0.02298859097290039,0.0016955,1.990782777832031,4018.5197948678388,6.3544639912999035,374.78407498082606,1.0
Llama2-70B,32,8,4,32,32,3712,0.0016955,0.02129309097290039,0,0.02298859097290039,0.0016955,1.990782777832031,4018.5197948678388,6.367437671118164,375.5492581019266,1.0
Llama2-70B,32,8,4,32,32,3840,0.0016955,0.02129309097290039,0,0.02298859097290039,0.0016955,1.990782777832031,4018.5197948678388,6.380411350936424,376.3144412230272,1.0
Llama2-70B,32,8,4,32,32,3968,0.0016955,0.02129309097290039,0,0.02298859097290039,0.0016955,1.990782777832031,4018.5197948678388,6.3933850307546845,377.0796243441278,1.0
Llama2-70B,32,8,4,32,32,4096,0.0016955,0.02129309097290039,0,0.02298859097290039,0.0016955,1.990782777832031,4018.5197948678388,6.406358710572945,377.84480746522837,1.0
Llama2-70B,32,16,2,32,32,128,0.0016955,0.018461870346069335,0,0.020157370346069334,0.0016955,1.7642851276855467,9068.828926189148,3.002087318103435,354.1241307111101,1.0
Llama2-70B,32,16,2,32,32,256,0.0016955,0.018461870346069335,0,0.020157370346069334,0.0016955,1.7642851276855467,9068.828926189148,3.0085741580125656,354.88931383221075,1.0
Llama2-70B,32,16,2,32,32,384,0.0016955,0.018461870346069335,0,0.020157370346069334,0.0016955,1.7642851276855467,9068.828926189148,3.015060997921696,355.65449695331137,1.0
Llama2-70B,32,16,2,32,32,512,0.0016955,0.018461870346069335,0,0.020157370346069334,0.0016955,1.7642851276855467,9068.828926189148,3.021547837830826,356.4196800744118,1.0
Llama2-70B,32,16,2,32,32,640,0.0016955,0.018461870346069335,0,0.020157370346069334,0.0016955,1.7642851276855467,9068.828926189148,3.028034677739956,357.1848631955125,1.0
Llama2-70B,32,16,2,32,32,768,0.0016955,0.018461870346069335,0,0.020157370346069334,0.0016955,1.7642851276855467,9068.828926189148,3.0345215176490865,357.9500463166131,1.0
Llama2-70B,32,16,2,32,32,896,0.0016955,0.018461870346069335,0,0.020157370346069334,0.0016955,1.7642851276855467,9068.828926189148,3.0410083575582165,358.7152294377137,1.0
Llama2-70B,32,16,2,32,32,1024,0.0016955,0.018461870346069335,0,0.020157370346069334,0.0016955,1.7642851276855467,9068.828926189148,3.047495197467347,359.48041255881424,1.0
Llama2-70B,32,16,2,32,32,1152,0.0016955,0.018461870346069335,0,0.020157370346069334,0.0016955,1.7642851276855467,9068.828926189148,3.053982037376477,360.24559567991486,1.0
Llama2-70B,32,16,2,32,32,1280,0.0016955,0.018461870346069335,0,0.020157370346069334,0.0016955,1.7642851276855467,9068.828926189148,3.0604688772856075,361.0107788010155,1.0
Llama2-70B,32,16,2,32,32,1408,0.0016955,0.018461870346069335,0,0.020157370346069334,0.0016955,1.7642851276855467,9068.828926189148,3.066955717194738,361.775961922116,1.0
Llama2-70B,32,16,2,32,32,1536,0.0016955,0.018461870346069335,0,0.020157370346069334,0.0016955,1.7642851276855467,9068.828926189148,3.0734425571038684,362.5411450432166,1.0
Llama2-70B,32,16,2,32,32,1664,0.0016955,0.018461870346069335,0,0.020157370346069334,0.0016955,1.7642851276855467,9068.828926189148,3.079929397012998,363.3063281643172,1.0
Llama2-70B,32,16,2,32,32,1792,0.0016955,0.018461870346069335,0,0.020157370346069334,0.0016955,1.7642851276855467,9068.828926189148,3.086416236922128,364.07151128541784,1.0
Llama2-70B,32,16,2,32,32,1920,0.0016955,0.018461870346069335,0,0.020157370346069334,0.0016955,1.7642851276855467,9068.828926189148,3.0929030768312584,364.83669440651835,1.0
Llama2-70B,32,16,2,32,32,2048,0.0016955,0.018461870346069335,0,0.020157370346069334,0.0016955,1.7642851276855467,9068.828926189148,3.0993899167403884,365.601877527619,1.0
Llama2-70B,32,16,2,32,32,2176,0.0016955,0.018461870346069335,0,0.020157370346069334,0.0016955,1.7642851276855467,9068.828926189148,3.105876756649519,366.3670606487196,1.0
Llama2-70B,32,16,2,32,32,2304,0.0016955,0.018461870346069335,0,0.020157370346069334,0.0016955,1.7642851276855467,9068.828926189148,3.1123635965586494,367.13224376982015,1.0
Llama2-70B,32,16,2,32,32,2432,0.0016955,0.018461870346069335,0,0.020157370346069334,0.0016955,1.7642851276855467,9068.828926189148,3.1188504364677794,367.8974268909207,1.0
Llama2-70B,32,16,2,32,32,2560,0.0016955,0.018461870346069335,0,0.020157370346069334,0.0016955,1.7642851276855467,9068.828926189148,3.12533727637691,368.66261001202133,1.0
Llama2-70B,32,16,2,32,32,2688,0.0016955,0.018461870346069335,0,0.020157370346069334,0.0016955,1.7642851276855467,9068.828926189148,3.1318241162860394,369.4277931331219,1.0
Llama2-70B,32,16,2,32,32,2816,0.0016955,0.018461870346069335,0,0.020157370346069334,0.0016955,1.7642851276855467,9068.828926189148,3.13831095619517,370.1929762542225,1.0
Llama2-70B,32,16,2,32,32,2944,0.0016955,0.018461870346069335,0,0.020157370346069334,0.0016955,1.7642851276855467,9068.828926189148,3.1447977961043003,370.95815937532313,1.0
Llama2-70B,32,16,2,32,32,3072,0.0016955,0.018461870346069335,0,0.020157370346069334,0.0016955,1.7642851276855467,9068.828926189148,3.1512846360134312,371.72334249642375,1.0
Llama2-70B,32,16,2,32,32,3200,0.0016955,0.018461870346069335,0,0.020157370346069334,0.0016955,1.7642851276855467,9068.828926189148,3.1577714759225612,372.4885256175242,1.0
Llama2-70B,32,16,2,32,32,3328,0.0016955,0.018461870346069335,0,0.020157370346069334,0.0016955,1.7642851276855467,9068.828926189148,3.1642583158316913,373.2537087386248,1.0
Llama2-70B,32,16,2,32,32,3456,0.0016955,0.018461870346069335,0,0.020157370346069334,0.0016955,1.7642851276855467,9068.828926189148,3.1707451557408217,374.01889185972544,1.0
Llama2-70B,32,16,2,32,32,3584,0.0016955,0.018461870346069335,0,0.020157370346069334,0.0016955,1.7642851276855467,9068.828926189148,3.1772319956499517,374.78407498082606,1.0
Llama2-70B,32,16,2,32,32,3712,0.0016955,0.018461870346069335,0,0.020157370346069334,0.0016955,1.7642851276855467,9068.828926189148,3.183718835559082,375.5492581019266,1.0
Llama2-70B,32,16,2,32,32,3840,0.0016955,0.018461870346069335,0,0.020157370346069334,0.0016955,1.7642851276855467,9068.828926189148,3.190205675468212,376.3144412230272,1.0
Llama2-70B,32,16,2,32,32,3968,0.0016955,0.018461870346069335,0,0.020157370346069334,0.0016955,1.7642851276855467,9068.828926189148,3.1966925153773422,377.0796243441278,1.0
Llama2-70B,32,16,2,32,32,4096,0.0016955,0.018461870346069335,0,0.020157370346069334,0.0016955,1.7642851276855467,9068.828926189148,3.2031793552864727,377.84480746522837,1.0
Llama2-70B,32,32,1,32,32,128,0.0016955,0.01302294651031494,0,0.01471844651031494,0.0016955,1.3291712208251951,24075.152620392502,1.5010436590517175,354.1241307111101,1.0
Llama2-70B,32,32,1,32,32,256,0.0016955,0.01302294651031494,0,0.01471844651031494,0.0016955,1.3291712208251951,24075.152620392502,1.5042870790062828,354.88931383221075,1.0
Llama2-70B,32,32,1,32,32,384,0.0016955,0.01302294651031494,0,0.01471844651031494,0.0016955,1.3291712208251951,24075.152620392502,1.507530498960848,355.65449695331137,1.0
Llama2-70B,32,32,1,32,32,512,0.0016955,0.01302294651031494,0,0.01471844651031494,0.0016955,1.3291712208251951,24075.152620392502,1.510773918915413,356.4196800744118,1.0
Llama2-70B,32,32,1,32,32,640,0.0016955,0.01302294651031494,0,0.01471844651031494,0.0016955,1.3291712208251951,24075.152620392502,1.514017338869978,357.1848631955125,1.0
Llama2-70B,32,32,1,32,32,768,0.0016955,0.01302294651031494,0,0.01471844651031494,0.0016955,1.3291712208251951,24075.152620392502,1.5172607588245433,357.9500463166131,1.0
Llama2-70B,32,32,1,32,32,896,0.0016955,0.01302294651031494,0,0.01471844651031494,0.0016955,1.3291712208251951,24075.152620392502,1.5205041787791083,358.7152294377137,1.0
Llama2-70B,32,32,1,32,32,1024,0.0016955,0.01302294651031494,0,0.01471844651031494,0.0016955,1.3291712208251951,24075.152620392502,1.5237475987336735,359.48041255881424,1.0
Llama2-70B,32,32,1,32,32,1152,0.0016955,0.01302294651031494,0,0.01471844651031494,0.0016955,1.3291712208251951,24075.152620392502,1.5269910186882385,360.24559567991486,1.0
Llama2-70B,32,32,1,32,32,1280,0.0016955,0.01302294651031494,0,0.01471844651031494,0.0016955,1.3291712208251951,24075.152620392502,1.5302344386428037,361.0107788010155,1.0
Llama2-70B,32,32,1,32,32,1408,0.0016955,0.01302294651031494,0,0.01471844651031494,0.0016955,1.3291712208251951,24075.152620392502,1.533477858597369,361.775961922116,1.0
Llama2-70B,32,32,1,32,32,1536,0.0016955,0.01302294651031494,0,0.01471844651031494,0.0016955,1.3291712208251951,24075.152620392502,1.5367212785519342,362.5411450432166,1.0
Llama2-70B,32,32,1,32,32,1664,0.0016955,0.01302294651031494,0,0.01471844651031494,0.0016955,1.3291712208251951,24075.152620392502,1.539964698506499,363.3063281643172,1.0
Llama2-70B,32,32,1,32,32,1792,0.0016955,0.01302294651031494,0,0.01471844651031494,0.0016955,1.3291712208251951,24075.152620392502,1.543208118461064,364.07151128541784,1.0
Llama2-70B,32,32,1,32,32,1920,0.0016955,0.01302294651031494,0,0.01471844651031494,0.0016955,1.3291712208251951,24075.152620392502,1.5464515384156292,364.83669440651835,1.0
Llama2-70B,32,32,1,32,32,2048,0.0016955,0.01302294651031494,0,0.01471844651031494,0.0016955,1.3291712208251951,24075.152620392502,1.5496949583701942,365.601877527619,1.0
Llama2-70B,32,32,1,32,32,2176,0.0016955,0.01302294651031494,0,0.01471844651031494,0.0016955,1.3291712208251951,24075.152620392502,1.5529383783247594,366.3670606487196,1.0
Llama2-70B,32,32,1,32,32,2304,0.0016955,0.01302294651031494,0,0.01471844651031494,0.0016955,1.3291712208251951,24075.152620392502,1.5561817982793247,367.13224376982015,1.0
Llama2-70B,32,32,1,32,32,2432,0.0016955,0.01302294651031494,0,0.01471844651031494,0.0016955,1.3291712208251951,24075.152620392502,1.5594252182338897,367.8974268909207,1.0
Llama2-70B,32,32,1,32,32,2560,0.0016955,0.01302294651031494,0,0.01471844651031494,0.0016955,1.3291712208251951,24075.152620392502,1.562668638188455,368.66261001202133,1.0
Llama2-70B,32,32,1,32,32,2688,0.0016955,0.01302294651031494,0,0.01471844651031494,0.0016955,1.3291712208251951,24075.152620392502,1.5659120581430197,369.4277931331219,1.0
Llama2-70B,32,32,1,32,32,2816,0.0016955,0.01302294651031494,0,0.01471844651031494,0.0016955,1.3291712208251951,24075.152620392502,1.569155478097585,370.1929762542225,1.0
Llama2-70B,32,32,1,32,32,2944,0.0016955,0.01302294651031494,0,0.01471844651031494,0.0016955,1.3291712208251951,24075.152620392502,1.5723988980521502,370.95815937532313,1.0
Llama2-70B,32,32,1,32,32,3072,0.0016955,0.01302294651031494,0,0.01471844651031494,0.0016955,1.3291712208251951,24075.152620392502,1.5756423180067156,371.72334249642375,1.0
Llama2-70B,32,32,1,32,32,3200,0.0016955,0.01302294651031494,0,0.01471844651031494,0.0016955,1.3291712208251951,24075.152620392502,1.5788857379612806,372.4885256175242,1.0
Llama2-70B,32,32,1,32,32,3328,0.0016955,0.01302294651031494,0,0.01471844651031494,0.0016955,1.3291712208251951,24075.152620392502,1.5821291579158456,373.2537087386248,1.0
Llama2-70B,32,32,1,32,32,3456,0.0016955,0.01302294651031494,0,0.01471844651031494,0.0016955,1.3291712208251951,24075.152620392502,1.5853725778704109,374.01889185972544,1.0
Llama2-70B,32,32,1,32,32,3584,0.0016955,0.01302294651031494,0,0.01471844651031494,0.0016955,1.3291712208251951,24075.152620392502,1.5886159978249759,374.78407498082606,1.0
Llama2-70B,32,32,1,32,32,3712,0.0016955,0.01302294651031494,0,0.01471844651031494,0.0016955,1.3291712208251951,24075.152620392502,1.591859417779541,375.5492581019266,1.0
Llama2-70B,32,32,1,32,32,3840,0.0016955,0.01302294651031494,0,0.01471844651031494,0.0016955,1.3291712208251951,24075.152620392502,1.595102837734106,376.3144412230272,1.0
Llama2-70B,32,32,1,32,32,3968,0.0016955,0.01302294651031494,0,0.01471844651031494,0.0016955,1.3291712208251951,24075.152620392502,1.5983462576886711,377.0796243441278,1.0
Llama2-70B,32,32,1,32,32,4096,0.0016955,0.01302294651031494,0,0.01471844651031494,0.0016955,1.3291712208251951,24075.152620392502,1.6015896776432363,377.84480746522837,1.0
Llama2-70B,32,80,1,32,10,128,0.002914,0.0014614998626708,0,0.0043754998626708,0.002914,0.5029539890136718,159060.27538798455,0.683725985146077,234.6348610659152,0.84375
Llama2-70B,32,80,1,32,10,256,0.002914,0.0014614998626708,0,0.0043754998626708,0.002914,0.5029539890136718,159060.27538798455,0.6848206393807428,235.0105145438376,0.84375
Llama2-70B,32,80,1,32,10,384,0.002914,0.0014614998626708,0,0.0043754998626708,0.002914,0.5029539890136718,159060.27538798455,0.6859152936154086,235.3861680217599,0.84375
Llama2-70B,32,80,1,32,10,512,0.002914,0.0014614998626708,0,0.0043754998626708,0.002914,0.5029539890136718,159060.27538798455,0.6870099478500743,235.7618214996822,0.84375
Llama2-70B,32,80,1,32,10,640,0.002914,0.0014614998626708,0,0.0043754998626708,0.002914,0.5029539890136718,159060.27538798455,0.6881046020847399,236.1374749776046,0.84375
Llama2-70B,32,80,1,32,10,768,0.002914,0.0014614998626708,0,0.0043754998626708,0.002914,0.5029539890136718,159060.27538798455,0.6891992563194056,236.51312845552687,0.84375
Llama2-70B,32,80,1,32,10,896,0.002914,0.0014614998626708,0,0.0043754998626708,0.002914,0.5029539890136718,159060.27538798455,0.6902939105540714,236.88878193344928,0.84375
Llama2-70B,32,80,1,32,10,1024,0.002914,0.0014614998626708,0,0.0043754998626708,0.002914,0.5029539890136718,159060.27538798455,0.6913885647887371,237.2644354113716,0.84375
Llama2-70B,32,80,1,32,10,1152,0.002914,0.0014614998626708,0,0.0043754998626708,0.002914,0.5029539890136718,159060.27538798455,0.6924832190234029,237.640088889294,0.84375
Llama2-70B,32,80,1,32,10,1280,0.002914,0.0014614998626708,0,0.0043754998626708,0.002914,0.5029539890136718,159060.27538798455,0.6935778732580685,238.01574236721635,0.84375
Llama2-70B,32,80,1,32,10,1408,0.002914,0.0014614998626708,0,0.0043754998626708,0.002914,0.5029539890136718,159060.27538798455,0.6946725274927343,238.39139584513867,0.84375
Llama2-70B,32,80,1,32,10,1536,0.002914,0.0014614998626708,0,0.0043754998626708,0.002914,0.5029539890136718,159060.27538798455,0.6957671817274,238.76704932306103,0.84375
Llama2-70B,32,80,1,32,10,1664,0.002914,0.0014614998626708,0,0.0043754998626708,0.002914,0.5029539890136718,159060.27538798455,0.6968618359620657,239.1427028009834,0.84375
Llama2-70B,32,80,1,32,10,1792,0.002914,0.0014614998626708,0,0.0043754998626708,0.002914,0.5029539890136718,159060.27538798455,0.6979564901967313,239.5183562789057,0.84375
Llama2-70B,32,80,1,32,10,1920,0.002914,0.0014614998626708,0,0.0043754998626708,0.002914,0.5029539890136718,159060.27538798455,0.6990511444313973,239.8940097568281,0.84375
Llama2-70B,32,80,1,32,10,2048,0.002914,0.0014614998626708,0,0.0043754998626708,0.002914,0.5029539890136718,159060.27538798455,0.700145798666063,240.2696632347504,0.84375
Llama2-70B,32,80,1,32,10,2176,0.002914,0.0014614998626708,0,0.0043754998626708,0.002914,0.5029539890136718,159060.27538798455,0.7012404529007287,240.6453167126728,0.84375
Llama2-70B,32,80,1,32,10,2304,0.002914,0.0014614998626708,0,0.0043754998626708,0.002914,0.5029539890136718,159060.27538798455,0.7023351071353945,241.0209701905952,0.84375
Llama2-70B,32,80,1,32,10,2432,0.002914,0.0014614998626708,0,0.0043754998626708,0.002914,0.5029539890136718,159060.27538798455,0.7034297613700601,241.39662366851744,0.84375
Llama2-70B,32,80,1,32,10,2560,0.002914,0.0014614998626708,0,0.0043754998626708,0.002914,0.5029539890136718,159060.27538798455,0.7045244156047258,241.77227714643985,0.84375
Llama2-70B,32,80,1,32,10,2688,0.002914,0.0014614998626708,0,0.0043754998626708,0.002914,0.5029539890136718,159060.27538798455,0.7056190698393916,242.1479306243621,0.84375
Llama2-70B,32,80,1,32,10,2816,0.002914,0.0014614998626708,0,0.0043754998626708,0.002914,0.5029539890136718,159060.27538798455,0.7067137240740574,242.52358410228453,0.84375
Llama2-70B,32,80,1,32,10,2944,0.002914,0.0014614998626708,0,0.0043754998626708,0.002914,0.5029539890136718,159060.27538798455,0.707808378308723,242.8992375802069,0.84375
Llama2-70B,32,80,1,32,10,3072,0.002914,0.0014614998626708,0,0.0043754998626708,0.002914,0.5029539890136718,159060.27538798455,0.7089030325433887,243.2748910581292,0.84375
Llama2-70B,32,80,1,32,10,3200,0.002914,0.0014614998626708,0,0.0043754998626708,0.002914,0.5029539890136718,159060.27538798455,0.7099976867780544,243.6505445360516,0.84375
Llama2-70B,32,80,1,32,10,3328,0.002914,0.0014614998626708,0,0.0043754998626708,0.002914,0.5029539890136718,159060.27538798455,0.7110923410127202,244.02619801397395,0.84375
Llama2-70B,32,80,1,32,10,3456,0.002914,0.0014614998626708,0,0.0043754998626708,0.002914,0.5029539890136718,159060.27538798455,0.7121869952473859,244.40185149189625,0.84375
Llama2-70B,32,80,1,32,10,3584,0.002914,0.0014614998626708,0,0.0043754998626708,0.002914,0.5029539890136718,159060.27538798455,0.7132816494820516,244.77750496981864,0.84375
Llama2-70B,32,80,1,32,10,3712,0.002914,0.0014614998626708,0,0.0043754998626708,0.002914,0.5029539890136718,159060.27538798455,0.7143763037167175,245.15315844774096,0.84375
Llama2-70B,32,80,1,32,10,3840,0.002914,0.0014614998626708,0,0.0043754998626708,0.002914,0.5029539890136718,159060.27538798455,0.7154709579513832,245.5288119256633,0.84375
Llama2-70B,32,80,1,32,10,3968,0.002914,0.0014614998626708,0,0.0043754998626708,0.002914,0.5029539890136718,159060.27538798455,0.7165656121860489,245.90446540358568,0.84375
Llama2-70B,32,80,1,32,10,4096,0.002914,0.0014614998626708,0,0.0043754998626708,0.002914,0.5029539890136718,159060.27538798455,0.7176602664207146,246.28011888150803,0.84375
Llama2-7B,8,1,8,32,32,128,0.001589,0.0042958331044514,0,0.0058848331044514,0.001589,0.3399036593424479,2942.01010349381,4.333804042197387,85.23057037046466,1.0
Llama2-7B,8,1,8,32,32,256,0.001589,0.0042958331044514,0,0.0058848331044514,0.001589,0.3399036593424479,2942.01010349381,4.338993514124691,85.3326288964107,1.0
Llama2-7B,8,1,8,32,32,384,0.001589,0.0042958331044514,0,0.0058848331044514,0.001589,0.3399036593424479,2942.01010349381,4.344182986051996,85.43468742235673,1.0
Llama2-7B,8,1,8,32,32,512,0.001589,0.0042958331044514,0,0.0058848331044514,0.001589,0.3399036593424479,2942.01010349381,4.3493724579793,85.53674594830278,1.0
Llama2-7B,8,1,8,32,32,640,0.001589,0.0042958331044514,0,0.0058848331044514,0.001589,0.3399036593424479,2942.01010349381,4.354561929906604,85.63880447424881,1.0
Llama2-7B,8,1,8,32,32,768,0.001589,0.0042958331044514,0,0.0058848331044514,0.001589,0.3399036593424479,2942.01010349381,4.359751401833908,85.74086300019484,1.0
Llama2-7B,8,1,8,32,32,896,0.001589,0.0042958331044514,0,0.0058848331044514,0.001589,0.3399036593424479,2942.01010349381,4.364940873761212,85.8429215261409,1.0
Llama2-7B,8,1,8,32,32,1024,0.001589,0.0042958331044514,0,0.0058848331044514,0.001589,0.3399036593424479,2942.01010349381,4.370130345688516,85.94498005208693,1.0
Llama2-7B,8,1,8,32,32,1152,0.001589,0.0042958331044514,0,0.0058848331044514,0.001589,0.3399036593424479,2942.01010349381,4.375319817615821,86.04703857803297,1.0
Llama2-7B,8,1,8,32,32,1280,0.001589,0.0042958331044514,0,0.0058848331044514,0.001589,0.3399036593424479,2942.01010349381,4.3805092895431255,86.149097103979,1.0
Llama2-7B,8,1,8,32,32,1408,0.001589,0.0042958331044514,0,0.0058848331044514,0.001589,0.3399036593424479,2942.01010349381,4.385698761470429,86.25115562992505,1.0
Llama2-7B,8,1,8,32,32,1536,0.001589,0.0042958331044514,0,0.0058848331044514,0.001589,0.3399036593424479,2942.01010349381,4.390888233397733,86.35321415587109,1.0
Llama2-7B,8,1,8,32,32,1664,0.001589,0.0042958331044514,0,0.0058848331044514,0.001589,0.3399036593424479,2942.01010349381,4.3960777053250375,86.45527268181712,1.0
Llama2-7B,8,1,8,32,32,1792,0.001589,0.0042958331044514,0,0.0058848331044514,0.001589,0.3399036593424479,2942.01010349381,4.4012671772523415,86.55733120776317,1.0
Llama2-7B,8,1,8,32,32,1920,0.001589,0.0042958331044514,0,0.0058848331044514,0.001589,0.3399036593424479,2942.01010349381,4.4064566491796455,86.6593897337092,1.0
Llama2-7B,8,1,8,32,32,2048,0.001589,0.0042958331044514,0,0.0058848331044514,0.001589,0.3399036593424479,2942.01010349381,4.4116461211069495,86.76144825965525,1.0
Llama2-7B,8,1,8,32,32,2176,0.001589,0.0042958331044514,0,0.0058848331044514,0.001589,0.3399036593424479,2942.01010349381,4.4168355930342535,86.86350678560127,1.0
Llama2-7B,8,1,8,32,32,2304,0.001589,0.0042958331044514,0,0.0058848331044514,0.001589,0.3399036593424479,2942.01010349381,4.4220250649615584,86.96556531154731,1.0
Llama2-7B,8,1,8,32,32,2432,0.001589,0.0042958331044514,0,0.0058848331044514,0.001589,0.3399036593424479,2942.01010349381,4.427214536888862,87.06762383749337,1.0
Llama2-7B,8,1,8,32,32,2560,0.001589,0.0042958331044514,0,0.0058848331044514,0.001589,0.3399036593424479,2942.01010349381,4.432404008816167,87.16968236343939,1.0
Llama2-7B,8,1,8,32,32,2688,0.001589,0.0042958331044514,0,0.0058848331044514,0.001589,0.3399036593424479,2942.01010349381,4.437593480743471,87.27174088938544,1.0
Llama2-7B,8,1,8,32,32,2816,0.001589,0.0042958331044514,0,0.0058848331044514,0.001589,0.3399036593424479,2942.01010349381,4.442782952670775,87.37379941533148,1.0
Llama2-7B,8,1,8,32,32,2944,0.001589,0.0042958331044514,0,0.0058848331044514,0.001589,0.3399036593424479,2942.01010349381,4.447972424598079,87.47585794127751,1.0
Llama2-7B,8,1,8,32,32,3072,0.001589,0.0042958331044514,0,0.0058848331044514,0.001589,0.3399036593424479,2942.01010349381,4.453161896525383,87.57791646722355,1.0
Llama2-7B,8,1,8,32,32,3200,0.001589,0.0042958331044514,0,0.0058848331044514,0.001589,0.3399036593424479,2942.01010349381,4.458351368452687,87.67997499316958,1.0
Llama2-7B,8,1,8,32,32,3328,0.001589,0.0042958331044514,0,0.0058848331044514,0.001589,0.3399036593424479,2942.01010349381,4.463540840379992,87.78203351911564,1.0
Llama2-7B,8,1,8,32,32,3456,0.001589,0.0042958331044514,0,0.0058848331044514,0.001589,0.3399036593424479,2942.01010349381,4.468730312307296,87.88409204506168,1.0
Llama2-7B,8,1,8,32,32,3584,0.001589,0.0042958331044514,0,0.0058848331044514,0.001589,0.3399036593424479,2942.01010349381,4.4739197842346,87.9861505710077,1.0
Llama2-7B,8,1,8,32,32,3712,0.001589,0.0042958331044514,0,0.0058848331044514,0.001589,0.3399036593424479,2942.01010349381,4.479109256161904,88.08820909695375,1.0
Llama2-7B,8,1,8,32,32,3840,0.001589,0.0042958331044514,0,0.0058848331044514,0.001589,0.3399036593424479,2942.01010349381,4.484298728089209,88.19026762289978,1.0
Llama2-7B,8,1,8,32,32,3968,0.001589,0.0042958331044514,0,0.0058848331044514,0.001589,0.3399036593424479,2942.01010349381,4.489488200016512,88.29232614884583,1.0
Llama2-7B,8,1,8,32,32,4096,0.001589,0.0042958331044514,0,0.0058848331044514,0.001589,0.3399036593424479,2942.01010349381,4.494677671943816,88.39438467479187,1.0
Llama2-7B,8,2,4,32,32,128,0.001589,0.0040872168477376,0,0.0056762168477376,0.001589,0.3332279391276042,6001.8976957215245,2.1669020210986933,85.23057037046466,1.0
Llama2-7B,8,2,4,32,32,256,0.001589,0.0040872168477376,0,0.0056762168477376,0.001589,0.3332279391276042,6001.8976957215245,2.1694967570623453,85.3326288964107,1.0
Llama2-7B,8,2,4,32,32,384,0.001589,0.0040872168477376,0,0.0056762168477376,0.001589,0.3332279391276042,6001.8976957215245,2.172091493025998,85.43468742235673,1.0
Llama2-7B,8,2,4,32,32,512,0.001589,0.0040872168477376,0,0.0056762168477376,0.001589,0.3332279391276042,6001.8976957215245,2.17468622898965,85.53674594830278,1.0
Llama2-7B,8,2,4,32,32,640,0.001589,0.0040872168477376,0,0.0056762168477376,0.001589,0.3332279391276042,6001.8976957215245,2.177280964953302,85.63880447424881,1.0
Llama2-7B,8,2,4,32,32,768,0.001589,0.0040872168477376,0,0.0056762168477376,0.001589,0.3332279391276042,6001.8976957215245,2.179875700916954,85.74086300019484,1.0
Llama2-7B,8,2,4,32,32,896,0.001589,0.0040872168477376,0,0.0056762168477376,0.001589,0.3332279391276042,6001.8976957215245,2.182470436880606,85.8429215261409,1.0
Llama2-7B,8,2,4,32,32,1024,0.001589,0.0040872168477376,0,0.0056762168477376,0.001589,0.3332279391276042,6001.8976957215245,2.185065172844258,85.94498005208693,1.0
Llama2-7B,8,2,4,32,32,1152,0.001589,0.0040872168477376,0,0.0056762168477376,0.001589,0.3332279391276042,6001.8976957215245,2.1876599088079107,86.04703857803297,1.0
Llama2-7B,8,2,4,32,32,1280,0.001589,0.0040872168477376,0,0.0056762168477376,0.001589,0.3332279391276042,6001.8976957215245,2.1902546447715627,86.149097103979,1.0
Llama2-7B,8,2,4,32,32,1408,0.001589,0.0040872168477376,0,0.0056762168477376,0.001589,0.3332279391276042,6001.8976957215245,2.1928493807352143,86.25115562992505,1.0
Llama2-7B,8,2,4,32,32,1536,0.001589,0.0040872168477376,0,0.0056762168477376,0.001589,0.3332279391276042,6001.8976957215245,2.1954441166988663,86.35321415587109,1.0
Llama2-7B,8,2,4,32,32,1664,0.001589,0.0040872168477376,0,0.0056762168477376,0.001589,0.3332279391276042,6001.8976957215245,2.1980388526625187,86.45527268181712,1.0
Llama2-7B,8,2,4,32,32,1792,0.001589,0.0040872168477376,0,0.0056762168477376,0.001589,0.3332279391276042,6001.8976957215245,2.2006335886261708,86.55733120776317,1.0
Llama2-7B,8,2,4,32,32,1920,0.001589,0.0040872168477376,0,0.0056762168477376,0.001589,0.3332279391276042,6001.8976957215245,2.2032283245898228,86.6593897337092,1.0
Llama2-7B,8,2,4,32,32,2048,0.001589,0.0040872168477376,0,0.0056762168477376,0.001589,0.3332279391276042,6001.8976957215245,2.2058230605534748,86.76144825965525,1.0
Llama2-7B,8,2,4,32,32,2176,0.001589,0.0040872168477376,0,0.0056762168477376,0.001589,0.3332279391276042,6001.8976957215245,2.2084177965171268,86.86350678560127,1.0
Llama2-7B,8,2,4,32,32,2304,0.001589,0.0040872168477376,0,0.0056762168477376,0.001589,0.3332279391276042,6001.8976957215245,2.2110125324807792,86.96556531154731,1.0
Llama2-7B,8,2,4,32,32,2432,0.001589,0.0040872168477376,0,0.0056762168477376,0.001589,0.3332279391276042,6001.8976957215245,2.213607268444431,87.06762383749337,1.0
Llama2-7B,8,2,4,32,32,2560,0.001589,0.0040872168477376,0,0.0056762168477376,0.001589,0.3332279391276042,6001.8976957215245,2.2162020044080832,87.16968236343939,1.0
Llama2-7B,8,2,4,32,32,2688,0.001589,0.0040872168477376,0,0.0056762168477376,0.001589,0.3332279391276042,6001.8976957215245,2.218796740371736,87.27174088938544,1.0
Llama2-7B,8,2,4,32,32,2816,0.001589,0.0040872168477376,0,0.0056762168477376,0.001589,0.3332279391276042,6001.8976957215245,2.221391476335388,87.37379941533148,1.0
Llama2-7B,8,2,4,32,32,2944,0.001589,0.0040872168477376,0,0.0056762168477376,0.001589,0.3332279391276042,6001.8976957215245,2.22398621229904,87.47585794127751,1.0
Llama2-7B,8,2,4,32,32,3072,0.001589,0.0040872168477376,0,0.0056762168477376,0.001589,0.3332279391276042,6001.8976957215245,2.226580948262692,87.57791646722355,1.0
Llama2-7B,8,2,4,32,32,3200,0.001589,0.0040872168477376,0,0.0056762168477376,0.001589,0.3332279391276042,6001.8976957215245,2.229175684226344,87.67997499316958,1.0
Llama2-7B,8,2,4,32,32,3328,0.001589,0.0040872168477376,0,0.0056762168477376,0.001589,0.3332279391276042,6001.8976957215245,2.231770420189996,87.78203351911564,1.0
Llama2-7B,8,2,4,32,32,3456,0.001589,0.0040872168477376,0,0.0056762168477376,0.001589,0.3332279391276042,6001.8976957215245,2.234365156153648,87.88409204506168,1.0
Llama2-7B,8,2,4,32,32,3584,0.001589,0.0040872168477376,0,0.0056762168477376,0.001589,0.3332279391276042,6001.8976957215245,2.2369598921173,87.9861505710077,1.0
Llama2-7B,8,2,4,32,32,3712,0.001589,0.0040872168477376,0,0.0056762168477376,0.001589,0.3332279391276042,6001.8976957215245,2.239554628080952,88.08820909695375,1.0
Llama2-7B,8,2,4,32,32,3840,0.001589,0.0040872168477376,0,0.0056762168477376,0.001589,0.3332279391276042,6001.8976957215245,2.2421493640446046,88.19026762289978,1.0
Llama2-7B,8,2,4,32,32,3968,0.001589,0.0040872168477376,0,0.0056762168477376,0.001589,0.3332279391276042,6001.8976957215245,2.244744100008256,88.29232614884583,1.0
Llama2-7B,8,2,4,32,32,4096,0.001589,0.0040872168477376,0,0.0056762168477376,0.001589,0.3332279391276042,6001.8976957215245,2.247338835971908,88.39438467479187,1.0
Llama2-7B,8,4,2,32,32,128,0.001589,0.0038090618387858,0,0.0053980618387858,0.001589,0.3243269788411458,12333.232388783745,1.083451010549347,85.23057037046466,1.0
Llama2-7B,8,4,2,32,32,256,0.001589,0.0038090618387858,0,0.0053980618387858,0.001589,0.3243269788411458,12333.232388783745,1.084748378531173,85.3326288964107,1.0
Llama2-7B,8,4,2,32,32,384,0.001589,0.0038090618387858,0,0.0053980618387858,0.001589,0.3243269788411458,12333.232388783745,1.086045746512999,85.43468742235673,1.0
Llama2-7B,8,4,2,32,32,512,0.001589,0.0038090618387858,0,0.0053980618387858,0.001589,0.3243269788411458,12333.232388783745,1.087343114494825,85.53674594830278,1.0
Llama2-7B,8,4,2,32,32,640,0.001589,0.0038090618387858,0,0.0053980618387858,0.001589,0.3243269788411458,12333.232388783745,1.088640482476651,85.63880447424881,1.0
Llama2-7B,8,4,2,32,32,768,0.001589,0.0038090618387858,0,0.0053980618387858,0.001589,0.3243269788411458,12333.232388783745,1.089937850458477,85.74086300019484,1.0
Llama2-7B,8,4,2,32,32,896,0.001589,0.0038090618387858,0,0.0053980618387858,0.001589,0.3243269788411458,12333.232388783745,1.091235218440303,85.8429215261409,1.0
Llama2-7B,8,4,2,32,32,1024,0.001589,0.0038090618387858,0,0.0053980618387858,0.001589,0.3243269788411458,12333.232388783745,1.092532586422129,85.94498005208693,1.0
Llama2-7B,8,4,2,32,32,1152,0.001589,0.0038090618387858,0,0.0053980618387858,0.001589,0.3243269788411458,12333.232388783745,1.0938299544039554,86.04703857803297,1.0
Llama2-7B,8,4,2,32,32,1280,0.001589,0.0038090618387858,0,0.0053980618387858,0.001589,0.3243269788411458,12333.232388783745,1.0951273223857814,86.149097103979,1.0
Llama2-7B,8,4,2,32,32,1408,0.001589,0.0038090618387858,0,0.0053980618387858,0.001589,0.3243269788411458,12333.232388783745,1.0964246903676071,86.25115562992505,1.0
Llama2-7B,8,4,2,32,32,1536,0.001589,0.0038090618387858,0,0.0053980618387858,0.001589,0.3243269788411458,12333.232388783745,1.0977220583494331,86.35321415587109,1.0
Llama2-7B,8,4,2,32,32,1664,0.001589,0.0038090618387858,0,0.0053980618387858,0.001589,0.3243269788411458,12333.232388783745,1.0990194263312594,86.45527268181712,1.0
Llama2-7B,8,4,2,32,32,1792,0.001589,0.0038090618387858,0,0.0053980618387858,0.001589,0.3243269788411458,12333.232388783745,1.1003167943130854,86.55733120776317,1.0
Llama2-7B,8,4,2,32,32,1920,0.001589,0.0038090618387858,0,0.0053980618387858,0.001589,0.3243269788411458,12333.232388783745,1.1016141622949114,86.6593897337092,1.0
Llama2-7B,8,4,2,32,32,2048,0.001589,0.0038090618387858,0,0.0053980618387858,0.001589,0.3243269788411458,12333.232388783745,1.1029115302767374,86.76144825965525,1.0
Llama2-7B,8,4,2,32,32,2176,0.001589,0.0038090618387858,0,0.0053980618387858,0.001589,0.3243269788411458,12333.232388783745,1.1042088982585634,86.86350678560127,1.0
Llama2-7B,8,4,2,32,32,2304,0.001589,0.0038090618387858,0,0.0053980618387858,0.001589,0.3243269788411458,12333.232388783745,1.1055062662403896,86.96556531154731,1.0
Llama2-7B,8,4,2,32,32,2432,0.001589,0.0038090618387858,0,0.0053980618387858,0.001589,0.3243269788411458,12333.232388783745,1.1068036342222154,87.06762383749337,1.0
Llama2-7B,8,4,2,32,32,2560,0.001589,0.0038090618387858,0,0.0053980618387858,0.001589,0.3243269788411458,12333.232388783745,1.1081010022040416,87.16968236343939,1.0
Llama2-7B,8,4,2,32,32,2688,0.001589,0.0038090618387858,0,0.0053980618387858,0.001589,0.3243269788411458,12333.232388783745,1.1093983701858678,87.27174088938544,1.0
Llama2-7B,8,4,2,32,32,2816,0.001589,0.0038090618387858,0,0.0053980618387858,0.001589,0.3243269788411458,12333.232388783745,1.1106957381676938,87.37379941533148,1.0
Llama2-7B,8,4,2,32,32,2944,0.001589,0.0038090618387858,0,0.0053980618387858,0.001589,0.3243269788411458,12333.232388783745,1.1119931061495196,87.47585794127751,1.0
Llama2-7B,8,4,2,32,32,3072,0.001589,0.0038090618387858,0,0.0053980618387858,0.001589,0.3243269788411458,12333.232388783745,1.113290474131346,87.57791646722355,1.0
Llama2-7B,8,4,2,32,32,3200,0.001589,0.0038090618387858,0,0.0053980618387858,0.001589,0.3243269788411458,12333.232388783745,1.114587842113172,87.67997499316958,1.0
Llama2-7B,8,4,2,32,32,3328,0.001589,0.0038090618387858,0,0.0053980618387858,0.001589,0.3243269788411458,12333.232388783745,1.115885210094998,87.78203351911564,1.0
Llama2-7B,8,4,2,32,32,3456,0.001589,0.0038090618387858,0,0.0053980618387858,0.001589,0.3243269788411458,12333.232388783745,1.117182578076824,87.88409204506168,1.0
Llama2-7B,8,4,2,32,32,3584,0.001589,0.0038090618387858,0,0.0053980618387858,0.001589,0.3243269788411458,12333.232388783745,1.11847994605865,87.9861505710077,1.0
Llama2-7B,8,4,2,32,32,3712,0.001589,0.0038090618387858,0,0.0053980618387858,0.001589,0.3243269788411458,12333.232388783745,1.119777314040476,88.08820909695375,1.0
Llama2-7B,8,4,2,32,32,3840,0.001589,0.0038090618387858,0,0.0053980618387858,0.001589,0.3243269788411458,12333.232388783745,1.1210746820223023,88.19026762289978,1.0
Llama2-7B,8,4,2,32,32,3968,0.001589,0.0038090618387858,0,0.0053980618387858,0.001589,0.3243269788411458,12333.232388783745,1.122372050004128,88.29232614884583,1.0
Llama2-7B,8,4,2,32,32,4096,0.001589,0.0038090618387858,0,0.0053980618387858,0.001589,0.3243269788411458,12333.232388783745,1.123669417985954,88.39438467479187,1.0
Llama2-7B,8,8,1,32,32,128,0.001589,0.0032527518208821,0,0.0048417518208821,0.001589,0.3065250582682292,26099.008169829576,0.5417255052746733,85.23057037046466,1.0
Llama2-7B,8,8,1,32,32,256,0.001589,0.0032527518208821,0,0.0048417518208821,0.001589,0.3065250582682292,26099.008169829576,0.5423741892655863,85.3326288964107,1.0
Llama2-7B,8,8,1,32,32,384,0.001589,0.0032527518208821,0,0.0048417518208821,0.001589,0.3065250582682292,26099.008169829576,0.5430228732564994,85.43468742235673,1.0
Llama2-7B,8,8,1,32,32,512,0.001589,0.0032527518208821,0,0.0048417518208821,0.001589,0.3065250582682292,26099.008169829576,0.5436715572474125,85.53674594830278,1.0
Llama2-7B,8,8,1,32,32,640,0.001589,0.0032527518208821,0,0.0048417518208821,0.001589,0.3065250582682292,26099.008169829576,0.5443202412383255,85.63880447424881,1.0
Llama2-7B,8,8,1,32,32,768,0.001589,0.0032527518208821,0,0.0048417518208821,0.001589,0.3065250582682292,26099.008169829576,0.5449689252292385,85.74086300019484,1.0
Llama2-7B,8,8,1,32,32,896,0.001589,0.0032527518208821,0,0.0048417518208821,0.001589,0.3065250582682292,26099.008169829576,0.5456176092201515,85.8429215261409,1.0
Llama2-7B,8,8,1,32,32,1024,0.001589,0.0032527518208821,0,0.0048417518208821,0.001589,0.3065250582682292,26099.008169829576,0.5462662932110645,85.94498005208693,1.0
Llama2-7B,8,8,1,32,32,1152,0.001589,0.0032527518208821,0,0.0048417518208821,0.001589,0.3065250582682292,26099.008169829576,0.5469149772019777,86.04703857803297,1.0
Llama2-7B,8,8,1,32,32,1280,0.001589,0.0032527518208821,0,0.0048417518208821,0.001589,0.3065250582682292,26099.008169829576,0.5475636611928907,86.149097103979,1.0
Llama2-7B,8,8,1,32,32,1408,0.001589,0.0032527518208821,0,0.0048417518208821,0.001589,0.3065250582682292,26099.008169829576,0.5482123451838036,86.25115562992505,1.0
Llama2-7B,8,8,1,32,32,1536,0.001589,0.0032527518208821,0,0.0048417518208821,0.001589,0.3065250582682292,26099.008169829576,0.5488610291747166,86.35321415587109,1.0
Llama2-7B,8,8,1,32,32,1664,0.001589,0.0032527518208821,0,0.0048417518208821,0.001589,0.3065250582682292,26099.008169829576,0.5495097131656297,86.45527268181712,1.0
Llama2-7B,8,8,1,32,32,1792,0.001589,0.0032527518208821,0,0.0048417518208821,0.001589,0.3065250582682292,26099.008169829576,0.5501583971565427,86.55733120776317,1.0
Llama2-7B,8,8,1,32,32,1920,0.001589,0.0032527518208821,0,0.0048417518208821,0.001589,0.3065250582682292,26099.008169829576,0.5508070811474557,86.6593897337092,1.0
Llama2-7B,8,8,1,32,32,2048,0.001589,0.0032527518208821,0,0.0048417518208821,0.001589,0.3065250582682292,26099.008169829576,0.5514557651383687,86.76144825965525,1.0
Llama2-7B,8,8,1,32,32,2176,0.001589,0.0032527518208821,0,0.0048417518208821,0.001589,0.3065250582682292,26099.008169829576,0.5521044491292817,86.86350678560127,1.0
Llama2-7B,8,8,1,32,32,2304,0.001589,0.0032527518208821,0,0.0048417518208821,0.001589,0.3065250582682292,26099.008169829576,0.5527531331201948,86.96556531154731,1.0
Llama2-7B,8,8,1,32,32,2432,0.001589,0.0032527518208821,0,0.0048417518208821,0.001589,0.3065250582682292,26099.008169829576,0.5534018171111077,87.06762383749337,1.0
Llama2-7B,8,8,1,32,32,2560,0.001589,0.0032527518208821,0,0.0048417518208821,0.001589,0.3065250582682292,26099.008169829576,0.5540505011020208,87.16968236343939,1.0
Llama2-7B,8,8,1,32,32,2688,0.001589,0.0032527518208821,0,0.0048417518208821,0.001589,0.3065250582682292,26099.008169829576,0.5546991850929339,87.27174088938544,1.0
Llama2-7B,8,8,1,32,32,2816,0.001589,0.0032527518208821,0,0.0048417518208821,0.001589,0.3065250582682292,26099.008169829576,0.5553478690838469,87.37379941533148,1.0
Llama2-7B,8,8,1,32,32,2944,0.001589,0.0032527518208821,0,0.0048417518208821,0.001589,0.3065250582682292,26099.008169829576,0.5559965530747598,87.47585794127751,1.0
Llama2-7B,8,8,1,32,32,3072,0.001589,0.0032527518208821,0,0.0048417518208821,0.001589,0.3065250582682292,26099.008169829576,0.5566452370656729,87.57791646722355,1.0
Llama2-7B,8,8,1,32,32,3200,0.001589,0.0032527518208821,0,0.0048417518208821,0.001589,0.3065250582682292,26099.008169829576,0.5572939210565859,87.67997499316958,1.0
Llama2-7B,8,8,1,32,32,3328,0.001589,0.0032527518208821,0,0.0048417518208821,0.001589,0.3065250582682292,26099.008169829576,0.557942605047499,87.78203351911564,1.0
Llama2-7B,8,8,1,32,32,3456,0.001589,0.0032527518208821,0,0.0048417518208821,0.001589,0.3065250582682292,26099.008169829576,0.5585912890384119,87.88409204506168,1.0
Llama2-7B,8,8,1,32,32,3584,0.001589,0.0032527518208821,0,0.0048417518208821,0.001589,0.3065250582682292,26099.008169829576,0.559239973029325,87.9861505710077,1.0
Llama2-7B,8,8,1,32,32,3712,0.001589,0.0032527518208821,0,0.0048417518208821,0.001589,0.3065250582682292,26099.008169829576,0.559888657020238,88.08820909695375,1.0
Llama2-7B,8,8,1,32,32,3840,0.001589,0.0032527518208821,0,0.0048417518208821,0.001589,0.3065250582682292,26099.008169829576,0.5605373410111512,88.19026762289978,1.0
Llama2-7B,8,8,1,32,32,3968,0.001589,0.0032527518208821,0,0.0048417518208821,0.001589,0.3065250582682292,26099.008169829576,0.561186025002064,88.29232614884583,1.0
Llama2-7B,8,8,1,32,32,4096,0.001589,0.0032527518208821,0,0.0048417518208821,0.001589,0.3065250582682292,26099.008169829576,0.561834708992977,88.39438467479187,1.0
Llama2-7B,8,32,1,32,8,128,0.002252,0.00032238887363,0,0.0025743888736301,0.002252,0.2346324439561632,136383.525911611,0.2117784779059812,94.04017669004492,1.0
Llama2-7B,8,32,1,32,8,256,0.002252,0.00032238887363,0,0.0025743888736301,0.002252,0.2346324439561632,136383.525911611,0.2119406489037094,94.11218867837896,1.0
Llama2-7B,8,32,1,32,8,384,0.002252,0.00032238887363,0,0.0025743888736301,0.002252,0.2346324439561632,136383.525911611,0.2121028199014377,94.184200666713,1.0
Llama2-7B,8,32,1,32,8,512,0.002252,0.00032238887363,0,0.0025743888736301,0.002252,0.2346324439561632,136383.525911611,0.212264990899166,94.25621265504704,1.0
Llama2-7B,8,32,1,32,8,640,0.002252,0.00032238887363,0,0.0025743888736301,0.002252,0.2346324439561632,136383.525911611,0.2124271618968942,94.32822464338108,1.0
Llama2-7B,8,32,1,32,8,768,0.002252,0.00032238887363,0,0.0025743888736301,0.002252,0.2346324439561632,136383.525911611,0.2125893328946225,94.40023663171512,1.0
Llama2-7B,8,32,1,32,8,896,0.002252,0.00032238887363,0,0.0025743888736301,0.002252,0.2346324439561632,136383.525911611,0.2127515038923507,94.4722486200492,1.0
Llama2-7B,8,32,1,32,8,1024,0.002252,0.00032238887363,0,0.0025743888736301,0.002252,0.2346324439561632,136383.525911611,0.212913674890079,94.5442606083832,1.0
Llama2-7B,8,32,1,32,8,1152,0.002252,0.00032238887363,0,0.0025743888736301,0.002252,0.2346324439561632,136383.525911611,0.2130758458878072,94.61627259671728,1.0
Llama2-7B,8,32,1,32,8,1280,0.002252,0.00032238887363,0,0.0025743888736301,0.002252,0.2346324439561632,136383.525911611,0.2132380168855355,94.68828458505128,1.0
Llama2-7B,8,32,1,32,8,1408,0.002252,0.00032238887363,0,0.0025743888736301,0.002252,0.2346324439561632,136383.525911611,0.2134001878832637,94.76029657338532,1.0
Llama2-7B,8,32,1,32,8,1536,0.002252,0.00032238887363,0,0.0025743888736301,0.002252,0.2346324439561632,136383.525911611,0.213562358880992,94.8323085617194,1.0
Llama2-7B,8,32,1,32,8,1664,0.002252,0.00032238887363,0,0.0025743888736301,0.002252,0.2346324439561632,136383.525911611,0.2137245298787203,94.9043205500534,1.0
Llama2-7B,8,32,1,32,8,1792,0.002252,0.00032238887363,0,0.0025743888736301,0.002252,0.2346324439561632,136383.525911611,0.2138867008764485,94.97633253838744,1.0
Llama2-7B,8,32,1,32,8,1920,0.002252,0.00032238887363,0,0.0025743888736301,0.002252,0.2346324439561632,136383.525911611,0.2140488718741768,95.04834452672148,1.0
Llama2-7B,8,32,1,32,8,2048,0.002252,0.00032238887363,0,0.0025743888736301,0.002252,0.2346324439561632,136383.525911611,0.214211042871905,95.12035651505552,1.0
Llama2-7B,8,32,1,32,8,2176,0.002252,0.00032238887363,0,0.0025743888736301,0.002252,0.2346324439561632,136383.525911611,0.2143732138696333,95.19236850338956,1.0
Llama2-7B,8,32,1,32,8,2304,0.002252,0.00032238887363,0,0.0025743888736301,0.002252,0.2346324439561632,136383.525911611,0.2145353848673615,95.2643804917236,1.0
Llama2-7B,8,32,1,32,8,2432,0.002252,0.00032238887363,0,0.0025743888736301,0.002252,0.2346324439561632,136383.525911611,0.2146975558650898,95.33639248005764,1.0
Llama2-7B,8,32,1,32,8,2560,0.002252,0.00032238887363,0,0.0025743888736301,0.002252,0.2346324439561632,136383.525911611,0.214859726862818,95.4084044683917,1.0
Llama2-7B,8,32,1,32,8,2688,0.002252,0.00032238887363,0,0.0025743888736301,0.002252,0.2346324439561632,136383.525911611,0.2150218978605463,95.48041645672572,1.0
Llama2-7B,8,32,1,32,8,2816,0.002252,0.00032238887363,0,0.0025743888736301,0.002252,0.2346324439561632,136383.525911611,0.2151840688582746,95.55242844505976,1.0
Llama2-7B,8,32,1,32,8,2944,0.002252,0.00032238887363,0,0.0025743888736301,0.002252,0.2346324439561632,136383.525911611,0.2153462398560028,95.6244404333938,1.0
Llama2-7B,8,32,1,32,8,3072,0.002252,0.00032238887363,0,0.0025743888736301,0.002252,0.2346324439561632,136383.525911611,0.2155084108537311,95.69645242172784,1.0
Llama2-7B,8,32,1,32,8,3200,0.002252,0.00032238887363,0,0.0025743888736301,0.002252,0.2346324439561632,136383.525911611,0.2156705818514593,95.76846441006188,1.0
Llama2-7B,8,32,1,32,8,3328,0.002252,0.00032238887363,0,0.0025743888736301,0.002252,0.2346324439561632,136383.525911611,0.2158327528491876,95.84047639839592,1.0
Llama2-7B,8,32,1,32,8,3456,0.002252,0.00032238887363,0,0.0025743888736301,0.002252,0.2346324439561632,136383.525911611,0.2159949238469158,95.91248838672996,1.0
Llama2-7B,8,32,1,32,8,3584,0.002252,0.00032238887363,0,0.0025743888736301,0.002252,0.2346324439561632,136383.525911611,0.2161570948446441,95.984500375064,1.0
Llama2-7B,8,32,1,32,8,3712,0.002252,0.00032238887363,0,0.0025743888736301,0.002252,0.2346324439561632,136383.525911611,0.2163192658423723,96.05651236339804,1.0
Llama2-7B,8,32,1,32,8,3840,0.002252,0.00032238887363,0,0.0025743888736301,0.002252,0.2346324439561632,136383.525911611,0.2164814368401006,96.12852435173208,1.0
Llama2-7B,8,32,1,32,8,3968,0.002252,0.00032238887363,0,0.0025743888736301,0.002252,0.2346324439561632,136383.525911611,0.2166436078378288,96.2005363400661,1.0
Llama2-7B,8,32,1,32,8,4096,0.002252,0.00032238887363,0,0.0025743888736301,0.002252,0.2346324439561632,136383.525911611,0.2168057788355571,96.27254832840016,1.0
Llama2-7B,20,1,20,32,32,128,0.001589,0.0083673980058942,0,0.0099563980058942,0.001589,0.470193736188616,2126.782904651147,10.83451010549347,213.07642592616168,1.0
Llama2-7B,20,1,20,32,32,256,0.001589,0.0083673980058942,0,0.0099563980058942,0.001589,0.470193736188616,2126.782904651147,10.847483785311733,213.3315722410268,1.0
Llama2-7B,20,1,20,32,32,384,0.001589,0.0083673980058942,0,0.0099563980058942,0.001589,0.470193736188616,2126.782904651147,10.860457465129992,213.58671855589188,1.0
Llama2-7B,20,1,20,32,32,512,0.001589,0.0083673980058942,0,0.0099563980058942,0.001589,0.470193736188616,2126.782904651147,10.873431144948254,213.8418648707569,1.0
Llama2-7B,20,1,20,32,32,640,0.001589,0.0083673980058942,0,0.0099563980058942,0.001589,0.470193736188616,2126.782904651147,10.886404824766512,214.09701118562208,1.0
Llama2-7B,20,1,20,32,32,768,0.001589,0.0083673980058942,0,0.0099563980058942,0.001589,0.470193736188616,2126.782904651147,10.899378504584776,214.35215750048715,1.0
Llama2-7B,20,1,20,32,32,896,0.001589,0.0083673980058942,0,0.0099563980058942,0.001589,0.470193736188616,2126.782904651147,10.912352184403035,214.60730381535228,1.0
Llama2-7B,20,1,20,32,32,1024,0.001589,0.0083673980058942,0,0.0099563980058942,0.001589,0.470193736188616,2126.782904651147,10.925325864221296,214.86245013021733,1.0
Llama2-7B,20,1,20,32,32,1152,0.001589,0.0083673980058942,0,0.0099563980058942,0.001589,0.470193736188616,2126.782904651147,10.938299544039555,215.11759644508248,1.0
Llama2-7B,20,1,20,32,32,1280,0.001589,0.0083673980058942,0,0.0099563980058942,0.001589,0.470193736188616,2126.782904651147,10.951273223857816,215.3727427599476,1.0
Llama2-7B,20,1,20,32,32,1408,0.001589,0.0083673980058942,0,0.0099563980058942,0.001589,0.470193736188616,2126.782904651147,10.964246903676075,215.62788907481263,1.0
Llama2-7B,20,1,20,32,32,1536,0.001589,0.0083673980058942,0,0.0099563980058942,0.001589,0.470193736188616,2126.782904651147,10.977220583494336,215.88303538967776,1.0
Llama2-7B,20,1,20,32,32,1664,0.001589,0.0083673980058942,0,0.0099563980058942,0.001589,0.470193736188616,2126.782904651147,10.990194263312596,216.13818170454283,1.0
Llama2-7B,20,1,20,32,32,1792,0.001589,0.0083673980058942,0,0.0099563980058942,0.001589,0.470193736188616,2126.782904651147,11.003167943130856,216.393328019408,1.0
Llama2-7B,20,1,20,32,32,1920,0.001589,0.0083673980058942,0,0.0099563980058942,0.001589,0.470193736188616,2126.782904651147,11.016141622949116,216.64847433427303,1.0
Llama2-7B,20,1,20,32,32,2048,0.001589,0.0083673980058942,0,0.0099563980058942,0.001589,0.470193736188616,2126.782904651147,11.02911530276738,216.90362064913813,1.0
Llama2-7B,20,1,20,32,32,2176,0.001589,0.0083673980058942,0,0.0099563980058942,0.001589,0.470193736188616,2126.782904651147,11.04208898258564,217.15876696400323,1.0
Llama2-7B,20,1,20,32,32,2304,0.001589,0.0083673980058942,0,0.0099563980058942,0.001589,0.470193736188616,2126.782904651147,11.0550626624039,217.4139132788684,1.0
Llama2-7B,20,1,20,32,32,2432,0.001589,0.0083673980058942,0,0.0099563980058942,0.001589,0.470193736188616,2126.782904651147,11.06803634222216,217.66905959373344,1.0
Llama2-7B,20,1,20,32,32,2560,0.001589,0.0083673980058942,0,0.0099563980058942,0.001589,0.470193736188616,2126.782904651147,11.08101002204042,217.9242059085985,1.0
Llama2-7B,20,1,20,32,32,2688,0.001589,0.0083673980058942,0,0.0099563980058942,0.001589,0.470193736188616,2126.782904651147,11.09398370185868,218.17935222346364,1.0
Llama2-7B,20,1,20,32,32,2816,0.001589,0.0083673980058942,0,0.0099563980058942,0.001589,0.470193736188616,2126.782904651147,11.106957381676944,218.4344985383288,1.0
Llama2-7B,20,1,20,32,32,2944,0.001589,0.0083673980058942,0,0.0099563980058942,0.001589,0.470193736188616,2126.782904651147,11.119931061495205,218.6896448531938,1.0
Llama2-7B,20,1,20,32,32,3072,0.001589,0.0083673980058942,0,0.0099563980058942,0.001589,0.470193736188616,2126.782904651147,11.132904741313464,218.9447911680589,1.0
Llama2-7B,20,1,20,32,32,3200,0.001589,0.0083673980058942,0,0.0099563980058942,0.001589,0.470193736188616,2126.782904651147,11.145878421131725,219.199937482924,1.0
Llama2-7B,20,1,20,32,32,3328,0.001589,0.0083673980058942,0,0.0099563980058942,0.001589,0.470193736188616,2126.782904651147,11.158852100949984,219.45508379778911,1.0
Llama2-7B,20,1,20,32,32,3456,0.001589,0.0083673980058942,0,0.0099563980058942,0.001589,0.470193736188616,2126.782904651147,11.171825780768245,219.71023011265424,1.0
Llama2-7B,20,1,20,32,32,3584,0.001589,0.0083673980058942,0,0.0099563980058942,0.001589,0.470193736188616,2126.782904651147,11.184799460586504,219.9653764275193,1.0
Llama2-7B,20,1,20,32,32,3712,0.001589,0.0083673980058942,0,0.0099563980058942,0.001589,0.470193736188616,2126.782904651147,11.197773140404768,220.2205227423844,1.0
Llama2-7B,20,1,20,32,32,3840,0.001589,0.0083673980058942,0,0.0099563980058942,0.001589,0.470193736188616,2126.782904651147,11.210746820223028,220.4756690572495,1.0
Llama2-7B,20,1,20,32,32,3968,0.001589,0.0083673980058942,0,0.0099563980058942,0.001589,0.470193736188616,2126.782904651147,11.223720500041289,220.73081537211465,1.0
Llama2-7B,20,1,20,32,32,4096,0.001589,0.0083673980058942,0,0.0099563980058942,0.001589,0.470193736188616,2126.782904651147,11.236694179859548,220.9859616869797,1.0
Llama2-7B,20,2,10,32,32,128,0.001589,0.0078054113551548,0,0.0093944113551548,0.001589,0.4522101633649553,4422.722357935825,5.417255052746735,213.07642592616168,1.0
Llama2-7B,20,2,10,32,32,256,0.001589,0.0078054113551548,0,0.0093944113551548,0.001589,0.4522101633649553,4422.722357935825,5.423741892655866,213.3315722410268,1.0
Llama2-7B,20,2,10,32,32,384,0.001589,0.0078054113551548,0,0.0093944113551548,0.001589,0.4522101633649553,4422.722357935825,5.430228732564996,213.58671855589188,1.0
Llama2-7B,20,2,10,32,32,512,0.001589,0.0078054113551548,0,0.0093944113551548,0.001589,0.4522101633649553,4422.722357935825,5.436715572474127,213.8418648707569,1.0
Llama2-7B,20,2,10,32,32,640,0.001589,0.0078054113551548,0,0.0093944113551548,0.001589,0.4522101633649553,4422.722357935825,5.443202412383257,214.09701118562208,1.0
Llama2-7B,20,2,10,32,32,768,0.001589,0.0078054113551548,0,0.0093944113551548,0.001589,0.4522101633649553,4422.722357935825,5.449689252292388,214.35215750048715,1.0
Llama2-7B,20,2,10,32,32,896,0.001589,0.0078054113551548,0,0.0093944113551548,0.001589,0.4522101633649553,4422.722357935825,5.456176092201518,214.60730381535228,1.0
Llama2-7B,20,2,10,32,32,1024,0.001589,0.0078054113551548,0,0.0093944113551548,0.001589,0.4522101633649553,4422.722357935825,5.462662932110648,214.86245013021733,1.0
Llama2-7B,20,2,10,32,32,1152,0.001589,0.0078054113551548,0,0.0093944113551548,0.001589,0.4522101633649553,4422.722357935825,5.469149772019778,215.11759644508248,1.0
Llama2-7B,20,2,10,32,32,1280,0.001589,0.0078054113551548,0,0.0093944113551548,0.001589,0.4522101633649553,4422.722357935825,5.475636611928907,215.3727427599476,1.0
Llama2-7B,20,2,10,32,32,1408,0.001589,0.0078054113551548,0,0.0093944113551548,0.001589,0.4522101633649553,4422.722357935825,5.482123451838039,215.62788907481263,1.0
Llama2-7B,20,2,10,32,32,1536,0.001589,0.0078054113551548,0,0.0093944113551548,0.001589,0.4522101633649553,4422.722357935825,5.488610291747168,215.88303538967776,1.0
Llama2-7B,20,2,10,32,32,1664,0.001589,0.0078054113551548,0,0.0093944113551548,0.001589,0.4522101633649553,4422.722357935825,5.495097131656299,216.13818170454283,1.0
Llama2-7B,20,2,10,32,32,1792,0.001589,0.0078054113551548,0,0.0093944113551548,0.001589,0.4522101633649553,4422.722357935825,5.501583971565428,216.393328019408,1.0
Llama2-7B,20,2,10,32,32,1920,0.001589,0.0078054113551548,0,0.0093944113551548,0.001589,0.4522101633649553,4422.722357935825,5.508070811474559,216.64847433427303,1.0
Llama2-7B,20,2,10,32,32,2048,0.001589,0.0078054113551548,0,0.0093944113551548,0.001589,0.4522101633649553,4422.722357935825,5.51455765138369,216.90362064913813,1.0
Llama2-7B,20,2,10,32,32,2176,0.001589,0.0078054113551548,0,0.0093944113551548,0.001589,0.4522101633649553,4422.722357935825,5.52104449129282,217.15876696400323,1.0
Llama2-7B,20,2,10,32,32,2304,0.001589,0.0078054113551548,0,0.0093944113551548,0.001589,0.4522101633649553,4422.722357935825,5.52753133120195,217.4139132788684,1.0
Llama2-7B,20,2,10,32,32,2432,0.001589,0.0078054113551548,0,0.0093944113551548,0.001589,0.4522101633649553,4422.722357935825,5.53401817111108,217.66905959373344,1.0
Llama2-7B,20,2,10,32,32,2560,0.001589,0.0078054113551548,0,0.0093944113551548,0.001589,0.4522101633649553,4422.722357935825,5.54050501102021,217.9242059085985,1.0
Llama2-7B,20,2,10,32,32,2688,0.001589,0.0078054113551548,0,0.0093944113551548,0.001589,0.4522101633649553,4422.722357935825,5.5469918509293406,218.17935222346364,1.0
Llama2-7B,20,2,10,32,32,2816,0.001589,0.0078054113551548,0,0.0093944113551548,0.001589,0.4522101633649553,4422.722357935825,5.553478690838472,218.4344985383288,1.0
Llama2-7B,20,2,10,32,32,2944,0.001589,0.0078054113551548,0,0.0093944113551548,0.001589,0.4522101633649553,4422.722357935825,5.5599655307476015,218.6896448531938,1.0
Llama2-7B,20,2,10,32,32,3072,0.001589,0.0078054113551548,0,0.0093944113551548,0.001589,0.4522101633649553,4422.722357935825,5.566452370656732,218.9447911680589,1.0
Llama2-7B,20,2,10,32,32,3200,0.001589,0.0078054113551548,0,0.0093944113551548,0.001589,0.4522101633649553,4422.722357935825,5.5729392105658615,219.199937482924,1.0
Llama2-7B,20,2,10,32,32,3328,0.001589,0.0078054113551548,0,0.0093944113551548,0.001589,0.4522101633649553,4422.722357935825,5.579426050474992,219.45508379778911,1.0
Llama2-7B,20,2,10,32,32,3456,0.001589,0.0078054113551548,0,0.0093944113551548,0.001589,0.4522101633649553,4422.722357935825,5.585912890384122,219.71023011265424,1.0
Llama2-7B,20,2,10,32,32,3584,0.001589,0.0078054113551548,0,0.0093944113551548,0.001589,0.4522101633649553,4422.722357935825,5.592399730293252,219.9653764275193,1.0
Llama2-7B,20,2,10,32,32,3712,0.001589,0.0078054113551548,0,0.0093944113551548,0.001589,0.4522101633649553,4422.722357935825,5.598886570202383,220.2205227423844,1.0
Llama2-7B,20,2,10,32,32,3840,0.001589,0.0078054113551548,0,0.0093944113551548,0.001589,0.4522101633649553,4422.722357935825,5.605373410111514,220.4756690572495,1.0
Llama2-7B,20,2,10,32,32,3968,0.001589,0.0078054113551548,0,0.0093944113551548,0.001589,0.4522101633649553,4422.722357935825,5.611860250020644,220.73081537211465,1.0
Llama2-7B,20,2,10,32,32,4096,0.001589,0.0078054113551548,0,0.0093944113551548,0.001589,0.4522101633649553,4422.722357935825,5.618347089929774,220.9859616869797,1.0
Llama2-7B,20,4,5,32,32,128,0.001589,0.0072859994506835,0,0.0088749994506835,0.001589,0.4355889824218749,9182.968719181092,2.7086275263733675,213.07642592616168,1.0
Llama2-7B,20,4,5,32,32,256,0.001589,0.0072859994506835,0,0.0088749994506835,0.001589,0.4355889824218749,9182.968719181092,2.711870946327933,213.3315722410268,1.0
Llama2-7B,20,4,5,32,32,384,0.001589,0.0072859994506835,0,0.0088749994506835,0.001589,0.4355889824218749,9182.968719181092,2.715114366282498,213.58671855589188,1.0
Llama2-7B,20,4,5,32,32,512,0.001589,0.0072859994506835,0,0.0088749994506835,0.001589,0.4355889824218749,9182.968719181092,2.718357786237064,213.8418648707569,1.0
Llama2-7B,20,4,5,32,32,640,0.001589,0.0072859994506835,0,0.0088749994506835,0.001589,0.4355889824218749,9182.968719181092,2.7216012061916284,214.09701118562208,1.0
Llama2-7B,20,4,5,32,32,768,0.001589,0.0072859994506835,0,0.0088749994506835,0.001589,0.4355889824218749,9182.968719181092,2.724844626146194,214.35215750048715,1.0
Llama2-7B,20,4,5,32,32,896,0.001589,0.0072859994506835,0,0.0088749994506835,0.001589,0.4355889824218749,9182.968719181092,2.728088046100759,214.60730381535228,1.0
Llama2-7B,20,4,5,32,32,1024,0.001589,0.0072859994506835,0,0.0088749994506835,0.001589,0.4355889824218749,9182.968719181092,2.731331466055324,214.86245013021733,1.0
Llama2-7B,20,4,5,32,32,1152,0.001589,0.0072859994506835,0,0.0088749994506835,0.001589,0.4355889824218749,9182.968719181092,2.734574886009889,215.11759644508248,1.0
Llama2-7B,20,4,5,32,32,1280,0.001589,0.0072859994506835,0,0.0088749994506835,0.001589,0.4355889824218749,9182.968719181092,2.7378183059644536,215.3727427599476,1.0
Llama2-7B,20,4,5,32,32,1408,0.001589,0.0072859994506835,0,0.0088749994506835,0.001589,0.4355889824218749,9182.968719181092,2.74106172591902,215.62788907481263,1.0
Llama2-7B,20,4,5,32,32,1536,0.001589,0.0072859994506835,0,0.0088749994506835,0.001589,0.4355889824218749,9182.968719181092,2.744305145873584,215.88303538967776,1.0
Llama2-7B,20,4,5,32,32,1664,0.001589,0.0072859994506835,0,0.0088749994506835,0.001589,0.4355889824218749,9182.968719181092,2.7475485658281493,216.13818170454283,1.0
Llama2-7B,20,4,5,32,32,1792,0.001589,0.0072859994506835,0,0.0088749994506835,0.001589,0.4355889824218749,9182.968719181092,2.750791985782714,216.393328019408,1.0
Llama2-7B,20,4,5,32,32,1920,0.001589,0.0072859994506835,0,0.0088749994506835,0.001589,0.4355889824218749,9182.968719181092,2.75403540573728,216.64847433427303,1.0
Llama2-7B,20,4,5,32,32,2048,0.001589,0.0072859994506835,0,0.0088749994506835,0.001589,0.4355889824218749,9182.968719181092,2.757278825691845,216.90362064913813,1.0
Llama2-7B,20,4,5,32,32,2176,0.001589,0.0072859994506835,0,0.0088749994506835,0.001589,0.4355889824218749,9182.968719181092,2.76052224564641,217.15876696400323,1.0
Llama2-7B,20,4,5,32,32,2304,0.001589,0.0072859994506835,0,0.0088749994506835,0.001589,0.4355889824218749,9182.968719181092,2.763765665600975,217.4139132788684,1.0
Llama2-7B,20,4,5,32,32,2432,0.001589,0.0072859994506835,0,0.0088749994506835,0.001589,0.4355889824218749,9182.968719181092,2.76700908555554,217.66905959373344,1.0
Llama2-7B,20,4,5,32,32,2560,0.001589,0.0072859994506835,0,0.0088749994506835,0.001589,0.4355889824218749,9182.968719181092,2.770252505510105,217.9242059085985,1.0
Llama2-7B,20,4,5,32,32,2688,0.001589,0.0072859994506835,0,0.0088749994506835,0.001589,0.4355889824218749,9182.968719181092,2.7734959254646703,218.17935222346364,1.0
Llama2-7B,20,4,5,32,32,2816,0.001589,0.0072859994506835,0,0.0088749994506835,0.001589,0.4355889824218749,9182.968719181092,2.776739345419236,218.4344985383288,1.0
Llama2-7B,20,4,5,32,32,2944,0.001589,0.0072859994506835,0,0.0088749994506835,0.001589,0.4355889824218749,9182.968719181092,2.7799827653738007,218.6896448531938,1.0
Llama2-7B,20,4,5,32,32,3072,0.001589,0.0072859994506835,0,0.0088749994506835,0.001589,0.4355889824218749,9182.968719181092,2.783226185328366,218.9447911680589,1.0
Llama2-7B,20,4,5,32,32,3200,0.001589,0.0072859994506835,0,0.0088749994506835,0.001589,0.4355889824218749,9182.968719181092,2.7864696052829308,219.199937482924,1.0
Llama2-7B,20,4,5,32,32,3328,0.001589,0.0072859994506835,0,0.0088749994506835,0.001589,0.4355889824218749,9182.968719181092,2.789713025237496,219.45508379778911,1.0
Llama2-7B,20,4,5,32,32,3456,0.001589,0.0072859994506835,0,0.0088749994506835,0.001589,0.4355889824218749,9182.968719181092,2.792956445192061,219.71023011265424,1.0
Llama2-7B,20,4,5,32,32,3584,0.001589,0.0072859994506835,0,0.0088749994506835,0.001589,0.4355889824218749,9182.968719181092,2.796199865146626,219.9653764275193,1.0
Llama2-7B,20,4,5,32,32,3712,0.001589,0.0072859994506835,0,0.0088749994506835,0.001589,0.4355889824218749,9182.968719181092,2.799443285101192,220.2205227423844,1.0
Llama2-7B,20,4,5,32,32,3840,0.001589,0.0072859994506835,0,0.0088749994506835,0.001589,0.4355889824218749,9182.968719181092,2.802686705055757,220.4756690572495,1.0
Llama2-7B,20,4,5,32,32,3968,0.001589,0.0072859994506835,0,0.0088749994506835,0.001589,0.4355889824218749,9182.968719181092,2.805930125010322,220.73081537211465,1.0
Llama2-7B,20,4,5,32,32,4096,0.001589,0.0072859994506835,0,0.0088749994506835,0.001589,0.4355889824218749,9182.968719181092,2.809173544964887,220.9859616869797,1.0
Llama2-7B,20,5,4,32,32,128,0.001589,0.007115700465611,0,0.008704700465611,0.001589,0.4301394148995535,11624.138190562246,2.1669020210986933,213.07642592616168,1.0
Llama2-7B,20,5,4,32,32,256,0.001589,0.007115700465611,0,0.008704700465611,0.001589,0.4301394148995535,11624.138190562246,2.1694967570623453,213.3315722410268,1.0
Llama2-7B,20,5,4,32,32,384,0.001589,0.007115700465611,0,0.008704700465611,0.001589,0.4301394148995535,11624.138190562246,2.172091493025998,213.58671855589188,1.0
Llama2-7B,20,5,4,32,32,512,0.001589,0.007115700465611,0,0.008704700465611,0.001589,0.4301394148995535,11624.138190562246,2.17468622898965,213.8418648707569,1.0
Llama2-7B,20,5,4,32,32,640,0.001589,0.007115700465611,0,0.008704700465611,0.001589,0.4301394148995535,11624.138190562246,2.177280964953302,214.09701118562208,1.0
Llama2-7B,20,5,4,32,32,768,0.001589,0.007115700465611,0,0.008704700465611,0.001589,0.4301394148995535,11624.138190562246,2.179875700916954,214.35215750048715,1.0
Llama2-7B,20,5,4,32,32,896,0.001589,0.007115700465611,0,0.008704700465611,0.001589,0.4301394148995535,11624.138190562246,2.182470436880606,214.60730381535228,1.0
Llama2-7B,20,5,4,32,32,1024,0.001589,0.007115700465611,0,0.008704700465611,0.001589,0.4301394148995535,11624.138190562246,2.185065172844258,214.86245013021733,1.0
Llama2-7B,20,5,4,32,32,1152,0.001589,0.007115700465611,0,0.008704700465611,0.001589,0.4301394148995535,11624.138190562246,2.1876599088079107,215.11759644508248,1.0
Llama2-7B,20,5,4,32,32,1280,0.001589,0.007115700465611,0,0.008704700465611,0.001589,0.4301394148995535,11624.138190562246,2.1902546447715627,215.3727427599476,1.0
Llama2-7B,20,5,4,32,32,1408,0.001589,0.007115700465611,0,0.008704700465611,0.001589,0.4301394148995535,11624.138190562246,2.1928493807352143,215.62788907481263,1.0
Llama2-7B,20,5,4,32,32,1536,0.001589,0.007115700465611,0,0.008704700465611,0.001589,0.4301394148995535,11624.138190562246,2.1954441166988663,215.88303538967776,1.0
Llama2-7B,20,5,4,32,32,1664,0.001589,0.007115700465611,0,0.008704700465611,0.001589,0.4301394148995535,11624.138190562246,2.1980388526625187,216.13818170454283,1.0
Llama2-7B,20,5,4,32,32,1792,0.001589,0.007115700465611,0,0.008704700465611,0.001589,0.4301394148995535,11624.138190562246,2.2006335886261708,216.393328019408,1.0
Llama2-7B,20,5,4,32,32,1920,0.001589,0.007115700465611,0,0.008704700465611,0.001589,0.4301394148995535,11624.138190562246,2.2032283245898228,216.64847433427303,1.0
Llama2-7B,20,5,4,32,32,2048,0.001589,0.007115700465611,0,0.008704700465611,0.001589,0.4301394148995535,11624.138190562246,2.2058230605534748,216.90362064913813,1.0
Llama2-7B,20,5,4,32,32,2176,0.001589,0.007115700465611,0,0.008704700465611,0.001589,0.4301394148995535,11624.138190562246,2.2084177965171268,217.15876696400323,1.0
Llama2-7B,20,5,4,32,32,2304,0.001589,0.007115700465611,0,0.008704700465611,0.001589,0.4301394148995535,11624.138190562246,2.2110125324807792,217.4139132788684,1.0
Llama2-7B,20,5,4,32,32,2432,0.001589,0.007115700465611,0,0.008704700465611,0.001589,0.4301394148995535,11624.138190562246,2.213607268444431,217.66905959373344,1.0
Llama2-7B,20,5,4,32,32,2560,0.001589,0.007115700465611,0,0.008704700465611,0.001589,0.4301394148995535,11624.138190562246,2.2162020044080832,217.9242059085985,1.0
Llama2-7B,20,5,4,32,32,2688,0.001589,0.007115700465611,0,0.008704700465611,0.001589,0.4301394148995535,11624.138190562246,2.218796740371736,218.17935222346364,1.0
Llama2-7B,20,5,4,32,32,2816,0.001589,0.007115700465611,0,0.008704700465611,0.001589,0.4301394148995535,11624.138190562246,2.221391476335388,218.4344985383288,1.0
Llama2-7B,20,5,4,32,32,2944,0.001589,0.007115700465611,0,0.008704700465611,0.001589,0.4301394148995535,11624.138190562246,2.22398621229904,218.6896448531938,1.0
Llama2-7B,20,5,4,32,32,3072,0.001589,0.007115700465611,0,0.008704700465611,0.001589,0.4301394148995535,11624.138190562246,2.226580948262692,218.9447911680589,1.0
Llama2-7B,20,5,4,32,32,3200,0.001589,0.007115700465611,0,0.008704700465611,0.001589,0.4301394148995535,11624.138190562246,2.229175684226344,219.199937482924,1.0
Llama2-7B,20,5,4,32,32,3328,0.001589,0.007115700465611,0,0.008704700465611,0.001589,0.4301394148995535,11624.138190562246,2.231770420189996,219.45508379778911,1.0
Llama2-7B,20,5,4,32,32,3456,0.001589,0.007115700465611,0,0.008704700465611,0.001589,0.4301394148995535,11624.138190562246,2.234365156153648,219.71023011265424,1.0
Llama2-7B,20,5,4,32,32,3584,0.001589,0.007115700465611,0,0.008704700465611,0.001589,0.4301394148995535,11624.138190562246,2.2369598921173,219.9653764275193,1.0
Llama2-7B,20,5,4,32,32,3712,0.001589,0.007115700465611,0,0.008704700465611,0.001589,0.4301394148995535,11624.138190562246,2.239554628080952,220.2205227423844,1.0
Llama2-7B,20,5,4,32,32,3840,0.001589,0.007115700465611,0,0.008704700465611,0.001589,0.4301394148995535,11624.138190562246,2.2421493640446046,220.4756690572495,1.0
Llama2-7B,20,5,4,32,32,3968,0.001589,0.007115700465611,0,0.008704700465611,0.001589,0.4301394148995535,11624.138190562246,2.244744100008256,220.73081537211465,1.0
Llama2-7B,20,5,4,32,32,4096,0.001589,0.007115700465611,0,0.008704700465611,0.001589,0.4301394148995535,11624.138190562246,2.247338835971908,220.9859616869797,1.0
Llama2-7B,20,10,2,32,32,128,0.001589,0.0064004447283063,0,0.0079894447283063,0.001589,0.4072512313058035,24554.86744125037,1.083451010549347,213.07642592616168,1.0
Llama2-7B,20,10,2,32,32,256,0.001589,0.0064004447283063,0,0.0079894447283063,0.001589,0.4072512313058035,24554.86744125037,1.084748378531173,213.3315722410268,1.0
Llama2-7B,20,10,2,32,32,384,0.001589,0.0064004447283063,0,0.0079894447283063,0.001589,0.4072512313058035,24554.86744125037,1.086045746512999,213.58671855589188,1.0
Llama2-7B,20,10,2,32,32,512,0.001589,0.0064004447283063,0,0.0079894447283063,0.001589,0.4072512313058035,24554.86744125037,1.087343114494825,213.8418648707569,1.0
Llama2-7B,20,10,2,32,32,640,0.001589,0.0064004447283063,0,0.0079894447283063,0.001589,0.4072512313058035,24554.86744125037,1.088640482476651,214.09701118562208,1.0
Llama2-7B,20,10,2,32,32,768,0.001589,0.0064004447283063,0,0.0079894447283063,0.001589,0.4072512313058035,24554.86744125037,1.089937850458477,214.35215750048715,1.0
Llama2-7B,20,10,2,32,32,896,0.001589,0.0064004447283063,0,0.0079894447283063,0.001589,0.4072512313058035,24554.86744125037,1.091235218440303,214.60730381535228,1.0
Llama2-7B,20,10,2,32,32,1024,0.001589,0.0064004447283063,0,0.0079894447283063,0.001589,0.4072512313058035,24554.86744125037,1.092532586422129,214.86245013021733,1.0
Llama2-7B,20,10,2,32,32,1152,0.001589,0.0064004447283063,0,0.0079894447283063,0.001589,0.4072512313058035,24554.86744125037,1.0938299544039554,215.11759644508248,1.0
Llama2-7B,20,10,2,32,32,1280,0.001589,0.0064004447283063,0,0.0079894447283063,0.001589,0.4072512313058035,24554.86744125037,1.0951273223857814,215.3727427599476,1.0
Llama2-7B,20,10,2,32,32,1408,0.001589,0.0064004447283063,0,0.0079894447283063,0.001589,0.4072512313058035,24554.86744125037,1.0964246903676071,215.62788907481263,1.0
Llama2-7B,20,10,2,32,32,1536,0.001589,0.0064004447283063,0,0.0079894447283063,0.001589,0.4072512313058035,24554.86744125037,1.0977220583494331,215.88303538967776,1.0
Llama2-7B,20,10,2,32,32,1664,0.001589,0.0064004447283063,0,0.0079894447283063,0.001589,0.4072512313058035,24554.86744125037,1.0990194263312594,216.13818170454283,1.0
Llama2-7B,20,10,2,32,32,1792,0.001589,0.0064004447283063,0,0.0079894447283063,0.001589,0.4072512313058035,24554.86744125037,1.1003167943130854,216.393328019408,1.0
Llama2-7B,20,10,2,32,32,1920,0.001589,0.0064004447283063,0,0.0079894447283063,0.001589,0.4072512313058035,24554.86744125037,1.1016141622949114,216.64847433427303,1.0
Llama2-7B,20,10,2,32,32,2048,0.001589,0.0064004447283063,0,0.0079894447283063,0.001589,0.4072512313058035,24554.86744125037,1.1029115302767374,216.90362064913813,1.0
Llama2-7B,20,10,2,32,32,2176,0.001589,0.0064004447283063,0,0.0079894447283063,0.001589,0.4072512313058035,24554.86744125037,1.1042088982585634,217.15876696400323,1.0
Llama2-7B,20,10,2,32,32,2304,0.001589,0.0064004447283063,0,0.0079894447283063,0.001589,0.4072512313058035,24554.86744125037,1.1055062662403896,217.4139132788684,1.0
Llama2-7B,20,10,2,32,32,2432,0.001589,0.0064004447283063,0,0.0079894447283063,0.001589,0.4072512313058035,24554.86744125037,1.1068036342222154,217.66905959373344,1.0
Llama2-7B,20,10,2,32,32,2560,0.001589,0.0064004447283063,0,0.0079894447283063,0.001589,0.4072512313058035,24554.86744125037,1.1081010022040416,217.9242059085985,1.0
Llama2-7B,20,10,2,32,32,2688,0.001589,0.0064004447283063,0,0.0079894447283063,0.001589,0.4072512313058035,24554.86744125037,1.1093983701858678,218.17935222346364,1.0
Llama2-7B,20,10,2,32,32,2816,0.001589,0.0064004447283063,0,0.0079894447283063,0.001589,0.4072512313058035,24554.86744125037,1.1106957381676938,218.4344985383288,1.0
Llama2-7B,20,10,2,32,32,2944,0.001589,0.0064004447283063,0,0.0079894447283063,0.001589,0.4072512313058035,24554.86744125037,1.1119931061495196,218.6896448531938,1.0
Llama2-7B,20,10,2,32,32,3072,0.001589,0.0064004447283063,0,0.0079894447283063,0.001589,0.4072512313058035,24554.86744125037,1.113290474131346,218.9447911680589,1.0
Llama2-7B,20,10,2,32,32,3200,0.001589,0.0064004447283063,0,0.0079894447283063,0.001589,0.4072512313058035,24554.86744125037,1.114587842113172,219.199937482924,1.0
Llama2-7B,20,10,2,32,32,3328,0.001589,0.0064004447283063,0,0.0079894447283063,0.001589,0.4072512313058035,24554.86744125037,1.115885210094998,219.45508379778911,1.0
Llama2-7B,20,10,2,32,32,3456,0.001589,0.0064004447283063,0,0.0079894447283063,0.001589,0.4072512313058035,24554.86744125037,1.117182578076824,219.71023011265424,1.0
Llama2-7B,20,10,2,32,32,3584,0.001589,0.0064004447283063,0,0.0079894447283063,0.001589,0.4072512313058035,24554.86744125037,1.11847994605865,219.9653764275193,1.0
Llama2-7B,20,10,2,32,32,3712,0.001589,0.0064004447283063,0,0.0079894447283063,0.001589,0.4072512313058035,24554.86744125037,1.119777314040476,220.2205227423844,1.0
Llama2-7B,20,10,2,32,32,3840,0.001589,0.0064004447283063,0,0.0079894447283063,0.001589,0.4072512313058035,24554.86744125037,1.1210746820223023,220.4756690572495,1.0
Llama2-7B,20,10,2,32,32,3968,0.001589,0.0064004447283063,0,0.0079894447283063,0.001589,0.4072512313058035,24554.86744125037,1.122372050004128,220.73081537211465,1.0
Llama2-7B,20,10,2,32,32,4096,0.001589,0.0064004447283063,0,0.0079894447283063,0.001589,0.4072512313058035,24554.86744125037,1.123669417985954,220.9859616869797,1.0
Llama2-7B,20,20,1,32,32,128,0.001589,0.0049699332536969,0,0.0065589332536969,0.001589,0.3614748641183036,55328.88171569903,0.5417255052746733,213.07642592616168,1.0
Llama2-7B,20,20,1,32,32,256,0.001589,0.0049699332536969,0,0.0065589332536969,0.001589,0.3614748641183036,55328.88171569903,0.5423741892655863,213.3315722410268,1.0
Llama2-7B,20,20,1,32,32,384,0.001589,0.0049699332536969,0,0.0065589332536969,0.001589,0.3614748641183036,55328.88171569903,0.5430228732564994,213.58671855589188,1.0
Llama2-7B,20,20,1,32,32,512,0.001589,0.0049699332536969,0,0.0065589332536969,0.001589,0.3614748641183036,55328.88171569903,0.5436715572474125,213.8418648707569,1.0
Llama2-7B,20,20,1,32,32,640,0.001589,0.0049699332536969,0,0.0065589332536969,0.001589,0.3614748641183036,55328.88171569903,0.5443202412383255,214.09701118562208,1.0
Llama2-7B,20,20,1,32,32,768,0.001589,0.0049699332536969,0,0.0065589332536969,0.001589,0.3614748641183036,55328.88171569903,0.5449689252292385,214.35215750048715,1.0
Llama2-7B,20,20,1,32,32,896,0.001589,0.0049699332536969,0,0.0065589332536969,0.001589,0.3614748641183036,55328.88171569903,0.5456176092201515,214.60730381535228,1.0
Llama2-7B,20,20,1,32,32,1024,0.001589,0.0049699332536969,0,0.0065589332536969,0.001589,0.3614748641183036,55328.88171569903,0.5462662932110645,214.86245013021733,1.0
Llama2-7B,20,20,1,32,32,1152,0.001589,0.0049699332536969,0,0.0065589332536969,0.001589,0.3614748641183036,55328.88171569903,0.5469149772019777,215.11759644508248,1.0
Llama2-7B,20,20,1,32,32,1280,0.001589,0.0049699332536969,0,0.0065589332536969,0.001589,0.3614748641183036,55328.88171569903,0.5475636611928907,215.3727427599476,1.0
Llama2-7B,20,20,1,32,32,1408,0.001589,0.0049699332536969,0,0.0065589332536969,0.001589,0.3614748641183036,55328.88171569903,0.5482123451838036,215.62788907481263,1.0
Llama2-7B,20,20,1,32,32,1536,0.001589,0.0049699332536969,0,0.0065589332536969,0.001589,0.3614748641183036,55328.88171569903,0.5488610291747166,215.88303538967776,1.0
Llama2-7B,20,20,1,32,32,1664,0.001589,0.0049699332536969,0,0.0065589332536969,0.001589,0.3614748641183036,55328.88171569903,0.5495097131656297,216.13818170454283,1.0
Llama2-7B,20,20,1,32,32,1792,0.001589,0.0049699332536969,0,0.0065589332536969,0.001589,0.3614748641183036,55328.88171569903,0.5501583971565427,216.393328019408,1.0
Llama2-7B,20,20,1,32,32,1920,0.001589,0.0049699332536969,0,0.0065589332536969,0.001589,0.3614748641183036,55328.88171569903,0.5508070811474557,216.64847433427303,1.0
Llama2-7B,20,20,1,32,32,2048,0.001589,0.0049699332536969,0,0.0065589332536969,0.001589,0.3614748641183036,55328.88171569903,0.5514557651383687,216.90362064913813,1.0
Llama2-7B,20,20,1,32,32,2176,0.001589,0.0049699332536969,0,0.0065589332536969,0.001589,0.3614748641183036,55328.88171569903,0.5521044491292817,217.15876696400323,1.0
Llama2-7B,20,20,1,32,32,2304,0.001589,0.0049699332536969,0,0.0065589332536969,0.001589,0.3614748641183036,55328.88171569903,0.5527531331201948,217.4139132788684,1.0
Llama2-7B,20,20,1,32,32,2432,0.001589,0.0049699332536969,0,0.0065589332536969,0.001589,0.3614748641183036,55328.88171569903,0.5534018171111077,217.66905959373344,1.0
Llama2-7B,20,20,1,32,32,2560,0.001589,0.0049699332536969,0,0.0065589332536969,0.001589,0.3614748641183036,55328.88171569903,0.5540505011020208,217.9242059085985,1.0
Llama2-7B,20,20,1,32,32,2688,0.001589,0.0049699332536969,0,0.0065589332536969,0.001589,0.3614748641183036,55328.88171569903,0.5546991850929339,218.17935222346364,1.0
Llama2-7B,20,20,1,32,32,2816,0.001589,0.0049699332536969,0,0.0065589332536969,0.001589,0.3614748641183036,55328.88171569903,0.5553478690838469,218.4344985383288,1.0
Llama2-7B,20,20,1,32,32,2944,0.001589,0.0049699332536969,0,0.0065589332536969,0.001589,0.3614748641183036,55328.88171569903,0.5559965530747598,218.6896448531938,1.0
Llama2-7B,20,20,1,32,32,3072,0.001589,0.0049699332536969,0,0.0065589332536969,0.001589,0.3614748641183036,55328.88171569903,0.5566452370656729,218.9447911680589,1.0
Llama2-7B,20,20,1,32,32,3200,0.001589,0.0049699332536969,0,0.0065589332536969,0.001589,0.3614748641183036,55328.88171569903,0.5572939210565859,219.199937482924,1.0
Llama2-7B,20,20,1,32,32,3328,0.001589,0.0049699332536969,0,0.0065589332536969,0.001589,0.3614748641183036,55328.88171569903,0.557942605047499,219.45508379778911,1.0
Llama2-7B,20,20,1,32,32,3456,0.001589,0.0049699332536969,0,0.0065589332536969,0.001589,0.3614748641183036,55328.88171569903,0.5585912890384119,219.71023011265424,1.0
Llama2-7B,20,20,1,32,32,3584,0.001589,0.0049699332536969,0,0.0065589332536969,0.001589,0.3614748641183036,55328.88171569903,0.559239973029325,219.9653764275193,1.0
Llama2-7B,20,20,1,32,32,3712,0.001589,0.0049699332536969,0,0.0065589332536969,0.001589,0.3614748641183036,55328.88171569903,0.559888657020238,220.2205227423844,1.0
Llama2-7B,20,20,1,32,32,3840,0.001589,0.0049699332536969,0,0.0065589332536969,0.001589,0.3614748641183036,55328.88171569903,0.5605373410111512,220.4756690572495,1.0
Llama2-7B,20,20,1,32,32,3968,0.001589,0.0049699332536969,0,0.0065589332536969,0.001589,0.3614748641183036,55328.88171569903,0.561186025002064,220.73081537211465,1.0
Llama2-7B,20,20,1,32,32,4096,0.001589,0.0049699332536969,0,0.0065589332536969,0.001589,0.3614748641183036,55328.88171569903,0.561834708992977,220.9859616869797,1.0
Llama2-7B,20,32,1,32,16,128,0.001806,0.0005461428179059,0,0.0023521428179059,0.001806,0.227074570172991,140922.8694151952,0.318978928367511,176.62177650471267,0.8
Llama2-7B,20,32,1,32,16,256,0.001806,0.0005461428179059,0,0.0023521428179059,0.001806,0.227074570172991,140922.8694151952,0.3193032703629676,176.80136786432317,0.8
Llama2-7B,20,32,1,32,16,384,0.001806,0.0005461428179059,0,0.0023521428179059,0.001806,0.227074570172991,140922.8694151952,0.3196276123584241,176.9809592239336,0.8
Llama2-7B,20,32,1,32,16,512,0.001806,0.0005461428179059,0,0.0023521428179059,0.001806,0.227074570172991,140922.8694151952,0.3199519543538807,177.1605505835441,0.8
Llama2-7B,20,32,1,32,16,640,0.001806,0.0005461428179059,0,0.0023521428179059,0.001806,0.227074570172991,140922.8694151952,0.3202762963493371,177.34014194315455,0.8
Llama2-7B,20,32,1,32,16,768,0.001806,0.0005461428179059,0,0.0023521428179059,0.001806,0.227074570172991,140922.8694151952,0.3206006383447936,177.51973330276505,0.8
Llama2-7B,20,32,1,32,16,896,0.001806,0.0005461428179059,0,0.0023521428179059,0.001806,0.227074570172991,140922.8694151952,0.3209249803402501,177.69932466237552,0.8
Llama2-7B,20,32,1,32,16,1024,0.001806,0.0005461428179059,0,0.0023521428179059,0.001806,0.227074570172991,140922.8694151952,0.3212493223357066,177.878916021986,0.8
Llama2-7B,20,32,1,32,16,1152,0.001806,0.0005461428179059,0,0.0023521428179059,0.001806,0.227074570172991,140922.8694151952,0.3215736643311632,178.05850738159646,0.8
Llama2-7B,20,32,1,32,16,1280,0.001806,0.0005461428179059,0,0.0023521428179059,0.001806,0.227074570172991,140922.8694151952,0.3218980063266197,178.23809874120693,0.8
Llama2-7B,20,32,1,32,16,1408,0.001806,0.0005461428179059,0,0.0023521428179059,0.001806,0.227074570172991,140922.8694151952,0.3222223483220762,178.4176901008174,0.8
Llama2-7B,20,32,1,32,16,1536,0.001806,0.0005461428179059,0,0.0023521428179059,0.001806,0.227074570172991,140922.8694151952,0.3225466903175327,178.5972814604279,0.8
Llama2-7B,20,32,1,32,16,1664,0.001806,0.0005461428179059,0,0.0023521428179059,0.001806,0.227074570172991,140922.8694151952,0.3228710323129892,178.77687282003834,0.8
Llama2-7B,20,32,1,32,16,1792,0.001806,0.0005461428179059,0,0.0023521428179059,0.001806,0.227074570172991,140922.8694151952,0.3231953743084457,178.95646417964883,0.8
Llama2-7B,20,32,1,32,16,1920,0.001806,0.0005461428179059,0,0.0023521428179059,0.001806,0.227074570172991,140922.8694151952,0.3235197163039023,179.13605553925927,0.8
Llama2-7B,20,32,1,32,16,2048,0.001806,0.0005461428179059,0,0.0023521428179059,0.001806,0.227074570172991,140922.8694151952,0.3238440582993587,179.31564689886977,0.8
Llama2-7B,20,32,1,32,16,2176,0.001806,0.0005461428179059,0,0.0023521428179059,0.001806,0.227074570172991,140922.8694151952,0.3241684002948153,179.49523825848024,0.8
Llama2-7B,20,32,1,32,16,2304,0.001806,0.0005461428179059,0,0.0023521428179059,0.001806,0.227074570172991,140922.8694151952,0.3244927422902718,179.6748296180907,0.8
Llama2-7B,20,32,1,32,16,2432,0.001806,0.0005461428179059,0,0.0023521428179059,0.001806,0.227074570172991,140922.8694151952,0.3248170842857283,179.85442097770118,0.8
Llama2-7B,20,32,1,32,16,2560,0.001806,0.0005461428179059,0,0.0023521428179059,0.001806,0.227074570172991,140922.8694151952,0.3251414262811848,180.03401233731162,0.8
Llama2-7B,20,32,1,32,16,2688,0.001806,0.0005461428179059,0,0.0023521428179059,0.001806,0.227074570172991,140922.8694151952,0.3254657682766413,180.2136036969221,0.8
Llama2-7B,20,32,1,32,16,2816,0.001806,0.0005461428179059,0,0.0023521428179059,0.001806,0.227074570172991,140922.8694151952,0.3257901102720978,180.3931950565326,0.8
Llama2-7B,20,32,1,32,16,2944,0.001806,0.0005461428179059,0,0.0023521428179059,0.001806,0.227074570172991,140922.8694151952,0.3261144522675543,180.57278641614303,0.8
Llama2-7B,20,32,1,32,16,3072,0.001806,0.0005461428179059,0,0.0023521428179059,0.001806,0.227074570172991,140922.8694151952,0.3264387942630108,180.7523777757536,0.8
Llama2-7B,20,32,1,32,16,3200,0.001806,0.0005461428179059,0,0.0023521428179059,0.001806,0.227074570172991,140922.8694151952,0.3267631362584673,180.931969135364,0.8
Llama2-7B,20,32,1,32,16,3328,0.001806,0.0005461428179059,0,0.0023521428179059,0.001806,0.227074570172991,140922.8694151952,0.3270874782539239,181.11156049497447,0.8
Llama2-7B,20,32,1,32,16,3456,0.001806,0.0005461428179059,0,0.0023521428179059,0.001806,0.227074570172991,140922.8694151952,0.3274118202493803,181.29115185458497,0.8
Llama2-7B,20,32,1,32,16,3584,0.001806,0.0005461428179059,0,0.0023521428179059,0.001806,0.227074570172991,140922.8694151952,0.3277361622448369,181.4707432141954,0.8
Llama2-7B,20,32,1,32,16,3712,0.001806,0.0005461428179059,0,0.0023521428179059,0.001806,0.227074570172991,140922.8694151952,0.3280605042402934,181.6503345738059,0.8
Llama2-7B,20,32,1,32,16,3840,0.001806,0.0005461428179059,0,0.0023521428179059,0.001806,0.227074570172991,140922.8694151952,0.32838484623575,181.82992593341635,0.8
Llama2-7B,20,32,1,32,16,3968,0.001806,0.0005461428179059,0,0.0023521428179059,0.001806,0.227074570172991,140922.8694151952,0.3287091882312064,182.00951729302685,0.8
Llama2-7B,20,32,1,32,16,4096,0.001806,0.0005461428179059,0,0.0023521428179059,0.001806,0.227074570172991,140922.8694151952,0.329033530226663,182.1891086526373,0.8
Llama2-7B,32,1,32,32,32,128,0.001589,0.0135444871520996,0,0.0151334871520996,0.001589,0.6358605888671874,1572.671773511773,17.335216168789547,340.92228148185865,1.0
Llama2-7B,32,1,32,32,32,256,0.001589,0.0135444871520996,0,0.0151334871520996,0.001589,0.6358605888671874,1572.671773511773,17.355974056498763,341.3305155856428,1.0
Llama2-7B,32,1,32,32,32,384,0.001589,0.0135444871520996,0,0.0151334871520996,0.001589,0.6358605888671874,1572.671773511773,17.376731944207982,341.7387496894269,1.0
Llama2-7B,32,1,32,32,32,512,0.001589,0.0135444871520996,0,0.0151334871520996,0.001589,0.6358605888671874,1572.671773511773,17.3974898319172,342.1469837932111,1.0
Llama2-7B,32,1,32,32,32,640,0.001589,0.0135444871520996,0,0.0151334871520996,0.001589,0.6358605888671874,1572.671773511773,17.418247719626414,342.55521789699526,1.0
Llama2-7B,32,1,32,32,32,768,0.001589,0.0135444871520996,0,0.0151334871520996,0.001589,0.6358605888671874,1572.671773511773,17.43900560733563,342.96345200077934,1.0
Llama2-7B,32,1,32,32,32,896,0.001589,0.0135444871520996,0,0.0151334871520996,0.001589,0.6358605888671874,1572.671773511773,17.459763495044847,343.3716861045636,1.0
Llama2-7B,32,1,32,32,32,1024,0.001589,0.0135444871520996,0,0.0151334871520996,0.001589,0.6358605888671874,1572.671773511773,17.480521382754063,343.77992020834773,1.0
Llama2-7B,32,1,32,32,32,1152,0.001589,0.0135444871520996,0,0.0151334871520996,0.001589,0.6358605888671874,1572.671773511773,17.501279270463286,344.18815431213187,1.0
Llama2-7B,32,1,32,32,32,1280,0.001589,0.0135444871520996,0,0.0151334871520996,0.001589,0.6358605888671874,1572.671773511773,17.522037158172502,344.596388415916,1.0
Llama2-7B,32,1,32,32,32,1408,0.001589,0.0135444871520996,0,0.0151334871520996,0.001589,0.6358605888671874,1572.671773511773,17.542795045881714,345.0046225197002,1.0
Llama2-7B,32,1,32,32,32,1536,0.001589,0.0135444871520996,0,0.0151334871520996,0.001589,0.6358605888671874,1572.671773511773,17.56355293359093,345.41285662348434,1.0
Llama2-7B,32,1,32,32,32,1664,0.001589,0.0135444871520996,0,0.0151334871520996,0.001589,0.6358605888671874,1572.671773511773,17.58431082130015,345.8210907272685,1.0
Llama2-7B,32,1,32,32,32,1792,0.001589,0.0135444871520996,0,0.0151334871520996,0.001589,0.6358605888671874,1572.671773511773,17.605068709009366,346.2293248310527,1.0
Llama2-7B,32,1,32,32,32,1920,0.001589,0.0135444871520996,0,0.0151334871520996,0.001589,0.6358605888671874,1572.671773511773,17.625826596718582,346.6375589348368,1.0
Llama2-7B,32,1,32,32,32,2048,0.001589,0.0135444871520996,0,0.0151334871520996,0.001589,0.6358605888671874,1572.671773511773,17.646584484427798,347.045793038621,1.0
Llama2-7B,32,1,32,32,32,2176,0.001589,0.0135444871520996,0,0.0151334871520996,0.001589,0.6358605888671874,1572.671773511773,17.667342372137014,347.4540271424051,1.0
Llama2-7B,32,1,32,32,32,2304,0.001589,0.0135444871520996,0,0.0151334871520996,0.001589,0.6358605888671874,1572.671773511773,17.688100259846234,347.86226124618923,1.0
Llama2-7B,32,1,32,32,32,2432,0.001589,0.0135444871520996,0,0.0151334871520996,0.001589,0.6358605888671874,1572.671773511773,17.708858147555446,348.2704953499735,1.0
Llama2-7B,32,1,32,32,32,2560,0.001589,0.0135444871520996,0,0.0151334871520996,0.001589,0.6358605888671874,1572.671773511773,17.729616035264666,348.6787294537576,1.0
Llama2-7B,32,1,32,32,32,2688,0.001589,0.0135444871520996,0,0.0151334871520996,0.001589,0.6358605888671874,1572.671773511773,17.750373922973885,349.08696355754176,1.0
Llama2-7B,32,1,32,32,32,2816,0.001589,0.0135444871520996,0,0.0151334871520996,0.001589,0.6358605888671874,1572.671773511773,17.7711318106831,349.4951976613259,1.0
Llama2-7B,32,1,32,32,32,2944,0.001589,0.0135444871520996,0,0.0151334871520996,0.001589,0.6358605888671874,1572.671773511773,17.791889698392314,349.90343176511004,1.0
Llama2-7B,32,1,32,32,32,3072,0.001589,0.0135444871520996,0,0.0151334871520996,0.001589,0.6358605888671874,1572.671773511773,17.812647586101534,350.3116658688942,1.0
Llama2-7B,32,1,32,32,32,3200,0.001589,0.0135444871520996,0,0.0151334871520996,0.001589,0.6358605888671874,1572.671773511773,17.83340547381075,350.7198999726783,1.0
Llama2-7B,32,1,32,32,32,3328,0.001589,0.0135444871520996,0,0.0151334871520996,0.001589,0.6358605888671874,1572.671773511773,17.85416336151997,351.1281340764626,1.0
Llama2-7B,32,1,32,32,32,3456,0.001589,0.0135444871520996,0,0.0151334871520996,0.001589,0.6358605888671874,1572.671773511773,17.874921249229182,351.5363681802467,1.0
Llama2-7B,32,1,32,32,32,3584,0.001589,0.0135444871520996,0,0.0151334871520996,0.001589,0.6358605888671874,1572.671773511773,17.8956791369384,351.9446022840308,1.0
Llama2-7B,32,1,32,32,32,3712,0.001589,0.0135444871520996,0,0.0151334871520996,0.001589,0.6358605888671874,1572.671773511773,17.916437024647617,352.352836387815,1.0
Llama2-7B,32,1,32,32,32,3840,0.001589,0.0135444871520996,0,0.0151334871520996,0.001589,0.6358605888671874,1572.671773511773,17.937194912356837,352.7610704915991,1.0
Llama2-7B,32,1,32,32,32,3968,0.001589,0.0135444871520996,0,0.0151334871520996,0.001589,0.6358605888671874,1572.671773511773,17.95795280006605,353.1693045953833,1.0
Llama2-7B,32,1,32,32,32,4096,0.001589,0.0135444871520996,0,0.0151334871520996,0.001589,0.6358605888671874,1572.671773511773,17.978710687775266,353.57753869916746,1.0
Llama2-7B,32,2,16,32,32,128,0.001589,0.0122182838058471,0,0.0138072838058471,0.001589,0.5934220817871093,3370.282403339183,8.667608084394773,340.92228148185865,1.0
Llama2-7B,32,2,16,32,32,256,0.001589,0.0122182838058471,0,0.0138072838058471,0.001589,0.5934220817871093,3370.282403339183,8.677987028249381,341.3305155856428,1.0
Llama2-7B,32,2,16,32,32,384,0.001589,0.0122182838058471,0,0.0138072838058471,0.001589,0.5934220817871093,3370.282403339183,8.688365972103991,341.7387496894269,1.0
Llama2-7B,32,2,16,32,32,512,0.001589,0.0122182838058471,0,0.0138072838058471,0.001589,0.5934220817871093,3370.282403339183,8.6987449159586,342.1469837932111,1.0
Llama2-7B,32,2,16,32,32,640,0.001589,0.0122182838058471,0,0.0138072838058471,0.001589,0.5934220817871093,3370.282403339183,8.709123859813207,342.55521789699526,1.0
Llama2-7B,32,2,16,32,32,768,0.001589,0.0122182838058471,0,0.0138072838058471,0.001589,0.5934220817871093,3370.282403339183,8.719502803667815,342.96345200077934,1.0
Llama2-7B,32,2,16,32,32,896,0.001589,0.0122182838058471,0,0.0138072838058471,0.001589,0.5934220817871093,3370.282403339183,8.729881747522423,343.3716861045636,1.0
Llama2-7B,32,2,16,32,32,1024,0.001589,0.0122182838058471,0,0.0138072838058471,0.001589,0.5934220817871093,3370.282403339183,8.740260691377031,343.77992020834773,1.0
Llama2-7B,32,2,16,32,32,1152,0.001589,0.0122182838058471,0,0.0138072838058471,0.001589,0.5934220817871093,3370.282403339183,8.750639635231643,344.18815431213187,1.0
Llama2-7B,32,2,16,32,32,1280,0.001589,0.0122182838058471,0,0.0138072838058471,0.001589,0.5934220817871093,3370.282403339183,8.761018579086251,344.596388415916,1.0
Llama2-7B,32,2,16,32,32,1408,0.001589,0.0122182838058471,0,0.0138072838058471,0.001589,0.5934220817871093,3370.282403339183,8.771397522940857,345.0046225197002,1.0
Llama2-7B,32,2,16,32,32,1536,0.001589,0.0122182838058471,0,0.0138072838058471,0.001589,0.5934220817871093,3370.282403339183,8.781776466795465,345.41285662348434,1.0
Llama2-7B,32,2,16,32,32,1664,0.001589,0.0122182838058471,0,0.0138072838058471,0.001589,0.5934220817871093,3370.282403339183,8.792155410650075,345.8210907272685,1.0
Llama2-7B,32,2,16,32,32,1792,0.001589,0.0122182838058471,0,0.0138072838058471,0.001589,0.5934220817871093,3370.282403339183,8.802534354504683,346.2293248310527,1.0
Llama2-7B,32,2,16,32,32,1920,0.001589,0.0122182838058471,0,0.0138072838058471,0.001589,0.5934220817871093,3370.282403339183,8.812913298359291,346.6375589348368,1.0
Llama2-7B,32,2,16,32,32,2048,0.001589,0.0122182838058471,0,0.0138072838058471,0.001589,0.5934220817871093,3370.282403339183,8.823292242213899,347.045793038621,1.0
Llama2-7B,32,2,16,32,32,2176,0.001589,0.0122182838058471,0,0.0138072838058471,0.001589,0.5934220817871093,3370.282403339183,8.833671186068507,347.4540271424051,1.0
Llama2-7B,32,2,16,32,32,2304,0.001589,0.0122182838058471,0,0.0138072838058471,0.001589,0.5934220817871093,3370.282403339183,8.844050129923117,347.86226124618923,1.0
Llama2-7B,32,2,16,32,32,2432,0.001589,0.0122182838058471,0,0.0138072838058471,0.001589,0.5934220817871093,3370.282403339183,8.854429073777723,348.2704953499735,1.0
Llama2-7B,32,2,16,32,32,2560,0.001589,0.0122182838058471,0,0.0138072838058471,0.001589,0.5934220817871093,3370.282403339183,8.864808017632333,348.6787294537576,1.0
Llama2-7B,32,2,16,32,32,2688,0.001589,0.0122182838058471,0,0.0138072838058471,0.001589,0.5934220817871093,3370.282403339183,8.875186961486943,349.08696355754176,1.0
Llama2-7B,32,2,16,32,32,2816,0.001589,0.0122182838058471,0,0.0138072838058471,0.001589,0.5934220817871093,3370.282403339183,8.88556590534155,349.4951976613259,1.0
Llama2-7B,32,2,16,32,32,2944,0.001589,0.0122182838058471,0,0.0138072838058471,0.001589,0.5934220817871093,3370.282403339183,8.895944849196157,349.90343176511004,1.0
Llama2-7B,32,2,16,32,32,3072,0.001589,0.0122182838058471,0,0.0138072838058471,0.001589,0.5934220817871093,3370.282403339183,8.906323793050767,350.3116658688942,1.0
Llama2-7B,32,2,16,32,32,3200,0.001589,0.0122182838058471,0,0.0138072838058471,0.001589,0.5934220817871093,3370.282403339183,8.916702736905375,350.7198999726783,1.0
Llama2-7B,32,2,16,32,32,3328,0.001589,0.0122182838058471,0,0.0138072838058471,0.001589,0.5934220817871093,3370.282403339183,8.927081680759985,351.1281340764626,1.0
Llama2-7B,32,2,16,32,32,3456,0.001589,0.0122182838058471,0,0.0138072838058471,0.001589,0.5934220817871093,3370.282403339183,8.937460624614591,351.5363681802467,1.0
Llama2-7B,32,2,16,32,32,3584,0.001589,0.0122182838058471,0,0.0138072838058471,0.001589,0.5934220817871093,3370.282403339183,8.9478395684692,351.9446022840308,1.0
Llama2-7B,32,2,16,32,32,3712,0.001589,0.0122182838058471,0,0.0138072838058471,0.001589,0.5934220817871093,3370.282403339183,8.958218512323809,352.352836387815,1.0
Llama2-7B,32,2,16,32,32,3840,0.001589,0.0122182838058471,0,0.0138072838058471,0.001589,0.5934220817871093,3370.282403339183,8.968597456178419,352.7610704915991,1.0
Llama2-7B,32,2,16,32,32,3968,0.001589,0.0122182838058471,0,0.0138072838058471,0.001589,0.5934220817871093,3370.282403339183,8.978976400033025,353.1693045953833,1.0
Llama2-7B,32,2,16,32,32,4096,0.001589,0.0122182838058471,0,0.0138072838058471,0.001589,0.5934220817871093,3370.282403339183,8.989355343887633,353.57753869916746,1.0
Llama2-7B,32,4,8,32,32,128,0.001589,0.0117712489700317,0,0.0133602489700317,0.001589,0.5791169670410156,6907.067531517692,4.333804042197387,340.92228148185865,1.0
Llama2-7B,32,4,8,32,32,256,0.001589,0.0117712489700317,0,0.0133602489700317,0.001589,0.5791169670410156,6907.067531517692,4.338993514124691,341.3305155856428,1.0
Llama2-7B,32,4,8,32,32,384,0.001589,0.0117712489700317,0,0.0133602489700317,0.001589,0.5791169670410156,6907.067531517692,4.344182986051996,341.7387496894269,1.0
Llama2-7B,32,4,8,32,32,512,0.001589,0.0117712489700317,0,0.0133602489700317,0.001589,0.5791169670410156,6907.067531517692,4.3493724579793,342.1469837932111,1.0
Llama2-7B,32,4,8,32,32,640,0.001589,0.0117712489700317,0,0.0133602489700317,0.001589,0.5791169670410156,6907.067531517692,4.354561929906604,342.55521789699526,1.0
Llama2-7B,32,4,8,32,32,768,0.001589,0.0117712489700317,0,0.0133602489700317,0.001589,0.5791169670410156,6907.067531517692,4.359751401833908,342.96345200077934,1.0
Llama2-7B,32,4,8,32,32,896,0.001589,0.0117712489700317,0,0.0133602489700317,0.001589,0.5791169670410156,6907.067531517692,4.364940873761212,343.3716861045636,1.0
Llama2-7B,32,4,8,32,32,1024,0.001589,0.0117712489700317,0,0.0133602489700317,0.001589,0.5791169670410156,6907.067531517692,4.370130345688516,343.77992020834773,1.0
Llama2-7B,32,4,8,32,32,1152,0.001589,0.0117712489700317,0,0.0133602489700317,0.001589,0.5791169670410156,6907.067531517692,4.375319817615821,344.18815431213187,1.0
Llama2-7B,32,4,8,32,32,1280,0.001589,0.0117712489700317,0,0.0133602489700317,0.001589,0.5791169670410156,6907.067531517692,4.3805092895431255,344.596388415916,1.0
Llama2-7B,32,4,8,32,32,1408,0.001589,0.0117712489700317,0,0.0133602489700317,0.001589,0.5791169670410156,6907.067531517692,4.385698761470429,345.0046225197002,1.0
Llama2-7B,32,4,8,32,32,1536,0.001589,0.0117712489700317,0,0.0133602489700317,0.001589,0.5791169670410156,6907.067531517692,4.390888233397733,345.41285662348434,1.0
Llama2-7B,32,4,8,32,32,1664,0.001589,0.0117712489700317,0,0.0133602489700317,0.001589,0.5791169670410156,6907.067531517692,4.3960777053250375,345.8210907272685,1.0
Llama2-7B,32,4,8,32,32,1792,0.001589,0.0117712489700317,0,0.0133602489700317,0.001589,0.5791169670410156,6907.067531517692,4.4012671772523415,346.2293248310527,1.0
Llama2-7B,32,4,8,32,32,1920,0.001589,0.0117712489700317,0,0.0133602489700317,0.001589,0.5791169670410156,6907.067531517692,4.4064566491796455,346.6375589348368,1.0
Llama2-7B,32,4,8,32,32,2048,0.001589,0.0117712489700317,0,0.0133602489700317,0.001589,0.5791169670410156,6907.067531517692,4.4116461211069495,347.045793038621,1.0
Llama2-7B,32,4,8,32,32,2176,0.001589,0.0117712489700317,0,0.0133602489700317,0.001589,0.5791169670410156,6907.067531517692,4.4168355930342535,347.4540271424051,1.0
Llama2-7B,32,4,8,32,32,2304,0.001589,0.0117712489700317,0,0.0133602489700317,0.001589,0.5791169670410156,6907.067531517692,4.4220250649615584,347.86226124618923,1.0
Llama2-7B,32,4,8,32,32,2432,0.001589,0.0117712489700317,0,0.0133602489700317,0.001589,0.5791169670410156,6907.067531517692,4.427214536888862,348.2704953499735,1.0
Llama2-7B,32,4,8,32,32,2560,0.001589,0.0117712489700317,0,0.0133602489700317,0.001589,0.5791169670410156,6907.067531517692,4.432404008816167,348.6787294537576,1.0
Llama2-7B,32,4,8,32,32,2688,0.001589,0.0117712489700317,0,0.0133602489700317,0.001589,0.5791169670410156,6907.067531517692,4.437593480743471,349.08696355754176,1.0
Llama2-7B,32,4,8,32,32,2816,0.001589,0.0117712489700317,0,0.0133602489700317,0.001589,0.5791169670410156,6907.067531517692,4.442782952670775,349.4951976613259,1.0
Llama2-7B,32,4,8,32,32,2944,0.001589,0.0117712489700317,0,0.0133602489700317,0.001589,0.5791169670410156,6907.067531517692,4.447972424598079,349.90343176511004,1.0
Llama2-7B,32,4,8,32,32,3072,0.001589,0.0117712489700317,0,0.0133602489700317,0.001589,0.5791169670410156,6907.067531517692,4.453161896525383,350.3116658688942,1.0
Llama2-7B,32,4,8,32,32,3200,0.001589,0.0117712489700317,0,0.0133602489700317,0.001589,0.5791169670410156,6907.067531517692,4.458351368452687,350.7198999726783,1.0
Llama2-7B,32,4,8,32,32,3328,0.001589,0.0117712489700317,0,0.0133602489700317,0.001589,0.5791169670410156,6907.067531517692,4.463540840379992,351.1281340764626,1.0
Llama2-7B,32,4,8,32,32,3456,0.001589,0.0117712489700317,0,0.0133602489700317,0.001589,0.5791169670410156,6907.067531517692,4.468730312307296,351.5363681802467,1.0
Llama2-7B,32,4,8,32,32,3584,0.001589,0.0117712489700317,0,0.0133602489700317,0.001589,0.5791169670410156,6907.067531517692,4.4739197842346,351.9446022840308,1.0
Llama2-7B,32,4,8,32,32,3712,0.001589,0.0117712489700317,0,0.0133602489700317,0.001589,0.5791169670410156,6907.067531517692,4.479109256161904,352.352836387815,1.0
Llama2-7B,32,4,8,32,32,3840,0.001589,0.0117712489700317,0,0.0133602489700317,0.001589,0.5791169670410156,6907.067531517692,4.484298728089209,352.7610704915991,1.0
Llama2-7B,32,4,8,32,32,3968,0.001589,0.0117712489700317,0,0.0133602489700317,0.001589,0.5791169670410156,6907.067531517692,4.489488200016512,353.1693045953833,1.0
Llama2-7B,32,4,8,32,32,4096,0.001589,0.0117712489700317,0,0.0133602489700317,0.001589,0.5791169670410156,6907.067531517692,4.494677671943816,353.57753869916746,1.0
Llama2-7B,32,8,4,32,32,128,0.001589,0.0108324758148193,0,0.0124214758148193,0.001589,0.5490762260742187,14569.92603230765,2.1669020210986933,340.92228148185865,1.0
Llama2-7B,32,8,4,32,32,256,0.001589,0.0108324758148193,0,0.0124214758148193,0.001589,0.5490762260742187,14569.92603230765,2.1694967570623453,341.3305155856428,1.0
Llama2-7B,32,8,4,32,32,384,0.001589,0.0108324758148193,0,0.0124214758148193,0.001589,0.5490762260742187,14569.92603230765,2.172091493025998,341.7387496894269,1.0
Llama2-7B,32,8,4,32,32,512,0.001589,0.0108324758148193,0,0.0124214758148193,0.001589,0.5490762260742187,14569.92603230765,2.17468622898965,342.1469837932111,1.0
Llama2-7B,32,8,4,32,32,640,0.001589,0.0108324758148193,0,0.0124214758148193,0.001589,0.5490762260742187,14569.92603230765,2.177280964953302,342.55521789699526,1.0
Llama2-7B,32,8,4,32,32,768,0.001589,0.0108324758148193,0,0.0124214758148193,0.001589,0.5490762260742187,14569.92603230765,2.179875700916954,342.96345200077934,1.0
Llama2-7B,32,8,4,32,32,896,0.001589,0.0108324758148193,0,0.0124214758148193,0.001589,0.5490762260742187,14569.92603230765,2.182470436880606,343.3716861045636,1.0
Llama2-7B,32,8,4,32,32,1024,0.001589,0.0108324758148193,0,0.0124214758148193,0.001589,0.5490762260742187,14569.92603230765,2.185065172844258,343.77992020834773,1.0
Llama2-7B,32,8,4,32,32,1152,0.001589,0.0108324758148193,0,0.0124214758148193,0.001589,0.5490762260742187,14569.92603230765,2.1876599088079107,344.18815431213187,1.0
Llama2-7B,32,8,4,32,32,1280,0.001589,0.0108324758148193,0,0.0124214758148193,0.001589,0.5490762260742187,14569.92603230765,2.1902546447715627,344.596388415916,1.0
Llama2-7B,32,8,4,32,32,1408,0.001589,0.0108324758148193,0,0.0124214758148193,0.001589,0.5490762260742187,14569.92603230765,2.1928493807352143,345.0046225197002,1.0
Llama2-7B,32,8,4,32,32,1536,0.001589,0.0108324758148193,0,0.0124214758148193,0.001589,0.5490762260742187,14569.92603230765,2.1954441166988663,345.41285662348434,1.0
Llama2-7B,32,8,4,32,32,1664,0.001589,0.0108324758148193,0,0.0124214758148193,0.001589,0.5490762260742187,14569.92603230765,2.1980388526625187,345.8210907272685,1.0
Llama2-7B,32,8,4,32,32,1792,0.001589,0.0108324758148193,0,0.0124214758148193,0.001589,0.5490762260742187,14569.92603230765,2.2006335886261708,346.2293248310527,1.0
Llama2-7B,32,8,4,32,32,1920,0.001589,0.0108324758148193,0,0.0124214758148193,0.001589,0.5490762260742187,14569.92603230765,2.2032283245898228,346.6375589348368,1.0
Llama2-7B,32,8,4,32,32,2048,0.001589,0.0108324758148193,0,0.0124214758148193,0.001589,0.5490762260742187,14569.92603230765,2.2058230605534748,347.045793038621,1.0
Llama2-7B,32,8,4,32,32,2176,0.001589,0.0108324758148193,0,0.0124214758148193,0.001589,0.5490762260742187,14569.92603230765,2.2084177965171268,347.4540271424051,1.0
Llama2-7B,32,8,4,32,32,2304,0.001589,0.0108324758148193,0,0.0124214758148193,0.001589,0.5490762260742187,14569.92603230765,2.2110125324807792,347.86226124618923,1.0
Llama2-7B,32,8,4,32,32,2432,0.001589,0.0108324758148193,0,0.0124214758148193,0.001589,0.5490762260742187,14569.92603230765,2.213607268444431,348.2704953499735,1.0
Llama2-7B,32,8,4,32,32,2560,0.001589,0.0108324758148193,0,0.0124214758148193,0.001589,0.5490762260742187,14569.92603230765,2.2162020044080832,348.6787294537576,1.0
Llama2-7B,32,8,4,32,32,2688,0.001589,0.0108324758148193,0,0.0124214758148193,0.001589,0.5490762260742187,14569.92603230765,2.218796740371736,349.08696355754176,1.0
Llama2-7B,32,8,4,32,32,2816,0.001589,0.0108324758148193,0,0.0124214758148193,0.001589,0.5490762260742187,14569.92603230765,2.221391476335388,349.4951976613259,1.0
Llama2-7B,32,8,4,32,32,2944,0.001589,0.0108324758148193,0,0.0124214758148193,0.001589,0.5490762260742187,14569.92603230765,2.22398621229904,349.90343176511004,1.0
Llama2-7B,32,8,4,32,32,3072,0.001589,0.0108324758148193,0,0.0124214758148193,0.001589,0.5490762260742187,14569.92603230765,2.226580948262692,350.3116658688942,1.0
Llama2-7B,32,8,4,32,32,3200,0.001589,0.0108324758148193,0,0.0124214758148193,0.001589,0.5490762260742187,14569.92603230765,2.229175684226344,350.7198999726783,1.0
Llama2-7B,32,8,4,32,32,3328,0.001589,0.0108324758148193,0,0.0124214758148193,0.001589,0.5490762260742187,14569.92603230765,2.231770420189996,351.1281340764626,1.0
Llama2-7B,32,8,4,32,32,3456,0.001589,0.0108324758148193,0,0.0124214758148193,0.001589,0.5490762260742187,14569.92603230765,2.234365156153648,351.5363681802467,1.0
Llama2-7B,32,8,4,32,32,3584,0.001589,0.0108324758148193,0,0.0124214758148193,0.001589,0.5490762260742187,14569.92603230765,2.2369598921173,351.9446022840308,1.0
Llama2-7B,32,8,4,32,32,3712,0.001589,0.0108324758148193,0,0.0124214758148193,0.001589,0.5490762260742187,14569.92603230765,2.239554628080952,352.352836387815,1.0
Llama2-7B,32,8,4,32,32,3840,0.001589,0.0108324758148193,0,0.0124214758148193,0.001589,0.5490762260742187,14569.92603230765,2.2421493640446046,352.7610704915991,1.0
Llama2-7B,32,8,4,32,32,3968,0.001589,0.0108324758148193,0,0.0124214758148193,0.001589,0.5490762260742187,14569.92603230765,2.244744100008256,353.1693045953833,1.0
Llama2-7B,32,8,4,32,32,4096,0.001589,0.0108324758148193,0,0.0124214758148193,0.001589,0.5490762260742187,14569.92603230765,2.247338835971908,353.57753869916746,1.0
Llama2-7B,32,16,2,32,32,128,0.001589,0.0095807782745361,0,0.0111697782745361,0.001589,0.5090219047851562,31432.831965754303,1.083451010549347,340.92228148185865,1.0
Llama2-7B,32,16,2,32,32,256,0.001589,0.0095807782745361,0,0.0111697782745361,0.001589,0.5090219047851562,31432.831965754303,1.084748378531173,341.3305155856428,1.0
Llama2-7B,32,16,2,32,32,384,0.001589,0.0095807782745361,0,0.0111697782745361,0.001589,0.5090219047851562,31432.831965754303,1.086045746512999,341.7387496894269,1.0
Llama2-7B,32,16,2,32,32,512,0.001589,0.0095807782745361,0,0.0111697782745361,0.001589,0.5090219047851562,31432.831965754303,1.087343114494825,342.1469837932111,1.0
Llama2-7B,32,16,2,32,32,640,0.001589,0.0095807782745361,0,0.0111697782745361,0.001589,0.5090219047851562,31432.831965754303,1.088640482476651,342.55521789699526,1.0
Llama2-7B,32,16,2,32,32,768,0.001589,0.0095807782745361,0,0.0111697782745361,0.001589,0.5090219047851562,31432.831965754303,1.089937850458477,342.96345200077934,1.0
Llama2-7B,32,16,2,32,32,896,0.001589,0.0095807782745361,0,0.0111697782745361,0.001589,0.5090219047851562,31432.831965754303,1.091235218440303,343.3716861045636,1.0
Llama2-7B,32,16,2,32,32,1024,0.001589,0.0095807782745361,0,0.0111697782745361,0.001589,0.5090219047851562,31432.831965754303,1.092532586422129,343.77992020834773,1.0
Llama2-7B,32,16,2,32,32,1152,0.001589,0.0095807782745361,0,0.0111697782745361,0.001589,0.5090219047851562,31432.831965754303,1.0938299544039554,344.18815431213187,1.0
Llama2-7B,32,16,2,32,32,1280,0.001589,0.0095807782745361,0,0.0111697782745361,0.001589,0.5090219047851562,31432.831965754303,1.0951273223857814,344.596388415916,1.0
Llama2-7B,32,16,2,32,32,1408,0.001589,0.0095807782745361,0,0.0111697782745361,0.001589,0.5090219047851562,31432.831965754303,1.0964246903676071,345.0046225197002,1.0
Llama2-7B,32,16,2,32,32,1536,0.001589,0.0095807782745361,0,0.0111697782745361,0.001589,0.5090219047851562,31432.831965754303,1.0977220583494331,345.41285662348434,1.0
Llama2-7B,32,16,2,32,32,1664,0.001589,0.0095807782745361,0,0.0111697782745361,0.001589,0.5090219047851562,31432.831965754303,1.0990194263312594,345.8210907272685,1.0
Llama2-7B,32,16,2,32,32,1792,0.001589,0.0095807782745361,0,0.0111697782745361,0.001589,0.5090219047851562,31432.831965754303,1.1003167943130854,346.2293248310527,1.0
Llama2-7B,32,16,2,32,32,1920,0.001589,0.0095807782745361,0,0.0111697782745361,0.001589,0.5090219047851562,31432.831965754303,1.1016141622949114,346.6375589348368,1.0
Llama2-7B,32,16,2,32,32,2048,0.001589,0.0095807782745361,0,0.0111697782745361,0.001589,0.5090219047851562,31432.831965754303,1.1029115302767374,347.045793038621,1.0
Llama2-7B,32,16,2,32,32,2176,0.001589,0.0095807782745361,0,0.0111697782745361,0.001589,0.5090219047851562,31432.831965754303,1.1042088982585634,347.4540271424051,1.0
Llama2-7B,32,16,2,32,32,2304,0.001589,0.0095807782745361,0,0.0111697782745361,0.001589,0.5090219047851562,31432.831965754303,1.1055062662403896,347.86226124618923,1.0
Llama2-7B,32,16,2,32,32,2432,0.001589,0.0095807782745361,0,0.0111697782745361,0.001589,0.5090219047851562,31432.831965754303,1.1068036342222154,348.2704953499735,1.0
Llama2-7B,32,16,2,32,32,2560,0.001589,0.0095807782745361,0,0.0111697782745361,0.001589,0.5090219047851562,31432.831965754303,1.1081010022040416,348.6787294537576,1.0
Llama2-7B,32,16,2,32,32,2688,0.001589,0.0095807782745361,0,0.0111697782745361,0.001589,0.5090219047851562,31432.831965754303,1.1093983701858678,349.08696355754176,1.0
Llama2-7B,32,16,2,32,32,2816,0.001589,0.0095807782745361,0,0.0111697782745361,0.001589,0.5090219047851562,31432.831965754303,1.1106957381676938,349.4951976613259,1.0
Llama2-7B,32,16,2,32,32,2944,0.001589,0.0095807782745361,0,0.0111697782745361,0.001589,0.5090219047851562,31432.831965754303,1.1119931061495196,349.90343176511004,1.0
Llama2-7B,32,16,2,32,32,3072,0.001589,0.0095807782745361,0,0.0111697782745361,0.001589,0.5090219047851562,31432.831965754303,1.113290474131346,350.3116658688942,1.0
Llama2-7B,32,16,2,32,32,3200,0.001589,0.0095807782745361,0,0.0111697782745361,0.001589,0.5090219047851562,31432.831965754303,1.114587842113172,350.7198999726783,1.0
Llama2-7B,32,16,2,32,32,3328,0.001589,0.0095807782745361,0,0.0111697782745361,0.001589,0.5090219047851562,31432.831965754303,1.115885210094998,351.1281340764626,1.0
Llama2-7B,32,16,2,32,32,3456,0.001589,0.0095807782745361,0,0.0111697782745361,0.001589,0.5090219047851562,31432.831965754303,1.117182578076824,351.5363681802467,1.0
Llama2-7B,32,16,2,32,32,3584,0.001589,0.0095807782745361,0,0.0111697782745361,0.001589,0.5090219047851562,31432.831965754303,1.11847994605865,351.9446022840308,1.0
Llama2-7B,32,16,2,32,32,3712,0.001589,0.0095807782745361,0,0.0111697782745361,0.001589,0.5090219047851562,31432.831965754303,1.119777314040476,352.352836387815,1.0
Llama2-7B,32,16,2,32,32,3840,0.001589,0.0095807782745361,0,0.0111697782745361,0.001589,0.5090219047851562,31432.831965754303,1.1210746820223023,352.7610704915991,1.0
Llama2-7B,32,16,2,32,32,3968,0.001589,0.0095807782745361,0,0.0111697782745361,0.001589,0.5090219047851562,31432.831965754303,1.122372050004128,353.1693045953833,1.0
Llama2-7B,32,16,2,32,32,4096,0.001589,0.0095807782745361,0,0.0111697782745361,0.001589,0.5090219047851562,31432.831965754303,1.123669417985954,353.57753869916746,1.0
Llama2-7B,32,32,1,32,32,128,0.001589,0.0008207499313354,0,0.0024097499313354,0.001589,0.2287009978027343,139920.68380742942,0.5334352012746733,335.704972482488,1.0
Llama2-7B,32,32,1,32,32,256,0.001589,0.0008207499313354,0,0.0024097499313354,0.001589,0.2287009978027343,139920.68380742942,0.5340838852655863,336.11320658627216,1.0
Llama2-7B,32,32,1,32,32,384,0.001589,0.0008207499313354,0,0.0024097499313354,0.001589,0.2287009978027343,139920.68380742942,0.5347325692564994,336.5214406900563,1.0
Llama2-7B,32,32,1,32,32,512,0.001589,0.0008207499313354,0,0.0024097499313354,0.001589,0.2287009978027343,139920.68380742942,0.5353812532474124,336.9296747938405,1.0
Llama2-7B,32,32,1,32,32,640,0.001589,0.0008207499313354,0,0.0024097499313354,0.001589,0.2287009978027343,139920.68380742942,0.5360299372383254,337.33790889762463,1.0
Llama2-7B,32,32,1,32,32,768,0.001589,0.0008207499313354,0,0.0024097499313354,0.001589,0.2287009978027343,139920.68380742942,0.5366786212292384,337.7461430014087,1.0
Llama2-7B,32,32,1,32,32,896,0.001589,0.0008207499313354,0,0.0024097499313354,0.001589,0.2287009978027343,139920.68380742942,0.5373273052201514,338.15437710519296,1.0
Llama2-7B,32,32,1,32,32,1024,0.001589,0.0008207499313354,0,0.0024097499313354,0.001589,0.2287009978027343,139920.68380742942,0.5379759892110644,338.5626112089771,1.0
Llama2-7B,32,32,1,32,32,1152,0.001589,0.0008207499313354,0,0.0024097499313354,0.001589,0.2287009978027343,139920.68380742942,0.5386246732019776,338.97084531276124,1.0
Llama2-7B,32,32,1,32,32,1280,0.001589,0.0008207499313354,0,0.0024097499313354,0.001589,0.2287009978027343,139920.68380742942,0.5392733571928906,339.3790794165454,1.0
Llama2-7B,32,32,1,32,32,1408,0.001589,0.0008207499313354,0,0.0024097499313354,0.001589,0.2287009978027343,139920.68380742942,0.5399220411838035,339.7873135203296,1.0
Llama2-7B,32,32,1,32,32,1536,0.001589,0.0008207499313354,0,0.0024097499313354,0.001589,0.2287009978027343,139920.68380742942,0.5405707251747165,340.1955476241137,1.0
Llama2-7B,32,32,1,32,32,1664,0.001589,0.0008207499313354,0,0.0024097499313354,0.001589,0.2287009978027343,139920.68380742942,0.5412194091656296,340.60378172789785,1.0
Llama2-7B,32,32,1,32,32,1792,0.001589,0.0008207499313354,0,0.0024097499313354,0.001589,0.2287009978027343,139920.68380742942,0.5418680931565426,341.01201583168205,1.0
Llama2-7B,32,32,1,32,32,1920,0.001589,0.0008207499313354,0,0.0024097499313354,0.001589,0.2287009978027343,139920.68380742942,0.5425167771474557,341.4202499354662,1.0
Llama2-7B,32,32,1,32,32,2048,0.001589,0.0008207499313354,0,0.0024097499313354,0.001589,0.2287009978027343,139920.68380742942,0.5431654611383686,341.8284840392504,1.0
Llama2-7B,32,32,1,32,32,2176,0.001589,0.0008207499313354,0,0.0024097499313354,0.001589,0.2287009978027343,139920.68380742942,0.5438141451292816,342.23671814303447,1.0
Llama2-7B,32,32,1,32,32,2304,0.001589,0.0008207499313354,0,0.0024097499313354,0.001589,0.2287009978027343,139920.68380742942,0.5444628291201947,342.6449522468186,1.0
Llama2-7B,32,32,1,32,32,2432,0.001589,0.0008207499313354,0,0.0024097499313354,0.001589,0.2287009978027343,139920.68380742942,0.5451115131111076,343.05318635060286,1.0
Llama2-7B,32,32,1,32,32,2560,0.001589,0.0008207499313354,0,0.0024097499313354,0.001589,0.2287009978027343,139920.68380742942,0.5457601971020207,343.46142045438694,1.0
Llama2-7B,32,32,1,32,32,2688,0.001589,0.0008207499313354,0,0.0024097499313354,0.001589,0.2287009978027343,139920.68380742942,0.5464088810929338,343.86965455817113,1.0
Llama2-7B,32,32,1,32,32,2816,0.001589,0.0008207499313354,0,0.0024097499313354,0.001589,0.2287009978027343,139920.68380742942,0.5470575650838468,344.2778886619553,1.0
Llama2-7B,32,32,1,32,32,2944,0.001589,0.0008207499313354,0,0.0024097499313354,0.001589,0.2287009978027343,139920.68380742942,0.5477062490747597,344.6861227657394,1.0
Llama2-7B,32,32,1,32,32,3072,0.001589,0.0008207499313354,0,0.0024097499313354,0.001589,0.2287009978027343,139920.68380742942,0.5483549330656728,345.09435686952355,1.0
Llama2-7B,32,32,1,32,32,3200,0.001589,0.0008207499313354,0,0.0024097499313354,0.001589,0.2287009978027343,139920.68380742942,0.5490036170565858,345.5025909733077,1.0
Llama2-7B,32,32,1,32,32,3328,0.001589,0.0008207499313354,0,0.0024097499313354,0.001589,0.2287009978027343,139920.68380742942,0.549652301047499,345.91082507709194,1.0
Llama2-7B,32,32,1,32,32,3456,0.001589,0.0008207499313354,0,0.0024097499313354,0.001589,0.2287009978027343,139920.68380742942,0.5503009850384118,346.3190591808761,1.0
Llama2-7B,32,32,1,32,32,3584,0.001589,0.0008207499313354,0,0.0024097499313354,0.001589,0.2287009978027343,139920.68380742942,0.550949669029325,346.72729328466016,1.0
Llama2-7B,32,32,1,32,32,3712,0.001589,0.0008207499313354,0,0.0024097499313354,0.001589,0.2287009978027343,139920.68380742942,0.551598353020238,347.1355273884444,1.0
Llama2-7B,32,32,1,32,32,3840,0.001589,0.0008207499313354,0,0.0024097499313354,0.001589,0.2287009978027343,139920.68380742942,0.552247037011151,347.5437614922285,1.0
Llama2-7B,32,32,1,32,32,3968,0.001589,0.0008207499313354,0,0.0024097499313354,0.001589,0.2287009978027343,139920.68380742942,0.552895721002064,347.9519955960127,1.0
Llama2-7B,32,32,1,32,32,4096,0.001589,0.0008207499313354,0,0.0024097499313354,0.001589,0.2287009978027343,139920.68380742942,0.553544404992977,348.36022969979683,1.0
