Model,Device number,Pipeline parallelism,Tensor parallelism,Channels per device,Channels per block,Sequence length,PIM latency,CXL latency,Acc latency,TransformerBlock latency,Embedding latency,Token latency (ms),Throughput (tokens/s),Token energy (mJ),Total power (W),Device utilization
Llama2-13B,8,1,8,32,32,128,0.0040855,0.0047594247860378,0.00290525,0.0117501747860378,0.0040855,0.6240924914415147,1602.3266001650215,17.761122139361053,108.68389511296692,1.0
Llama2-13B,8,1,8,32,32,256,0.0040855,0.0047594247860378,0.00345525,0.0123001747860378,0.0040855,0.6460924914415147,1547.766013762012,17.76923068924747,108.73351296810344,1.0
Llama2-13B,8,1,8,32,32,384,0.0040855,0.0047594247860378,0.00400525,0.0128501747860378,0.0040855,0.6680924914415147,1496.798740908377,17.777339239133873,108.78313082324,1.0
Llama2-13B,8,1,8,32,32,512,0.0040855,0.0047594247860378,0.00455525,0.0134001747860378,0.0040855,0.6900924914415146,1449.0811194179614,17.785447789020292,108.83274867837652,1.0
Llama2-13B,8,1,8,32,32,640,0.0040855,0.0047594247860378,0.00510525,0.0139501747860378,0.0040855,0.7120924914415147,1404.311956689311,17.793556338906704,108.88236653351306,1.0
Llama2-13B,8,1,8,32,32,768,0.0040855,0.0047594247860378,0.00565525,0.0145001747860378,0.0040855,0.7340924914415147,1362.2261658559278,17.801664888793116,108.93198438864958,1.0
Llama2-13B,8,1,8,32,32,896,0.0040855,0.0047594247860378,0.00620525,0.0150501747860378,0.0040855,0.7560924914415147,1322.5895129489618,17.809773438679528,108.98160224378611,1.0
Llama2-13B,8,1,8,32,32,1024,0.0040855,0.0047594247860378,0.00675525,0.0156001747860378,0.0040855,0.7780924914415147,1285.1942551808636,17.817881988565947,109.03122009892267,1.0
Llama2-13B,8,1,8,32,32,1152,0.0040855,0.0047594247860378,0.00730525,0.0161501747860378,0.0040855,0.8000924914415146,1249.8554988290357,17.825990538452352,109.0808379540592,1.0
Llama2-13B,8,1,8,32,32,1280,0.0040855,0.0047594247860378,0.00785525,0.0167001747860378,0.0040855,0.8220924914415147,1216.4081419190798,17.834099088338768,109.13045580919572,1.0
Llama2-13B,8,1,8,32,32,1408,0.0040855,0.0047594247860378,0.00840525,0.0172501747860378,0.0040855,0.8440924914415147,1184.7042950142009,17.84220763822518,109.18007366433228,1.0
Llama2-13B,8,1,8,32,32,1536,0.0040855,0.0047594247860378,0.00895525,0.0178001747860378,0.0040855,0.8660924914415148,1154.6110950986435,17.85031618811159,109.22969151946882,1.0
Llama2-13B,8,1,8,32,32,1664,0.0040855,0.0047594247860378,0.00950525,0.0183501747860378,0.0040855,0.8880924914415147,1126.0088443905677,17.858424737998007,109.27930937460536,1.0
Llama2-13B,8,1,8,32,32,1792,0.0040855,0.0047594247860378,0.01005525,0.0189001747860378,0.0040855,0.9100924914415146,1098.789419101875,17.866533287884423,109.3289272297419,1.0
Llama2-13B,8,1,8,32,32,1920,0.0040855,0.0047594247860378,0.0106052499999999,0.0194501747860378,0.0040855,0.9320924914415146,1072.8549035444582,17.87464183777083,109.3785450848784,1.0
Llama2-13B,8,1,8,32,32,2048,0.0040855,0.0047594247860378,0.01115525,0.0200001747860378,0.0040855,0.9540924914415148,1048.1164132097138,17.882750387657243,109.42816294001496,1.0
Llama2-13B,8,1,8,32,32,2176,0.0040855,0.0047594247860378,0.0117052499999999,0.0205501747860378,0.0040855,0.9760924914415146,1024.4930770066455,17.890858937543655,109.4777807951515,1.0
Llama2-13B,8,1,8,32,32,2304,0.0040855,0.0047594247860378,0.01225525,0.0211001747860378,0.0040855,0.9980924914415148,1001.91115410129,17.898967487430074,109.52739865028802,1.0
Llama2-13B,8,1,8,32,32,2432,0.0040855,0.0047594247860378,0.0128052499999999,0.0216501747860378,0.0040855,1.0200924914415146,980.3032650371522,17.907076037316482,109.57701650542457,1.0
Llama2-13B,8,1,8,32,32,2560,0.0040855,0.0047594247860378,0.01335525,0.0222001747860378,0.0040855,1.0420924914415146,959.6077202482396,17.915184587202898,109.62663436056113,1.0
Llama2-13B,8,1,8,32,32,2688,0.0040855,0.0047594247860378,0.01390525,0.0227501747860378,0.0040855,1.0640924914415144,939.7679318696356,17.923293137089306,109.67625221569764,1.0
Llama2-13B,8,1,8,32,32,2816,0.0040855,0.0047594247860378,0.01445525,0.0233001747860378,0.0040855,1.0860924914415149,920.7318970346176,17.931401686975722,109.72587007083418,1.0
Llama2-13B,8,1,8,32,32,2944,0.0040855,0.0047594247860378,0.01500525,0.0238501747860378,0.0040855,1.108092491441515,902.4517427233015,17.939510236862134,109.77548792597072,1.0
Llama2-13B,8,1,8,32,32,3072,0.0040855,0.0047594247860378,0.01555525,0.0244001747860378,0.0040855,1.1300924914415147,884.8833237750546,17.94761878674855,109.82510578110724,1.0
Llama2-13B,8,1,8,32,32,3200,0.0040855,0.0047594247860378,0.01610525,0.0249501747860378,0.0040855,1.1520924914415147,867.9858669582904,17.955727336634958,109.8747236362438,1.0
Llama2-13B,8,1,8,32,32,3328,0.0040855,0.0047594247860378,0.01665525,0.0255001747860378,0.0040855,1.1740924914415145,851.7216550565201,17.96383588652137,109.92434149138032,1.0
Llama2-13B,8,1,8,32,32,3456,0.0040855,0.0047594247860378,0.01720525,0.0260501747860378,0.0040855,1.1960924914415147,836.0557458184637,17.971944436407785,109.97395934651684,1.0
Llama2-13B,8,1,8,32,32,3584,0.0040855,0.0047594247860378,0.01775525,0.0266001747860378,0.0040855,1.2180924914415148,820.9557213644591,17.9800529862942,110.0235772016534,1.0
Llama2-13B,8,1,8,32,32,3712,0.0040855,0.0047594247860378,0.01830525,0.0271501747860378,0.0040855,1.2400924914415146,806.3914642669718,17.98816153618061,110.07319505678991,1.0
Llama2-13B,8,1,8,32,32,3840,0.0040855,0.0047594247860378,0.01885525,0.0277001747860378,0.0040855,1.2620924914415148,792.3349570504436,17.996270086067025,110.12281291192647,1.0
Llama2-13B,8,1,8,32,32,3968,0.0040855,0.0047594247860378,0.01940525,0.0282501747860378,0.0040855,1.2840924914415146,778.7601023018256,18.00437863595344,110.17243076706302,1.0
Llama2-13B,8,1,8,32,32,4096,0.0040855,0.0047594247860378,0.01995525,0.0288001747860378,0.0040855,1.3060924914415146,765.6425609616016,18.01248718583985,110.22204862219954,1.0
Llama2-13B,8,2,4,32,32,128,0.0040855,0.0045839222208658,0.00290525,0.0115746722208658,0.0040855,0.6170723888346353,3241.110826198327,8.880561069680526,108.68389511296692,1.0
Llama2-13B,8,2,4,32,32,256,0.0040855,0.0045839222208658,0.00345525,0.0121246722208658,0.0040855,0.6390723888346354,3129.53592572987,8.884615344623734,108.73351296810344,1.0
Llama2-13B,8,2,4,32,32,384,0.0040855,0.0045839222208658,0.00400525,0.0126746722208658,0.0040855,0.6610723888346354,3025.387285537185,8.888669619566937,108.78313082324,1.0
Llama2-13B,8,2,4,32,32,512,0.0040855,0.0045839222208658,0.00455525,0.0132246722208658,0.0040855,0.6830723888346354,2927.9473635468216,8.892723894510146,108.83274867837652,1.0
Llama2-13B,8,2,4,32,32,640,0.0040855,0.0045839222208658,0.00510525,0.0137746722208658,0.0040855,0.7050723888346354,2836.5881740251657,8.896778169453352,108.88236653351306,1.0
Llama2-13B,8,2,4,32,32,768,0.0040855,0.0045839222208658,0.00565525,0.0143246722208658,0.0040855,0.7270723888346354,2750.757738449724,8.900832444396558,108.93198438864958,1.0
Llama2-13B,8,2,4,32,32,896,0.0040855,0.0045839222208658,0.00620525,0.0148746722208658,0.0040855,0.7490723888346353,2669.968923980081,8.904886719339764,108.98160224378611,1.0
Llama2-13B,8,2,4,32,32,1024,0.0040855,0.0045839222208658,0.00675525,0.0154246722208658,0.0040855,0.7710723888346354,2593.790192672716,8.908940994282974,109.03122009892267,1.0
Llama2-13B,8,2,4,32,32,1152,0.0040855,0.0045839222208658,0.00730525,0.0159746722208658,0.0040855,0.7930723888346353,2521.8378904085425,8.912995269226176,109.0808379540592,1.0
Llama2-13B,8,2,4,32,32,1280,0.0040855,0.0045839222208658,0.00785525,0.0165246722208658,0.0040855,0.8150723888346354,2453.7697846194205,8.917049544169384,109.13045580919572,1.0
Llama2-13B,8,2,4,32,32,1408,0.0040855,0.0045839222208658,0.00840525,0.0170746722208658,0.0040855,0.8370723888346353,2389.279621066444,8.92110381911259,109.18007366433228,1.0
Llama2-13B,8,2,4,32,32,1536,0.0040855,0.0045839222208658,0.00895525,0.0176246722208658,0.0040855,0.8590723888346353,2328.0925169915854,8.925158094055796,109.22969151946882,1.0
Llama2-13B,8,2,4,32,32,1664,0.0040855,0.0045839222208658,0.00950525,0.0181746722208658,0.0040855,0.8810723888346353,2269.961044455533,8.929212368999004,109.27930937460536,1.0
Llama2-13B,8,2,4,32,32,1792,0.0040855,0.0045839222208658,0.01005525,0.0187246722208658,0.0040855,0.9030723888346354,2214.661886164949,8.933266643942211,109.3289272297419,1.0
Llama2-13B,8,2,4,32,32,1920,0.0040855,0.0045839222208658,0.0106052499999999,0.0192746722208658,0.0040855,0.9250723888346352,2161.9929684848885,8.937320918885415,109.3785450848784,1.0
Llama2-13B,8,2,4,32,32,2048,0.0040855,0.0045839222208658,0.01115525,0.0198246722208658,0.0040855,0.9470723888346352,2111.770994043004,8.941375193828621,109.42816294001496,1.0
Llama2-13B,8,2,4,32,32,2176,0.0040855,0.0045839222208658,0.0117052499999999,0.0203746722208658,0.0040855,0.9690723888346354,2063.829310424492,8.945429468771827,109.4777807951515,1.0
Llama2-13B,8,2,4,32,32,2304,0.0040855,0.0045839222208658,0.01225525,0.0209246722208658,0.0040855,0.9910723888346354,2018.016062733545,8.949483743715037,109.52739865028802,1.0
Llama2-13B,8,2,4,32,32,2432,0.0040855,0.0045839222208658,0.0128052499999999,0.0214746722208658,0.0040855,1.0130723888346351,1974.1925868699807,8.953538018658241,109.57701650542457,1.0
Llama2-13B,8,2,4,32,32,2560,0.0040855,0.0045839222208658,0.01335525,0.0220246722208658,0.0040855,1.0350723888346351,1932.2320077069733,8.957592293601449,109.62663436056113,1.0
Llama2-13B,8,2,4,32,32,2688,0.0040855,0.0045839222208658,0.01390525,0.0225746722208658,0.0040855,1.0570723888346354,1892.018012318807,8.961646568544653,109.67625221569764,1.0
Llama2-13B,8,2,4,32,32,2816,0.0040855,0.0045839222208658,0.01445525,0.0231246722208658,0.0040855,1.0790723888346354,1853.443773276358,8.965700843487861,109.72587007083418,1.0
Llama2-13B,8,2,4,32,32,2944,0.0040855,0.0045839222208658,0.01500525,0.0236746722208658,0.0040855,1.1010723888346352,1816.4110010212687,8.969755118431067,109.77548792597072,1.0
Llama2-13B,8,2,4,32,32,3072,0.0040855,0.0045839222208658,0.01555525,0.0242246722208658,0.0040855,1.1230723888346352,1780.8291076190694,8.973809393374275,109.82510578110724,1.0
Llama2-13B,8,2,4,32,32,3200,0.0040855,0.0045839222208658,0.01610525,0.0247746722208658,0.0040855,1.1450723888346352,1746.6144669119503,8.977863668317479,109.8747236362438,1.0
Llama2-13B,8,2,4,32,32,3328,0.0040855,0.0045839222208658,0.01665525,0.0253246722208658,0.0040855,1.1670723888346353,1713.6897583508712,8.981917943260685,109.92434149138032,1.0
Llama2-13B,8,2,4,32,32,3456,0.0040855,0.0045839222208658,0.01720525,0.0258746722208658,0.0040855,1.1890723888346353,1681.9833836694536,8.985972218203893,109.97395934651684,1.0
Llama2-13B,8,2,4,32,32,3584,0.0040855,0.0045839222208658,0.01775525,0.0264246722208658,0.0040855,1.2110723888346353,1651.4289471371046,8.9900264931471,110.0235772016534,1.0
Llama2-13B,8,2,4,32,32,3712,0.0040855,0.0045839222208658,0.01830525,0.0269746722208658,0.0040855,1.233072388834635,1621.9647914508737,8.994080768090305,110.07319505678991,1.0
Llama2-13B,8,2,4,32,32,3840,0.0040855,0.0045839222208658,0.01885525,0.0275246722208658,0.0040855,1.2550723888346351,1593.5335824390556,8.998135043033512,110.12281291192647,1.0
Llama2-13B,8,2,4,32,32,3968,0.0040855,0.0045839222208658,0.01940525,0.0280746722208658,0.0040855,1.2770723888346354,1566.0819366904143,9.00218931797672,110.17243076706302,1.0
Llama2-13B,8,2,4,32,32,4096,0.0040855,0.0045839222208658,0.01995525,0.0286246722208658,0.0040855,1.2990723888346354,1539.5600870203614,9.006243592919924,110.22204862219954,1.0
Llama2-13B,8,4,2,32,32,128,0.0040855,0.0042163602447509,0.00290525,0.0112071102447509,0.0040855,0.6023699097900391,6640.4379352119895,4.440280534840263,108.68389511296692,1.0
Llama2-13B,8,4,2,32,32,256,0.0040855,0.0042163602447509,0.00345525,0.0117571102447509,0.0040855,0.6243699097900391,6406.458634986278,4.442307672311867,108.73351296810344,1.0
Llama2-13B,8,4,2,32,32,384,0.0040855,0.0042163602447509,0.00400525,0.0123071102447509,0.0040855,0.6463699097900392,6188.406884997668,4.444334809783468,108.78313082324,1.0
Llama2-13B,8,4,2,32,32,512,0.0040855,0.0042163602447509,0.00455525,0.0128571102447509,0.0040855,0.6683699097900391,5984.709876087263,4.446361947255073,108.83274867837652,1.0
Llama2-13B,8,4,2,32,32,640,0.0040855,0.0042163602447509,0.00510525,0.0134071102447509,0.0040855,0.6903699097900391,5793.995281770772,4.448389084726676,108.88236653351306,1.0
Llama2-13B,8,4,2,32,32,768,0.0040855,0.0042163602447509,0.00565525,0.0139571102447509,0.0040855,0.7123699097900391,5615.060300875065,4.450416222198279,108.93198438864958,1.0
Llama2-13B,8,4,2,32,32,896,0.0040855,0.0042163602447509,0.00620525,0.0145071102447509,0.0040855,0.734369909790039,5446.846264634706,4.452443359669882,108.98160224378611,1.0
Llama2-13B,8,4,2,32,32,1024,0.0040855,0.0042163602447509,0.00675525,0.0150571102447509,0.0040855,0.7563699097900392,5288.417675301706,4.454470497141487,109.03122009892267,1.0
Llama2-13B,8,4,2,32,32,1152,0.0040855,0.0042163602447509,0.00730525,0.0156071102447509,0.0040855,0.7783699097900391,5138.944799496396,4.456497634613088,109.0808379540592,1.0
Llama2-13B,8,4,2,32,32,1280,0.0040855,0.0042163602447509,0.00785525,0.0161571102447509,0.0040855,0.8003699097900391,4997.689132327975,4.458524772084692,109.13045580919572,1.0
Llama2-13B,8,4,2,32,32,1408,0.0040855,0.0042163602447509,0.00840525,0.0167071102447509,0.0040855,0.8223699097900391,4863.99119469394,4.460551909556295,109.18007366433228,1.0
Llama2-13B,8,4,2,32,32,1536,0.0040855,0.0042163602447509,0.00895525,0.0172571102447509,0.0040855,0.844369909790039,4737.260238222652,4.462579047027898,109.22969151946882,1.0
Llama2-13B,8,4,2,32,32,1664,0.0040855,0.0042163602447509,0.00950525,0.0178071102447509,0.0040855,0.8663699097900391,4616.965518769439,4.464606184499502,109.27930937460536,1.0
Llama2-13B,8,4,2,32,32,1792,0.0040855,0.0042163602447509,0.01005525,0.0183571102447509,0.0040855,0.8883699097900392,4502.628866555572,4.466633321971106,109.3289272297419,1.0
Llama2-13B,8,4,2,32,32,1920,0.0040855,0.0042163602447509,0.0106052499999999,0.0189071102447509,0.0040855,0.910369909790039,4393.8183336074135,4.468660459442708,109.3785450848784,1.0
Llama2-13B,8,4,2,32,32,2048,0.0040855,0.0042163602447509,0.01115525,0.0194571102447509,0.0040855,0.932369909790039,4290.142740557514,4.470687596914311,109.42816294001496,1.0
Llama2-13B,8,4,2,32,32,2176,0.0040855,0.0042163602447509,0.0117052499999999,0.0200071102447509,0.0040855,0.9543699097900392,4191.246977683944,4.472714734385914,109.4777807951515,1.0
Llama2-13B,8,4,2,32,32,2304,0.0040855,0.0042163602447509,0.01225525,0.0205571102447509,0.0040855,0.9763699097900392,4096.807941224007,4.474741871857519,109.52739865028802,1.0
Llama2-13B,8,4,2,32,32,2432,0.0040855,0.0042163602447509,0.0128052499999999,0.0211071102447509,0.0040855,0.998369909790039,4006.5310069703673,4.476769009329121,109.57701650542457,1.0
Llama2-13B,8,4,2,32,32,2560,0.0040855,0.0042163602447509,0.01335525,0.0216571102447509,0.0040855,1.020369909790039,3920.146960059885,4.4787961468007245,109.62663436056113,1.0
Llama2-13B,8,4,2,32,32,2688,0.0040855,0.0042163602447509,0.01390525,0.0222071102447509,0.0040855,1.042369909790039,3837.409313557129,4.480823284272327,109.67625221569764,1.0
Llama2-13B,8,4,2,32,32,2816,0.0040855,0.0042163602447509,0.01445525,0.0227571102447509,0.0040855,1.0643699097900392,3758.0919595792143,4.48285042174393,109.72587007083418,1.0
Llama2-13B,8,4,2,32,32,2944,0.0040855,0.0042163602447509,0.01500525,0.0233071102447509,0.0040855,1.086369909790039,3681.987105822062,4.484877559215533,109.77548792597072,1.0
Llama2-13B,8,4,2,32,32,3072,0.0040855,0.0042163602447509,0.01555525,0.0238571102447509,0.0040855,1.108369909790039,3608.903457833612,4.486904696687137,109.82510578110724,1.0
Llama2-13B,8,4,2,32,32,3200,0.0040855,0.0042163602447509,0.01610525,0.0244071102447509,0.0040855,1.130369909790039,3538.664613553789,4.488931834158739,109.8747236362438,1.0
Llama2-13B,8,4,2,32,32,3328,0.0040855,0.0042163602447509,0.01665525,0.0249571102447509,0.0040855,1.152369909790039,3471.107641754372,4.490958971630342,109.92434149138032,1.0
Llama2-13B,8,4,2,32,32,3456,0.0040855,0.0042163602447509,0.01720525,0.0255071102447509,0.0040855,1.174369909790039,3406.081820263212,4.492986109101946,109.97395934651684,1.0
Llama2-13B,8,4,2,32,32,3584,0.0040855,0.0042163602447509,0.01775525,0.0260571102447509,0.0040855,1.196369909790039,3343.447513404941,4.49501324657355,110.0235772016534,1.0
Llama2-13B,8,4,2,32,32,3712,0.0040855,0.0042163602447509,0.01830525,0.0266071102447509,0.0040855,1.2183699097900391,3283.075171061404,4.497040384045152,110.07319505678991,1.0
Llama2-13B,8,4,2,32,32,3840,0.0040855,0.0042163602447509,0.01885525,0.0271571102447509,0.0040855,1.2403699097900391,3224.844434251949,4.499067521516756,110.12281291192647,1.0
Llama2-13B,8,4,2,32,32,3968,0.0040855,0.0042163602447509,0.01940525,0.0277071102447509,0.0040855,1.2623699097900392,3168.6433342389246,4.50109465898836,110.17243076706302,1.0
Llama2-13B,8,4,2,32,32,4096,0.0040855,0.0042163602447509,0.01995525,0.0282571102447509,0.0040855,1.284369909790039,3114.3675739444066,4.503121796459962,110.22204862219954,1.0
Llama2-13B,8,8,1,32,32,128,0.0040855,0.0035309068298339,0.00290525,0.0105216568298339,0.0040855,0.5749517731933593,13914.210500764137,2.220140267420132,108.68389511296692,1.0
Llama2-13B,8,8,1,32,32,256,0.0040855,0.0035309068298339,0.00345525,0.0110716568298339,0.0040855,0.5969517731933593,13401.417600628703,2.221153836155933,108.73351296810344,1.0
Llama2-13B,8,8,1,32,32,384,0.0040855,0.0035309068298339,0.00400525,0.0116216568298339,0.0040855,0.6189517731933594,12925.07808601239,2.222167404891734,108.78313082324,1.0
Llama2-13B,8,8,1,32,32,512,0.0040855,0.0035309068298339,0.00455525,0.0121716568298339,0.0040855,0.6409517731933594,12481.438283792058,2.2231809736275365,108.83274867837652,1.0
Llama2-13B,8,8,1,32,32,640,0.0040855,0.0035309068298339,0.00510525,0.0127216568298339,0.0040855,0.6629517731933593,12067.242782178497,2.224194542363338,108.88236653351306,1.0
Llama2-13B,8,8,1,32,32,768,0.0040855,0.0035309068298339,0.00565525,0.0132716568298339,0.0040855,0.6849517731933593,11679.654412313828,2.2252081110991395,108.93198438864958,1.0
Llama2-13B,8,8,1,32,32,896,0.0040855,0.0035309068298339,0.00620525,0.0138216568298339,0.0040855,0.7069517731933593,11316.189170674745,2.226221679834941,108.98160224378611,1.0
Llama2-13B,8,8,1,32,32,1024,0.0040855,0.0035309068298339,0.00675525,0.0143716568298339,0.0040855,0.7289517731933594,10974.662925853048,2.2272352485707434,109.03122009892267,1.0
Llama2-13B,8,8,1,32,32,1152,0.0040855,0.0035309068298339,0.00730525,0.0149216568298339,0.0040855,0.7509517731933594,10653.147493054945,2.228248817306544,109.0808379540592,1.0
Llama2-13B,8,8,1,32,32,1280,0.0040855,0.0035309068298339,0.00785525,0.0154716568298339,0.0040855,0.7729517731933594,10349.934209929994,2.229262386042346,109.13045580919572,1.0
Llama2-13B,8,8,1,32,32,1408,0.0040855,0.0035309068298339,0.00840525,0.0160216568298339,0.0040855,0.7949517731933592,10063.503560553892,2.2302759547781474,109.18007366433228,1.0
Llama2-13B,8,8,1,32,32,1536,0.0040855,0.0035309068298339,0.00895525,0.0165716568298339,0.0040855,0.8169517731933593,9792.499707454002,2.231289523513949,109.22969151946882,1.0
Llama2-13B,8,8,1,32,32,1664,0.0040855,0.0035309068298339,0.00950525,0.0171216568298339,0.0040855,0.8389517731933595,9535.709030745656,2.232303092249751,109.27930937460536,1.0
Llama2-13B,8,8,1,32,32,1792,0.0040855,0.0035309068298339,0.01005525,0.0176716568298339,0.0040855,0.8609517731933594,9292.041957619962,2.233316660985553,109.3289272297419,1.0
Llama2-13B,8,8,1,32,32,1920,0.0040855,0.0035309068298339,0.0106052499999999,0.0182216568298339,0.0040855,0.8829517731933593,9060.517508296643,2.234330229721354,109.3785450848784,1.0
Llama2-13B,8,8,1,32,32,2048,0.0040855,0.0035309068298339,0.01115525,0.0187716568298339,0.0040855,0.9049517731933592,8840.250096168003,2.235343798457156,109.42816294001496,1.0
Llama2-13B,8,8,1,32,32,2176,0.0040855,0.0035309068298339,0.0117052499999999,0.0193216568298339,0.0040855,0.9269517731933592,8630.438207631783,2.236357367192957,109.4777807951515,1.0
Llama2-13B,8,8,1,32,32,2304,0.0040855,0.0035309068298339,0.01225525,0.0198716568298339,0.0040855,0.9489517731933592,8430.35465656895,2.2373709359287592,109.52739865028802,1.0
Llama2-13B,8,8,1,32,32,2432,0.0040855,0.0035309068298339,0.0128052499999999,0.0204216568298339,0.0040855,0.9709517731933592,8239.33816371624,2.2383845046645603,109.57701650542457,1.0
Llama2-13B,8,8,1,32,32,2560,0.0040855,0.0035309068298339,0.01335525,0.0209716568298339,0.0040855,0.9929517731933594,8056.786055451401,2.2393980734003622,109.62663436056113,1.0
Llama2-13B,8,8,1,32,32,2688,0.0040855,0.0035309068298339,0.01390525,0.0215216568298339,0.0040855,1.0149517731933593,7882.147912141155,2.240411642136164,109.67625221569764,1.0
Llama2-13B,8,8,1,32,32,2816,0.0040855,0.0035309068298339,0.01445525,0.0220716568298339,0.0040855,1.0369517731933593,7714.920025030179,2.241425210871965,109.72587007083418,1.0
Llama2-13B,8,8,1,32,32,2944,0.0040855,0.0035309068298339,0.01500525,0.0226216568298339,0.0040855,1.058951773193359,7554.640544087591,2.2424387796077667,109.77548792597072,1.0
Llama2-13B,8,8,1,32,32,3072,0.0040855,0.0035309068298339,0.01555525,0.0231716568298339,0.0040855,1.0809517731933591,7400.885218372245,2.2434523483435687,109.82510578110724,1.0
Llama2-13B,8,8,1,32,32,3200,0.0040855,0.0035309068298339,0.01610525,0.0237216568298339,0.0040855,1.1029517731933594,7253.263646186199,2.2444659170793697,109.8747236362438,1.0
Llama2-13B,8,8,1,32,32,3328,0.0040855,0.0035309068298339,0.01665525,0.0242716568298339,0.0040855,1.1249517731933592,7111.415965229065,2.245479485815171,109.92434149138032,1.0
Llama2-13B,8,8,1,32,32,3456,0.0040855,0.0035309068298339,0.01720525,0.0248216568298339,0.0040855,1.1469517731933592,6975.009923674723,2.246493054550973,109.97395934651684,1.0
Llama2-13B,8,8,1,32,32,3584,0.0040855,0.0035309068298339,0.01775525,0.0253716568298339,0.0040855,1.1689517731933594,6843.738281987018,2.247506623286775,110.0235772016534,1.0
Llama2-13B,8,8,1,32,32,3712,0.0040855,0.0035309068298339,0.01830525,0.0259216568298339,0.0040855,1.1909517731933594,6717.316502707069,2.248520192022576,110.07319505678991,1.0
Llama2-13B,8,8,1,32,32,3840,0.0040855,0.0035309068298339,0.01885525,0.0264716568298339,0.0040855,1.2129517731933597,6595.480691650468,2.249533760758378,110.12281291192647,1.0
Llama2-13B,8,8,1,32,32,3968,0.0040855,0.0035309068298339,0.01940525,0.0270216568298339,0.0040855,1.2349517731933592,6477.985759163262,2.25054732949418,110.17243076706302,1.0
Llama2-13B,8,8,1,32,32,4096,0.0040855,0.0035309068298339,0.01995525,0.0275716568298339,0.0040855,1.2569517731933593,6364.603774475399,2.251560898229981,110.22204862219954,1.0
Llama2-13B,20,1,20,32,32,128,0.0040855,0.0094062218148367,0.00290525,0.0163969718148367,0.0040855,0.8099643725934711,1234.6222054163234,44.40280534840262,271.70973778241733,1.0
Llama2-13B,20,1,20,32,32,256,0.0040855,0.0094062218148367,0.00345525,0.0169469718148367,0.0040855,0.831964372593471,1201.9745471584486,44.423076723118655,271.8337824202586,1.0
Llama2-13B,20,1,20,32,32,384,0.0040855,0.0094062218148367,0.00400525,0.0174969718148367,0.0040855,0.853964372593471,1171.009039830341,44.443348097834686,271.95782705809995,1.0
Llama2-13B,20,1,20,32,32,512,0.0040855,0.0094062218148367,0.00455525,0.0180469718148367,0.0040855,0.875964372593471,1141.5989408784928,44.46361947255071,272.0818716959413,1.0
Llama2-13B,20,1,20,32,32,640,0.0040855,0.0094062218148367,0.00510525,0.0185969718148367,0.0040855,0.8979643725934711,1113.629928447866,44.48389084726676,272.2059163337827,1.0
Llama2-13B,20,1,20,32,32,768,0.0040855,0.0094062218148367,0.00565525,0.0191469718148367,0.0040855,0.9199643725934712,1086.9986162408666,44.50416222198279,272.329960971624,1.0
Llama2-13B,20,1,20,32,32,896,0.0040855,0.0094062218148367,0.00620525,0.0196969718148367,0.0040855,0.941964372593471,1061.6112764931247,44.52443359669881,272.4540056094653,1.0
Llama2-13B,20,1,20,32,32,1024,0.0040855,0.0094062218148367,0.00675525,0.0202469718148367,0.0040855,0.9639643725934712,1037.3827378179733,44.544704971414845,272.5780502473067,1.0
Llama2-13B,20,1,20,32,32,1152,0.0040855,0.0094062218148367,0.00730525,0.0207969718148367,0.0040855,0.985964372593471,1014.2354306064932,44.56497634613088,272.70209488514803,1.0
Llama2-13B,20,1,20,32,32,1280,0.0040855,0.0094062218148367,0.00785525,0.0213469718148367,0.0040855,1.007964372593471,992.0985574391098,44.58524772084691,272.82613952298937,1.0
Llama2-13B,20,1,20,32,32,1408,0.0040855,0.0094062218148367,0.00840525,0.0218969718148367,0.0040855,1.0299643725934708,970.9073698170548,44.60551909556295,272.9501841608307,1.0
Llama2-13B,20,1,20,32,32,1536,0.0040855,0.0094062218148367,0.00895525,0.0224469718148367,0.0040855,1.051964372593471,950.6025356492252,44.625790470278965,273.0742287986721,1.0
Llama2-13B,20,1,20,32,32,1664,0.0040855,0.0094062218148367,0.00950525,0.0229969718148367,0.0040855,1.0739643725934709,931.129584480668,44.646061844995,273.1982734365134,1.0
Llama2-13B,20,1,20,32,32,1792,0.0040855,0.0094062218148367,0.01005525,0.0235469718148367,0.0040855,1.095964372593471,912.4384195387826,44.66633321971105,273.3223180743548,1.0
Llama2-13B,20,1,20,32,32,1920,0.0040855,0.0094062218148367,0.0106052499999999,0.0240969718148367,0.0040855,1.117964372593471,894.4828873930791,44.686604594427074,273.4463627121961,1.0
Llama2-13B,20,1,20,32,32,2048,0.0040855,0.0094062218148367,0.01115525,0.0246469718148367,0.0040855,1.139964372593471,877.2203974453644,44.70687596914311,273.57040735003744,1.0
Llama2-13B,20,1,20,32,32,2176,0.0040855,0.0094062218148367,0.0117052499999999,0.0251969718148367,0.0040855,1.1619643725934707,860.6115846461188,44.72714734385914,273.6944519878788,1.0
Llama2-13B,20,1,20,32,32,2304,0.0040855,0.0094062218148367,0.01225525,0.0257469718148367,0.0040855,1.1839643725934708,844.6200098145713,44.74741871857517,273.8184966257201,1.0
Llama2-13B,20,1,20,32,32,2432,0.0040855,0.0094062218148367,0.0128052499999999,0.0262969718148367,0.0040855,1.205964372593471,829.2118927605324,44.7676900932912,273.9425412635615,1.0
Llama2-13B,20,1,20,32,32,2560,0.0040855,0.0094062218148367,0.01335525,0.0268469718148367,0.0040855,1.227964372593471,814.355874094288,44.78796146800723,274.06658590140273,1.0
Llama2-13B,20,1,20,32,32,2688,0.0040855,0.0094062218148367,0.01390525,0.0273969718148367,0.0040855,1.2499643725934708,800.022802190085,44.80823284272326,274.19063053924407,1.0
Llama2-13B,20,1,20,32,32,2816,0.0040855,0.0094062218148367,0.01445525,0.0279469718148367,0.0040855,1.2719643725934708,786.1855422577999,44.828504217439296,274.3146751770854,1.0
Llama2-13B,20,1,20,32,32,2944,0.0040855,0.0094062218148367,0.01500525,0.0284969718148367,0.0040855,1.293964372593471,772.8188048916036,44.84877559215533,274.4387198149268,1.0
Llama2-13B,20,1,20,32,32,3072,0.0040855,0.0094062218148367,0.01555525,0.0290469718148367,0.0040855,1.315964372593471,759.8989918163392,44.869046966871366,274.5627644527681,1.0
Llama2-13B,20,1,20,32,32,3200,0.0040855,0.0094062218148367,0.01610525,0.0295969718148367,0.0040855,1.337964372593471,747.4040568521488,44.8893183415874,274.6868090906094,1.0
Llama2-13B,20,1,20,32,32,3328,0.0040855,0.0094062218148367,0.01665525,0.0301469718148367,0.0040855,1.359964372593471,735.3133803740653,44.90958971630342,274.8108537284508,1.0
Llama2-13B,20,1,20,32,32,3456,0.0040855,0.0094062218148367,0.01720525,0.0306969718148367,0.0040855,1.381964372593471,723.6076557627492,44.929861091019454,274.93489836629215,1.0
Llama2-13B,20,1,20,32,32,3584,0.0040855,0.0094062218148367,0.01775525,0.0312469718148367,0.0040855,1.403964372593471,712.2687865310653,44.950132465735486,275.0589430041335,1.0
Llama2-13B,20,1,20,32,32,3712,0.0040855,0.0094062218148367,0.01830525,0.0317969718148367,0.0040855,1.4259643725934708,701.2797929735449,44.97040384045152,275.1829876419748,1.0
Llama2-13B,20,1,20,32,32,3840,0.0040855,0.0094062218148367,0.01885525,0.0323469718148367,0.0040855,1.4479643725934712,690.6247273259111,44.99067521516755,275.3070322798162,1.0
Llama2-13B,20,1,20,32,32,3968,0.0040855,0.0094062218148367,0.01940525,0.0328969718148367,0.0040855,1.469964372593471,680.2885965431198,45.01094658988358,275.43107691765755,1.0
Llama2-13B,20,1,20,32,32,4096,0.0040855,0.0094062218148367,0.01995525,0.0334469718148367,0.0040855,1.4919643725934708,670.2572919095295,45.03121796459962,275.55512155549883,1.0
Llama2-13B,20,2,10,32,32,128,0.0040855,0.0091337434387207,0.00290525,0.0161244934387207,0.0040855,0.7990652375488281,2502.924549859156,22.20140267420131,271.70973778241733,1.0
Llama2-13B,20,2,10,32,32,256,0.0040855,0.0091337434387207,0.00345525,0.0166744934387207,0.0040855,0.821065237548828,2435.8600371034,22.211538361559327,271.8337824202586,1.0
Llama2-13B,20,2,10,32,32,384,0.0040855,0.0091337434387207,0.00400525,0.0172244934387207,0.0040855,0.843065237548828,2372.29565509652,22.221674048917343,271.95782705809995,1.0
Llama2-13B,20,2,10,32,32,512,0.0040855,0.0091337434387207,0.00455525,0.0177744934387207,0.0040855,0.865065237548828,2311.9643619792446,22.23180973627536,272.0818716959413,1.0
Llama2-13B,20,2,10,32,32,640,0.0040855,0.0091337434387207,0.00510525,0.0183244934387207,0.0040855,0.887065237548828,2254.6256073865266,22.24194542363338,272.2059163337827,1.0
Llama2-13B,20,2,10,32,32,768,0.0040855,0.0091337434387207,0.00565525,0.0188744934387207,0.0040855,0.909065237548828,2200.0621268862183,22.252081110991394,272.329960971624,1.0
Llama2-13B,20,2,10,32,32,896,0.0040855,0.0091337434387207,0.00620525,0.0194244934387207,0.0040855,0.931065237548828,2148.0771908801007,22.262216798349407,272.4540056094653,1.0
Llama2-13B,20,2,10,32,32,1024,0.0040855,0.0091337434387207,0.00675525,0.0199744934387207,0.0040855,0.953065237548828,2098.4922345334567,22.272352485707422,272.5780502473067,1.0
Llama2-13B,20,2,10,32,32,1152,0.0040855,0.0091337434387207,0.00730525,0.0205244934387207,0.0040855,0.975065237548828,2051.144808554255,22.28248817306544,272.70209488514803,1.0
Llama2-13B,20,2,10,32,32,1280,0.0040855,0.0091337434387207,0.00785525,0.0210744934387207,0.0040855,0.997065237548828,2005.886801265656,22.29262386042345,272.82613952298937,1.0
Llama2-13B,20,2,10,32,32,1408,0.0040855,0.0091337434387207,0.00840525,0.0216244934387207,0.0040855,1.0190652375488278,1962.5828909743093,22.30275954778148,272.9501841608307,1.0
Llama2-13B,20,2,10,32,32,1536,0.0040855,0.0091337434387207,0.00895525,0.0221744934387207,0.0040855,1.041065237548828,1921.109194567834,22.31289523513948,273.0742287986721,1.0
Llama2-13B,20,2,10,32,32,1664,0.0040855,0.0091337434387207,0.00950525,0.0227244934387207,0.0040855,1.063065237548828,1881.352083914923,22.3230309224975,273.1982734365134,1.0
Llama2-13B,20,2,10,32,32,1792,0.0040855,0.0091337434387207,0.01005525,0.0232744934387207,0.0040855,1.085065237548828,1843.207146252347,22.333166609855525,273.3223180743548,1.0
Llama2-13B,20,2,10,32,32,1920,0.0040855,0.0091337434387207,0.0106052499999999,0.0238244934387207,0.0040855,1.107065237548828,1806.5782685293543,22.343302297213537,273.4463627121961,1.0
Llama2-13B,20,2,10,32,32,2048,0.0040855,0.0091337434387207,0.01115525,0.0243744934387207,0.0040855,1.129065237548828,1771.3768288021597,22.35343798457156,273.57040735003744,1.0
Llama2-13B,20,2,10,32,32,2176,0.0040855,0.0091337434387207,0.0117052499999999,0.0249244934387206,0.0040855,1.1510652375488275,1737.5209803563898,22.36357367192957,273.6944519878788,1.0
Llama2-13B,20,2,10,32,32,2304,0.0040855,0.0091337434387207,0.01225525,0.0254744934387207,0.0040855,1.173065237548828,1704.9350163841605,22.373709359287584,273.8184966257201,1.0
Llama2-13B,20,2,10,32,32,2432,0.0040855,0.0091337434387207,0.0128052499999999,0.0260244934387207,0.0040855,1.195065237548828,1673.548804835254,22.3838450466456,273.9425412635615,1.0
Llama2-13B,20,2,10,32,32,2560,0.0040855,0.0091337434387207,0.01335525,0.0265744934387207,0.0040855,1.217065237548828,1643.2972845629904,22.393980734003616,274.06658590140273,1.0
Llama2-13B,20,2,10,32,32,2688,0.0040855,0.0091337434387207,0.01390525,0.0271244934387206,0.0040855,1.2390652375488278,1614.120015146649,22.40411642136163,274.19063053924407,1.0
Llama2-13B,20,2,10,32,32,2816,0.0040855,0.0091337434387207,0.01445525,0.0276744934387207,0.0040855,1.2610652375488278,1585.9607738355098,22.414252108719648,274.3146751770854,1.0
Llama2-13B,20,2,10,32,32,2944,0.0040855,0.0091337434387207,0.01500525,0.0282244934387207,0.0040855,1.2830652375488278,1558.7671939587474,22.424387796077664,274.4387198149268,1.0
Llama2-13B,20,2,10,32,32,3072,0.0040855,0.0091337434387207,0.01555525,0.0287744934387207,0.0040855,1.305065237548828,1532.490439908121,22.434523483435683,274.5627644527681,1.0
Llama2-13B,20,2,10,32,32,3200,0.0040855,0.0091337434387207,0.01610525,0.0293244934387207,0.0040855,1.327065237548828,1507.084914449364,22.4446591707937,274.6868090906094,1.0
Llama2-13B,20,2,10,32,32,3328,0.0040855,0.0091337434387207,0.01665525,0.0298744934387207,0.0040855,1.349065237548828,1482.5079946718383,22.45479485815171,274.8108537284508,1.0
Llama2-13B,20,2,10,32,32,3456,0.0040855,0.0091337434387207,0.01720525,0.0304244934387207,0.0040855,1.371065237548828,1458.7197933597772,22.464930545509727,274.93489836629215,1.0
Llama2-13B,20,2,10,32,32,3584,0.0040855,0.0091337434387207,0.01775525,0.0309744934387207,0.0040855,1.3930652375488282,1435.6829429748068,22.475066232867743,275.0589430041335,1.0
Llama2-13B,20,2,10,32,32,3712,0.0040855,0.0091337434387207,0.01830525,0.0315244934387207,0.0040855,1.415065237548828,1413.362399788998,22.48520192022576,275.1829876419748,1.0
Llama2-13B,20,2,10,32,32,3840,0.0040855,0.0091337434387207,0.01885525,0.0320744934387207,0.0040855,1.4370652375488282,1391.725266009049,22.49533760758377,275.3070322798162,1.0
Llama2-13B,20,2,10,32,32,3968,0.0040855,0.0091337434387207,0.01940525,0.0326244934387207,0.0040855,1.459065237548828,1370.740627992701,22.50547329494179,275.43107691765755,1.0
Llama2-13B,20,2,10,32,32,4096,0.0040855,0.0091337434387207,0.01995525,0.0331744934387207,0.0040855,1.4810652375488278,1350.3794088841166,22.51560898229981,275.55512155549883,1.0
Llama2-13B,20,4,5,32,32,128,0.0040855,0.0085462119402204,0.00290525,0.0155369619402204,0.0040855,0.7755639776088169,5157.53711554863,11.100701337100656,271.70973778241733,1.0
Llama2-13B,20,4,5,32,32,256,0.0040855,0.0085462119402204,0.00345525,0.0160869619402204,0.0040855,0.7975639776088169,5015.271642523817,11.105769180779664,271.8337824202586,1.0
Llama2-13B,20,4,5,32,32,384,0.0040855,0.0085462119402204,0.00400525,0.0166369619402204,0.0040855,0.8195639776088168,4880.643987880621,11.110837024458672,271.95782705809995,1.0
Llama2-13B,20,4,5,32,32,512,0.0040855,0.0085462119402204,0.00455525,0.0171869619402204,0.0040855,0.841563977608817,4753.055152580823,11.115904868137678,272.0818716959413,1.0
Llama2-13B,20,4,5,32,32,640,0.0040855,0.0085462119402204,0.00510525,0.0177369619402204,0.0040855,0.863563977608817,4631.967177551664,11.12097271181669,272.2059163337827,1.0
Llama2-13B,20,4,5,32,32,768,0.0040855,0.0085462119402204,0.00565525,0.0182869619402204,0.0040855,0.8855639776088169,4516.89556162924,11.126040555495695,272.329960971624,1.0
Llama2-13B,20,4,5,32,32,896,0.0040855,0.0085462119402204,0.00620525,0.0188369619402204,0.0040855,0.9075639776088168,4407.402782268758,11.131108399174703,272.4540056094653,1.0
Llama2-13B,20,4,5,32,32,1024,0.0040855,0.0085462119402204,0.00675525,0.0193869619402204,0.0040855,0.9295639776088168,4303.092736327286,11.136176242853711,272.5780502473067,1.0
Llama2-13B,20,4,5,32,32,1152,0.0040855,0.0085462119402204,0.00730525,0.0199369619402204,0.0040855,0.9515639776088168,4203.605952015535,11.14124408653272,272.70209488514803,1.0
Llama2-13B,20,4,5,32,32,1280,0.0040855,0.0085462119402204,0.00785525,0.0204869619402204,0.0040855,0.973563977608817,4108.615450033855,11.146311930211729,272.82613952298937,1.0
Llama2-13B,20,4,5,32,32,1408,0.0040855,0.0085462119402204,0.00840525,0.0210369619402204,0.0040855,0.9955639776088168,4017.8231534726174,11.151379773890737,272.9501841608307,1.0
Llama2-13B,20,4,5,32,32,1536,0.0040855,0.0085462119402204,0.00895525,0.0215869619402204,0.0040855,1.0175639776088168,3930.95676342596,11.15644761756974,273.0742287986721,1.0
Llama2-13B,20,4,5,32,32,1664,0.0040855,0.0085462119402204,0.00950525,0.0221369619402204,0.0040855,1.0395639776088168,3847.767031328573,11.16151546124875,273.1982734365134,1.0
Llama2-13B,20,4,5,32,32,1792,0.0040855,0.0085462119402204,0.01005525,0.0226869619402204,0.0040855,1.0615639776088168,3768.025370463341,11.166583304927762,273.3223180743548,1.0
Llama2-13B,20,4,5,32,32,1920,0.0040855,0.0085462119402204,0.0106052499999999,0.0232369619402204,0.0040855,1.0835639776088168,3691.521758435625,11.171651148606768,273.4463627121961,1.0
Llama2-13B,20,4,5,32,32,2048,0.0040855,0.0085462119402204,0.01115525,0.0237869619402204,0.0040855,1.1055639776088169,3618.062890083893,11.176718992285778,273.57040735003744,1.0
Llama2-13B,20,4,5,32,32,2176,0.0040855,0.0085462119402204,0.0117052499999999,0.0243369619402204,0.0040855,1.1275639776088169,3547.470546622687,11.181786835964784,273.6944519878788,1.0
Llama2-13B,20,4,5,32,32,2304,0.0040855,0.0085462119402204,0.01225525,0.0248869619402204,0.0040855,1.149563977608817,3479.5801520506184,11.186854679643792,273.8184966257201,1.0
Llama2-13B,20,4,5,32,32,2432,0.0040855,0.0085462119402204,0.0128052499999999,0.0254369619402204,0.0040855,1.171563977608817,3414.2394922077337,11.1919225233228,273.9425412635615,1.0
Llama2-13B,20,4,5,32,32,2560,0.0040855,0.0085462119402204,0.01335525,0.0259869619402204,0.0040855,1.193563977608817,3351.307575496364,11.196990367001808,274.06658590140273,1.0
Llama2-13B,20,4,5,32,32,2688,0.0040855,0.0085462119402204,0.01390525,0.0265369619402204,0.0040855,1.2155639776088167,3290.653617318075,11.202058210680814,274.19063053924407,1.0
Llama2-13B,20,4,5,32,32,2816,0.0040855,0.0085462119402204,0.01445525,0.0270869619402204,0.0040855,1.2375639776088168,3232.1561328317566,11.207126054359824,274.3146751770854,1.0
Llama2-13B,20,4,5,32,32,2944,0.0040855,0.0085462119402204,0.01500525,0.0276369619402204,0.0040855,1.2595639776088168,3175.702124788997,11.212193898038832,274.4387198149268,1.0
Llama2-13B,20,4,5,32,32,3072,0.0040855,0.0085462119402204,0.01555525,0.0281869619402204,0.0040855,1.2815639776088168,3121.18635502172,11.217261741717842,274.5627644527681,1.0
Llama2-13B,20,4,5,32,32,3200,0.0040855,0.0085462119402204,0.01610525,0.0287369619402204,0.0040855,1.3035639776088168,3068.510689699612,11.22232958539685,274.6868090906094,1.0
Llama2-13B,20,4,5,32,32,3328,0.0040855,0.0085462119402204,0.01665525,0.0292869619402204,0.0040855,1.3255639776088168,3017.5835097869776,11.227397429075856,274.8108537284508,1.0
Llama2-13B,20,4,5,32,32,3456,0.0040855,0.0085462119402204,0.01720525,0.0298369619402204,0.0040855,1.3475639776088169,2968.31917924802,11.232465272754864,274.93489836629215,1.0
Llama2-13B,20,4,5,32,32,3584,0.0040855,0.0085462119402204,0.01775525,0.0303869619402204,0.0040855,1.3695639776088169,2920.637564507048,11.237533116433871,275.0589430041335,1.0
Llama2-13B,20,4,5,32,32,3712,0.0040855,0.0085462119402204,0.01830525,0.0309369619402204,0.0040855,1.391563977608817,2874.463599491393,11.24260096011288,275.1829876419748,1.0
Llama2-13B,20,4,5,32,32,3840,0.0040855,0.0085462119402204,0.01885525,0.0314869619402204,0.0040855,1.413563977608817,2829.726891291044,11.247668803791887,275.3070322798162,1.0
Llama2-13B,20,4,5,32,32,3968,0.0040855,0.0085462119402204,0.01940525,0.0320369619402204,0.0040855,1.435563977608817,2786.3613620778506,11.252736647470895,275.43107691765755,1.0
Llama2-13B,20,4,5,32,32,4096,0.0040855,0.0085462119402204,0.01995525,0.0325869619402204,0.0040855,1.457563977608817,2744.304923453265,11.257804491149903,275.55512155549883,1.0
Llama2-13B,20,5,4,32,32,128,0.0040855,0.0083929428536551,0.00290525,0.0153836928536551,0.0040855,0.7694332141462052,6498.289790554734,8.880561069680526,271.70973778241733,1.0
Llama2-13B,20,5,4,32,32,256,0.0040855,0.0083929428536551,0.00345525,0.0159336928536551,0.0040855,0.7914332141462053,6317.652469758903,8.884615344623734,271.8337824202586,1.0
Llama2-13B,20,5,4,32,32,384,0.0040855,0.0083929428536551,0.00400525,0.0164836928536551,0.0040855,0.8134332141462054,6146.786131972854,8.888669619566937,271.95782705809995,1.0
Llama2-13B,20,5,4,32,32,512,0.0040855,0.0083929428536551,0.00455525,0.0170336928536551,0.0040855,0.8354332141462053,5984.918860461985,8.892723894510146,272.0818716959413,1.0
Llama2-13B,20,5,4,32,32,640,0.0040855,0.0083929428536551,0.00510525,0.0175836928536551,0.0040855,0.8574332141462052,5831.357961772897,8.896778169453352,272.2059163337827,1.0
Llama2-13B,20,5,4,32,32,768,0.0040855,0.0083929428536551,0.00565525,0.0181336928536551,0.0040855,0.8794332141462052,5685.480056440936,8.900832444396558,272.329960971624,1.0
Llama2-13B,20,5,4,32,32,896,0.0040855,0.0083929428536551,0.00620525,0.0186836928536551,0.0040855,0.9014332141462053,5546.72262074985,8.904886719339764,272.4540056094653,1.0
Llama2-13B,20,5,4,32,32,1024,0.0040855,0.0083929428536551,0.00675525,0.0192336928536551,0.0040855,0.9234332141462052,5414.576737553172,8.908940994282974,272.5780502473067,1.0
Llama2-13B,20,5,4,32,32,1152,0.0040855,0.0083929428536551,0.00730525,0.0197836928536551,0.0040855,0.9454332141462052,5288.580859215277,8.912995269226176,272.70209488514803,1.0
Llama2-13B,20,5,4,32,32,1280,0.0040855,0.0083929428536551,0.00785525,0.0203336928536551,0.0040855,0.9674332141462052,5168.315421558769,8.917049544169384,272.82613952298937,1.0
Llama2-13B,20,5,4,32,32,1408,0.0040855,0.0083929428536551,0.00840525,0.0208836928536551,0.0040855,0.9894332141462052,5053.398176363591,8.92110381911259,272.9501841608307,1.0
Llama2-13B,20,5,4,32,32,1536,0.0040855,0.0083929428536551,0.00895525,0.0214336928536551,0.0040855,1.011433214146205,4943.480133011766,8.925158094055796,273.0742287986721,1.0
Llama2-13B,20,5,4,32,32,1664,0.0040855,0.0083929428536551,0.00950525,0.0219836928536551,0.0040855,1.0334332141462053,4838.242018504181,8.929212368999004,273.1982734365134,1.0
Llama2-13B,20,5,4,32,32,1792,0.0040855,0.0083929428536551,0.01005525,0.0225336928536551,0.0040855,1.0554332141462053,4737.391180212913,8.933266643942211,273.3223180743548,1.0
Llama2-13B,20,5,4,32,32,1920,0.0040855,0.0083929428536551,0.0106052499999999,0.0230836928536551,0.0040855,1.077433214146205,4640.658868087867,8.937320918885415,273.4463627121961,1.0
Llama2-13B,20,5,4,32,32,2048,0.0040855,0.0083929428536551,0.01115525,0.0236336928536551,0.0040855,1.099433214146205,4547.797843166751,8.941375193828621,273.57040735003744,1.0
Llama2-13B,20,5,4,32,32,2176,0.0040855,0.0083929428536551,0.0117052499999999,0.0241836928536551,0.0040855,1.1214332141462051,4458.580267579031,8.945429468771827,273.6944519878788,1.0
Llama2-13B,20,5,4,32,32,2304,0.0040855,0.0083929428536551,0.01225525,0.0247336928536551,0.0040855,1.1434332141462054,4372.79583813163,8.949483743715037,273.8184966257201,1.0
Llama2-13B,20,5,4,32,32,2432,0.0040855,0.0083929428536551,0.0128052499999999,0.0252836928536551,0.0040855,1.165433214146205,4290.2501312895865,8.953538018658241,273.9425412635615,1.0
Llama2-13B,20,5,4,32,32,2560,0.0040855,0.0083929428536551,0.01335525,0.0258336928536551,0.0040855,1.1874332141462052,4210.763132135501,8.957592293601449,274.06658590140273,1.0
Llama2-13B,20,5,4,32,32,2688,0.0040855,0.0083929428536551,0.01390525,0.0263836928536551,0.0040855,1.2094332141462052,4134.167923881379,8.961646568544653,274.19063053924407,1.0
Llama2-13B,20,5,4,32,32,2816,0.0040855,0.0083929428536551,0.01445525,0.0269336928536551,0.0040855,1.2314332141462052,4060.309517854503,8.965700843487861,274.3146751770854,1.0
Llama2-13B,20,5,4,32,32,2944,0.0040855,0.0083929428536551,0.01500525,0.0274836928536551,0.0040855,1.253433214146205,3989.043806698409,8.969755118431067,274.4387198149268,1.0
Llama2-13B,20,5,4,32,32,3072,0.0040855,0.0083929428536551,0.01555525,0.0280336928536551,0.0040855,1.2754332141462053,3920.236625911516,8.973809393374275,274.5627644527681,1.0
Llama2-13B,20,5,4,32,32,3200,0.0040855,0.0083929428536551,0.01610525,0.0285836928536551,0.0040855,1.2974332141462053,3853.76291086422,8.977863668317479,274.6868090906094,1.0
Llama2-13B,20,5,4,32,32,3328,0.0040855,0.0083929428536551,0.01665525,0.0291336928536551,0.0040855,1.319433214146205,3789.5059381504666,8.981917943260685,274.8108537284508,1.0
Llama2-13B,20,5,4,32,32,3456,0.0040855,0.0083929428536551,0.01720525,0.0296836928536551,0.0040855,1.3414332141462053,3727.356641592028,8.985972218203893,274.93489836629215,1.0
Llama2-13B,20,5,4,32,32,3584,0.0040855,0.0083929428536551,0.01775525,0.0302336928536551,0.0040855,1.363433214146205,3667.212994463426,8.9900264931471,275.0589430041335,1.0
Llama2-13B,20,5,4,32,32,3712,0.0040855,0.0083929428536551,0.01830525,0.0307836928536551,0.0040855,1.3854332141462051,3608.97945057664,8.994080768090305,275.1829876419748,1.0
Llama2-13B,20,5,4,32,32,3840,0.0040855,0.0083929428536551,0.01885525,0.0313336928536551,0.0040855,1.4074332141462054,3552.566437785229,8.998135043033512,275.3070322798162,1.0
Llama2-13B,20,5,4,32,32,3968,0.0040855,0.0083929428536551,0.01940525,0.0318836928536551,0.0040855,1.4294332141462054,3497.889898260465,9.00218931797672,275.43107691765755,1.0
Llama2-13B,20,5,4,32,32,4096,0.0040855,0.0083929428536551,0.01995525,0.0324336928536551,0.0040855,1.4514332141462052,3444.870870576855,9.006243592919924,275.55512155549883,1.0
Llama2-13B,20,10,2,32,32,128,0.0040855,0.0074477834865025,0.00290525,0.0144385334865025,0.0040855,0.7316268394601004,13668.169974982657,4.440280534840263,271.70973778241733,1.0
Llama2-13B,20,10,2,32,32,256,0.0040855,0.0074477834865025,0.00345525,0.0149885334865025,0.0040855,0.7536268394601003,13269.166484521727,4.442307672311867,271.8337824202586,1.0
Llama2-13B,20,10,2,32,32,384,0.0040855,0.0074477834865025,0.00400525,0.0155385334865025,0.0040855,0.7756268394601004,12892.797787865124,4.444334809783468,271.95782705809995,1.0
Llama2-13B,20,10,2,32,32,512,0.0040855,0.0074477834865025,0.00455525,0.0160885334865025,0.0040855,0.7976268394601004,12537.190958580111,4.446361947255073,272.0818716959413,1.0
Llama2-13B,20,10,2,32,32,640,0.0040855,0.0074477834865025,0.00510525,0.0166385334865025,0.0040855,0.8196268394601004,12200.674158727086,4.448389084726676,272.2059163337827,1.0
Llama2-13B,20,10,2,32,32,768,0.0040855,0.0074477834865025,0.00565525,0.0171885334865025,0.0040855,0.8416268394601004,11881.750356743558,4.450416222198279,272.329960971624,1.0
Llama2-13B,20,10,2,32,32,896,0.0040855,0.0074477834865025,0.00620525,0.0177385334865025,0.0040855,0.8636268394601003,11579.075062386364,4.452443359669882,272.4540056094653,1.0
Llama2-13B,20,10,2,32,32,1024,0.0040855,0.0074477834865025,0.00675525,0.0182885334865025,0.0040855,0.8856268394601005,11291.437380213363,4.454470497141487,272.5780502473067,1.0
Llama2-13B,20,10,2,32,32,1152,0.0040855,0.0074477834865025,0.00730525,0.0188385334865025,0.0040855,0.9076268394601004,11017.743818537228,4.456497634613088,272.70209488514803,1.0
Llama2-13B,20,10,2,32,32,1280,0.0040855,0.0074477834865025,0.00785525,0.0193885334865025,0.0040855,0.9296268394601004,10757.004397385625,4.458524772084692,272.82613952298937,1.0
Llama2-13B,20,10,2,32,32,1408,0.0040855,0.0074477834865025,0.00840525,0.0199385334865025,0.0040855,0.9516268394601004,10508.320683424015,4.460551909556295,272.9501841608307,1.0
Llama2-13B,20,10,2,32,32,1536,0.0040855,0.0074477834865025,0.00895525,0.0204885334865025,0.0040855,0.9736268394601004,10270.875447050374,4.462579047027898,273.0742287986721,1.0
Llama2-13B,20,10,2,32,32,1664,0.0040855,0.0074477834865025,0.00950525,0.0210385334865025,0.0040855,0.9956268394601004,10043.92369075015,4.464606184499502,273.1982734365134,1.0
Llama2-13B,20,10,2,32,32,1792,0.0040855,0.0074477834865025,0.01005525,0.0215885334865025,0.0040855,1.0176268394601005,9826.784841195302,4.466633321971106,273.3223180743548,1.0
Llama2-13B,20,10,2,32,32,1920,0.0040855,0.0074477834865025,0.0106052499999999,0.0221385334865025,0.0040855,1.0396268394601005,9618.835932701782,4.468660459442708,273.4463627121961,1.0
Llama2-13B,20,10,2,32,32,2048,0.0040855,0.0074477834865025,0.01115525,0.0226885334865025,0.0040855,1.0616268394601005,9419.50563823875,4.470687596914311,273.57040735003744,1.0
Llama2-13B,20,10,2,32,32,2176,0.0040855,0.0074477834865025,0.0117052499999999,0.0232385334865025,0.0040855,1.0836268394601003,9228.26902753935,4.472714734385914,273.6944519878788,1.0
Llama2-13B,20,10,2,32,32,2304,0.0040855,0.0074477834865025,0.01225525,0.0237885334865025,0.0040855,1.1056268394601003,9044.642951036898,4.474741871857519,273.8184966257201,1.0
Llama2-13B,20,10,2,32,32,2432,0.0040855,0.0074477834865025,0.0128052499999999,0.0243385334865025,0.0040855,1.1276268394601,8868.181964157513,4.476769009329121,273.9425412635615,1.0
Llama2-13B,20,10,2,32,32,2560,0.0040855,0.0074477834865025,0.01335525,0.0248885334865025,0.0040855,1.1496268394601004,8698.474719584925,4.4787961468007245,274.06658590140273,1.0
Llama2-13B,20,10,2,32,32,2688,0.0040855,0.0074477834865025,0.01390525,0.0254385334865025,0.0040855,1.1716268394601004,8535.14076598665,4.480823284272327,274.19063053924407,1.0
Llama2-13B,20,10,2,32,32,2816,0.0040855,0.0074477834865025,0.01445525,0.0259885334865025,0.0040855,1.1936268394601004,8377.82770076047,4.48285042174393,274.3146751770854,1.0
Llama2-13B,20,10,2,32,32,2944,0.0040855,0.0074477834865025,0.01500525,0.0265385334865025,0.0040855,1.2156268394601002,8226.208631952653,4.484877559215533,274.4387198149268,1.0
Llama2-13B,20,10,2,32,32,3072,0.0040855,0.0074477834865025,0.01555525,0.0270885334865025,0.0040855,1.2376268394601002,8079.9799108771585,4.486904696687137,274.5627644527681,1.0
Llama2-13B,20,10,2,32,32,3200,0.0040855,0.0074477834865025,0.01610525,0.0276385334865025,0.0040855,1.2596268394601005,7938.85910234033,4.488931834158739,274.6868090906094,1.0
Llama2-13B,20,10,2,32,32,3328,0.0040855,0.0074477834865025,0.01665525,0.0281885334865025,0.0040855,1.2816268394601005,7802.583163920484,4.490958971630342,274.8108537284508,1.0
Llama2-13B,20,10,2,32,32,3456,0.0040855,0.0074477834865025,0.01720525,0.0287385334865025,0.0040855,1.3036268394601005,7670.906809606284,4.492986109101946,274.93489836629215,1.0
Llama2-13B,20,10,2,32,32,3584,0.0040855,0.0074477834865025,0.01775525,0.0292885334865025,0.0040855,1.3256268394601003,7543.601036376713,4.49501324657355,275.0589430041335,1.0
Llama2-13B,20,10,2,32,32,3712,0.0040855,0.0074477834865025,0.01830525,0.0298385334865025,0.0040855,1.3476268394601003,7420.451795102492,4.497040384045152,275.1829876419748,1.0
Llama2-13B,20,10,2,32,32,3840,0.0040855,0.0074477834865025,0.01885525,0.0303885334865025,0.0040855,1.3696268394601003,7301.258789541498,4.499067521516756,275.3070322798162,1.0
Llama2-13B,20,10,2,32,32,3968,0.0040855,0.0074477834865025,0.01940525,0.0309385334865025,0.0040855,1.3916268394601004,7185.834389253106,4.50109465898836,275.43107691765755,1.0
Llama2-13B,20,10,2,32,32,4096,0.0040855,0.0074477834865025,0.01995525,0.0314885334865025,0.0040855,1.4136268394601004,7074.002644021142,4.503121796459962,275.55512155549883,1.0
Llama2-13B,20,20,1,32,32,128,0.0040855,0.0056851889910016,0.00290525,0.0126759389910016,0.0040855,0.6611230596400669,30251.554091742822,2.220140267420132,271.70973778241733,1.0
Llama2-13B,20,20,1,32,32,256,0.0040855,0.0056851889910016,0.00345525,0.0132259389910016,0.0040855,0.6831230596400669,29277.301823975715,2.221153836155933,271.8337824202586,1.0
Llama2-13B,20,20,1,32,32,384,0.0040855,0.0056851889910016,0.00400525,0.0137759389910016,0.0040855,0.7051230596400669,28363.84334134397,2.222167404891734,271.95782705809995,1.0
Llama2-13B,20,20,1,32,32,512,0.0040855,0.0056851889910016,0.00455525,0.0143259389910016,0.0040855,0.727123059640067,27505.660472245505,2.2231809736275365,272.0818716959413,1.0
Llama2-13B,20,20,1,32,32,640,0.0040855,0.0056851889910016,0.00510525,0.0148759389910016,0.0040855,0.7491230596400669,26697.88326848389,2.224194542363338,272.2059163337827,1.0
Llama2-13B,20,20,1,32,32,768,0.0040855,0.0056851889910016,0.00565525,0.0154259389910016,0.0040855,0.7711230596400669,25936.19753679173,2.2252081110991395,272.329960971624,1.0
Llama2-13B,20,20,1,32,32,896,0.0040855,0.0056851889910016,0.00620525,0.0159759389910016,0.0040855,0.7931230596400668,25216.76775994428,2.226221679834941,272.4540056094653,1.0
Llama2-13B,20,20,1,32,32,1024,0.0040855,0.0056851889910016,0.00675525,0.0165259389910016,0.0040855,0.8151230596400669,24536.172499930723,2.2272352485707434,272.5780502473067,1.0
Llama2-13B,20,20,1,32,32,1152,0.0040855,0.0056851889910016,0.00730525,0.0170759389910016,0.0040855,0.8371230596400668,23891.34998694133,2.228248817306544,272.70209488514803,1.0
Llama2-13B,20,20,1,32,32,1280,0.0040855,0.0056851889910016,0.00785525,0.0176259389910016,0.0040855,0.859123059640067,23279.55206833708,2.229262386042346,272.82613952298937,1.0
Llama2-13B,20,20,1,32,32,1408,0.0040855,0.0056851889910016,0.00840525,0.0181759389910016,0.0040855,0.8811230596400669,22698.305056469493,2.2302759547781474,272.9501841608307,1.0
Llama2-13B,20,20,1,32,32,1536,0.0040855,0.0056851889910016,0.00895525,0.0187259389910016,0.0040855,0.9031230596400668,22145.376298962907,2.231289523513949,273.0742287986721,1.0
Llama2-13B,20,20,1,32,32,1664,0.0040855,0.0056851889910016,0.00950525,0.0192759389910016,0.0040855,0.9251230596400668,21618.74551887324,2.232303092249751,273.1982734365134,1.0
Llama2-13B,20,20,1,32,32,1792,0.0040855,0.0056851889910016,0.01005525,0.0198259389910016,0.0040855,0.9471230596400668,21116.580149152484,2.233316660985553,273.3223180743548,1.0
Llama2-13B,20,20,1,32,32,1920,0.0040855,0.0056851889910016,0.0106052499999999,0.0203759389910016,0.0040855,0.969123059640067,20637.21402669751,2.234330229721354,273.4463627121961,1.0
Llama2-13B,20,20,1,32,32,2048,0.0040855,0.0056851889910016,0.01115525,0.0209259389910016,0.0040855,0.991123059640067,20179.128923973512,2.235343798457156,273.57040735003744,1.0
Llama2-13B,20,20,1,32,32,2176,0.0040855,0.0056851889910016,0.0117052499999999,0.0214759389910016,0.0040855,1.0131230596400669,19740.938486885712,2.236357367192957,273.6944519878788,1.0
Llama2-13B,20,20,1,32,32,2304,0.0040855,0.0056851889910016,0.01225525,0.0220259389910016,0.0040855,1.035123059640067,19321.3742209109,2.2373709359287592,273.8184966257201,1.0
Llama2-13B,20,20,1,32,32,2432,0.0040855,0.0056851889910016,0.0128052499999999,0.0225759389910016,0.0040855,1.057123059640067,18919.27322710156,2.2383845046645603,273.9425412635615,1.0
Llama2-13B,20,20,1,32,32,2560,0.0040855,0.0056851889910016,0.01335525,0.0231259389910016,0.0040855,1.079123059640067,18533.567438240865,2.2393980734003622,274.06658590140273,1.0
Llama2-13B,20,20,1,32,32,2688,0.0040855,0.0056851889910016,0.01390525,0.0236759389910016,0.0040855,1.1011230596400667,18163.27414534173,2.240411642136164,274.19063053924407,1.0
Llama2-13B,20,20,1,32,32,2816,0.0040855,0.0056851889910016,0.01445525,0.0242259389910016,0.0040855,1.1231230596400668,17807.487637560844,2.241425210871965,274.3146751770854,1.0
Llama2-13B,20,20,1,32,32,2944,0.0040855,0.0056851889910016,0.01500525,0.0247759389910016,0.0040855,1.1451230596400668,17465.371805792092,2.2424387796077667,274.4387198149268,1.0
Llama2-13B,20,20,1,32,32,3072,0.0040855,0.0056851889910016,0.01555525,0.0253259389910016,0.0040855,1.1671230596400668,17136.153582783183,2.2434523483435687,274.5627644527681,1.0
Llama2-13B,20,20,1,32,32,3200,0.0040855,0.0056851889910016,0.01610525,0.0258759389910016,0.0040855,1.1891230596400668,16819.117111439886,2.2444659170793697,274.6868090906094,1.0
Llama2-13B,20,20,1,32,32,3328,0.0040855,0.0056851889910016,0.01665525,0.0264259389910016,0.0040855,1.2111230596400668,16513.598548725342,2.245479485815171,274.8108537284508,1.0
Llama2-13B,20,20,1,32,32,3456,0.0040855,0.0056851889910016,0.01720525,0.0269759389910016,0.0040855,1.2331230596400669,16218.981425777369,2.246493054550973,274.93489836629215,1.0
Llama2-13B,20,20,1,32,32,3584,0.0040855,0.0056851889910016,0.01775525,0.0275259389910016,0.0040855,1.2551230596400669,15934.692495997504,2.247506623286775,275.0589430041335,1.0
Llama2-13B,20,20,1,32,32,3712,0.0040855,0.0056851889910016,0.01830525,0.0280759389910016,0.0040855,1.277123059640067,15660.198012270348,2.248520192022576,275.1829876419748,1.0
Llama2-13B,20,20,1,32,32,3840,0.0040855,0.0056851889910016,0.01885525,0.0286259389910016,0.0040855,1.299123059640067,15395.0003824435,2.249533760758378,275.3070322798162,1.0
Llama2-13B,20,20,1,32,32,3968,0.0040855,0.0056851889910016,0.01940525,0.0291759389910016,0.0040855,1.321123059640067,15138.635158975194,2.25054732949418,275.43107691765755,1.0
Llama2-13B,20,20,1,32,32,4096,0.0040855,0.0056851889910016,0.01995525,0.0297259389910016,0.0040855,1.3431230596400667,14890.66832443458,2.251560898229981,275.55512155549883,1.0
Llama2-13B,20,40,1,32,16,128,0.0048015,0.0006398072596958,0.0058105,0.0112518072596958,0.0048015,0.6048737903878348,66129.49781532554,1.2825741764557783,267.1194785912275,1.0
Llama2-13B,20,40,1,32,16,256,0.0048015,0.0006398072596958,0.0069105,0.0123518072596958,0.0048015,0.6488737903878349,61645.26999324756,1.2830809608236793,267.2250256844068,1.0
Llama2-13B,20,40,1,32,16,384,0.0048015,0.0006398072596958,0.0080105,0.0134518072596958,0.0048015,0.6928737903878349,57730.57164943426,1.2835877451915796,267.3305727775862,1.0
Llama2-13B,20,40,1,32,16,512,0.0048015,0.0006398072596958,0.0091105,0.0145518072596958,0.0048015,0.736873790387835,54283.380033027104,1.2840945295594808,267.4361198707656,1.0
Llama2-13B,20,40,1,32,16,640,0.0048015,0.0006398072596958,0.0102105,0.0156518072596958,0.0048015,0.7808737903878349,51224.667151567846,1.2846013139273815,267.541666963945,1.0
Llama2-13B,20,40,1,32,16,768,0.0048015,0.0006398072596958,0.0113105,0.0167518072596958,0.0048015,0.8248737903878348,48492.26689720983,1.2851080982952825,267.6472140571243,1.0
Llama2-13B,20,40,1,32,16,896,0.0048015,0.0006398072596958,0.0124105,0.0178518072596958,0.0048015,0.8688737903878349,46036.605595095,1.285614882663183,267.75276115030374,1.0
Llama2-13B,20,40,1,32,16,1024,0.0048015,0.0006398072596958,0.0135105,0.0189518072596958,0.0048015,0.9128737903878348,43817.66726264097,1.286121667031084,267.85830824348307,1.0
Llama2-13B,20,40,1,32,16,1152,0.0048015,0.0006398072596958,0.0146105,0.0200518072596958,0.0048015,0.9568737903878348,41802.79614910073,1.2866284513989843,267.9638553366625,1.0
Llama2-13B,20,40,1,32,16,1280,0.0048015,0.0006398072596958,0.0157105,0.0211518072596958,0.0048015,1.0008737903878349,39965.07889820968,1.2871352357668857,268.06940242984183,1.0
Llama2-13B,20,40,1,32,16,1408,0.0048015,0.0006398072596958,0.0168105,0.0222518072596958,0.0048015,1.044873790387835,38282.13547700613,1.2876420201347862,268.1749495230212,1.0
Llama2-13B,20,40,1,32,16,1536,0.0048015,0.0006398072596958,0.0179105,0.0233518072596958,0.0048015,1.088873790387835,36735.20324679025,1.288148804502687,268.28049661620065,1.0
Llama2-13B,20,40,1,32,16,1664,0.0048015,0.0006398072596958,0.0190105,0.0244518072596958,0.0048015,1.1328737903878348,35308.43447821859,1.288655588870588,268.38604370938003,1.0
Llama2-13B,20,40,1,32,16,1792,0.0048015,0.0006398072596958,0.0201105,0.0255518072596958,0.0048015,1.1768737903878346,33988.351450003946,1.289162373238489,268.49159080255936,1.0
Llama2-13B,20,40,1,32,16,1920,0.0048015,0.0006398072596958,0.0212104999999999,0.0266518072596958,0.0048015,1.2208737903878346,32763.41937629213,1.2896691576063894,268.59713789573874,1.0
Llama2-13B,20,40,1,32,16,2048,0.0048015,0.0006398072596958,0.0223105,0.0277518072596958,0.0048015,1.2648737903878349,31623.70847113152,1.2901759419742902,268.7026849889182,1.0
Llama2-13B,20,40,1,32,16,2176,0.0048015,0.0006398072596958,0.0234104999999999,0.0288518072596958,0.0048015,1.3088737903878347,30560.62417457953,1.290682726342191,268.8082320820975,1.0
Llama2-13B,20,40,1,32,16,2304,0.0048015,0.0006398072596958,0.0245105,0.0299518072596958,0.0048015,1.3528737903878347,29566.69002252828,1.291189510710092,268.9137791752769,1.0
Llama2-13B,20,40,1,32,16,2432,0.0048015,0.0006398072596958,0.0256104999999999,0.0310518072596958,0.0048015,1.3968737903878343,28635.37155271144,1.2916962950779929,269.01932626845627,1.0
Llama2-13B,20,40,1,32,16,2560,0.0048015,0.0006398072596958,0.0267105,0.0321518072596958,0.0048015,1.4408737903878348,27760.932475031936,1.2922030794458936,269.12487336163565,1.0
Llama2-13B,20,40,1,32,16,2688,0.0048015,0.0006398072596958,0.0278105,0.0332518072596958,0.0048015,1.4848737903878346,26938.31641378247,1.2927098638137942,269.23042045481503,1.0
Llama2-13B,20,40,1,32,16,2816,0.0048015,0.0006398072596958,0.0289105,0.0343518072596958,0.0048015,1.5288737903878349,26163.049070161025,1.293216648181695,269.3359675479944,1.0
Llama2-13B,20,40,1,32,16,2944,0.0048015,0.0006398072596958,0.0300105,0.0354518072596958,0.0048015,1.5728737903878347,25431.156806381085,1.293723432549596,269.4415146411738,1.0
Llama2-13B,20,40,1,32,16,3072,0.0048015,0.0006398072596958,0.0311105,0.0365518072596958,0.0048015,1.6168737903878347,24739.098523209606,1.2942302169174968,269.5470617343532,1.0
Llama2-13B,20,40,1,32,16,3200,0.0048015,0.0006398072596958,0.0322105,0.0376518072596958,0.0048015,1.6608737903878346,24083.708365738923,1.2947370012853974,269.6526088275326,1.0
Llama2-13B,20,40,1,32,16,3328,0.0048015,0.0006398072596958,0.0333105,0.0387518072596958,0.0048015,1.7048737903878346,23462.14730117973,1.295243785653298,269.7581559207119,1.0
Llama2-13B,20,40,1,32,16,3456,0.0048015,0.0006398072596958,0.0344105,0.0398518072596958,0.0048015,1.7488737903878346,22871.862006193995,1.295750570021199,269.8637030138913,1.0
Llama2-13B,20,40,1,32,16,3584,0.0048015,0.0006398072596958,0.0355105,0.0409518072596958,0.0048015,1.792873790387835,22310.54980805268,1.2962573543891,269.9692501070707,1.0
Llama2-13B,20,40,1,32,16,3712,0.0048015,0.0006398072596958,0.0366105,0.0420518072596958,0.0048015,1.8368737903878347,21776.12866453632,1.2967641387570006,270.07479720025015,1.0
Llama2-13B,20,40,1,32,16,3840,0.0048015,0.0006398072596958,0.0377105,0.0431518072596958,0.0048015,1.8808737903878348,21266.71135746542,1.2972709231249016,270.18034429342947,1.0
Llama2-13B,20,40,1,32,16,3968,0.0048015,0.0006398072596958,0.0388105,0.0442518072596958,0.0048015,1.9248737903878348,20780.58322563609,1.2977777074928023,270.2858913866089,1.0
Llama2-13B,20,40,1,32,16,4096,0.0048015,0.0006398072596958,0.0399105,0.0453518072596958,0.0048015,1.9688737903878344,20316.182883475067,1.298284491860703,270.39143847978823,1.0
Llama2-13B,32,1,32,32,32,128,0.0040855,0.015258120689392,0.00290525,0.022248870689392,0.0040855,1.0440403275756835,957.8174076111144,71.04448855744421,434.7355804518676,1.0
Llama2-13B,32,1,32,32,32,256,0.0040855,0.015258120689392,0.00345525,0.022798870689392,0.0040855,1.0660403275756831,938.0508167773844,71.07692275698987,434.9340518724138,1.0
Llama2-13B,32,1,32,32,32,384,0.0040855,0.015258120689392,0.00400525,0.023348870689392,0.0040855,1.0880403275756834,919.0835805030772,71.10935695653549,435.13252329296,1.0
Llama2-13B,32,1,32,32,32,512,0.0040855,0.015258120689392,0.00455525,0.023898870689392,0.0040855,1.1100403275756834,900.868171324901,71.14179115608117,435.3309947135061,1.0
Llama2-13B,32,1,32,32,32,640,0.0040855,0.015258120689392,0.00510525,0.024448870689392,0.0040855,1.1320403275756834,883.3607563624047,71.17422535562682,435.52946613405226,1.0
Llama2-13B,32,1,32,32,32,768,0.0040855,0.015258120689392,0.00565525,0.024998870689392,0.0040855,1.1540403275756834,866.5208451603428,71.20665955517246,435.7279375545983,1.0
Llama2-13B,32,1,32,32,32,896,0.0040855,0.015258120689392,0.00620525,0.025548870689392,0.0040855,1.1760403275756834,850.3109770575835,71.23909375471811,435.9264089751445,1.0
Llama2-13B,32,1,32,32,32,1024,0.0040855,0.015258120689392,0.00675525,0.026098870689392,0.0040855,1.1980403275756837,834.696443001688,71.27152795426379,436.1248803956907,1.0
Llama2-13B,32,1,32,32,32,1152,0.0040855,0.015258120689392,0.00730525,0.026648870689392,0.0040855,1.2200403275756833,819.6450374612446,71.30396215380941,436.3233518162368,1.0
Llama2-13B,32,1,32,32,32,1280,0.0040855,0.015258120689392,0.00785525,0.027198870689392,0.0040855,1.2420403275756835,805.126836704153,71.33639635335507,436.5218232367829,1.0
Llama2-13B,32,1,32,32,32,1408,0.0040855,0.015258120689392,0.00840525,0.027748870689392,0.0040855,1.2640403275756833,791.1140002296531,71.36883055290072,436.72029465732913,1.0
Llama2-13B,32,1,32,32,32,1536,0.0040855,0.015258120689392,0.00895525,0.028298870689392,0.0040855,1.286040327575683,777.5805925814951,71.40126475244637,436.91876607787526,1.0
Llama2-13B,32,1,32,32,32,1664,0.0040855,0.015258120689392,0.00950525,0.028848870689392,0.0040855,1.3080403275756831,764.5024231427145,71.43369895199203,437.1172374984214,1.0
Llama2-13B,32,1,32,32,32,1792,0.0040855,0.015258120689392,0.01005525,0.029398870689392,0.0040855,1.3300403275756834,751.8569018299913,71.46613315153769,437.3157089189676,1.0
Llama2-13B,32,1,32,32,32,1920,0.0040855,0.015258120689392,0.0106052499999999,0.029948870689392,0.0040855,1.3520403275756834,739.6229088766014,71.49856735108332,437.5141803395136,1.0
Llama2-13B,32,1,32,32,32,2048,0.0040855,0.015258120689392,0.01115525,0.030498870689392,0.0040855,1.3740403275756834,727.7806771249362,71.53100155062897,437.7126517600598,1.0
Llama2-13B,32,1,32,32,32,2176,0.0040855,0.015258120689392,0.0117052499999999,0.031048870689392,0.0040855,1.3960403275756832,716.3116854486335,71.56343575017462,437.911123180606,1.0
Llama2-13B,32,1,32,32,32,2304,0.0040855,0.015258120689392,0.01225525,0.031598870689392,0.0040855,1.4180403275756834,705.1985620956384,71.5958699497203,438.1095946011521,1.0
Llama2-13B,32,1,32,32,32,2432,0.0040855,0.015258120689392,0.0128052499999999,0.032148870689392,0.0040855,1.4400403275756837,694.4249968912371,71.62830414926593,438.3080660216983,1.0
Llama2-13B,32,1,32,32,32,2560,0.0040855,0.015258120689392,0.01335525,0.032698870689392,0.0040855,1.4620403275756837,683.9756613678185,71.66073834881159,438.5065374422445,1.0
Llama2-13B,32,1,32,32,32,2688,0.0040855,0.015258120689392,0.01390525,0.033248870689392,0.0040855,1.4840403275756833,673.8361359988055,71.69317254835723,438.7050088627906,1.0
Llama2-13B,32,1,32,32,32,2816,0.0040855,0.015258120689392,0.01445525,0.033798870689392,0.0040855,1.5060403275756833,663.9928438103175,71.72560674790289,438.9034802833367,1.0
Llama2-13B,32,1,32,32,32,2944,0.0040855,0.015258120689392,0.01500525,0.034348870689392,0.0040855,1.5280403275756833,654.4329897277992,71.75804094744854,439.1019517038828,1.0
Llama2-13B,32,1,32,32,32,3072,0.0040855,0.015258120689392,0.01555525,0.034898870689392,0.0040855,1.5500403275756836,645.144505087835,71.7904751469942,439.300423124429,1.0
Llama2-13B,32,1,32,32,32,3200,0.0040855,0.015258120689392,0.01610525,0.035448870689392,0.0040855,1.5720403275756836,636.1159968091572,71.82290934653983,439.4988945449752,1.0
Llama2-13B,32,1,32,32,32,3328,0.0040855,0.015258120689392,0.01665525,0.035998870689392,0.0040855,1.5940403275756834,627.3367007727231,71.85534354608548,439.69736596552127,1.0
Llama2-13B,32,1,32,32,32,3456,0.0040855,0.015258120689392,0.01720525,0.036548870689392,0.0040855,1.6160403275756834,618.7964390097607,71.88777774563114,439.8958373860674,1.0
Llama2-13B,32,1,32,32,32,3584,0.0040855,0.015258120689392,0.01775525,0.037098870689392,0.0040855,1.6380403275756836,610.4855803397772,71.9202119451768,440.0943088066136,1.0
Llama2-13B,32,1,32,32,32,3712,0.0040855,0.015258120689392,0.01830525,0.037648870689392,0.0040855,1.6600403275756834,602.3950041384815,71.95264614472244,440.2927802271597,1.0
Llama2-13B,32,1,32,32,32,3840,0.0040855,0.015258120689392,0.01885525,0.038198870689392,0.0040855,1.6820403275756837,594.5160669490576,71.9850803442681,440.491251647706,1.0
Llama2-13B,32,1,32,32,32,3968,0.0040855,0.015258120689392,0.01940525,0.038748870689392,0.0040855,1.7040403275756837,586.8405716798306,72.01751454381376,440.6897230682521,1.0
Llama2-13B,32,1,32,32,32,4096,0.0040855,0.015258120689392,0.01995525,0.039298870689392,0.0040855,1.7260403275756833,579.3607391575572,72.0499487433594,440.88819448879815,1.0
Llama2-13B,32,2,16,32,32,128,0.0040855,0.0148110858535766,0.00290525,0.0218018358535766,0.0040855,1.0261589341430664,1949.015823431072,35.522244278722106,434.7355804518676,1.0
Llama2-13B,32,2,16,32,32,256,0.0040855,0.0148110858535766,0.00345525,0.0223518358535766,0.0040855,1.0481589341430662,1908.1075730515256,35.53846137849494,434.9340518724138,1.0
Llama2-13B,32,2,16,32,32,384,0.0040855,0.0148110858535766,0.00400525,0.0229018358535766,0.0040855,1.0701589341430662,1868.88128126642,35.554678478267746,435.13252329296,1.0
Llama2-13B,32,2,16,32,32,512,0.0040855,0.0148110858535766,0.00455525,0.0234518358535766,0.0040855,1.0921589341430662,1831.2353060310288,35.570895578040584,435.3309947135061,1.0
Llama2-13B,32,2,16,32,32,640,0.0040855,0.0148110858535766,0.00510525,0.0240018358535766,0.0040855,1.1141589341430662,1795.0760333293574,35.58711267781341,435.52946613405226,1.0
Llama2-13B,32,2,16,32,32,768,0.0040855,0.0148110858535766,0.00565525,0.0245518358535766,0.0040855,1.1361589341430662,1760.31709992095,35.60332977758623,435.7279375545983,1.0
Llama2-13B,32,2,16,32,32,896,0.0040855,0.0148110858535766,0.00620525,0.0251018358535766,0.0040855,1.1581589341430665,1726.8787046743464,35.619546877359056,435.9264089751445,1.0
Llama2-13B,32,2,16,32,32,1024,0.0040855,0.0148110858535766,0.00675525,0.0256518358535766,0.0040855,1.1801589341430665,1694.6869969274387,35.635763977131894,436.1248803956907,1.0
Llama2-13B,32,2,16,32,32,1152,0.0040855,0.0148110858535766,0.00730525,0.0262018358535766,0.0040855,1.202158934143066,1663.6735320073617,35.651981076904704,436.3233518162368,1.0
Llama2-13B,32,2,16,32,32,1280,0.0040855,0.0148110858535766,0.00785525,0.0267518358535766,0.0040855,1.2241589341430663,1633.7747854612005,35.668198176677535,436.5218232367829,1.0
Llama2-13B,32,2,16,32,32,1408,0.0040855,0.0148110858535766,0.00840525,0.0273018358535766,0.0040855,1.246158934143066,1604.9317187420563,35.68441527645036,436.72029465732913,1.0
Llama2-13B,32,2,16,32,32,1536,0.0040855,0.0148110858535766,0.00895525,0.0278518358535766,0.0040855,1.268158934143066,1577.0893901019283,35.70063237622318,436.91876607787526,1.0
Llama2-13B,32,2,16,32,32,1664,0.0040855,0.0148110858535766,0.00950525,0.0284018358535766,0.0040855,1.290158934143066,1550.1966052953126,35.716849475996014,437.1172374984214,1.0
Llama2-13B,32,2,16,32,32,1792,0.0040855,0.0148110858535766,0.01005525,0.0289518358535766,0.0040855,1.3121589341430662,1524.2056034211612,35.733066575768845,437.3157089189676,1.0
Llama2-13B,32,2,16,32,32,1920,0.0040855,0.0148110858535766,0.0106052499999999,0.0295018358535766,0.0040855,1.3341589341430662,1499.071773847248,35.74928367554166,437.5141803395136,1.0
Llama2-13B,32,2,16,32,32,2048,0.0040855,0.0148110858535766,0.01115525,0.0300518358535766,0.0040855,1.3561589341430662,1474.753400687336,35.765500775314486,437.7126517600598,1.0
Llama2-13B,32,2,16,32,32,2176,0.0040855,0.0148110858535766,0.0117052499999999,0.0306018358535766,0.0040855,1.378158934143066,1451.2114317523126,35.78171787508731,437.911123180606,1.0
Llama2-13B,32,2,16,32,32,2304,0.0040855,0.0148110858535766,0.01225525,0.0311518358535766,0.0040855,1.4001589341430662,1428.409269283456,35.79793497486015,438.1095946011521,1.0
Llama2-13B,32,2,16,32,32,2432,0.0040855,0.0148110858535766,0.0128052499999999,0.0317018358535766,0.0040855,1.4221589341430665,1406.31258010914,35.814152074632965,438.3080660216983,1.0
Llama2-13B,32,2,16,32,32,2560,0.0040855,0.0148110858535766,0.01335525,0.0322518358535766,0.0040855,1.4441589341430665,1384.8891231537186,35.8303691744058,438.5065374422445,1.0
Llama2-13B,32,2,16,32,32,2688,0.0040855,0.0148110858535766,0.01390525,0.0328018358535766,0.0040855,1.466158934143066,1364.108592475993,35.84658627417861,438.7050088627906,1.0
Llama2-13B,32,2,16,32,32,2816,0.0040855,0.0148110858535766,0.01445525,0.0333518358535766,0.0040855,1.488158934143066,1343.9424742301935,35.862803373951444,438.9034802833367,1.0
Llama2-13B,32,2,16,32,32,2944,0.0040855,0.0148110858535766,0.01500525,0.0339018358535766,0.0040855,1.510158934143066,1324.3639161297233,35.87902047372427,439.1019517038828,1.0
Llama2-13B,32,2,16,32,32,3072,0.0040855,0.0148110858535766,0.01555525,0.0344518358535766,0.0040855,1.5321589341430664,1305.3476081569804,35.8952375734971,439.300423124429,1.0
Llama2-13B,32,2,16,32,32,3200,0.0040855,0.0148110858535766,0.01610525,0.0350018358535766,0.0040855,1.5541589341430664,1286.869673404903,35.911454673269915,439.4988945449752,1.0
Llama2-13B,32,2,16,32,32,3328,0.0040855,0.0148110858535766,0.01665525,0.0355518358535766,0.0040855,1.5761589341430662,1268.9075680603046,35.92767177304274,439.69736596552127,1.0
Llama2-13B,32,2,16,32,32,3456,0.0040855,0.0148110858535766,0.01720525,0.0361018358535766,0.0040855,1.5981589341430662,1251.439989648089,35.94388887281557,439.8958373860674,1.0
Llama2-13B,32,2,16,32,32,3584,0.0040855,0.0148110858535766,0.01775525,0.0366518358535766,0.0040855,1.6201589341430664,1234.4467927511314,35.9601059725884,440.0943088066136,1.0
Llama2-13B,32,2,16,32,32,3712,0.0040855,0.0148110858535766,0.01830525,0.0372018358535766,0.0040855,1.6421589341430662,1217.908911504761,35.97632307236122,440.2927802271597,1.0
Llama2-13B,32,2,16,32,32,3840,0.0040855,0.0148110858535766,0.01885525,0.0377518358535766,0.0040855,1.6641589341430665,1201.8082882389294,35.99254017213405,440.491251647706,1.0
Llama2-13B,32,2,16,32,32,3968,0.0040855,0.0148110858535766,0.01940525,0.0383018358535766,0.0040855,1.6861589341430665,1186.1278077065926,36.00875727190688,440.6897230682521,1.0
Llama2-13B,32,2,16,32,32,4096,0.0040855,0.0148110858535766,0.01995525,0.0388518358535766,0.0040855,1.708158934143066,1170.8512363946638,36.0249743716797,440.88819448879815,1.0
Llama2-13B,32,4,8,32,32,128,0.0040855,0.0138574115371704,0.00290525,0.0208481615371704,0.0040855,0.9880119614868164,4048.5339812896327,17.761122139361053,434.7355804518676,1.0
Llama2-13B,32,4,8,32,32,256,0.0040855,0.0138574115371704,0.00345525,0.0213981615371704,0.0040855,1.0100119614868162,3960.349136966348,17.76923068924747,434.9340518724138,1.0
Llama2-13B,32,4,8,32,32,384,0.0040855,0.0138574115371704,0.00400525,0.0219481615371704,0.0040855,1.0320119614868162,3875.9240680090697,17.777339239133873,435.13252329296,1.0
Llama2-13B,32,4,8,32,32,512,0.0040855,0.0138574115371704,0.00455525,0.0224981615371704,0.0040855,1.0540119614868162,3795.023345235568,17.785447789020292,435.3309947135061,1.0
Llama2-13B,32,4,8,32,32,640,0.0040855,0.0138574115371704,0.00510525,0.0230481615371704,0.0040855,1.0760119614868162,3717.430793680828,17.793556338906704,435.52946613405226,1.0
Llama2-13B,32,4,8,32,32,768,0.0040855,0.0138574115371704,0.00565525,0.0235981615371704,0.0040855,1.0980119614868162,3642.947563689203,17.801664888793116,435.7279375545983,1.0
Llama2-13B,32,4,8,32,32,896,0.0040855,0.0138574115371704,0.00620525,0.0241481615371704,0.0040855,1.1200119614868165,3571.3904293397,17.809773438679528,435.9264089751445,1.0
Llama2-13B,32,4,8,32,32,1024,0.0040855,0.0138574115371704,0.00675525,0.0246981615371704,0.0040855,1.1420119614868165,3502.5902835485995,17.817881988565947,436.1248803956907,1.0
Llama2-13B,32,4,8,32,32,1152,0.0040855,0.0138574115371704,0.00730525,0.0252481615371704,0.0040855,1.164011961486816,3436.390803828785,17.825990538452352,436.3233518162368,1.0
Llama2-13B,32,4,8,32,32,1280,0.0040855,0.0138574115371704,0.00785525,0.0257981615371704,0.0040855,1.1860119614868163,3372.6472665465303,17.834099088338768,436.5218232367829,1.0
Llama2-13B,32,4,8,32,32,1408,0.0040855,0.0138574115371704,0.00840525,0.0263481615371704,0.0040855,1.208011961486816,3311.2254907449897,17.84220763822518,436.72029465732913,1.0
Llama2-13B,32,4,8,32,32,1536,0.0040855,0.0138574115371704,0.00895525,0.0268981615371704,0.0040855,1.230011961486816,3252.000895312329,17.85031618811159,436.91876607787526,1.0
Llama2-13B,32,4,8,32,32,1664,0.0040855,0.0138574115371704,0.00950525,0.0274481615371704,0.0040855,1.252011961486816,3194.8576555529344,17.858424737998007,437.1172374984214,1.0
Llama2-13B,32,4,8,32,32,1792,0.0040855,0.0138574115371704,0.01005525,0.0279981615371704,0.0040855,1.2740119614868162,3139.6879471460074,17.866533287884423,437.3157089189676,1.0
Llama2-13B,32,4,8,32,32,1920,0.0040855,0.0138574115371704,0.0106052499999999,0.0285481615371704,0.0040855,1.2960119614868162,3086.3912671076764,17.87464183777083,437.5141803395136,1.0
Llama2-13B,32,4,8,32,32,2048,0.0040855,0.0138574115371704,0.01115525,0.0290981615371704,0.0040855,1.3180119614868162,3034.873822759317,17.882750387657243,437.7126517600598,1.0
Llama2-13B,32,4,8,32,32,2176,0.0040855,0.0138574115371704,0.0117052499999999,0.0296481615371704,0.0040855,1.340011961486816,2985.047980886516,17.890858937543655,437.911123180606,1.0
Llama2-13B,32,4,8,32,32,2304,0.0040855,0.0138574115371704,0.01225525,0.0301981615371704,0.0040855,1.3620119614868162,2936.831770283038,17.898967487430074,438.1095946011521,1.0
Llama2-13B,32,4,8,32,32,2432,0.0040855,0.0138574115371704,0.0128052499999999,0.0307481615371704,0.0040855,1.3840119614868165,2890.148431739622,17.907076037316482,438.3080660216983,1.0
Llama2-13B,32,4,8,32,32,2560,0.0040855,0.0138574115371704,0.01335525,0.0312981615371704,0.0040855,1.4060119614868165,2844.9260102809635,17.915184587202898,438.5065374422445,1.0
Llama2-13B,32,4,8,32,32,2688,0.0040855,0.0138574115371704,0.01390525,0.0318481615371704,0.0040855,1.428011961486816,2801.0969850947777,17.923293137089306,438.7050088627906,1.0
Llama2-13B,32,4,8,32,32,2816,0.0040855,0.0138574115371704,0.01445525,0.0323981615371704,0.0040855,1.450011961486816,2758.5979331497874,17.931401686975722,438.9034802833367,1.0
Llama2-13B,32,4,8,32,32,2944,0.0040855,0.0138574115371704,0.01500525,0.0329481615371704,0.0040855,1.472011961486816,2717.369222978169,17.939510236862134,439.1019517038828,1.0
Llama2-13B,32,4,8,32,32,3072,0.0040855,0.0138574115371704,0.01555525,0.0334981615371704,0.0040855,1.4940119614868164,2677.354735513138,17.94761878674855,439.300423124429,1.0
Llama2-13B,32,4,8,32,32,3200,0.0040855,0.0138574115371704,0.01610525,0.0340481615371704,0.0040855,1.5160119614868164,2638.501609233368,17.955727336634958,439.4988945449752,1.0
Llama2-13B,32,4,8,32,32,3328,0.0040855,0.0138574115371704,0.01665525,0.0345981615371704,0.0040855,1.5380119614868162,2600.7600071804045,17.96383588652137,439.69736596552127,1.0
Llama2-13B,32,4,8,32,32,3456,0.0040855,0.0138574115371704,0.01720525,0.0351481615371704,0.0040855,1.5600119614868162,2564.082903689841,17.971944436407785,439.8958373860674,1.0
Llama2-13B,32,4,8,32,32,3584,0.0040855,0.0138574115371704,0.01775525,0.0356981615371704,0.0040855,1.5820119614868164,2528.4258889172334,17.9800529862942,440.0943088066136,1.0
Llama2-13B,32,4,8,32,32,3712,0.0040855,0.0138574115371704,0.01830525,0.0362481615371704,0.0040855,1.6040119614868162,2493.7469894502883,17.98816153618061,440.2927802271597,1.0
Llama2-13B,32,4,8,32,32,3840,0.0040855,0.0138574115371704,0.01885525,0.0367981615371704,0.0040855,1.6260119614868165,2460.0065034837885,17.996270086067025,440.491251647706,1.0
Llama2-13B,32,4,8,32,32,3968,0.0040855,0.0138574115371704,0.01940525,0.0373481615371704,0.0040855,1.6480119614868165,2427.16684919644,18.00437863595344,440.6897230682521,1.0
Llama2-13B,32,4,8,32,32,4096,0.0040855,0.0138574115371704,0.01995525,0.0378981615371704,0.0040855,1.670011961486816,2395.192425112207,18.01248718583985,440.88819448879815,1.0
Llama2-13B,32,8,4,32,32,128,0.0040855,0.0130676499938964,0.00290525,0.0200583999938964,0.0040855,0.9564214997558592,8364.51292870572,8.880561069680526,434.7355804518676,1.0
Llama2-13B,32,8,4,32,32,256,0.0040855,0.0130676499938964,0.00345525,0.0206083999938964,0.0040855,0.9784214997558592,8176.435209156995,8.884615344623734,434.9340518724138,1.0
Llama2-13B,32,8,4,32,32,384,0.0040855,0.0130676499938964,0.00400525,0.0211583999938964,0.0040855,1.0004214997558591,7996.629422650657,8.888669619566937,435.13252329296,1.0
Llama2-13B,32,8,4,32,32,512,0.0040855,0.0130676499938964,0.00455525,0.0217083999938964,0.0040855,1.0224214997558592,7824.561594127564,8.892723894510146,435.3309947135061,1.0
Llama2-13B,32,8,4,32,32,640,0.0040855,0.0130676499938964,0.00510525,0.0222583999938964,0.0040855,1.0444214997558592,7659.742739755985,8.896778169453352,435.52946613405226,1.0
Llama2-13B,32,8,4,32,32,768,0.0040855,0.0130676499938964,0.00565525,0.0228083999938964,0.0040855,1.0664214997558592,7501.724226144613,8.900832444396558,435.7279375545983,1.0
Llama2-13B,32,8,4,32,32,896,0.0040855,0.0130676499938964,0.00620525,0.0233583999938964,0.0040855,1.0884214997558592,7350.093692374193,8.904886719339764,435.9264089751445,1.0
Llama2-13B,32,8,4,32,32,1024,0.0040855,0.0130676499938964,0.00675525,0.0239083999938964,0.0040855,1.1104214997558592,7204.471456792673,8.908940994282974,436.1248803956907,1.0
Llama2-13B,32,8,4,32,32,1152,0.0040855,0.0130676499938964,0.00730525,0.0244583999938964,0.0040855,1.1324214997558593,7064.507342650007,8.912995269226176,436.3233518162368,1.0
Llama2-13B,32,8,4,32,32,1280,0.0040855,0.0130676499938964,0.00785525,0.0250083999938964,0.0040855,1.1544214997558593,6929.877866699351,8.917049544169384,436.5218232367829,1.0
Llama2-13B,32,8,4,32,32,1408,0.0040855,0.0130676499938964,0.00840525,0.0255583999938964,0.0040855,1.176421499755859,6800.28374325038,8.92110381911259,436.72029465732913,1.0
Llama2-13B,32,8,4,32,32,1536,0.0040855,0.0130676499938964,0.00895525,0.0261083999938964,0.0040855,1.198421499755859,6675.447663138345,8.925158094055796,436.91876607787526,1.0
Llama2-13B,32,8,4,32,32,1664,0.0040855,0.0130676499938964,0.00950525,0.0266583999938964,0.0040855,1.2204214997558591,6555.112312918423,8.929212368999004,437.1172374984214,1.0
Llama2-13B,32,8,4,32,32,1792,0.0040855,0.0130676499938964,0.01005525,0.0272083999938964,0.0040855,1.2424214997558591,6439.038604509044,8.933266643942211,437.3157089189676,1.0
Llama2-13B,32,8,4,32,32,1920,0.0040855,0.0130676499938964,0.0106052499999999,0.0277583999938964,0.0040855,1.2644214997558592,6327.004089652604,8.937320918885415,437.5141803395136,1.0
Llama2-13B,32,8,4,32,32,2048,0.0040855,0.0130676499938964,0.01115525,0.0283083999938964,0.0040855,1.2864214997558592,6218.801537068732,8.941375193828621,437.7126517600598,1.0
Llama2-13B,32,8,4,32,32,2176,0.0040855,0.0130676499938964,0.0117052499999999,0.0288583999938964,0.0040855,1.308421499755859,6114.237653151325,8.945429468771827,437.911123180606,1.0
Llama2-13B,32,8,4,32,32,2304,0.0040855,0.0130676499938964,0.01225525,0.0294083999938964,0.0040855,1.3304214997558592,6013.13192959378,8.949483743715037,438.1095946011521,1.0
Llama2-13B,32,8,4,32,32,2432,0.0040855,0.0130676499938964,0.0128052499999999,0.0299583999938964,0.0040855,1.3524214997558592,5915.315603489126,8.953538018658241,438.3080660216983,1.0
Llama2-13B,32,8,4,32,32,2560,0.0040855,0.0130676499938964,0.01335525,0.0305083999938964,0.0040855,1.3744214997558593,5820.630717302554,8.957592293601449,438.5065374422445,1.0
Llama2-13B,32,8,4,32,32,2688,0.0040855,0.0130676499938964,0.01390525,0.0310583999938964,0.0040855,1.396421499755859,5728.929267702242,8.961646568544653,438.7050088627906,1.0
Llama2-13B,32,8,4,32,32,2816,0.0040855,0.0130676499938964,0.01445525,0.0316083999938964,0.0040855,1.418421499755859,5640.072433600994,8.965700843487861,438.9034802833367,1.0
Llama2-13B,32,8,4,32,32,2944,0.0040855,0.0130676499938964,0.01500525,0.0321583999938964,0.0040855,1.440421499755859,5553.929874940038,8.969755118431067,439.1019517038828,1.0
Llama2-13B,32,8,4,32,32,3072,0.0040855,0.0130676499938964,0.01555525,0.0327083999938964,0.0040855,1.4624214997558591,5470.379094765457,8.973809393374275,439.300423124429,1.0
Llama2-13B,32,8,4,32,32,3200,0.0040855,0.0130676499938964,0.01610525,0.0332583999938964,0.0040855,1.4844214997558594,5389.304858031057,8.977863668317479,439.4988945449752,1.0
Llama2-13B,32,8,4,32,32,3328,0.0040855,0.0130676499938964,0.01665525,0.0338083999938964,0.0040855,1.5064214997558592,5310.598661328542,8.981917943260685,439.69736596552127,1.0
Llama2-13B,32,8,4,32,32,3456,0.0040855,0.0130676499938964,0.01720525,0.0343583999938964,0.0040855,1.5284214997558592,5234.158248413721,8.985972218203893,439.8958373860674,1.0
Llama2-13B,32,8,4,32,32,3584,0.0040855,0.0130676499938964,0.01775525,0.0349083999938964,0.0040855,1.5504214997558594,5159.887166979907,8.9900264931471,440.0943088066136,1.0
Llama2-13B,32,8,4,32,32,3712,0.0040855,0.0130676499938964,0.01830525,0.0354583999938964,0.0040855,1.5724214997558592,5087.694362638843,8.994080768090305,440.2927802271597,1.0
Llama2-13B,32,8,4,32,32,3840,0.0040855,0.0130676499938964,0.01885525,0.0360083999938964,0.0040855,1.5944214997558597,5017.493806515387,8.998135043033512,440.491251647706,1.0
Llama2-13B,32,8,4,32,32,3968,0.0040855,0.0130676499938964,0.01940525,0.0365583999938964,0.0040855,1.6164214997558592,4949.204153253531,9.00218931797672,440.6897230682521,1.0
Llama2-13B,32,8,4,32,32,4096,0.0040855,0.0130676499938964,0.01995525,0.0371083999938964,0.0040855,1.638421499755859,4882.748426575261,9.006243592919924,440.88819448879815,1.0
Llama2-13B,32,16,2,32,32,128,0.0040855,0.0114136211013793,0.00290525,0.0184043711013793,0.0040855,0.8902603440551757,17972.270815882108,4.440280534840263,434.7355804518676,1.0
Llama2-13B,32,16,2,32,32,256,0.0040855,0.0114136211013793,0.00345525,0.0189543711013793,0.0040855,0.9122603440551756,17538.85292095113,4.442307672311867,434.9340518724138,1.0
Llama2-13B,32,16,2,32,32,384,0.0040855,0.0114136211013793,0.00400525,0.0195043711013793,0.0040855,0.9342603440551756,17125.847309917575,4.444334809783468,435.13252329296,1.0
Llama2-13B,32,16,2,32,32,512,0.0040855,0.0114136211013793,0.00455525,0.0200543711013793,0.0040855,0.9562603440551756,16731.84515019145,4.446361947255073,435.3309947135061,1.0
Llama2-13B,32,16,2,32,32,640,0.0040855,0.0114136211013793,0.00510525,0.0206043711013793,0.0040855,0.9782603440551756,16355.56434156915,4.448389084726676,435.52946613405226,1.0
Llama2-13B,32,16,2,32,32,768,0.0040855,0.0114136211013793,0.00565525,0.0211543711013793,0.0040855,1.0002603440551756,15995.835579299364,4.450416222198279,435.7279375545983,1.0
Llama2-13B,32,16,2,32,32,896,0.0040855,0.0114136211013793,0.00620525,0.0217043711013793,0.0040855,1.0222603440551756,15651.590216764209,4.452443359669882,435.9264089751445,1.0
Llama2-13B,32,16,2,32,32,1024,0.0040855,0.0114136211013793,0.00675525,0.0222543711013793,0.0040855,1.0442603440551756,15321.849662381326,4.454470497141487,436.1248803956907,1.0
Llama2-13B,32,16,2,32,32,1152,0.0040855,0.0114136211013793,0.00730525,0.0228043711013793,0.0040855,1.0662603440551757,15005.71608913934,4.456497634613088,436.3233518162368,1.0
Llama2-13B,32,16,2,32,32,1280,0.0040855,0.0114136211013793,0.00785525,0.0233543711013793,0.0040855,1.0882603440551757,14702.364271015638,4.458524772084692,436.5218232367829,1.0
Llama2-13B,32,16,2,32,32,1408,0.0040855,0.0114136211013793,0.00840525,0.0239043711013793,0.0040855,1.1102603440551757,14411.034389970848,4.460551909556295,436.72029465732913,1.0
Llama2-13B,32,16,2,32,32,1536,0.0040855,0.0114136211013793,0.00895525,0.0244543711013793,0.0040855,1.1322603440551755,14131.025681510851,4.462579047027898,436.91876607787526,1.0
Llama2-13B,32,16,2,32,32,1664,0.0040855,0.0114136211013793,0.00950525,0.0250043711013793,0.0040855,1.1542603440551755,13861.690806935643,4.464606184499502,437.1172374984214,1.0
Llama2-13B,32,16,2,32,32,1792,0.0040855,0.0114136211013793,0.01005525,0.0255543711013793,0.0040855,1.1762603440551755,13602.4308571347,4.466633321971106,437.3157089189676,1.0
Llama2-13B,32,16,2,32,32,1920,0.0040855,0.0114136211013793,0.0106052499999999,0.0261043711013793,0.0040855,1.1982603440551756,13352.690906762797,4.468660459442708,437.5141803395136,1.0
Llama2-13B,32,16,2,32,32,2048,0.0040855,0.0114136211013793,0.01115525,0.0266543711013793,0.0040855,1.2202603440551756,13111.956049336748,4.470687596914311,437.7126517600598,1.0
Llama2-13B,32,16,2,32,32,2176,0.0040855,0.0114136211013793,0.0117052499999999,0.0272043711013793,0.0040855,1.2422603440551754,12879.74785363458,4.472714734385914,437.911123180606,1.0
Llama2-13B,32,16,2,32,32,2304,0.0040855,0.0114136211013793,0.01225525,0.0277543711013793,0.0040855,1.2642603440551756,12655.621190078013,4.474741871857519,438.1095946011521,1.0
Llama2-13B,32,16,2,32,32,2432,0.0040855,0.0114136211013793,0.0128052499999999,0.0283043711013793,0.0040855,1.2862603440551756,12439.161382801412,4.476769009329121,438.3080660216983,1.0
Llama2-13B,32,16,2,32,32,2560,0.0040855,0.0114136211013793,0.01335525,0.0288543711013793,0.0040855,1.3082603440551757,12229.981649069388,4.4787961468007245,438.5065374422445,1.0
Llama2-13B,32,16,2,32,32,2688,0.0040855,0.0114136211013793,0.01390525,0.0294043711013793,0.0040855,1.3302603440551757,12027.720792777662,4.480823284272327,438.7050088627906,1.0
Llama2-13B,32,16,2,32,32,2816,0.0040855,0.0114136211013793,0.01445525,0.0299543711013793,0.0040855,1.3522603440551757,11832.04112310134,4.48285042174393,438.9034802833367,1.0
Llama2-13B,32,16,2,32,32,2944,0.0040855,0.0114136211013793,0.01500525,0.0305043711013793,0.0040855,1.3742603440551755,11642.626573060465,4.484877559215533,439.1019517038828,1.0
Llama2-13B,32,16,2,32,32,3072,0.0040855,0.0114136211013793,0.01555525,0.0310543711013793,0.0040855,1.3962603440551755,11459.180995953096,4.486904696687137,439.300423124429,1.0
Llama2-13B,32,16,2,32,32,3200,0.0040855,0.0114136211013793,0.01610525,0.0316043711013794,0.0040855,1.4182603440551758,11281.426620342378,4.488931834158739,439.4988945449752,1.0
Llama2-13B,32,16,2,32,32,3328,0.0040855,0.0114136211013793,0.01665525,0.0321543711013793,0.0040855,1.4402603440551756,11109.102646644174,4.490958971630342,439.69736596552127,1.0
Llama2-13B,32,16,2,32,32,3456,0.0040855,0.0114136211013793,0.01720525,0.0327043711013793,0.0040855,1.4622603440551756,10941.963970402436,4.492986109101946,439.8958373860674,1.0
Llama2-13B,32,16,2,32,32,3584,0.0040855,0.0114136211013793,0.01775525,0.0332543711013793,0.0040855,1.4842603440551758,10779.780019107764,4.49501324657355,440.0943088066136,1.0
Llama2-13B,32,16,2,32,32,3712,0.0040855,0.0114136211013793,0.01830525,0.0338043711013793,0.0040855,1.5062603440551756,10622.33369095051,4.497040384045152,440.2927802271597,1.0
Llama2-13B,32,16,2,32,32,3840,0.0040855,0.0114136211013793,0.01885525,0.0343543711013794,0.0040855,1.528260344055176,10469.420385236628,4.499067521516756,440.491251647706,1.0
Llama2-13B,32,16,2,32,32,3968,0.0040855,0.0114136211013793,0.01940525,0.0349043711013793,0.0040855,1.5502603440551757,10320.847115360735,4.50109465898836,440.6897230682521,1.0
Llama2-13B,32,16,2,32,32,4096,0.0040855,0.0114136211013793,0.01995525,0.0354543711013793,0.0040855,1.5722603440551757,10176.431696249989,4.503121796459962,440.88819448879815,1.0
Llama2-13B,32,32,1,32,32,128,0.0040855,0.0083290807342529,0.00290525,0.0153198307342529,0.0040855,0.766878729370117,41727.58843667955,2.220140267420132,434.7355804518676,1.0
Llama2-13B,32,32,1,32,32,256,0.0040855,0.0083290807342529,0.00345525,0.0158698307342529,0.0040855,0.788878729370117,40563.9026743065,2.221153836155933,434.9340518724138,1.0
Llama2-13B,32,32,1,32,32,384,0.0040855,0.0083290807342529,0.00400525,0.0164198307342529,0.0040855,0.8108787293701171,39463.36096996563,2.222167404891734,435.13252329296,1.0
Llama2-13B,32,32,1,32,32,512,0.0040855,0.0083290807342529,0.00455525,0.0169698307342529,0.0040855,0.8328787293701171,38420.95958459727,2.2231809736275365,435.3309947135061,1.0
Llama2-13B,32,32,1,32,32,640,0.0040855,0.0083290807342529,0.00510525,0.0175198307342529,0.0040855,0.8548787293701171,37432.20985692077,2.224194542363338,435.52946613405226,1.0
Llama2-13B,32,32,1,32,32,768,0.0040855,0.0083290807342529,0.00565525,0.0180698307342529,0.0040855,0.8768787293701171,36493.07358953314,2.2252081110991395,435.7279375545983,1.0
Llama2-13B,32,32,1,32,32,896,0.0040855,0.0083290807342529,0.00620525,0.0186198307342529,0.0040855,0.898878729370117,35599.907923534665,2.226221679834941,435.9264089751445,1.0
Llama2-13B,32,32,1,32,32,1024,0.0040855,0.0083290807342529,0.00675525,0.0191698307342529,0.0040855,0.9208787293701172,34749.41811489995,2.2272352485707434,436.1248803956907,1.0
Llama2-13B,32,32,1,32,32,1152,0.0040855,0.0083290807342529,0.00730525,0.0197198307342529,0.0040855,0.9428787293701172,33938.61692200582,2.228248817306544,436.3233518162368,1.0
Llama2-13B,32,32,1,32,32,1280,0.0040855,0.0083290807342529,0.00785525,0.0202698307342529,0.0040855,0.9648787293701172,33164.789549138404,2.229262386042346,436.5218232367829,1.0
Llama2-13B,32,32,1,32,32,1408,0.0040855,0.0083290807342529,0.00840525,0.0208198307342529,0.0040855,0.986878729370117,32425.46327898287,2.2302759547781474,436.72029465732913,1.0
Llama2-13B,32,32,1,32,32,1536,0.0040855,0.0083290807342529,0.00895525,0.0213698307342529,0.0040855,1.0088787293701171,31718.381078347116,2.231289523513949,436.91876607787526,1.0
Llama2-13B,32,32,1,32,32,1664,0.0040855,0.0083290807342529,0.00950525,0.0219198307342529,0.0040855,1.030878729370117,31041.47858356967,2.232303092249751,437.1172374984214,1.0
Llama2-13B,32,32,1,32,32,1792,0.0040855,0.0083290807342529,0.01005525,0.0224698307342529,0.0040855,1.052878729370117,30392.863971279912,2.233316660985553,437.3157089189676,1.0
Llama2-13B,32,32,1,32,32,1920,0.0040855,0.0083290807342529,0.0106052499999999,0.0230198307342529,0.0040855,1.074878729370117,29770.800301120595,2.234330229721354,437.5141803395136,1.0
Llama2-13B,32,32,1,32,32,2048,0.0040855,0.0083290807342529,0.01115525,0.0235698307342529,0.0040855,1.096878729370117,29173.689983373104,2.235343798457156,437.7126517600598,1.0
Llama2-13B,32,32,1,32,32,2176,0.0040855,0.0083290807342529,0.0117052499999999,0.0241198307342529,0.0040855,1.1188787293701168,28600.061079018546,2.236357367192957,437.911123180606,1.0
Llama2-13B,32,32,1,32,32,2304,0.0040855,0.0083290807342529,0.01225525,0.0246698307342529,0.0040855,1.140878729370117,28048.555184885696,2.2373709359287592,438.1095946011521,1.0
Llama2-13B,32,32,1,32,32,2432,0.0040855,0.0083290807342529,0.0128052499999999,0.0252198307342529,0.0040855,1.162878729370117,27517.916693972955,2.2383845046645603,438.3080660216983,1.0
Llama2-13B,32,32,1,32,32,2560,0.0040855,0.0083290807342529,0.01335525,0.0257698307342529,0.0040855,1.184878729370117,27006.98325221117,2.2393980734003622,438.5065374422445,1.0
Llama2-13B,32,32,1,32,32,2688,0.0040855,0.0083290807342529,0.01390525,0.0263198307342529,0.0040855,1.2068787293701169,26514.677258999454,2.2404116421361637,438.7050088627906,1.0
Llama2-13B,32,32,1,32,32,2816,0.0040855,0.0083290807342529,0.01445525,0.0268698307342529,0.0040855,1.2288787293701169,26039.998280710868,2.241425210871965,438.9034802833367,1.0
Llama2-13B,32,32,1,32,32,2944,0.0040855,0.0083290807342529,0.01500525,0.0274198307342529,0.0040855,1.250878729370117,25582.01626476907,2.2424387796077667,439.1019517038828,1.0
Llama2-13B,32,32,1,32,32,3072,0.0040855,0.0083290807342529,0.01555525,0.0279698307342529,0.0040855,1.2728787293701171,25139.865457438485,2.2434523483435687,439.300423124429,1.0
Llama2-13B,32,32,1,32,32,3200,0.0040855,0.0083290807342529,0.01610525,0.0285198307342529,0.0040855,1.294878729370117,24712.7389416352,2.2444659170793697,439.4988945449752,1.0
Llama2-13B,32,32,1,32,32,3328,0.0040855,0.0083290807342529,0.01665525,0.0290698307342529,0.0040855,1.316878729370117,24299.88372225139,2.245479485815171,439.69736596552127,1.0
Llama2-13B,32,32,1,32,32,3456,0.0040855,0.0083290807342529,0.01720525,0.0296198307342529,0.0040855,1.338878729370117,23900.596296017477,2.246493054550973,439.8958373860674,1.0
Llama2-13B,32,32,1,32,32,3584,0.0040855,0.0083290807342529,0.01775525,0.0301698307342529,0.0040855,1.3608787293701172,23514.218651070547,2.247506623286775,440.0943088066136,1.0
Llama2-13B,32,32,1,32,32,3712,0.0040855,0.0083290807342529,0.01830525,0.0307198307342529,0.0040855,1.382878729370117,23140.13464837627,2.248520192022576,440.2927802271597,1.0
Llama2-13B,32,32,1,32,32,3840,0.0040855,0.0083290807342529,0.01885525,0.0312698307342529,0.0040855,1.4048787293701173,22777.76674314609,2.249533760758378,440.491251647706,1.0
Llama2-13B,32,32,1,32,32,3968,0.0040855,0.0083290807342529,0.01940525,0.0318198307342529,0.0040855,1.426878729370117,22426.573009555,2.25054732949418,440.6897230682521,1.0
Llama2-13B,32,32,1,32,32,4096,0.0040855,0.0083290807342529,0.01995525,0.0323698307342529,0.0040855,1.4488787293701169,22086.044436522046,2.251560898229981,440.88819448879815,1.0
Llama2-13B,32,40,1,32,16,128,0.0048015,0.0009846627044677,0.0058105,0.0115966627044677,0.0048015,0.6186680081787109,64655.03221631825,1.2825741764557783,267.1194785912275,0.625
Llama2-13B,32,40,1,32,16,256,0.0048015,0.0009846627044677,0.0069105,0.0126966627044677,0.0048015,0.662668008178711,60362.05084041516,1.2830809608236793,267.2250256844068,0.625
Llama2-13B,32,40,1,32,16,384,0.0048015,0.0009846627044677,0.0080105,0.0137966627044677,0.0048015,0.706668008178711,56603.66613042472,1.2835877451915796,267.3305727775862,0.625
Llama2-13B,32,40,1,32,16,512,0.0048015,0.0009846627044677,0.0091105,0.0148966627044677,0.0048015,0.7506680081787109,53285.87280154509,1.2840945295594808,267.4361198707656,0.625
Llama2-13B,32,40,1,32,16,640,0.0048015,0.0009846627044677,0.0102105,0.0159966627044677,0.0048015,0.794668008178711,50335.48549623316,1.2846013139273815,267.541666963945,0.625
Llama2-13B,32,40,1,32,16,768,0.0048015,0.0009846627044677,0.0113105,0.0170966627044677,0.0048015,0.838668008178711,47694.6772857901,1.2851080982952825,267.6472140571243,0.625
Llama2-13B,32,40,1,32,16,896,0.0048015,0.0009846627044677,0.0124105,0.0181966627044677,0.0048015,0.8826680081787108,45317.15166899006,1.285614882663183,267.75276115030374,0.625
Llama2-13B,32,40,1,32,16,1024,0.0048015,0.0009846627044677,0.0135105,0.0192966627044677,0.0048015,0.9266680081787112,43165.4051364271,1.286121667031084,267.85830824348307,0.625
Llama2-13B,32,40,1,32,16,1152,0.0048015,0.0009846627044677,0.0146105,0.0203966627044677,0.0048015,0.9706680081787108,41208.73425616758,1.2866284513989843,267.9638553366625,0.625
Llama2-13B,32,40,1,32,16,1280,0.0048015,0.0009846627044677,0.0157105,0.0214966627044677,0.0048015,1.014668008178711,39421.76128308058,1.2871352357668857,268.06940242984183,0.625
Llama2-13B,32,40,1,32,16,1408,0.0048015,0.0009846627044677,0.0168105,0.0225966627044677,0.0048015,1.058668008178711,37783.32743691231,1.2876420201347862,268.1749495230212,0.625
Llama2-13B,32,40,1,32,16,1536,0.0048015,0.0009846627044677,0.0179105,0.0236966627044677,0.0048015,1.1026680081787108,36275.65115094656,1.288148804502687,268.28049661620065,0.625
Llama2-13B,32,40,1,32,16,1664,0.0048015,0.0009846627044677,0.0190105,0.0247966627044677,0.0048015,1.1466680081787108,34883.680119002594,1.288655588870588,268.38604370938003,0.625
Llama2-13B,32,40,1,32,16,1792,0.0048015,0.0009846627044677,0.0201105,0.0258966627044677,0.0048015,1.1906680081787109,33594.587009342315,1.289162373238489,268.49159080255936,0.625
Llama2-13B,32,40,1,32,16,1920,0.0048015,0.0009846627044677,0.0212104999999999,0.0269966627044677,0.0048015,1.2346680081787107,32397.373006371963,1.2896691576063894,268.59713789573874,0.625
Llama2-13B,32,40,1,32,16,2048,0.0048015,0.0009846627044677,0.0223105,0.0280966627044677,0.0048015,1.2786680081787107,31282.553207047527,1.2901759419742902,268.7026849889182,0.625
Llama2-13B,32,40,1,32,16,2176,0.0048015,0.0009846627044677,0.0234104999999999,0.0291966627044677,0.0048015,1.3226680081787106,30241.90481107898,1.290682726342191,268.8082320820975,0.625
Llama2-13B,32,40,1,32,16,2304,0.0048015,0.0009846627044677,0.0245105,0.0302966627044677,0.0048015,1.3666680081787108,29268.263953369315,1.291189510710092,268.9137791752769,0.625
Llama2-13B,32,40,1,32,16,2432,0.0048015,0.0009846627044677,0.0256104999999999,0.0313966627044677,0.0048015,1.4106680081787106,28355.360558323937,1.2916962950779929,269.01932626845627,0.625
Llama2-13B,32,40,1,32,16,2560,0.0048015,0.0009846627044677,0.0267105,0.0324966627044677,0.0048015,1.454668008178711,27497.68316557758,1.2922030794458936,269.12487336163565,0.625
Llama2-13B,32,40,1,32,16,2688,0.0048015,0.0009846627044677,0.0278105,0.0335966627044677,0.0048015,1.4986680081787107,26690.36756753811,1.2927098638137942,269.23042045481503,0.625
Llama2-13B,32,40,1,32,16,2816,0.0048015,0.0009846627044677,0.0289105,0.0346966627044677,0.0048015,1.542668008178711,25929.104504620147,1.293216648181695,269.3359675479944,0.625
Llama2-13B,32,40,1,32,16,2944,0.0048015,0.0009846627044677,0.0300105,0.0357966627044677,0.0048015,1.5866680081787106,25210.06271873776,1.293723432549596,269.4415146411738,0.625
Llama2-13B,32,40,1,32,16,3072,0.0048015,0.0009846627044677,0.0311105,0.0368966627044677,0.0048015,1.6306680081787108,24529.824464193607,1.2942302169174968,269.5470617343532,0.625
Llama2-13B,32,40,1,32,16,3200,0.0048015,0.0009846627044677,0.0322105,0.0379966627044677,0.0048015,1.6746680081787109,23885.331184837105,1.2947370012853974,269.6526088275326,0.625
Llama2-13B,32,40,1,32,16,3328,0.0048015,0.0009846627044677,0.0333105,0.0390966627044677,0.0048015,1.718668008178711,23273.837535608985,1.295243785653298,269.7581559207119,0.625
Llama2-13B,32,40,1,32,16,3456,0.0048015,0.0009846627044677,0.0344105,0.0401966627044677,0.0048015,1.762668008178711,22692.872290415187,1.295750570021199,269.8637030138913,0.625
Llama2-13B,32,40,1,32,16,3584,0.0048015,0.0009846627044677,0.0355105,0.0412966627044677,0.0048015,1.806668008178711,22140.204962351498,1.2962573543891,269.9692501070707,0.625
Llama2-13B,32,40,1,32,16,3712,0.0048015,0.0009846627044677,0.0366105,0.0423966627044677,0.0048015,1.850668008178711,21613.817185592896,1.2967641387570006,270.07479720025015,0.625
Llama2-13B,32,40,1,32,16,3840,0.0048015,0.0009846627044677,0.0377105,0.0434966627044677,0.0048015,1.894668008178711,21111.87808488456,1.2972709231249016,270.18034429342947,0.625
Llama2-13B,32,40,1,32,16,3968,0.0048015,0.0009846627044677,0.0388105,0.0445966627044677,0.0048015,1.9386680081787109,20632.72299911636,1.2977777074928023,270.2858913866089,0.625
Llama2-13B,32,40,1,32,16,4096,0.0048015,0.0009846627044677,0.0399105,0.0456966627044677,0.0048015,1.9826680081787107,20174.83503793669,1.298284491860703,270.39143847978823,0.625
Llama2-70B,8,1,8,32,32,128,0.0037655,0.0067296894327799,0.003287,0.0137821894327799,0.0037655,1.256340654622396,795.9624615511298,32.489006802311465,107.8509055979002,1.0
Llama2-70B,8,1,8,32,32,256,0.0037655,0.0067296894327799,0.004167,0.0146621894327799,0.0037655,1.326740654622396,753.7268090157457,32.51495416194798,107.9370407713052,1.0
Llama2-70B,8,1,8,32,32,384,0.0037655,0.0067296894327799,0.0050469999999999,0.0155421894327799,0.0037655,1.3971406546223957,715.747549605354,32.5409015215845,108.02317594471018,1.0
Llama2-70B,8,1,8,32,32,512,0.0037655,0.0067296894327799,0.005927,0.0164221894327799,0.0037655,1.467540654622396,681.4121277323687,32.566848881221034,108.10931111811516,1.0
Llama2-70B,8,1,8,32,32,640,0.0037655,0.0067296894327799,0.0068069999999999,0.0173021894327799,0.0037655,1.5379406546223957,650.2201479585218,32.59279624085755,108.19544629152016,1.0
Llama2-70B,8,1,8,32,32,768,0.0037655,0.0067296894327799,0.0076869999999999,0.0181821894327799,0.0037655,1.6083406546223955,621.7588277247017,32.61874360049407,108.28158146492515,1.0
Llama2-70B,8,1,8,32,32,896,0.0037655,0.0067296894327799,0.008567,0.0190621894327799,0.0037655,1.6787406546223955,595.6846265958413,32.64469096013059,108.36771663833017,1.0
Llama2-70B,8,1,8,32,32,1024,0.0037655,0.0067296894327799,0.0094469999999999,0.0199421894327799,0.0037655,1.7491406546223958,571.7093118597028,32.670638319767114,108.45385181173516,1.0
Llama2-70B,8,1,8,32,32,1152,0.0037655,0.0067296894327799,0.010327,0.0208221894327799,0.0037655,1.819540654622396,549.5892589481751,32.696585679403626,108.53998698514016,1.0
Llama2-70B,8,1,8,32,32,1280,0.0037655,0.0067296894327799,0.011207,0.0217021894327799,0.0037655,1.889940654622396,529.1171432045821,32.72253303904015,108.62612215854514,1.0
Llama2-70B,8,1,8,32,32,1408,0.0037655,0.0067296894327799,0.012087,0.0225821894327799,0.0037655,1.960340654622396,510.11542184877135,32.74848039867667,108.71225733195014,1.0
Llama2-70B,8,1,8,32,32,1536,0.0037655,0.0067296894327799,0.012967,0.0234621894327799,0.0037655,2.030740654622396,492.4311717125416,32.774427758313195,108.79839250535514,1.0
Llama2-70B,8,1,8,32,32,1664,0.0037655,0.0067296894327799,0.013847,0.0243421894327799,0.0037655,2.101140654622396,475.9319647640218,32.80037511794971,108.88452767876014,1.0
Llama2-70B,8,1,8,32,32,1792,0.0037655,0.0067296894327799,0.014727,0.0252221894327799,0.0037655,2.171540654622396,460.5025459096862,32.82632247758624,108.97066285216512,1.0
Llama2-70B,8,1,8,32,32,1920,0.0037655,0.0067296894327799,0.015607,0.0261021894327799,0.0037655,2.241940654622396,446.04213672570535,32.852269837222764,109.05679802557012,1.0
Llama2-70B,8,1,8,32,32,2048,0.0037655,0.0067296894327799,0.0164869999999999,0.0269821894327799,0.0037655,2.312340654622396,432.4622317222112,32.87821719685928,109.14293319897511,1.0
Llama2-70B,8,1,8,32,32,2176,0.0037655,0.0067296894327799,0.017367,0.0278621894327799,0.0037655,2.382740654622396,419.6847852744909,32.9041645564958,109.22906837238013,1.0
Llama2-70B,8,1,8,32,32,2304,0.0037655,0.0067296894327799,0.018247,0.0287421894327799,0.0037655,2.453140654622396,407.6407107418497,32.93011191613232,109.31520354578512,1.0
Llama2-70B,8,1,8,32,32,2432,0.0037655,0.0067296894327799,0.019127,0.0296221894327799,0.0037655,2.523540654622396,396.268630809767,32.956059275768844,109.40133871919012,1.0
Llama2-70B,8,1,8,32,32,2560,0.0037655,0.0067296894327799,0.020007,0.0305021894327799,0.0037655,2.593940654622396,385.5138313276376,32.982006635405355,109.4874738925951,1.0
Llama2-70B,8,1,8,32,32,2688,0.0037655,0.0067296894327799,0.020887,0.0313821894327799,0.0037655,2.664340654622396,375.3273810032843,33.00795399504188,109.57360906600007,1.0
Llama2-70B,8,1,8,32,32,2816,0.0037655,0.0067296894327799,0.021767,0.0322621894327799,0.0037655,2.734740654622396,365.6653870668686,33.0339013546784,109.6597442394051,1.0
Llama2-70B,8,1,8,32,32,2944,0.0037655,0.0067296894327799,0.022647,0.0331421894327799,0.0037655,2.805140654622396,356.4883630174372,33.05984871431493,109.7458794128101,1.0
Llama2-70B,8,1,8,32,32,3072,0.0037655,0.0067296894327799,0.023527,0.0340221894327799,0.0037655,2.8755406546223963,347.76068924378177,33.08579607395144,109.83201458621508,1.0
Llama2-70B,8,1,8,32,32,3200,0.0037655,0.0067296894327799,0.024407,0.0349021894327799,0.0037655,2.945940654622396,339.45015098349893,33.11174343358797,109.91814975962008,1.0
Llama2-70B,8,1,8,32,32,3328,0.0037655,0.0067296894327799,0.025287,0.0357821894327799,0.0037655,3.016340654622396,331.52754098498406,33.13769079322449,110.00428493302508,1.0
Llama2-70B,8,1,8,32,32,3456,0.0037655,0.0067296894327799,0.026167,0.0366621894327799,0.0037655,3.086740654622396,323.9663165424991,33.163638152861004,110.09042010643007,1.0
Llama2-70B,8,1,8,32,32,3584,0.0037655,0.0067296894327799,0.027047,0.0375421894327799,0.0037655,3.157140654622396,316.7423024171862,33.18958551249753,110.17655527983506,1.0
Llama2-70B,8,1,8,32,32,3712,0.0037655,0.0067296894327799,0.027927,0.0384221894327799,0.0037655,3.227540654622396,309.83343263789016,33.21553287213405,110.26269045324008,1.0
Llama2-70B,8,1,8,32,32,3840,0.0037655,0.0067296894327799,0.028807,0.0393021894327799,0.0037655,3.2979406546223964,303.2195253721134,33.24148023177057,110.34882562664508,1.0
Llama2-70B,8,1,8,32,32,3968,0.0037655,0.0067296894327799,0.029687,0.0401821894327799,0.0037655,3.368340654622396,296.8820860288265,33.267427591407085,110.43496080005006,1.0
Llama2-70B,8,1,8,32,32,4096,0.0037655,0.0067296894327799,0.030567,0.0410621894327799,0.0037655,3.438740654622396,290.80413454727625,33.29337495104361,110.52109597345506,1.0
Llama2-70B,8,2,4,32,32,128,0.0037655,0.0064117979939778,0.003287,0.0134642979939778,0.0037655,1.2309093395182291,1624.8150337235954,16.244503401155733,107.8509055979002,1.0
Llama2-70B,8,2,4,32,32,256,0.0037655,0.0064117979939778,0.004167,0.0143442979939778,0.0037655,1.3013093395182294,1536.9135833148173,16.25747708097399,107.9370407713052,1.0
Llama2-70B,8,2,4,32,32,384,0.0037655,0.0064117979939778,0.0050469999999999,0.0152242979939778,0.0037655,1.3717093395182292,1458.0348346264368,16.27045076079225,108.02317594471018,1.0
Llama2-70B,8,2,4,32,32,512,0.0037655,0.0064117979939778,0.005927,0.0161042979939778,0.0037655,1.4421093395182292,1386.8573936759522,16.283424440610517,108.10931111811516,1.0
Llama2-70B,8,2,4,32,32,640,0.0037655,0.0064117979939778,0.0068069999999999,0.0169842979939778,0.0037655,1.5125093395182292,1322.3058844959255,16.296398120428776,108.19544629152016,1.0
Llama2-70B,8,2,4,32,32,768,0.0037655,0.0064117979939778,0.0076869999999999,0.0178642979939778,0.0037655,1.5829093395182294,1263.496240794634,16.309371800247035,108.28158146492515,1.0
Llama2-70B,8,2,4,32,32,896,0.0037655,0.0064117979939778,0.008567,0.0187442979939778,0.0037655,1.6533093395182292,1209.694974917879,16.322345480065295,108.36771663833017,1.0
Llama2-70B,8,2,4,32,32,1024,0.0037655,0.0064117979939778,0.0094469999999999,0.0196242979939778,0.0037655,1.723709339518229,1160.2884280704734,16.335319159883557,108.45385181173516,1.0
Llama2-70B,8,2,4,32,32,1152,0.0037655,0.0064117979939778,0.010327,0.0205042979939778,0.0037655,1.794109339518229,1114.7592601781218,16.348292839701813,108.53998698514016,1.0
Llama2-70B,8,2,4,32,32,1280,0.0037655,0.0064117979939778,0.011207,0.0213842979939778,0.0037655,1.8645093395182293,1072.6682659132082,16.361266519520075,108.62612215854514,1.0
Llama2-70B,8,2,4,32,32,1408,0.0037655,0.0064117979939778,0.012087,0.0222642979939778,0.0037655,1.9349093395182293,1033.640160369466,16.374240199338335,108.71225733195014,1.0
Llama2-70B,8,2,4,32,32,1536,0.0037655,0.0064117979939778,0.012967,0.0231442979939778,0.0037655,2.005309339518229,997.3523588537691,16.387213879156597,108.79839250535514,1.0
Llama2-70B,8,2,4,32,32,1664,0.0037655,0.0064117979939778,0.013847,0.0240242979939778,0.0037655,2.0757093395182293,963.5260399532616,16.400187558974856,108.88452767876014,1.0
Llama2-70B,8,2,4,32,32,1792,0.0037655,0.0064117979939778,0.014727,0.0249042979939778,0.0037655,2.146109339518229,931.9189675811072,16.41316123879312,108.97066285216512,1.0
Llama2-70B,8,2,4,32,32,1920,0.0037655,0.0064117979939778,0.015607,0.0257842979939778,0.0037655,2.216509339518229,902.3196809243816,16.426134918611382,109.05679802557012,1.0
Llama2-70B,8,2,4,32,32,2048,0.0037655,0.0064117979939778,0.0164869999999999,0.0266642979939778,0.0037655,2.2869093395182287,874.5427575285208,16.43910859842964,109.14293319897511,1.0
Llama2-70B,8,2,4,32,32,2176,0.0037655,0.0064117979939778,0.017367,0.0275442979939778,0.0037655,2.3573093395182294,848.424925177086,16.4520822782479,109.22906837238013,1.0
Llama2-70B,8,2,4,32,32,2304,0.0037655,0.0064117979939778,0.018247,0.0284242979939778,0.0037655,2.427709339518229,823.8218502701371,16.46505595806616,109.31520354578512,1.0
Llama2-70B,8,2,4,32,32,2432,0.0037655,0.0064117979939778,0.019127,0.0293042979939778,0.0037655,2.498109339518229,800.6054692488793,16.478029637884422,109.40133871919012,1.0
Llama2-70B,8,2,4,32,32,2560,0.0037655,0.0064117979939778,0.020007,0.0301842979939778,0.0037655,2.568509339518229,778.6617588765072,16.491003317702678,109.4874738925951,1.0
Llama2-70B,8,2,4,32,32,2688,0.0037655,0.0064117979939778,0.020887,0.0310642979939778,0.0037655,2.638909339518229,757.888863421556,16.50397699752094,109.57360906600007,1.0
Llama2-70B,8,2,4,32,32,2816,0.0037655,0.0064117979939778,0.021767,0.0319442979939778,0.0037655,2.7093093395182293,738.1955138262805,16.5169506773392,109.6597442394051,1.0
Llama2-70B,8,2,4,32,32,2944,0.0037655,0.0064117979939778,0.022647,0.0328242979939778,0.0037655,2.779709339518229,719.4996870955702,16.529924357157466,109.7458794128101,1.0
Llama2-70B,8,2,4,32,32,3072,0.0037655,0.0064117979939778,0.023527,0.0337042979939778,0.0037655,2.8501093395182293,701.7274643709184,16.54289803697572,109.83201458621508,1.0
Llama2-70B,8,2,4,32,32,3200,0.0037655,0.0064117979939778,0.024407,0.0345842979939778,0.0037655,2.920509339518229,684.8120541637859,16.555871716793984,109.91814975962008,1.0
Llama2-70B,8,2,4,32,32,3328,0.0037655,0.0064117979939778,0.025287,0.0354642979939778,0.0037655,2.9909093395182293,668.6929535357152,16.568845396612247,110.00428493302508,1.0
Llama2-70B,8,2,4,32,32,3456,0.0037655,0.0064117979939778,0.026167,0.0363442979939778,0.0037655,3.0613093395182296,653.3152250189613,16.581819076430502,110.09042010643007,1.0
Llama2-70B,8,2,4,32,32,3584,0.0037655,0.0064117979939778,0.027047,0.0372242979939778,0.0037655,3.1317093395182294,638.6288710649222,16.594792756248765,110.17655527983506,1.0
Llama2-70B,8,2,4,32,32,3712,0.0037655,0.0064117979939778,0.027927,0.0381042979939778,0.0037655,3.202109339518229,624.5882910109835,16.607766436067024,110.26269045324008,1.0
Llama2-70B,8,2,4,32,32,3840,0.0037655,0.0064117979939778,0.028807,0.0389842979939778,0.0037655,3.2725093395182294,611.1518081395102,16.620740115885287,110.34882562664508,1.0
Llama2-70B,8,2,4,32,32,3968,0.0037655,0.0064117979939778,0.029687,0.0398642979939778,0.0037655,3.342909339518229,598.2812564962454,16.633713795703542,110.43496080005006,1.0
Llama2-70B,8,2,4,32,32,4096,0.0037655,0.0064117979939778,0.030567,0.0407442979939778,0.0037655,3.413309339518229,585.9416188402923,16.646687475521805,110.52109597345506,1.0
Llama2-70B,8,4,2,32,32,128,0.0037655,0.005782637854682,0.003287,0.012835137854682,0.0037655,1.180576528374566,3388.1751024707014,8.122251700577866,107.8509055979002,1.0
Llama2-70B,8,4,2,32,32,256,0.0037655,0.005782637854682,0.004167,0.013715137854682,0.0037655,1.250976528374566,3197.502038825084,8.128738540486996,107.9370407713052,1.0
Llama2-70B,8,4,2,32,32,384,0.0037655,0.005782637854682,0.0050469999999999,0.014595137854682,0.0037655,1.321376528374566,3027.146247951314,8.135225380396125,108.02317594471018,1.0
Llama2-70B,8,4,2,32,32,512,0.0037655,0.005782637854682,0.005927,0.015475137854682,0.0037655,1.391776528374566,2874.024614189705,8.141712220305259,108.10931111811516,1.0
Llama2-70B,8,4,2,32,32,640,0.0037655,0.005782637854682,0.0068069999999999,0.016355137854682,0.0037655,1.4621765283745658,2735.647797907559,8.148199060214388,108.19544629152016,1.0
Llama2-70B,8,4,2,32,32,768,0.0037655,0.005782637854682,0.0076869999999999,0.017235137854682,0.0037655,1.5325765283745658,2609.9838578647405,8.154685900123518,108.28158146492515,1.0
Llama2-70B,8,4,2,32,32,896,0.0037655,0.005782637854682,0.008567,0.018115137854682,0.0037655,1.602976528374566,2495.357810420368,8.161172740032647,108.36771663833017,1.0
Llama2-70B,8,4,2,32,32,1024,0.0037655,0.005782637854682,0.0094469999999999,0.018995137854682,0.0037655,1.673376528374566,2390.3765423824843,8.167659579941779,108.45385181173516,1.0
Llama2-70B,8,4,2,32,32,1152,0.0037655,0.005782637854682,0.010327,0.019875137854682,0.0037655,1.743776528374566,2293.87191243395,8.174146419850906,108.53998698514016,1.0
Llama2-70B,8,4,2,32,32,1280,0.0037655,0.005782637854682,0.011207,0.020755137854682,0.0037655,1.814176528374566,2204.857100418916,8.180633259760038,108.62612215854514,1.0
Llama2-70B,8,4,2,32,32,1408,0.0037655,0.005782637854682,0.012087,0.021635137854682,0.0037655,1.884576528374566,2122.4927402921503,8.187120099669167,108.71225733195014,1.0
Llama2-70B,8,4,2,32,32,1536,0.0037655,0.005782637854682,0.012967,0.022515137854682,0.0037655,1.9549765283745657,2046.0603705179708,8.193606939578299,108.79839250535514,1.0
Llama2-70B,8,4,2,32,32,1664,0.0037655,0.005782637854682,0.013847,0.023395137854682,0.0037655,2.025376528374566,1974.94142148973,8.200093779487428,108.88452767876014,1.0
Llama2-70B,8,4,2,32,32,1792,0.0037655,0.005782637854682,0.014727,0.024275137854682,0.0037655,2.095776528374566,1908.6004379972248,8.20658061939656,108.97066285216512,1.0
Llama2-70B,8,4,2,32,32,1920,0.0037655,0.005782637854682,0.015607,0.025155137854682,0.0037655,2.166176528374566,1846.5715732786928,8.213067459305691,109.05679802557012,1.0
Llama2-70B,8,4,2,32,32,2048,0.0037655,0.005782637854682,0.0164869999999999,0.026035137854682,0.0037655,2.236576528374566,1788.447633807104,8.21955429921482,109.14293319897511,1.0
Llama2-70B,8,4,2,32,32,2176,0.0037655,0.005782637854682,0.017367,0.026915137854682,0.0037655,2.306976528374566,1733.8711299409244,8.22604113912395,109.22906837238013,1.0
Llama2-70B,8,4,2,32,32,2304,0.0037655,0.005782637854682,0.018247,0.027795137854682,0.0037655,2.3773765283745663,1682.5269166490998,8.23252797903308,109.31520354578512,1.0
Llama2-70B,8,4,2,32,32,2432,0.0037655,0.005782637854682,0.019127,0.028675137854682,0.0037655,2.447776528374566,1634.1361041876564,8.239014818942211,109.40133871919012,1.0
Llama2-70B,8,4,2,32,32,2560,0.0037655,0.005782637854682,0.020007,0.029555137854682,0.0037655,2.5181765283745663,1588.4509902019945,8.245501658851339,109.4874738925951,1.0
Llama2-70B,8,4,2,32,32,2688,0.0037655,0.005782637854682,0.020887,0.030435137854682,0.0037655,2.588576528374566,1545.2508188010586,8.25198849876047,109.57360906600007,1.0
Llama2-70B,8,4,2,32,32,2816,0.0037655,0.005782637854682,0.021767,0.031315137854682,0.0037655,2.658976528374566,1504.338213336995,8.2584753386696,109.6597442394051,1.0
Llama2-70B,8,4,2,32,32,2944,0.0037655,0.005782637854682,0.022647,0.032195137854682,0.0037655,2.729376528374566,1465.5361612500317,8.264962178578733,109.7458794128101,1.0
Llama2-70B,8,4,2,32,32,3072,0.0037655,0.005782637854682,0.023527,0.033075137854682,0.0037655,2.7997765283745664,1428.6854538073555,8.27144901848786,109.83201458621508,1.0
Llama2-70B,8,4,2,32,32,3200,0.0037655,0.005782637854682,0.024407,0.033955137854682,0.0037655,2.870176528374566,1393.642502632155,8.277935858396992,109.91814975962008,1.0
Llama2-70B,8,4,2,32,32,3328,0.0037655,0.005782637854682,0.025287,0.034835137854682,0.0037655,2.940576528374566,1360.2774698780042,8.284422698306123,110.00428493302508,1.0
Llama2-70B,8,4,2,32,32,3456,0.0037655,0.005782637854682,0.026167,0.035715137854682,0.0037655,3.010976528374566,1328.4726607149423,8.290909538215251,110.09042010643007,1.0
Llama2-70B,8,4,2,32,32,3584,0.0037655,0.005782637854682,0.027047,0.036595137854682,0.0037655,3.081376528374566,1298.1211361761136,8.297396378124382,110.17655527983506,1.0
Llama2-70B,8,4,2,32,32,3712,0.0037655,0.005782637854682,0.027927,0.037475137854682,0.0037655,3.151776528374566,1269.125511910224,8.303883218033512,110.26269045324008,1.0
Llama2-70B,8,4,2,32,32,3840,0.0037655,0.005782637854682,0.028807,0.038355137854682,0.0037655,3.2221765283745665,1241.396914407358,8.310370057942643,110.34882562664508,1.0
Llama2-70B,8,4,2,32,32,3968,0.0037655,0.005782637854682,0.029687,0.039235137854682,0.0037655,3.2925765283745663,1214.854071129112,8.316856897851771,110.43496080005006,1.0
Llama2-70B,8,4,2,32,32,4096,0.0037655,0.005782637854682,0.030567,0.040115137854682,0.0037655,3.362976528374566,1189.422514921128,8.323343737760903,110.52109597345506,1.0
Llama2-70B,8,8,1,32,32,128,0.0037655,0.0045739881134033,0.003287,0.0116264881134033,0.0037655,1.0838845490722655,7380.859895869425,4.061125850288933,107.8509055979002,1.0
Llama2-70B,8,8,1,32,32,256,0.0037655,0.0045739881134033,0.004167,0.0125064881134033,0.0037655,1.1542845490722655,6930.700065620603,4.064369270243498,107.9370407713052,1.0
Llama2-70B,8,8,1,32,32,384,0.0037655,0.0045739881134033,0.0050469999999999,0.0133864881134033,0.0037655,1.2246845490722655,6532.294382304598,4.067612690198063,108.02317594471018,1.0
Llama2-70B,8,8,1,32,32,512,0.0037655,0.0045739881134033,0.005927,0.0142664881134033,0.0037655,1.2950845490722656,6177.202875079317,4.070856110152629,108.10931111811516,1.0
Llama2-70B,8,8,1,32,32,640,0.0037655,0.0045739881134033,0.0068069999999999,0.0151464881134033,0.0037655,1.3654845490722656,5858.72612431634,4.074099530107194,108.19544629152016,1.0
Llama2-70B,8,8,1,32,32,768,0.0037655,0.0045739881134033,0.0076869999999999,0.0160264881134033,0.0037655,1.4358845490722656,5571.478574073975,4.077342950061759,108.28158146492515,1.0
Llama2-70B,8,8,1,32,32,896,0.0037655,0.0045739881134033,0.008567,0.0169064881134033,0.0037655,1.5062845490722654,5311.081498464067,4.080586370016324,108.36771663833017,1.0
Llama2-70B,8,8,1,32,32,1024,0.0037655,0.0045739881134033,0.0094469999999999,0.0177864881134033,0.0037655,1.5766845490722654,5073.93822353829,4.083829789970889,108.45385181173516,1.0
Llama2-70B,8,8,1,32,32,1152,0.0037655,0.0045739881134033,0.010327,0.0186664881134033,0.0037655,1.6470845490722656,4857.066994226901,4.087073209925453,108.53998698514016,1.0
Llama2-70B,8,8,1,32,32,1280,0.0037655,0.0045739881134033,0.011207,0.0195464881134033,0.0037655,1.7174845490722657,4657.97494616261,4.090316629880019,108.62612215854514,1.0
Llama2-70B,8,8,1,32,32,1408,0.0037655,0.0045739881134033,0.012087,0.0204264881134033,0.0037655,1.7878845490722657,4474.561852526331,4.093560049834584,108.71225733195014,1.0
Llama2-70B,8,8,1,32,32,1536,0.0037655,0.0045739881134033,0.012967,0.0213064881134033,0.0037655,1.8582845490722657,4305.045749852432,4.096803469789149,108.79839250535514,1.0
Llama2-70B,8,8,1,32,32,1664,0.0037655,0.0045739881134033,0.013847,0.0221864881134033,0.0037655,1.9286845490722653,4147.904852479974,4.100046889743714,108.88452767876014,1.0
Llama2-70B,8,8,1,32,32,1792,0.0037655,0.0045739881134033,0.014727,0.0230664881134033,0.0037655,1.9990845490722653,4001.8317402896414,4.10329030969828,108.97066285216512,1.0
Llama2-70B,8,8,1,32,32,1920,0.0037655,0.0045739881134033,0.015607,0.0239464881134033,0.0037655,2.069484549072265,3865.696897126553,4.1065337296528455,109.05679802557012,1.0
Llama2-70B,8,8,1,32,32,2048,0.0037655,0.0045739881134033,0.0164869999999999,0.0248264881134033,0.0037655,2.1398845490722658,3738.519446513296,4.10977714960741,109.14293319897511,1.0
Llama2-70B,8,8,1,32,32,2176,0.0037655,0.0045739881134033,0.017367,0.0257064881134033,0.0037655,2.2102845490722656,3619.4434799618366,4.113020569561975,109.22906837238013,1.0
Llama2-70B,8,8,1,32,32,2304,0.0037655,0.0045739881134033,0.018247,0.0265864881134033,0.0037655,2.280684549072266,3507.718769460788,4.11626398951654,109.31520354578512,1.0
Llama2-70B,8,8,1,32,32,2432,0.0037655,0.0045739881134033,0.019127,0.0274664881134033,0.0037655,2.3510845490722656,3402.6849451912685,4.1195074094711055,109.40133871919012,1.0
Llama2-70B,8,8,1,32,32,2560,0.0037655,0.0045739881134033,0.020007,0.0283464881134033,0.0037655,2.421484549072266,3303.758433257404,4.122750829425669,109.4874738925951,1.0
Llama2-70B,8,8,1,32,32,2688,0.0037655,0.0045739881134033,0.020887,0.0292264881134033,0.0037655,2.491884549072266,3210.421607605544,4.125994249380235,109.57360906600007,1.0
Llama2-70B,8,8,1,32,32,2816,0.0037655,0.0045739881134033,0.021767,0.0301064881134033,0.0037655,2.562284549072266,3122.213730280887,4.1292376693348,109.6597442394051,1.0
Llama2-70B,8,8,1,32,32,2944,0.0037655,0.0045739881134033,0.022647,0.0309864881134033,0.0037655,2.6326845490722657,3038.723345270944,4.132481089289366,109.7458794128101,1.0
Llama2-70B,8,8,1,32,32,3072,0.0037655,0.0045739881134033,0.023527,0.0318664881134033,0.0037655,2.703084549072266,2959.5818609320618,4.13572450924393,109.83201458621508,1.0
Llama2-70B,8,8,1,32,32,3200,0.0037655,0.0045739881134033,0.024407,0.0327464881134033,0.0037655,2.7734845490722653,2884.458109808476,4.138967929198496,109.91814975962008,1.0
Llama2-70B,8,8,1,32,32,3328,0.0037655,0.0045739881134033,0.025287,0.0336264881134033,0.0037655,2.843884549072266,2813.053716477262,4.142211349153062,110.00428493302508,1.0
Llama2-70B,8,8,1,32,32,3456,0.0037655,0.0045739881134033,0.026167,0.0345064881134033,0.0037655,2.9142845490722658,2745.0991367835795,4.145454769107626,110.09042010643007,1.0
Llama2-70B,8,8,1,32,32,3584,0.0037655,0.0045739881134033,0.027047,0.0353864881134033,0.0037655,2.984684549072266,2680.3502576132046,4.148698189062191,110.17655527983506,1.0
Llama2-70B,8,8,1,32,32,3712,0.0037655,0.0045739881134033,0.027927,0.0362664881134033,0.0037655,3.055084549072266,2618.5854667849867,4.151941609016756,110.26269045324008,1.0
Llama2-70B,8,8,1,32,32,3840,0.0037655,0.0045739881134033,0.028807,0.0371464881134033,0.0037655,3.1254845490722656,2559.603118938672,4.155185028971322,110.34882562664508,1.0
Llama2-70B,8,8,1,32,32,3968,0.0037655,0.0045739881134033,0.029687,0.0380264881134033,0.0037655,3.195884549072266,2503.2193363562906,4.158428448925886,110.43496080005006,1.0
Llama2-70B,8,8,1,32,32,4096,0.0037655,0.0045739881134033,0.030567,0.0389064881134033,0.0037655,3.266284549072265,2449.266094184069,4.161671868880451,110.52109597345506,1.0
Llama2-70B,20,1,20,32,32,128,0.0037655,0.0148387594386509,0.003287,0.0218912594386509,0.0037655,1.905066255092076,524.9161268418289,81.22251700577863,269.6272639947505,1.0
Llama2-70B,20,1,20,32,32,256,0.0037655,0.0148387594386509,0.004167,0.0227712594386509,0.0037655,1.975466255092076,506.2096087049537,81.28738540486992,269.842601928263,1.0
Llama2-70B,20,1,20,32,32,384,0.0037655,0.0148387594386509,0.0050469999999999,0.0236512594386509,0.0037655,2.045866255092076,488.7905050054185,81.35225380396123,270.0579398617754,1.0
Llama2-70B,20,1,20,32,32,512,0.0037655,0.0148387594386509,0.005927,0.0245312594386509,0.0037655,2.116266255092076,472.53033383386406,81.41712220305254,270.273277795288,1.0
Llama2-70B,20,1,20,32,32,640,0.0037655,0.0148387594386509,0.0068069999999999,0.0254112594386509,0.0037655,2.186666255092076,457.31715924700734,81.48199060214382,270.4886157288005,1.0
Llama2-70B,20,1,20,32,32,768,0.0037655,0.0148387594386509,0.0076869999999999,0.0262912594386509,0.0037655,2.257066255092076,443.0530108471297,81.54685900123513,270.7039536623129,1.0
Llama2-70B,20,1,20,32,32,896,0.0037655,0.0148387594386509,0.008567,0.0271712594386509,0.0037655,2.327466255092076,429.6517716689472,81.61172740032644,270.9192915958254,1.0
Llama2-70B,20,1,20,32,32,1024,0.0037655,0.0148387594386509,0.0094469999999999,0.0280512594386509,0.0037655,2.3978662550920755,417.0374381291758,81.67659579941773,271.134629529338,1.0
Llama2-70B,20,1,20,32,32,1152,0.0037655,0.0148387594386509,0.010327,0.0289312594386509,0.0037655,2.468266255092076,405.1426777548746,81.74146419850905,271.34996746285043,1.0
Llama2-70B,20,1,20,32,32,1280,0.0037655,0.0148387594386509,0.011207,0.0298112594386509,0.0037655,2.538666255092076,393.90762688643787,81.80633259760035,271.5653053963629,1.0
Llama2-70B,20,1,20,32,32,1408,0.0037655,0.0148387594386509,0.012087,0.0306912594386509,0.0037655,2.609066255092076,383.2788830288671,81.87120099669166,271.7806433298754,1.0
Llama2-70B,20,1,20,32,32,1536,0.0037655,0.0148387594386509,0.012967,0.0315712594386509,0.0037655,2.679466255092076,373.2086560521497,81.93606939578295,271.99598126338793,1.0
Llama2-70B,20,1,20,32,32,1664,0.0037655,0.0148387594386509,0.013847,0.0324512594386509,0.0037655,2.749866255092076,363.6540497736012,82.00093779487423,272.2113191969003,1.0
Llama2-70B,20,1,20,32,32,1792,0.0037655,0.0148387594386509,0.014727,0.0333312594386509,0.0037655,2.820266255092076,354.57645113984177,82.06580619396556,272.4266571304129,1.0
Llama2-70B,20,1,20,32,32,1920,0.0037655,0.0148387594386509,0.015607,0.0342112594386509,0.0037655,2.8906662550920754,345.941008664851,82.13067459305685,272.6419950639254,1.0
Llama2-70B,20,1,20,32,32,2048,0.0037655,0.0148387594386509,0.0164869999999999,0.0350912594386509,0.0037655,2.961066255092076,337.7161852695203,82.19554299214816,272.85733299743777,1.0
Llama2-70B,20,1,20,32,32,2176,0.0037655,0.0148387594386509,0.017367,0.0359712594386509,0.0037655,3.031466255092076,329.8733734278783,82.26041139123946,273.0726709309503,1.0
Llama2-70B,20,1,20,32,32,2304,0.0037655,0.0148387594386509,0.018247,0.0368512594386509,0.0037655,3.101866255092076,322.3865627211951,82.32527979033077,273.2880088644628,1.0
Llama2-70B,20,1,20,32,32,2432,0.0037655,0.0148387594386509,0.019127,0.0377312594386509,0.0037655,3.1722662550920764,315.232051658594,82.39014818942206,273.5033467979752,1.0
Llama2-70B,20,1,20,32,32,2560,0.0037655,0.0148387594386509,0.020007,0.0386112594386509,0.0037655,3.242666255092076,308.3881970368255,82.45501658851336,273.7186847314878,1.0
Llama2-70B,20,1,20,32,32,2688,0.0037655,0.0148387594386509,0.020887,0.0394912594386509,0.0037655,3.313066255092076,301.8351952554623,82.51988498760467,273.9340226650003,1.0
Llama2-70B,20,1,20,32,32,2816,0.0037655,0.0148387594386509,0.021767,0.0403712594386509,0.0037655,3.383466255092076,295.5548909332292,82.58475338669597,274.1493605985127,1.0
Llama2-70B,20,1,20,32,32,2944,0.0037655,0.0148387594386509,0.022647,0.0412512594386509,0.0037655,3.453866255092076,289.53060893011946,82.64962178578728,274.3646985320253,1.0
Llama2-70B,20,1,20,32,32,3072,0.0037655,0.0148387594386509,0.023527,0.0421312594386509,0.0037655,3.524266255092076,283.74700650245666,82.71449018487858,274.5800364655378,1.0
Llama2-70B,20,1,20,32,32,3200,0.0037655,0.0148387594386509,0.024407,0.0430112594386509,0.0037655,3.594666255092076,278.18994283083606,82.77935858396988,274.7953743990502,1.0
Llama2-70B,20,1,20,32,32,3328,0.0037655,0.0148387594386509,0.025287,0.0438912594386509,0.0037655,3.665066255092076,272.846363585009,82.84422698306118,275.0107123325627,1.0
Llama2-70B,20,1,20,32,32,3456,0.0037655,0.0148387594386509,0.026167,0.0447712594386509,0.0037655,3.735466255092076,267.70419854197047,82.90909538215249,275.2260502660752,1.0
Llama2-70B,20,1,20,32,32,3584,0.0037655,0.0148387594386509,0.027047,0.0456512594386509,0.0037655,3.805866255092076,262.7522705670609,82.97396378124378,275.4413881995878,1.0
Llama2-70B,20,1,20,32,32,3712,0.0037655,0.0148387594386509,0.027927,0.0465312594386509,0.0037655,3.876266255092076,257.9802145134755,83.03883218033508,275.6567261331002,1.0
Llama2-70B,20,1,20,32,32,3840,0.0037655,0.0148387594386509,0.028807,0.0474112594386509,0.0037655,3.946666255092076,253.37840480171792,83.1037005794264,275.8720640666127,1.0
Llama2-70B,20,1,20,32,32,3968,0.0037655,0.0148387594386509,0.029687,0.0482912594386509,0.0037655,4.017066255092076,248.9378906141738,83.16856897851768,276.0874020001252,1.0
Llama2-70B,20,1,20,32,32,4096,0.0037655,0.0148387594386509,0.030567,0.0491712594386509,0.0037655,4.087466255092076,244.65033778669653,83.233437377609,276.30273993363767,1.0
Llama2-70B,20,2,10,32,32,128,0.0037655,0.0141149887520926,0.003287,0.0211674887520926,0.0037655,1.847164600167411,1082.7405418113456,40.61125850288932,269.62726399475054,1.0
Llama2-70B,20,2,10,32,32,256,0.0037655,0.0141149887520926,0.004167,0.0220474887520926,0.0037655,1.917564600167411,1042.9896337392713,40.64369270243497,269.84260192826304,1.0
Llama2-70B,20,2,10,32,32,384,0.0037655,0.0141149887520926,0.0050469999999999,0.0229274887520926,0.0037655,1.9879646001674107,1006.0541318651126,40.67612690198062,270.0579398617755,1.0
Llama2-70B,20,2,10,32,32,512,0.0037655,0.0141149887520926,0.005927,0.0238074887520926,0.0037655,2.0583646001674105,971.6451593839772,40.70856110152628,270.27327779528804,1.0
Llama2-70B,20,2,10,32,32,640,0.0037655,0.0141149887520926,0.0068069999999999,0.0246874887520926,0.0037655,2.1287646001674108,939.5120530671712,40.74099530107192,270.48861572880054,1.0
Llama2-70B,20,2,10,32,32,768,0.0037655,0.0141149887520926,0.0076869999999999,0.0255674887520926,0.0037655,2.1991646001674106,909.4362467674092,40.77342950061757,270.703953662313,1.0
Llama2-70B,20,2,10,32,32,896,0.0037655,0.0141149887520926,0.008567,0.0264474887520926,0.0037655,2.269564600167411,881.226293295407,40.80586370016323,270.9192915958255,1.0
Llama2-70B,20,2,10,32,32,1024,0.0037655,0.0141149887520926,0.0094469999999999,0.0273274887520926,0.0037655,2.3399646001674106,854.7137849251702,40.83829789970887,271.134629529338,1.0
Llama2-70B,20,2,10,32,32,1152,0.0037655,0.0141149887520926,0.010327,0.0282074887520926,0.0037655,2.410364600167411,829.7499888029764,40.87073209925453,271.3499674628505,1.0
Llama2-70B,20,2,10,32,32,1280,0.0037655,0.0141149887520926,0.011207,0.0290874887520926,0.0037655,2.48076460016741,806.2030552455614,40.90316629880018,271.56530539636293,1.0
Llama2-70B,20,2,10,32,32,1408,0.0037655,0.0141149887520926,0.012087,0.0299674887520926,0.0037655,2.551164600167411,783.955688264394,40.93560049834584,271.78064332987543,1.0
Llama2-70B,20,2,10,32,32,1536,0.0037655,0.0141149887520926,0.012967,0.0308474887520926,0.0037655,2.6215646001674107,762.9031914270897,40.96803469789148,271.995981263388,1.0
Llama2-70B,20,2,10,32,32,1664,0.0037655,0.0141149887520926,0.013847,0.0317274887520926,0.0037655,2.691964600167411,742.9518203454911,41.00046889743712,272.2113191969004,1.0
Llama2-70B,20,2,10,32,32,1792,0.0037655,0.0141149887520926,0.014727,0.0326074887520926,0.0037655,2.7623646001674107,724.0173870888701,41.03290309698279,272.42665713041293,1.0
Llama2-70B,20,2,10,32,32,1920,0.0037655,0.0141149887520926,0.015607,0.0334874887520926,0.0037655,2.8327646001674105,706.0240726962643,41.06533729652843,272.64199506392544,1.0
Llama2-70B,20,2,10,32,32,2048,0.0037655,0.0141149887520926,0.0164869999999999,0.0343674887520926,0.0037655,2.9031646001674107,688.9034124639954,41.09777149607409,272.8573329974378,1.0
Llama2-70B,20,2,10,32,32,2176,0.0037655,0.0141149887520926,0.017367,0.0352474887520926,0.0037655,2.9735646001674105,672.5934253748517,41.130205695619736,273.0726709309504,1.0
Llama2-70B,20,2,10,32,32,2304,0.0037655,0.0141149887520926,0.018247,0.0361274887520926,0.0037655,3.043964600167411,657.0378643332464,41.16263989516539,273.2880088644629,1.0
Llama2-70B,20,2,10,32,32,2432,0.0037655,0.0141149887520926,0.019127,0.0370074887520926,0.0037655,3.114364600167411,642.185568090676,41.19507409471104,273.50334679797527,1.0
Llama2-70B,20,2,10,32,32,2560,0.0037655,0.0141149887520926,0.020007,0.0378874887520926,0.0037655,3.184764600167411,627.989899126255,41.22750829425669,273.7186847314879,1.0
Llama2-70B,20,2,10,32,32,2688,0.0037655,0.0141149887520926,0.020887,0.0387674887520926,0.0037655,3.255164600167411,614.4082544695716,41.25994249380234,273.9340226650004,1.0
Llama2-70B,20,2,10,32,32,2816,0.0037655,0.0141149887520926,0.021767,0.0396474887520926,0.0037655,3.3255646001674104,601.4016386568823,41.29237669334799,274.1493605985128,1.0
Llama2-70B,20,2,10,32,32,2944,0.0037655,0.0141149887520926,0.022647,0.0405274887520926,0.0037655,3.395964600167411,588.9342898042594,41.324810892893645,274.36469853202533,1.0
Llama2-70B,20,2,10,32,32,3072,0.0037655,0.0141149887520926,0.023527,0.0414074887520926,0.0037655,3.466364600167411,576.9733512462619,41.3572450924393,274.58003646553783,1.0
Llama2-70B,20,2,10,32,32,3200,0.0037655,0.0141149887520926,0.024407,0.0422874887520926,0.0037655,3.536764600167411,565.4885823911862,41.38967929198494,274.7953743990503,1.0
Llama2-70B,20,2,10,32,32,3328,0.0037655,0.0141149887520926,0.025287,0.0431674887520926,0.0037655,3.607164600167411,554.4521034352518,41.4221134915306,275.0107123325628,1.0
Llama2-70B,20,2,10,32,32,3456,0.0037655,0.0141149887520926,0.026167,0.0440474887520926,0.0037655,3.6775646001674094,543.8381693985622,41.45454769107625,275.2260502660753,1.0
Llama2-70B,20,2,10,32,32,3584,0.0037655,0.0141149887520926,0.027047,0.0449274887520926,0.0037655,3.747964600167411,533.6229696274788,41.4869818906219,275.44138819958783,1.0
Llama2-70B,20,2,10,32,32,3712,0.0037655,0.0141149887520926,0.027927,0.0458074887520926,0.0037655,3.8183646001674094,523.7844494766982,41.519416090167546,275.6567261331003,1.0
Llama2-70B,20,2,10,32,32,3840,0.0037655,0.0141149887520926,0.028807,0.0466874887520926,0.0037655,3.888764600167411,514.3021513603318,41.55185028971321,275.8720640666128,1.0
Llama2-70B,20,2,10,32,32,3968,0.0037655,0.0141149887520926,0.029687,0.0475674887520926,0.0037655,3.959164600167411,505.1570727611151,41.58428448925885,276.0874020001253,1.0
Llama2-70B,20,2,10,32,32,4096,0.0037655,0.0141149887520926,0.030567,0.0484474887520926,0.0037655,4.029564600167412,496.331539123832,41.6167186888045,276.3027399336377,1.0
Llama2-70B,20,4,5,32,32,128,0.0037655,0.0134763675580705,0.003287,0.0205288675580705,0.0037655,1.7960749046456472,2227.078608834063,20.305629251444657,269.6272639947505,1.0
Llama2-70B,20,4,5,32,32,256,0.0037655,0.0134763675580705,0.004167,0.0214088675580705,0.0037655,1.8664749046456472,2143.0773004469647,20.32184635121748,269.842601928263,1.0
Llama2-70B,20,4,5,32,32,384,0.0037655,0.0134763675580705,0.0050469999999999,0.0222888675580705,0.0037655,1.936874904645648,2065.182418547471,20.338063450990308,270.0579398617754,1.0
Llama2-70B,20,4,5,32,32,512,0.0037655,0.0134763675580705,0.005927,0.0231688675580705,0.0037655,2.0072749046456475,1992.751461567312,20.354280550763136,270.273277795288,1.0
Llama2-70B,20,4,5,32,32,640,0.0037655,0.0134763675580705,0.0068069999999999,0.0240488675580705,0.0037655,2.077674904645648,1925.2290101093608,20.37049765053596,270.4886157288005,1.0
Llama2-70B,20,4,5,32,32,768,0.0037655,0.0134763675580705,0.0076869999999999,0.0249288675580705,0.0037655,2.148074904645647,1862.1324569963504,20.386714750308784,270.7039536623129,1.0
Llama2-70B,20,4,5,32,32,896,0.0037655,0.0134763675580705,0.008567,0.0258088675580705,0.0037655,2.218474904645648,1803.04045433361,20.40293185008161,270.9192915958254,1.0
Llama2-70B,20,4,5,32,32,1024,0.0037655,0.0134763675580705,0.0094469999999999,0.0266888675580705,0.0037655,2.288874904645647,1747.5834926064958,20.41914894985443,271.134629529338,1.0
Llama2-70B,20,4,5,32,32,1152,0.0037655,0.0134763675580705,0.010327,0.0275688675580705,0.0037655,2.359274904645648,1695.43616647793,20.435366049627262,271.34996746285043,1.0
Llama2-70B,20,4,5,32,32,1280,0.0037655,0.0134763675580705,0.011207,0.0284488675580705,0.0037655,2.429674904645647,1646.310785180281,20.451583149400086,271.5653053963629,1.0
Llama2-70B,20,4,5,32,32,1408,0.0037655,0.0134763675580705,0.012087,0.0293288675580705,0.0037655,2.5000749046456474,1599.9520624630834,20.46780024917292,271.7806433298754,1.0
Llama2-70B,20,4,5,32,32,1536,0.0037655,0.0134763675580705,0.012967,0.0302088675580705,0.0037655,2.570474904645647,1556.1326791289644,20.48401734894573,271.99598126338793,1.0
Llama2-70B,20,4,5,32,32,1664,0.0037655,0.0134763675580705,0.013847,0.0310888675580705,0.0037655,2.640874904645647,1514.6495553286045,20.50023444871856,272.2113191969003,1.0
Llama2-70B,20,4,5,32,32,1792,0.0037655,0.0134763675580705,0.014727,0.0319688675580705,0.0037655,2.7112749046456472,1475.32070360928,20.51645154849139,272.4266571304129,1.0
Llama2-70B,20,4,5,32,32,1920,0.0037655,0.0134763675580705,0.015607,0.0328488675580705,0.0037655,2.7816749046456475,1437.9825598309997,20.532668648264213,272.6419950639254,1.0
Llama2-70B,20,4,5,32,32,2048,0.0037655,0.0134763675580705,0.0164869999999999,0.0337288675580705,0.0037655,2.852074904645647,1402.4877093811729,20.54888574803704,272.85733299743777,1.0
Llama2-70B,20,4,5,32,32,2176,0.0037655,0.0134763675580705,0.017367,0.0346088675580705,0.0037655,2.922474904645647,1368.70294203091,20.565102847809865,273.0726709309503,1.0
Llama2-70B,20,4,5,32,32,2304,0.0037655,0.0134763675580705,0.018247,0.0354888675580706,0.0037655,2.992874904645648,1336.5075813195722,20.58131994758269,273.2880088644628,1.0
Llama2-70B,20,4,5,32,32,2432,0.0037655,0.0134763675580705,0.019127,0.0363688675580705,0.0037655,3.063274904645647,1305.792044303223,20.59753704735552,273.5033467979752,1.0
Llama2-70B,20,4,5,32,32,2560,0.0037655,0.0134763675580705,0.020007,0.0372488675580705,0.0037655,3.133674904645648,1276.4565954400798,20.61375414712834,273.7186847314878,1.0
Llama2-70B,20,4,5,32,32,2688,0.0037655,0.0134763675580705,0.020887,0.0381288675580705,0.0037655,3.204074904645648,1248.4102647539,20.629971246901167,273.9340226650003,1.0
Llama2-70B,20,4,5,32,32,2816,0.0037655,0.0134763675580705,0.021767,0.0390088675580705,0.0037655,3.2744749046456474,1221.5699055518846,20.64618834667399,274.1493605985127,1.0
Llama2-70B,20,4,5,32,32,2944,0.0037655,0.0134763675580705,0.022647,0.0398888675580705,0.0037655,3.344874904645647,1195.8593711365586,20.66240544644682,274.3646985320253,1.0
Llama2-70B,20,4,5,32,32,3072,0.0037655,0.0134763675580705,0.023527,0.0407688675580705,0.0037655,3.415274904645647,1171.2087933416362,20.678622546219646,274.5800364655378,1.0
Llama2-70B,20,4,5,32,32,3200,0.0037655,0.0134763675580705,0.024407,0.0416488675580705,0.0037655,3.485674904645648,1147.5539484961346,20.69483964599247,274.7953743990502,1.0
Llama2-70B,20,4,5,32,32,3328,0.0037655,0.0134763675580705,0.025287,0.0425288675580705,0.0037655,3.556074904645647,1124.83569870095,20.71105674576529,275.0107123325627,1.0
Llama2-70B,20,4,5,32,32,3456,0.0037655,0.0134763675580705,0.026167,0.0434088675580705,0.0037655,3.626474904645648,1102.9994981837192,20.72727384553812,275.2260502660752,1.0
Llama2-70B,20,4,5,32,32,3584,0.0037655,0.0134763675580705,0.027047,0.0442888675580705,0.0037655,3.696874904645648,1081.9949560569207,20.743490945310946,275.4413881995878,1.0
Llama2-70B,20,4,5,32,32,3712,0.0037655,0.0134763675580705,0.027927,0.0451688675580705,0.0037655,3.7672749046456473,1061.7754481010572,20.75970804508377,275.6567261331002,1.0
Llama2-70B,20,4,5,32,32,3840,0.0037655,0.0134763675580705,0.028807,0.0460488675580706,0.0037655,3.837674904645648,1042.2977712775648,20.7759251448566,275.8720640666127,1.0
Llama2-70B,20,4,5,32,32,3968,0.0037655,0.0134763675580705,0.029687,0.0469288675580705,0.0037655,3.908074904645647,1023.5218355833148,20.79214224462942,276.0874020001252,1.0
Llama2-70B,20,4,5,32,32,4096,0.0037655,0.0134763675580705,0.030567,0.0478088675580705,0.0037655,3.978474904645648,1005.4103886213328,20.80835934440225,276.30273993363767,1.0
Llama2-70B,20,5,4,32,32,128,0.0037655,0.0130931948416573,0.003287,0.0201456948416573,0.0037655,1.7654210873325895,2832.185497203164,16.244503401155733,269.6272639947505,1.0
Llama2-70B,20,5,4,32,32,256,0.0037655,0.0130931948416573,0.004167,0.0210256948416573,0.0037655,1.8358210873325893,2723.5769512076463,16.25747708097399,269.842601928263,1.0
Llama2-70B,20,5,4,32,32,384,0.0037655,0.0130931948416573,0.0050469999999999,0.0219056948416573,0.0037655,1.906221087332589,2622.990603359967,16.27045076079225,270.0579398617754,1.0
Llama2-70B,20,5,4,32,32,512,0.0037655,0.0130931948416573,0.005927,0.0227856948416573,0.0037655,1.976621087332589,2529.569289755681,16.283424440610517,270.273277795288,1.0
Llama2-70B,20,5,4,32,32,640,0.0037655,0.0130931948416573,0.0068069999999999,0.0236656948416573,0.0037655,2.047021087332589,2442.5737628894426,16.296398120428776,270.4886157288005,1.0
Llama2-70B,20,5,4,32,32,768,0.0037655,0.0130931948416573,0.0076869999999999,0.0245456948416573,0.0037655,2.1174210873325894,2361.363089237354,16.309371800247035,270.7039536623129,1.0
Llama2-70B,20,5,4,32,32,896,0.0037655,0.0130931948416573,0.008567,0.0254256948416573,0.0037655,2.187821087332589,2285.3788314546528,16.322345480065295,270.9192915958254,1.0
Llama2-70B,20,5,4,32,32,1024,0.0037655,0.0130931948416573,0.0094469999999999,0.0263056948416573,0.0037655,2.2582210873325894,2214.1321892915275,16.335319159883557,271.134629529338,1.0
Llama2-70B,20,5,4,32,32,1152,0.0037655,0.0130931948416573,0.010327,0.0271856948416573,0.0037655,2.328621087332589,2147.193473081293,16.348292839701813,271.34996746285043,1.0
Llama2-70B,20,5,4,32,32,1280,0.0037655,0.0130931948416573,0.011207,0.0280656948416573,0.0037655,2.399021087332589,2084.183430650613,16.361266519520075,271.5653053963629,1.0
Llama2-70B,20,5,4,32,32,1408,0.0037655,0.0130931948416573,0.012087,0.0289456948416573,0.0037655,2.469421087332589,2024.7660577811307,16.374240199338335,271.7806433298754,1.0
Llama2-70B,20,5,4,32,32,1536,0.0037655,0.0130931948416573,0.012967,0.0298256948416573,0.0037655,2.539821087332589,1968.6426043698923,16.387213879156597,271.99598126338793,1.0
Llama2-70B,20,5,4,32,32,1664,0.0037655,0.0130931948416573,0.013847,0.0307056948416573,0.0037655,2.6102210873325893,1915.546550545092,16.400187558974856,272.2113191969003,1.0
Llama2-70B,20,5,4,32,32,1792,0.0037655,0.0130931948416573,0.014727,0.0315856948416573,0.0037655,2.680621087332589,1865.2393744225,16.41316123879312,272.4266571304129,1.0
Llama2-70B,20,5,4,32,32,1920,0.0037655,0.0130931948416573,0.015607,0.0324656948416573,0.0037655,2.7510210873325893,1817.50696969322,16.426134918611382,272.6419950639254,1.0
Llama2-70B,20,5,4,32,32,2048,0.0037655,0.0130931948416573,0.0164869999999999,0.0333456948416573,0.0037655,2.821421087332589,1772.1565995407902,16.43910859842964,272.85733299743777,1.0
Llama2-70B,20,5,4,32,32,2176,0.0037655,0.0130931948416573,0.017367,0.0342256948416573,0.0037655,2.89182108733259,1729.0142954908702,16.4520822782479,273.0726709309503,1.0
Llama2-70B,20,5,4,32,32,2304,0.0037655,0.0130931948416573,0.018247,0.0351056948416573,0.0037655,2.9622210873325896,1687.9226271737816,16.46505595806616,273.2880088644628,1.0
Llama2-70B,20,5,4,32,32,2432,0.0037655,0.0130931948416573,0.019127,0.0359856948416573,0.0037655,3.0326210873325894,1648.7387827266818,16.478029637884422,273.5033467979752,1.0
Llama2-70B,20,5,4,32,32,2560,0.0037655,0.0130931948416573,0.020007,0.0368656948416573,0.0037655,3.103021087332589,1611.3329105017738,16.491003317702678,273.7186847314878,1.0
Llama2-70B,20,5,4,32,32,2688,0.0037655,0.0130931948416573,0.020887,0.0377456948416573,0.0037655,3.173421087332589,1575.586681502371,16.50397699752094,273.9340226650003,1.0
Llama2-70B,20,5,4,32,32,2816,0.0037655,0.0130931948416573,0.021767,0.0386256948416573,0.0037655,3.2438210873325897,1541.3920390139413,16.5169506773392,274.1493605985127,1.0
Llama2-70B,20,5,4,32,32,2944,0.0037655,0.0130931948416573,0.022647,0.0395056948416573,0.0037655,3.314221087332589,1508.6501075956253,16.529924357157466,274.3646985320253,1.0
Llama2-70B,20,5,4,32,32,3072,0.0037655,0.0130931948416573,0.023527,0.0403856948416573,0.0037655,3.3846210873325897,1477.2702382293803,16.54289803697572,274.5800364655378,1.0
Llama2-70B,20,5,4,32,32,3200,0.0037655,0.0130931948416573,0.024407,0.0412656948416573,0.0037655,3.455021087332589,1447.1691702061923,16.555871716793984,274.7953743990502,1.0
Llama2-70B,20,5,4,32,32,3328,0.0037655,0.0130931948416573,0.025287,0.0421456948416573,0.0037655,3.5254210873325893,1418.270293431276,16.568845396612247,275.0107123325627,1.0
Llama2-70B,20,5,4,32,32,3456,0.0037655,0.0130931948416573,0.026167,0.0430256948416573,0.0037655,3.595821087332589,1390.5029973860692,16.581819076430502,275.2260502660752,1.0
Llama2-70B,20,5,4,32,32,3584,0.0037655,0.0130931948416573,0.027047,0.0439056948416573,0.0037655,3.666221087332589,1363.802095098913,16.594792756248765,275.4413881995878,1.0
Llama2-70B,20,5,4,32,32,3712,0.0037655,0.0130931948416573,0.027927,0.0447856948416573,0.0037655,3.7366210873325896,1338.107312231993,16.607766436067024,275.6567261331002,1.0
Llama2-70B,20,5,4,32,32,3840,0.0037655,0.0130931948416573,0.028807,0.0456656948416573,0.0037655,3.807021087332589,1313.3628328555642,16.620740115885287,275.8720640666127,1.0
Llama2-70B,20,5,4,32,32,3968,0.0037655,0.0130931948416573,0.029687,0.0465456948416573,0.0037655,3.8774210873325896,1289.5168947047923,16.633713795703542,276.0874020001252,1.0
Llama2-70B,20,5,4,32,32,4096,0.0037655,0.0130931948416573,0.030567,0.0474256948416573,0.0037655,3.947821087332589,1266.5214277423936,16.646687475521805,276.30273993363767,1.0
Llama2-70B,20,10,2,32,32,128,0.0037655,0.0114753544834681,0.003287,0.0185278544834681,0.0037655,1.6359938586774554,6112.492383121808,8.122251700577866,269.6272639947505,1.0
Llama2-70B,20,10,2,32,32,256,0.0037655,0.0114753544834681,0.004167,0.0194078544834681,0.0037655,1.7063938586774552,5860.311761641316,8.128738540486996,269.842601928263,1.0
Llama2-70B,20,10,2,32,32,384,0.0037655,0.0114753544834681,0.0050469999999999,0.0202878544834681,0.0037655,1.7767938586774552,5628.114905486805,8.135225380396125,270.0579398617754,1.0
Llama2-70B,20,10,2,32,32,512,0.0037655,0.0114753544834681,0.005927,0.0211678544834681,0.0037655,1.8471938586774552,5413.616959055803,8.141712220305259,270.273277795288,1.0
Llama2-70B,20,10,2,32,32,640,0.0037655,0.0114753544834681,0.0068069999999999,0.0220478544834681,0.0037655,1.917593858677455,5214.868599389914,8.148199060214388,270.4886157288005,1.0
Llama2-70B,20,10,2,32,32,768,0.0037655,0.0114753544834681,0.0076869999999999,0.0229278544834681,0.0037655,1.987993858677456,5030.19662578468,8.154685900123518,270.7039536623129,1.0
Llama2-70B,20,10,2,32,32,896,0.0037655,0.0114753544834681,0.008567,0.0238078544834681,0.0037655,2.0583938586774555,4858.156740918927,8.161172740032647,270.9192915958254,1.0
Llama2-70B,20,10,2,32,32,1024,0.0037655,0.0114753544834681,0.0094469999999999,0.0246878544834681,0.0037655,2.128793858677456,4697.495701257166,8.167659579941779,271.134629529338,1.0
Llama2-70B,20,10,2,32,32,1152,0.0037655,0.0114753544834681,0.010327,0.0255678544834681,0.0037655,2.199193858677455,4547.120737238585,8.174146419850906,271.34996746285043,1.0
Llama2-70B,20,10,2,32,32,1280,0.0037655,0.0114753544834681,0.011207,0.0264478544834681,0.0037655,2.269593858677456,4406.074664753997,8.180633259760038,271.5653053963629,1.0
Llama2-70B,20,10,2,32,32,1408,0.0037655,0.0114753544834681,0.012087,0.0273278544834681,0.0037655,2.339993858677455,4273.51548933206,8.187120099669167,271.7806433298754,1.0
Llama2-70B,20,10,2,32,32,1536,0.0037655,0.0114753544834681,0.012967,0.0282078544834681,0.0037655,2.410393858677456,4148.699584509744,8.193606939578299,271.99598126338793,1.0
Llama2-70B,20,10,2,32,32,1664,0.0037655,0.0114753544834681,0.013847,0.0290878544834681,0.0037655,2.480793858677455,4030.96773438932,8.200093779487428,272.2113191969003,1.0
Llama2-70B,20,10,2,32,32,1792,0.0037655,0.0114753544834681,0.014727,0.0299678544834681,0.0037655,2.5511938586774554,3919.7334871227786,8.20658061939656,272.4266571304129,1.0
Llama2-70B,20,10,2,32,32,1920,0.0037655,0.0114753544834681,0.015607,0.0308478544834681,0.0037655,2.621593858677455,3814.473384921954,8.213067459305691,272.6419950639254,1.0
Llama2-70B,20,10,2,32,32,2048,0.0037655,0.0114753544834681,0.0164869999999999,0.0317278544834681,0.0037655,2.691993858677455,3714.718727074988,8.21955429921482,272.85733299743777,1.0
Llama2-70B,20,10,2,32,32,2176,0.0037655,0.0114753544834681,0.017367,0.0326078544834681,0.0037655,2.7623938586774552,3620.048592486981,8.22604113912395,273.0726709309503,1.0
Llama2-70B,20,10,2,32,32,2304,0.0037655,0.0114753544834681,0.018247,0.0334878544834681,0.0037655,2.8327938586774555,3530.0839026347976,8.23252797903308,273.2880088644628,1.0
Llama2-70B,20,10,2,32,32,2432,0.0037655,0.0114753544834681,0.019127,0.0343678544834681,0.0037655,2.903193858677456,3444.4823483318755,8.239014818942211,273.5033467979752,1.0
Llama2-70B,20,10,2,32,32,2560,0.0037655,0.0114753544834681,0.020007,0.0352478544834681,0.0037655,2.973593858677455,3362.934037147774,8.245501658851339,273.7186847314878,1.0
Llama2-70B,20,10,2,32,32,2688,0.0037655,0.0114753544834681,0.020887,0.0361278544834682,0.0037655,3.043993858677456,3285.157744813837,8.25198849876047,273.9340226650003,1.0
Llama2-70B,20,10,2,32,32,2816,0.0037655,0.0114753544834681,0.021767,0.0370078544834681,0.0037655,3.114393858677455,3210.8976750444003,8.2584753386696,274.1493605985127,1.0
Llama2-70B,20,10,2,32,32,2944,0.0037655,0.0114753544834681,0.022647,0.0378878544834681,0.0037655,3.184793858677456,3139.9206491037016,8.264962178578733,274.3646985320253,1.0
Llama2-70B,20,10,2,32,32,3072,0.0037655,0.0114753544834681,0.023527,0.0387678544834681,0.0037655,3.255193858677456,3072.013660059826,8.27144901848786,274.5800364655378,1.0
Llama2-70B,20,10,2,32,32,3200,0.0037655,0.0114753544834681,0.024407,0.0396478544834681,0.0037655,3.3255938586774554,3006.98173768485,8.277935858396992,274.7953743990502,1.0
Llama2-70B,20,10,2,32,32,3328,0.0037655,0.0114753544834681,0.025287,0.0405278544834681,0.0037655,3.395993858677455,2944.6460789226594,8.284422698306123,275.0107123325627,1.0
Llama2-70B,20,10,2,32,32,3456,0.0037655,0.0114753544834681,0.026167,0.0414078544834681,0.0037655,3.466393858677455,2884.8424061700057,8.290909538215251,275.2260502660752,1.0
Llama2-70B,20,10,2,32,32,3584,0.0037655,0.0114753544834681,0.027047,0.0422878544834681,0.0037655,3.536793858677456,2827.419521628379,8.297396378124382,275.4413881995878,1.0
Llama2-70B,20,10,2,32,32,3712,0.0037655,0.0114753544834681,0.027927,0.0431678544834681,0.0037655,3.607193858677455,2772.238030940319,8.303883218033512,275.6567261331002,1.0
Llama2-70B,20,10,2,32,32,3840,0.0037655,0.0114753544834681,0.028807,0.0440478544834681,0.0037655,3.677593858677456,2719.169213425928,8.310370057942643,275.8720640666127,1.0
Llama2-70B,20,10,2,32,32,3968,0.0037655,0.0114753544834681,0.029687,0.0449278544834681,0.0037655,3.747993858677456,2668.094019644064,8.316856897851771,276.0874020001252,1.0
Llama2-70B,20,10,2,32,32,4096,0.0037655,0.0114753544834681,0.030567,0.0458078544834681,0.0037655,3.8183938586774553,2618.902179845747,8.323343737760903,276.30273993363767,1.0
Llama2-70B,20,20,1,32,32,128,0.0037655,0.0083673980058942,0.003287,0.0154198980058942,0.0037655,1.38735734047154,14415.896623433966,4.061125850288933,269.6272639947505,1.0
Llama2-70B,20,20,1,32,32,256,0.0037655,0.0083673980058942,0.004167,0.0162998980058942,0.0037655,1.45775734047154,13719.704538432034,4.064369270243498,269.842601928263,1.0
Llama2-70B,20,20,1,32,32,384,0.0037655,0.0083673980058942,0.0050469999999999,0.0171798980058942,0.0037655,1.52815734047154,13087.657579702262,4.067612690198063,270.0579398617754,1.0
Llama2-70B,20,20,1,32,32,512,0.0037655,0.0083673980058942,0.005927,0.0180598980058942,0.0037655,1.59855734047154,12511.2809491716,4.070856110152629,270.273277795288,1.0
Llama2-70B,20,20,1,32,32,640,0.0037655,0.0083673980058942,0.0068069999999999,0.0189398980058942,0.0037655,1.66895734047154,11983.529785338484,4.074099530107194,270.4886157288005,1.0
Llama2-70B,20,20,1,32,32,768,0.0037655,0.0083673980058942,0.0076869999999999,0.0198198980058942,0.0037655,1.7393573404715403,11498.499781866556,4.077342950061759,270.7039536623129,1.0
Llama2-70B,20,20,1,32,32,896,0.0037655,0.0083673980058942,0.008567,0.0206998980058942,0.0037655,1.80975734047154,11051.205348220285,4.080586370016324,270.9192915958254,1.0
Llama2-70B,20,20,1,32,32,1024,0.0037655,0.0083673980058942,0.0094469999999999,0.0215798980058942,0.0037655,1.88015734047154,10637.4076091866,4.083829789970889,271.134629529338,1.0
Llama2-70B,20,20,1,32,32,1152,0.0037655,0.0083673980058942,0.010327,0.0224598980058942,0.0037655,1.95055734047154,10253.47965170051,4.087073209925453,271.34996746285043,1.0
Llama2-70B,20,20,1,32,32,1280,0.0037655,0.0083673980058942,0.011207,0.0233398980058942,0.0037655,2.0209573404715404,9896.299936412064,4.090316629880019,271.5653053963629,1.0
Llama2-70B,20,20,1,32,32,1408,0.0037655,0.0083673980058942,0.012087,0.0242198980058942,0.0037655,2.09135734047154,9563.167237355328,4.093560049834584,271.7806433298754,1.0
Llama2-70B,20,20,1,32,32,1536,0.0037655,0.0083673980058942,0.012967,0.0250998980058942,0.0037655,2.16175734047154,9251.73220211545,4.096803469789149,271.99598126338793,1.0
Llama2-70B,20,20,1,32,32,1664,0.0037655,0.0083673980058942,0.013847,0.0259798980058942,0.0037655,2.23215734047154,8959.941863137223,4.100046889743714,272.2113191969003,1.0
Llama2-70B,20,20,1,32,32,1792,0.0037655,0.0083673980058942,0.014727,0.0268598980058942,0.0037655,2.30255734047154,8685.994328334167,4.10329030969828,272.4266571304129,1.0
Llama2-70B,20,20,1,32,32,1920,0.0037655,0.0083673980058942,0.015607,0.0277398980058942,0.0037655,2.37295734047154,8428.301537028778,4.1065337296528455,272.6419950639254,1.0
Llama2-70B,20,20,1,32,32,2048,0.0037655,0.0083673980058942,0.0164869999999999,0.0286198980058942,0.0037655,2.44335734047154,8185.458454529712,4.10977714960741,272.85733299743777,1.0
Llama2-70B,20,20,1,32,32,2176,0.0037655,0.0083673980058942,0.017367,0.0294998980058942,0.0037655,2.5137573404715403,7956.217443107824,4.113020569561975,273.0726709309503,1.0
Llama2-70B,20,20,1,32,32,2304,0.0037655,0.0083673980058942,0.018247,0.0303798980058942,0.0037655,2.58415734047154,7739.46682222938,4.11626398951654,273.2880088644628,1.0
Llama2-70B,20,20,1,32,32,2432,0.0037655,0.0083673980058942,0.019127,0.0312598980058942,0.0037655,2.65455734047154,7534.212840340197,4.1195074094711055,273.5033467979752,1.0
Llama2-70B,20,20,1,32,32,2560,0.0037655,0.0083673980058942,0.020007,0.0321398980058942,0.0037655,2.72495734047154,7339.564441232353,4.122750829425669,273.7186847314878,1.0
Llama2-70B,20,20,1,32,32,2688,0.0037655,0.0083673980058942,0.020887,0.0330198980058942,0.0037655,2.7953573404715404,7154.720332330126,4.125994249380235,273.9340226650003,1.0
Llama2-70B,20,20,1,32,32,2816,0.0037655,0.0083673980058942,0.021767,0.0338998980058942,0.0037655,2.8657573404715406,6978.957959053552,4.1292376693348,274.1493605985127,1.0
Llama2-70B,20,20,1,32,32,2944,0.0037655,0.0083673980058942,0.022647,0.0347798980058942,0.0037655,2.9361573404715404,6811.624065346595,4.132481089289366,274.3646985320253,1.0
Llama2-70B,20,20,1,32,32,3072,0.0037655,0.0083673980058942,0.023527,0.0356598980058942,0.0037655,3.00655734047154,6652.1265803842125,4.13572450924393,274.5800364655378,1.0
Llama2-70B,20,20,1,32,32,3200,0.0037655,0.0083673980058942,0.024407,0.0365398980058942,0.0037655,3.07695734047154,6499.927619059881,4.138967929198496,274.7953743990502,1.0
Llama2-70B,20,20,1,32,32,3328,0.0037655,0.0083673980058942,0.025287,0.0374198980058942,0.0037655,3.14735734047154,6354.537421862489,4.142211349153062,275.0107123325627,1.0
Llama2-70B,20,20,1,32,32,3456,0.0037655,0.0083673980058942,0.026167,0.0382998980058942,0.0037655,3.2177573404715405,6215.50909027501,4.145454769107626,275.2260502660752,1.0
Llama2-70B,20,20,1,32,32,3584,0.0037655,0.0083673980058942,0.027047,0.0391798980058942,0.0037655,3.2881573404715403,6082.433998469151,4.148698189062191,275.4413881995878,1.0
Llama2-70B,20,20,1,32,32,3712,0.0037655,0.0083673980058942,0.027927,0.0400598980058942,0.0037655,3.3585573404715405,5954.937782063297,4.151941609016756,275.6567261331002,1.0
Llama2-70B,20,20,1,32,32,3840,0.0037655,0.0083673980058942,0.028807,0.0409398980058942,0.0037655,3.4289573404715403,5832.676821009869,4.155185028971322,275.8720640666127,1.0
Llama2-70B,20,20,1,32,32,3968,0.0037655,0.0083673980058942,0.029687,0.0418198980058942,0.0037655,3.49935734047154,5715.335147025879,4.158428448925886,276.0874020001252,1.0
Llama2-70B,20,20,1,32,32,4096,0.0037655,0.0083673980058942,0.030567,0.0426998980058942,0.0037655,3.56975734047154,5602.621716959097,4.161671868880451,276.30273993363767,1.0
Llama2-70B,20,80,1,32,8,128,0.007543,0.0009122856358119,0.013148,0.0216032856358119,0.007543,1.885805850864956,42422.18251858042,1.4976669468079544,198.5505696417811,1.0
Llama2-70B,20,80,1,32,8,256,0.007543,0.0009122856358119,0.016668,0.0251232856358119,0.007543,2.167405850864956,36910.4844706745,1.4984778017965954,198.65806732024345,1.0
Llama2-70B,20,80,1,32,8,384,0.007543,0.0009122856358119,0.0201879999999999,0.0286432856358119,0.007543,2.4490058508649555,32666.316404162568,1.4992886567852368,198.76556499870577,1.0
Llama2-70B,20,80,1,32,8,512,0.007543,0.0009122856358119,0.023708,0.0321632856358119,0.007543,2.730605850864956,29297.527497298423,1.5000995117738782,198.8730626771681,1.0
Llama2-70B,20,80,1,32,8,640,0.007543,0.0009122856358119,0.0272279999999999,0.0356832856358119,0.007543,3.012205850864955,26558.609856304472,1.5009103667625197,198.9805603556304,1.0
Llama2-70B,20,80,1,32,8,768,0.007543,0.0009122856358119,0.0307479999999999,0.0392032856358119,0.007543,3.293805850864956,24288.01320484386,1.5017212217511609,199.0880580340928,1.0
Llama2-70B,20,80,1,32,8,896,0.007543,0.0009122856358119,0.034268,0.0427232856358119,0.007543,3.575405850864956,22375.082252731263,1.502532076739802,199.19555571255503,1.0
Llama2-70B,20,80,1,32,8,1024,0.007543,0.0009122856358119,0.0377879999999999,0.0462432856358119,0.007543,3.857005850864955,20741.47748105167,1.5033429317284437,199.3030533910174,1.0
Llama2-70B,20,80,1,32,8,1152,0.007543,0.0009122856358119,0.041308,0.0497632856358119,0.007543,4.138605850864956,19330.18095532829,1.5041537867170844,199.41055106947968,1.0
Llama2-70B,20,80,1,32,8,1280,0.007543,0.0009122856358119,0.044828,0.0532832856358119,0.007543,4.420205850864956,18098.70460769274,1.504964641705726,199.518048747942,1.0
Llama2-70B,20,80,1,32,8,1408,0.007543,0.0009122856358119,0.048348,0.0568032856358119,0.007543,4.7018058508649565,17014.739131621733,1.505775496694367,199.6255464264044,1.0
Llama2-70B,20,80,1,32,8,1536,0.007543,0.0009122856358119,0.051868,0.0603232856358119,0.007543,4.983405850864956,16053.278098173489,1.5065863516830085,199.73304410486665,1.0
Llama2-70B,20,80,1,32,8,1664,0.007543,0.0009122856358119,0.055388,0.0638432856358119,0.007543,5.265005850864956,15194.6649758912,1.5073972066716494,199.840541783329,1.0
Llama2-70B,20,80,1,32,8,1792,0.007543,0.0009122856358119,0.058908,0.0673632856358119,0.007543,5.546605850864956,14423.235065012694,1.508208061660291,199.9480394617913,1.0
Llama2-70B,20,80,1,32,8,1920,0.007543,0.0009122856358119,0.062428,0.0708832856358119,0.007543,5.828205850864955,13726.351135680516,1.5090189166489325,200.0555371402536,1.0
Llama2-70B,20,80,1,32,8,2048,0.007543,0.0009122856358119,0.0659479999999999,0.0744032856358119,0.007543,6.109805850864955,13093.705749860208,1.5098297716375737,200.163034818716,1.0
Llama2-70B,20,80,1,32,8,2176,0.007543,0.0009122856358119,0.069468,0.0779232856358119,0.007543,6.391405850864956,12516.808017937636,1.510640626626215,200.27053249717827,1.0
Llama2-70B,20,80,1,32,8,2304,0.007543,0.0009122856358119,0.072988,0.0814432856358119,0.007543,6.673005850864956,11988.60030815504,1.511451481614856,200.37803017564056,1.0
Llama2-70B,20,80,1,32,8,2432,0.007543,0.0009122856358119,0.076508,0.0849632856358119,0.007543,6.954605850864956,11503.168075305126,1.5122623366034975,200.48552785410288,1.0
Llama2-70B,20,80,1,32,8,2560,0.007543,0.0009122856358119,0.080028,0.0884832856358119,0.007543,7.236205850864955,11055.517442257044,1.5130731915921385,200.5930255325652,1.0
Llama2-70B,20,80,1,32,8,2688,0.007543,0.0009122856358119,0.083548,0.0920032856358119,0.007543,7.517805850864956,10641.402769239598,1.51388404658078,200.7005232110276,1.0
Llama2-70B,20,80,1,32,8,2816,0.007543,0.0009122856358119,0.087068,0.0955232856358119,0.007543,7.7994058508649555,10257.191577115836,1.514694901569421,200.80802088948985,1.0
Llama2-70B,20,80,1,32,8,2944,0.007543,0.0009122856358119,0.090588,0.0990432856358119,0.007543,8.081005850864955,9899.75771288882,1.5155057565580627,200.9155185679521,1.0
Llama2-70B,20,80,1,32,8,3072,0.007543,0.0009122856358119,0.094108,0.1025632856358119,0.007543,8.362605850864956,9566.396100292768,1.5163166115467035,201.02301624641447,1.0
Llama2-70B,20,80,1,32,8,3200,0.007543,0.0009122856358119,0.097628,0.1060832856358119,0.007543,8.644205850864957,9254.754153268465,1.5171274665353451,201.1305139248768,1.0
Llama2-70B,20,80,1,32,8,3328,0.007543,0.0009122856358119,0.101148,0.1096032856358119,0.007543,8.925805850864956,8962.776172444708,1.5179383215239863,201.23801160333912,1.0
Llama2-70B,20,80,1,32,8,3456,0.007543,0.0009122856358119,0.104668,0.1131232856358119,0.007543,9.207405850864957,8688.657945113247,1.5187491765126275,201.34550928180144,1.0
Llama2-70B,20,80,1,32,8,3584,0.007543,0.0009122856358119,0.108188,0.1166432856358119,0.007543,9.489005850864956,8430.80942907288,1.5195600315012687,201.4530069602638,1.0
Llama2-70B,20,80,1,32,8,3712,0.007543,0.0009122856358119,0.111708,0.1201632856358119,0.007543,9.770605850864955,8187.823889438534,1.52037088648991,201.5605046387261,1.0
Llama2-70B,20,80,1,32,8,3840,0.007543,0.0009122856358119,0.115228,0.1236832856358119,0.007543,10.052205850864956,7958.4522230129505,1.5211817414785511,201.6680023171884,1.0
Llama2-70B,20,80,1,32,8,3968,0.007543,0.0009122856358119,0.118748,0.1272032856358119,0.007543,10.333805850864955,7741.581480680117,1.5219925964671923,201.7754999956508,1.0
Llama2-70B,20,80,1,32,8,4096,0.007543,0.0009122856358119,0.122268,0.1307232856358119,0.007543,10.615405850864956,7536.21680827978,1.522803451455834,201.88299767411303,1.0
Llama2-70B,32,1,32,32,32,128,0.0037655,0.024571346435546874,0.003287,0.03162384643554687,0.0037655,2.68367321484375,372.62360948749955,129.95602720924586,431.4036223916008,1.0
Llama2-70B,32,1,32,32,32,256,0.0037655,0.024571346435546874,0.0041670000000000006,0.03250384643554688,0.0037655,2.7540732148437503,363.09855330288815,130.05981664779193,431.74816308522077,1.0
Llama2-70B,32,1,32,32,32,384,0.0037655,0.024571346435546874,0.005046999999999999,0.03338384643554687,0.0037655,2.8244732148437497,354.04832120361255,130.163606086338,432.0927037788407,1.0
Llama2-70B,32,1,32,32,32,512,0.0037655,0.024571346435546874,0.005927,0.03426384643554688,0.0037655,2.89487321484375,345.4382716563892,130.26739552488414,432.43724447246063,1.0
Llama2-70B,32,1,32,32,32,640,0.0037655,0.024571346435546874,0.006806999999999999,0.035143846435546876,0.0037655,2.96527321484375,337.2370528941945,130.3711849634302,432.7817851660807,1.0
Llama2-70B,32,1,32,32,32,768,0.0037655,0.024571346435546874,0.007686999999999999,0.036023846435546875,0.0037655,3.03567321484375,329.4162214530299,130.47497440197628,433.12632585970067,1.0
Llama2-70B,32,1,32,32,32,896,0.0037655,0.024571346435546874,0.008567,0.03690384643554687,0.0037655,3.1060732148437498,321.9499125844993,130.57876384052236,433.4708665533206,1.0
Llama2-70B,32,1,32,32,32,1024,0.0037655,0.024571346435546874,0.009446999999999999,0.03778384643554687,0.0037655,3.17647321484375,314.8145544961536,130.68255327906846,433.81540724694065,1.0
Llama2-70B,32,1,32,32,32,1152,0.0037655,0.024571346435546874,0.010327,0.03866384643554688,0.0037655,3.2468732148437502,307.98861976756405,130.7863427176145,434.1599479405606,1.0
Llama2-70B,32,1,32,32,32,1280,0.0037655,0.024571346435546874,0.011207,0.03954384643554688,0.0037655,3.31727321484375,301.452408419456,130.8901321561606,434.5044886341806,1.0
Llama2-70B,32,1,32,32,32,1408,0.0037655,0.024571346435546874,0.012087,0.040423846435546876,0.0037655,3.38767321484375,295.18785803137837,130.99392159470668,434.84902932780057,1.0
Llama2-70B,32,1,32,32,32,1536,0.0037655,0.024571346435546874,0.012967,0.041303846435546875,0.0037655,3.45807321484375,289.1783770532991,131.09771103325278,435.19357002142056,1.0
Llama2-70B,32,1,32,32,32,1664,0.0037655,0.024571346435546874,0.013847,0.04218384643554687,0.0037655,3.52847321484375,283.4086980717757,131.20150047179885,435.53811071504055,1.0
Llama2-70B,32,1,32,32,32,1792,0.0037655,0.024571346435546874,0.014727,0.04306384643554688,0.0037655,3.5988732148437506,277.8647482982854,131.30528991034495,435.8826514086605,1.0
Llama2-70B,32,1,32,32,32,1920,0.0037655,0.024571346435546874,0.015607,0.04394384643554687,0.0037655,3.66927321484375,272.5335349667014,131.40907934889105,436.2271921022805,1.0
Llama2-70B,32,1,32,32,32,2048,0.0037655,0.024571346435546874,0.016486999999999998,0.04482384643554688,0.0037655,3.73967321484375,267.40304367524305,131.51286878743713,436.5717327959005,1.0
Llama2-70B,32,1,32,32,32,2176,0.0037655,0.024571346435546874,0.017367,0.045703846435546876,0.0037655,3.81007321484375,262.46214799864674,131.6166582259832,436.91627348952045,1.0
Llama2-70B,32,1,32,32,32,2304,0.0037655,0.024571346435546874,0.018247000000000003,0.046583846435546875,0.0037655,3.8804732148437497,257.70052893929477,131.72044766452927,437.2608141831405,1.0
Llama2-70B,32,1,32,32,32,2432,0.0037655,0.024571346435546874,0.019127,0.04746384643554688,0.0037655,3.9508732148437504,253.10860299007294,131.82423710307538,437.60535487676043,1.0
Llama2-70B,32,1,32,32,32,2560,0.0037655,0.024571346435546874,0.020007,0.04834384643554687,0.0037655,4.02127321484375,248.67745775360254,131.92802654162142,437.9498955703804,1.0
Llama2-70B,32,1,32,32,32,2688,0.0037655,0.024571346435546874,0.020887000000000003,0.04922384643554688,0.0037655,4.091673214843751,244.3987942077596,132.03181598016752,438.29443626400035,1.0
Llama2-70B,32,1,32,32,32,2816,0.0037655,0.024571346435546874,0.021767,0.05010384643554688,0.0037655,4.16207321484375,240.26487483054555,132.1356054187136,438.6389769576204,1.0
Llama2-70B,32,1,32,32,32,2944,0.0037655,0.024571346435546874,0.022647,0.050983846435546876,0.0037655,4.2324732148437505,236.26847690208402,132.23939485725973,438.9835176512404,1.0
Llama2-70B,32,1,32,32,32,3072,0.0037655,0.024571346435546874,0.023527000000000003,0.05186384643554688,0.0037655,4.302873214843751,232.40285039082025,132.34318429580577,439.3280583448603,1.0
Llama2-70B,32,1,32,32,32,3200,0.0037655,0.024571346435546874,0.024407,0.05274384643554687,0.0037655,4.37327321484375,228.6616799073525,132.44697373435187,439.67259903848037,1.0
Llama2-70B,32,1,32,32,32,3328,0.0037655,0.024571346435546874,0.025287,0.05362384643554688,0.0037655,4.44367321484375,225.0390502747989,132.55076317289797,440.01713973210036,1.0
Llama2-70B,32,1,32,32,32,3456,0.0037655,0.024571346435546874,0.026167000000000003,0.05450384643554688,0.0037655,4.514073214843751,221.52941532088417,132.65455261144402,440.3616804257203,1.0
Llama2-70B,32,1,32,32,32,3584,0.0037655,0.024571346435546874,0.027047,0.05538384643554688,0.0037655,4.584473214843751,218.1275695454319,132.75834204999012,440.7062211193402,1.0
Llama2-70B,32,1,32,32,32,3712,0.0037655,0.024571346435546874,0.027927,0.056263846435546876,0.0037655,4.65487321484375,214.82862235885128,132.8621314885362,441.0507618129603,1.0
Llama2-70B,32,1,32,32,32,3840,0.0037655,0.024571346435546874,0.028807000000000003,0.057143846435546874,0.0037655,4.72527321484375,211.62797462348783,132.9659209270823,441.39530250658026,1.0
Llama2-70B,32,1,32,32,32,3968,0.0037655,0.024571346435546874,0.029687,0.05802384643554688,0.0037655,4.795673214843751,208.52129726119824,133.06971036562834,441.73984320020026,1.0
Llama2-70B,32,1,32,32,32,4096,0.0037655,0.024571346435546874,0.030567,0.05890384643554687,0.0037655,4.86607321484375,205.50451171789655,133.17349980417444,442.08438389382025,1.0
Llama2-70B,32,2,16,32,32,128,0.0037655,0.023975299987792967,0.003287,0.031027799987792967,0.0037655,2.6359894990234376,758.728363956285,64.97801360462293,431.4036223916008,1.0
Llama2-70B,32,2,16,32,32,256,0.0037655,0.023975299987792967,0.0041670000000000006,0.03190779998779297,0.0037655,2.706389499023438,738.9919302900308,65.02990832389597,431.74816308522077,1.0
Llama2-70B,32,2,16,32,32,384,0.0037655,0.023975299987792967,0.005046999999999999,0.032787799987792965,0.0037655,2.776789499023437,720.2562530229156,65.081803043169,432.0927037788407,1.0
Llama2-70B,32,2,16,32,32,512,0.0037655,0.023975299987792967,0.005927,0.03366779998779297,0.0037655,2.8471894990234374,702.4470976329407,65.13369776244207,432.43724447246063,1.0
Llama2-70B,32,2,16,32,32,640,0.0037655,0.023975299987792967,0.006806999999999999,0.03454779998779297,0.0037655,2.9175894990234377,685.4973945681635,65.1855924817151,432.7817851660807,1.0
Llama2-70B,32,2,16,32,32,768,0.0037655,0.023975299987792967,0.007686999999999999,0.03542779998779297,0.0037655,2.9879894990234375,669.3463951776466,65.23748720098814,433.12632585970067,1.0
Llama2-70B,32,2,16,32,32,896,0.0037655,0.023975299987792967,0.008567,0.03630779998779297,0.0037655,3.0583894990234373,653.9389442183909,65.28938192026118,433.4708665533206,1.0
Llama2-70B,32,2,16,32,32,1024,0.0037655,0.023975299987792967,0.009446999999999999,0.037187799987792966,0.0037655,3.1287894990234375,639.2248505769542,65.34127663953423,433.81540724694065,1.0
Llama2-70B,32,2,16,32,32,1152,0.0037655,0.023975299987792967,0.010327,0.03806779998779297,0.0037655,3.1991894990234377,625.158341076859,65.39317135880725,434.1599479405606,1.0
Llama2-70B,32,2,16,32,32,1280,0.0037655,0.023975299987792967,0.011207,0.03894779998779297,0.0037655,3.2695894990234375,611.6975848489118,65.4450660780803,434.5044886341806,1.0
Llama2-70B,32,2,16,32,32,1408,0.0037655,0.023975299987792967,0.012087,0.03982779998779297,0.0037655,3.3399894990234373,598.8042778531998,65.49696079735334,434.84902932780057,1.0
Llama2-70B,32,2,16,32,32,1536,0.0037655,0.023975299987792967,0.012967,0.04070779998779297,0.0037655,3.4103894990234376,586.4432788608746,65.54885551662639,435.19357002142056,1.0
Llama2-70B,32,2,16,32,32,1664,0.0037655,0.023975299987792967,0.013847,0.04158779998779297,0.0037655,3.4807894990234374,574.5822896101921,65.60075023589943,435.53811071504055,1.0
Llama2-70B,32,2,16,32,32,1792,0.0037655,0.023975299987792967,0.014727,0.04246779998779297,0.0037655,3.551189499023438,563.1915730067324,65.65264495517248,435.8826514086605,1.0
Llama2-70B,32,2,16,32,32,1920,0.0037655,0.023975299987792967,0.015607,0.043347799987792965,0.0037655,3.6215894990234374,552.243704191019,65.70453967444553,436.2271921022805,1.0
Llama2-70B,32,2,16,32,32,2048,0.0037655,0.023975299987792967,0.016486999999999998,0.04422779998779297,0.0037655,3.6919894990234376,541.7133500864552,65.75643439371856,436.5717327959005,1.0
Llama2-70B,32,2,16,32,32,2176,0.0037655,0.023975299987792967,0.017367,0.04510779998779297,0.0037655,3.7623894990234374,531.5770736972124,65.8083291129916,436.91627348952045,1.0
Llama2-70B,32,2,16,32,32,2304,0.0037655,0.023975299987792967,0.018247000000000003,0.04598779998779297,0.0037655,3.8327894990234372,521.8131599738476,65.86022383226464,437.2608141831405,1.0
Llama2-70B,32,2,16,32,32,2432,0.0037655,0.023975299987792967,0.019127,0.046867799987792974,0.0037655,3.903189499023438,512.4014605236031,65.91211855153769,437.60535487676043,1.0
Llama2-70B,32,2,16,32,32,2560,0.0037655,0.023975299987792967,0.020007,0.047747799987792966,0.0037655,3.9735894990234373,503.32325482829236,65.96401327081071,437.9498955703804,1.0
Llama2-70B,32,2,16,32,32,2688,0.0037655,0.023975299987792967,0.020887000000000003,0.04862779998779297,0.0037655,4.043989499023438,494.56112595815824,66.01590799008376,438.29443626400035,1.0
Llama2-70B,32,2,16,32,32,2816,0.0037655,0.023975299987792967,0.021767,0.04950779998779297,0.0037655,4.114389499023438,486.09884904545515,66.0678027093568,438.6389769576204,1.0
Llama2-70B,32,2,16,32,32,2944,0.0037655,0.023975299987792967,0.022647,0.05038779998779297,0.0037655,4.184789499023438,477.9212910151681,66.11969742862986,438.9835176512404,1.0
Llama2-70B,32,2,16,32,32,3072,0.0037655,0.023975299987792967,0.023527000000000003,0.051267799987792975,0.0037655,4.255189499023438,470.01432026916734,66.17159214790289,439.3280583448603,1.0
Llama2-70B,32,2,16,32,32,3200,0.0037655,0.023975299987792967,0.024407,0.05214779998779297,0.0037655,4.325589499023438,462.3647251898332,66.22348686717594,439.67259903848037,1.0
Llama2-70B,32,2,16,32,32,3328,0.0037655,0.023975299987792967,0.025287,0.05302779998779297,0.0037655,4.395989499023438,454.9601404744704,66.27538158644899,440.01713973210036,1.0
Llama2-70B,32,2,16,32,32,3456,0.0037655,0.023975299987792967,0.026167000000000003,0.05390779998779297,0.0037655,4.466389499023438,447.78898043650105,66.32727630572201,440.3616804257203,1.0
Llama2-70B,32,2,16,32,32,3584,0.0037655,0.023975299987792967,0.027047,0.05478779998779297,0.0037655,4.536789499023438,440.8403785166819,66.37917102499506,440.7062211193402,1.0
Llama2-70B,32,2,16,32,32,3712,0.0037655,0.023975299987792967,0.027927,0.05566779998779297,0.0037655,4.607189499023438,434.1041323401023,66.4310657442681,441.0507618129603,1.0
Llama2-70B,32,2,16,32,32,3840,0.0037655,0.023975299987792967,0.028807000000000003,0.05654779998779297,0.0037655,4.677589499023438,427.5706537346959,66.48296046354115,441.39530250658026,1.0
Llama2-70B,32,2,16,32,32,3968,0.0037655,0.023975299987792967,0.029687,0.057427799987792974,0.0037655,4.747989499023438,421.23092319630405,66.53485518281417,441.73984320020026,1.0
Llama2-70B,32,2,16,32,32,4096,0.0037655,0.023975299987792967,0.030567,0.058307799987792966,0.0037655,4.8183894990234375,415.0764483455205,66.58674990208722,442.08438389382025,1.0
Llama2-70B,32,4,8,32,32,128,0.0037655,0.022723602447509764,0.003287,0.029776102447509764,0.0037655,2.5358536958007813,1577.3780666541431,32.489006802311465,431.4036223916008,1.0
Llama2-70B,32,4,8,32,32,256,0.0037655,0.022723602447509764,0.0041670000000000006,0.030656102447509766,0.0037655,2.606253695800781,1534.7700058688972,32.51495416194798,431.74816308522077,1.0
Llama2-70B,32,4,8,32,32,384,0.0037655,0.022723602447509764,0.005046999999999999,0.03153610244750976,0.0037655,2.676653695800781,1494.403256676546,32.5409015215845,432.0927037788407,1.0
Llama2-70B,32,4,8,32,32,512,0.0037655,0.022723602447509764,0.005927,0.03241610244750977,0.0037655,2.747053695800781,1456.105501728818,32.566848881221034,432.43724447246063,1.0
Llama2-70B,32,4,8,32,32,640,0.0037655,0.022723602447509764,0.006806999999999999,0.033296102447509766,0.0037655,2.8174536958007814,1419.7216465213685,32.59279624085755,432.7817851660807,1.0
Llama2-70B,32,4,8,32,32,768,0.0037655,0.022723602447509764,0.007686999999999999,0.034176102447509765,0.0037655,2.887853695800781,1385.1117201042377,32.61874360049407,433.12632585970067,1.0
Llama2-70B,32,4,8,32,32,896,0.0037655,0.022723602447509764,0.008567,0.035056102447509764,0.0037655,2.958253695800781,1352.1490755434431,32.64469096013059,433.4708665533206,1.0
Llama2-70B,32,4,8,32,32,1024,0.0037655,0.022723602447509764,0.009446999999999999,0.03593610244750976,0.0037655,3.0286536958007813,1320.7188413604326,32.670638319767114,433.81540724694065,1.0
Llama2-70B,32,4,8,32,32,1152,0.0037655,0.022723602447509764,0.010327,0.03681610244750977,0.0037655,3.0990536958007815,1290.7165840398316,32.696585679403626,434.1599479405606,1.0
Llama2-70B,32,4,8,32,32,1280,0.0037655,0.022723602447509764,0.011207,0.03769610244750977,0.0037655,3.1694536958007813,1262.0471487876955,32.72253303904015,434.5044886341806,1.0
Llama2-70B,32,4,8,32,32,1408,0.0037655,0.022723602447509764,0.012087,0.038576102447509766,0.0037655,3.239853695800781,1234.623651427364,32.74848039867667,434.84902932780057,1.0
Llama2-70B,32,4,8,32,32,1536,0.0037655,0.022723602447509764,0.012967,0.039456102447509765,0.0037655,3.3102536958007813,1208.3665989329445,32.774427758313195,435.19357002142056,1.0
Llama2-70B,32,4,8,32,32,1664,0.0037655,0.022723602447509764,0.013847,0.040336102447509764,0.0037655,3.380653695800781,1183.2031198488414,32.80037511794971,435.53811071504055,1.0
Llama2-70B,32,4,8,32,32,1792,0.0037655,0.022723602447509764,0.014727,0.04121610244750977,0.0037655,3.451053695800782,1159.0662889039288,32.82632247758624,435.8826514086605,1.0
Llama2-70B,32,4,8,32,32,1920,0.0037655,0.022723602447509764,0.015607,0.04209610244750976,0.0037655,3.521453695800781,1135.894532638572,32.852269837222764,436.2271921022805,1.0
Llama2-70B,32,4,8,32,32,2048,0.0037655,0.022723602447509764,0.016486999999999998,0.04297610244750977,0.0037655,3.5918536958007814,1113.6311049295746,32.87821719685928,436.5717327959005,1.0
Llama2-70B,32,4,8,32,32,2176,0.0037655,0.022723602447509764,0.017367,0.043856102447509766,0.0037655,3.662253695800781,1092.223623007463,32.9041645564958,436.91627348952045,1.0
Llama2-70B,32,4,8,32,32,2304,0.0037655,0.022723602447509764,0.018247000000000003,0.044736102447509765,0.0037655,3.732653695800781,1071.623655979654,32.93011191613232,437.2608141831405,1.0
Llama2-70B,32,4,8,32,32,2432,0.0037655,0.022723602447509764,0.019127,0.04561610244750977,0.0037655,3.8030536958007817,1051.786359055798,32.956059275768844,437.60535487676043,1.0
Llama2-70B,32,4,8,32,32,2560,0.0037655,0.022723602447509764,0.020007,0.04649610244750976,0.0037655,3.873453695800781,1032.670147660835,32.982006635405355,437.9498955703804,1.0
Llama2-70B,32,4,8,32,32,2688,0.0037655,0.022723602447509764,0.020887000000000003,0.04737610244750977,0.0037655,3.9438536958007817,1014.2364064516389,33.00795399504188,438.29443626400035,1.0
Llama2-70B,32,4,8,32,32,2816,0.0037655,0.022723602447509764,0.021767,0.04825610244750977,0.0037655,4.0142536958007815,996.4492289523973,33.0339013546784,438.6389769576204,1.0
Llama2-70B,32,4,8,32,32,2944,0.0037655,0.022723602447509764,0.022647,0.049136102447509766,0.0037655,4.084653695800782,979.2751841146754,33.05984871431493,438.9835176512404,1.0
Llama2-70B,32,4,8,32,32,3072,0.0037655,0.022723602447509764,0.023527000000000003,0.05001610244750977,0.0037655,4.155053695800782,962.6831066088306,33.08579607395144,439.3280583448603,1.0
Llama2-70B,32,4,8,32,32,3200,0.0037655,0.022723602447509764,0.024407,0.050896102447509764,0.0037655,4.225453695800781,946.6439080790697,33.11174343358797,439.67259903848037,1.0
Llama2-70B,32,4,8,32,32,3328,0.0037655,0.022723602447509764,0.025287,0.05177610244750977,0.0037655,4.295853695800782,931.1304069572993,33.13769079322449,440.01713973210036,1.0
Llama2-70B,32,4,8,32,32,3456,0.0037655,0.022723602447509764,0.026167000000000003,0.05265610244750977,0.0037655,4.366253695800782,916.1171747411232,33.163638152861004,440.3616804257203,1.0
Llama2-70B,32,4,8,32,32,3584,0.0037655,0.022723602447509764,0.027047,0.05353610244750977,0.0037655,4.436653695800782,901.5803969072305,33.18958551249753,440.7062211193402,1.0
Llama2-70B,32,4,8,32,32,3712,0.0037655,0.022723602447509764,0.027927,0.054416102447509766,0.0037655,4.507053695800781,887.4977468599491,33.21553287213405,441.0507618129603,1.0
Llama2-70B,32,4,8,32,32,3840,0.0037655,0.022723602447509764,0.028807000000000003,0.055296102447509765,0.0037655,4.577453695800782,873.8482715116222,33.24148023177057,441.39530250658026,1.0
Llama2-70B,32,4,8,32,32,3968,0.0037655,0.022723602447509764,0.029687,0.05617610244750977,0.0037655,4.647853695800782,860.6122872615157,33.267427591407085,441.73984320020026,1.0
Llama2-70B,32,4,8,32,32,4096,0.0037655,0.022723602447509764,0.030567,0.05705610244750976,0.0037655,4.718253695800781,847.7712852871767,33.29337495104361,442.08438389382025,1.0
Llama2-70B,32,8,4,32,32,128,0.0037655,0.02129309097290039,0.003287,0.02834559097290039,0.0037655,2.4214127778320313,3303.856357428929,16.244503401155733,431.4036223916008,1.0
Llama2-70B,32,8,4,32,32,256,0.0037655,0.02129309097290039,0.0041670000000000006,0.02922559097290039,0.0037655,2.491812777832031,3210.514076808088,16.25747708097399,431.74816308522077,1.0
Llama2-70B,32,8,4,32,32,384,0.0037655,0.02129309097290039,0.005046999999999999,0.03010559097290039,0.0037655,2.5622127778320314,3122.3011879478063,16.27045076079225,432.0927037788407,1.0
Llama2-70B,32,8,4,32,32,512,0.0037655,0.02129309097290039,0.005927,0.030985590972900393,0.0037655,2.632612777832031,3038.8061880441214,16.283424440610517,432.43724447246063,1.0
Llama2-70B,32,8,4,32,32,640,0.0037655,0.02129309097290039,0.006806999999999999,0.03186559097290039,0.0037655,2.7030127778320314,2959.660444674794,16.296398120428776,432.7817851660807,1.0
Llama2-70B,32,8,4,32,32,768,0.0037655,0.02129309097290039,0.007686999999999999,0.03274559097290039,0.0037655,2.773412777832031,2884.5327547144198,16.309371800247035,433.12632585970067,1.0
Llama2-70B,32,8,4,32,32,896,0.0037655,0.02129309097290039,0.008567,0.03362559097290039,0.0037655,2.843812777832031,2813.1247114301127,16.322345480065295,433.4708665533206,1.0
Llama2-70B,32,8,4,32,32,1024,0.0037655,0.02129309097290039,0.009446999999999999,0.03450559097290039,0.0037655,2.9142127778320313,2745.1667430926013,16.335319159883557,433.81540724694065,1.0
Llama2-70B,32,8,4,32,32,1152,0.0037655,0.02129309097290039,0.010327,0.035385590972900394,0.0037655,2.9846127778320315,2680.41471222644,16.348292839701813,434.1599479405606,1.0
Llama2-70B,32,8,4,32,32,1280,0.0037655,0.02129309097290039,0.011207,0.03626559097290039,0.0037655,3.0550127778320313,2618.646985063396,16.361266519520075,434.5044886341806,1.0
Llama2-70B,32,8,4,32,32,1408,0.0037655,0.02129309097290039,0.012087,0.03714559097290039,0.0037655,3.125412777832031,2559.661897059648,16.374240199338335,434.84902932780057,1.0
Llama2-70B,32,8,4,32,32,1536,0.0037655,0.02129309097290039,0.012967,0.03802559097290039,0.0037655,3.1958127778320313,2503.275553403045,16.387213879156597,435.19357002142056,1.0
Llama2-70B,32,8,4,32,32,1664,0.0037655,0.02129309097290039,0.013847,0.03890559097290039,0.0037655,3.266212777832031,2449.319913967776,16.400187558974856,435.53811071504055,1.0
Llama2-70B,32,8,4,32,32,1792,0.0037655,0.02129309097290039,0.014727,0.039785590972900395,0.0037655,3.336612777832032,2397.641120705055,16.41316123879312,435.8826514086605,1.0
Llama2-70B,32,8,4,32,32,1920,0.0037655,0.02129309097290039,0.015607,0.04066559097290039,0.0037655,3.407012777832031,2348.098032403214,16.426134918611382,436.2271921022805,1.0
Llama2-70B,32,8,4,32,32,2048,0.0037655,0.02129309097290039,0.016486999999999998,0.04154559097290039,0.0037655,3.4774127778320314,2300.5609374299083,16.43910859842964,436.5717327959005,1.0
Llama2-70B,32,8,4,32,32,2176,0.0037655,0.02129309097290039,0.017367,0.04242559097290039,0.0037655,3.547812777832031,2254.910419734317,16.4520822782479,436.91627348952045,1.0
Llama2-70B,32,8,4,32,32,2304,0.0037655,0.02129309097290039,0.018247000000000003,0.04330559097290039,0.0037655,3.618212777832031,2211.036357235314,16.46505595806616,437.2608141831405,1.0
Llama2-70B,32,8,4,32,32,2432,0.0037655,0.02129309097290039,0.019127,0.044185590972900396,0.0037655,3.6886127778320317,2168.8370349088173,16.478029637884422,437.60535487676043,1.0
Llama2-70B,32,8,4,32,32,2560,0.0037655,0.02129309097290039,0.020007,0.04506559097290039,0.0037655,3.759012777832031,2128.2183575374575,16.491003317702678,437.9498955703804,1.0
Llama2-70B,32,8,4,32,32,2688,0.0037655,0.02129309097290039,0.020887000000000003,0.045945590972900394,0.0037655,3.8294127778320317,2089.093149297185,16.50397699752094,438.29443626400035,1.0
Llama2-70B,32,8,4,32,32,2816,0.0037655,0.02129309097290039,0.021767,0.04682559097290039,0.0037655,3.8998127778320315,2051.380529207694,16.5169506773392,438.6389769576204,1.0
Llama2-70B,32,8,4,32,32,2944,0.0037655,0.02129309097290039,0.022647,0.04770559097290039,0.0037655,3.9702127778320313,2015.0053530300884,16.529924357157466,438.9835176512404,1.0
Llama2-70B,32,8,4,32,32,3072,0.0037655,0.02129309097290039,0.023527000000000003,0.0485855909729004,0.0037655,4.040612777832032,1979.89771350779,16.54289803697572,439.3280583448603,1.0
Llama2-70B,32,8,4,32,32,3200,0.0037655,0.02129309097290039,0.024407,0.04946559097290039,0.0037655,4.111012777832031,1945.992491956897,16.555871716793984,439.67259903848037,1.0
Llama2-70B,32,8,4,32,32,3328,0.0037655,0.02129309097290039,0.025287,0.050345590972900395,0.0037655,4.181412777832032,1913.2289551542003,16.568845396612247,440.01713973210036,1.0
Llama2-70B,32,8,4,32,32,3456,0.0037655,0.02129309097290039,0.026167000000000003,0.051225590972900394,0.0037655,4.251812777832032,1881.5503922727146,16.581819076430502,440.3616804257203,1.0
Llama2-70B,32,8,4,32,32,3584,0.0037655,0.02129309097290039,0.027047,0.05210559097290039,0.0037655,4.322212777832032,1850.9037872986669,16.594792756248765,440.7062211193402,1.0
Llama2-70B,32,8,4,32,32,3712,0.0037655,0.02129309097290039,0.027927,0.05298559097290039,0.0037655,4.392612777832031,1821.2395229493436,16.607766436067024,441.0507618129603,1.0
Llama2-70B,32,8,4,32,32,3840,0.0037655,0.02129309097290039,0.028807000000000003,0.05386559097290039,0.0037655,4.463012777832032,1792.5111126135084,16.620740115885287,441.39530250658026,1.0
Llama2-70B,32,8,4,32,32,3968,0.0037655,0.02129309097290039,0.029687,0.054745590972900396,0.0037655,4.533412777832032,1764.6749572682324,16.633713795703542,441.73984320020026,1.0
Llama2-70B,32,8,4,32,32,4096,0.0037655,0.02129309097290039,0.030567,0.05562559097290039,0.0037655,4.603812777832031,1737.6901246986108,16.646687475521805,442.08438389382025,1.0
Llama2-70B,32,16,2,32,32,128,0.0037655,0.018461870346069335,0.003287,0.025514370346069334,0.0037655,2.194915127685547,7289.575709868736,8.122251700577866,431.4036223916008,1.0
Llama2-70B,32,16,2,32,32,256,0.0037655,0.018461870346069335,0.0041670000000000006,0.026394370346069337,0.0037655,2.2653151276855468,7063.03498548878,8.128738540486996,431.74816308522077,1.0
Llama2-70B,32,16,2,32,32,384,0.0037655,0.018461870346069335,0.005046999999999999,0.027274370346069336,0.0037655,2.335715127685547,6850.150435877149,8.135225380396125,432.0927037788407,1.0
Llama2-70B,32,16,2,32,32,512,0.0037655,0.018461870346069335,0.005927,0.028154370346069338,0.0037655,2.406115127685547,6649.7233718780835,8.141712220305259,432.43724447246063,1.0
Llama2-70B,32,16,2,32,32,640,0.0037655,0.018461870346069335,0.006806999999999999,0.029034370346069337,0.0037655,2.476515127685547,6460.691405084598,8.148199060214388,432.7817851660807,1.0
Llama2-70B,32,16,2,32,32,768,0.0037655,0.018461870346069335,0.007686999999999999,0.029914370346069336,0.0037655,2.546915127685547,6282.109610201125,8.154685900123518,433.12632585970067,1.0
Llama2-70B,32,16,2,32,32,896,0.0037655,0.018461870346069335,0.008567,0.030794370346069334,0.0037655,2.6173151276855466,6113.134727551345,8.161172740032647,433.4708665533206,1.0
Llama2-70B,32,16,2,32,32,1024,0.0037655,0.018461870346069335,0.009446999999999999,0.03167437034606933,0.0037655,2.687715127685547,5953.0118483122005,8.167659579941779,433.81540724694065,1.0
Llama2-70B,32,16,2,32,32,1152,0.0037655,0.018461870346069335,0.010327,0.03255437034606934,0.0037655,2.758115127685547,5801.063138878574,8.174146419850906,434.1599479405606,1.0
Llama2-70B,32,16,2,32,32,1280,0.0037655,0.018461870346069335,0.011207,0.03343437034606934,0.0037655,2.828515127685547,5656.678249089697,8.180633259760038,434.5044886341806,1.0
Llama2-70B,32,16,2,32,32,1408,0.0037655,0.018461870346069335,0.012087,0.03431437034606934,0.0037655,2.8989151276855467,5519.306118069823,8.187120099669167,434.84902932780057,1.0
Llama2-70B,32,16,2,32,32,1536,0.0037655,0.018461870346069335,0.012967,0.035194370346069336,0.0037655,2.969315127685547,5388.44794572926,8.193606939578299,435.19357002142056,1.0
Llama2-70B,32,16,2,32,32,1664,0.0037655,0.018461870346069335,0.013847,0.036074370346069334,0.0037655,3.0397151276855467,5263.651140948354,8.200093779487428,435.53811071504055,1.0
Llama2-70B,32,16,2,32,32,1792,0.0037655,0.018461870346069335,0.014727,0.03695437034606934,0.0037655,3.1101151276855474,5144.504091688307,8.20658061939656,435.8826514086605,1.0
Llama2-70B,32,16,2,32,32,1920,0.0037655,0.018461870346069335,0.015607,0.03783437034606933,0.0037655,3.180515127685547,5030.631629676656,8.213067459305691,436.2271921022805,1.0
Llama2-70B,32,16,2,32,32,2048,0.0037655,0.018461870346069335,0.016486999999999998,0.03871437034606934,0.0037655,3.250915127685547,4921.691084378146,8.21955429921482,436.5717327959005,1.0
Llama2-70B,32,16,2,32,32,2176,0.0037655,0.018461870346069335,0.017367,0.03959437034606934,0.0037655,3.321315127685547,4817.368838815838,8.22604113912395,436.91627348952045,1.0
Llama2-70B,32,16,2,32,32,2304,0.0037655,0.018461870346069335,0.018247000000000003,0.040474370346069335,0.0037655,3.3917151276855466,4717.377314325968,8.23252797903308,437.2608141831405,1.0
Llama2-70B,32,16,2,32,32,2432,0.0037655,0.018461870346069335,0.019127,0.04135437034606934,0.0037655,3.4621151276855473,4621.452323191844,8.239014818942211,437.60535487676043,1.0
Llama2-70B,32,16,2,32,32,2560,0.0037655,0.018461870346069335,0.020007,0.04223437034606933,0.0037655,3.5325151276855467,4529.35073783618,8.245501658851339,437.9498955703804,1.0
Llama2-70B,32,16,2,32,32,2688,0.0037655,0.018461870346069335,0.020887000000000003,0.04311437034606934,0.0037655,3.6029151276855473,4440.848433273568,8.25198849876047,438.29443626400035,1.0
Llama2-70B,32,16,2,32,32,2816,0.0037655,0.018461870346069335,0.021767,0.04399437034606934,0.0037655,3.673315127685547,4355.738466163439,8.2584753386696,438.6389769576204,1.0
Llama2-70B,32,16,2,32,32,2944,0.0037655,0.018461870346069335,0.022647,0.04487437034606934,0.0037655,3.743715127685547,4273.8294593188175,8.264962178578733,438.9835176512404,1.0
Llama2-70B,32,16,2,32,32,3072,0.0037655,0.018461870346069335,0.023527000000000003,0.04575437034606934,0.0037655,3.814115127685547,4194.944165125136,8.27144901848786,439.3280583448603,1.0
Llama2-70B,32,16,2,32,32,3200,0.0037655,0.018461870346069335,0.024407,0.046634370346069334,0.0037655,3.8845151276855465,4118.91818517207,8.277935858396992,439.67259903848037,1.0
Llama2-70B,32,16,2,32,32,3328,0.0037655,0.018461870346069335,0.025287,0.04751437034606934,0.0037655,3.954915127685547,4045.5988266335685,8.284422698306123,440.01713973210036,1.0
Llama2-70B,32,16,2,32,32,3456,0.0037655,0.018461870346069335,0.026167000000000003,0.04839437034606934,0.0037655,4.0253151276855474,3974.8440786546785,8.290909538215251,440.3616804257203,1.0
Llama2-70B,32,16,2,32,32,3584,0.0037655,0.018461870346069335,0.027047,0.04927437034606934,0.0037655,4.095715127685548,3906.52169430579,8.297396378124382,440.7062211193402,1.0
Llama2-70B,32,16,2,32,32,3712,0.0037655,0.018461870346069335,0.027927,0.05015437034606934,0.0037655,4.166115127685547,3840.508365617029,8.303883218033512,441.0507618129603,1.0
Llama2-70B,32,16,2,32,32,3840,0.0037655,0.018461870346069335,0.028807000000000003,0.051034370346069335,0.0037655,4.236515127685547,3776.688980865499,8.310370057942643,441.39530250658026,1.0
Llama2-70B,32,16,2,32,32,3968,0.0037655,0.018461870346069335,0.029687,0.05191437034606934,0.0037655,4.3069151276855475,3714.955954703962,8.316856897851771,441.73984320020026,1.0
Llama2-70B,32,16,2,32,32,4096,0.0037655,0.018461870346069335,0.030567,0.05279437034606933,0.0037655,4.377315127685547,3655.2086229304236,8.323343737760903,442.08438389382025,1.0
Llama2-70B,32,32,1,32,32,128,0.0037655,0.01302294651031494,0.003287,0.02007544651031494,0.0037655,1.7598012208251952,18183.87191764463,4.061125850288933,431.4036223916008,1.0
Llama2-70B,32,32,1,32,32,256,0.0037655,0.01302294651031494,0.0041670000000000006,0.020955446510314942,0.0037655,1.8302012208251954,17484.416268486555,4.064369270243498,431.74816308522077,1.0
Llama2-70B,32,32,1,32,32,384,0.0037655,0.01302294651031494,0.005046999999999999,0.02183544651031494,0.0037655,1.9006012208251952,16836.777567735313,4.067612690198063,432.0927037788407,1.0
Llama2-70B,32,32,1,32,32,512,0.0037655,0.01302294651031494,0.005927,0.022715446510314943,0.0037655,1.9710012208251955,16235.403439579108,4.070856110152629,432.43724447246063,1.0
Llama2-70B,32,32,1,32,32,640,0.0037655,0.01302294651031494,0.006806999999999999,0.023595446510314942,0.0037655,2.0414012208251955,15675.507427719007,4.074099530107194,432.7817851660807,1.0
Llama2-70B,32,32,1,32,32,768,0.0037655,0.01302294651031494,0.007686999999999999,0.02447544651031494,0.0037655,2.1118012208251953,15152.941330101072,4.077342950061759,433.12632585970067,1.0
Llama2-70B,32,32,1,32,32,896,0.0037655,0.01302294651031494,0.008567,0.02535544651031494,0.0037655,2.182201220825195,14664.092245305987,4.080586370016324,433.4708665533206,1.0
Llama2-70B,32,32,1,32,32,1024,0.0037655,0.01302294651031494,0.009446999999999999,0.02623544651031494,0.0037655,2.2526012208251953,14205.798924444089,4.083829789970889,433.81540724694065,1.0
Llama2-70B,32,32,1,32,32,1152,0.0037655,0.01302294651031494,0.010327,0.02711544651031494,0.0037655,2.323001220825195,13775.283333098165,4.087073209925453,434.1599479405606,1.0
Llama2-70B,32,32,1,32,32,1280,0.0037655,0.01302294651031494,0.011207,0.027995446510314943,0.0037655,2.3934012208251954,13370.094291573505,4.090316629880019,434.5044886341806,1.0
Llama2-70B,32,32,1,32,32,1408,0.0037655,0.01302294651031494,0.012087,0.028875446510314942,0.0037655,2.463801220825195,12988.0607775989,4.093560049834584,434.84902932780057,1.0
Llama2-70B,32,32,1,32,32,1536,0.0037655,0.01302294651031494,0.012967,0.02975544651031494,0.0037655,2.5342012208251954,12627.253012521258,4.096803469789149,435.19357002142056,1.0
Llama2-70B,32,32,1,32,32,1664,0.0037655,0.01302294651031494,0.013847,0.03063544651031494,0.0037655,2.604601220825195,12285.949858328675,4.100046889743714,435.53811071504055,1.0
Llama2-70B,32,32,1,32,32,1792,0.0037655,0.01302294651031494,0.014727,0.031515446510314946,0.0037655,2.675001220825196,11962.611362894444,4.10329030969828,435.8826514086605,1.0
Llama2-70B,32,32,1,32,32,1920,0.0037655,0.01302294651031494,0.015607,0.03239544651031494,0.0037655,2.745401220825195,11655.855529335578,4.1065337296528455,436.2271921022805,1.0
Llama2-70B,32,32,1,32,32,2048,0.0037655,0.01302294651031494,0.016486999999999998,0.03327544651031494,0.0037655,2.8158012208251955,11364.43857021346,4.10977714960741,436.5717327959005,1.0
Llama2-70B,32,32,1,32,32,2176,0.0037655,0.01302294651031494,0.017367,0.03415544651031494,0.0037655,2.8862012208251953,11087.238051562761,4.113020569561975,436.91627348952045,1.0
Llama2-70B,32,32,1,32,32,2304,0.0037655,0.01302294651031494,0.018247000000000003,0.03503544651031494,0.0037655,2.956601220825195,10823.238445078068,4.11626398951654,437.2608141831405,1.0
Llama2-70B,32,32,1,32,32,2432,0.0037655,0.01302294651031494,0.019127,0.03591544651031495,0.0037655,3.0270012208251957,10571.518696406878,4.1195074094711055,437.60535487676043,1.0
Llama2-70B,32,32,1,32,32,2560,0.0037655,0.01302294651031494,0.020007,0.03679544651031494,0.0037655,3.097401220825195,10331.241488784171,4.122750829425669,437.9498955703804,1.0
Llama2-70B,32,32,1,32,32,2688,0.0037655,0.01302294651031494,0.020887000000000003,0.037675446510314944,0.0037655,3.1678012208251958,10101.643938272164,4.125994249380235,438.29443626400035,1.0
Llama2-70B,32,32,1,32,32,2816,0.0037655,0.01302294651031494,0.021767,0.03855544651031494,0.0037655,3.2382012208251956,9882.029502738991,4.1292376693348,438.6389769576204,1.0
Llama2-70B,32,32,1,32,32,2944,0.0037655,0.01302294651031494,0.022647,0.03943544651031494,0.0037655,3.3086012208251954,9671.760923795739,4.132481089289366,438.9835176512404,1.0
Llama2-70B,32,32,1,32,32,3072,0.0037655,0.01302294651031494,0.023527000000000003,0.04031544651031495,0.0037655,3.3790012208251956,9470.254051043281,4.13572450924393,439.3280583448603,1.0
Llama2-70B,32,32,1,32,32,3200,0.0037655,0.01302294651031494,0.024407,0.04119544651031494,0.0037655,3.449401220825195,9276.972422577357,4.138967929198496,439.67259903848037,1.0
Llama2-70B,32,32,1,32,32,3328,0.0037655,0.01302294651031494,0.025287,0.042075446510314946,0.0037655,3.5198012208251956,9091.422495869752,4.142211349153062,440.01713973210036,1.0
Llama2-70B,32,32,1,32,32,3456,0.0037655,0.01302294651031494,0.026167000000000003,0.042955446510314944,0.0037655,3.5902012208251954,8913.149439753382,4.145454769107626,440.3616804257203,1.0
Llama2-70B,32,32,1,32,32,3584,0.0037655,0.01302294651031494,0.027047,0.04383544651031494,0.0037655,3.6606012208251957,8741.733411973883,4.148698189062191,440.7062211193402,1.0
Llama2-70B,32,32,1,32,32,3712,0.0037655,0.01302294651031494,0.027927,0.04471544651031494,0.0037655,3.7310012208251955,8576.78625817294,4.151941609016756,441.0507618129603,1.0
Llama2-70B,32,32,1,32,32,3840,0.0037655,0.01302294651031494,0.028807000000000003,0.04559544651031494,0.0037655,3.8014012208251953,8417.948577670406,4.155185028971322,441.39530250658026,1.0
Llama2-70B,32,32,1,32,32,3968,0.0037655,0.01302294651031494,0.029687,0.04647544651031495,0.0037655,3.8718012208251955,8264.887109359363,4.158428448925886,441.73984320020026,1.0
Llama2-70B,32,32,1,32,32,4096,0.0037655,0.01302294651031494,0.030567,0.04735544651031494,0.0037655,3.942201220825195,8117.292397697967,4.161671868880451,442.08438389382025,1.0
Llama2-70B,32,80,1,32,10,128,0.005935,0.0014614998626708,0.009861,0.0172574998626709,0.005935,1.536534989013672,52065.19901727286,1.73161786313055,291.7637511593176,0.84375
Llama2-70B,32,80,1,32,10,256,0.005935,0.0014614998626708,0.012501,0.0198974998626709,0.005935,1.7477349890136715,45773.53002765467,1.7327125173652154,291.94819163693603,0.84375
Llama2-70B,32,80,1,32,10,384,0.005935,0.0014614998626708,0.0151409999999999,0.0225374998626708,0.005935,1.958934989013672,40838.51707619975,1.7338071715998808,292.1326321145546,0.84375
Llama2-70B,32,80,1,32,10,512,0.005935,0.0014614998626708,0.0177809999999999,0.0251774998626709,0.005935,2.170134989013672,36864.06624703105,1.7349018258345466,292.3170725921731,0.84375
Llama2-70B,32,80,1,32,10,640,0.005935,0.0014614998626708,0.0204209999999999,0.0278174998626708,0.005935,2.381334989013672,33594.601502552694,1.7359964800692125,292.5015130697915,0.84375
Llama2-70B,32,80,1,32,10,768,0.005935,0.0014614998626708,0.0230609999999999,0.0304574998626709,0.005935,2.592534989013672,30857.82847252369,1.7370911343038782,292.68595354741,0.84375
Llama2-70B,32,80,1,32,10,896,0.005935,0.0014614998626708,0.025701,0.0330974998626709,0.005935,2.803734989013672,28533.36720962464,1.738185788538544,292.87039402502853,0.84375
Llama2-70B,32,80,1,32,10,1024,0.005935,0.0014614998626708,0.0283409999999999,0.0357374998626709,0.005935,3.014934989013672,26534.568835320657,1.7392804427732098,293.05483450264694,0.84375
Llama2-70B,32,80,1,32,10,1152,0.005935,0.0014614998626708,0.0309809999999999,0.0383774998626708,0.005935,3.2261349890136715,24797.474461680373,1.7403750970078753,293.23927498026546,0.84375
Llama2-70B,32,80,1,32,10,1280,0.005935,0.0014614998626708,0.033621,0.0410174998626709,0.005935,3.437334989013672,23273.84449164661,1.7414697512425412,293.423715457884,0.84375
Llama2-70B,32,80,1,32,10,1408,0.005935,0.0014614998626708,0.036261,0.0436574998626709,0.005935,3.648534989013672,21926.608965212865,1.742564405477207,293.60815593550245,0.84375
Llama2-70B,32,80,1,32,10,1536,0.005935,0.0014614998626708,0.038901,0.0462974998626709,0.005935,3.859734989013672,20726.811614712293,1.7436590597118726,293.792596413121,0.84375
Llama2-70B,32,80,1,32,10,1664,0.005935,0.0014614998626708,0.041541,0.0489374998626709,0.005935,4.070934989013672,19651.505174093392,1.744753713946538,293.97703689073944,0.84375
Llama2-70B,32,80,1,32,10,1792,0.005935,0.0014614998626708,0.044181,0.0515774998626709,0.005935,4.282134989013672,18682.26952332179,1.745848368181204,294.1614773683579,0.84375
Llama2-70B,32,80,1,32,10,1920,0.005935,0.0014614998626708,0.046821,0.0542174998626709,0.005935,4.493334989013673,17804.1477422899,1.7469430224158695,294.34591784597643,0.84375
Llama2-70B,32,80,1,32,10,2048,0.005935,0.0014614998626708,0.0494609999999999,0.0568574998626708,0.005935,4.704534989013672,17004.86874618237,1.7480376766505354,294.5303583235949,0.84375
Llama2-70B,32,80,1,32,10,2176,0.005935,0.0014614998626708,0.052101,0.0594974998626709,0.005935,4.915734989013672,16274.270313349778,1.7491323308852014,294.7147988012134,0.84375
Llama2-70B,32,80,1,32,10,2304,0.005935,0.0014614998626708,0.054741,0.0621374998626709,0.005935,5.126934989013673,15603.864720623367,1.750226985119867,294.8992392788319,0.84375
Llama2-70B,32,80,1,32,10,2432,0.005935,0.0014614998626708,0.057381,0.0647774998626709,0.005935,5.338134989013672,14986.507490845905,1.7513216393545328,295.08367975645035,0.84375
Llama2-70B,32,80,1,32,10,2560,0.005935,0.0014614998626708,0.060021,0.0674174998626709,0.005935,5.549334989013672,14416.141782462308,1.7524162935891985,295.2681202340689,0.84375
Llama2-70B,32,80,1,32,10,2688,0.005935,0.0014614998626708,0.062661,0.0700574998626709,0.005935,5.760534989013673,13887.599008177836,1.753510947823864,295.4525607116874,0.84375
Llama2-70B,32,80,1,32,10,2816,0.005935,0.0014614998626708,0.065301,0.0726974998626708,0.005935,5.971734989013672,13396.441762264689,1.75460560205853,295.63700118930586,0.84375
Llama2-70B,32,80,1,32,10,2944,0.005935,0.0014614998626708,0.067941,0.0753374998626709,0.005935,6.182934989013672,12938.838940106976,1.7557002562931956,295.8214416669243,0.84375
Llama2-70B,32,80,1,32,10,3072,0.005935,0.0014614998626708,0.070581,0.0779774998626709,0.005935,6.394134989013672,12511.465606756045,1.7567949105278613,296.0058821445428,0.84375
Llama2-70B,32,80,1,32,10,3200,0.005935,0.0014614998626708,0.073221,0.0806174998626709,0.005935,6.605334989013673,12111.422075195283,1.757889564762527,296.1903226221613,0.84375
Llama2-70B,32,80,1,32,10,3328,0.005935,0.0014614998626708,0.075861,0.0832574998626708,0.005935,6.816534989013672,11736.168028028522,1.7589842189971927,296.3747630997798,0.84375
Llama2-70B,32,80,1,32,10,3456,0.005935,0.0014614998626708,0.078501,0.0858974998626709,0.005935,7.027734989013673,11383.468517959556,1.7600788732318586,296.5592035773983,0.84375
Llama2-70B,32,80,1,32,10,3584,0.005935,0.0014614998626708,0.081141,0.0885374998626709,0.005935,7.238934989013672,11051.349421070054,1.7611735274665243,296.7436440550167,0.84375
Llama2-70B,32,80,1,32,10,3712,0.005935,0.0014614998626708,0.083781,0.0911774998626708,0.005935,7.450134989013671,10738.060467088431,1.76226818170119,296.92808453263524,0.84375
Llama2-70B,32,80,1,32,10,3840,0.005935,0.0014614998626708,0.086421,0.0938174998626709,0.005935,7.661334989013673,10442.044384525636,1.7633628359358555,297.1125250102537,0.84375
Llama2-70B,32,80,1,32,10,3968,0.005935,0.0014614998626708,0.089061,0.0964574998626709,0.005935,7.872534989013672,10161.911012353974,1.7644574901705212,297.2969654878722,0.84375
Llama2-70B,32,80,1,32,10,4096,0.005935,0.0014614998626708,0.091701,0.0990974998626709,0.005935,8.083734989013672,9896.41546991895,1.765552144405187,297.4814059654907,0.84375
Llama2-7B,8,1,8,32,32,128,0.0034455,0.0042958331044514,0.00233,0.0100713331044514,0.0034455,0.4757281593424479,2102.040798640554,11.617017832955137,105.36404216509884,1.0
Llama2-7B,8,1,8,32,32,256,0.0034455,0.0042958331044514,0.00277,0.0105113331044514,0.0034455,0.4898081593424479,2041.6156426272453,11.62220730488244,105.41110964376034,1.0
Llama2-7B,8,1,8,32,32,384,0.0034455,0.0042958331044514,0.00321,0.0109513331044514,0.0034455,0.5038881593424479,1984.567371666277,11.627396776809745,105.45817712242189,1.0
Llama2-7B,8,1,8,32,32,512,0.0034455,0.0042958331044514,0.00365,0.0113913331044514,0.0034455,0.5179681593424479,1930.6206027596047,11.63258624873705,105.5052446010834,1.0
Llama2-7B,8,1,8,32,32,640,0.0034455,0.0042958331044514,0.00409,0.0118313331044514,0.0034455,0.5320481593424479,1879.529103598232,11.637775720664353,105.55231207974492,1.0
Llama2-7B,8,1,8,32,32,768,0.0034455,0.0042958331044514,0.00453,0.0122713331044514,0.0034455,0.546128159342448,1831.0720348205907,11.642965192591657,105.5993795584064,1.0
Llama2-7B,8,1,8,32,32,896,0.0034455,0.0042958331044514,0.00497,0.0127113331044514,0.0034455,0.5602081593424479,1785.0507589424683,11.648154664518962,105.64644703706792,1.0
Llama2-7B,8,1,8,32,32,1024,0.0034455,0.0042958331044514,0.00541,0.0131513331044514,0.0034455,0.5742881593424479,1741.28611870561,11.653344136446265,105.69351451572946,1.0
Llama2-7B,8,1,8,32,32,1152,0.0034455,0.0042958331044514,0.00585,0.0135913331044514,0.0034455,0.5883681593424479,1699.6161062107544,11.658533608373569,105.74058199439098,1.0
Llama2-7B,8,1,8,32,32,1280,0.0034455,0.0042958331044514,0.00629,0.0140313331044514,0.0034455,0.6024481593424479,1659.8938589030909,11.663723080300873,105.78764947305248,1.0
Llama2-7B,8,1,8,32,32,1408,0.0034455,0.0042958331044514,0.00673,0.0144713331044514,0.0034455,0.616528159342448,1621.9859301585514,11.668912552228178,105.834716951714,1.0
Llama2-7B,8,1,8,32,32,1536,0.0034455,0.0042958331044514,0.00717,0.0149113331044514,0.0034455,0.630608159342448,1585.770791552597,11.674102024155484,105.8817844303755,1.0
Llama2-7B,8,1,8,32,32,1664,0.0034455,0.0042958331044514,0.00761,0.0153513331044514,0.0034455,0.6446881593424479,1551.1375313918495,11.679291496082788,105.92885190903704,1.0
Llama2-7B,8,1,8,32,32,1792,0.0034455,0.0042958331044514,0.00805,0.0157913331044515,0.0034455,0.658768159342448,1517.984720145178,11.68448096801009,105.97591938769855,1.0
Llama2-7B,8,1,8,32,32,1920,0.0034455,0.0042958331044514,0.00849,0.0162313331044514,0.0034455,0.6728481593424479,1486.2194183265162,11.689670439937396,106.02298686636009,1.0
Llama2-7B,8,1,8,32,32,2048,0.0034455,0.0042958331044514,0.00893,0.0166713331044515,0.0034455,0.686928159342448,1455.756306390519,11.6948599118647,106.0700543450216,1.0
Llama2-7B,8,1,8,32,32,2176,0.0034455,0.0042958331044514,0.00937,0.0171113331044514,0.0034455,0.7010081593424479,1426.5169194863713,11.700049383792004,106.11712182368308,1.0
Llama2-7B,8,1,8,32,32,2304,0.0034455,0.0042958331044514,0.00981,0.0175513331044515,0.0034455,0.715088159342448,1398.428972617222,11.705238855719308,106.1641893023446,1.0
Llama2-7B,8,1,8,32,32,2432,0.0034455,0.0042958331044514,0.0102499999999999,0.0179913331044514,0.0034455,0.7291681593424478,1371.425763985339,11.71042832764661,106.21125678100614,1.0
Llama2-7B,8,1,8,32,32,2560,0.0034455,0.0042958331044514,0.0106899999999999,0.0184313331044514,0.0034455,0.7432481593424479,1345.4456461549807,11.715617799573916,106.25832425966765,1.0
Llama2-7B,8,1,8,32,32,2688,0.0034455,0.0042958331044514,0.01113,0.0188713331044515,0.0034455,0.757328159342448,1320.4315562070904,11.72080727150122,106.30539173832918,1.0
Llama2-7B,8,1,8,32,32,2816,0.0034455,0.0042958331044514,0.01157,0.0193113331044514,0.0034455,0.7714081593424479,1296.3305973486265,11.725996743428524,106.35245921699068,1.0
Llama2-7B,8,1,8,32,32,2944,0.0034455,0.0042958331044514,0.01201,0.0197513331044515,0.0034455,0.785488159342448,1273.0936655202102,11.731186215355828,106.3995266956522,1.0
Llama2-7B,8,1,8,32,32,3072,0.0034455,0.0042958331044514,0.01245,0.0201913331044514,0.0034455,0.7995681593424478,1250.6751154553028,11.736375687283134,106.44659417431372,1.0
Llama2-7B,8,1,8,32,32,3200,0.0034455,0.0042958331044514,0.0128899999999999,0.0206313331044514,0.0034455,0.8136481593424479,1229.0324614120098,11.741565159210436,106.49366165297523,1.0
Llama2-7B,8,1,8,32,32,3328,0.0034455,0.0042958331044514,0.0133299999999999,0.0210713331044514,0.0034455,0.8277281593424478,1208.1261084489454,11.746754631137742,106.54072913163677,1.0
Llama2-7B,8,1,8,32,32,3456,0.0034455,0.0042958331044514,0.01377,0.0215113331044514,0.0034455,0.8418081593424479,1187.9191106690137,11.751944103065044,106.58779661029828,1.0
Llama2-7B,8,1,8,32,32,3584,0.0034455,0.0042958331044514,0.01421,0.0219513331044515,0.0034455,0.855888159342448,1168.3769533256177,11.757133574992352,106.63486408895976,1.0
Llama2-7B,8,1,8,32,32,3712,0.0034455,0.0042958331044514,0.01465,0.0223913331044514,0.0034455,0.8699681593424479,1149.4673560878764,11.762323046919654,106.6819315676213,1.0
Llama2-7B,8,1,8,32,32,3840,0.0034455,0.0042958331044514,0.01509,0.0228313331044515,0.0034455,0.884048159342448,1131.1600951059008,11.767512518846956,106.7289990462828,1.0
Llama2-7B,8,1,8,32,32,3968,0.0034455,0.0042958331044514,0.0155299999999999,0.0232713331044514,0.0034455,0.8981281593424478,1113.4268418130173,11.772701990774262,106.77606652494434,1.0
Llama2-7B,8,1,8,32,32,4096,0.0034455,0.0042958331044514,0.0159699999999999,0.0237113331044514,0.0034455,0.912208159342448,1096.241016656588,11.777891462701565,106.82313400360586,1.0
Llama2-7B,8,2,4,32,32,128,0.0034455,0.0040872168477376,0.00233,0.0098627168477376,0.0034455,0.4690524391276042,4263.915573533361,5.808508916477568,105.36404216509884,1.0
Llama2-7B,8,2,4,32,32,256,0.0034455,0.0040872168477376,0.00277,0.0103027168477376,0.0034455,0.4831324391276042,4139.651652477352,5.81110365244122,105.41110964376034,1.0
Llama2-7B,8,2,4,32,32,384,0.0034455,0.0040872168477376,0.00321,0.0107427168477376,0.0034455,0.4972124391276041,4022.425511938413,5.813698388404872,105.45817712242189,1.0
Llama2-7B,8,2,4,32,32,512,0.0034455,0.0040872168477376,0.00365,0.0111827168477376,0.0034455,0.5112924391276041,3911.655731527171,5.816293124368525,105.5052446010834,1.0
Llama2-7B,8,2,4,32,32,640,0.0034455,0.0040872168477376,0.00409,0.0116227168477376,0.0034455,0.5253724391276041,3806.823219202471,5.818887860332176,105.55231207974492,1.0
Llama2-7B,8,2,4,32,32,768,0.0034455,0.0040872168477376,0.00453,0.0120627168477376,0.0034455,0.5394524391276042,3707.463077253624,5.821482596295828,105.5993795584064,1.0
Llama2-7B,8,2,4,32,32,896,0.0034455,0.0040872168477376,0.00497,0.0125027168477376,0.0034455,0.5535324391276042,3613.157709694672,5.824077332259481,105.64644703706792,1.0
Llama2-7B,8,2,4,32,32,1024,0.0034455,0.0040872168477376,0.00541,0.0129427168477376,0.0034455,0.5676124391276042,3523.5309555123804,5.826672068223132,105.69351451572946,1.0
Llama2-7B,8,2,4,32,32,1152,0.0034455,0.0040872168477376,0.00585,0.0133827168477376,0.0034455,0.5816924391276042,3438.2430739507445,5.829266804186784,105.74058199439098,1.0
Llama2-7B,8,2,4,32,32,1280,0.0034455,0.0040872168477376,0.00629,0.0138227168477376,0.0034455,0.5957724391276041,3356.9864408776966,5.831861540150436,105.78764947305248,1.0
Llama2-7B,8,2,4,32,32,1408,0.0034455,0.0040872168477376,0.00673,0.0142627168477376,0.0034455,0.6098524391276042,3279.4818413139515,5.834456276114089,105.834716951714,1.0
Llama2-7B,8,2,4,32,32,1536,0.0034455,0.0040872168477376,0.00717,0.0147027168477376,0.0034455,0.6239324391276042,3205.4752639507624,5.837051012077742,105.8817844303755,1.0
Llama2-7B,8,2,4,32,32,1664,0.0034455,0.0040872168477376,0.00761,0.0151427168477376,0.0034455,0.6380124391276042,3134.73512010946,5.839645748041394,105.92885190903704,1.0
Llama2-7B,8,2,4,32,32,1792,0.0034455,0.0040872168477376,0.00805,0.0155827168477376,0.0034455,0.6520924391276043,3067.049822990865,5.842240484005045,105.97591938769855,1.0
Llama2-7B,8,2,4,32,32,1920,0.0034455,0.0040872168477376,0.00849,0.0160227168477376,0.0034455,0.6661724391276042,3002.22567390979,5.844835219968697,106.02298686636009,1.0
Llama2-7B,8,2,4,32,32,2048,0.0034455,0.0040872168477376,0.00893,0.0164627168477376,0.0034455,0.6802524391276042,2940.08501103637,5.84742995593235,106.0700543450216,1.0
Llama2-7B,8,2,4,32,32,2176,0.0034455,0.0040872168477376,0.00937,0.0169027168477376,0.0034455,0.6943324391276041,2880.464583381565,5.850024691896001,106.11712182368308,1.0
Llama2-7B,8,2,4,32,32,2304,0.0034455,0.0040872168477376,0.00981,0.0173427168477376,0.0034455,0.7084124391276042,2823.214118689051,5.852619427859654,106.1641893023446,1.0
Llama2-7B,8,2,4,32,32,2432,0.0034455,0.0040872168477376,0.0102499999999999,0.0177827168477376,0.0034455,0.7224924391276041,2768.195058781462,5.855214163823305,106.21125678100614,1.0
Llama2-7B,8,2,4,32,32,2560,0.0034455,0.0040872168477376,0.0106899999999999,0.0182227168477376,0.0034455,0.7365724391276042,2715.279439954064,5.857808899786958,106.25832425966765,1.0
Llama2-7B,8,2,4,32,32,2688,0.0034455,0.0040872168477376,0.01113,0.0186627168477376,0.0034455,0.7506524391276043,2664.3488993712813,5.86040363575061,106.30539173832918,1.0
Llama2-7B,8,2,4,32,32,2816,0.0034455,0.0040872168477376,0.01157,0.0191027168477376,0.0034455,0.7647324391276041,2615.293791226604,5.862998371714261,106.35245921699068,1.0
Llama2-7B,8,2,4,32,32,2944,0.0034455,0.0040872168477376,0.01201,0.0195427168477376,0.0034455,0.7788124391276042,2568.0123987751444,5.865593107677914,106.3995266956522,1.0
Llama2-7B,8,2,4,32,32,3072,0.0034455,0.0040872168477376,0.01245,0.0199827168477376,0.0034455,0.7928924391276041,2522.410230321455,5.868187843641567,106.44659417431372,1.0
Llama2-7B,8,2,4,32,32,3200,0.0034455,0.0040872168477376,0.0128899999999999,0.0204227168477376,0.0034455,0.8069724391276042,2478.3993889086787,5.870782579605218,106.49366165297523,1.0
Llama2-7B,8,2,4,32,32,3328,0.0034455,0.0040872168477376,0.0133299999999999,0.0208627168477376,0.0034455,0.8210524391276041,2435.8980068618607,5.873377315568871,106.54072913163677,1.0
Llama2-7B,8,2,4,32,32,3456,0.0034455,0.0040872168477376,0.01377,0.0213027168477376,0.0034455,0.8351324391276042,2394.829737531498,5.875972051532522,106.58779661029828,1.0
Llama2-7B,8,2,4,32,32,3584,0.0034455,0.0040872168477376,0.01421,0.0217427168477376,0.0034455,0.8492124391276042,2355.1232975986545,5.878566787496176,106.63486408895976,1.0
Llama2-7B,8,2,4,32,32,3712,0.0034455,0.0040872168477376,0.01465,0.0221827168477376,0.0034455,0.8632924391276041,2316.712054169141,5.881161523459827,106.6819315676213,1.0
Llama2-7B,8,2,4,32,32,3840,0.0034455,0.0040872168477376,0.01509,0.0226227168477376,0.0034455,0.8773724391276042,2279.533651625364,5.883756259423478,106.7289990462828,1.0
Llama2-7B,8,2,4,32,32,3968,0.0034455,0.0040872168477376,0.0155299999999999,0.0230627168477376,0.0034455,0.8914524391276041,2243.529673840196,5.886350995387131,106.77606652494434,1.0
Llama2-7B,8,2,4,32,32,4096,0.0034455,0.0040872168477376,0.0159699999999999,0.0235027168477376,0.0034455,0.9055324391276042,2208.645337903977,5.888945731350782,106.82313400360586,1.0
Llama2-7B,8,4,2,32,32,128,0.0034455,0.0038090618387858,0.00233,0.0095845618387858,0.0034455,0.4601514788411458,8692.789622394946,2.904254458238784,105.36404216509884,1.0
Llama2-7B,8,4,2,32,32,256,0.0034455,0.0038090618387858,0.00277,0.0100245618387858,0.0034455,0.4742314788411458,8434.699463170575,2.90555182622061,105.41110964376034,1.0
Llama2-7B,8,4,2,32,32,384,0.0034455,0.0038090618387858,0.00321,0.0104645618387858,0.0034455,0.4883114788411459,8191.492875598061,2.906849194202436,105.45817712242189,1.0
Llama2-7B,8,4,2,32,32,512,0.0034455,0.0038090618387858,0.00365,0.0109045618387858,0.0034455,0.5023914788411459,7961.918480836303,2.9081465621842626,105.5052446010834,1.0
Llama2-7B,8,4,2,32,32,640,0.0034455,0.0038090618387858,0.00409,0.0113445618387858,0.0034455,0.5164714788411459,7744.8613599635055,2.909443930166088,105.55231207974492,1.0
Llama2-7B,8,4,2,32,32,768,0.0034455,0.0038090618387858,0.00453,0.0117845618387858,0.0034455,0.5305514788411458,7539.32494682133,2.910741298147914,105.5993795584064,1.0
Llama2-7B,8,4,2,32,32,896,0.0034455,0.0038090618387858,0.00497,0.0122245618387858,0.0034455,0.5446314788411458,7344.415729533494,2.9120386661297406,105.64644703706792,1.0
Llama2-7B,8,4,2,32,32,1024,0.0034455,0.0038090618387858,0.00541,0.0126645618387858,0.0034455,0.5587114788411458,7159.330265232102,2.913336034111566,105.69351451572946,1.0
Llama2-7B,8,4,2,32,32,1152,0.0034455,0.0038090618387858,0.00585,0.0131045618387858,0.0034455,0.5727914788411459,6983.344109958963,2.914633402093392,105.74058199439098,1.0
Llama2-7B,8,4,2,32,32,1280,0.0034455,0.0038090618387858,0.00629,0.0135445618387858,0.0034455,0.5868714788411459,6815.802342104817,2.915930770075218,105.78764947305248,1.0
Llama2-7B,8,4,2,32,32,1408,0.0034455,0.0038090618387858,0.00673,0.0139845618387858,0.0034455,0.6009514788411459,6656.111418035716,2.9172281380570446,105.834716951714,1.0
Llama2-7B,8,4,2,32,32,1536,0.0034455,0.0038090618387858,0.00717,0.0144245618387858,0.0034455,0.6150314788411458,6503.732146420988,2.918525506038871,105.8817844303755,1.0
Llama2-7B,8,4,2,32,32,1664,0.0034455,0.0038090618387858,0.00761,0.0148645618387858,0.0034455,0.6291114788411458,6358.1736060009525,2.919822874020697,105.92885190903704,1.0
Llama2-7B,8,4,2,32,32,1792,0.0034455,0.0038090618387858,0.00805,0.0153045618387858,0.0034455,0.6431914788411459,6218.987862225568,2.921120242002522,105.97591938769855,1.0
Llama2-7B,8,4,2,32,32,1920,0.0034455,0.0038090618387858,0.00849,0.0157445618387858,0.0034455,0.6572714788411459,6085.765362970738,2.9224176099843486,106.02298686636009,1.0
Llama2-7B,8,4,2,32,32,2048,0.0034455,0.0038090618387858,0.00893,0.0161845618387858,0.0034455,0.6713514788411459,5958.130913637971,2.923714977966175,106.0700543450216,1.0
Llama2-7B,8,4,2,32,32,2176,0.0034455,0.0038090618387858,0.00937,0.0166245618387858,0.0034455,0.6854314788411459,5835.740148326382,2.9250123459480006,106.11712182368308,1.0
Llama2-7B,8,4,2,32,32,2304,0.0034455,0.0038090618387858,0.00981,0.0170645618387858,0.0034455,0.6995114788411458,5718.276427181221,2.926309713929827,106.1641893023446,1.0
Llama2-7B,8,4,2,32,32,2432,0.0034455,0.0038090618387858,0.0102499999999999,0.0175045618387858,0.0034455,0.7135914788411458,5605.44810105622,2.9276070819116526,106.21125678100614,1.0
Llama2-7B,8,4,2,32,32,2560,0.0034455,0.0038090618387858,0.0106899999999999,0.0179445618387858,0.0034455,0.7276714788411458,5496.986093738627,2.928904449893479,106.25832425966765,1.0
Llama2-7B,8,4,2,32,32,2688,0.0034455,0.0038090618387858,0.01113,0.0183845618387858,0.0034455,0.7417514788411459,5392.641759540925,2.930201817875305,106.30539173832918,1.0
Llama2-7B,8,4,2,32,32,2816,0.0034455,0.0038090618387858,0.01157,0.0188245618387858,0.0034455,0.7558314788411459,5292.184980351533,2.9314991858571307,106.35245921699068,1.0
Llama2-7B,8,4,2,32,32,2944,0.0034455,0.0038090618387858,0.01201,0.0192645618387858,0.0034455,0.7699114788411459,5195.402471490247,2.932796553838957,106.3995266956522,1.0
Llama2-7B,8,4,2,32,32,3072,0.0034455,0.0038090618387858,0.01245,0.0197045618387858,0.0034455,0.7839914788411458,5102.096270118376,2.9340939218207835,106.44659417431372,1.0
Llama2-7B,8,4,2,32,32,3200,0.0034455,0.0038090618387858,0.0128899999999999,0.0201445618387858,0.0034455,0.7980714788411458,5012.082383658507,2.935391289802609,106.49366165297523,1.0
Llama2-7B,8,4,2,32,32,3328,0.0034455,0.0038090618387858,0.0133299999999999,0.0205845618387858,0.0034455,0.8121514788411458,4925.189578805639,2.936688657784436,106.54072913163677,1.0
Llama2-7B,8,4,2,32,32,3456,0.0034455,0.0038090618387858,0.01377,0.0210245618387858,0.0034455,0.8262314788411459,4841.258294358758,2.937986025766261,106.58779661029828,1.0
Llama2-7B,8,4,2,32,32,3584,0.0034455,0.0038090618387858,0.01421,0.0214645618387858,0.0034455,0.8403114788411459,4760.139663349961,2.939283393748088,106.63486408895976,1.0
Llama2-7B,8,4,2,32,32,3712,0.0034455,0.0038090618387858,0.01465,0.0219045618387858,0.0034455,0.8543914788411459,4681.694631862903,2.9405807617299136,106.6819315676213,1.0
Llama2-7B,8,4,2,32,32,3840,0.0034455,0.0038090618387858,0.01509,0.0223445618387858,0.0034455,0.8684714788411458,4605.793163567608,2.941878129711739,106.7289990462828,1.0
Llama2-7B,8,4,2,32,32,3968,0.0034455,0.0038090618387858,0.0155299999999999,0.0227845618387858,0.0034455,0.8825514788411458,4532.3135203991615,2.9431754976935656,106.77606652494434,1.0
Llama2-7B,8,4,2,32,32,4096,0.0034455,0.0038090618387858,0.0159699999999999,0.0232245618387858,0.0034455,0.8966314788411458,4461.14161101037,2.944472865675391,106.82313400360586,1.0
Llama2-7B,8,8,1,32,32,128,0.0034455,0.0032527518208821,0.00233,0.0090282518208821,0.0034455,0.4423495582682292,18085.244690464933,1.452127229119392,105.36404216509884,1.0
Llama2-7B,8,8,1,32,32,256,0.0034455,0.0032527518208821,0.00277,0.0094682518208821,0.0034455,0.4564295582682292,17527.348645765516,1.452775913110305,105.41110964376034,1.0
Llama2-7B,8,8,1,32,32,384,0.0034455,0.0032527518208821,0.00321,0.0099082518208821,0.0034455,0.4705095582682291,17002.842682824612,1.453424597101218,105.45817712242189,1.0
Llama2-7B,8,8,1,32,32,512,0.0034455,0.0032527518208821,0.00365,0.0103482518208821,0.0034455,0.4845895582682291,16508.816303408366,1.4540732810921313,105.5052446010834,1.0
Llama2-7B,8,8,1,32,32,640,0.0034455,0.0032527518208821,0.00409,0.0107882518208821,0.0034455,0.4986695582682292,16042.687722471484,1.454721965083044,105.55231207974492,1.0
Llama2-7B,8,8,1,32,32,768,0.0034455,0.0032527518208821,0.00453,0.0112282518208821,0.0034455,0.5127495582682292,15602.158736166177,1.455370649073957,105.5993795584064,1.0
Llama2-7B,8,8,1,32,32,896,0.0034455,0.0032527518208821,0.00497,0.0116682518208821,0.0034455,0.5268295582682292,15185.176827012603,1.4560193330648703,105.64644703706792,1.0
Llama2-7B,8,8,1,32,32,1024,0.0034455,0.0032527518208821,0.00541,0.0121082518208821,0.0034455,0.5409095582682292,14789.90318753605,1.456668017055783,105.69351451572946,1.0
Llama2-7B,8,8,1,32,32,1152,0.0034455,0.0032527518208821,0.00585,0.0125482518208821,0.0034455,0.5549895582682292,14414.685611316603,1.457316701046696,105.74058199439098,1.0
Llama2-7B,8,8,1,32,32,1280,0.0034455,0.0032527518208821,0.00629,0.0129882518208821,0.0034455,0.5690695582682292,14058.035408439866,1.457965385037609,105.78764947305248,1.0
Llama2-7B,8,8,1,32,32,1408,0.0034455,0.0032527518208821,0.00673,0.0134282518208821,0.0034455,0.5831495582682292,13718.607665171665,1.4586140690285223,105.834716951714,1.0
Llama2-7B,8,8,1,32,32,1536,0.0034455,0.0032527518208821,0.00717,0.0138682518208821,0.0034455,0.5972295582682292,13395.18429596383,1.4592627530194355,105.8817844303755,1.0
Llama2-7B,8,8,1,32,32,1664,0.0034455,0.0032527518208821,0.00761,0.0143082518208821,0.0034455,0.6113095582682292,13086.659437590171,1.4599114370103483,105.92885190903704,1.0
Llama2-7B,8,8,1,32,32,1792,0.0034455,0.0032527518208821,0.00805,0.0147482518208821,0.0034455,0.6253895582682293,12792.02681629808,1.460560121001261,105.97591938769855,1.0
Llama2-7B,8,8,1,32,32,1920,0.0034455,0.0032527518208821,0.00849,0.0151882518208821,0.0034455,0.6394695582682293,12510.368783879392,1.4612088049921743,106.02298686636009,1.0
Llama2-7B,8,8,1,32,32,2048,0.0034455,0.0032527518208821,0.00893,0.0156282518208821,0.0034455,0.6535495582682292,12240.84677097532,1.4618574889830875,106.0700543450216,1.0
Llama2-7B,8,8,1,32,32,2176,0.0034455,0.0032527518208821,0.00937,0.0160682518208821,0.0034455,0.6676295582682292,11982.692948393831,1.4625061729740003,106.11712182368308,1.0
Llama2-7B,8,8,1,32,32,2304,0.0034455,0.0032527518208821,0.00981,0.0165082518208821,0.0034455,0.6817095582682292,11735.20292178781,1.4631548569649135,106.1641893023446,1.0
Llama2-7B,8,8,1,32,32,2432,0.0034455,0.0032527518208821,0.0102499999999999,0.0169482518208821,0.0034455,0.6957895582682292,11497.729313316271,1.4638035409558263,106.21125678100614,1.0
Llama2-7B,8,8,1,32,32,2560,0.0034455,0.0032527518208821,0.0106899999999999,0.0173882518208821,0.0034455,0.7098695582682292,11269.676107137904,1.4644522249467395,106.25832425966765,1.0
Llama2-7B,8,8,1,32,32,2688,0.0034455,0.0032527518208821,0.01113,0.0178282518208821,0.0034455,0.7239495582682293,11050.493654747052,1.4651009089376523,106.30539173832918,1.0
Llama2-7B,8,8,1,32,32,2816,0.0034455,0.0032527518208821,0.01157,0.0182682518208821,0.0034455,0.7380295582682292,10839.674252033796,1.465749592928565,106.35245921699068,1.0
Llama2-7B,8,8,1,32,32,2944,0.0034455,0.0032527518208821,0.01201,0.0187082518208821,0.0034455,0.7521095582682292,10636.748213146511,1.4663982769194783,106.3995266956522,1.0
Llama2-7B,8,8,1,32,32,3072,0.0034455,0.0032527518208821,0.01245,0.0191482518208821,0.0034455,0.7661895582682292,10441.28037725012,1.4670469609103918,106.44659417431372,1.0
Llama2-7B,8,8,1,32,32,3200,0.0034455,0.0032527518208821,0.0128899999999999,0.0195882518208821,0.0034455,0.7802695582682292,10252.866993498525,1.4676956449013046,106.49366165297523,1.0
Llama2-7B,8,8,1,32,32,3328,0.0034455,0.0032527518208821,0.0133299999999999,0.0200282518208821,0.0034455,0.7943495582682292,10071.13293729387,1.4683443288922178,106.54072913163677,1.0
Llama2-7B,8,8,1,32,32,3456,0.0034455,0.0032527518208821,0.01377,0.0204682518208821,0.0034455,0.8084295582682293,9895.729217443675,1.4689930128831306,106.58779661029828,1.0
Llama2-7B,8,8,1,32,32,3584,0.0034455,0.0032527518208821,0.01421,0.0209082518208821,0.0034455,0.8225095582682292,9726.330739357942,1.469641696874044,106.63486408895976,1.0
Llama2-7B,8,8,1,32,32,3712,0.0034455,0.0032527518208821,0.01465,0.0213482518208821,0.0034455,0.8365895582682292,9562.634294121828,1.4702903808649568,106.6819315676213,1.0
Llama2-7B,8,8,1,32,32,3840,0.0034455,0.0032527518208821,0.01509,0.0217882518208821,0.0034455,0.8506695582682292,9404.356747273512,1.4709390648558696,106.7289990462828,1.0
Llama2-7B,8,8,1,32,32,3968,0.0034455,0.0032527518208821,0.0155299999999999,0.0222282518208821,0.0034455,0.8647495582682292,9251.233404525832,1.4715877488467828,106.77606652494434,1.0
Llama2-7B,8,8,1,32,32,4096,0.0034455,0.0032527518208821,0.0159699999999999,0.0226682518208821,0.0034455,0.8788295582682292,9103.016534587592,1.4722364328376956,106.82313400360586,1.0
Llama2-7B,8,32,1,32,8,128,0.006839,0.00032238887363,0.00932,0.0164813888736301,0.006839,0.6842434439561632,46766.98079119647,0.5366590806239644,78.47040219680721,1.0
Llama2-7B,8,32,1,32,8,256,0.006839,0.00032238887363,0.01108,0.0182413888736301,0.006839,0.7405634439561632,43210.342423942544,0.5368212516216925,78.49411487376703,1.0
Llama2-7B,8,32,1,32,8,384,0.006839,0.00032238887363,0.01284,0.0200013888736301,0.006839,0.7968834439561633,40156.43723395052,0.5369834226194208,78.51782755072686,1.0
Llama2-7B,8,32,1,32,8,512,0.006839,0.00032238887363,0.0146,0.0217613888736301,0.006839,0.8532034439561632,37505.70889824506,0.537145593617149,78.5415402276867,1.0
Llama2-7B,8,32,1,32,8,640,0.006839,0.00032238887363,0.01636,0.0235213888736301,0.006839,0.9095234439561632,35183.26021461226,0.5373077646148773,78.56525290464651,1.0
Llama2-7B,8,32,1,32,8,768,0.006839,0.00032238887363,0.01812,0.0252813888736301,0.006839,0.9658434439561632,33131.66352191172,0.5374699356126057,78.58896558160635,1.0
Llama2-7B,8,32,1,32,8,896,0.006839,0.00032238887363,0.01988,0.0270413888736301,0.006839,1.022163443956163,31306.14794454766,0.5376321066103339,78.61267825856616,1.0
Llama2-7B,8,32,1,32,8,1024,0.006839,0.00032238887363,0.02164,0.0288013888736301,0.006839,1.0784834439561632,29671.29461219684,0.5377942776080622,78.636390935526,1.0
Llama2-7B,8,32,1,32,8,1152,0.006839,0.00032238887363,0.0234,0.0305613888736301,0.006839,1.1348034439561632,28198.715971852605,0.5379564486057903,78.66010361248583,1.0
Llama2-7B,8,32,1,32,8,1280,0.006839,0.00032238887363,0.02516,0.0323213888736301,0.006839,1.191123443956163,26865.393475688903,0.5381186196035187,78.68381628944564,1.0
Llama2-7B,8,32,1,32,8,1408,0.006839,0.00032238887363,0.02692,0.0340813888736301,0.006839,1.2474434439561632,25652.4655727194,0.538280790601247,78.70752896640549,1.0
Llama2-7B,8,32,1,32,8,1536,0.006839,0.00032238887363,0.02868,0.0358413888736301,0.006839,1.3037634439561632,24544.32983862366,0.5384429615989751,78.73124164336532,1.0
Llama2-7B,8,32,1,32,8,1664,0.006839,0.00032238887363,0.03044,0.0376013888736301,0.006839,1.360083443956163,23527.96818621622,0.5386051325967034,78.75495432032514,1.0
Llama2-7B,8,32,1,32,8,1792,0.006839,0.00032238887363,0.0322,0.0393613888736301,0.006839,1.4164034439561632,22592.43306456573,0.5387673035944317,78.77866699728494,1.0
Llama2-7B,8,32,1,32,8,1920,0.006839,0.00032238887363,0.03396,0.0411213888736301,0.006839,1.4727234439561632,21728.45155098414,0.5389294745921599,78.80237967424479,1.0
Llama2-7B,8,32,1,32,8,2048,0.006839,0.00032238887363,0.03572,0.0428813888736301,0.006839,1.529043443956163,20928.11693904848,0.5390916455898882,78.82609235120462,1.0
Llama2-7B,8,32,1,32,8,2176,0.006839,0.00032238887363,0.03748,0.04464138887363,0.006839,1.585363443956163,20184.6460645934,0.5392538165876164,78.84980502816444,1.0
Llama2-7B,8,32,1,32,8,2304,0.006839,0.00032238887363,0.03924,0.04640138887363,0.006839,1.641683443956163,19492.18658311236,0.5394159875853446,78.87351770512427,1.0
Llama2-7B,8,32,1,32,8,2432,0.006839,0.00032238887363,0.0409999999999999,0.04816138887363,0.006839,1.6980034439561629,18845.66260092117,0.5395781585830729,78.89723038208409,1.0
Llama2-7B,8,32,1,32,8,2560,0.006839,0.00032238887363,0.0427599999999999,0.04992138887363,0.006839,1.7543234439561628,18240.650041042045,0.5397403295808012,78.92094305904392,1.0
Llama2-7B,8,32,1,32,8,2688,0.006839,0.00032238887363,0.04452,0.0516813888736301,0.006839,1.8106434439561632,17673.275269526086,0.5399025005785294,78.94465573600375,1.0
Llama2-7B,8,32,1,32,8,2816,0.006839,0.00032238887363,0.04628,0.0534413888736301,0.006839,1.866963443956163,17140.132070390646,0.5400646715762576,78.96836841296357,1.0
Llama2-7B,8,32,1,32,8,2944,0.006839,0.00032238887363,0.04804,0.05520138887363,0.006839,1.923283443956163,16638.213208021236,0.5402268425739859,78.9920810899234,1.0
Llama2-7B,8,32,1,32,8,3072,0.006839,0.00032238887363,0.0498,0.05696138887363,0.006839,1.979603443956163,16164.853671929972,0.5403890135717143,79.01579376688322,1.0
Llama2-7B,8,32,1,32,8,3200,0.006839,0.00032238887363,0.0515599999999999,0.05872138887363,0.006839,2.035923443956163,15717.683341677272,0.5405511845694424,79.03950644384305,1.0
Llama2-7B,8,32,1,32,8,3328,0.006839,0.00032238887363,0.0533199999999999,0.06048138887363,0.006839,2.092243443956163,15294.587296921874,0.5407133555671707,79.06321912080288,1.0
Llama2-7B,8,32,1,32,8,3456,0.006839,0.00032238887363,0.05508,0.0622413888736301,0.006839,2.148563443956163,14893.672369794303,0.540875526564899,79.0869317977627,1.0
Llama2-7B,8,32,1,32,8,3584,0.006839,0.00032238887363,0.05684,0.0640013888736301,0.006839,2.204883443956163,14513.238823446947,0.5410376975626271,79.11064447472255,1.0
Llama2-7B,8,32,1,32,8,3712,0.006839,0.00032238887363,0.0586,0.0657613888736301,0.006839,2.261203443956163,14151.7562630337,0.5411998685603555,79.13435715168238,1.0
Llama2-7B,8,32,1,32,8,3840,0.006839,0.00032238887363,0.06036,0.0675213888736301,0.006839,2.317523443956163,13807.8430591295,0.5413620395580838,79.15806982864218,1.0
Llama2-7B,8,32,1,32,8,3968,0.006839,0.00032238887363,0.0621199999999999,0.0692813888736301,0.006839,2.373843443956163,13480.248700255455,0.541524210555812,79.181782505602,1.0
Llama2-7B,8,32,1,32,8,4096,0.006839,0.00032238887363,0.0638799999999999,0.0710413888736301,0.006839,2.430163443956163,13167.838599327248,0.5416863815535403,79.20549518256185,1.0
Llama2-7B,20,1,20,32,32,128,0.0034455,0.0083673980058942,0.00233,0.0141428980058942,0.0034455,0.606018236188616,1650.1153600413463,29.042544582387848,263.4101054127472,1.0
Llama2-7B,20,1,20,32,32,256,0.0034455,0.0083673980058942,0.00277,0.0145828980058942,0.0034455,0.620098236188616,1612.6477090894816,29.055518262206107,263.527774109401,1.0
Llama2-7B,20,1,20,32,32,384,0.0034455,0.0083673980058942,0.00321,0.0150228980058942,0.0034455,0.6341782361886161,1576.843768732836,29.06849194202437,263.64544280605475,1.0
Llama2-7B,20,1,20,32,32,512,0.0034455,0.0083673980058942,0.00365,0.0154628980058942,0.0034455,0.6482582361886161,1542.595132889359,29.081465621842632,263.76311150270857,1.0
Llama2-7B,20,1,20,32,32,640,0.0034455,0.0083673980058942,0.00409,0.0159028980058942,0.0034455,0.6623382361886161,1509.802613471989,29.09443930166089,263.88078019936233,1.0
Llama2-7B,20,1,20,32,32,768,0.0034455,0.0083673980058942,0.00453,0.0163428980058942,0.0034455,0.6764182361886161,1478.375281001671,29.10741298147915,263.99844889601616,1.0
Llama2-7B,20,1,20,32,32,896,0.0034455,0.0083673980058942,0.00497,0.0167828980058942,0.0034455,0.6904982361886162,1448.2296225979649,29.12038666129741,264.11611759266987,1.0
Llama2-7B,20,1,20,32,32,1024,0.0034455,0.0083673980058942,0.00541,0.0172228980058942,0.0034455,0.704578236188616,1419.2888009278497,29.133360341115672,264.23378628932375,1.0
Llama2-7B,20,1,20,32,32,1152,0.0034455,0.0083673980058942,0.00585,0.0176628980058942,0.0034455,0.7186582361886161,1391.4820002668753,29.14633402093393,264.3514549859775,1.0
Llama2-7B,20,1,20,32,32,1280,0.0034455,0.0083673980058942,0.00629,0.0181028980058942,0.0034455,0.7327382361886161,1364.7438479552573,29.15930770075219,264.46912368263133,1.0
Llama2-7B,20,1,20,32,32,1408,0.0034455,0.0083673980058942,0.00673,0.0185428980058942,0.0034455,0.7468182361886161,1339.01390129879,29.172281380570453,264.5867923792851,1.0
Llama2-7B,20,1,20,32,32,1536,0.0034455,0.0083673980058942,0.00717,0.0189828980058942,0.0034455,0.7608982361886161,1314.23619143745,29.185255060388712,264.7044610759388,1.0
Llama2-7B,20,1,20,32,32,1664,0.0034455,0.0083673980058942,0.00761,0.0194228980058942,0.0034455,0.774978236188616,1290.3588169366574,29.19822874020697,264.8221297725927,1.0
Llama2-7B,20,1,20,32,32,1792,0.0034455,0.0083673980058942,0.00805,0.0198628980058942,0.0034455,0.7890582361886161,1267.333580890423,29.211202420025234,264.93979846924645,1.0
Llama2-7B,20,1,20,32,32,1920,0.0034455,0.0083673980058942,0.00849,0.0203028980058942,0.0034455,0.8031382361886161,1245.1156661966609,29.224176099843497,265.0574671659003,1.0
Llama2-7B,20,1,20,32,32,2048,0.0034455,0.0083673980058942,0.00893,0.0207428980058942,0.0034455,0.8172182361886161,1223.6633444009408,29.23714977966176,265.17513586255404,1.0
Llama2-7B,20,1,20,32,32,2176,0.0034455,0.0083673980058942,0.00937,0.0211828980058942,0.0034455,0.8312982361886161,1202.9377141287553,29.25012345948001,265.29280455920787,1.0
Llama2-7B,20,1,20,32,32,2304,0.0034455,0.0083673980058942,0.00981,0.0216228980058942,0.0034455,0.8453782361886161,1182.9024656566692,29.263097139298274,265.4104732558617,1.0
Llama2-7B,20,1,20,32,32,2432,0.0034455,0.0083673980058942,0.0102499999999999,0.0220628980058942,0.0034455,0.859458236188616,1163.5236686248252,29.276070819116537,265.52814195251545,1.0
Llama2-7B,20,1,20,32,32,2560,0.0034455,0.0083673980058942,0.0106899999999999,0.0225028980058942,0.0034455,0.873538236188616,1144.7695802798014,29.2890444989348,265.6458106491692,1.0
Llama2-7B,20,1,20,32,32,2688,0.0034455,0.0083673980058942,0.01113,0.0229428980058942,0.0034455,0.8876182361886161,1126.610471968157,29.30201817875305,265.763479345823,1.0
Llama2-7B,20,1,20,32,32,2816,0.0034455,0.0083673980058942,0.01157,0.0233828980058942,0.0034455,0.901698236188616,1109.0184718857777,29.31499185857132,265.8811480424768,1.0
Llama2-7B,20,1,20,32,32,2944,0.0034455,0.0083673980058942,0.01201,0.0238228980058942,0.0034455,0.915778236188616,1091.9674223334976,29.32796553838958,265.99881673913063,1.0
Llama2-7B,20,1,20,32,32,3072,0.0034455,0.0083673980058942,0.01245,0.0242628980058942,0.0034455,0.929858236188616,1075.432749941418,29.34093921820784,266.1164854357844,1.0
Llama2-7B,20,1,20,32,32,3200,0.0034455,0.0083673980058942,0.0128899999999999,0.0247028980058942,0.0034455,0.943938236188616,1059.3913475078064,29.3539128980261,266.23415413243816,1.0
Llama2-7B,20,1,20,32,32,3328,0.0034455,0.0083673980058942,0.0133299999999999,0.0251428980058942,0.0034455,0.958018236188616,1043.8214662576825,29.36688657784436,266.35182282909204,1.0
Llama2-7B,20,1,20,32,32,3456,0.0034455,0.0083673980058942,0.01377,0.0255828980058942,0.0034455,0.972098236188616,1028.702617464651,29.379860257662617,266.4694915257457,1.0
Llama2-7B,20,1,20,32,32,3584,0.0034455,0.0083673980058942,0.01421,0.0260228980058942,0.0034455,0.986178236188616,1014.0154825002044,29.39283393748088,266.5871602223995,1.0
Llama2-7B,20,1,20,32,32,3712,0.0034455,0.0083673980058942,0.01465,0.0264628980058942,0.0034455,1.000258236188616,999.7418304800968,29.40580761729914,266.70482891905334,1.0
Llama2-7B,20,1,20,32,32,3840,0.0034455,0.0083673980058942,0.01509,0.0269028980058942,0.0034455,1.014338236188616,985.8644427696112,29.4187812971174,266.8224976157071,1.0
Llama2-7B,20,1,20,32,32,3968,0.0034455,0.0083673980058942,0.0155299999999999,0.0273428980058942,0.0034455,1.028418236188616,972.3670436903805,29.431754976935657,266.940166312361,1.0
Llama2-7B,20,1,20,32,32,4096,0.0034455,0.0083673980058942,0.0159699999999999,0.0277828980058942,0.0034455,1.042498236188616,959.2342368424625,29.44472865675392,267.0578350090147,1.0
Llama2-7B,20,2,10,32,32,128,0.0034455,0.0078054113551548,0.00233,0.0135809113551548,0.0034455,0.5880346633649554,3401.1600414085256,14.521272291193922,263.41010541274704,1.0
Llama2-7B,20,2,10,32,32,256,0.0034455,0.0078054113551548,0.00277,0.0140209113551548,0.0034455,0.6021146633649553,3321.6264636753326,14.527759131103052,263.52777410940087,1.0
Llama2-7B,20,2,10,32,32,384,0.0034455,0.0078054113551548,0.00321,0.0144609113551548,0.0034455,0.6161946633649554,3245.7275580386745,14.53424597101218,263.64544280605463,1.0
Llama2-7B,20,2,10,32,32,512,0.0034455,0.0078054113551548,0.00365,0.0149009113551548,0.0034455,0.6302746633649554,3173.2197345872305,14.540732810921314,263.76311150270845,1.0
Llama2-7B,20,2,10,32,32,640,0.0034455,0.0078054113551548,0.00409,0.0153409113551548,0.0034455,0.6443546633649554,3103.880694454169,14.547219650830444,263.8807801993622,1.0
Llama2-7B,20,2,10,32,32,768,0.0034455,0.0078054113551548,0.00453,0.0157809113551548,0.0034455,0.6584346633649554,3037.507153373311,14.553706490739572,263.99844889601604,1.0
Llama2-7B,20,2,10,32,32,896,0.0034455,0.0078054113551548,0.00497,0.0162209113551548,0.0034455,0.6725146633649554,2973.912851197796,14.560193330648705,264.1161175926697,1.0
Llama2-7B,20,2,10,32,32,1024,0.0034455,0.0078054113551548,0.00541,0.0166609113551548,0.0034455,0.6865946633649554,2912.9268063316003,14.566680170557834,264.23378628932363,1.0
Llama2-7B,20,2,10,32,32,1152,0.0034455,0.0078054113551548,0.00585,0.0171009113551548,0.0034455,0.7006746633649554,2854.391780623405,14.573167010466964,264.3514549859774,1.0
Llama2-7B,20,2,10,32,32,1280,0.0034455,0.0078054113551548,0.00629,0.0175409113551548,0.0034455,0.7147546633649554,2798.162925701396,14.579653850376094,264.4691236826312,1.0
Llama2-7B,20,2,10,32,32,1408,0.0034455,0.0078054113551548,0.00673,0.0179809113551548,0.0034455,0.7288346633649554,2744.1065862128507,14.586140690285225,264.586792379285,1.0
Llama2-7B,20,2,10,32,32,1536,0.0034455,0.0078054113551548,0.00717,0.0184209113551548,0.0034455,0.7429146633649554,2692.099239152457,14.592627530194354,264.7044610759387,1.0
Llama2-7B,20,2,10,32,32,1664,0.0034455,0.0078054113551548,0.00761,0.0188609113551548,0.0034455,0.7569946633649555,2642.026551560745,14.599114370103484,264.8221297725926,1.0
Llama2-7B,20,2,10,32,32,1792,0.0034455,0.0078054113551548,0.00805,0.0193009113551548,0.0034455,0.7710746633649554,2593.782541462376,14.605601210012615,264.93979846924634,1.0
Llama2-7B,20,2,10,32,32,1920,0.0034455,0.0078054113551548,0.00849,0.0197409113551548,0.0034455,0.7851546633649554,2547.2688290846468,14.612088049921748,265.05746716590016,1.0
Llama2-7B,20,2,10,32,32,2048,0.0034455,0.0078054113551548,0.00893,0.0201809113551548,0.0034455,0.7992346633649554,2502.393967223038,14.618574889830876,265.175135862554,1.0
Llama2-7B,20,2,10,32,32,2176,0.0034455,0.0078054113551548,0.00937,0.0206209113551548,0.0034455,0.8133146633649554,2459.072841162521,14.625061729740006,265.2928045592077,1.0
Llama2-7B,20,2,10,32,32,2304,0.0034455,0.0078054113551548,0.00981,0.0210609113551548,0.0034455,0.8273946633649554,2417.2261298690782,14.631548569649135,265.4104732558616,1.0
Llama2-7B,20,2,10,32,32,2432,0.0034455,0.0078054113551548,0.0102499999999999,0.0215009113551548,0.0034455,0.8414746633649554,2376.779821275001,14.638035409558269,265.52814195251534,1.0
Llama2-7B,20,2,10,32,32,2560,0.0034455,0.0078054113551548,0.0106899999999999,0.0219409113551548,0.0034455,0.8555546633649553,2337.6647754263445,14.644522249467396,265.64581064916905,1.0
Llama2-7B,20,2,10,32,32,2688,0.0034455,0.0078054113551548,0.01113,0.0223809113551548,0.0034455,0.8696346633649554,2299.816330068101,14.651009089376526,265.7634793458229,1.0
Llama2-7B,20,2,10,32,32,2816,0.0034455,0.0078054113551548,0.01157,0.0228209113551548,0.0034455,0.8837146633649554,2263.1739439340304,14.657495929285655,265.8811480424767,1.0
Llama2-7B,20,2,10,32,32,2944,0.0034455,0.0078054113551548,0.01201,0.0232609113551548,0.0034455,0.8977946633649554,2227.680873601936,14.663982769194789,265.9988167391305,1.0
Llama2-7B,20,2,10,32,32,3072,0.0034455,0.0078054113551548,0.01245,0.0237009113551548,0.0034455,0.9118746633649554,2193.283880286461,14.670469609103918,266.1164854357843,1.0
Llama2-7B,20,2,10,32,32,3200,0.0034455,0.0078054113551548,0.0128899999999999,0.0241409113551548,0.0034455,0.9259546633649554,2159.9329633828097,14.676956449013048,266.23415413243805,1.0
Llama2-7B,20,2,10,32,32,3328,0.0034455,0.0078054113551548,0.0133299999999999,0.0245809113551548,0.0034455,0.9400346633649552,2127.5811179566344,14.68344328892218,266.351822829092,1.0
Llama2-7B,20,2,10,32,32,3456,0.0034455,0.0078054113551548,0.01377,0.0250209113551548,0.0034455,0.9541146633649554,2096.184113706453,14.689930128831309,266.46949152574564,1.0
Llama2-7B,20,2,10,32,32,3584,0.0034455,0.0078054113551548,0.01421,0.0254609113551548,0.0034455,0.9681946633649554,2065.7002932127416,14.696416968740438,266.5871602223994,1.0
Llama2-7B,20,2,10,32,32,3712,0.0034455,0.0078054113551548,0.01465,0.0259009113551548,0.0034455,0.9822746633649554,2036.0903875384984,14.702903808649568,266.7048289190532,1.0
Llama2-7B,20,2,10,32,32,3840,0.0034455,0.0078054113551548,0.01509,0.0263409113551548,0.0034455,0.9963546633649554,2007.3173474648745,14.7093906485587,266.822497615707,1.0
Llama2-7B,20,2,10,32,32,3968,0.0034455,0.0078054113551548,0.0155299999999999,0.0267809113551548,0.0034455,1.0104346633649552,1979.346188836781,14.715877488467829,266.9401663123609,1.0
Llama2-7B,20,2,10,32,32,4096,0.0034455,0.0078054113551548,0.0159699999999999,0.0272209113551548,0.0034455,1.0245146633649551,1952.143850661076,14.722364328376958,267.0578350090146,1.0
Llama2-7B,20,4,5,32,32,128,0.0034455,0.0072859994506835,0.00233,0.0130614994506835,0.0034455,0.571413482421875,7000.184845213011,7.260636145596962,263.4101054127471,1.0
Llama2-7B,20,4,5,32,32,256,0.0034455,0.0072859994506835,0.00277,0.0135014994506835,0.0034455,0.5854934824218749,6831.8437695568,7.263879565551527,263.5277741094009,1.0
Llama2-7B,20,4,5,32,32,384,0.0034455,0.0072859994506835,0.00321,0.0139414994506835,0.0034455,0.599573482421875,6671.4091221024,7.2671229855060915,263.6454428060547,1.0
Llama2-7B,20,4,5,32,32,512,0.0034455,0.0072859994506835,0.00365,0.0143814994506835,0.0034455,0.613653482421875,6518.336674654568,7.270366405460658,263.7631115027085,1.0
Llama2-7B,20,4,5,32,32,640,0.0034455,0.0072859994506835,0.00409,0.0148214994506835,0.0034455,0.627733482421875,6372.131026956688,7.273609825415223,263.8807801993623,1.0
Llama2-7B,20,4,5,32,32,768,0.0034455,0.0072859994506835,0.00453,0.0152614994506835,0.0034455,0.641813482421875,6232.340250793815,7.276853245369788,263.9984488960161,1.0
Llama2-7B,20,4,5,32,32,896,0.0034455,0.0072859994506835,0.00497,0.0157014994506835,0.0034455,0.6558934824218751,6098.551223942752,7.280096665324353,264.1161175926698,1.0
Llama2-7B,20,4,5,32,32,1024,0.0034455,0.0072859994506835,0.00541,0.0161414994506835,0.0034455,0.6699734824218749,5970.38555248556,7.283340085278918,264.2337862893237,1.0
Llama2-7B,20,4,5,32,32,1152,0.0034455,0.0072859994506835,0.00585,0.0165814994506835,0.0034455,0.684053482421875,5847.49599671373,7.286583505233483,264.35145498597745,1.0
Llama2-7B,20,4,5,32,32,1280,0.0034455,0.0072859994506835,0.00629,0.0170214994506835,0.0034455,0.698133482421875,5729.56332952792,7.289826925188048,264.4691236826313,1.0
Llama2-7B,20,4,5,32,32,1408,0.0034455,0.0072859994506835,0.00673,0.0174614994506835,0.0034455,0.712213482421875,5616.2935674820965,7.293070345142613,264.58679237928504,1.0
Llama2-7B,20,4,5,32,32,1536,0.0034455,0.0072859994506835,0.00717,0.0179014994506835,0.0034455,0.726293482421875,5507.415523903269,7.296313765097178,264.70446107593875,1.0
Llama2-7B,20,4,5,32,32,1664,0.0034455,0.0072859994506835,0.00761,0.0183414994506835,0.0034455,0.740373482421875,5402.678641211443,7.299557185051743,264.82212977259263,1.0
Llama2-7B,20,4,5,32,32,1792,0.0034455,0.0072859994506835,0.00805,0.0187814994506835,0.0034455,0.754453482421875,5301.851065965762,7.302800605006309,264.9397984692464,1.0
Llama2-7B,20,4,5,32,32,1920,0.0034455,0.0072859994506835,0.00849,0.0192214994506835,0.0034455,0.768533482421875,5204.717935508579,7.306044024960874,265.0574671659002,1.0
Llama2-7B,20,4,5,32,32,2048,0.0034455,0.0072859994506835,0.00893,0.0196614994506835,0.0034455,0.782613482421875,5111.079849559457,7.309287444915439,265.175135862554,1.0
Llama2-7B,20,4,5,32,32,2176,0.0034455,0.0072859994506835,0.00937,0.0201014994506835,0.0034455,0.796693482421875,5020.751503878716,7.312530864870004,265.2928045592078,1.0
Llama2-7B,20,4,5,32,32,2304,0.0034455,0.0072859994506835,0.00981,0.0205414994506835,0.0034455,0.810773482421875,4933.56046629884,7.315774284824569,265.41047325586163,1.0
Llama2-7B,20,4,5,32,32,2432,0.0034455,0.0072859994506835,0.0102499999999999,0.0209814994506835,0.0034455,0.824853482421875,4849.346078112552,7.319017704779134,265.5281419525154,1.0
Llama2-7B,20,4,5,32,32,2560,0.0034455,0.0072859994506835,0.0106899999999999,0.0214214994506835,0.0034455,0.8389334824218749,4767.958466090304,7.322261124733699,265.6458106491691,1.0
Llama2-7B,20,4,5,32,32,2688,0.0034455,0.0072859994506835,0.01113,0.0218614994506835,0.0034455,0.853013482421875,4689.257652344725,7.325504544688264,265.76347934582293,1.0
Llama2-7B,20,4,5,32,32,2816,0.0034455,0.0072859994506835,0.01157,0.0223014994506835,0.0034455,0.867093482421875,4613.112750920025,7.328747964642829,265.88114804247675,1.0
Llama2-7B,20,4,5,32,32,2944,0.0034455,0.0072859994506835,0.01201,0.0227414994506835,0.0034455,0.881173482421875,4539.401241406105,7.331991384597395,265.9988167391306,1.0
Llama2-7B,20,4,5,32,32,3072,0.0034455,0.0072859994506835,0.01245,0.0231814994506835,0.0034455,0.895253482421875,4468.008311097593,7.33523480455196,266.11648543578434,1.0
Llama2-7B,20,4,5,32,32,3200,0.0034455,0.0072859994506835,0.0128899999999999,0.0236214994506835,0.0034455,0.909333482421875,4398.826258268411,7.338478224506525,266.2341541324381,1.0
Llama2-7B,20,4,5,32,32,3328,0.0034455,0.0072859994506835,0.0133299999999999,0.0240614994506835,0.0034455,0.9234134824218748,4331.753950038756,7.34172164446109,266.351822829092,1.0
Llama2-7B,20,4,5,32,32,3456,0.0034455,0.0072859994506835,0.01377,0.0245014994506835,0.0034455,0.937493482421875,4266.696329095104,7.344965064415654,266.4694915257457,1.0
Llama2-7B,20,4,5,32,32,3584,0.0034455,0.0072859994506835,0.01421,0.0249414994506835,0.0034455,0.951573482421875,4203.563964203262,7.34820848437022,266.58716022239946,1.0
Llama2-7B,20,4,5,32,32,3712,0.0034455,0.0072859994506835,0.01465,0.0253814994506835,0.0034455,0.965653482421875,4142.272640044681,7.351451904324785,266.7048289190533,1.0
Llama2-7B,20,4,5,32,32,3840,0.0034455,0.0072859994506835,0.01509,0.0258214994506835,0.0034455,0.979733482421875,4082.7429824201854,7.3546953242793505,266.82249761570705,1.0
Llama2-7B,20,4,5,32,32,3968,0.0034455,0.0072859994506835,0.0155299999999999,0.0262614994506835,0.0034455,0.993813482421875,4024.900115313585,7.357938744233915,266.94016631236093,1.0
Llama2-7B,20,4,5,32,32,4096,0.0034455,0.0072859994506835,0.0159699999999999,0.0267014994506835,0.0034455,1.0078934824218748,3968.673346699663,7.36118216418848,267.05783500901464,1.0
Llama2-7B,20,5,4,32,32,128,0.0034455,0.007115700465611,0.00233,0.012891200465611,0.0034455,0.5659639148995536,8834.485500524168,5.808508916477568,263.4101054127471,1.0
Llama2-7B,20,5,4,32,32,256,0.0034455,0.007115700465611,0.00277,0.013331200465611,0.0034455,0.5800439148995535,8620.03698610622,5.81110365244122,263.5277741094009,1.0
Llama2-7B,20,5,4,32,32,384,0.0034455,0.007115700465611,0.00321,0.013771200465611,0.0034455,0.5941239148995536,8415.752799389218,5.813698388404872,263.6454428060547,1.0
Llama2-7B,20,5,4,32,32,512,0.0034455,0.007115700465611,0.00365,0.014211200465611,0.0034455,0.6082039148995536,8220.927023835027,5.816293124368525,263.7631115027085,1.0
Llama2-7B,20,5,4,32,32,640,0.0034455,0.007115700465611,0.00409,0.014651200465611,0.0034455,0.6222839148995536,8034.917632102187,5.818887860332176,263.8807801993623,1.0
Llama2-7B,20,5,4,32,32,768,0.0034455,0.007115700465611,0.00453,0.015091200465611,0.0034455,0.6363639148995536,7857.139418078445,5.821482596295828,263.9984488960161,1.0
Llama2-7B,20,5,4,32,32,896,0.0034455,0.007115700465611,0.00497,0.015531200465611,0.0034455,0.6504439148995537,7687.057846904659,5.824077332259481,264.1161175926698,1.0
Llama2-7B,20,5,4,32,32,1024,0.0034455,0.007115700465611,0.00541,0.015971200465611,0.0034455,0.6645239148995535,7524.183686836579,5.826672068223132,264.2337862893237,1.0
Llama2-7B,20,5,4,32,32,1152,0.0034455,0.007115700465611,0.00585,0.016411200465611,0.0034455,0.6786039148995536,7368.0683093909,5.829266804186784,264.35145498597745,1.0
Llama2-7B,20,5,4,32,32,1280,0.0034455,0.007115700465611,0.00629,0.016851200465611,0.0034455,0.6926839148995536,7218.299562687336,5.831861540150436,264.4691236826313,1.0
Llama2-7B,20,5,4,32,32,1408,0.0034455,0.007115700465611,0.00673,0.017291200465611,0.0034455,0.7067639148995536,7074.498138053084,5.834456276114089,264.58679237928504,1.0
Llama2-7B,20,5,4,32,32,1536,0.0034455,0.007115700465611,0.00717,0.017731200465611,0.0034455,0.7208439148995536,6936.314362446588,5.837051012077742,264.70446107593875,1.0
Llama2-7B,20,5,4,32,32,1664,0.0034455,0.007115700465611,0.00761,0.018171200465611,0.0034455,0.7349239148995536,6803.425359594374,5.839645748041394,264.82212977259263,1.0
Llama2-7B,20,5,4,32,32,1792,0.0034455,0.007115700465611,0.00805,0.018611200465611,0.0034455,0.7490039148995536,6675.53253132266,5.842240484005045,264.9397984692464,1.0
Llama2-7B,20,5,4,32,32,1920,0.0034455,0.007115700465611,0.00849,0.019051200465611,0.0034455,0.7630839148995536,6552.35931772741,5.844835219968697,265.0574671659002,1.0
Llama2-7B,20,5,4,32,32,2048,0.0034455,0.007115700465611,0.00893,0.019491200465611,0.0034455,0.7771639148995536,6433.649200820444,5.84742995593235,265.175135862554,1.0
Llama2-7B,20,5,4,32,32,2176,0.0034455,0.007115700465611,0.00937,0.019931200465611,0.0034455,0.7912439148995536,6319.163921323474,5.850024691896001,265.2928045592078,1.0
Llama2-7B,20,5,4,32,32,2304,0.0034455,0.007115700465611,0.00981,0.020371200465611,0.0034455,0.8053239148995536,6208.681882523804,5.852619427859654,265.41047325586163,1.0
Llama2-7B,20,5,4,32,32,2432,0.0034455,0.007115700465611,0.0102499999999999,0.020811200465611,0.0034455,0.8194039148995536,6101.996718691445,5.855214163823305,265.5281419525154,1.0
Llama2-7B,20,5,4,32,32,2560,0.0034455,0.007115700465611,0.0106899999999999,0.021251200465611,0.0034455,0.8334839148995535,5998.916008598162,5.857808899786958,265.6458106491691,1.0
Llama2-7B,20,5,4,32,32,2688,0.0034455,0.007115700465611,0.01113,0.021691200465611,0.0034455,0.8475639148995536,5899.26011726509,5.86040363575061,265.76347934582293,1.0
Llama2-7B,20,5,4,32,32,2816,0.0034455,0.007115700465611,0.01157,0.022131200465611,0.0034455,0.8616439148995536,5802.861151271377,5.862998371714261,265.88114804247675,1.0
Llama2-7B,20,5,4,32,32,2944,0.0034455,0.007115700465611,0.01201,0.022571200465611,0.0034455,0.8757239148995536,5709.562014842892,5.865593107677914,265.9988167391306,1.0
Llama2-7B,20,5,4,32,32,3072,0.0034455,0.007115700465611,0.01245,0.023011200465611,0.0034455,0.8898039148995536,5619.215555558025,5.868187843641567,266.11648543578434,1.0
Llama2-7B,20,5,4,32,32,3200,0.0034455,0.007115700465611,0.0128899999999999,0.023451200465611,0.0034455,0.9038839148995536,5531.68378989866,5.870782579605218,266.2341541324381,1.0
Llama2-7B,20,5,4,32,32,3328,0.0034455,0.007115700465611,0.0133299999999999,0.023891200465611,0.0034455,0.9179639148995536,5446.837200073507,5.873377315568871,266.351822829092,1.0
Llama2-7B,20,5,4,32,32,3456,0.0034455,0.007115700465611,0.01377,0.024331200465611,0.0034455,0.9320439148995536,5364.554094577024,5.875972051532522,266.4694915257457,1.0
Llama2-7B,20,5,4,32,32,3584,0.0034455,0.007115700465611,0.01421,0.024771200465611,0.0034455,0.9461239148995536,5284.720025844427,5.878566787496176,266.58716022239946,1.0
Llama2-7B,20,5,4,32,32,3712,0.0034455,0.007115700465611,0.01465,0.025211200465611,0.0034455,0.9602039148995536,5207.227259142187,5.881161523459827,266.7048289190533,1.0
Llama2-7B,20,5,4,32,32,3840,0.0034455,0.007115700465611,0.01509,0.025651200465611,0.0034455,0.9742839148995536,5131.974287510934,5.883756259423478,266.82249761570705,1.0
Llama2-7B,20,5,4,32,32,3968,0.0034455,0.007115700465611,0.0155299999999999,0.026091200465611,0.0034455,0.9883639148995536,5058.865388168431,5.886350995387131,266.94016631236093,1.0
Llama2-7B,20,5,4,32,32,4096,0.0034455,0.007115700465611,0.0159699999999999,0.026531200465611,0.0034455,1.0024439148995534,4987.810216296249,5.888945731350782,267.05783500901464,1.0
Llama2-7B,20,10,2,32,32,128,0.0034455,0.0064004447283063,0.00233,0.0121759447283063,0.0034455,0.5430757313058036,18413.638142060605,2.904254458238784,263.4101054127471,1.0
Llama2-7B,20,10,2,32,32,256,0.0034455,0.0064004447283063,0.00277,0.0126159447283063,0.0034455,0.5571557313058035,17948.303208804908,2.90555182622061,263.5277741094009,1.0
Llama2-7B,20,10,2,32,32,384,0.0034455,0.0064004447283063,0.00321,0.0130559447283063,0.0034455,0.5712357313058036,17505.907722440126,2.906849194202436,263.6454428060547,1.0
Llama2-7B,20,10,2,32,32,512,0.0034455,0.0064004447283063,0.00365,0.0134959447283063,0.0034455,0.5853157313058036,17084.796230729375,2.9081465621842626,263.7631115027085,1.0
Llama2-7B,20,10,2,32,32,640,0.0034455,0.0064004447283063,0.00409,0.0139359447283063,0.0034455,0.5993957313058036,16683.468829874157,2.909443930166088,263.8807801993623,1.0
Llama2-7B,20,10,2,32,32,768,0.0034455,0.0064004447283063,0.00453,0.0143759447283063,0.0034455,0.6134757313058036,16300.563314403107,2.910741298147914,263.9984488960161,1.0
Llama2-7B,20,10,2,32,32,896,0.0034455,0.0064004447283063,0.00497,0.0148159447283063,0.0034455,0.6275557313058036,15934.839729998528,2.9120386661297406,264.1161175926698,1.0
Llama2-7B,20,10,2,32,32,1024,0.0034455,0.0064004447283063,0.00541,0.0152559447283063,0.0034455,0.6416357313058035,15585.166960151726,2.913336034111566,264.2337862893237,1.0
Llama2-7B,20,10,2,32,32,1152,0.0034455,0.0064004447283063,0.00585,0.0156959447283063,0.0034455,0.6557157313058036,15250.511040944264,2.914633402093392,264.35145498597745,1.0
Llama2-7B,20,10,2,32,32,1280,0.0034455,0.0064004447283063,0.00629,0.0161359447283063,0.0034455,0.6697957313058036,14929.924949662563,2.915930770075218,264.4691236826313,1.0
Llama2-7B,20,10,2,32,32,1408,0.0034455,0.0064004447283063,0.00673,0.0165759447283063,0.0034455,0.6838757313058036,14622.539654837345,2.9172281380570446,264.58679237928504,1.0
Llama2-7B,20,10,2,32,32,1536,0.0034455,0.0064004447283063,0.00717,0.0170159447283063,0.0034455,0.6979557313058036,14327.556249579076,2.918525506038871,264.70446107593875,1.0
Llama2-7B,20,10,2,32,32,1664,0.0034455,0.0064004447283063,0.00761,0.0174559447283063,0.0034455,0.7120357313058036,14044.239018259635,2.919822874020697,264.82212977259263,1.0
Llama2-7B,20,10,2,32,32,1792,0.0034455,0.0064004447283063,0.00805,0.0178959447283063,0.0034455,0.7261157313058036,13771.909309851462,2.921120242002522,264.9397984692464,1.0
Llama2-7B,20,10,2,32,32,1920,0.0034455,0.0064004447283063,0.00849,0.0183359447283063,0.0034455,0.7401957313058036,13509.94011051465,2.9224176099843486,265.0574671659002,1.0
Llama2-7B,20,10,2,32,32,2048,0.0034455,0.0064004447283063,0.00893,0.0187759447283063,0.0034455,0.7542757313058036,13257.751224062296,2.923714977966175,265.175135862554,1.0
Llama2-7B,20,10,2,32,32,2176,0.0034455,0.0064004447283063,0.00937,0.0192159447283063,0.0034455,0.7683557313058036,13014.80498232924,2.9250123459480006,265.2928045592078,1.0
Llama2-7B,20,10,2,32,32,2304,0.0034455,0.0064004447283063,0.00981,0.0196559447283063,0.0034455,0.7824357313058036,12780.60241869456,2.926309713929827,265.41047325586163,1.0
Llama2-7B,20,10,2,32,32,2432,0.0034455,0.0064004447283063,0.0102499999999999,0.0200959447283063,0.0034455,0.7965157313058036,12554.67984744765,2.9276070819116526,265.5281419525154,1.0
Llama2-7B,20,10,2,32,32,2560,0.0034455,0.0064004447283063,0.0106899999999999,0.0205359447283063,0.0034455,0.8105957313058035,12336.605799651592,2.928904449893479,265.6458106491691,1.0
Llama2-7B,20,10,2,32,32,2688,0.0034455,0.0064004447283063,0.01113,0.0209759447283063,0.0034455,0.8246757313058036,12125.978272897462,2.930201817875305,265.76347934582293,1.0
Llama2-7B,20,10,2,32,32,2816,0.0034455,0.0064004447283063,0.01157,0.0214159447283063,0.0034455,0.8387557313058036,11922.42225806512,2.9314991858571307,265.88114804247675,1.0
Llama2-7B,20,10,2,32,32,2944,0.0034455,0.0064004447283063,0.01201,0.0218559447283063,0.0034455,0.8528357313058036,11725.587511077529,2.932796553838957,265.9988167391306,1.0
Llama2-7B,20,10,2,32,32,3072,0.0034455,0.0064004447283063,0.01245,0.0222959447283063,0.0034455,0.8669157313058036,11535.146541795204,2.9340939218207835,266.11648543578434,1.0
Llama2-7B,20,10,2,32,32,3200,0.0034455,0.0064004447283063,0.0128899999999999,0.0227359447283063,0.0034455,0.8809957313058036,11350.792795758607,2.935391289802609,266.2341541324381,1.0
Llama2-7B,20,10,2,32,32,3328,0.0034455,0.0064004447283063,0.0133299999999999,0.0231759447283063,0.0034455,0.8950757313058035,11172.23900754325,2.936688657784436,266.351822829092,1.0
Llama2-7B,20,10,2,32,32,3456,0.0034455,0.0064004447283063,0.01377,0.0236159447283063,0.0034455,0.9091557313058036,10999.215707123338,2.937986025766261,266.4694915257457,1.0
Llama2-7B,20,10,2,32,32,3584,0.0034455,0.0064004447283063,0.01421,0.0240559447283063,0.0034455,0.9232357313058036,10831.469862909473,2.939283393748088,266.58716022239946,1.0
Llama2-7B,20,10,2,32,32,3712,0.0034455,0.0064004447283063,0.01465,0.0244959447283063,0.0034455,0.9373157313058036,10668.763647089,2.9405807617299136,266.7048289190533,1.0
Llama2-7B,20,10,2,32,32,3840,0.0034455,0.0064004447283063,0.01509,0.0249359447283063,0.0034455,0.9513957313058036,10510.873310599014,2.941878129711739,266.82249761570705,1.0
Llama2-7B,20,10,2,32,32,3968,0.0034455,0.0064004447283063,0.0155299999999999,0.0253759447283063,0.0034455,0.9654757313058036,10357.58815654022,2.9431754976935656,266.94016631236093,1.0
Llama2-7B,20,10,2,32,32,4096,0.0034455,0.0064004447283063,0.0159699999999999,0.0258159447283063,0.0034455,0.9795557313058036,10208.709602126906,2.944472865675391,267.05783500901464,1.0
Llama2-7B,20,20,1,32,32,128,0.0034455,0.0049699332536969,0.00233,0.0107454332536969,0.0034455,0.4972993641183035,40217.22415724256,1.452127229119392,263.4101054127471,1.0
Llama2-7B,20,20,1,32,32,256,0.0034455,0.0049699332536969,0.00277,0.0111854332536969,0.0034455,0.5113793641183035,39109.90822729632,1.452775913110305,263.5277741094009,1.0
Llama2-7B,20,20,1,32,32,384,0.0034455,0.0049699332536969,0.00321,0.0116254332536969,0.0034455,0.5254593641183036,38061.93469129448,1.453424597101218,263.6454428060547,1.0
Llama2-7B,20,20,1,32,32,512,0.0034455,0.0049699332536969,0.00365,0.0120654332536969,0.0034455,0.5395393641183036,37068.6576922581,1.4540732810921313,263.7631115027085,1.0
Llama2-7B,20,20,1,32,32,640,0.0034455,0.0049699332536969,0.00409,0.0125054332536969,0.0034455,0.5536193641183036,36125.90399877374,1.454721965083044,263.8807801993623,1.0
Llama2-7B,20,20,1,32,32,768,0.0034455,0.0049699332536969,0.00453,0.0129454332536969,0.0034455,0.5676993641183036,35229.914395028594,1.455370649073957,263.9984488960161,1.0
Llama2-7B,20,20,1,32,32,896,0.0034455,0.0049699332536969,0.00497,0.0133854332536969,0.0034455,0.5817793641183036,34377.293581580256,1.4560193330648703,264.1161175926698,1.0
Llama2-7B,20,20,1,32,32,1024,0.0034455,0.0049699332536969,0.00541,0.0138254332536969,0.0034455,0.5958593641183035,33564.96717911636,1.456668017055783,264.2337862893237,1.0
Llama2-7B,20,20,1,32,32,1152,0.0034455,0.0049699332536969,0.00585,0.0142654332536969,0.0034455,0.6099393641183036,32790.144687432905,1.457316701046696,264.35145498597745,1.0
Llama2-7B,20,20,1,32,32,1280,0.0034455,0.0049699332536969,0.00629,0.0147054332536969,0.0034455,0.6240193641183036,32050.287459041632,1.457965385037609,264.4691236826313,1.0
Llama2-7B,20,20,1,32,32,1408,0.0034455,0.0049699332536969,0.00673,0.0151454332536969,0.0034455,0.6380993641183036,31343.080912852944,1.4586140690285223,264.58679237928504,1.0
Llama2-7B,20,20,1,32,32,1536,0.0034455,0.0049699332536969,0.00717,0.0155854332536969,0.0034455,0.6521793641183036,30666.41034715728,1.4592627530194355,264.70446107593875,1.0
Llama2-7B,20,20,1,32,32,1664,0.0034455,0.0049699332536969,0.00761,0.0160254332536969,0.0034455,0.6662593641183036,30018.339819459143,1.4599114370103483,264.82212977259263,1.0
Llama2-7B,20,20,1,32,32,1792,0.0034455,0.0049699332536969,0.00805,0.0164654332536969,0.0034455,0.6803393641183036,29397.09364887229,1.460560121001261,264.9397984692464,1.0
Llama2-7B,20,20,1,32,32,1920,0.0034455,0.0049699332536969,0.00849,0.0169054332536969,0.0034455,0.6944193641183036,28801.040168852105,1.4612088049921743,265.0574671659002,1.0
Llama2-7B,20,20,1,32,32,2048,0.0034455,0.0049699332536969,0.00893,0.0173454332536969,0.0034455,0.7084993641183036,28228.677417218463,1.4618574889830875,265.175135862554,1.0
Llama2-7B,20,20,1,32,32,2176,0.0034455,0.0049699332536969,0.00937,0.0177854332536969,0.0034455,0.7225793641183036,27678.62049922245,1.4625061729740003,265.2928045592078,1.0
Llama2-7B,20,20,1,32,32,2304,0.0034455,0.0049699332536969,0.00981,0.0182254332536969,0.0034455,0.7366593641183036,27149.59039981484,1.4631548569649135,265.41047325586163,1.0
Llama2-7B,20,20,1,32,32,2432,0.0034455,0.0049699332536969,0.0102499999999999,0.0186654332536969,0.0034455,0.7507393641183036,26640.40405485964,1.4638035409558263,265.5281419525154,1.0
Llama2-7B,20,20,1,32,32,2560,0.0034455,0.0049699332536969,0.0106899999999999,0.0191054332536969,0.0034455,0.7648193641183035,26149.96551905604,1.4644522249467395,265.6458106491691,1.0
Llama2-7B,20,20,1,32,32,2688,0.0034455,0.0049699332536969,0.01113,0.0195454332536969,0.0034455,0.7788993641183036,25677.25809179411,1.4651009089376523,265.76347934582293,1.0
Llama2-7B,20,20,1,32,32,2816,0.0034455,0.0049699332536969,0.01157,0.0199854332536969,0.0034455,0.7929793641183036,25221.337281881933,1.465749592928565,265.88114804247675,1.0
Llama2-7B,20,20,1,32,32,2944,0.0034455,0.0049699332536969,0.01201,0.0204254332536969,0.0034455,0.8070593641183036,24781.32450869907,1.4663982769194783,265.9988167391306,1.0
Llama2-7B,20,20,1,32,32,3072,0.0034455,0.0049699332536969,0.01245,0.0208654332536969,0.0034455,0.8211393641183036,24356.40145138451,1.4670469609103918,266.11648543578434,1.0
Llama2-7B,20,20,1,32,32,3200,0.0034455,0.0049699332536969,0.0128899999999999,0.0213054332536969,0.0034455,0.8352193641183036,23945.80496958776,1.4676956449013046,266.2341541324381,1.0
Llama2-7B,20,20,1,32,32,3328,0.0034455,0.0049699332536969,0.0133299999999999,0.0217454332536969,0.0034455,0.8492993641183035,23548.82252945393,1.4683443288922178,266.351822829092,1.0
Llama2-7B,20,20,1,32,32,3456,0.0034455,0.0049699332536969,0.01377,0.0221854332536969,0.0034455,0.8633793641183036,23164.78807716734,1.4689930128831306,266.4694915257457,1.0
Llama2-7B,20,20,1,32,32,3584,0.0034455,0.0049699332536969,0.01421,0.0226254332536969,0.0034455,0.8774593641183036,22793.078309781988,1.469641696874044,266.58716022239946,1.0
Llama2-7B,20,20,1,32,32,3712,0.0034455,0.0049699332536969,0.01465,0.0230654332536969,0.0034455,0.8915393641183036,22433.10929941853,1.4702903808649568,266.7048289190533,1.0
Llama2-7B,20,20,1,32,32,3840,0.0034455,0.0049699332536969,0.01509,0.0235054332536969,0.0034455,0.9056193641183036,22084.333432370546,1.4709390648558696,266.82249761570705,1.0
Llama2-7B,20,20,1,32,32,3968,0.0034455,0.0049699332536969,0.0155299999999999,0.0239454332536969,0.0034455,0.9196993641183036,21746.236629372448,1.4715877488467828,266.94016631236093,1.0
Llama2-7B,20,20,1,32,32,4096,0.0034455,0.0049699332536969,0.0159699999999999,0.0243854332536969,0.0034455,0.9337793641183036,21418.335817352818,1.4722364328376956,267.05783500901464,1.0
Llama2-7B,20,32,1,32,16,128,0.0039575,0.0005461428179059,0.00466,0.0091636428179059,0.0039575,0.447194070172991,71557.29946870991,0.8361946548871475,211.29365884703668,0.8
Llama2-7B,20,32,1,32,16,256,0.0039575,0.0005461428179059,0.00554,0.0100436428179059,0.0039575,0.475354070172991,67318.24130243494,0.836518996882604,211.37561513142245,0.8
Llama2-7B,20,32,1,32,16,384,0.0039575,0.0005461428179059,0.00642,0.0109236428179059,0.0039575,0.5035140701729911,63553.33821953741,0.8368433388780604,211.45757141580813,0.8
Llama2-7B,20,32,1,32,16,512,0.0039575,0.0005461428179059,0.0073,0.0118036428179059,0.0039575,0.5316740701729911,60187.24966141032,0.837167680873517,211.53952770019384,0.8
Llama2-7B,20,32,1,32,16,640,0.0039575,0.0005461428179059,0.00818,0.0126836428179059,0.0039575,0.559834070172991,57159.79377623778,0.8374920228689734,211.6214839845796,0.8
Llama2-7B,20,32,1,32,16,768,0.0039575,0.0005461428179059,0.00906,0.0135636428179059,0.0039575,0.5879940701729911,54422.31754239532,0.83781636486443,211.70344026896527,0.8
Llama2-7B,20,32,1,32,16,896,0.0039575,0.0005461428179059,0.00994,0.0144436428179059,0.0039575,0.6161540701729911,51935.06226618888,0.8381407068598865,211.78539655335103,0.8
Llama2-7B,20,32,1,32,16,1024,0.0039575,0.0005461428179059,0.01082,0.0153236428179059,0.0039575,0.644314070172991,49665.21993134243,0.8384650488553429,211.8673528377368,0.8
Llama2-7B,20,32,1,32,16,1152,0.0039575,0.0005461428179059,0.0117,0.0162036428179059,0.0039575,0.672474070172991,47585.47789324894,0.8387893908507994,211.9493091221225,0.8
Llama2-7B,20,32,1,32,16,1280,0.0039575,0.0005461428179059,0.01258,0.0170836428179059,0.0039575,0.7006340701729911,45672.91452455202,0.839113732846256,212.03126540650825,0.8
Llama2-7B,20,32,1,32,16,1408,0.0039575,0.0005461428179059,0.01346,0.0179636428179059,0.0039575,0.7287940701729911,43908.15088877477,0.8394380748417125,212.113221690894,0.8
Llama2-7B,20,32,1,32,16,1536,0.0039575,0.0005461428179059,0.01434,0.0188436428179059,0.0039575,0.7569540701729911,42274.69176919394,0.8397624168371691,212.19517797527965,0.8
Llama2-7B,20,32,1,32,16,1664,0.0039575,0.0005461428179059,0.01522,0.0197236428179059,0.0039575,0.7851140701729911,40758.40851119782,0.8400867588326256,212.27713425966544,0.8
Llama2-7B,20,32,1,32,16,1792,0.0039575,0.0005461428179059,0.0161,0.0206036428179059,0.0039575,0.8132740701729911,39347.1293056144,0.8404111008280821,212.3590905440512,0.8
Llama2-7B,20,32,1,32,16,1920,0.0039575,0.0005461428179059,0.01698,0.0214836428179059,0.0039575,0.8414340701729911,38030.31174316616,0.8407354428235386,212.44104682843687,0.8
Llama2-7B,20,32,1,32,16,2048,0.0039575,0.0005461428179059,0.01786,0.0223636428179059,0.0039575,0.8695940701729911,36798.77899079296,0.8410597848189951,212.5230031128226,0.8
Llama2-7B,20,32,1,32,16,2176,0.0039575,0.0005461428179059,0.01874,0.0232436428179059,0.0039575,0.897754070172991,35644.50562037978,0.8413841268144515,212.6049593972083,0.8
Llama2-7B,20,32,1,32,16,2304,0.0039575,0.0005461428179059,0.01962,0.0241236428179059,0.0039575,0.925914070172991,34560.44251927326,0.8417084688099081,212.6869156815941,0.8
Llama2-7B,20,32,1,32,16,2432,0.0039575,0.0005461428179059,0.0204999999999999,0.0250036428179059,0.0039575,0.954074070172991,33540.372807949614,0.8420328108053646,212.76887196597977,0.8
Llama2-7B,20,32,1,32,16,2560,0.0039575,0.0005461428179059,0.0213799999999999,0.0258836428179059,0.0039575,0.9822340701729908,32578.79254215257,0.8423571528008211,212.8508282503655,0.8
Llama2-7B,20,32,1,32,16,2688,0.0039575,0.0005461428179059,0.02226,0.0267636428179059,0.0039575,1.010394070172991,31670.811364244484,0.8426814947962776,212.9327845347512,0.8
Llama2-7B,20,32,1,32,16,2816,0.0039575,0.0005461428179059,0.02314,0.0276436428179059,0.0039575,1.038554070172991,30812.06931736331,0.843005836791734,213.01474081913693,0.8
Llama2-7B,20,32,1,32,16,2944,0.0039575,0.0005461428179059,0.02402,0.0285236428179059,0.0039575,1.066714070172991,29998.666835631502,0.8433301787871907,213.09669710352267,0.8
Llama2-7B,20,32,1,32,16,3072,0.0039575,0.0005461428179059,0.0249,0.0294036428179059,0.0039575,1.0948740701729909,29227.10553821407,0.8436545207826472,213.1786533879084,0.8
Llama2-7B,20,32,1,32,16,3200,0.0039575,0.0005461428179059,0.0257799999999999,0.0302836428179059,0.0039575,1.1230340701729908,28494.23793088553,0.8439788627781036,213.26060967229407,0.8
Llama2-7B,20,32,1,32,16,3328,0.0039575,0.0005461428179059,0.0266599999999999,0.0311636428179059,0.0039575,1.1511940701729908,27797.224489864977,0.8443032047735602,213.34256595667983,0.8
Llama2-7B,20,32,1,32,16,3456,0.0039575,0.0005461428179059,0.02754,0.0320436428179059,0.0039575,1.1793540701729912,27133.49689402958,0.8446275467690167,213.4245222410656,0.8
Llama2-7B,20,32,1,32,16,3584,0.0039575,0.0005461428179059,0.02842,0.0329236428179059,0.0039575,1.207514070172991,26500.726401817923,0.8449518887644734,213.50647852545129,0.8
Llama2-7B,20,32,1,32,16,3712,0.0039575,0.0005461428179059,0.0293,0.0338036428179059,0.0039575,1.2356740701729911,25896.79655212,0.8452762307599297,213.58843480983705,0.8
Llama2-7B,20,32,1,32,16,3840,0.0039575,0.0005461428179059,0.03018,0.0346836428179059,0.0039575,1.2638340701729909,25319.77951474272,0.8456005727553861,213.6703910942228,0.8
Llama2-7B,20,32,1,32,16,3968,0.0039575,0.0005461428179059,0.0310599999999999,0.0355636428179059,0.0039575,1.291994070172991,24767.915533633502,0.8459249147508427,213.75234737860848,0.8
Llama2-7B,20,32,1,32,16,4096,0.0039575,0.0005461428179059,0.0319399999999999,0.0364436428179059,0.0039575,1.3201540701729908,24239.595001064365,0.8462492567462992,213.83430366299424,0.8
Llama2-7B,32,1,32,32,32,128,0.0034455,0.0135444871520996,0.00233,0.0193199871520996,0.0034455,0.7716850888671875,1295.8653917597042,46.46807133182055,421.45616866039535,1.0
Llama2-7B,32,1,32,32,32,256,0.0034455,0.0135444871520996,0.00277,0.0197599871520996,0.0034455,0.7857650888671875,1272.644985337371,46.48882921952976,421.64443857504136,1.0
Llama2-7B,32,1,32,32,32,384,0.0034455,0.0135444871520996,0.00321,0.0201999871520996,0.0034455,0.7998450888671875,1250.2420955241344,46.50958710723898,421.8327084896876,1.0
Llama2-7B,32,1,32,32,32,512,0.0034455,0.0135444871520996,0.00365,0.0206399871520996,0.0034455,0.8139250888671875,1228.6142959320614,46.5303449949482,422.0209784043336,1.0
Llama2-7B,32,1,32,32,32,640,0.0034455,0.0135444871520996,0.00409,0.0210799871520996,0.0034455,0.8280050888671875,1207.7220459696964,46.55110288265741,422.2092483189796,1.0
Llama2-7B,32,1,32,32,32,768,0.0034455,0.0135444871520996,0.00453,0.0215199871520996,0.0034455,0.8420850888671875,1187.528449583696,46.57186077036663,422.3975182336257,1.0
Llama2-7B,32,1,32,32,32,896,0.0034455,0.0135444871520996,0.00497,0.0219599871520996,0.0034455,0.8561650888671876,1167.999037806043,46.59261865807585,422.5857881482717,1.0
Llama2-7B,32,1,32,32,32,1024,0.0034455,0.0135444871520996,0.00541,0.0223999871520996,0.0034455,0.8702450888671874,1149.1015724107294,46.61337654578506,422.77405806291785,1.0
Llama2-7B,32,1,32,32,32,1152,0.0034455,0.0135444871520996,0.00585,0.0228399871520996,0.0034455,0.8843250888671875,1130.8058683272131,46.63413443349428,422.9623279775639,1.0
Llama2-7B,32,1,32,32,32,1280,0.0034455,0.0135444871520996,0.00629,0.0232799871520996,0.0034455,0.8984050888671875,1113.0836327529212,46.65489232120349,423.15059789220993,1.0
Llama2-7B,32,1,32,32,32,1408,0.0034455,0.0135444871520996,0.00673,0.0237199871520996,0.0034455,0.9124850888671876,1095.908319161093,46.67565020891272,423.33886780685606,1.0
Llama2-7B,32,1,32,32,32,1536,0.0034455,0.0135444871520996,0.00717,0.0241599871520996,0.0034455,0.9265650888671876,1079.2549946195293,46.69640809662194,423.527137721502,1.0
Llama2-7B,32,1,32,32,32,1664,0.0034455,0.0135444871520996,0.00761,0.0245999871520996,0.0034455,0.9406450888671876,1063.1002190255342,46.71716598433115,423.7154076361482,1.0
Llama2-7B,32,1,32,32,32,1792,0.0034455,0.0135444871520996,0.00805,0.0250399871520996,0.0034455,0.9547250888671877,1047.421935026901,46.73792387204036,423.9036775507942,1.0
Llama2-7B,32,1,32,32,32,1920,0.0034455,0.0135444871520996,0.00849,0.0254799871520996,0.0034455,0.9688050888671876,1032.199367541812,46.75868175974958,424.0919474654403,1.0
Llama2-7B,32,1,32,32,32,2048,0.0034455,0.0135444871520996,0.00893,0.0259199871520996,0.0034455,0.9828850888671876,1017.4129319151012,46.7794396474588,424.2802173800864,1.0
Llama2-7B,32,1,32,32,32,2176,0.0034455,0.0135444871520996,0.00937,0.0263599871520996,0.0034455,0.9969650888671876,1003.0441498571038,46.80019753516801,424.4684872947324,1.0
Llama2-7B,32,1,32,32,32,2304,0.0034455,0.0135444871520996,0.00981,0.0267999871520996,0.0034455,1.0110450888671874,989.075572406407,46.82095542287723,424.6567572093784,1.0
Llama2-7B,32,1,32,32,32,2432,0.0034455,0.0135444871520996,0.0102499999999999,0.0272399871520996,0.0034455,1.0251250888671877,975.4907092411992,46.84171331058644,424.84502712402457,1.0
Llama2-7B,32,1,32,32,32,2560,0.0034455,0.0135444871520996,0.0106899999999999,0.0276799871520996,0.0034455,1.039205088867187,962.2739637371062,46.86247119829567,425.0332970386706,1.0
Llama2-7B,32,1,32,32,32,2688,0.0034455,0.0135444871520996,0.01113,0.0281199871520996,0.0034455,1.0532850888671874,949.4105732337902,46.88322908600488,425.2215669533167,1.0
Llama2-7B,32,1,32,32,32,2816,0.0034455,0.0135444871520996,0.01157,0.0285599871520996,0.0034455,1.0673650888671875,936.8865540293403,46.90398697371409,425.4098368679627,1.0
Llama2-7B,32,1,32,32,32,2944,0.0034455,0.0135444871520996,0.01201,0.0289999871520996,0.0034455,1.0814450888671874,924.688650671574,46.924744861423314,425.5981067826088,1.0
Llama2-7B,32,1,32,32,32,3072,0.0034455,0.0135444871520996,0.01245,0.0294399871520996,0.0034455,1.0955250888671877,912.8042891596724,46.94550274913254,425.78637669725487,1.0
Llama2-7B,32,1,32,32,32,3200,0.0034455,0.0135444871520996,0.0128899999999999,0.0298799871520996,0.0034455,1.1096050888671871,901.2215337088218,46.96626063684175,425.97464661190094,1.0
Llama2-7B,32,1,32,32,32,3328,0.0034455,0.0135444871520996,0.0133299999999999,0.0303199871520996,0.0034455,1.1236850888671874,889.9290467653378,46.98701852455097,426.162916526547,1.0
Llama2-7B,32,1,32,32,32,3456,0.0034455,0.0135444871520996,0.01377,0.0307599871520996,0.0034455,1.1377650888671875,878.9160519907032,47.00777641226018,426.35118644119314,1.0
Llama2-7B,32,1,32,32,32,3584,0.0034455,0.0135444871520996,0.01421,0.0311999871520996,0.0034455,1.1518450888671874,868.1722999604717,47.02853429996941,426.5394563558391,1.0
Llama2-7B,32,1,32,32,32,3712,0.0034455,0.0135444871520996,0.01465,0.0316399871520996,0.0034455,1.1659250888671873,857.6880363485444,47.04929218767862,426.7277262704852,1.0
Llama2-7B,32,1,32,32,32,3840,0.0034455,0.0135444871520996,0.01509,0.0320799871520996,0.0034455,1.1800050888671874,847.4539723892264,47.07005007538783,426.9159961851312,1.0
Llama2-7B,32,1,32,32,32,3968,0.0034455,0.0135444871520996,0.0155299999999999,0.0325199871520996,0.0034455,1.1940850888671874,837.4612574290553,47.09080796309705,427.10426609977736,1.0
Llama2-7B,32,1,32,32,32,4096,0.0034455,0.0135444871520996,0.0159699999999999,0.0329599871520996,0.0034455,1.208165088867187,827.7014533979216,47.11156585080626,427.2925360144234,1.0
Llama2-7B,32,2,16,32,32,128,0.0034455,0.0122182838058471,0.00233,0.0179937838058471,0.0034455,0.7292465817871093,2742.556564473366,23.23403566591028,421.45616866039535,1.0
Llama2-7B,32,2,16,32,32,256,0.0034455,0.0122182838058471,0.00277,0.0184337838058471,0.0034455,0.7433265817871094,2690.6073978837003,23.24441460976488,421.64443857504136,1.0
Llama2-7B,32,2,16,32,32,384,0.0034455,0.0122182838058471,0.00321,0.0188737838058471,0.0034455,0.7574065817871094,2640.589675469914,23.25479355361949,421.8327084896876,1.0
Llama2-7B,32,2,16,32,32,512,0.0034455,0.0122182838058471,0.00365,0.0193137838058471,0.0034455,0.7714865817871094,2592.397647885336,23.2651724974741,422.0209784043336,1.0
Llama2-7B,32,2,16,32,32,640,0.0034455,0.0122182838058471,0.00409,0.0197537838058471,0.0034455,0.7855665817871094,2545.933147321693,23.275551441328705,422.2092483189796,1.0
Llama2-7B,32,2,16,32,32,768,0.0034455,0.0122182838058471,0.00453,0.0201937838058471,0.0034455,0.7996465817871093,2501.104920038865,23.28593038518332,422.3975182336257,1.0
Llama2-7B,32,2,16,32,32,896,0.0034455,0.0122182838058471,0.00497,0.0206337838058471,0.0034455,0.8137265817871094,2457.828028190492,23.296309329037925,422.5857881482717,1.0
Llama2-7B,32,2,16,32,32,1024,0.0034455,0.0122182838058471,0.00541,0.0210737838058471,0.0034455,0.8278065817871093,2416.02331269498,23.30668827289253,422.77405806291785,1.0
Llama2-7B,32,2,16,32,32,1152,0.0034455,0.0122182838058471,0.00585,0.0215137838058471,0.0034455,0.8418865817871094,2375.61691000528,23.317067216747137,422.9623279775639,1.0
Llama2-7B,32,2,16,32,32,1280,0.0034455,0.0122182838058471,0.00629,0.0219537838058471,0.0034455,0.8559665817871094,2336.5398165712822,23.327446160601745,423.15059789220993,1.0
Llama2-7B,32,2,16,32,32,1408,0.0034455,0.0122182838058471,0.00673,0.0223937838058471,0.0034455,0.8700465817871094,2298.7274955921584,23.33782510445636,423.33886780685606,1.0
Llama2-7B,32,2,16,32,32,1536,0.0034455,0.0122182838058471,0.00717,0.0228337838058471,0.0034455,0.8841265817871093,2262.1195213442684,23.34820404831097,423.527137721502,1.0
Llama2-7B,32,2,16,32,32,1664,0.0034455,0.0122182838058471,0.00761,0.0232737838058471,0.0034455,0.8982065817871093,2226.659256961485,23.358582992165577,423.7154076361482,1.0
Llama2-7B,32,2,16,32,32,1792,0.0034455,0.0122182838058471,0.00805,0.0237137838058471,0.0034455,0.9122865817871094,2192.2935620538574,23.36896193602018,423.9036775507942,1.0
Llama2-7B,32,2,16,32,32,1920,0.0034455,0.0122182838058471,0.00849,0.0241537838058471,0.0034455,0.9263665817871094,2158.9725269899955,23.37934087987479,424.0919474654403,1.0
Llama2-7B,32,2,16,32,32,2048,0.0034455,0.0122182838058471,0.00893,0.0245937838058471,0.0034455,0.9404465817871094,2126.6492310487697,23.3897198237294,424.2802173800864,1.0
Llama2-7B,32,2,16,32,32,2176,0.0034455,0.0122182838058471,0.00937,0.0250337838058471,0.0034455,0.9545265817871094,2095.2795219757068,23.400098767584005,424.4684872947324,1.0
Llama2-7B,32,2,16,32,32,2304,0.0034455,0.0122182838058471,0.00981,0.0254737838058471,0.0034455,0.9686065817871092,2064.8218147660505,23.410477711438617,424.6567572093784,1.0
Llama2-7B,32,2,16,32,32,2432,0.0034455,0.0122182838058471,0.0102499999999999,0.0259137838058471,0.0034455,0.9826865817871092,2035.236907746119,23.42085665529322,424.84502712402457,1.0
Llama2-7B,32,2,16,32,32,2560,0.0034455,0.0122182838058471,0.0106899999999999,0.0263537838058471,0.0034455,0.9967665817871092,2006.487814242515,23.43123559914784,425.0332970386706,1.0
Llama2-7B,32,2,16,32,32,2688,0.0034455,0.0122182838058471,0.01113,0.0267937838058471,0.0034455,1.0108465817871093,1978.539608319329,23.44161454300244,425.2215669533167,1.0
Llama2-7B,32,2,16,32,32,2816,0.0034455,0.0122182838058471,0.01157,0.0272337838058471,0.0034455,1.0249265817871094,1951.35928323052,23.451993486857045,425.4098368679627,1.0
Llama2-7B,32,2,16,32,32,2944,0.0034455,0.0122182838058471,0.01201,0.0276737838058471,0.0034455,1.0390065817871093,1924.9156213813053,23.462372430711657,425.5981067826088,1.0
Llama2-7B,32,2,16,32,32,3072,0.0034455,0.0122182838058471,0.01245,0.0281137838058471,0.0034455,1.0530865817871091,1899.179074721434,23.47275137456627,425.78637669725487,1.0
Llama2-7B,32,2,16,32,32,3200,0.0034455,0.0122182838058471,0.0128899999999999,0.0285537838058471,0.0034455,1.0671665817871092,1874.121654606856,23.48313031842088,425.97464661190094,1.0
Llama2-7B,32,2,16,32,32,3328,0.0034455,0.0122182838058471,0.0133299999999999,0.0289937838058471,0.0034455,1.0812465817871093,1849.7168302667408,23.493509262275484,426.162916526547,1.0
Llama2-7B,32,2,16,32,32,3456,0.0034455,0.0122182838058471,0.01377,0.0294337838058471,0.0034455,1.0953265817871094,1825.9394351014896,23.50388820613009,426.35118644119314,1.0
Llama2-7B,32,2,16,32,32,3584,0.0034455,0.0122182838058471,0.01421,0.0298737838058471,0.0034455,1.1094065817871093,1802.765580116048,23.514267149984704,426.5394563558391,1.0
Llama2-7B,32,2,16,32,32,3712,0.0034455,0.0122182838058471,0.01465,0.0303137838058471,0.0034455,1.1234865817871094,1780.1725738625528,23.52464609383931,426.7277262704852,1.0
Llama2-7B,32,2,16,32,32,3840,0.0034455,0.0122182838058471,0.01509,0.0307537838058471,0.0034455,1.1375665817871092,1758.1388483283447,23.53502503769392,426.9159961851312,1.0
Llama2-7B,32,2,16,32,32,3968,0.0034455,0.0122182838058471,0.0155299999999999,0.0311937838058471,0.0034455,1.151646581787109,1736.6438902605237,23.545403981548525,427.10426609977736,1.0
Llama2-7B,32,2,16,32,32,4096,0.0034455,0.0122182838058471,0.0159699999999999,0.0316337838058471,0.0034455,1.1657265817871092,1715.668177467407,23.55578292540313,427.2925360144234,1.0
Llama2-7B,32,4,8,32,32,128,0.0034455,0.0117712489700317,0.00233,0.0175467489700317,0.0034455,0.7149414670410156,5594.863613877531,11.617017832955137,421.45616866039535,1.0
Llama2-7B,32,4,8,32,32,256,0.0034455,0.0117712489700317,0.00277,0.0179867489700317,0.0034455,0.7290214670410157,5486.806878589427,11.62220730488244,421.64443857504136,1.0
Llama2-7B,32,4,8,32,32,384,0.0034455,0.0117712489700317,0.00321,0.0184267489700317,0.0034455,0.7431014670410157,5382.8449779917055,11.627396776809745,421.8327084896876,1.0
Llama2-7B,32,4,8,32,32,512,0.0034455,0.0117712489700317,0.00365,0.0188667489700317,0.0034455,0.7571814670410156,5282.74947831406,11.63258624873705,422.0209784043336,1.0
Llama2-7B,32,4,8,32,32,640,0.0034455,0.0117712489700317,0.00409,0.0193067489700317,0.0034455,0.7712614670410156,5186.308626756898,11.637775720664353,422.2092483189796,1.0
Llama2-7B,32,4,8,32,32,768,0.0034455,0.0117712489700317,0.00453,0.0197467489700317,0.0034455,0.7853414670410156,5093.325856166836,11.642965192591657,422.3975182336257,1.0
Llama2-7B,32,4,8,32,32,896,0.0034455,0.0117712489700317,0.00497,0.0201867489700317,0.0034455,0.7994214670410157,5003.618447732744,11.648154664518962,422.5857881482717,1.0
Llama2-7B,32,4,8,32,32,1024,0.0034455,0.0117712489700317,0.00541,0.0206267489700317,0.0034455,0.8135014670410156,4917.016332557303,11.653344136446265,422.77405806291785,1.0
Llama2-7B,32,4,8,32,32,1152,0.0034455,0.0117712489700317,0.00585,0.0210667489700317,0.0034455,0.8275814670410157,4833.361015564836,11.658533608373569,422.9623279775639,1.0
Llama2-7B,32,4,8,32,32,1280,0.0034455,0.0117712489700317,0.00629,0.0215067489700317,0.0034455,0.8416614670410156,4752.50460741964,11.663723080300873,423.15059789220993,1.0
Llama2-7B,32,4,8,32,32,1408,0.0034455,0.0117712489700317,0.00673,0.0219467489700317,0.0034455,0.8557414670410156,4674.308952014687,11.668912552228178,423.33886780685606,1.0
Llama2-7B,32,4,8,32,32,1536,0.0034455,0.0117712489700317,0.00717,0.0223867489700317,0.0034455,0.8698214670410156,4598.644838701577,11.674102024155484,423.527137721502,1.0
Llama2-7B,32,4,8,32,32,1664,0.0034455,0.0117712489700317,0.00761,0.0228267489700317,0.0034455,0.8839014670410156,4525.39128981261,11.679291496082788,423.7154076361482,1.0
Llama2-7B,32,4,8,32,32,1792,0.0034455,0.0117712489700317,0.00805,0.0232667489700317,0.0034455,0.8979814670410157,4454.434915211115,11.68448096801009,423.9036775507942,1.0
Llama2-7B,32,4,8,32,32,1920,0.0034455,0.0117712489700317,0.00849,0.0237067489700317,0.0034455,0.9120614670410156,4385.669326626776,11.689670439937396,424.0919474654403,1.0
Llama2-7B,32,4,8,32,32,2048,0.0034455,0.0117712489700317,0.00893,0.0241467489700317,0.0034455,0.9261414670410156,4318.994605413617,11.6948599118647,424.2802173800864,1.0
Llama2-7B,32,4,8,32,32,2176,0.0034455,0.0117712489700317,0.00937,0.0245867489700317,0.0034455,0.9402214670410156,4254.316818130581,11.700049383792004,424.4684872947324,1.0
Llama2-7B,32,4,8,32,32,2304,0.0034455,0.0117712489700317,0.00981,0.0250267489700317,0.0034455,0.9543014670410156,4191.547575005542,11.705238855719308,424.6567572093784,1.0
Llama2-7B,32,4,8,32,32,2432,0.0034455,0.0117712489700317,0.0102499999999999,0.0254667489700317,0.0034455,0.9683814670410156,4130.603626918214,11.71042832764661,424.84502712402457,1.0
Llama2-7B,32,4,8,32,32,2560,0.0034455,0.0117712489700317,0.0106899999999999,0.0259067489700317,0.0034455,0.9824614670410156,4071.40649703772,11.715617799573916,425.0332970386706,1.0
Llama2-7B,32,4,8,32,32,2688,0.0034455,0.0117712489700317,0.01113,0.0263467489700317,0.0034455,0.9965414670410156,4013.882143687422,11.72080727150122,425.2215669533167,1.0
Llama2-7B,32,4,8,32,32,2816,0.0034455,0.0117712489700317,0.01157,0.0267867489700317,0.0034455,1.0106214670410156,3957.960651391608,11.725996743428524,425.4098368679627,1.0
Llama2-7B,32,4,8,32,32,2944,0.0034455,0.0117712489700317,0.01201,0.0272267489700317,0.0034455,1.0247014670410155,3903.575947393362,11.731186215355828,425.5981067826088,1.0
Llama2-7B,32,4,8,32,32,3072,0.0034455,0.0117712489700317,0.01245,0.0276667489700317,0.0034455,1.0387814670410156,3850.665541226933,11.736375687283134,425.78637669725487,1.0
Llama2-7B,32,4,8,32,32,3200,0.0034455,0.0117712489700317,0.0128899999999999,0.0281067489700317,0.0034455,1.0528614670410157,3799.170285186413,11.741565159210436,425.97464661190094,1.0
Llama2-7B,32,4,8,32,32,3328,0.0034455,0.0117712489700317,0.0133299999999999,0.0285467489700317,0.0034455,1.0669414670410156,3749.0341537604063,11.746754631137742,426.162916526547,1.0
Llama2-7B,32,4,8,32,32,3456,0.0034455,0.0117712489700317,0.01377,0.0289867489700317,0.0034455,1.0810214670410156,3700.204040303516,11.751944103065044,426.35118644119314,1.0
Llama2-7B,32,4,8,32,32,3584,0.0034455,0.0117712489700317,0.01421,0.0294267489700317,0.0034455,1.0951014670410155,3652.629569393304,11.757133574992352,426.5394563558391,1.0
Llama2-7B,32,4,8,32,32,3712,0.0034455,0.0117712489700317,0.01465,0.0298667489700317,0.0034455,1.1091814670410156,3606.262923478947,11.762323046919654,426.7277262704852,1.0
Llama2-7B,32,4,8,32,32,3840,0.0034455,0.0117712489700317,0.01509,0.0303067489700317,0.0034455,1.1232614670410157,3561.058682567575,11.767512518846956,426.9159961851312,1.0
Llama2-7B,32,4,8,32,32,3968,0.0034455,0.0117712489700317,0.0155299999999999,0.0307467489700317,0.0034455,1.1373414670410156,3516.9736758184595,11.772701990774262,427.10426609977736,1.0
Llama2-7B,32,4,8,32,32,4096,0.0034455,0.0117712489700317,0.0159699999999999,0.0311867489700317,0.0034455,1.1514214670410154,3473.966844025771,11.777891462701565,427.2925360144234,1.0
Llama2-7B,32,8,4,32,32,128,0.0034455,0.0108324758148193,0.00233,0.0166079758148193,0.0034455,0.6849007260742187,11680.524921991522,5.808508916477568,421.45616866039535,1.0
Llama2-7B,32,8,4,32,32,256,0.0034455,0.0108324758148193,0.00277,0.0170479758148193,0.0034455,0.6989807260742188,11445.236902212591,5.81110365244122,421.64443857504136,1.0
Llama2-7B,32,8,4,32,32,384,0.0034455,0.0108324758148193,0.00321,0.0174879758148193,0.0034455,0.7130607260742188,11219.24081283271,5.813698388404872,421.8327084896876,1.0
Llama2-7B,32,8,4,32,32,512,0.0034455,0.0108324758148193,0.00365,0.0179279758148193,0.0034455,0.7271407260742188,11001.996880564557,5.816293124368525,422.0209784043336,1.0
Llama2-7B,32,8,4,32,32,640,0.0034455,0.0108324758148193,0.00409,0.0183679758148193,0.0034455,0.7412207260742187,10793.006345587475,5.818887860332176,422.2092483189796,1.0
Llama2-7B,32,8,4,32,32,768,0.0034455,0.0108324758148193,0.00453,0.0188079758148193,0.0034455,0.7553007260742187,10591.807638768098,5.821482596295828,422.3975182336257,1.0
Llama2-7B,32,8,4,32,32,896,0.0034455,0.0108324758148193,0.00497,0.0192479758148193,0.0034455,0.7693807260742188,10397.972978632006,5.824077332259481,422.5857881482717,1.0
Llama2-7B,32,8,4,32,32,1024,0.0034455,0.0108324758148193,0.00541,0.0196879758148193,0.0034455,0.7834607260742187,10211.105335281536,5.826672068223132,422.77405806291785,1.0
Llama2-7B,32,8,4,32,32,1152,0.0034455,0.0108324758148193,0.00585,0.0201279758148193,0.0034455,0.7975407260742188,10030.835715912424,5.829266804186784,422.9623279775639,1.0
Llama2-7B,32,8,4,32,32,1280,0.0034455,0.0108324758148193,0.00629,0.0205679758148193,0.0034455,0.8116207260742188,9856.820732875714,5.831861540150436,423.15059789220993,1.0
Llama2-7B,32,8,4,32,32,1408,0.0034455,0.0108324758148193,0.00673,0.0210079758148193,0.0034455,0.8257007260742187,9688.74042055876,5.834456276114089,423.33886780685606,1.0
Llama2-7B,32,8,4,32,32,1536,0.0034455,0.0108324758148193,0.00717,0.0214479758148193,0.0034455,0.8397807260742187,9526.296271882966,5.837051012077742,423.527137721502,1.0
Llama2-7B,32,8,4,32,32,1664,0.0034455,0.0108324758148193,0.00761,0.0218879758148193,0.0034455,0.8538607260742187,9369.20946906818,5.839645748041394,423.7154076361482,1.0
Llama2-7B,32,8,4,32,32,1792,0.0034455,0.0108324758148193,0.00805,0.0223279758148193,0.0034455,0.8679407260742188,9217.219286603577,5.842240484005045,423.9036775507942,1.0
Llama2-7B,32,8,4,32,32,1920,0.0034455,0.0108324758148193,0.00849,0.0227679758148193,0.0034455,0.8820207260742188,9070.081647182098,5.844835219968697,424.0919474654403,1.0
Llama2-7B,32,8,4,32,32,2048,0.0034455,0.0108324758148193,0.00893,0.0232079758148193,0.0034455,0.8961007260742188,8927.567813774327,5.84742995593235,424.2802173800864,1.0
Llama2-7B,32,8,4,32,32,2176,0.0034455,0.0108324758148193,0.00937,0.0236479758148193,0.0034455,0.9101807260742188,8789.463203099795,5.850024691896001,424.4684872947324,1.0
Llama2-7B,32,8,4,32,32,2304,0.0034455,0.0108324758148193,0.00981,0.0240879758148193,0.0034455,0.9242607260742188,8655.566307550316,5.852619427859654,424.6567572093784,1.0
Llama2-7B,32,8,4,32,32,2432,0.0034455,0.0108324758148193,0.0102499999999999,0.0245279758148193,0.0034455,0.9383407260742188,8525.687714173919,5.855214163823305,424.84502712402457,1.0
Llama2-7B,32,8,4,32,32,2560,0.0034455,0.0108324758148193,0.0106899999999999,0.0249679758148193,0.0034455,0.9524207260742188,8399.649210675188,5.857808899786958,425.0332970386706,1.0
Llama2-7B,32,8,4,32,32,2688,0.0034455,0.0108324758148193,0.01113,0.0254079758148193,0.0034455,0.9665007260742188,8277.282969558442,5.86040363575061,425.2215669533167,1.0
Llama2-7B,32,8,4,32,32,2816,0.0034455,0.0108324758148193,0.01157,0.0258479758148193,0.0034455,0.9805807260742188,8158.430802559433,5.862998371714261,425.4098368679627,1.0
Llama2-7B,32,8,4,32,32,2944,0.0034455,0.0108324758148193,0.01201,0.0262879758148193,0.0034455,0.9946607260742188,8042.943478400758,5.865593107677914,425.5981067826088,1.0
Llama2-7B,32,8,4,32,32,3072,0.0034455,0.0108324758148193,0.01245,0.0267279758148193,0.0034455,1.0087407260742187,7930.680097683887,5.868187843641567,425.78637669725487,1.0
Llama2-7B,32,8,4,32,32,3200,0.0034455,0.0108324758148193,0.0128899999999999,0.0271679758148193,0.0034455,1.0228207260742186,7821.507519412056,5.870782579605218,425.97464661190094,1.0
Llama2-7B,32,8,4,32,32,3328,0.0034455,0.0108324758148193,0.0133299999999999,0.0276079758148193,0.0034455,1.036900726074219,7715.299834236379,5.873377315568871,426.162916526547,1.0
Llama2-7B,32,8,4,32,32,3456,0.0034455,0.0108324758148193,0.01377,0.0280479758148193,0.0034455,1.0509807260742188,7611.937880043532,5.875972051532522,426.35118644119314,1.0
Llama2-7B,32,8,4,32,32,3584,0.0034455,0.0108324758148193,0.01421,0.0284879758148193,0.0034455,1.0650607260742186,7511.308795966739,5.878566787496176,426.5394563558391,1.0
Llama2-7B,32,8,4,32,32,3712,0.0034455,0.0108324758148193,0.01465,0.0289279758148193,0.0034455,1.0791407260742187,7413.305611310784,5.881161523459827,426.7277262704852,1.0
Llama2-7B,32,8,4,32,32,3840,0.0034455,0.0108324758148193,0.01509,0.0293679758148193,0.0034455,1.0932207260742186,7317.826866243369,5.883756259423478,426.9159961851312,1.0
Llama2-7B,32,8,4,32,32,3968,0.0034455,0.0108324758148193,0.0155299999999999,0.0298079758148193,0.0034455,1.1073007260742187,7224.776261425287,5.886350995387131,427.10426609977736,1.0
Llama2-7B,32,8,4,32,32,4096,0.0034455,0.0108324758148193,0.0159699999999999,0.0302479758148193,0.0034455,1.1213807260742186,7134.062334035979,5.888945731350782,427.2925360144234,1.0
Llama2-7B,32,16,2,32,32,128,0.0034455,0.0095807782745361,0.00233,0.0153562782745361,0.0034455,0.6448464047851562,24812.11011067159,2.904254458238784,421.45616866039535,1.0
Llama2-7B,32,16,2,32,32,256,0.0034455,0.0095807782745361,0.00277,0.0157962782745361,0.0034455,0.6589264047851563,24281.92266056908,2.90555182622061,421.64443857504136,1.0
Llama2-7B,32,16,2,32,32,384,0.0034455,0.0095807782745361,0.00321,0.0162362782745361,0.0034455,0.6730064047851563,23773.919365756523,2.906849194202436,421.8327084896876,1.0
Llama2-7B,32,16,2,32,32,512,0.0034455,0.0095807782745361,0.00365,0.0166762782745361,0.0034455,0.6870864047851563,23286.736411271315,2.9081465621842626,422.0209784043336,1.0
Llama2-7B,32,16,2,32,32,640,0.0034455,0.0095807782745361,0.00409,0.0171162782745361,0.0034455,0.7011664047851562,22819.119528270247,2.909443930166088,422.2092483189796,1.0
Llama2-7B,32,16,2,32,32,768,0.0034455,0.0095807782745361,0.00453,0.0175562782745361,0.0034455,0.7152464047851562,22369.9132116659,2.910741298147914,422.3975182336257,1.0
Llama2-7B,32,16,2,32,32,896,0.0034455,0.0095807782745361,0.00497,0.0179962782745361,0.0034455,0.7293264047851563,21938.051186715573,2.9120386661297406,422.5857881482717,1.0
Llama2-7B,32,16,2,32,32,1024,0.0034455,0.0095807782745361,0.00541,0.0184362782745361,0.0034455,0.7434064047851562,21522.547958978084,2.913336034111566,422.77405806291785,1.0
Llama2-7B,32,16,2,32,32,1152,0.0034455,0.0095807782745361,0.00585,0.0188762782745361,0.0034455,0.7574864047851563,21122.49130667637,2.914633402093392,422.9623279775639,1.0
Llama2-7B,32,16,2,32,32,1280,0.0034455,0.0095807782745361,0.00629,0.0193162782745361,0.0034455,0.7715664047851563,20737.035595082994,2.915930770075218,423.15059789220993,1.0
Llama2-7B,32,16,2,32,32,1408,0.0034455,0.0095807782745361,0.00673,0.0197562782745361,0.0034455,0.7856464047851562,20365.39580980502,2.9172281380570446,423.33886780685606,1.0
Llama2-7B,32,16,2,32,32,1536,0.0034455,0.0095807782745361,0.00717,0.0201962782745361,0.0034455,0.7997264047851562,20006.842220369534,2.918525506038871,423.527137721502,1.0
Llama2-7B,32,16,2,32,32,1664,0.0034455,0.0095807782745361,0.00761,0.0206362782745361,0.0034455,0.8138064047851562,19660.69559777424,2.919822874020697,423.7154076361482,1.0
Llama2-7B,32,16,2,32,32,1792,0.0034455,0.0095807782745361,0.00805,0.0210762782745361,0.0034455,0.8278864047851563,19326.32292005344,2.921120242002522,423.9036775507942,1.0
Llama2-7B,32,16,2,32,32,1920,0.0034455,0.0095807782745361,0.00849,0.0215162782745361,0.0034455,0.8419664047851563,19003.13350873269,2.9224176099843486,424.0919474654403,1.0
Llama2-7B,32,16,2,32,32,2048,0.0034455,0.0095807782745361,0.00893,0.0219562782745361,0.0034455,0.8560464047851563,18690.57554656228,2.923714977966175,424.2802173800864,1.0
Llama2-7B,32,16,2,32,32,2176,0.0034455,0.0095807782745361,0.00937,0.0223962782745361,0.0034455,0.8701264047851562,18388.13293334153,2.9250123459480006,424.4684872947324,1.0
Llama2-7B,32,16,2,32,32,2304,0.0034455,0.0095807782745361,0.00981,0.0228362782745361,0.0034455,0.8842064047851562,18095.322442148183,2.926309713929827,424.6567572093784,1.0
Llama2-7B,32,16,2,32,32,2432,0.0034455,0.0095807782745361,0.0102499999999999,0.0232762782745361,0.0034455,0.8982864047851562,17811.691143012158,2.9276070819116526,424.84502712402457,1.0
Llama2-7B,32,16,2,32,32,2560,0.0034455,0.0095807782745361,0.0106899999999999,0.0237162782745361,0.0034455,0.9123664047851562,17536.814065142695,2.928904449893479,425.0332970386706,1.0
Llama2-7B,32,16,2,32,32,2688,0.0034455,0.0095807782745361,0.01113,0.0241562782745361,0.0034455,0.9264464047851564,17270.292072330307,2.930201817875305,425.2215669533167,1.0
Llama2-7B,32,16,2,32,32,2816,0.0034455,0.0095807782745361,0.01157,0.0245962782745361,0.0034455,0.9405264047851564,17011.749929184465,2.9314991858571307,425.4098368679627,1.0
Llama2-7B,32,16,2,32,32,2944,0.0034455,0.0095807782745361,0.01201,0.0250362782745361,0.0034455,0.9546064047851562,16760.834538503816,2.932796553838957,425.5981067826088,1.0
Llama2-7B,32,16,2,32,32,3072,0.0034455,0.0095807782745361,0.01245,0.0254762782745361,0.0034455,0.9686864047851562,16517.21333236696,2.9340939218207835,425.78637669725487,1.0
Llama2-7B,32,16,2,32,32,3200,0.0034455,0.0095807782745361,0.0128899999999999,0.0259162782745361,0.0034455,0.9827664047851562,16280.572801527318,2.935391289802609,425.97464661190094,1.0
Llama2-7B,32,16,2,32,32,3328,0.0034455,0.0095807782745361,0.0133299999999999,0.0263562782745361,0.0034455,0.9968464047851562,16050.617149437758,2.936688657784436,426.162916526547,1.0
Llama2-7B,32,16,2,32,32,3456,0.0034455,0.0095807782745361,0.01377,0.0267962782745361,0.0034455,1.0109264047851565,15827.06705875424,2.937986025766261,426.35118644119314,1.0
Llama2-7B,32,16,2,32,32,3584,0.0034455,0.0095807782745361,0.01421,0.0272362782745361,0.0034455,1.025006404785156,15609.65855950299,2.939283393748088,426.5394563558391,1.0
Llama2-7B,32,16,2,32,32,3712,0.0034455,0.0095807782745361,0.01465,0.0276762782745361,0.0034455,1.0390864047851562,15398.141989268152,2.9405807617299136,426.7277262704852,1.0
Llama2-7B,32,16,2,32,32,3840,0.0034455,0.0095807782745361,0.01509,0.0281162782745361,0.0034455,1.053166404785156,15192.281036788265,2.941878129711739,426.9159961851312,1.0
Llama2-7B,32,16,2,32,32,3968,0.0034455,0.0095807782745361,0.0155299999999999,0.0285562782745361,0.0034455,1.0672464047851562,14991.8518612587,2.9431754976935656,427.10426609977736,1.0
Llama2-7B,32,16,2,32,32,4096,0.0034455,0.0095807782745361,0.0159699999999999,0.0289962782745361,0.0034455,1.081326404785156,14796.6422804398,2.944472865675391,427.2925360144234,1.0
Llama2-7B,32,32,1,32,32,128,0.0034455,0.0008207499313354,0.00233,0.0065962499313354,0.0034455,0.3645254978027343,87785.3543658475,1.443836925119392,419.0500435696974,1.0
Llama2-7B,32,32,1,32,32,256,0.0034455,0.0008207499313354,0.00277,0.0070362499313354,0.0034455,0.3786054978027343,84520.69551476253,1.444485609110305,419.2383134843434,1.0
Llama2-7B,32,32,1,32,32,384,0.0034455,0.0008207499313354,0.00321,0.0074762499313354,0.0034455,0.3926854978027344,81490.14969754551,1.445134293101218,419.4265833989896,1.0
Llama2-7B,32,32,1,32,32,512,0.0034455,0.0008207499313354,0.00365,0.0079162499313354,0.0034455,0.4067654978027344,78669.4057702966,1.445782977092131,419.6148533136356,1.0
Llama2-7B,32,32,1,32,32,640,0.0034455,0.0008207499313354,0.00409,0.0083562499313354,0.0034455,0.4208454978027344,76037.4060482395,1.446431661083044,419.80312322828166,1.0
Llama2-7B,32,32,1,32,32,768,0.0034455,0.0008207499313354,0.00453,0.0087962499313354,0.0034455,0.4349254978027344,73575.81967869353,1.447080345073957,419.9913931429277,1.0
Llama2-7B,32,32,1,32,32,896,0.0034455,0.0008207499313354,0.00497,0.0092362499313354,0.0034455,0.4490054978027343,71268.61509847002,1.4477290290648703,420.17966305757375,1.0
Llama2-7B,32,32,1,32,32,1024,0.0034455,0.0008207499313354,0.00541,0.0096762499313354,0.0034455,0.4630854978027343,69101.71048723144,1.4483777130557831,420.3679329722199,1.0
Llama2-7B,32,32,1,32,32,1152,0.0034455,0.0008207499313354,0.00585,0.0101162499313354,0.0034455,0.4771654978027344,67062.68610650714,1.449026397046696,420.556202886866,1.0
Llama2-7B,32,32,1,32,32,1280,0.0034455,0.0008207499313354,0.00629,0.0105562499313354,0.0034455,0.4912454978027344,65140.54610806833,1.4496750810376091,420.744472801512,1.0
Llama2-7B,32,32,1,32,32,1408,0.0034455,0.0008207499313354,0.00673,0.0109962499313354,0.0034455,0.5053254978027344,63325.52016302955,1.4503237650285223,420.9327427161581,1.0
Llama2-7B,32,32,1,32,32,1536,0.0034455,0.0008207499313354,0.00717,0.0114362499313354,0.0034455,0.5194054978027344,61608.89735547874,1.4509724490194356,421.1210126308041,1.0
Llama2-7B,32,32,1,32,32,1664,0.0034455,0.0008207499313354,0.00761,0.0118762499313354,0.0034455,0.5334854978027344,59982.886379851625,1.4516211330103486,421.30928254545023,1.0
Llama2-7B,32,32,1,32,32,1792,0.0034455,0.0008207499313354,0.00805,0.0123162499313354,0.0034455,0.5475654978027344,58440.49730746238,1.4522698170012611,421.4975524600962,1.0
Llama2-7B,32,32,1,32,32,1920,0.0034455,0.0008207499313354,0.00849,0.0127562499313354,0.0034455,0.5616454978027344,56975.44113714109,1.4529185009921743,421.6858223747423,1.0
Llama2-7B,32,32,1,32,32,2048,0.0034455,0.0008207499313354,0.00893,0.0131962499313354,0.0034455,0.5757254978027344,55582.044085468704,1.4535671849830876,421.8740922893884,1.0
Llama2-7B,32,32,1,32,32,2176,0.0034455,0.0008207499313354,0.00937,0.0136362499313354,0.0034455,0.5898054978027344,54255.17415353541,1.4542158689740003,422.0623622040344,1.0
Llama2-7B,32,32,1,32,32,2304,0.0034455,0.0008207499313354,0.00981,0.0140762499313354,0.0034455,0.6038854978027344,52990.17796657395,1.4548645529649136,422.25063211868047,1.0
Llama2-7B,32,32,1,32,32,2432,0.0034455,0.0008207499313354,0.0102499999999999,0.0145162499313354,0.0034455,0.6179654978027344,51782.8262480359,1.4555132369558264,422.4389020333266,1.0
Llama2-7B,32,32,1,32,32,2560,0.0034455,0.0008207499313354,0.0106899999999999,0.0149562499313354,0.0034455,0.6320454978027343,50629.26658167165,1.4561619209467396,422.6271719479726,1.0
Llama2-7B,32,32,1,32,32,2688,0.0034455,0.0008207499313354,0.01113,0.0153962499313354,0.0034455,0.6461254978027344,49525.9823499022,1.4568106049376526,422.81544186261874,1.0
Llama2-7B,32,32,1,32,32,2816,0.0034455,0.0008207499313354,0.01157,0.0158362499313354,0.0034455,0.6602054978027344,48469.75692644325,1.4574592889285654,423.0037117772648,1.0
Llama2-7B,32,32,1,32,32,2944,0.0034455,0.0008207499313354,0.01201,0.0162762499313354,0.0034455,0.6742854978027344,47457.642355170094,1.4581079729194786,423.1919816919108,1.0
Llama2-7B,32,32,1,32,32,3072,0.0034455,0.0008207499313354,0.01245,0.0167162499313354,0.0034455,0.6883654978027344,46486.93187288459,1.4587566569103918,423.3802516065569,1.0
Llama2-7B,32,32,1,32,32,3200,0.0034455,0.0008207499313354,0.0128899999999999,0.0171562499313354,0.0034455,0.7024454978027344,45555.13573664681,1.4594053409013046,423.56852152120297,1.0
Llama2-7B,32,32,1,32,32,3328,0.0034455,0.0008207499313354,0.0133299999999999,0.0175962499313354,0.0034455,0.7165254978027343,44659.95990111977,1.4600540248922178,423.756791435849,1.0
Llama2-7B,32,32,1,32,32,3456,0.0034455,0.0008207499313354,0.01377,0.0180362499313354,0.0034455,0.7306054978027344,43799.28716145535,1.4607027088831306,423.9450613504952,1.0
Llama2-7B,32,32,1,32,32,3584,0.0034455,0.0008207499313354,0.01421,0.0184762499313354,0.0034455,0.7446854978027344,42971.16043540401,1.461351392874044,424.1333312651411,1.0
Llama2-7B,32,32,1,32,32,3712,0.0034455,0.0008207499313354,0.01465,0.0189162499313354,0.0034455,0.7587654978027344,42173.76790677353,1.4620000768649568,424.3216011797873,1.0
Llama2-7B,32,32,1,32,32,3840,0.0034455,0.0008207499313354,0.01509,0.0193562499313354,0.0034455,0.7728454978027344,41405.42979286122,1.4626487608558696,424.50987109443327,1.0
Llama2-7B,32,32,1,32,32,3968,0.0034455,0.0008207499313354,0.0155299999999999,0.0197962499313354,0.0034455,0.7869254978027344,40664.586532461966,1.4632974448467828,424.6981410090794,1.0
Llama2-7B,32,32,1,32,32,4096,0.0034455,0.0008207499313354,0.0159699999999999,0.0202362499313354,0.0034455,0.8010054978027343,39949.78821965679,1.4639461288376956,424.8864109237255,1.0
