Model,Device number,Pipeline parallelism,Tensor parallelism,Channels per device,Channels per block,Sequence length,PIM latency,CXL latency,Acc latency,TransformerBlock latency,Embedding latency,Token latency (ms),Throughput (tokens/s),Token energy (mJ),Total power (W),Device utilization
Llama2-13B,20,1,20,32,32,128,0.002434,0.0094062218148367,0.00290525,0.0147454718148367,0.002434,0.7422528725934711,1347.2497539901017,19.464989401847465,199.92799303458784,1.0
Llama2-13B,20,1,20,32,32,256,0.002434,0.0094062218148367,0.00345525,0.0152954718148367,0.002434,0.7642528725934711,1308.4674403728802,19.485260776563493,200.1362035390664,1.0
Llama2-13B,20,1,20,32,32,384,0.002434,0.0094062218148367,0.00400525,0.0158454718148367,0.002434,0.7862528725934711,1271.8554486185592,19.505532151279528,200.34441404354496,1.0
Llama2-13B,20,1,20,32,32,512,0.002434,0.0094062218148367,0.00455525,0.0163954718148367,0.002434,0.8082528725934711,1237.2365554251144,19.52580352599556,200.55262454802352,1.0
Llama2-13B,20,1,20,32,32,640,0.002434,0.0094062218148367,0.00510525,0.0169454718148367,0.002434,0.8302528725934711,1204.4523217080691,19.54607490071159,200.76083505250207,1.0
Llama2-13B,20,1,20,32,32,768,0.002434,0.0094062218148367,0.00565525,0.0174954718148367,0.002434,0.8522528725934712,1173.3606681276683,19.56634627542762,200.9690455569806,1.0
Llama2-13B,20,1,20,32,32,896,0.002434,0.0094062218148367,0.00620525,0.0180454718148367,0.002434,0.8742528725934711,1143.8338166776623,19.58661765014365,201.1772560614592,1.0
Llama2-13B,20,1,20,32,32,1024,0.002434,0.0094062218148367,0.00675525,0.0185954718148367,0.002434,0.8962528725934712,1115.756535436609,19.60688902485969,201.38546656593772,1.0
Llama2-13B,20,1,20,32,32,1152,0.002434,0.0094062218148367,0.00730525,0.0191454718148367,0.002434,0.9182528725934712,1089.024635638379,19.62716039957572,201.59367707041625,1.0
Llama2-13B,20,1,20,32,32,1280,0.002434,0.0094062218148367,0.00785525,0.0196954718148367,0.002434,0.9402528725934712,1063.5436797355696,19.64743177429175,201.80188757489483,1.0
Llama2-13B,20,1,20,32,32,1408,0.002434,0.0094062218148367,0.00840525,0.0202454718148367,0.002434,0.962252872593471,1039.2278666882985,19.66770314900778,202.01009807937336,1.0
Llama2-13B,20,1,20,32,32,1536,0.002434,0.0094062218148367,0.00895525,0.0207954718148367,0.002434,0.9842528725934712,1015.999066749011,19.687974523723817,202.21830858385192,1.0
Llama2-13B,20,1,20,32,32,1664,0.002434,0.0094062218148367,0.00950525,0.0213454718148367,0.002434,1.006252872593471,993.7859828639744,19.708245898439845,202.4265190883305,1.0
Llama2-13B,20,1,20,32,32,1792,0.002434,0.0094062218148367,0.01005525,0.0218954718148367,0.002434,1.028252872593471,972.523419728251,19.72851727315588,202.63472959280904,1.0
Llama2-13B,20,1,20,32,32,1920,0.002434,0.0094062218148367,0.0106052499999999,0.0224454718148367,0.002434,1.050252872593471,952.1516447087856,19.748788647871905,202.8429400972876,1.0
Llama2-13B,20,1,20,32,32,2048,0.002434,0.0094062218148367,0.01115525,0.0229954718148367,0.002434,1.072252872593471,932.615827441234,19.769060022587944,203.05115060176607,1.0
Llama2-13B,20,1,20,32,32,2176,0.002434,0.0094062218148367,0.0117052499999999,0.0235454718148367,0.002434,1.0942528725934708,913.8655470283724,19.78933139730397,203.2593611062447,1.0
Llama2-13B,20,1,20,32,32,2304,0.002434,0.0094062218148367,0.01225525,0.0240954718148367,0.002434,1.116252872593471,895.8543575136588,19.809602772020003,203.46757161072327,1.0
Llama2-13B,20,1,20,32,32,2432,0.002434,0.0094062218148367,0.0128052499999999,0.0246454718148367,0.002434,1.138252872593471,878.5394037456136,19.82987414673604,203.6757821152018,1.0
Llama2-13B,20,1,20,32,32,2560,0.002434,0.0094062218148367,0.01335525,0.0251954718148367,0.002434,1.160252872593471,861.8810809446534,19.85014552145207,203.8839926196804,1.0
Llama2-13B,20,1,20,32,32,2688,0.002434,0.0094062218148367,0.01390525,0.0257454718148367,0.002434,1.182252872593471,845.8427322797123,19.870416896168106,204.0922031241589,1.0
Llama2-13B,20,1,20,32,32,2816,0.002434,0.0094062218148367,0.01445525,0.0262954718148367,0.002434,1.204252872593471,830.3903795939525,19.89068827088413,204.30041362863747,1.0
Llama2-13B,20,1,20,32,32,2944,0.002434,0.0094062218148367,0.01500525,0.0268454718148367,0.002434,1.226252872593471,815.4924831165075,19.910959645600165,204.508624133116,1.0
Llama2-13B,20,1,20,32,32,3072,0.002434,0.0094062218148367,0.01555525,0.0273954718148367,0.002434,1.2482528725934712,801.1197265841809,19.9312310203162,204.7168346375946,1.0
Llama2-13B,20,1,20,32,32,3200,0.002434,0.0094062218148367,0.01610525,0.0279454718148367,0.002434,1.270252872593471,787.2448246925067,19.95150239503223,204.92504514207317,1.0
Llama2-13B,20,1,20,32,32,3328,0.002434,0.0094062218148367,0.01665525,0.0284954718148367,0.002434,1.292252872593471,773.842350215142,19.97177376974826,205.1332556465517,1.0
Llama2-13B,20,1,20,32,32,3456,0.002434,0.0094062218148367,0.01720525,0.0290454718148367,0.002434,1.314252872593471,760.888578486922,19.99204514446429,205.34146615103023,1.0
Llama2-13B,20,1,20,32,32,3584,0.002434,0.0094062218148367,0.01775525,0.0295954718148367,0.002434,1.3362528725934713,748.3613472494517,20.012316519180324,205.5496766555088,1.0
Llama2-13B,20,1,20,32,32,3712,0.002434,0.0094062218148367,0.01830525,0.0301454718148367,0.002434,1.358252872593471,736.2399301174185,20.03258789389636,205.75788715998732,1.0
Llama2-13B,20,1,20,32,32,3840,0.002434,0.0094062218148367,0.01885525,0.0306954718148367,0.002434,1.380252872593471,724.504922145909,20.052859268612394,205.9660976644659,1.0
Llama2-13B,20,1,20,32,32,3968,0.002434,0.0094062218148367,0.01940525,0.0312454718148367,0.002434,1.402252872593471,713.1381361697601,20.073130643328422,206.1743081689445,1.0
Llama2-13B,20,1,20,32,32,4096,0.002434,0.0094062218148367,0.01995525,0.0317954718148367,0.002434,1.4242528725934709,702.1225087501953,20.09340201804445,206.382518673423,1.0
Llama2-13B,20,2,10,32,32,128,0.002434,0.0091337434387207,0.00290525,0.0144729934387207,0.002434,0.7313537375488282,2734.6547878501437,9.732494700923732,199.92799303458784,1.0
Llama2-13B,20,2,10,32,32,256,0.002434,0.0091337434387207,0.00345525,0.0150229934387207,0.002434,0.7533537375488282,2654.7953508631413,9.742630388281746,200.1362035390664,1.0
Llama2-13B,20,2,10,32,32,384,0.002434,0.0091337434387207,0.00400525,0.0155729934387207,0.002434,0.7753537375488282,2579.467800494157,9.752766075639764,200.34441404354496,1.0
Llama2-13B,20,2,10,32,32,512,0.002434,0.0091337434387207,0.00455525,0.0161229934387207,0.002434,0.7973537375488281,2508.297015259836,9.76290176299778,200.55262454802352,1.0
Llama2-13B,20,2,10,32,32,640,0.002434,0.0091337434387207,0.00510525,0.0166729934387207,0.002434,0.8193537375488281,2440.9481623690194,9.773037450355796,200.76083505250207,1.0
Llama2-13B,20,2,10,32,32,768,0.002434,0.0091337434387207,0.00565525,0.0172229934387207,0.002434,0.8413537375488281,2377.121430311504,9.78317313771381,200.9690455569806,1.0
Llama2-13B,20,2,10,32,32,896,0.002434,0.0091337434387207,0.00620525,0.0177729934387207,0.002434,0.8633537375488282,2316.54756679256,9.793308825071827,201.1772560614592,1.0
Llama2-13B,20,2,10,32,32,1024,0.002434,0.0091337434387207,0.00675525,0.0183229934387207,0.002434,0.8853537375488282,2258.984081929962,9.803444512429843,201.38546656593772,1.0
Llama2-13B,20,2,10,32,32,1152,0.002434,0.0091337434387207,0.00730525,0.0188729934387207,0.002434,0.9073537375488282,2204.2120038022904,9.81358019978786,201.59367707041625,1.0
Llama2-13B,20,2,10,32,32,1280,0.002434,0.0091337434387207,0.00785525,0.0194229934387207,0.002434,0.9293537375488282,2152.033094820281,9.823715887145877,201.80188757489483,1.0
Llama2-13B,20,2,10,32,32,1408,0.002434,0.0091337434387207,0.00840525,0.0199729934387207,0.002434,0.951353737548828,2102.2674543256844,9.83385157450389,202.01009807937336,1.0
Llama2-13B,20,2,10,32,32,1536,0.002434,0.0091337434387207,0.00895525,0.0205229934387207,0.002434,0.973353737548828,2054.7514463103093,9.843987261861908,202.21830858385192,1.0
Llama2-13B,20,2,10,32,32,1664,0.002434,0.0091337434387207,0.00950525,0.0210729934387207,0.002434,0.9953537375488284,2009.3359019530355,9.854122949219922,202.4265190883305,1.0
Llama2-13B,20,2,10,32,32,1792,0.002434,0.0091337434387207,0.01005525,0.0216229934387207,0.002434,1.0173537375488282,1965.884555374732,9.864258636577938,202.63472959280904,1.0
Llama2-13B,20,2,10,32,32,1920,0.002434,0.0091337434387207,0.0106052499999999,0.0221729934387207,0.002434,1.039353737548828,1924.2726780554265,9.874394323935952,202.8429400972876,1.0
Llama2-13B,20,2,10,32,32,2048,0.002434,0.0091337434387207,0.01115525,0.0227229934387207,0.002434,1.061353737548828,1884.3858830882848,9.884530011293972,203.05115060176607,1.0
Llama2-13B,20,2,10,32,32,2176,0.002434,0.0091337434387207,0.0117052499999999,0.0232729934387207,0.002434,1.083353737548828,1846.119075127904,9.894665698651988,203.2593611062447,1.0
Llama2-13B,20,2,10,32,32,2304,0.002434,0.0091337434387207,0.01225525,0.0238229934387207,0.002434,1.105353737548828,1809.3755257344956,9.904801386010002,203.46757161072327,1.0
Llama2-13B,20,2,10,32,32,2432,0.002434,0.0091337434387207,0.0128052499999999,0.0243729934387207,0.002434,1.127353737548828,1774.0660569845104,9.91493707336802,203.6757821152018,1.0
Llama2-13B,20,2,10,32,32,2560,0.002434,0.0091337434387207,0.01335525,0.0249229934387207,0.002434,1.149353737548828,1740.1083188412513,9.925072760726035,203.8839926196804,1.0
Llama2-13B,20,2,10,32,32,2688,0.002434,0.0091337434387207,0.01390525,0.0254729934387207,0.002434,1.171353737548828,1707.4261479586814,9.935208448084053,204.0922031241589,1.0
Llama2-13B,20,2,10,32,32,2816,0.002434,0.0091337434387207,0.01445525,0.0260229934387207,0.002434,1.193353737548828,1675.9489974096357,9.945344135442063,204.30041362863747,1.0
Llama2-13B,20,2,10,32,32,2944,0.002434,0.0091337434387207,0.01500525,0.0265729934387207,0.002434,1.215353737548828,1645.6114283514496,9.955479822800084,204.508624133116,1.0
Llama2-13B,20,2,10,32,32,3072,0.002434,0.0091337434387207,0.01555525,0.0271229934387207,0.002434,1.2373537375488282,1616.3526559203335,9.9656155101581,204.7168346375946,1.0
Llama2-13B,20,2,10,32,32,3200,0.002434,0.0091337434387207,0.01610525,0.0276729934387207,0.002434,1.2593537375488282,1588.1161427231284,9.975751197516114,204.92504514207317,1.0
Llama2-13B,20,2,10,32,32,3328,0.002434,0.0091337434387207,0.01665525,0.0282229934387207,0.002434,1.281353737548828,1560.8492342059344,9.98588688487413,205.1332556465517,1.0
Llama2-13B,20,2,10,32,32,3456,0.002434,0.0091337434387207,0.01720525,0.0287729934387207,0.002434,1.303353737548828,1534.5028309515806,9.996022572232146,205.34146615103023,1.0
Llama2-13B,20,2,10,32,32,3584,0.002434,0.0091337434387207,0.01775525,0.0293229934387207,0.002434,1.325353737548828,1509.031093614973,10.006158259590162,205.5496766555088,1.0
Llama2-13B,20,2,10,32,32,3712,0.002434,0.0091337434387207,0.01830525,0.0298729934387207,0.002434,1.3473537375488285,1484.3911767658713,10.01629394694818,205.75788715998732,1.0
Llama2-13B,20,2,10,32,32,3840,0.002434,0.0091337434387207,0.01885525,0.0304229934387207,0.002434,1.3693537375488285,1460.542988388115,10.026429634306195,205.9660976644659,1.0
Llama2-13B,20,2,10,32,32,3968,0.002434,0.0091337434387207,0.01940525,0.0309729934387207,0.002434,1.391353737548828,1437.44897219555,10.036565321664211,206.1743081689445,1.0
Llama2-13B,20,2,10,32,32,4096,0.002434,0.0091337434387207,0.01995525,0.0315229934387207,0.002434,1.413353737548828,1415.0739102785333,10.046701009022229,206.382518673423,1.0
Llama2-13B,20,4,5,32,32,128,0.002434,0.0085462119402204,0.00290525,0.0138854619402204,0.002434,0.707852477608817,5650.894962623179,4.866247350461866,199.92799303458784,1.0
Llama2-13B,20,4,5,32,32,256,0.002434,0.0085462119402204,0.00345525,0.0144354619402204,0.002434,0.729852477608817,5480.559596241998,4.871315194140873,200.1362035390664,1.0
Llama2-13B,20,4,5,32,32,384,0.002434,0.0085462119402204,0.00400525,0.0149854619402204,0.002434,0.751852477608817,5320.192616404689,4.876383037819882,200.34441404354496,1.0
Llama2-13B,20,4,5,32,32,512,0.002434,0.0085462119402204,0.00455525,0.0155354619402204,0.002434,0.773852477608817,5168.943843612015,4.88145088149889,200.55262454802352,1.0
Llama2-13B,20,4,5,32,32,640,0.002434,0.0085462119402204,0.00510525,0.0160854619402204,0.002434,0.795852477608817,5026.05710548043,4.886518725177898,200.76083505250207,1.0
Llama2-13B,20,4,5,32,32,768,0.002434,0.0085462119402204,0.00565525,0.0166354619402204,0.002434,0.817852477608817,4890.857592918145,4.891586568856905,200.9690455569806,1.0
Llama2-13B,20,4,5,32,32,896,0.002434,0.0085462119402204,0.00620525,0.0171854619402204,0.002434,0.8398524776088171,4762.741203536823,4.896654412535914,201.1772560614592,1.0
Llama2-13B,20,4,5,32,32,1024,0.002434,0.0085462119402204,0.00675525,0.0177354619402204,0.002434,0.861852477608817,4641.165517209947,4.9017222562149225,201.38546656593772,1.0
Llama2-13B,20,4,5,32,32,1152,0.002434,0.0085462119402204,0.00730525,0.0182854619402204,0.002434,0.8838524776088171,4525.642119397162,4.90679009989393,201.59367707041625,1.0
Llama2-13B,20,4,5,32,32,1280,0.002434,0.0085462119402204,0.00785525,0.0188354619402204,0.002434,0.9058524776088172,4415.730043106818,4.9118579435729375,201.80188757489483,1.0
Llama2-13B,20,4,5,32,32,1408,0.002434,0.0085462119402204,0.00840525,0.0193854619402204,0.002434,0.927852477608817,4311.030143831121,4.916925787251945,202.01009807937336,1.0
Llama2-13B,20,4,5,32,32,1536,0.002434,0.0085462119402204,0.00895525,0.0199354619402204,0.002434,0.949852477608817,4211.180256190627,4.921993630930954,202.21830858385192,1.0
Llama2-13B,20,4,5,32,32,1664,0.002434,0.0085462119402204,0.00950525,0.0204854619402204,0.002434,0.9718524776088172,4115.851008418224,4.927061474609961,202.4265190883305,1.0
Llama2-13B,20,4,5,32,32,1792,0.002434,0.0085462119402204,0.01005525,0.0210354619402204,0.002434,0.993852477608817,4024.742192748661,4.932129318288969,202.63472959280904,1.0
Llama2-13B,20,4,5,32,32,1920,0.002434,0.0085462119402204,0.0106052499999999,0.0215854619402204,0.002434,1.015852477608817,3937.5796074401214,4.937197161967976,202.8429400972876,1.0
Llama2-13B,20,4,5,32,32,2048,0.002434,0.0085462119402204,0.01115525,0.0221354619402204,0.002434,1.037852477608817,3854.11230044552,4.942265005646986,203.05115060176607,1.0
Llama2-13B,20,4,5,32,32,2176,0.002434,0.0085462119402204,0.0117052499999999,0.0226854619402204,0.002434,1.059852477608817,3774.110156372506,4.947332849325994,203.2593611062447,1.0
Llama2-13B,20,4,5,32,32,2304,0.002434,0.0085462119402204,0.01225525,0.0232354619402204,0.002434,1.081852477608817,3697.361777865564,4.952400693005001,203.46757161072327,1.0
Llama2-13B,20,4,5,32,32,2432,0.002434,0.0085462119402204,0.0128052499999999,0.0237854619402204,0.002434,1.103852477608817,3623.6726203349785,4.95746853668401,203.6757821152018,1.0
Llama2-13B,20,4,5,32,32,2560,0.002434,0.0085462119402204,0.01335525,0.0243354619402204,0.002434,1.125852477608817,3552.8633453785583,4.962536380363018,203.8839926196804,1.0
Llama2-13B,20,4,5,32,32,2688,0.002434,0.0085462119402204,0.01390525,0.0248854619402204,0.002434,1.147852477608817,3484.7683635554968,4.9676042240420255,204.0922031241589,1.0
Llama2-13B,20,4,5,32,32,2816,0.002434,0.0085462119402204,0.01445525,0.0254354619402204,0.002434,1.169852477608817,3419.2345415859745,4.9726720677210325,204.30041362863747,1.0
Llama2-13B,20,4,5,32,32,2944,0.002434,0.0085462119402204,0.01500525,0.0259854619402204,0.002434,1.1918524776088169,3356.1200527309365,4.977739911400041,204.508624133116,1.0
Llama2-13B,20,4,5,32,32,3072,0.002434,0.0085462119402204,0.01555525,0.0265354619402204,0.002434,1.213852477608817,3295.2933521869554,4.982807755079049,204.7168346375946,1.0
Llama2-13B,20,4,5,32,32,3200,0.002434,0.0085462119402204,0.01610525,0.0270854619402204,0.002434,1.2358524776088171,3236.632261918008,4.987875598758057,204.92504514207317,1.0
Llama2-13B,20,4,5,32,32,3328,0.002434,0.0085462119402204,0.01665525,0.0276354619402204,0.002434,1.257852477608817,3180.0231515257,4.992943442437065,205.1332556465517,1.0
Llama2-13B,20,4,5,32,32,3456,0.002434,0.0085462119402204,0.01720525,0.0281854619402204,0.002434,1.279852477608817,3125.3602036019875,4.998011286116073,205.34146615103023,1.0
Llama2-13B,20,4,5,32,32,3584,0.002434,0.0085462119402204,0.01775525,0.0287354619402204,0.002434,1.301852477608817,3072.5447535707094,5.003079129795081,205.5496766555088,1.0
Llama2-13B,20,4,5,32,32,3712,0.002434,0.0085462119402204,0.01830525,0.0292854619402204,0.002434,1.323852477608817,3021.484695352856,5.00814697347409,205.75788715998732,1.0
Llama2-13B,20,4,5,32,32,3840,0.002434,0.0085462119402204,0.01885525,0.0298354619402204,0.002434,1.3458524776088172,2972.093945323651,5.013214817153099,205.9660976644659,1.0
Llama2-13B,20,4,5,32,32,3968,0.002434,0.0085462119402204,0.01940525,0.0303854619402204,0.002434,1.367852477608817,2924.291957998656,5.018282660832106,206.1743081689445,1.0
Llama2-13B,20,4,5,32,32,4096,0.002434,0.0085462119402204,0.01995525,0.0309354619402204,0.002434,1.389852477608817,2878.0032877171484,5.0233505045111135,206.382518673423,1.0
Llama2-13B,20,5,4,32,32,128,0.002434,0.0083929428536551,0.00290525,0.0137321928536551,0.002434,0.7017217141462054,7125.3317365040775,3.892997880369494,199.92799303458784,1.0
Llama2-13B,20,5,4,32,32,256,0.002434,0.0083929428536551,0.00345525,0.0142821928536551,0.002434,0.7237217141462055,6908.732876556895,3.897052155312701,200.1362035390664,1.0
Llama2-13B,20,5,4,32,32,384,0.002434,0.0083929428536551,0.00400525,0.0148321928536551,0.002434,0.7457217141462055,6704.914051918978,3.901106430255907,200.34441404354496,1.0
Llama2-13B,20,5,4,32,32,512,0.002434,0.0083929428536551,0.00455525,0.0153821928536551,0.002434,0.7677217141462054,6512.776580196867,3.905160705199113,200.55262454802352,1.0
Llama2-13B,20,5,4,32,32,640,0.002434,0.0083929428536551,0.00510525,0.0159321928536551,0.002434,0.7897217141462054,6331.344206997864,3.90921498014232,200.76083505250207,1.0
Llama2-13B,20,5,4,32,32,768,0.002434,0.0083929428536551,0.00565525,0.0164821928536551,0.002434,0.8117217141462053,6159.746515170114,3.913269255085526,200.9690455569806,1.0
Llama2-13B,20,5,4,32,32,896,0.002434,0.0083929428536551,0.00620525,0.0170321928536551,0.002434,0.8337217141462054,5997.204960794839,3.917323530028732,201.1772560614592,1.0
Llama2-13B,20,5,4,32,32,1024,0.002434,0.0083929428536551,0.00675525,0.0175821928536551,0.002434,0.8557217141462053,5843.021063207143,3.9213778049719386,201.38546656593772,1.0
Llama2-13B,20,5,4,32,32,1152,0.002434,0.0083929428536551,0.00730525,0.0181321928536551,0.002434,0.8777217141462055,5696.566371111939,3.9254320799151454,201.59367707041625,1.0
Llama2-13B,20,5,4,32,32,1280,0.002434,0.0083929428536551,0.00785525,0.0186821928536551,0.002434,0.8997217141462054,5557.273900791392,3.929486354858352,201.80188757489483,1.0
Llama2-13B,20,5,4,32,32,1408,0.002434,0.0083929428536551,0.00840525,0.0192321928536551,0.002434,0.9217217141462054,5424.630800448832,3.933540629801558,202.01009807937336,1.0
Llama2-13B,20,5,4,32,32,1536,0.002434,0.0083929428536551,0.00895525,0.0197821928536551,0.002434,0.9437217141462054,5298.172040603676,3.9375949047447647,202.21830858385192,1.0
Llama2-13B,20,5,4,32,32,1664,0.002434,0.0083929428536551,0.00950525,0.0203321928536551,0.002434,0.9657217141462052,5177.474966916842,3.941649179687971,202.4265190883305,1.0
Llama2-13B,20,5,4,32,32,1792,0.002434,0.0083929428536551,0.01005525,0.0208821928536551,0.002434,0.9877217141462056,5062.154580981385,3.945703454631177,202.63472959280904,1.0
Llama2-13B,20,5,4,32,32,1920,0.002434,0.0083929428536551,0.0106052499999999,0.0214321928536551,0.002434,1.0097217141462054,4951.859438051078,3.949757729574384,202.8429400972876,1.0
Llama2-13B,20,5,4,32,32,2048,0.002434,0.0083929428536551,0.01115525,0.0219821928536551,0.002434,1.0317217141462054,4846.268069619643,3.9538120045175904,203.05115060176607,1.0
Llama2-13B,20,5,4,32,32,2176,0.002434,0.0083929428536551,0.0117052499999999,0.0225321928536551,0.002434,1.0537217141462052,4745.08585414445,3.957866279460797,203.2593611062447,1.0
Llama2-13B,20,5,4,32,32,2304,0.002434,0.0083929428536551,0.01225525,0.0230821928536551,0.002434,1.0757217141462054,4648.042271758429,3.9619205544040033,203.46757161072327,1.0
Llama2-13B,20,5,4,32,32,2432,0.002434,0.0083929428536551,0.0128052499999999,0.0236321928536551,0.002434,1.0977217141462052,4554.8884891003,3.9659748293472097,203.6757821152018,1.0
Llama2-13B,20,5,4,32,32,2560,0.002434,0.0083929428536551,0.01335525,0.0241821928536551,0.002434,1.1197217141462057,4465.39522886053,3.970029104290416,203.8839926196804,1.0
Llama2-13B,20,5,4,32,32,2688,0.002434,0.0083929428536551,0.01390525,0.0247321928536551,0.002434,1.1417217141462053,4379.350885639472,3.974083379233622,204.0922031241589,1.0
Llama2-13B,20,5,4,32,32,2816,0.002434,0.0083929428536551,0.01445525,0.0252821928536551,0.002434,1.1637217141462053,4296.559855522142,3.978137654176829,204.30041362863747,1.0
Llama2-13B,20,5,4,32,32,2944,0.002434,0.0083929428536551,0.01500525,0.0258321928536551,0.002434,1.1857217141462053,4216.841051612449,3.982191929120035,204.508624133116,1.0
Llama2-13B,20,5,4,32,32,3072,0.002434,0.0083929428536551,0.01555525,0.0263821928536551,0.002434,1.207721714146205,4140.026581814614,3.986246204063242,204.7168346375946,1.0
Llama2-13B,20,5,4,32,32,3200,0.002434,0.0083929428536551,0.01610525,0.0269321928536551,0.002434,1.2297217141462051,4065.960568543344,3.990300479006448,204.92504514207317,1.0
Llama2-13B,20,5,4,32,32,3328,0.002434,0.0083929428536551,0.01665525,0.0274821928536551,0.002434,1.2517217141462054,3994.4980929011695,3.994354753949655,205.1332556465517,1.0
Llama2-13B,20,5,4,32,32,3456,0.002434,0.0083929428536551,0.01720525,0.0280321928536551,0.002434,1.2737217141462054,3925.50424827418,3.99840902889286,205.34146615103023,1.0
Llama2-13B,20,5,4,32,32,3584,0.002434,0.0083929428536551,0.01775525,0.0285821928536551,0.002434,1.2957217141462056,3858.85329034149,4.002463303836066,205.5496766555088,1.0
Llama2-13B,20,5,4,32,32,3712,0.002434,0.0083929428536551,0.01830525,0.0291321928536551,0.002434,1.3177217141462054,3794.4278722307176,4.006517578779273,205.75788715998732,1.0
Llama2-13B,20,5,4,32,32,3840,0.002434,0.0083929428536551,0.01885525,0.0296821928536551,0.002434,1.3397217141462054,3732.118355032009,4.01057185372248,205.9660976644659,1.0
Llama2-13B,20,5,4,32,32,3968,0.002434,0.0083929428536551,0.01940525,0.0302321928536551,0.002434,1.3617217141462057,3671.822185148146,4.014626128665686,206.1743081689445,1.0
Llama2-13B,20,5,4,32,32,4096,0.002434,0.0083929428536551,0.01995525,0.0307821928536551,0.002434,1.3837217141462053,3613.4433310422814,4.018680403608893,206.382518673423,1.0
Llama2-13B,20,10,2,32,32,128,0.002434,0.0074477834865025,0.00290525,0.0127870334865025,0.002434,0.6639153394601005,15062.161401681204,1.946498940184747,199.92799303458784,1.0
Llama2-13B,20,10,2,32,32,256,0.002434,0.0074477834865025,0.00345525,0.0133370334865025,0.002434,0.6859153394601004,14579.0587040541,1.9485260776563504,200.1362035390664,1.0
Llama2-13B,20,10,2,32,32,384,0.002434,0.0074477834865025,0.00400525,0.0138870334865025,0.002434,0.7079153394601004,14125.982928448211,1.9505532151279532,200.34441404354496,1.0
Llama2-13B,20,10,2,32,32,512,0.002434,0.0074477834865025,0.00455525,0.0144370334865025,0.002434,0.7299153394601005,13700.218997174032,1.9525803525995569,200.55262454802352,1.0
Llama2-13B,20,10,2,32,32,640,0.002434,0.0074477834865025,0.00510525,0.0149870334865025,0.002434,0.7519153394601005,13299.369590172644,1.95460749007116,200.76083505250207,1.0
Llama2-13B,20,10,2,32,32,768,0.002434,0.0074477834865025,0.00565525,0.0155370334865025,0.002434,0.7739153394601005,12921.309980722452,1.956634627542763,200.9690455569806,1.0
Llama2-13B,20,10,2,32,32,896,0.002434,0.0074477834865025,0.00620525,0.0160870334865025,0.002434,0.7959153394601004,12564.150361498723,1.958661765014366,201.1772560614592,1.0
Llama2-13B,20,10,2,32,32,1024,0.002434,0.0074477834865025,0.00675525,0.0166370334865025,0.002434,0.8179153394601005,12226.204250675772,1.9606889024859693,201.38546656593772,1.0
Llama2-13B,20,10,2,32,32,1152,0.002434,0.0074477834865025,0.00730525,0.0171870334865025,0.002434,0.8399153394601004,11905.961863284963,1.9627160399575727,201.59367707041625,1.0
Llama2-13B,20,10,2,32,32,1280,0.002434,0.0074477834865025,0.00785525,0.0177370334865025,0.002434,0.8619153394601006,11602.067560677073,1.964743177429176,201.80188757489483,1.0
Llama2-13B,20,10,2,32,32,1408,0.002434,0.0074477834865025,0.00840525,0.0182870334865025,0.002434,0.8839153394601005,11313.300667582083,1.966770314900779,202.01009807937336,1.0
Llama2-13B,20,10,2,32,32,1536,0.002434,0.0074477834865025,0.00895525,0.0188370334865025,0.002434,0.9059153394601004,11038.559084295575,1.9687974523723824,202.21830858385192,1.0
Llama2-13B,20,10,2,32,32,1664,0.002434,0.0074477834865025,0.00950525,0.0193870334865025,0.002434,0.9279153394601004,10776.84523010301,1.9708245898439856,202.4265190883305,1.0
Llama2-13B,20,10,2,32,32,1792,0.002434,0.0074477834865025,0.01005525,0.0199370334865025,0.002434,0.9499153394601004,10527.253940002336,1.9728517273155888,202.63472959280904,1.0
Llama2-13B,20,10,2,32,32,1920,0.002434,0.0074477834865025,0.0106052499999999,0.0204870334865025,0.002434,0.9719153394601004,10288.96200522466,1.974878864787192,202.8429400972876,1.0
Llama2-13B,20,10,2,32,32,2048,0.002434,0.0074477834865025,0.01115525,0.0210370334865025,0.002434,0.9939153394601004,10061.219102858446,1.9769060022587952,203.05115060176607,1.0
Llama2-13B,20,10,2,32,32,2176,0.002434,0.0074477834865025,0.0117052499999999,0.0215870334865025,0.002434,1.0159153394601004,9843.339904006583,1.9789331397303984,203.2593611062447,1.0
Llama2-13B,20,10,2,32,32,2304,0.002434,0.0074477834865025,0.01225525,0.0221370334865025,0.002434,1.0379153394601004,9634.697185612238,1.9809602772020016,203.46757161072327,1.0
Llama2-13B,20,10,2,32,32,2432,0.002434,0.0074477834865025,0.0128052499999999,0.0226870334865025,0.002434,1.0599153394601002,9434.715800125889,1.9829874146736048,203.6757821152018,1.0
Llama2-13B,20,10,2,32,32,2560,0.002434,0.0074477834865025,0.01335525,0.0232370334865025,0.002434,1.0819153394601004,9242.867380908214,1.985014552145208,203.8839926196804,1.0
Llama2-13B,20,10,2,32,32,2688,0.002434,0.0074477834865025,0.01390525,0.0237870334865025,0.002434,1.1039153394601005,9058.66568073125,1.987041689616811,204.0922031241589,1.0
Llama2-13B,20,10,2,32,32,2816,0.002434,0.0074477834865025,0.01445525,0.0243370334865025,0.002434,1.1259153394601005,8881.662456784012,1.9890688270884145,204.30041362863747,1.0
Llama2-13B,20,10,2,32,32,2944,0.002434,0.0074477834865025,0.01500525,0.0248870334865025,0.002434,1.1479153394601005,8711.44382886573,1.9910959645600173,204.508624133116,1.0
Llama2-13B,20,10,2,32,32,3072,0.002434,0.0074477834865025,0.01555525,0.0254370334865025,0.002434,1.1699153394601003,8547.627048479304,1.993123102031621,204.7168346375946,1.0
Llama2-13B,20,10,2,32,32,3200,0.002434,0.0074477834865025,0.01610525,0.0259870334865025,0.002434,1.1919153394601003,8389.85762573513,1.995150239503224,204.92504514207317,1.0
Llama2-13B,20,10,2,32,32,3328,0.002434,0.0074477834865025,0.01665525,0.0265370334865025,0.002434,1.2139153394601003,8237.806768672674,1.9971773769748276,205.1332556465517,1.0
Llama2-13B,20,10,2,32,32,3456,0.002434,0.0074477834865025,0.01720525,0.0270870334865025,0.002434,1.2359153394601003,8091.169096071272,1.99920451444643,205.34146615103023,1.0
Llama2-13B,20,10,2,32,32,3584,0.002434,0.0074477834865025,0.01775525,0.0276370334865025,0.002434,1.2579153394601006,7949.660590268354,2.001231651918033,205.5496766555088,1.0
Llama2-13B,20,10,2,32,32,3712,0.002434,0.0074477834865025,0.01830525,0.0281870334865025,0.002434,1.2799153394601004,7813.016761107219,2.0032587893896365,205.75788715998732,1.0
Llama2-13B,20,10,2,32,32,3840,0.002434,0.0074477834865025,0.01885525,0.0287370334865025,0.002434,1.3019153394601006,7680.990996040466,2.00528592686124,205.9660976644659,1.0
Llama2-13B,20,10,2,32,32,3968,0.002434,0.0074477834865025,0.01940525,0.0292870334865025,0.002434,1.3239153394601004,7553.353074735165,2.007313064332843,206.1743081689445,1.0
Llama2-13B,20,10,2,32,32,4096,0.002434,0.0074477834865025,0.01995525,0.0298370334865025,0.002434,1.3459153394601004,7429.887829357375,2.0093402018044464,206.382518673423,1.0
Llama2-13B,20,20,1,32,32,128,0.002434,0.0056851889910016,0.00290525,0.0110244389910016,0.002434,0.593411559640067,33703.42163899027,0.9732494700923736,199.92799303458784,1.0
Llama2-13B,20,20,1,32,32,256,0.002434,0.0056851889910016,0.00345525,0.0115744389910016,0.002434,0.615411559640067,32498.577068811173,0.9742630388281752,200.1362035390664,1.0
Llama2-13B,20,20,1,32,32,384,0.002434,0.0056851889910016,0.00400525,0.0121244389910016,0.002434,0.6374115596400669,31376.90193647192,0.9752766075639768,200.34441404354496,1.0
Llama2-13B,20,20,1,32,32,512,0.002434,0.0056851889910016,0.00455525,0.0126744389910016,0.002434,0.659411559640067,30330.07187638141,0.9762901762997784,200.55262454802352,1.0
Llama2-13B,20,20,1,32,32,640,0.002434,0.0056851889910016,0.00510525,0.0132244389910016,0.002434,0.681411559640067,29350.837562198583,0.97730374503558,200.76083505250207,1.0
Llama2-13B,20,20,1,32,32,768,0.002434,0.0056851889910016,0.00565525,0.0137744389910016,0.002434,0.703411559640067,28432.85659142981,0.9783173137713816,200.9690455569806,1.0
Llama2-13B,20,20,1,32,32,896,0.002434,0.0056851889910016,0.00620525,0.0143244389910016,0.002434,0.7254115596400671,27570.55596125812,0.979330882507183,201.1772560614592,1.0
Llama2-13B,20,20,1,32,32,1024,0.002434,0.0056851889910016,0.00675525,0.0148744389910016,0.002434,0.747411559640067,26759.018832450827,0.9803444512429846,201.38546656593772,1.0
Llama2-13B,20,20,1,32,32,1152,0.002434,0.0056851889910016,0.00730525,0.0154244389910016,0.002434,0.7694115596400671,25993.89072001473,0.9813580199787864,201.59367707041625,1.0
Llama2-13B,20,20,1,32,32,1280,0.002434,0.0056851889910016,0.00785525,0.0159744389910016,0.002434,0.7914115596400672,25271.301330367187,0.982371588714588,201.80188757489483,1.0
Llama2-13B,20,20,1,32,32,1408,0.002434,0.0056851889910016,0.00840525,0.0165244389910016,0.002434,0.813411559640067,24587.79908272998,0.9833851574503896,202.01009807937336,1.0
Llama2-13B,20,20,1,32,32,1536,0.002434,0.0056851889910016,0.00895525,0.0170744389910016,0.002434,0.835411559640067,23940.295976532696,0.9843987261861912,202.21830858385192,1.0
Llama2-13B,20,20,1,32,32,1664,0.002434,0.0056851889910016,0.00950525,0.0176244389910016,0.002434,0.8574115596400671,23326.0209465753,0.9854122949219928,202.4265190883305,1.0
Llama2-13B,20,20,1,32,32,1792,0.002434,0.0056851889910016,0.01005525,0.0181744389910016,0.002434,0.879411559640067,22742.480219597943,0.9864258636577944,202.63472959280904,1.0
Llama2-13B,20,20,1,32,32,1920,0.002434,0.0056851889910016,0.0106052499999999,0.0187244389910016,0.002434,0.901411559640067,22187.4234761156,0.987439432393596,202.8429400972876,1.0
Llama2-13B,20,20,1,32,32,2048,0.002434,0.0056851889910016,0.01115525,0.0192744389910016,0.002434,0.923411559640067,21658.814849356797,0.9884530011293976,203.05115060176607,1.0
Llama2-13B,20,20,1,32,32,2176,0.002434,0.0056851889910016,0.0117052499999999,0.0198244389910016,0.002434,0.945411559640067,21154.80797338073,0.9894665698651992,203.2593611062447,1.0
Llama2-13B,20,20,1,32,32,2304,0.002434,0.0056851889910016,0.01225525,0.0203744389910016,0.002434,0.9674115596400672,20673.72443579355,0.9904801386010008,203.46757161072327,1.0
Llama2-13B,20,20,1,32,32,2432,0.002434,0.0056851889910016,0.0128052499999999,0.0209244389910016,0.002434,0.989411559640067,20214.035105144416,0.9914937073368024,203.6757821152018,1.0
Llama2-13B,20,20,1,32,32,2560,0.002434,0.0056851889910016,0.01335525,0.0214744389910016,0.002434,1.011411559640067,19774.34389529564,0.992507276072604,203.8839926196804,1.0
Llama2-13B,20,20,1,32,32,2688,0.002434,0.0056851889910016,0.01390525,0.0220244389910016,0.002434,1.033411559640067,19353.3736036066,0.9935208448084056,204.0922031241589,1.0
Llama2-13B,20,20,1,32,32,2816,0.002434,0.0056851889910016,0.01445525,0.0225744389910016,0.002434,1.055411559640067,18949.953520331645,0.9945344135442072,204.30041362863747,1.0
Llama2-13B,20,20,1,32,32,2944,0.002434,0.0056851889910016,0.01500525,0.0231244389910016,0.002434,1.0774115596400669,18563.00855606324,0.9955479822800088,204.508624133116,1.0
Llama2-13B,20,20,1,32,32,3072,0.002434,0.0056851889910016,0.01555525,0.0236744389910016,0.002434,1.099411559640067,18191.549674580223,0.9965615510158105,204.7168346375946,1.0
Llama2-13B,20,20,1,32,32,3200,0.002434,0.0056851889910016,0.01610525,0.0242244389910016,0.002434,1.1214115596400671,17834.66545183401,0.997575119751612,204.92504514207317,1.0
Llama2-13B,20,20,1,32,32,3328,0.002434,0.0056851889910016,0.01665525,0.0247744389910016,0.002434,1.143411559640067,17491.514609399062,0.9985886884874136,205.1332556465517,1.0
Llama2-13B,20,20,1,32,32,3456,0.002434,0.0056851889910016,0.01720525,0.0253244389910016,0.002434,1.165411559640067,17161.31939361999,0.999602257223215,205.34146615103023,1.0
Llama2-13B,20,20,1,32,32,3584,0.002434,0.0056851889910016,0.01775525,0.0258744389910016,0.002434,1.187411559640067,16843.3596907735,1.0006158259590163,205.5496766555088,1.0
Llama2-13B,20,20,1,32,32,3712,0.002434,0.0056851889910016,0.01830525,0.0264244389910016,0.002434,1.209411559640067,16536.967784525063,1.0016293946948185,205.75788715998732,1.0
Llama2-13B,20,20,1,32,32,3840,0.002434,0.0056851889910016,0.01885525,0.0269744389910016,0.002434,1.2314115596400672,16241.523675355018,1.00264296343062,205.9660976644659,1.0
Llama2-13B,20,20,1,32,32,3968,0.002434,0.0056851889910016,0.01940525,0.0275244389910016,0.002434,1.253411559640067,15956.450892908037,1.0036565321664217,206.1743081689445,1.0
Llama2-13B,20,20,1,32,32,4096,0.002434,0.0056851889910016,0.01995525,0.0280744389910016,0.002434,1.275411559640067,15681.212741747602,1.0046701009022232,206.382518673423,1.0
Llama2-13B,20,40,1,32,16,128,0.0037925,0.0006398072596958,0.0058105,0.0102428072596958,0.0037925,0.5635047903878347,70984.31225841012,0.6401324042537644,168.78903210382717,1.0
Llama2-13B,20,40,1,32,16,256,0.0037925,0.0006398072596958,0.0069105,0.0113428072596958,0.0037925,0.6075047903878348,65843.10219918391,0.640639188621665,168.9226601507357,1.0
Llama2-13B,20,40,1,32,16,384,0.0037925,0.0006398072596958,0.0080105,0.0124428072596958,0.0037925,0.6515047903878348,61396.32523068383,0.641145972989566,169.0562881976443,1.0
Llama2-13B,20,40,1,32,16,512,0.0037925,0.0006398072596958,0.0091105,0.0135428072596958,0.0037925,0.6955047903878349,57512.1847510134,0.6416527573574667,169.1899162445529,1.0
Llama2-13B,20,40,1,32,16,640,0.0037925,0.0006398072596958,0.0102105,0.0146428072596958,0.0037925,0.7395047903878349,54090.25136811069,0.6421595417253675,169.32354429146147,1.0
Llama2-13B,20,40,1,32,16,768,0.0037925,0.0006398072596958,0.0113105,0.0157428072596958,0.0037925,0.7835047903878348,51052.65531331341,0.6426663260932683,169.45717233837004,1.0
Llama2-13B,20,40,1,32,16,896,0.0037925,0.0006398072596958,0.0124105,0.0168428072596958,0.0037925,0.8275047903878348,48338.08875142923,0.6431731104611692,169.59080038527864,1.0
Llama2-13B,20,40,1,32,16,1024,0.0037925,0.0006398072596958,0.0135105,0.0179428072596958,0.0037925,0.8715047903878348,45897.62493697746,0.6436798948290698,169.7244284321872,1.0
Llama2-13B,20,40,1,32,16,1152,0.0037925,0.0006398072596958,0.0146105,0.0190428072596958,0.0037925,0.9155047903878348,43691.74298154663,0.6441866791969707,169.8580564790958,1.0
Llama2-13B,20,40,1,32,16,1280,0.0037925,0.0006398072596958,0.0157105,0.0201428072596958,0.0037925,0.959504790387835,41688.17123240403,0.6446934635648716,169.9916845260044,1.0
Llama2-13B,20,40,1,32,16,1408,0.0037925,0.0006398072596958,0.0168105,0.0212428072596958,0.0037925,1.003504790387835,39860.29801067595,0.6452002479327723,170.12531257291295,1.0
Llama2-13B,20,40,1,32,16,1536,0.0037925,0.0006398072596958,0.0179105,0.0223428072596958,0.0037925,1.0475047903878347,38185.98288719056,0.6457070323006732,170.25894061982154,1.0
Llama2-13B,20,40,1,32,16,1664,0.0037925,0.0006398072596958,0.0190105,0.0234428072596958,0.0037925,1.0915047903878348,36646.65547256752,0.6462138166685738,170.39256866673014,1.0
Llama2-13B,20,40,1,32,16,1792,0.0037925,0.0006398072596958,0.0201105,0.0245428072596958,0.0037925,1.1355047903878348,35226.62373475139,0.6467206010364747,170.52619671363874,1.0
Llama2-13B,20,40,1,32,16,1920,0.0037925,0.0006398072596958,0.0212104999999999,0.0256428072596958,0.0037925,1.1795047903878346,33912.53713081364,0.6472273854043755,170.65982476054728,1.0
Llama2-13B,20,40,1,32,16,2048,0.0037925,0.0006398072596958,0.0223105,0.0267428072596958,0.0037925,1.2235047903878349,32692.965580723663,0.6477341697722763,170.79345280745588,1.0
Llama2-13B,20,40,1,32,16,2176,0.0037925,0.0006398072596958,0.0234104999999999,0.0278428072596958,0.0037925,1.2675047903878347,31558.066133825567,0.6482409541401771,170.92708085436448,1.0
Llama2-13B,20,40,1,32,16,2304,0.0037925,0.0006398072596958,0.0245105,0.0289428072596958,0.0037925,1.3115047903878347,30499.316733849904,0.6487477385080779,171.06070890127305,1.0
Llama2-13B,20,40,1,32,16,2432,0.0037925,0.0006398072596958,0.0256104999999999,0.0300428072596958,0.0037925,1.3555047903878348,29509.301836222407,0.6492545228759787,171.1943369481816,1.0
Llama2-13B,20,40,1,32,16,2560,0.0037925,0.0006398072596958,0.0267105,0.0311428072596958,0.0037925,1.3995047903878348,28581.538466127786,0.6497613072438795,171.3279649950902,1.0
Llama2-13B,20,40,1,32,16,2688,0.0037925,0.0006398072596958,0.0278105,0.0322428072596958,0.0037925,1.4435047903878346,27710.33408850204,0.6502680916117802,171.46159304199878,1.0
Llama2-13B,20,40,1,32,16,2816,0.0037925,0.0006398072596958,0.0289105,0.0333428072596958,0.0037925,1.487504790387835,26890.66970303393,0.6507748759796811,171.59522108890738,1.0
Llama2-13B,20,40,1,32,16,2944,0.0037925,0.0006398072596958,0.0300105,0.0344428072596958,0.0037925,1.5315047903878347,26118.10309118948,0.6512816603475818,171.72884913581595,1.0
Llama2-13B,20,40,1,32,16,3072,0.0037925,0.0006398072596958,0.0311105,0.0355428072596958,0.0037925,1.575504790387835,25388.68827568171,0.6517884447154828,171.86247718272455,1.0
Llama2-13B,20,40,1,32,16,3200,0.0037925,0.0006398072596958,0.0322105,0.0366428072596958,0.0037925,1.619504790387835,24698.90810907753,0.6522952290833834,171.9961052296331,1.0
Llama2-13B,20,40,1,32,16,3328,0.0037925,0.0006398072596958,0.0333105,0.0377428072596958,0.0037925,1.6635047903878348,24045.61756066496,0.6528020134512843,172.1297332765417,1.0
Llama2-13B,20,40,1,32,16,3456,0.0037925,0.0006398072596958,0.0344105,0.0388428072596958,0.0037925,1.707504790387835,23425.995771827133,0.6533087978191852,172.26336132345028,1.0
Llama2-13B,20,40,1,32,16,3584,0.0037925,0.0006398072596958,0.0355105,0.0399428072596958,0.0037925,1.7515047903878351,22837.505337991573,0.6538155821870858,172.39698937035885,1.0
Llama2-13B,20,40,1,32,16,3712,0.0037925,0.0006398072596958,0.0366105,0.0410428072596958,0.0037925,1.7955047903878352,22277.8575775116,0.6543223665549867,172.53061741726745,1.0
Llama2-13B,20,40,1,32,16,3840,0.0037925,0.0006398072596958,0.0377105,0.0421428072596958,0.0037925,1.8395047903878352,21744.98278504974,0.6548291509228875,172.66424546417602,1.0
Llama2-13B,20,40,1,32,16,3968,0.0037925,0.0006398072596958,0.0388105,0.0432428072596958,0.0037925,1.883504790387835,21237.00465437285,0.6553359352907883,172.79787351108462,1.0
Llama2-13B,20,40,1,32,16,4096,0.0037925,0.0006398072596958,0.0399105,0.0443428072596958,0.0037925,1.9275047903878348,20752.21820431977,0.6558427196586891,172.9315015579932,1.0
Llama2-70B,32,1,32,32,32,128,0.0023425,0.024571346435546874,0.003287,0.030200846435546873,0.0023425,2.56841021484375,389.3459051909414,58.29918859782238,311.0949231473981,1.0
Llama2-70B,32,1,32,32,32,256,0.0023425,0.024571346435546874,0.0041670000000000006,0.031080846435546875,0.0023425,2.6388102148437502,378.9586664379394,58.40297803636847,311.64876220047216,1.0
Llama2-70B,32,1,32,32,32,384,0.0023425,0.024571346435546874,0.005046999999999999,0.03196084643554688,0.0023425,2.70921021484375,369.1112614742868,58.506767474914554,312.2026012535462,1.0
Llama2-70B,32,1,32,32,32,512,0.0023425,0.024571346435546874,0.005927,0.032840846435546876,0.0023425,2.7796102148437503,359.76267271568247,58.61055691346064,312.75644030662033,1.0
Llama2-70B,32,1,32,32,32,640,0.0023425,0.024571346435546874,0.006806999999999999,0.033720846435546875,0.0023425,2.85001021484375,350.8759353884717,58.71434635200672,313.3102793596944,1.0
Llama2-70B,32,1,32,32,32,768,0.0023425,0.024571346435546874,0.007686999999999999,0.034600846435546874,0.0023425,2.92041021484375,342.41764904027457,58.8181357905528,313.86411841276845,1.0
Llama2-70B,32,1,32,32,32,896,0.0023425,0.024571346435546874,0.008567,0.03548084643554687,0.0023425,2.99081021484375,334.35755804125586,58.92192522909888,314.4179574658426,1.0
Llama2-70B,32,1,32,32,32,1024,0.0023425,0.024571346435546874,0.009446999999999999,0.03636084643554687,0.0023425,3.06121021484375,326.668189969777,59.02571466764497,314.9717965189167,1.0
Llama2-70B,32,1,32,32,32,1152,0.0023425,0.024571346435546874,0.010327,0.03724084643554687,0.0023425,3.1316102148437497,319.32454277356305,59.12950410619105,315.52563557199073,1.0
Llama2-70B,32,1,32,32,32,1280,0.0023425,0.024571346435546874,0.011207,0.038120846435546876,0.0023425,3.20201021484375,312.30381319967074,59.233293544737144,316.07947462506485,1.0
Llama2-70B,32,1,32,32,32,1408,0.0023425,0.024571346435546874,0.012087,0.039000846435546875,0.0023425,3.27241021484375,305.58516027849146,59.337082983283224,316.6333136781389,1.0
Llama2-70B,32,1,32,32,32,1536,0.0023425,0.024571346435546874,0.012967,0.039880846435546874,0.0023425,3.34281021484375,299.14949869409264,59.44087242182931,317.187152731213,1.0
Llama2-70B,32,1,32,32,32,1664,0.0023425,0.024571346435546874,0.013847,0.04076084643554687,0.0023425,3.4132102148437498,292.97931772590164,59.544661860375385,317.7409917842871,1.0
Llama2-70B,32,1,32,32,32,1792,0.0023425,0.024571346435546874,0.014727,0.04164084643554687,0.0023425,3.48361021484375,287.0585221443476,59.648451298921465,318.2948308373612,1.0
Llama2-70B,32,1,32,32,32,1920,0.0023425,0.024571346435546874,0.015607,0.04252084643554688,0.0023425,3.5540102148437502,281.37229201632005,59.75224073746755,318.8486698904353,1.0
Llama2-70B,32,1,32,32,32,2048,0.0023425,0.024571346435546874,0.016486999999999998,0.04340084643554687,0.0023425,3.6244102148437496,275.90695884933393,59.85603017601363,319.4025089435093,1.0
Llama2-70B,32,1,32,32,32,2176,0.0023425,0.024571346435546874,0.017367,0.044280846435546875,0.0023425,3.69481021484375,270.64989589520474,59.95981961455973,319.9563479965835,1.0
Llama2-70B,32,1,32,32,32,2304,0.0023425,0.024571346435546874,0.018247000000000003,0.04516084643554688,0.0023425,3.7652102148437505,265.5894207600035,60.06360905310581,320.5101870496575,1.0
Llama2-70B,32,1,32,32,32,2432,0.0023425,0.024571346435546874,0.019127,0.04604084643554687,0.0023425,3.83561021484375,260.7147087391769,60.16739849165189,321.0640261027316,1.0
Llama2-70B,32,1,32,32,32,2560,0.0023425,0.024571346435546874,0.020007,0.04692084643554688,0.0023425,3.9060102148437505,256.01571552469744,60.271187930197975,321.6178651558057,1.0
Llama2-70B,32,1,32,32,32,2688,0.0023425,0.024571346435546874,0.020887000000000003,0.04780084643554688,0.0023425,3.9764102148437503,251.48310812276046,60.37497736874405,322.17170420887976,1.0
Llama2-70B,32,1,32,32,32,2816,0.0023425,0.024571346435546874,0.021767,0.048680846435546876,0.0023425,4.046810214843751,247.10820298218766,60.47876680729014,322.7255432619539,1.0
Llama2-70B,32,1,32,32,32,2944,0.0023425,0.024571346435546874,0.022647,0.049560846435546875,0.0023425,4.11721021484375,242.88291047047022,60.58255624583623,323.27938231502793,1.0
Llama2-70B,32,1,32,32,32,3072,0.0023425,0.024571346435546874,0.023527000000000003,0.050440846435546874,0.0023425,4.18761021484375,238.79968495045625,60.68634568438232,323.83322136810204,1.0
Llama2-70B,32,1,32,32,32,3200,0.0023425,0.024571346435546874,0.024407,0.05132084643554688,0.0023425,4.258010214843751,234.85147980949483,60.7901351229284,324.3870604211761,1.0
Llama2-70B,32,1,32,32,32,3328,0.0023425,0.024571346435546874,0.025287,0.05220084643554687,0.0023425,4.328410214843751,231.03170687718622,60.89392456147448,324.9408994742502,1.0
Llama2-70B,32,1,32,32,32,3456,0.0023425,0.024571346435546874,0.026167000000000003,0.05308084643554688,0.0023425,4.398810214843751,227.3341997400815,60.997714000020565,325.49473852732433,1.0
Llama2-70B,32,1,32,32,32,3584,0.0023425,0.024571346435546874,0.027047,0.053960846435546876,0.0023425,4.46921021484375,223.75318052363338,61.10150343856665,326.04857758039833,1.0
Llama2-70B,32,1,32,32,32,3712,0.0023425,0.024571346435546874,0.027927,0.054840846435546875,0.0023425,4.5396102148437505,220.2832297650073,61.20529287711274,326.60241663347244,1.0
Llama2-70B,32,1,32,32,32,3840,0.0023425,0.024571346435546874,0.028807000000000003,0.05572084643554688,0.0023425,4.610010214843751,216.91925904634758,61.30908231565881,327.1562556865466,1.0
Llama2-70B,32,1,32,32,32,3968,0.0023425,0.024571346435546874,0.029687,0.05660084643554687,0.0023425,4.68041021484375,213.65648609785026,61.41287175420489,327.7100947396207,1.0
Llama2-70B,32,1,32,32,32,4096,0.0023425,0.024571346435546874,0.030567,0.05748084643554688,0.0023425,4.75081021484375,210.49041211445007,61.51666119275098,328.26393379269473,1.0
Llama2-70B,32,2,16,32,32,128,0.0023425,0.023975299987792967,0.003287,0.029604799987792967,0.0023425,2.5207264990234375,793.4220554172879,29.14959429891119,311.0949231473981,1.0
Llama2-70B,32,2,16,32,32,256,0.0023425,0.023975299987792967,0.0041670000000000006,0.03048479998779297,0.0023425,2.5911264990234377,771.8650558950998,29.201489018184233,311.64876220047216,1.0
Llama2-70B,32,2,16,32,32,384,0.0023425,0.023975299987792967,0.005046999999999999,0.03136479998779297,0.0023425,2.6615264990234375,751.4484641553771,29.253383737457277,312.2026012535462,1.0
Llama2-70B,32,2,16,32,32,512,0.0023425,0.023975299987792967,0.005927,0.03224479998779297,0.0023425,2.7319264990234378,732.0841174588429,29.30527845673032,312.75644030662033,1.0
Llama2-70B,32,2,16,32,32,640,0.0023425,0.023975299987792967,0.006806999999999999,0.03312479998779297,0.0023425,2.8023264990234376,713.6927123577376,29.35717317600336,313.3102793596944,1.0
Llama2-70B,32,2,16,32,32,768,0.0023425,0.023975299987792967,0.007686999999999999,0.03400479998779297,0.0023425,2.8727264990234374,696.2027191519574,29.4090678952764,313.86411841276845,1.0
Llama2-70B,32,2,16,32,32,896,0.0023425,0.023975299987792967,0.008567,0.03488479998779297,0.0023425,2.9431264990234376,679.549452143366,29.46096261454944,314.4179574658426,1.0
Llama2-70B,32,2,16,32,32,1024,0.0023425,0.023975299987792967,0.009446999999999999,0.035764799987792965,0.0023425,3.0135264990234374,663.6742702107048,29.512857333822485,314.9717965189167,1.0
Llama2-70B,32,2,16,32,32,1152,0.0023425,0.023975299987792967,0.010327,0.036644799987792964,0.0023425,3.083926499023437,648.5238868803534,29.564752053095525,315.52563557199073,1.0
Llama2-70B,32,2,16,32,32,1280,0.0023425,0.023975299987792967,0.011207,0.03752479998779297,0.0023425,3.1543264990234374,634.0497727864218,29.616646772368572,316.07947462506485,1.0
Llama2-70B,32,2,16,32,32,1408,0.0023425,0.023975299987792967,0.012087,0.03840479998779297,0.0023425,3.2247264990234377,620.2076364013108,29.668541491641612,316.6333136781389,1.0
Llama2-70B,32,2,16,32,32,1536,0.0023425,0.023975299987792967,0.012967,0.03928479998779297,0.0023425,3.2951264990234375,606.9569713310647,29.720436210914656,317.187152731213,1.0
Llama2-70B,32,2,16,32,32,1664,0.0023425,0.023975299987792967,0.013847,0.040164799987792967,0.0023425,3.3655264990234373,594.2606604287124,29.772330930187692,317.7409917842871,1.0
Llama2-70B,32,2,16,32,32,1792,0.0023425,0.023975299987792967,0.014727,0.041044799987792965,0.0023425,3.4359264990234375,582.0846285764384,29.824225649460733,318.2948308373612,1.0
Llama2-70B,32,2,16,32,32,1920,0.0023425,0.023975299987792967,0.015607,0.04192479998779297,0.0023425,3.5063264990234377,570.397537296378,29.876120368733776,318.8486698904353,1.0
Llama2-70B,32,2,16,32,32,2048,0.0023425,0.023975299987792967,0.016486999999999998,0.04280479998779296,0.0023425,3.576726499023437,559.1705154269036,29.928015088006816,319.4025089435093,1.0
Llama2-70B,32,2,16,32,32,2176,0.0023425,0.023975299987792967,0.017367,0.04368479998779297,0.0023425,3.6471264990234373,548.3769209912309,29.979909807279864,319.9563479965835,1.0
Llama2-70B,32,2,16,32,32,2304,0.0023425,0.023975299987792967,0.018247000000000003,0.044564799987792975,0.0023425,3.717526499023438,537.9921301234524,30.031804526552904,320.5101870496575,1.0
Llama2-70B,32,2,16,32,32,2432,0.0023425,0.023975299987792967,0.019127,0.045444799987792966,0.0023425,3.7879264990234374,527.9933495318926,30.083699245825944,321.0640261027316,1.0
Llama2-70B,32,2,16,32,32,2560,0.0023425,0.023975299987792967,0.020007,0.04632479998779297,0.0023425,3.858326499023438,518.3594494935071,30.135593965098987,321.6178651558057,1.0
Llama2-70B,32,2,16,32,32,2688,0.0023425,0.023975299987792967,0.020887000000000003,0.04720479998779297,0.0023425,3.928726499023438,509.07081480401837,30.187488684372024,322.17170420887976,1.0
Llama2-70B,32,2,16,32,32,2816,0.0023425,0.023975299987792967,0.021767,0.04808479998779297,0.0023425,3.9991264990234376,500.109211471152,30.23938340364507,322.7255432619539,1.0
Llama2-70B,32,2,16,32,32,2944,0.0023425,0.023975299987792967,0.022647,0.04896479998779297,0.0023425,4.069526499023437,491.45766724456496,30.291278122918115,323.27938231502793,1.0
Llama2-70B,32,2,16,32,32,3072,0.0023425,0.023975299987792967,0.023527000000000003,0.04984479998779297,0.0023425,4.139926499023438,483.10036433540006,30.34317284219116,323.83322136810204,1.0
Llama2-70B,32,2,16,32,32,3200,0.0023425,0.023975299987792967,0.024407,0.05072479998779297,0.0023425,4.210326499023439,475.02254289872496,30.3950675614642,324.3870604211761,1.0
Llama2-70B,32,2,16,32,32,3328,0.0023425,0.023975299987792967,0.025287,0.051604799987792965,0.0023425,4.280726499023438,467.21041403982707,30.44696228073724,324.9408994742502,1.0
Llama2-70B,32,2,16,32,32,3456,0.0023425,0.023975299987792967,0.026167000000000003,0.05248479998779297,0.0023425,4.351126499023438,459.65108126570846,30.498857000010283,325.49473852732433,1.0
Llama2-70B,32,2,16,32,32,3584,0.0023425,0.023975299987792967,0.027047,0.05336479998779297,0.0023425,4.421526499023438,452.3324694405271,30.550751719283326,326.04857758039833,1.0
Llama2-70B,32,2,16,32,32,3712,0.0023425,0.023975299987792967,0.027927,0.05424479998779297,0.0023425,4.491926499023438,445.24326042173834,30.60264643855637,326.60241663347244,1.0
Llama2-70B,32,2,16,32,32,3840,0.0023425,0.023975299987792967,0.028807000000000003,0.055124799987792975,0.0023425,4.562326499023438,438.37283465532295,30.654541157829406,327.1562556865466,1.0
Llama2-70B,32,2,16,32,32,3968,0.0023425,0.023975299987792967,0.029687,0.056004799987792966,0.0023425,4.632726499023438,431.7112180962103,30.706435877102447,327.7100947396207,1.0
Llama2-70B,32,2,16,32,32,4096,0.0023425,0.023975299987792967,0.030567,0.05688479998779297,0.0023425,4.703126499023438,425.2490338959163,30.75833059637549,328.26393379269473,1.0
Llama2-70B,32,4,8,32,32,128,0.0023425,0.022723602447509764,0.003287,0.028353102447509763,0.0023425,2.4205906958007812,1652.4892072580315,14.574797149455595,311.0949231473981,1.0
Llama2-70B,32,4,8,32,32,256,0.0023425,0.022723602447509764,0.0041670000000000006,0.029233102447509766,0.0023425,2.4909906958007815,1605.7868087355964,14.600744509092117,311.64876220047216,1.0
Llama2-70B,32,4,8,32,32,384,0.0023425,0.022723602447509764,0.005046999999999999,0.030113102447509765,0.0023425,2.5613906958007813,1561.6516475045048,14.626691868728638,312.2026012535462,1.0
Llama2-70B,32,4,8,32,32,512,0.0023425,0.022723602447509764,0.005927,0.030993102447509767,0.0023425,2.6317906958007815,1519.8777039459478,14.65263922836516,312.75644030662033,1.0
Llama2-70B,32,4,8,32,32,640,0.0023425,0.022723602447509764,0.006806999999999999,0.031873102447509766,0.0023425,2.7021906958007813,1480.2804281045085,14.67858658800168,313.3102793596944,1.0
Llama2-70B,32,4,8,32,32,768,0.0023425,0.022723602447509764,0.007686999999999999,0.032753102447509765,0.0023425,2.772590695800781,1442.6940139625326,14.7045339476382,313.86411841276845,1.0
Llama2-70B,32,4,8,32,32,896,0.0023425,0.022723602447509764,0.008567,0.03363310244750976,0.0023425,2.8429906958007813,1406.969078691735,14.73048130727472,314.4179574658426,1.0
Llama2-70B,32,4,8,32,32,1024,0.0023425,0.022723602447509764,0.009446999999999999,0.03451310244750976,0.0023425,2.913390695800781,1372.9706783801446,14.756428666911242,314.9717965189167,1.0
Llama2-70B,32,4,8,32,32,1152,0.0023425,0.022723602447509764,0.010327,0.03539310244750976,0.0023425,2.983790695800781,1340.5766046624433,14.782376026547762,315.52563557199073,1.0
Llama2-70B,32,4,8,32,32,1280,0.0023425,0.022723602447509764,0.011207,0.03627310244750977,0.0023425,3.054190695800781,1309.6759169293573,14.808323386184286,316.07947462506485,1.0
Llama2-70B,32,4,8,32,32,1408,0.0023425,0.022723602447509764,0.012087,0.037153102447509766,0.0023425,3.1245906958007814,1280.1676729613591,14.834270745820806,316.6333136781389,1.0
Llama2-70B,32,4,8,32,32,1536,0.0023425,0.022723602447509764,0.012967,0.038033102447509765,0.0023425,3.194990695800781,1251.9598273814233,14.860218105457328,317.187152731213,1.0
Llama2-70B,32,4,8,32,32,1664,0.0023425,0.022723602447509764,0.013847,0.03891310244750976,0.0023425,3.265390695800781,1224.9682726002466,14.886165465093846,317.7409917842871,1.0
Llama2-70B,32,4,8,32,32,1792,0.0023425,0.022723602447509764,0.014727,0.03979310244750976,0.0023425,3.3357906958007812,1199.1160012033579,14.912112824730366,318.2948308373612,1.0
Llama2-70B,32,4,8,32,32,1920,0.0023425,0.022723602447509764,0.015607,0.04067310244750977,0.0023425,3.4061906958007815,1174.3323722101873,14.938060184366888,318.8486698904353,1.0
Llama2-70B,32,4,8,32,32,2048,0.0023425,0.022723602447509764,0.016486999999999998,0.04155310244750976,0.0023425,3.476590695800781,1150.5524664814359,14.964007544003408,319.4025089435093,1.0
Llama2-70B,32,4,8,32,32,2176,0.0023425,0.022723602447509764,0.017367,0.042433102447509766,0.0023425,3.546990695800781,1127.7165188889637,14.989954903639932,319.9563479965835,1.0
Llama2-70B,32,4,8,32,32,2304,0.0023425,0.022723602447509764,0.018247000000000003,0.04331310244750977,0.0023425,3.6173906958007818,1105.7694167907732,15.015902263276452,320.5101870496575,1.0
Llama2-70B,32,4,8,32,32,2432,0.0023425,0.022723602447509764,0.019127,0.04419310244750976,0.0023425,3.687790695800781,1084.6602559507312,15.041849622912972,321.0640261027316,1.0
Llama2-70B,32,4,8,32,32,2560,0.0023425,0.022723602447509764,0.020007,0.04507310244750977,0.0023425,3.758190695800782,1064.3419463704713,15.067796982549494,321.6178651558057,1.0
Llama2-70B,32,4,8,32,32,2688,0.0023425,0.022723602447509764,0.020887000000000003,0.04595310244750977,0.0023425,3.8285906958007816,1044.7708616090044,15.093744342186012,322.17170420887976,1.0
Llama2-70B,32,4,8,32,32,2816,0.0023425,0.022723602447509764,0.021767,0.04683310244750977,0.0023425,3.8989906958007814,1025.9065260935365,15.119691701822536,322.7255432619539,1.0
Llama2-70B,32,4,8,32,32,2944,0.0023425,0.022723602447509764,0.022647,0.047713102447509766,0.0023425,3.969390695800781,1007.711335704898,15.145639061459057,323.27938231502793,1.0
Llama2-70B,32,4,8,32,32,3072,0.0023425,0.022723602447509764,0.023527000000000003,0.048593102447509764,0.0023425,4.039790695800781,990.1503075785232,15.17158642109558,323.83322136810204,1.0
Llama2-70B,32,4,8,32,32,3200,0.0023425,0.022723602447509764,0.024407,0.04947310244750977,0.0023425,4.110190695800782,973.1908556181203,15.1975337807321,324.3870604211761,1.0
Llama2-70B,32,4,8,32,32,3328,0.0023425,0.022723602447509764,0.025287,0.05035310244750976,0.0023425,4.180590695800782,956.8025886910725,15.22348114036862,324.9408994742502,1.0
Llama2-70B,32,4,8,32,32,3456,0.0023425,0.022723602447509764,0.026167000000000003,0.05123310244750977,0.0023425,4.250990695800782,940.9571288761662,15.249428500005141,325.49473852732433,1.0
Llama2-70B,32,4,8,32,32,3584,0.0023425,0.022723602447509764,0.027047,0.05211310244750977,0.0023425,4.3213906958007815,925.6279474769347,15.275375859641663,326.04857758039833,1.0
Llama2-70B,32,4,8,32,32,3712,0.0023425,0.022723602447509764,0.027927,0.052993102447509766,0.0023425,4.391790695800782,910.7902168071458,15.301323219278185,326.60241663347244,1.0
Llama2-70B,32,4,8,32,32,3840,0.0023425,0.022723602447509764,0.028807000000000003,0.05387310244750977,0.0023425,4.462190695800782,896.4206760065781,15.327270578914703,327.1562556865466,1.0
Llama2-70B,32,4,8,32,32,3968,0.0023425,0.022723602447509764,0.029687,0.05475310244750976,0.0023425,4.532590695800781,882.4975093616549,15.353217938551223,327.7100947396207,1.0
Llama2-70B,32,4,8,32,32,4096,0.0023425,0.022723602447509764,0.030567,0.05563310244750977,0.0023425,4.602990695800782,869.0002357921604,15.379165298187745,328.26393379269473,1.0
Llama2-70B,32,8,4,32,32,128,0.0023425,0.02129309097290039,0.003287,0.02692259097290039,0.0023425,2.3061497778320312,3468.9854392374514,7.287398574727797,311.0949231473981,1.0
Llama2-70B,32,8,4,32,32,256,0.0023425,0.02129309097290039,0.0041670000000000006,0.02780259097290039,0.0023425,2.3765497778320315,3366.2244631365847,7.300372254546058,311.64876220047216,1.0
Llama2-70B,32,8,4,32,32,384,0.0023425,0.02129309097290039,0.005046999999999999,0.02868259097290039,0.0023425,2.4469497778320313,3269.3764590002766,7.313345934364319,312.2026012535462,1.0
Llama2-70B,32,8,4,32,32,512,0.0023425,0.02129309097290039,0.005927,0.029562590972900392,0.0023425,2.5173497778320315,3177.945341743365,7.32631961418258,312.75644030662033,1.0
Llama2-70B,32,8,4,32,32,640,0.0023425,0.02129309097290039,0.006806999999999999,0.03044259097290039,0.0023425,2.5877497778320313,3091.489010464625,7.33929329400084,313.3102793596944,1.0
Llama2-70B,32,8,4,32,32,768,0.0023425,0.02129309097290039,0.007686999999999999,0.03132259097290039,0.0023425,2.658149777832031,3009.612199702586,7.3522669738191,313.86411841276845,1.0
Llama2-70B,32,8,4,32,32,896,0.0023425,0.02129309097290039,0.008567,0.03220259097290039,0.0023425,2.7285497778320313,2931.960437370653,7.36524065363736,314.4179574658426,1.0
Llama2-70B,32,8,4,32,32,1024,0.0023425,0.02129309097290039,0.009446999999999999,0.03308259097290039,0.0023425,2.798949777832031,2858.2149145228755,7.378214333455621,314.9717965189167,1.0
Llama2-70B,32,8,4,32,32,1152,0.0023425,0.02129309097290039,0.010327,0.033962590972900386,0.0023425,2.869349777832031,2788.0881103468982,7.391188013273881,315.52563557199073,1.0
Llama2-70B,32,8,4,32,32,1280,0.0023425,0.02129309097290039,0.011207,0.03484259097290039,0.0023425,2.939749777832031,2721.320045782855,7.404161693092143,316.07947462506485,1.0
Llama2-70B,32,8,4,32,32,1408,0.0023425,0.02129309097290039,0.012087,0.03572259097290039,0.0023425,3.0101497778320314,2657.6750628541004,7.417135372910403,316.6333136781389,1.0
Llama2-70B,32,8,4,32,32,1536,0.0023425,0.02129309097290039,0.012967,0.03660259097290039,0.0023425,3.080549777832031,2596.939045610905,7.430109052728664,317.187152731213,1.0
Llama2-70B,32,8,4,32,32,1664,0.0023425,0.02129309097290039,0.013847,0.03748259097290039,0.0023425,3.150949777832031,2538.917013620031,7.443082732546923,317.7409917842871,1.0
Llama2-70B,32,8,4,32,32,1792,0.0023425,0.02129309097290039,0.014727,0.03836259097290039,0.0023425,3.2213497778320312,2483.4310310083747,7.456056412365183,318.2948308373612,1.0
Llama2-70B,32,8,4,32,32,1920,0.0023425,0.02129309097290039,0.015607,0.03924259097290039,0.0023425,3.2917497778320315,2430.3183838198215,7.469030092183444,318.8486698904353,1.0
Llama2-70B,32,8,4,32,32,2048,0.0023425,0.02129309097290039,0.016486999999999998,0.040122590972900385,0.0023425,3.362149777832031,2379.4299863578744,7.482003772001704,319.4025089435093,1.0
Llama2-70B,32,8,4,32,32,2176,0.0023425,0.02129309097290039,0.017367,0.04100259097290039,0.0023425,3.432549777832031,2330.6289836393084,7.494977451819966,319.9563479965835,1.0
Llama2-70B,32,8,4,32,32,2304,0.0023425,0.02129309097290039,0.018247000000000003,0.041882590972900396,0.0023425,3.5029497778320318,2283.7895223696823,7.507951131638226,320.5101870496575,1.0
Llama2-70B,32,8,4,32,32,2432,0.0023425,0.02129309097290039,0.019127,0.04276259097290039,0.0023425,3.573349777832031,2238.7956671998786,7.520924811456486,321.0640261027316,1.0
Llama2-70B,32,8,4,32,32,2560,0.0023425,0.02129309097290039,0.020007,0.043642590972900394,0.0023425,3.643749777832032,2195.5404426150967,7.533898491274747,321.6178651558057,1.0
Llama2-70B,32,8,4,32,32,2688,0.0023425,0.02129309097290039,0.020887000000000003,0.04452259097290039,0.0023425,3.7141497778320316,2153.9249837871753,7.546872171093006,322.17170420887976,1.0
Llama2-70B,32,8,4,32,32,2816,0.0023425,0.02129309097290039,0.021767,0.04540259097290039,0.0023425,3.7845497778320314,2113.857782201712,7.559845850911268,322.7255432619539,1.0
Llama2-70B,32,8,4,32,32,2944,0.0023425,0.02129309097290039,0.022647,0.04628259097290039,0.0023425,3.854949777832031,2075.2540139444013,7.572819530729529,323.27938231502793,1.0
Llama2-70B,32,8,4,32,32,3072,0.0023425,0.02129309097290039,0.023527000000000003,0.04716259097290039,0.0023425,3.925349777832031,2038.0349402692966,7.58579321054779,323.83322136810204,1.0
Llama2-70B,32,8,4,32,32,3200,0.0023425,0.02129309097290039,0.024407,0.048042590972900395,0.0023425,3.9957497778320317,2002.127371534398,7.59876689036605,324.3870604211761,1.0
Llama2-70B,32,8,4,32,32,3328,0.0023425,0.02129309097290039,0.025287,0.04892259097290039,0.0023425,4.066149777832031,1967.4631868247113,7.61174057018431,324.9408994742502,1.0
Llama2-70B,32,8,4,32,32,3456,0.0023425,0.02129309097290039,0.026167000000000003,0.04980259097290039,0.0023425,4.136549777832032,1933.9789026285582,7.624714250002571,325.49473852732433,1.0
Llama2-70B,32,8,4,32,32,3584,0.0023425,0.02129309097290039,0.027047,0.05068259097290039,0.0023425,4.2069497778320315,1901.615284821071,7.637687929820832,326.04857758039833,1.0
Llama2-70B,32,8,4,32,32,3712,0.0023425,0.02129309097290039,0.027927,0.05156259097290039,0.0023425,4.277349777832032,1870.3169989653704,7.6506616096390925,326.60241663347244,1.0
Llama2-70B,32,8,4,32,32,3840,0.0023425,0.02129309097290039,0.028807000000000003,0.052442590972900396,0.0023425,4.347749777832032,1840.0322945882895,7.663635289457352,327.1562556865466,1.0
Llama2-70B,32,8,4,32,32,3968,0.0023425,0.02129309097290039,0.029687,0.05332259097290039,0.0023425,4.418149777832031,1810.7127196411093,7.676608969275612,327.7100947396207,1.0
Llama2-70B,32,8,4,32,32,4096,0.0023425,0.02129309097290039,0.030567,0.054202590972900394,0.0023425,4.488549777832032,1782.312861831288,7.689582649093873,328.26393379269473,1.0
Llama2-70B,32,16,2,32,32,128,0.0023425,0.018461870346069335,0.003287,0.024091370346069334,0.0023425,2.079652127685547,7693.594417546392,3.6436992873638987,311.0949231473981,1.0
Llama2-70B,32,16,2,32,32,256,0.0023425,0.018461870346069335,0.0041670000000000006,0.024971370346069336,0.0023425,2.1500521276855467,7441.680038345592,3.650186127273029,311.64876220047216,1.0
Llama2-70B,32,16,2,32,32,384,0.0023425,0.018461870346069335,0.005046999999999999,0.025851370346069335,0.0023425,2.220452127685547,7205.739678196686,3.6566729671821596,312.2026012535462,1.0
Llama2-70B,32,16,2,32,32,512,0.0023425,0.018461870346069335,0.005927,0.026731370346069337,0.0023425,2.290852127685547,6984.300648058343,3.66315980709129,312.75644030662033,1.0
Llama2-70B,32,16,2,32,32,640,0.0023425,0.018461870346069335,0.006806999999999999,0.027611370346069336,0.0023425,2.361252127685547,6776.0658899576665,3.66964664700042,313.3102793596944,1.0
Llama2-70B,32,16,2,32,32,768,0.0023425,0.018461870346069335,0.007686999999999999,0.028491370346069335,0.0023425,2.4316521276855467,6579.888553067352,3.67613348690955,313.86411841276845,1.0
Llama2-70B,32,16,2,32,32,896,0.0023425,0.018461870346069335,0.008567,0.029371370346069334,0.0023425,2.502052127685547,6394.75086188566,3.68262032681868,314.4179574658426,1.0
Llama2-70B,32,16,2,32,32,1024,0.0023425,0.018461870346069335,0.009446999999999999,0.030251370346069333,0.0023425,2.5724521276855468,6219.746454288855,3.6891071667278106,314.9717965189167,1.0
Llama2-70B,32,16,2,32,32,1152,0.0023425,0.018461870346069335,0.010327,0.031131370346069335,0.0023425,2.642852127685547,6054.065542445559,3.6955940066369406,315.52563557199073,1.0
Llama2-70B,32,16,2,32,32,1280,0.0023425,0.018461870346069335,0.011207,0.03201137034606934,0.0023425,2.713252127685547,5896.98238388494,3.7020808465460715,316.07947462506485,1.0
Llama2-70B,32,16,2,32,32,1408,0.0023425,0.018461870346069335,0.012087,0.032891370346069336,0.0023425,2.783652127685547,5747.844653743827,3.7085676864552015,316.6333136781389,1.0
Llama2-70B,32,16,2,32,32,1536,0.0023425,0.018461870346069335,0.012967,0.033771370346069335,0.0023425,2.854052127685547,5606.064389922329,3.715054526364332,317.187152731213,1.0
Llama2-70B,32,16,2,32,32,1664,0.0023425,0.018461870346069335,0.013847,0.034651370346069334,0.0023425,2.9244521276855466,5471.110246096807,3.7215413662734615,317.7409917842871,1.0
Llama2-70B,32,16,2,32,32,1792,0.0023425,0.018461870346069335,0.014727,0.03553137034606933,0.0023425,2.994852127685547,5342.50083738357,3.7280282061825916,318.2948308373612,1.0
Llama2-70B,32,16,2,32,32,1920,0.0023425,0.018461870346069335,0.015607,0.03641137034606934,0.0023425,3.065252127685547,5219.799002988044,3.734515046091722,318.8486698904353,1.0
Llama2-70B,32,16,2,32,32,2048,0.0023425,0.018461870346069335,0.016486999999999998,0.03729137034606933,0.0023425,3.1356521276855465,5102.606841725695,3.741001886000852,319.4025089435093,1.0
Llama2-70B,32,16,2,32,32,2176,0.0023425,0.018461870346069335,0.017367,0.038171370346069336,0.0023425,3.2060521276855467,4990.561401617141,3.747488725909983,319.9563479965835,1.0
Llama2-70B,32,16,2,32,32,2304,0.0023425,0.018461870346069335,0.018247000000000003,0.03905137034606934,0.0023425,3.2764521276855474,4883.330925180414,3.753975565819113,320.5101870496575,1.0
Llama2-70B,32,16,2,32,32,2432,0.0023425,0.018461870346069335,0.019127,0.039931370346069334,0.0023425,3.3468521276855467,4780.611568597894,3.760462405728243,321.0640261027316,1.0
Llama2-70B,32,16,2,32,32,2560,0.0023425,0.018461870346069335,0.020007,0.04081137034606934,0.0023425,3.4172521276855474,4682.124526420752,3.7669492456373734,321.6178651558057,1.0
Llama2-70B,32,16,2,32,32,2688,0.0023425,0.018461870346069335,0.020887000000000003,0.04169137034606934,0.0023425,3.487652127685547,4587.613504509068,3.773436085546503,322.17170420887976,1.0
Llama2-70B,32,16,2,32,32,2816,0.0023425,0.018461870346069335,0.021767,0.04257137034606934,0.0023425,3.558052127685547,4496.842492975989,3.779922925455634,322.7255432619539,1.0
Llama2-70B,32,16,2,32,32,2944,0.0023425,0.018461870346069335,0.022647,0.043451370346069336,0.0023425,3.628452127685547,4409.593798390775,3.7864097653647644,323.27938231502793,1.0
Llama2-70B,32,16,2,32,32,3072,0.0023425,0.018461870346069335,0.023527000000000003,0.044331370346069335,0.0023425,3.6988521276855466,4325.666300699497,3.792896605273895,323.83322136810204,1.0
Llama2-70B,32,16,2,32,32,3200,0.0023425,0.018461870346069335,0.024407,0.04521137034606934,0.0023425,3.7692521276855473,4244.873905483357,3.799383445183025,324.3870604211761,1.0
Llama2-70B,32,16,2,32,32,3328,0.0023425,0.018461870346069335,0.025287,0.04609137034606933,0.0023425,3.8396521276855466,4167.044166484016,3.805870285092155,324.9408994742502,1.0
Llama2-70B,32,16,2,32,32,3456,0.0023425,0.018461870346069335,0.026167000000000003,0.04697137034606934,0.0023425,3.9100521276855473,4092.017056936471,3.8123571250012853,325.49473852732433,1.0
Llama2-70B,32,16,2,32,32,3584,0.0023425,0.018461870346069335,0.027047,0.04785137034606934,0.0023425,3.980452127685547,4019.6438712863696,3.818843964910416,326.04857758039833,1.0
Llama2-70B,32,16,2,32,32,3712,0.0023425,0.018461870346069335,0.027927,0.048731370346069336,0.0023425,4.050852127685547,3949.7862414300453,3.8253308048195462,326.60241663347244,1.0
Llama2-70B,32,16,2,32,32,3840,0.0023425,0.018461870346069335,0.028807000000000003,0.04961137034606934,0.0023425,4.121252127685548,3882.315253783183,3.831817644728676,327.1562556865466,1.0
Llama2-70B,32,16,2,32,32,3968,0.0023425,0.018461870346069335,0.029687,0.050491370346069334,0.0023425,4.191652127685547,3817.110655323996,3.838304484637806,327.7100947396207,1.0
Llama2-70B,32,16,2,32,32,4096,0.0023425,0.018461870346069335,0.030567,0.05137137034606934,0.0023425,4.262052127685547,3754.0601383232247,3.8447913245469363,328.26393379269473,1.0
Llama2-70B,32,32,1,32,32,128,0.0023425,0.01302294651031494,0.003287,0.01865244651031494,0.0023425,1.644538220825195,19458.349824148852,1.8218496436819493,311.0949231473981,1.0
Llama2-70B,32,32,1,32,32,256,0.0023425,0.01302294651031494,0.0041670000000000006,0.01953244651031494,0.0023425,1.714938220825195,18659.56429882484,1.8250930636365146,311.64876220047216,1.0
Llama2-70B,32,32,1,32,32,384,0.0023425,0.01302294651031494,0.005046999999999999,0.02041244651031494,0.0023425,1.785338220825195,17923.774681309063,1.8283364835910798,312.2026012535462,1.0
Llama2-70B,32,32,1,32,32,512,0.0023425,0.01302294651031494,0.005927,0.021292446510314943,0.0023425,1.8557382208251954,17243.81146052512,1.831579903545645,312.75644030662033,1.0
Llama2-70B,32,32,1,32,32,640,0.0023425,0.01302294651031494,0.006806999999999999,0.02217244651031494,0.0023425,1.9261382208251951,16613.553302675537,1.83482332350021,313.3102793596944,1.0
Llama2-70B,32,32,1,32,32,768,0.0023425,0.01302294651031494,0.007686999999999999,0.02305244651031494,0.0023425,1.996538220825195,16027.742252173859,1.838066743454775,313.86411841276845,1.0
Llama2-70B,32,32,1,32,32,896,0.0023425,0.01302294651031494,0.008567,0.02393244651031494,0.0023425,2.066938220825195,15481.836698159495,1.84131016340934,314.4179574658426,1.0
Llama2-70B,32,32,1,32,32,1024,0.0023425,0.01302294651031494,0.009446999999999999,0.024812446510314938,0.0023425,2.137338220825195,14971.893399092103,1.8445535833639053,314.9717965189167,1.0
Llama2-70B,32,32,1,32,32,1152,0.0023425,0.01302294651031494,0.010327,0.02569244651031494,0.0023425,2.2077382208251954,14494.47207923013,1.8477970033184703,315.52563557199073,1.0
Llama2-70B,32,32,1,32,32,1280,0.0023425,0.01302294651031494,0.011207,0.026572446510314943,0.0023425,2.2781382208251952,14046.55771431149,1.8510404232730358,316.07947462506485,1.0
Llama2-70B,32,32,1,32,32,1408,0.0023425,0.01302294651031494,0.012087,0.02745244651031494,0.0023425,2.3485382208251955,13625.496794664172,1.8542838432276008,316.6333136781389,1.0
Llama2-70B,32,32,1,32,32,1536,0.0023425,0.01302294651031494,0.012967,0.02833244651031494,0.0023425,2.4189382208251953,13228.944718184468,1.857527263182166,317.187152731213,1.0
Llama2-70B,32,32,1,32,32,1664,0.0023425,0.01302294651031494,0.013847,0.02921244651031494,0.0023425,2.489338220825195,12854.82210986672,1.8607706831367308,317.7409917842871,1.0
Llama2-70B,32,32,1,32,32,1792,0.0023425,0.01302294651031494,0.014727,0.03009244651031494,0.0023425,2.5597382208251953,12501.278349347773,1.8640141030912958,318.2948308373612,1.0
Llama2-70B,32,32,1,32,32,1920,0.0023425,0.01302294651031494,0.015607,0.03097244651031494,0.0023425,2.630138220825195,12166.660955925021,1.867257523045861,318.8486698904353,1.0
Llama2-70B,32,32,1,32,32,2048,0.0023425,0.01302294651031494,0.016486999999999998,0.031852446510314936,0.0023425,2.700538220825195,11849.48976216373,1.870500943000426,319.4025089435093,1.0
Llama2-70B,32,32,1,32,32,2176,0.0023425,0.01302294651031494,0.017367,0.03273244651031494,0.0023425,2.770938220825195,11548.435024462684,1.8737443629549915,319.9563479965835,1.0
Llama2-70B,32,32,1,32,32,2304,0.0023425,0.01302294651031494,0.018247000000000003,0.03361244651031495,0.0023425,2.841338220825196,11262.298787754455,1.8769877829095565,320.5101870496575,1.0
Llama2-70B,32,32,1,32,32,2432,0.0023425,0.01302294651031494,0.019127,0.03449244651031494,0.0023425,2.911738220825195,10989.998953591063,1.8802312028641215,321.0640261027316,1.0
Llama2-70B,32,32,1,32,32,2560,0.0023425,0.01302294651031494,0.020007,0.035372446510314945,0.0023425,2.982138220825196,10730.555604879102,1.8834746228186867,321.6178651558057,1.0
Llama2-70B,32,32,1,32,32,2688,0.0023425,0.01302294651031494,0.020887000000000003,0.036252446510314944,0.0023425,3.0525382208251957,10483.079222952172,1.8867180427732515,322.17170420887976,1.0
Llama2-70B,32,32,1,32,32,2816,0.0023425,0.01302294651031494,0.021767,0.03713244651031494,0.0023425,3.1229382208251955,10246.76049836952,1.889961462727817,322.7255432619539,1.0
Llama2-70B,32,32,1,32,32,2944,0.0023425,0.01302294651031494,0.022647,0.03801244651031494,0.0023425,3.1933382208251953,10020.8614894951,1.8932048826823822,323.27938231502793,1.0
Llama2-70B,32,32,1,32,32,3072,0.0023425,0.01302294651031494,0.023527000000000003,0.03889244651031494,0.0023425,3.263738220825195,9804.707925352299,1.8964483026369474,323.83322136810204,1.0
Llama2-70B,32,32,1,32,32,3200,0.0023425,0.01302294651031494,0.024407,0.039772446510314946,0.0023425,3.3341382208251957,9597.682483625418,1.8996917225915124,324.3870604211761,1.0
Llama2-70B,32,32,1,32,32,3328,0.0023425,0.01302294651031494,0.025287,0.04065244651031494,0.0023425,3.404538220825195,9399.218902657469,1.9029351425460774,324.9408994742502,1.0
Llama2-70B,32,32,1,32,32,3456,0.0023425,0.01302294651031494,0.026167000000000003,0.041532446510314944,0.0023425,3.4749382208251958,9208.796809170593,1.9061785625006427,325.49473852732433,1.0
Llama2-70B,32,32,1,32,32,3584,0.0023425,0.01302294651031494,0.027047,0.04241244651031494,0.0023425,3.5453382208251956,9025.93716222421,1.909421982455208,326.04857758039833,1.0
Llama2-70B,32,32,1,32,32,3712,0.0023425,0.01302294651031494,0.027927,0.04329244651031494,0.0023425,3.6157382208251954,8850.198229421834,1.9126654024097731,326.60241663347244,1.0
Llama2-70B,32,32,1,32,32,3840,0.0023425,0.01302294651031494,0.028807000000000003,0.04417244651031495,0.0023425,3.6861382208251956,8681.172024210295,1.915908822364338,327.1562556865466,1.0
Llama2-70B,32,32,1,32,32,3968,0.0023425,0.01302294651031494,0.029687,0.04505244651031494,0.0023425,3.756538220825195,8518.481143783116,1.919152242318903,327.7100947396207,1.0
Llama2-70B,32,32,1,32,32,4096,0.0023425,0.01302294651031494,0.030567,0.045932446510314945,0.0023425,3.8269382208251956,8361.775956001688,1.9223956622734681,328.26393379269473,1.0
Llama2-70B,32,80,1,32,10,128,0.0048605,0.0014614998626708,0.009861,0.0161829998626708,0.0048605,1.4495004890136716,55191.42670620061,0.9873989277203472,203.14760368693496,0.84375
Llama2-70B,32,80,1,32,10,256,0.0048605,0.0014614998626708,0.012501,0.0188229998626709,0.0048605,1.6607004890136718,48172.44321251079,0.988493581955013,203.3728180135816,0.84375
Llama2-70B,32,80,1,32,10,384,0.0048605,0.0014614998626708,0.0151409999999999,0.0214629998626708,0.0048605,1.871900489013672,42737.31454718142,0.9895882361896788,203.5980323402281,0.84375
Llama2-70B,32,80,1,32,10,512,0.0048605,0.0014614998626708,0.0177809999999999,0.0241029998626708,0.0048605,2.083100489013672,38404.29226622632,0.9906828904243444,203.82324666687475,0.84375
Llama2-70B,32,80,1,32,10,640,0.0048605,0.0014614998626708,0.0204209999999999,0.0267429998626708,0.0048605,2.294300489013671,34869.015799404864,0.9917775446590102,204.0484609935213,0.84375
Llama2-70B,32,80,1,32,10,768,0.0048605,0.0014614998626708,0.0230609999999999,0.0293829998626708,0.0048605,2.5055004890136714,31929.748308088823,0.992872198893676,204.27367532016788,0.84375
Llama2-70B,32,80,1,32,10,896,0.0048605,0.0014614998626708,0.025701,0.0320229998626709,0.0048605,2.716700489013672,29447.486141192134,0.9939668531283418,204.4988896468145,0.84375
Llama2-70B,32,80,1,32,10,1024,0.0048605,0.0014614998626708,0.0283409999999999,0.0346629998626708,0.0048605,2.9279004890136715,27323.3329821772,0.9950615073630076,204.72410397346107,0.84375
Llama2-70B,32,80,1,32,10,1152,0.0048605,0.0014614998626708,0.0309809999999999,0.0373029998626708,0.0048605,3.139100489013672,25485.00765744412,0.9961561615976732,204.94931830010765,0.84375
Llama2-70B,32,80,1,32,10,1280,0.0048605,0.0014614998626708,0.033621,0.0399429998626709,0.0048605,3.350300489013672,23878.45516016744,0.9972508158323388,205.17453262675423,0.84375
Llama2-70B,32,80,1,32,10,1408,0.0048605,0.0014614998626708,0.036261,0.0425829998626709,0.0048605,3.561500489013672,22462.442514546823,0.9983454700670048,205.3997469534008,0.84375
Llama2-70B,32,80,1,32,10,1536,0.0048605,0.0014614998626708,0.038901,0.0452229998626708,0.0048605,3.7727004890136713,21204.96981749937,0.9994401243016704,205.6249612800474,0.84375
Llama2-70B,32,80,1,32,10,1664,0.0048605,0.0014614998626708,0.041541,0.0478629998626708,0.0048605,3.983900489013672,20080.8228570504,1.000534778536336,205.850175606694,0.84375
Llama2-70B,32,80,1,32,10,1792,0.0048605,0.0014614998626708,0.044181,0.0505029998626709,0.0048605,4.195100489013673,19069.8650031168,1.0016294327710018,206.07538993334057,0.84375
Llama2-70B,32,80,1,32,10,1920,0.0048605,0.0014614998626708,0.046821,0.0531429998626709,0.0048605,4.406300489013673,18155.820330335115,1.0027240870056673,206.30060425998715,0.84375
Llama2-70B,32,80,1,32,10,2048,0.0048605,0.0014614998626708,0.0494609999999999,0.0557829998626708,0.0048605,4.617500489013672,17325.39069358897,1.0038187412403332,206.52581858663373,0.84375
Llama2-70B,32,80,1,32,10,2176,0.0048605,0.0014614998626708,0.052101,0.0584229998626708,0.0048605,4.828700489013673,16567.604510161094,1.004913395474999,206.7510329132804,0.84375
Llama2-70B,32,80,1,32,10,2304,0.0048605,0.0014614998626708,0.054741,0.0610629998626709,0.0048605,5.039900489013674,15873.329279891452,1.0060080497096646,206.9762472399269,0.84375
Llama2-70B,32,80,1,32,10,2432,0.0048605,0.0014614998626708,0.057381,0.0637029998626709,0.0048605,5.251100489013673,15234.90174438208,1.0071027039443303,207.20146156657347,0.84375
Llama2-70B,32,80,1,32,10,2560,0.0048605,0.0014614998626708,0.060021,0.0663429998626709,0.0048605,5.462300489013673,14645.843845629515,1.008197358178996,207.42667589322008,0.84375
Llama2-70B,32,80,1,32,10,2688,0.0048605,0.0014614998626708,0.062661,0.0689829998626709,0.0048605,5.673500489013674,14100.64212648157,1.0092920124136615,207.6518902198667,0.84375
Llama2-70B,32,80,1,32,10,2816,0.0048605,0.0014614998626708,0.065301,0.0716229998626709,0.0048605,5.884700489013673,13594.574634572218,1.0103866666483274,207.87710454651324,0.84375
Llama2-70B,32,80,1,32,10,2944,0.0048605,0.0014614998626708,0.067941,0.0742629998626709,0.0048605,6.095900489013673,13123.573809018024,1.0114813208829931,208.10231887315985,0.84375
Llama2-70B,32,80,1,32,10,3072,0.0048605,0.0014614998626708,0.070581,0.0769029998626709,0.0048605,6.307100489013673,12684.116915427596,1.012575975117659,208.3275331998064,0.84375
Llama2-70B,32,80,1,32,10,3200,0.0048605,0.0014614998626708,0.073221,0.0795429998626709,0.0048605,6.518300489013673,12273.13778105761,1.0136706293523248,208.5527475264529,0.84375
Llama2-70B,32,80,1,32,10,3328,0.0048605,0.0014614998626708,0.075861,0.0821829998626709,0.0048605,6.729500489013673,11887.955150698772,1.0147652835869905,208.7779618530996,0.84375
Llama2-70B,32,80,1,32,10,3456,0.0048605,0.0014614998626708,0.078501,0.0848229998626709,0.0048605,6.9407004890136745,11526.214123002534,1.0158599378216562,209.0031761797462,0.84375
Llama2-70B,32,80,1,32,10,3584,0.0048605,0.0014614998626708,0.081141,0.0874629998626709,0.0048605,7.1519004890136735,11185.83796333454,1.016954592056322,209.2283905063928,0.84375
Llama2-70B,32,80,1,32,10,3712,0.0048605,0.0014614998626708,0.083781,0.0901029998626709,0.0048605,7.363100489013672,10864.988209704095,1.0180492462909878,209.4536048330393,0.84375
Llama2-70B,32,80,1,32,10,3840,0.0048605,0.0014614998626708,0.086421,0.0927429998626709,0.0048605,7.574300489013674,10562.031453074502,1.0191439005256533,209.678819159686,0.84375
Llama2-70B,32,80,1,32,10,3968,0.0048605,0.0014614998626708,0.089061,0.0953829998626709,0.0048605,7.785500489013673,10275.511524646376,1.0202385547603188,209.90403348633248,0.84375
Llama2-70B,32,80,1,32,10,4096,0.0048605,0.0014614998626708,0.091701,0.0980229998626709,0.0048605,7.996700489013674,10004.126090493022,1.0213332089949847,210.1292478129791,0.84375
Llama2-7B,8,1,8,32,32,128,0.002034,0.0042958331044514,0.00233,0.0086598331044514,0.002034,0.4291486593424479,2330.1948595906706,5.25667796693245,80.76262854800348,1.0
Llama2-7B,8,1,8,32,32,256,0.002034,0.0042958331044514,0.00277,0.0090998331044514,0.002034,0.4432286593424479,2256.171795126133,5.261867438859755,80.84235863538218,1.0
Llama2-7B,8,1,8,32,32,384,0.002034,0.0042958331044514,0.00321,0.0095398331044514,0.002034,0.4573086593424479,2186.7068982202823,5.267056910787059,80.92208872276086,1.0
Llama2-7B,8,1,8,32,32,512,0.002034,0.0042958331044514,0.00365,0.0099798331044514,0.002034,0.4713886593424479,2121.391722479972,5.272246382714364,81.00181881013955,1.0
Llama2-7B,8,1,8,32,32,640,0.002034,0.0042958331044514,0.00409,0.0104198331044514,0.002034,0.4854686593424479,2059.8652060350687,5.277435854641667,81.08154889751825,1.0
Llama2-7B,8,1,8,32,32,768,0.002034,0.0042958331044514,0.00453,0.0108598331044514,0.002034,0.4995486593424479,2001.8069937697203,5.282625326568972,81.16127898489694,1.0
Llama2-7B,8,1,8,32,32,896,0.002034,0.0042958331044514,0.00497,0.0112998331044514,0.002034,0.513628659342448,1946.9318578916705,5.287814798496275,81.24100907227563,1.0
Llama2-7B,8,1,8,32,32,1024,0.002034,0.0042958331044514,0.00541,0.0117398331044514,0.002034,0.5277086593424479,1894.9850117033352,5.29300427042358,81.32073915965431,1.0
Llama2-7B,8,1,8,32,32,1152,0.002034,0.0042958331044514,0.00585,0.0121798331044514,0.002034,0.5417886593424479,1845.738154087,5.298193742350885,81.400469247033,1.0
Llama2-7B,8,1,8,32,32,1280,0.002034,0.0042958331044514,0.00629,0.0126198331044514,0.002034,0.5558686593424479,1798.9861151426078,5.30338321427819,81.4801993344117,1.0
Llama2-7B,8,1,8,32,32,1408,0.002034,0.0042958331044514,0.00673,0.0130598331044515,0.002034,0.569948659342448,1754.5439990221294,5.308572686205492,81.55992942179039,1.0
Llama2-7B,8,1,8,32,32,1536,0.002034,0.0042958331044514,0.00717,0.0134998331044514,0.002034,0.584028659342448,1712.2447400541782,5.313762158132797,81.63965950916908,1.0
Llama2-7B,8,1,8,32,32,1664,0.002034,0.0042958331044514,0.00761,0.0139398331044514,0.002034,0.598108659342448,1671.9370040543895,5.318951630060101,81.71938959654777,1.0
Llama2-7B,8,1,8,32,32,1792,0.002034,0.0042958331044514,0.00805,0.0143798331044515,0.002034,0.6121886593424479,1633.4833792479926,5.324141101987405,81.79911968392645,1.0
Llama2-7B,8,1,8,32,32,1920,0.002034,0.0042958331044514,0.00849,0.0148198331044514,0.002034,0.6262686593424479,1596.7588112264025,5.32933057391471,81.87884977130516,1.0
Llama2-7B,8,1,8,32,32,2048,0.002034,0.0042958331044514,0.00893,0.0152598331044514,0.002034,0.6403486593424479,1561.6492443770644,5.334520045842013,81.95857985868383,1.0
Llama2-7B,8,1,8,32,32,2176,0.002034,0.0042958331044514,0.00937,0.0156998331044515,0.002034,0.654428659342448,1528.0504386907087,5.339709517769318,82.03830994606254,1.0
Llama2-7B,8,1,8,32,32,2304,0.002034,0.0042958331044514,0.00981,0.0161398331044514,0.002034,0.6685086593424479,1495.8669360896697,5.344898989696622,82.1180400334412,1.0
Llama2-7B,8,1,8,32,32,2432,0.002034,0.0042958331044514,0.0102499999999999,0.0165798331044514,0.002034,0.682588659342448,1465.0111546876872,5.350088461623926,82.19777012081991,1.0
Llama2-7B,8,1,8,32,32,2560,0.002034,0.0042958331044514,0.0106899999999999,0.0170198331044514,0.002034,0.6966686593424478,1435.402592882321,5.35527793355123,82.27750020819859,1.0
Llama2-7B,8,1,8,32,32,2688,0.002034,0.0042958331044514,0.01113,0.0174598331044514,0.002034,0.7107486593424479,1406.9671280493926,5.360467405478536,82.3572302955773,1.0
Llama2-7B,8,1,8,32,32,2816,0.002034,0.0042958331044514,0.01157,0.0178998331044515,0.002034,0.724828659342448,1379.63639697578,5.365656877405839,82.43696038295596,1.0
Llama2-7B,8,1,8,32,32,2944,0.002034,0.0042958331044514,0.01201,0.0183398331044514,0.002034,0.7389086593424479,1353.3472471278064,5.370846349333143,82.51669047033465,1.0
Llama2-7B,8,1,8,32,32,3072,0.002034,0.0042958331044514,0.01245,0.0187798331044515,0.002034,0.752988659342448,1328.0412494834334,5.376035821260447,82.59642055771336,1.0
Llama2-7B,8,1,8,32,32,3200,0.002034,0.0042958331044514,0.0128899999999999,0.0192198331044514,0.002034,0.7670686593424478,1303.6642650179806,5.381225293187752,82.67615064509205,1.0
Llama2-7B,8,1,8,32,32,3328,0.002034,0.0042958331044514,0.0133299999999999,0.0196598331044514,0.002034,0.7811486593424479,1280.1660580737291,5.386414765115056,82.75588073247076,1.0
Llama2-7B,8,1,8,32,32,3456,0.002034,0.0042958331044514,0.01377,0.0200998331044515,0.002034,0.795228659342448,1257.499950802668,5.39160423704236,82.83561081984942,1.0
Llama2-7B,8,1,8,32,32,3584,0.002034,0.0042958331044514,0.01421,0.0205398331044514,0.002034,0.8093086593424479,1235.622513680363,5.396793708969664,82.91534090722813,1.0
Llama2-7B,8,1,8,32,32,3712,0.002034,0.0042958331044514,0.01465,0.0209798331044515,0.002034,0.823388659342448,1214.4932877732278,5.401983180896968,82.9950709946068,1.0
Llama2-7B,8,1,8,32,32,3840,0.002034,0.0042958331044514,0.01509,0.0214198331044514,0.002034,0.8374686593424479,1194.0745350222016,5.407172652824273,83.07480108198551,1.0
Llama2-7B,8,1,8,32,32,3968,0.002034,0.0042958331044514,0.0155299999999999,0.0218598331044514,0.002034,0.8515486593424479,1174.3310133001487,5.412362124751576,83.15453116936419,1.0
Llama2-7B,8,1,8,32,32,4096,0.002034,0.0042958331044514,0.0159699999999999,0.0222998331044514,0.002034,0.8656286593424478,1155.229773422271,5.417551596678881,83.23426125674288,1.0
Llama2-7B,8,2,4,32,32,128,0.002034,0.0040872168477376,0.00233,0.0084512168477376,0.002034,0.4224729391276041,4734.031022507499,2.628338983466225,80.76262854800348,1.0
Llama2-7B,8,2,4,32,32,256,0.002034,0.0040872168477376,0.00277,0.0088912168477376,0.002034,0.436552939127604,4581.345859214114,2.6309337194298776,80.84235863538218,1.0
Llama2-7B,8,2,4,32,32,384,0.002034,0.0040872168477376,0.00321,0.0093312168477376,0.002034,0.4506329391276041,4438.201974032056,2.6335284553935296,80.92208872276086,1.0
Llama2-7B,8,2,4,32,32,512,0.002034,0.0040872168477376,0.00365,0.0097712168477376,0.002034,0.4647129391276041,4303.732114183345,2.636123191357182,81.00181881013955,1.0
Llama2-7B,8,2,4,32,32,640,0.002034,0.0040872168477376,0.00409,0.0102112168477376,0.002034,0.4787929391276041,4177.171041085416,2.6387179273208337,81.08154889751825,1.0
Llama2-7B,8,2,4,32,32,768,0.002034,0.0040872168477376,0.00453,0.0106512168477376,0.002034,0.4928729391276041,4057.84095905132,2.641312663284486,81.16127898489694,1.0
Llama2-7B,8,2,4,32,32,896,0.002034,0.0040872168477376,0.00497,0.0110912168477376,0.002034,0.5069529391276041,3945.1393721904906,2.6439073992481377,81.24100907227563,1.0
Llama2-7B,8,2,4,32,32,1024,0.002034,0.0040872168477376,0.00541,0.0115312168477376,0.002034,0.5210329391276041,3838.5289101850585,2.64650213521179,81.32073915965431,1.0
Llama2-7B,8,2,4,32,32,1152,0.002034,0.0040872168477376,0.00585,0.0119712168477376,0.002034,0.5351129391276042,3737.528760303581,2.6490968711754426,81.400469247033,1.0
Llama2-7B,8,2,4,32,32,1280,0.002034,0.0040872168477376,0.00629,0.0124112168477376,0.002034,0.5491929391276041,3641.707417391437,2.651691607139095,81.4801993344117,1.0
Llama2-7B,8,2,4,32,32,1408,0.002034,0.0040872168477376,0.00673,0.0128512168477376,0.002034,0.5632729391276041,3550.676521221835,2.654286343102746,81.55992942179039,1.0
Llama2-7B,8,2,4,32,32,1536,0.002034,0.0040872168477376,0.00717,0.0132912168477376,0.002034,0.5773529391276041,3464.0855955839666,2.6568810790663986,81.63965950916908,1.0
Llama2-7B,8,2,4,32,32,1664,0.002034,0.0040872168477376,0.00761,0.0137312168477376,0.002034,0.5914329391276041,3381.6175388373013,2.6594758150300506,81.71938959654777,1.0
Llama2-7B,8,2,4,32,32,1792,0.002034,0.0040872168477376,0.00805,0.0141712168477376,0.002034,0.6055129391276042,3302.984743615075,2.6620705509937026,81.79911968392645,1.0
Llama2-7B,8,2,4,32,32,1920,0.002034,0.0040872168477376,0.00849,0.0146112168477376,0.002034,0.6195929391276042,3227.925745596825,2.664665286957355,81.87884977130516,1.0
Llama2-7B,8,2,4,32,32,2048,0.002034,0.0040872168477376,0.00893,0.0150512168477376,0.002034,0.6336729391276041,3156.2023190598256,2.6672600229210066,81.95857985868383,1.0
Llama2-7B,8,2,4,32,32,2176,0.002034,0.0040872168477376,0.00937,0.0154912168477376,0.002034,0.6477529391276041,3087.5969512289776,2.669854758884659,82.03830994606254,1.0
Llama2-7B,8,2,4,32,32,2304,0.002034,0.0040872168477376,0.00981,0.0159312168477376,0.002034,0.6618329391276041,3021.910639014586,2.672449494848311,82.1180400334412,1.0
Llama2-7B,8,2,4,32,32,2432,0.002034,0.0040872168477376,0.0102499999999999,0.0163712168477376,0.002034,0.6759129391276041,2958.960961128197,2.675044230811963,82.19777012081991,1.0
Llama2-7B,8,2,4,32,32,2560,0.002034,0.0040872168477376,0.0106899999999999,0.0168112168477376,0.002034,0.6899929391276041,2898.5803862409225,2.677638966775615,82.27750020819859,1.0
Llama2-7B,8,2,4,32,32,2688,0.002034,0.0040872168477376,0.01113,0.0172512168477376,0.002034,0.7040729391276042,2840.6147841417405,2.680233702739268,82.3572302955773,1.0
Llama2-7B,8,2,4,32,32,2816,0.002034,0.0040872168477376,0.01157,0.0176912168477376,0.002034,0.7181529391276041,2784.9221120358493,2.6828284387029195,82.43696038295596,1.0
Llama2-7B,8,2,4,32,32,2944,0.002034,0.0040872168477376,0.01201,0.0181312168477376,0.002034,0.7322329391276041,2731.371252408881,2.6854231746665715,82.51669047033465,1.0
Llama2-7B,8,2,4,32,32,3072,0.002034,0.0040872168477376,0.01245,0.0185712168477376,0.002034,0.7463129391276041,2679.8409824408004,2.688017910630224,82.59642055771336,1.0
Llama2-7B,8,2,4,32,32,3200,0.002034,0.0040872168477376,0.0128899999999999,0.0190112168477376,0.002034,0.7603929391276041,2630.2190579183866,2.690612646593876,82.67615064509205,1.0
Llama2-7B,8,2,4,32,32,3328,0.002034,0.0040872168477376,0.0133299999999999,0.0194512168477376,0.002034,0.7744729391276041,2582.401397075121,2.693207382557528,82.75588073247076,1.0
Llama2-7B,8,2,4,32,32,3456,0.002034,0.0040872168477376,0.01377,0.0198912168477376,0.002034,0.7885529391276042,2536.2913518687155,2.69580211852118,82.83561081984942,1.0
Llama2-7B,8,2,4,32,32,3584,0.002034,0.0040872168477376,0.01421,0.0203312168477376,0.002034,0.8026329391276041,2491.799055959297,2.698396854484832,82.91534090722813,1.0
Llama2-7B,8,2,4,32,32,3712,0.002034,0.0040872168477376,0.01465,0.0207712168477376,0.002034,0.8167129391276041,2448.8408401321017,2.700991590448484,82.9950709946068,1.0
Llama2-7B,8,2,4,32,32,3840,0.002034,0.0040872168477376,0.01509,0.0212112168477376,0.002034,0.8307929391276041,2407.338707163487,2.7035863264121365,83.07480108198551,1.0
Llama2-7B,8,2,4,32,32,3968,0.002034,0.0040872168477376,0.0155299999999999,0.0216512168477376,0.002034,0.8448729391276041,2367.2198591958136,2.706181062375788,83.15453116936419,1.0
Llama2-7B,8,2,4,32,32,4096,0.002034,0.0040872168477376,0.0159699999999999,0.0220912168477376,0.002034,0.8589529391276041,2328.416271596091,2.7087757983394405,83.23426125674288,1.0
Llama2-7B,8,4,2,32,32,128,0.002034,0.0038090618387858,0.00233,0.0081730618387858,0.002034,0.4135719788411458,9671.835145137846,1.3141694917331126,80.76262854800348,1.0
Llama2-7B,8,4,2,32,32,256,0.002034,0.0038090618387858,0.00277,0.0086130618387858,0.002034,0.4276519788411458,9353.399955822084,1.3154668597149388,80.84235863538218,1.0
Llama2-7B,8,4,2,32,32,384,0.002034,0.0038090618387858,0.00321,0.0090530618387858,0.002034,0.4417319788411458,9055.264711632904,1.3167642276967648,80.92208872276086,1.0
Llama2-7B,8,4,2,32,32,512,0.002034,0.0038090618387858,0.00365,0.0094930618387858,0.002034,0.4558119788411457,8775.548220934388,1.318061595678591,81.00181881013955,1.0
Llama2-7B,8,4,2,32,32,640,0.002034,0.0038090618387858,0.00409,0.0099330618387858,0.002034,0.4698919788411458,8512.594766705437,1.3193589636604168,81.08154889751825,1.0
Llama2-7B,8,4,2,32,32,768,0.002034,0.0038090618387858,0.00453,0.0103730618387858,0.002034,0.4839719788411458,8264.941308333307,1.320656331642243,81.16127898489694,1.0
Llama2-7B,8,4,2,32,32,896,0.002034,0.0038090618387858,0.00497,0.0108130618387858,0.002034,0.4980519788411458,8031.290246666812,1.3219536996240688,81.24100907227563,1.0
Llama2-7B,8,4,2,32,32,1024,0.002034,0.0038090618387858,0.00541,0.0112530618387858,0.002034,0.5121319788411458,7810.486681677671,1.323251067605895,81.32073915965431,1.0
Llama2-7B,8,4,2,32,32,1152,0.002034,0.0038090618387858,0.00585,0.0116930618387858,0.002034,0.5262119788411458,7601.499321260283,1.3245484355877213,81.400469247033,1.0
Llama2-7B,8,4,2,32,32,1280,0.002034,0.0038090618387858,0.00629,0.0121330618387858,0.002034,0.5402919788411459,7403.404375129658,1.3258458035695475,81.4801993344117,1.0
Llama2-7B,8,4,2,32,32,1408,0.002034,0.0038090618387858,0.00673,0.0125730618387858,0.002034,0.5543719788411459,7215.371903106581,1.327143171551373,81.55992942179039,1.0
Llama2-7B,8,4,2,32,32,1536,0.002034,0.0038090618387858,0.00717,0.0130130618387858,0.002034,0.5684519788411458,7036.654192240576,1.3284405395331993,81.63965950916908,1.0
Llama2-7B,8,4,2,32,32,1664,0.002034,0.0038090618387858,0.00761,0.0134530618387858,0.002034,0.5825319788411458,6866.575819506699,1.3297379075150253,81.71938959654777,1.0
Llama2-7B,8,4,2,32,32,1792,0.002034,0.0038090618387858,0.00805,0.0138930618387858,0.002034,0.5966119788411459,6704.525121620197,1.3310352754968513,81.79911968392645,1.0
Llama2-7B,8,4,2,32,32,1920,0.002034,0.0038090618387858,0.00849,0.0143330618387858,0.002034,0.6106919788411459,6549.946844873307,1.3323326434786775,81.87884977130516,1.0
Llama2-7B,8,4,2,32,32,2048,0.002034,0.0038090618387858,0.00893,0.0147730618387858,0.002034,0.6247719788411459,6402.335788841512,1.3336300114605033,81.95857985868383,1.0
Llama2-7B,8,4,2,32,32,2176,0.002034,0.0038090618387858,0.00937,0.0152130618387858,0.002034,0.6388519788411459,6261.231290628314,1.3349273794423295,82.03830994606254,1.0
Llama2-7B,8,4,2,32,32,2304,0.002034,0.0038090618387858,0.00981,0.0156530618387858,0.002034,0.6529319788411458,6126.212422769347,1.3362247474241555,82.1180400334412,1.0
Llama2-7B,8,4,2,32,32,2432,0.002034,0.0038090618387858,0.0102499999999999,0.0160930618387858,0.002034,0.6670119788411458,5996.893799343043,1.3375221154059815,82.19777012081991,1.0
Llama2-7B,8,4,2,32,32,2560,0.002034,0.0038090618387858,0.0106899999999999,0.0165330618387858,0.002034,0.6810919788411458,5872.92190227502,1.3388194833878075,82.27750020819859,1.0
Llama2-7B,8,4,2,32,32,2688,0.002034,0.0038090618387858,0.01113,0.0169730618387858,0.002034,0.6951719788411459,5753.971854084242,1.340116851369634,82.3572302955773,1.0
Llama2-7B,8,4,2,32,32,2816,0.002034,0.0038090618387858,0.01157,0.0174130618387858,0.002034,0.7092519788411459,5639.744575031911,1.3414142193514598,82.43696038295596,1.0
Llama2-7B,8,4,2,32,32,2944,0.002034,0.0038090618387858,0.01201,0.0178530618387858,0.002034,0.7233319788411459,5529.964272295028,1.3427115873332858,82.51669047033465,1.0
Llama2-7B,8,4,2,32,32,3072,0.002034,0.0038090618387858,0.01245,0.0182930618387858,0.002034,0.7374119788411458,5424.376216787339,1.3440089553151118,82.59642055771336,1.0
Llama2-7B,8,4,2,32,32,3200,0.002034,0.0038090618387858,0.0128899999999999,0.0187330618387858,0.002034,0.7514919788411458,5322.744769901982,1.345306323296938,82.67615064509205,1.0
Llama2-7B,8,4,2,32,32,3328,0.002034,0.0038090618387858,0.0133299999999999,0.0191730618387858,0.002034,0.7655719788411458,5224.851628000859,1.346603691278764,82.75588073247076,1.0
Llama2-7B,8,4,2,32,32,3456,0.002034,0.0038090618387858,0.01377,0.0196130618387858,0.002034,0.7796519788411459,5130.494257124178,1.34790105926059,82.83561081984942,1.0
Llama2-7B,8,4,2,32,32,3584,0.002034,0.0038090618387858,0.01421,0.0200530618387858,0.002034,0.7937319788411459,5039.484494299987,1.349198427242416,82.91534090722813,1.0
Llama2-7B,8,4,2,32,32,3712,0.002034,0.0038090618387858,0.01465,0.0204930618387858,0.002034,0.8078119788411459,4951.647295127063,1.350495795224242,82.9950709946068,1.0
Llama2-7B,8,4,2,32,32,3840,0.002034,0.0038090618387858,0.01509,0.0209330618387858,0.002034,0.8218919788411458,4866.819610090287,1.3517931632060682,83.07480108198551,1.0
Llama2-7B,8,4,2,32,32,3968,0.002034,0.0038090618387858,0.0155299999999999,0.0213730618387858,0.002034,0.8359719788411458,4784.849374431117,1.353090531187894,83.15453116936419,1.0
Llama2-7B,8,4,2,32,32,4096,0.002034,0.0038090618387858,0.0159699999999999,0.0218130618387858,0.002034,0.8500519788411458,4705.594598406909,1.3543878991697202,83.23426125674288,1.0
Llama2-7B,8,8,1,32,32,128,0.002034,0.0032527518208821,0.00233,0.0076167518208821,0.002034,0.3957700582682292,20213.757541451203,0.6570847458665563,80.76262854800348,1.0
Llama2-7B,8,8,1,32,32,256,0.002034,0.0032527518208821,0.00277,0.0080567518208821,0.002034,0.4098500582682292,19519.33356750762,0.6577334298574694,80.84235863538218,1.0
Llama2-7B,8,8,1,32,32,384,0.002034,0.0032527518208821,0.00321,0.0084967518208821,0.002034,0.4239300582682291,18871.03743641183,0.6583821138483824,80.92208872276086,1.0
Llama2-7B,8,8,1,32,32,512,0.002034,0.0032527518208821,0.00365,0.0089367518208821,0.002034,0.4380100582682291,18264.4207569794,0.6590307978392955,81.00181881013955,1.0
Llama2-7B,8,8,1,32,32,640,0.002034,0.0032527518208821,0.00409,0.0093767518208821,0.002034,0.4520900582682291,17695.58930502632,0.6596794818302084,81.08154889751825,1.0
Llama2-7B,8,8,1,32,32,768,0.002034,0.0032527518208821,0.00453,0.0098167518208821,0.002034,0.4661700582682292,17161.119334259958,0.6603281658211215,81.16127898489694,1.0
Llama2-7B,8,8,1,32,32,896,0.002034,0.0032527518208821,0.00497,0.0102567518208821,0.002034,0.4802500582682292,16657.98860878397,0.6609768498120344,81.24100907227563,1.0
Llama2-7B,8,8,1,32,32,1024,0.002034,0.0032527518208821,0.00541,0.0106967518208821,0.002034,0.4943300582682292,16183.519222007551,0.6616255338029475,81.32073915965431,1.0
Llama2-7B,8,8,1,32,32,1152,0.002034,0.0032527518208821,0.00585,0.0111367518208821,0.002034,0.5084100582682292,15735.329917055507,0.6622742177938606,81.400469247033,1.0
Llama2-7B,8,8,1,32,32,1280,0.002034,0.0032527518208821,0.00629,0.0115767518208821,0.002034,0.5224900582682291,15311.296116361824,0.6629229017847738,81.4801993344117,1.0
Llama2-7B,8,8,1,32,32,1408,0.002034,0.0032527518208821,0.00673,0.0120167518208821,0.002034,0.5365700582682292,14909.516244383563,0.6635715857756865,81.55992942179039,1.0
Llama2-7B,8,8,1,32,32,1536,0.002034,0.0032527518208821,0.00717,0.0124567518208821,0.002034,0.5506500582682292,14528.28321703925,0.6642202697665996,81.63965950916908,1.0
Llama2-7B,8,8,1,32,32,1664,0.002034,0.0032527518208821,0.00761,0.0128967518208821,0.002034,0.5647300582682292,14166.060196144632,0.6648689537575126,81.71938959654777,1.0
Llama2-7B,8,8,1,32,32,1792,0.002034,0.0032527518208821,0.00805,0.0133367518208821,0.002034,0.5788100582682292,13821.459882600522,0.6655176377484257,81.79911968392645,1.0
Llama2-7B,8,8,1,32,32,1920,0.002034,0.0032527518208821,0.00849,0.0137767518208821,0.002034,0.5928900582682292,13493.226760062696,0.6661663217393388,81.87884977130516,1.0
Llama2-7B,8,8,1,32,32,2048,0.002034,0.0032527518208821,0.00893,0.0142167518208821,0.002034,0.6069700582682291,13180.2218099936,0.6668150057302517,81.95857985868383,1.0
Llama2-7B,8,8,1,32,32,2176,0.002034,0.0032527518208821,0.00937,0.0146567518208821,0.002034,0.6210500582682291,12881.409305890173,0.6674636897211648,82.03830994606254,1.0
Llama2-7B,8,8,1,32,32,2304,0.002034,0.0032527518208821,0.00981,0.0150967518208821,0.002034,0.6351300582682291,12595.845364039482,0.6681123737120778,82.1180400334412,1.0
Llama2-7B,8,8,1,32,32,2432,0.002034,0.0032527518208821,0.0102499999999999,0.0155367518208821,0.002034,0.6492100582682291,12322.6679841345,0.6687610577029908,82.19777012081991,1.0
Llama2-7B,8,8,1,32,32,2560,0.002034,0.0032527518208821,0.0106899999999999,0.0159767518208821,0.002034,0.6632900582682291,12061.088358367744,0.6694097416939038,82.27750020819859,1.0
Llama2-7B,8,8,1,32,32,2688,0.002034,0.0032527518208821,0.01113,0.0164167518208821,0.002034,0.6773700582682292,11810.38326443433,0.670058425684817,82.3572302955773,1.0
Llama2-7B,8,8,1,32,32,2816,0.002034,0.0032527518208821,0.01157,0.0168567518208821,0.002034,0.6914500582682293,11569.88838794286,0.6707071096757299,82.43696038295596,1.0
Llama2-7B,8,8,1,32,32,2944,0.002034,0.0032527518208821,0.01201,0.0172967518208821,0.002034,0.7055300582682291,11338.992444399231,0.6713557936666429,82.51669047033465,1.0
Llama2-7B,8,8,1,32,32,3072,0.002034,0.0032527518208821,0.01245,0.0177367518208821,0.002034,0.7196100582682292,11117.13199125138,0.6720044776575559,82.59642055771336,1.0
Llama2-7B,8,8,1,32,32,3200,0.002034,0.0032527518208821,0.0128899999999999,0.0181767518208821,0.002034,0.7336900582682291,10903.78683729593,0.672653161648469,82.67615064509205,1.0
Llama2-7B,8,8,1,32,32,3328,0.002034,0.0032527518208821,0.0133299999999999,0.0186167518208821,0.002034,0.7477700582682292,10698.475970711248,0.673301845639382,82.75588073247076,1.0
Llama2-7B,8,8,1,32,32,3456,0.002034,0.0032527518208821,0.01377,0.0190567518208821,0.002034,0.7618500582682293,10500.753938622644,0.673950529630295,82.83561081984942,1.0
Llama2-7B,8,8,1,32,32,3584,0.002034,0.0032527518208821,0.01421,0.0194967518208821,0.002034,0.7759300582682291,10310.207620845256,0.674599213621208,82.91534090722813,1.0
Llama2-7B,8,8,1,32,32,3712,0.002034,0.0032527518208821,0.01465,0.0199367518208821,0.002034,0.7900100582682292,10126.45334862786,0.675247897612121,82.9950709946068,1.0
Llama2-7B,8,8,1,32,32,3840,0.002034,0.0032527518208821,0.01509,0.0203767518208821,0.002034,0.8040900582682291,9949.134326109715,0.6758965816030341,83.07480108198551,1.0
Llama2-7B,8,8,1,32,32,3968,0.002034,0.0032527518208821,0.0155299999999999,0.0208167518208821,0.002034,0.8181700582682292,9777.918318024387,0.676545265593947,83.15453116936419,1.0
Llama2-7B,8,8,1,32,32,4096,0.002034,0.0032527518208821,0.0159699999999999,0.0212567518208821,0.002034,0.8322500582682291,9612.495572120044,0.6771939495848601,83.23426125674288,1.0
Llama2-7B,8,32,1,32,8,128,0.0052965,0.00032238887363,0.00932,0.0149388888736301,0.0052965,0.6333409439561631,50525.70863350797,0.315801955768995,59.62464944189468,1.0
Llama2-7B,8,32,1,32,8,256,0.0052965,0.00032238887363,0.01108,0.0166988888736301,0.0052965,0.6896609439561633,46399.61169387896,0.3159641267667233,59.65526796313101,1.0
Llama2-7B,8,32,1,32,8,384,0.0052965,0.00032238887363,0.01284,0.0184588888736301,0.0052965,0.7459809439561632,42896.53812106016,0.3161262977644515,59.685886484367344,1.0
Llama2-7B,8,32,1,32,8,512,0.0052965,0.00032238887363,0.0146,0.0202188888736301,0.0052965,0.8023009439561632,39885.28274964667,0.3162884687621798,59.716505005603686,1.0
Llama2-7B,8,32,1,32,8,640,0.0052965,0.00032238887363,0.01636,0.0219788888736301,0.0052965,0.8586209439561633,37269.06526709853,0.316450639759908,59.74712352684002,1.0
Llama2-7B,8,32,1,32,8,768,0.0052965,0.00032238887363,0.01812,0.0237388888736301,0.0052965,0.9149409439561632,34974.93495223139,0.3166128107576363,59.77774204807636,1.0
Llama2-7B,8,32,1,32,8,896,0.0052965,0.00032238887363,0.01988,0.0254988888736301,0.0052965,0.9712609439561634,32946.861705008785,0.3167749817553645,59.80836056931269,1.0
Llama2-7B,8,32,1,32,8,1024,0.0052965,0.00032238887363,0.02164,0.0272588888736301,0.0052965,1.0275809439561632,31141.099091231423,0.3169371527530928,59.83897909054903,1.0
Llama2-7B,8,32,1,32,8,1152,0.0052965,0.00032238887363,0.0234,0.0290188888736301,0.0052965,1.083900943956163,29522.99301742669,0.317099323750821,59.869597611785366,1.0
Llama2-7B,8,32,1,32,8,1280,0.0052965,0.00032238887363,0.02516,0.0307788888736301,0.0052965,1.1402209439561632,28064.73619838215,0.3172614947485493,59.90021613302171,1.0
Llama2-7B,8,32,1,32,8,1408,0.0052965,0.00032238887363,0.02692,0.0325388888736301,0.0052965,1.1965409439561632,26743.756794646182,0.3174236657462775,59.93083465425804,1.0
Llama2-7B,8,32,1,32,8,1536,0.0052965,0.00032238887363,0.02868,0.0342988888736301,0.0052965,1.252860943956163,25541.54166459487,0.3175858367440059,59.961453175494384,1.0
Llama2-7B,8,32,1,32,8,1664,0.0052965,0.00032238887363,0.03044,0.0360588888736301,0.0052965,1.3091809439561632,24442.76335347537,0.3177480077417342,59.99207169673072,1.0
Llama2-7B,8,32,1,32,8,1792,0.0052965,0.00032238887363,0.0322,0.0378188888736301,0.0052965,1.3655009439561634,23434.62312613919,0.3179101787394623,60.02269021796705,1.0
Llama2-7B,8,32,1,32,8,1920,0.0052965,0.00032238887363,0.03396,0.0395788888736301,0.0052965,1.421820943956163,22506.35013925256,0.3180723497371906,60.05330873920338,1.0
Llama2-7B,8,32,1,32,8,2048,0.0052965,0.00032238887363,0.03572,0.0413388888736301,0.0052965,1.4781409439561632,21648.815108492803,0.3182345207349189,60.08392726043972,1.0
Llama2-7B,8,32,1,32,8,2176,0.0052965,0.00032238887363,0.03748,0.0430988888736301,0.0052965,1.5344609439561632,20854.22905420927,0.3183966917326471,60.114545781676064,1.0
Llama2-7B,8,32,1,32,8,2304,0.0052965,0.00032238887363,0.03924,0.0448588888736301,0.0052965,1.590780943956163,20115.90604072626,0.3185588627303754,60.1451643029124,1.0
Llama2-7B,8,32,1,32,8,2432,0.0052965,0.00032238887363,0.0409999999999999,0.04661888887363,0.0052965,1.647100943956163,19428.074592161527,0.3187210337281036,60.17578282414873,1.0
Llama2-7B,8,32,1,32,8,2560,0.0052965,0.00032238887363,0.0427599999999999,0.04837888887363,0.0052965,1.703420943956163,18785.72651906029,0.3188832047258319,60.20640134538506,1.0
Llama2-7B,8,32,1,32,8,2688,0.0052965,0.00032238887363,0.04452,0.0501388888736301,0.0052965,1.759740943956163,18184.494774588336,0.3190453757235602,60.2370198666214,1.0
Llama2-7B,8,32,1,32,8,2816,0.0052965,0.00032238887363,0.04628,0.0518988888736301,0.0052965,1.8160609439561632,17620.554038395985,0.3192075467212883,60.267638387857744,1.0
Llama2-7B,8,32,1,32,8,2944,0.0052965,0.00032238887363,0.04804,0.0536588888736301,0.0052965,1.8723809439561632,17090.539242717903,0.3193697177190167,60.29825690909408,1.0
Llama2-7B,8,32,1,32,8,3072,0.0052965,0.00032238887363,0.0498,0.0554188888736301,0.0052965,1.928700943956163,16591.478373190093,0.3195318887167449,60.32887543033041,1.0
Llama2-7B,8,32,1,32,8,3200,0.0052965,0.00032238887363,0.0515599999999999,0.05717888887363,0.0052965,1.985020943956163,16120.736709318411,0.3196940597144732,60.35949395156674,1.0
Llama2-7B,8,32,1,32,8,3328,0.0052965,0.00032238887363,0.0533199999999999,0.05893888887363,0.0052965,2.041340943956163,15675.970295282134,0.3198562307122015,60.39011247280309,1.0
Llama2-7B,8,32,1,32,8,3456,0.0052965,0.00032238887363,0.05508,0.0606988888736301,0.0052965,2.097660943956164,15255.086906298777,0.3200184017099297,60.42073099403943,1.0
Llama2-7B,8,32,1,32,8,3584,0.0052965,0.00032238887363,0.05684,0.0624588888736301,0.0052965,2.1539809439561632,14856.213138648476,0.320180572707658,60.451349515275766,1.0
Llama2-7B,8,32,1,32,8,3712,0.0052965,0.00032238887363,0.0586,0.0642188888736301,0.0052965,2.210300943956163,14477.666531112269,0.3203427437053862,60.4819680365121,1.0
Llama2-7B,8,32,1,32,8,3840,0.0052965,0.00032238887363,0.06036,0.0659788888736301,0.0052965,2.266620943956163,14117.931842695833,0.3205049147031144,60.51258655774843,1.0
Llama2-7B,8,32,1,32,8,3968,0.0052965,0.00032238887363,0.0621199999999999,0.0677388888736301,0.0052965,2.322940943956163,13775.640781250908,0.3206670857008427,60.54320507898477,1.0
Llama2-7B,8,32,1,32,8,4096,0.0052965,0.00032238887363,0.0638799999999999,0.0694988888736301,0.0052965,2.379260943956163,13449.554611185846,0.3208292566985709,60.57382360022111,1.0
