Model,Device number,Pipeline parallelism,Tensor parallelism,Channels per device,Channels per block,Sequence length,PIM latency,CXL latency,Acc latency,TransformerBlock latency,Embedding latency,Token latency (ms),Throughput (tokens/s),Token energy (mJ),Total power (W),Device utilization
Llama2-13B,8,1,8,32,32,128,0.0293785,0.0047594247860378,0.00098525,0.0351231747860378,0.016064,1.5709909914415148,636.540887533936,214.63783460082416,182.6487351301328,1.0
Llama2-13B,8,1,8,32,32,256,0.0304985,0.0047594247860378,0.00153525,0.0367931747860378,0.016064,1.637790991441515,610.5785202297651,215.11300902915508,176.3308105555643,1.0
Llama2-13B,8,1,8,32,32,384,0.0315755,0.0047594247860378,0.00208525,0.0384201747860378,0.016064,1.7028709914415143,587.2435463554875,215.58772424092004,170.69224892790302,1.0
Llama2-13B,8,1,8,32,32,512,0.0326955,0.0047594247860378,0.00263525,0.0400901747860378,0.016064,1.769670991441515,565.0767881918172,216.06291055775097,165.20844654291184,1.0
Llama2-13B,8,1,8,32,32,640,0.0338585,0.0047594247860378,0.00318525,0.0418031747860378,0.016064,1.8381909914415149,544.0131110727493,216.5385798681477,159.88494755242235,1.0
Llama2-13B,8,1,8,32,32,768,0.0349785,0.0047594247860378,0.00373525,0.0434731747860378,0.016064,1.9049909914415148,524.9368655771415,217.0137542964785,155.10510334668334,1.0
Llama2-13B,8,1,8,32,32,896,0.0360555,0.0047594247860378,0.00428525,0.0451001747860378,0.016064,1.9700709914415144,507.5959213369733,217.48846950824355,150.80117423710914,1.0
Llama2-13B,8,1,8,32,32,1024,0.0371755,0.0047594247860378,0.00483525,0.0467701747860378,0.016064,2.036870991441515,490.9491097874046,217.9636558250744,146.5774877439944,1.0
Llama2-13B,8,1,8,32,32,1152,0.0397285,0.0047594247860378,0.00538525,0.0498731747860378,0.016064,2.160990991441514,462.7506565091871,219.7509745147464,138.28295462624212,1.0
Llama2-13B,8,1,8,32,32,1280,0.0408485,0.0047594247860378,0.00593525,0.0515431747860378,0.016064,2.227790991441515,448.8751430639998,220.2261489430772,134.7822741000754,1.0
Llama2-13B,8,1,8,32,32,1408,0.0419255,0.0047594247860378,0.00648525,0.0531701747860378,0.016064,2.2928709914415144,436.1344374509732,220.7008641548421,131.6030006528498,1.0
Llama2-13B,8,1,8,32,32,1536,0.0430455,0.0047594247860378,0.00703525,0.0548401747860378,0.016064,2.359670991441515,423.78789400174105,221.17605047167305,128.4548039119496,1.0
Llama2-13B,8,1,8,32,32,1664,0.0442085,0.0047594247860378,0.00758525,0.0565531747860378,0.016064,2.428190991441515,411.82921916959344,221.65171978206976,125.3445150718017,1.0
Llama2-13B,8,1,8,32,32,1792,0.0453285,0.0047594247860378,0.00813525,0.0582231747860378,0.016064,2.4949909914415147,400.80305036381577,222.1268942104007,122.50951068886056,1.0
Llama2-13B,8,1,8,32,32,1920,0.0464055,0.0047594247860378,0.0086852499999999,0.0598501747860378,0.016064,2.5600709914415147,390.6141678660731,222.6016094221656,119.9219970812542,1.0
Llama2-13B,8,1,8,32,32,2048,0.0475255,0.0047594247860378,0.00923525,0.0615201747860378,0.016064,2.626870991441515,380.6810472452028,223.07679573899648,117.34584367286853,1.0
Llama2-13B,8,1,8,32,32,2176,0.0500465,0.0047594247860378,0.0097852499999999,0.0645911747860378,0.016064,2.7497109914415145,363.6745836607933,224.78302824712708,112.28708713253032,1.0
Llama2-13B,8,1,8,32,32,2304,0.0511665,0.0047594247860378,0.01033525,0.0662611747860378,0.016064,2.8165109914415147,355.04920912387115,225.258202675458,110.06136958530384,1.0
Llama2-13B,8,1,8,32,32,2432,0.0522435,0.0047594247860378,0.0108852499999999,0.0678881747860378,0.016064,2.8815909914415148,347.0305129944033,225.73291788722287,108.0196186545805,1.0
Llama2-13B,8,1,8,32,32,2560,0.0533635,0.0047594247860378,0.01143525,0.0695581747860378,0.016064,2.948390991441515,339.1680421296784,226.2081042040538,105.97510667593669,1.0
Llama2-13B,8,1,8,32,32,2688,0.0545265,0.0047594247860378,0.01198525,0.0712711747860378,0.016064,3.0169109914415144,331.4648668246552,226.6837735144506,103.9328461915081,1.0
Llama2-13B,8,1,8,32,32,2816,0.0556465,0.0047594247860378,0.01253525,0.0729411747860378,0.016064,3.083710991441515,324.2846047425926,227.15894794278148,102.05446341763702,1.0
Llama2-13B,8,1,8,32,32,2944,0.0567235,0.0047594247860378,0.01308525,0.0745681747860378,0.016064,3.148790991441514,317.58220939974194,227.63366315454644,100.32599502611194,1.0
Llama2-13B,8,1,8,32,32,3072,0.0578435,0.0047594247860378,0.01363525,0.0762381747860378,0.016064,3.215590991441515,310.9848244573265,228.10884947137728,98.58879972312246,1.0
Llama2-13B,8,1,8,32,32,3200,0.0603645,0.0047594247860378,0.01418525,0.0793091747860378,0.016064,3.338430991441515,299.54191132409954,229.815081979508,95.17807733829817,1.0
Llama2-13B,8,1,8,32,32,3328,0.0614845,0.0047594247860378,0.0147352499999999,0.0809791747860378,0.016064,3.405230991441514,293.66583427477747,230.29025640783885,93.63752507048072,1.0
Llama2-13B,8,1,8,32,32,3456,0.0625615,0.0047594247860378,0.01528525,0.0826061747860378,0.016064,3.470310991441515,288.1586124316239,230.76497161960376,92.21524884298,1.0
Llama2-13B,8,1,8,32,32,3584,0.0636815,0.0047594247860378,0.01583525,0.0842761747860378,0.016064,3.537110991441516,282.716601887706,231.24015793643463,90.7799588327986,1.0
Llama2-13B,8,1,8,32,32,3712,0.0648445,0.0047594247860378,0.01638525,0.0859891747860378,0.016064,3.6056309914415134,277.34396624991416,231.71582724683145,89.33518927851684,1.0
Llama2-13B,8,1,8,32,32,3840,0.0659645,0.0047594247860378,0.01693525,0.0876591747860378,0.016064,3.6724309914415145,272.2991942749826,232.19100167516228,87.99846950828187,1.0
Llama2-13B,8,1,8,32,32,3968,0.0670415,0.0047594247860378,0.01748525,0.0892861747860378,0.016064,3.7375109914415146,267.55774157986133,232.66571688692727,86.76182546889882,1.0
Llama2-13B,8,1,8,32,32,4096,0.0681615,0.0047594247860378,0.01803525,0.0909561747860378,0.016064,3.804310991441515,262.85968793026666,233.1409032037581,85.51047996440741,1.0
Llama2-13B,8,2,4,32,32,128,0.0368405,0.0045839222208658,0.00098525,0.0424096722208658,0.024332,1.870718888834636,1069.1077167911103,158.66879078508398,215.34559898085533,1.0
Llama2-13B,8,2,4,32,32,256,0.0379605,0.0045839222208658,0.00153525,0.0440796722208658,0.024332,1.9375188888346355,1032.2480010519769,159.13991093847173,209.6125063401057,1.0
Llama2-13B,8,2,4,32,32,384,0.0390375,0.0045839222208658,0.00208525,0.0457066722208658,0.024332,2.0025988888346355,998.7022419471392,159.6105718752934,204.432368716354,1.0
Llama2-13B,8,2,4,32,32,512,0.0401575,0.0045839222208658,0.00263525,0.0473766722208658,0.024332,2.069398888834636,966.4642282311668,160.0817039171811,199.3173179570206,1.0
Llama2-13B,8,2,4,32,32,640,0.0413205,0.0045839222208658,0.00318525,0.0490896722208658,0.024332,2.137918888834636,935.4891855088972,160.55331895263464,194.27804473885195,1.0
Llama2-13B,8,2,4,32,32,768,0.0424405,0.0045839222208658,0.00373525,0.0507596722208658,0.024332,2.204718888834635,907.145128627784,161.02443910602236,189.7061051425199,1.0
Llama2-13B,8,2,4,32,32,896,0.0435175,0.0045839222208658,0.00428525,0.0523866722208658,0.024332,2.269798888834635,881.1353331073504,161.49510004284406,185.5519044554996,1.0
Llama2-13B,8,2,4,32,32,1024,0.0446375,0.0045839222208658,0.00483525,0.0540566722208658,0.024332,2.3365988888346347,855.944941837017,161.96623208473173,181.4239508089967,1.0
Llama2-13B,8,2,4,32,32,1152,0.0471905,0.0045839222208658,0.00538525,0.0571596722208658,0.024332,2.460718888834635,812.7706131224011,163.74949649946046,173.49836990438797,1.0
Llama2-13B,8,2,4,32,32,1280,0.0483105,0.0045839222208658,0.00593525,0.0588296722208658,0.024332,2.5275188888346354,791.2898332174843,164.22061665284815,169.96368972878375,1.0
Llama2-13B,8,2,4,32,32,1408,0.0493875,0.0045839222208658,0.00648525,0.0604566722208658,0.024332,2.592598888834635,771.4266979798767,164.69127758966985,166.7337662259376,1.0
Llama2-13B,8,2,4,32,32,1536,0.0505075,0.0045839222208658,0.00703525,0.0621266722208658,0.024332,2.659398888834635,752.0496486619246,165.16240963155752,163.50285564674314,1.0
Llama2-13B,8,2,4,32,32,1664,0.0516705,0.0045839222208658,0.00758525,0.0638396722208658,0.024332,2.727918888834635,733.1596288240075,165.63402466701106,160.27909993807984,1.0
Llama2-13B,8,2,4,32,32,1792,0.0527905,0.0045839222208658,0.00813525,0.0655096722208658,0.024332,2.794718888834636,715.6354823343167,166.10514482039878,157.3248452092694,1.0
Llama2-13B,8,2,4,32,32,1920,0.0538675,0.0045839222208658,0.0086852499999999,0.0671366722208658,0.024332,2.859798888834636,699.3498765974406,166.57580575722054,154.61623962242595,1.0
Llama2-13B,8,2,4,32,32,2048,0.0549875,0.0045839222208658,0.00923525,0.0688066722208659,0.024332,2.9265988888346355,683.3871247714425,167.04693779910824,151.89537422060303,1.0
Llama2-13B,8,2,4,32,32,2176,0.0597685,0.0045839222208658,0.0097852499999999,0.0741376722208658,0.024332,3.139838888834635,636.9753579115356,170.56047155161278,142.6842496897301,1.0
Llama2-13B,8,2,4,32,32,2304,0.0608885,0.0045839222208658,0.01033525,0.0758076722208658,0.024332,3.206638888834635,623.7060265700343,171.0315917050003,140.44654713533788,1.0
Llama2-13B,8,2,4,32,32,2432,0.0619655,0.0045839222208658,0.0108852499999999,0.0774346722208658,0.024332,3.2717188888346347,611.2994630514809,171.5022526418221,138.38527296787896,1.0
Llama2-13B,8,2,4,32,32,2560,0.0630855,0.0045839222208658,0.01143525,0.0791046722208659,0.024332,3.338518888834636,599.0680498135904,171.97338468370978,136.3018321830767,1.0
Llama2-13B,8,2,4,32,32,2688,0.0642485,0.0045839222208658,0.01198525,0.0808176722208658,0.024332,3.4070388888346352,587.0200092386067,172.44499971916332,134.20157647195134,1.0
Llama2-13B,8,2,4,32,32,2816,0.0653685,0.0045839222208658,0.01253525,0.0824876722208658,0.024332,3.473838888834635,575.7319392180959,172.91611987255104,132.26257285431896,1.0
Llama2-13B,8,2,4,32,32,2944,0.0664455,0.0045839222208658,0.01308525,0.0841146722208658,0.024332,3.538918888834635,565.1443457237867,173.38678080937274,130.47292955081443,1.0
Llama2-13B,8,2,4,32,32,3072,0.0675655,0.0045839222208658,0.01363525,0.0857846722208658,0.024332,3.605718888834635,554.6744107515265,173.8579128512604,128.65879246898228,1.0
Llama2-13B,8,2,4,32,32,3200,0.0700865,0.0045839222208658,0.01418525,0.0888556722208658,0.024332,3.728558888834635,536.4002714263424,175.56009108444786,125.24529765678686,1.0
Llama2-13B,8,2,4,32,32,3328,0.0712065,0.0045839222208658,0.0147352499999999,0.0905256722208658,0.024332,3.795358888834635,526.9593887112214,176.03121123783552,123.6061393537356,1.0
Llama2-13B,8,2,4,32,32,3456,0.0722835,0.0045839222208658,0.01528525,0.0921526722208658,0.024332,3.860438888834635,518.075808889115,176.50187217465725,122.0900151311553,1.0
Llama2-13B,8,2,4,32,32,3584,0.0734035,0.0045839222208658,0.01583525,0.0938226722208658,0.024332,3.927238888834635,509.26364721181454,176.97300421654492,120.548069381259,1.0
Llama2-13B,8,2,4,32,32,3712,0.0745665,0.0045839222208658,0.01638525,0.0955356722208658,0.024332,3.995758888834635,500.5307015867769,177.44461925199855,118.98414117063196,1.0
Llama2-13B,8,2,4,32,32,3840,0.0756865,0.0045839222208658,0.01693525,0.0972056722208658,0.024332,4.062558888834635,492.3005560600525,177.91573940538615,117.53465902465182,1.0
Llama2-13B,8,2,4,32,32,3968,0.0767635,0.0045839222208658,0.01748525,0.0988326722208658,0.024332,4.127638888834635,484.5385107234184,178.38640034220788,116.192200943292,1.0
Llama2-13B,8,2,4,32,32,4096,0.0778835,0.0045839222208658,0.01803525,0.1005026722208658,0.024332,4.194438888834636,476.8218236112318,178.85753238409555,114.82376394492772,1.0
Llama2-13B,8,4,2,32,32,128,0.0529535,0.0042163602447509,0.00098525,0.0581551102447509,0.040868,2.517072409790039,1589.1477672402991,134.4843019511584,253.9667858614792,1.0
Llama2-13B,8,4,2,32,32,256,0.0540735,0.0042163602447509,0.00153525,0.0598251102447509,0.040868,2.583872409790039,1548.0640548830477,134.95339496707444,249.57399644386703,1.0
Llama2-13B,8,4,2,32,32,384,0.0551505,0.0042163602447509,0.00208525,0.0614521102447509,0.040868,2.6489524097900388,1510.0309032418777,135.42202876642466,245.54995651249683,1.0
Llama2-13B,8,4,2,32,32,512,0.0562705,0.0042163602447509,0.00263525,0.0631221102447509,0.040868,2.7157524097900394,1472.888318382915,135.89113367084062,241.4962256792469,1.0
Llama2-13B,8,4,2,32,32,640,0.0574335,0.0042163602447509,0.00318525,0.0648351102447509,0.040868,2.784272409790039,1436.641036248906,136.36072156882258,237.42366662108807,1.0
Llama2-13B,8,4,2,32,32,768,0.0585535,0.0042163602447509,0.00373525,0.0665051102447509,0.040868,2.851072409790039,1402.9808524907198,136.82981458473864,233.68340848068632,1.0
Llama2-13B,8,4,2,32,32,896,0.0596305,0.0042163602447509,0.00428525,0.0681321102447509,0.040868,2.916152409790039,1371.670419752854,137.29844838408886,230.248695523413,1.0
Llama2-13B,8,4,2,32,32,1024,0.0607505,0.0042163602447509,0.00483525,0.0698021102447509,0.040868,2.982952409790039,1340.953341016107,137.7675532885049,226.7759990263536,1.0
Llama2-13B,8,4,2,32,32,1152,0.0655635,0.0042163602447509,0.00538525,0.0751651102447509,0.040868,3.1974724097900387,1250.9881204143553,141.36014608507907,215.60799238155235,1.0
Llama2-13B,8,4,2,32,32,1280,0.0666835,0.0042163602447509,0.00593525,0.0768351102447509,0.040868,3.26427240979004,1225.387926572367,141.82923910099512,212.6901543875097,1.0
Llama2-13B,8,4,2,32,32,1408,0.0677605,0.0042163602447509,0.00648525,0.0784621102447509,0.040868,3.329352409790039,1201.4348460793474,142.29787290034523,210.0012144248423,1.0
Llama2-13B,8,4,2,32,32,1536,0.0688805,0.0042163602447509,0.00703525,0.0801321102447509,0.040868,3.396152409790039,1177.8034426456416,142.76697780476135,207.26762698406856,1.0
Llama2-13B,8,4,2,32,32,1664,0.0700435,0.0042163602447509,0.00758525,0.0818451102447509,0.040868,3.4646724097900385,1154.5103048407404,143.23656570274335,204.49658526878773,1.0
Llama2-13B,8,4,2,32,32,1792,0.0711635,0.0042163602447509,0.00813525,0.0835151102447509,0.040868,3.531472409790039,1132.672023406185,143.70565871865932,201.93731156935704,1.0
Llama2-13B,8,4,2,32,32,1920,0.0722405,0.0042163602447509,0.0086852499999999,0.0851421102447509,0.040868,3.5965524097900383,1112.1762021628692,144.17429251800957,199.5754355493241,1.0
Llama2-13B,8,4,2,32,32,2048,0.0733605,0.0042163602447509,0.00923525,0.0868121102447509,0.040868,3.663352409790039,1091.896042900567,144.64339742242564,197.16795472008167,1.0
Llama2-13B,8,4,2,32,32,2176,0.0781415,0.0042163602447509,0.0097852499999999,0.0921431102447509,0.040868,3.876592409790039,1031.8340380325526,148.1549040374585,189.59823402092164,1.0
Llama2-13B,8,4,2,32,32,2304,0.0792615,0.0042163602447509,0.01033525,0.0938131102447509,0.040868,3.943392409790039,1014.3550487314994,148.62399705337458,187.51095683701988,1.0
Llama2-13B,8,4,2,32,32,2432,0.0803385,0.0042163602447509,0.0108852499999999,0.0954401102447509,0.040868,4.008472409790039,997.8863744279876,149.09263085272465,185.5805508600792,1.0
Llama2-13B,8,4,2,32,32,2560,0.0814585,0.0042163602447509,0.01143525,0.0971101102447509,0.040868,4.075272409790039,981.529477732774,149.5617357571407,183.60482424441983,1.0
Llama2-13B,8,4,2,32,32,2688,0.0826215,0.0042163602447509,0.01198525,0.0988231102447509,0.040868,4.14379240979004,965.2993211121488,150.03132365512278,181.5887192257738,1.0
Llama2-13B,8,4,2,32,32,2816,0.0837415,0.0042163602447509,0.01253525,0.1004931102447509,0.040868,4.210592409790039,949.9850877752046,150.5004166710388,179.72023031715318,1.0
Llama2-13B,8,4,2,32,32,2944,0.0848185,0.0042163602447509,0.01308525,0.1021201102447509,0.040868,4.275672409790039,935.5253669203398,150.9690504703889,177.9907101285556,1.0
Llama2-13B,8,4,2,32,32,3072,0.0859385,0.0042163602447509,0.01363525,0.1037901102447509,0.040868,4.342472409790039,921.134234723532,151.43815537480504,176.21689391228023,1.0
Llama2-13B,8,4,2,32,32,3200,0.0907195,0.0042163602447509,0.01418525,0.1091211102447509,0.040868,4.555712409790038,878.0185490647226,154.94966198983784,170.80083332672453,1.0
Llama2-13B,8,4,2,32,32,3328,0.0918395,0.0042163602447509,0.0147352499999999,0.1107911102447509,0.040868,4.622512409790039,865.330289114721,155.41875500575395,169.22865978773177,1.0
Llama2-13B,8,4,2,32,32,3456,0.0929165,0.0042163602447509,0.01528525,0.1124181102447509,0.040868,4.687592409790039,853.316510976082,155.88738880510405,167.7714817121869,1.0
Llama2-13B,8,4,2,32,32,3584,0.0940365,0.0042163602447509,0.01583525,0.1140881102447509,0.040868,4.754392409790039,841.3272728105853,156.35649370952018,166.27213232045014,1.0
Llama2-13B,8,4,2,32,32,3712,0.0951995,0.0042163602447509,0.01638525,0.1158011102447509,0.040868,4.822912409790039,829.3743821431201,156.82608160750212,164.7341441998142,1.0
Llama2-13B,8,4,2,32,32,3840,0.0963195,0.0042163602447509,0.01693525,0.1174711102447509,0.040868,4.889712409790039,818.0440207467657,157.29517462341815,163.3056386540816,1.0
Llama2-13B,8,4,2,32,32,3968,0.0973965,0.0042163602447509,0.01748525,0.1190981102447509,0.040868,4.95479240979004,807.2992103758996,157.76380842276836,161.98098332359828,1.0
Llama2-13B,8,4,2,32,32,4096,0.0985165,0.0042163602447509,0.01803525,0.1207681102447509,0.040868,5.021592409790039,796.5600697104858,158.23291332718443,160.61564644215375,1.0
Llama2-13B,8,8,1,32,32,128,0.088055,0.0035309068298339,0.00098525,0.0925711568298339,0.077148,3.929994273193359,2035.6263759894784,126.9045634480403,288.23931281140267,1.0
Llama2-13B,8,8,1,32,32,256,0.089175,0.0035309068298339,0.00153525,0.0942411568298339,0.077148,3.99679427319336,2001.6041490191983,127.3726428952206,285.6689495827767,1.0
Llama2-13B,8,8,1,32,32,384,0.090252,0.0035309068298339,0.00208525,0.0958681568298339,0.077148,4.061874273193359,1969.534126843018,127.39392485576138,282.30715076842915,1.0
Llama2-13B,8,8,1,32,32,512,0.091372,0.0035309068298339,0.00263525,0.0975381568298339,0.077148,4.12867427319336,1937.667994770711,128.30835446151514,280.8483002703568,1.0
Llama2-13B,8,8,1,32,32,640,0.094795,0.0035309068298339,0.00318525,0.1015111568298339,0.077148,4.28759427319336,1865.8481867132627,130.58828431007836,275.5172410149869,1.0
Llama2-13B,8,8,1,32,32,768,0.095915,0.0035309068298339,0.00373525,0.1031811568298339,0.077148,4.35439427319336,1837.224536429744,131.0563637572586,273.2760543340638,1.0
Llama2-13B,8,8,1,32,32,896,0.096992,0.0035309068298339,0.00428525,0.1048081568298339,0.077148,4.41947427319336,1810.17005767509,131.07770668492358,270.28560434865494,1.0
Llama2-13B,8,8,1,32,32,1024,0.098112,0.0035309068298339,0.00483525,0.1064781568298339,0.077148,4.48627427319336,1783.2168772654077,131.99207532355325,269.0640804866954,1.0
Llama2-13B,8,8,1,32,32,1152,0.102925,0.0035309068298339,0.00538525,0.1118411568298339,0.077148,4.70079427319336,1701.8400583111272,135.58365455139162,263.46107272556065,1.0
Llama2-13B,8,8,1,32,32,1280,0.104045,0.0035309068298339,0.00593525,0.1135111568298339,0.077148,4.767594273193359,1677.9951358238288,136.0517339985719,261.52479023224936,1.0
Llama2-13B,8,8,1,32,32,1408,0.105122,0.0035309068298339,0.00648525,0.1151381568298339,0.077148,4.832674273193359,1655.3981393647125,136.0730769262369,258.8860123023475,1.0
Llama2-13B,8,8,1,32,32,1536,0.106242,0.0035309068298339,0.00703525,0.1168081568298339,0.077148,4.89947427319336,1632.8282493023055,136.98744556486645,257.87813777012207,1.0
Llama2-13B,8,8,1,32,32,1664,0.109665,0.0035309068298339,0.00758525,0.1207811568298339,0.077148,5.05839427319336,1581.5295463217435,139.2673754134297,253.9869154487389,1.0
Llama2-13B,8,8,1,32,32,1792,0.110785,0.0035309068298339,0.00813525,0.1224511568298339,0.077148,5.125194273193359,1560.9164401519229,139.73545486061,252.2642142178274,1.0
Llama2-13B,8,8,1,32,32,1920,0.111862,0.0035309068298339,0.0086852499999999,0.1240781568298339,0.077148,5.190274273193359,1541.344364269585,139.756797788275,249.8735902956768,1.0
Llama2-13B,8,8,1,32,32,2048,0.112982,0.0035309068298339,0.00923525,0.1257481568298339,0.077148,5.25707427319336,1521.758983089367,140.67116642690456,249.01518193500672,1.0
Llama2-13B,8,8,1,32,32,2176,0.117763,0.0035309068298339,0.0097852499999999,0.1310791568298339,0.077148,5.47031427319336,1462.438829008979,144.18165947320173,244.8675041790744,1.0
Llama2-13B,8,8,1,32,32,2304,0.118883,0.0035309068298339,0.01033525,0.132749156829834,0.077148,5.53711427319336,1444.7959000467306,144.649738920382,243.3480630878796,1.0
Llama2-13B,8,8,1,32,32,2432,0.11996,0.0035309068298339,0.0108852499999999,0.1343761568298339,0.077148,5.602194273193359,1428.0118842504626,144.67108184804698,241.19886936986825,1.0
Llama2-13B,8,8,1,32,32,2560,0.12108,0.0035309068298339,0.01143525,0.1360461568298339,0.077148,5.66899427319336,1411.1850558447609,145.58545048667656,240.47811444776443,1.0
Llama2-13B,8,8,1,32,32,2688,0.124503,0.0035309068298339,0.01198525,0.1400191568298339,0.077148,5.82791427319336,1372.70378817986,147.86538033523982,237.52902393555144,1.0
Llama2-13B,8,8,1,32,32,2816,0.125623,0.0035309068298339,0.01253525,0.141689156829834,0.077148,5.89471427319336,1357.1480531941268,148.33345978242005,236.1565314988817,1.0
Llama2-13B,8,8,1,32,32,2944,0.1267,0.0035309068298339,0.01308525,0.1433161568298339,0.077148,5.95979427319336,1342.3282135732954,148.35480271008498,234.18279827953447,1.0
Llama2-13B,8,8,1,32,32,3072,0.12782,0.0035309068298339,0.01363525,0.1449861568298339,0.077148,6.026594273193359,1327.4495738968965,149.26917134871465,233.5615261284849,1.0
Llama2-13B,8,8,1,32,32,3200,0.132601,0.0035309068298339,0.01418525,0.150317156829834,0.077148,6.2398342731933605,1282.085332677568,152.7796643950118,230.4351617182552,1.0
Llama2-13B,8,8,1,32,32,3328,0.133721,0.0035309068298339,0.0147352499999999,0.151987156829834,0.077148,6.30663427319336,1268.5054584510108,153.24774384219202,229.2052016395212,1.0
Llama2-13B,8,8,1,32,32,3456,0.134798,0.0035309068298339,0.01528525,0.1536141568298339,0.077148,6.371714273193359,1255.5490809839123,153.26908676985698,227.4055798600232,1.0
Llama2-13B,8,8,1,32,32,3584,0.135918,0.0035309068298339,0.01583525,0.1552841568298339,0.077148,6.43851427319336,1242.5226784551614,154.18345540848662,226.87716918802008,1.0
Llama2-13B,8,8,1,32,32,3712,0.139341,0.0035309068298339,0.01638525,0.1592571568298339,0.077148,6.597434273193359,1212.5926032344928,156.4633852570498,224.5762342125432,1.0
Llama2-13B,8,8,1,32,32,3840,0.140461,0.0035309068298339,0.01693525,0.160927156829834,0.077148,6.664234273193361,1200.4379906300276,156.93146470423017,223.4520111692643,1.0
Llama2-13B,8,8,1,32,32,3968,0.141538,0.0035309068298339,0.01748525,0.1625541568298339,0.077148,6.72931427319336,1188.8284118143354,156.95280763189513,221.78186442071413,1.0
Llama2-13B,8,8,1,32,32,4096,0.142658,0.0035309068298339,0.01803525,0.164224156829834,0.077148,6.79611427319336,1177.1432436848886,157.8671762705247,221.32257044193068,1.0
Llama2-13B,8,40,1,32,6,128,0.428164,0.0003588139343261,0.00492625,0.4334490639343262,0.3976785,17.885641057373046,2236.430881716185,119.91715232081114,280.0729447613792,1.0
Llama2-13B,8,40,1,32,6,256,0.43576,0.0003588139343261,0.00767625,0.4437950639343261,0.3976785,18.299481057373047,2185.85433513611,120.62326095106071,276.8112285456691,1.0
Llama2-13B,8,40,1,32,6,384,0.443356,0.0003588139343261,0.01042625,0.4541410639343262,0.3976785,18.713321057373047,2137.514761669736,121.2935527780128,273.58049237635873,1.0
Llama2-13B,8,40,1,32,6,512,0.453212,0.0003588139343261,0.01317625,0.4667470639343262,0.3976785,19.217561057373047,2081.429577904399,122.37541723467588,270.01804284678224,1.0
Llama2-13B,8,40,1,32,6,640,0.460808,0.0003588139343261,0.01592625,0.4770930639343261,0.3976785,19.631401057373047,2037.5519751799395,123.08152586492544,267.0993686414417,1.0
Llama2-13B,8,40,1,32,6,768,0.468404,0.0003588139343261,0.01867625,0.4874390639343262,0.3976785,20.045241057373048,1995.4861049319825,123.7508811198776,264.19689225514213,1.0
Llama2-13B,8,40,1,32,6,896,0.47826,0.0003588139343261,0.02142625,0.5000450639343262,0.3976785,20.54948105737305,1946.5211743460643,124.8336821485406,261.0163554312311,1.0
Llama2-13B,8,40,1,32,6,1024,0.485856,0.0003588139343261,0.02417625,0.5103910639343262,0.3976785,20.963321057373047,1908.094613946273,125.53979077879018,258.38888637536684,1.0
Llama2-13B,8,40,1,32,6,1152,0.498064,0.0003588139343261,0.02692625,0.5253490639343262,0.3976785,21.56164105737305,1855.1463635613168,126.99221179463288,254.97167391064784,1.0
Llama2-13B,8,40,1,32,6,1280,0.50792,0.0003588139343261,0.02967625,0.5379550639343261,0.3976785,22.065881057373044,1812.753358725936,128.07613525889585,252.1580864287602,1.0
Llama2-13B,8,40,1,32,6,1408,0.515516,0.0003588139343261,0.03242625,0.5483010639343261,0.3976785,22.479721057373045,1779.381510024589,128.78224388914546,249.8123121089268,1.0
Llama2-13B,8,40,1,32,6,1536,0.523112,0.0003588139343261,0.03517625,0.5586470639343262,0.3976785,22.893561057373045,1747.2161670155588,129.44954013649755,247.46046761782875,1.0
Llama2-13B,8,40,1,32,6,1664,0.532968,0.0003588139343261,0.03792625,0.5712530639343262,0.3976785,23.397801057373048,1709.5623602370663,130.53440017276063,244.9197703666273,1.0
Llama2-13B,8,40,1,32,6,1792,0.540564,0.0003588139343261,0.04067625,0.5815990639343261,0.3976785,23.811641057373045,1679.8506202752617,131.24050880301016,242.78440444241608,1.0
Llama2-13B,8,40,1,32,6,1920,0.54816,0.0003588139343261,0.0434262499999999,0.5919450639343261,0.3976785,24.225481057373045,1651.1540020719617,131.90686847836236,240.63570577634687,1.0
Llama2-13B,8,40,1,32,6,2048,0.558016,0.0003588139343261,0.04617625,0.6045510639343261,0.3976785,24.729721057373045,1617.4869060269564,132.99266508662538,238.3312756025372,1.0
Llama2-13B,8,40,1,32,6,2176,0.570224,0.0003588139343261,0.0489262499999999,0.619509063934326,0.3976785,25.32804105737304,1579.2772883379355,134.48296191336547,235.8423389989996,1.0
Llama2-13B,8,40,1,32,6,2304,0.57782,0.0003588139343261,0.05167625,0.6298550639343261,0.3976785,25.74188105737305,1553.8879971843826,135.14819915311764,233.89325248886792,1.0
Llama2-13B,8,40,1,32,6,2432,0.587676,0.0003588139343261,0.0544262499999999,0.6424610639343261,0.3976785,26.246121057373045,1524.034729267669,136.23511819698064,231.8201155006852,1.0
Llama2-13B,8,40,1,32,6,2560,0.595272,0.0003588139343261,0.05717625,0.6528070639343262,0.3976785,26.65996105737305,1500.377285395083,136.94122682723025,230.04815752669407,1.0
Llama2-13B,8,40,1,32,6,2688,0.602868,0.0003588139343261,0.05992625,0.663153063934326,0.3976785,27.073801057373043,1477.4430792054134,137.6055274949824,228.251503637583,1.0
Llama2-13B,8,40,1,32,6,2816,0.612724,0.0003588139343261,0.06267625,0.6757590639343262,0.3976785,27.57804105737305,1450.4293440126676,138.6933831108454,226.355395105864,1.0
Llama2-13B,8,40,1,32,6,2944,0.62032,0.0003588139343261,0.0654262499999999,0.6861050639343261,0.3976785,27.99188105737305,1428.9857804845174,139.39949174109498,224.7219044059437,1.0
Llama2-13B,8,40,1,32,6,3072,0.627916,0.0003588139343261,0.06817625,0.6964510639343262,0.3976785,28.405721057373047,1408.1670350563948,140.06285583684712,223.0598612503059,1.0
Llama2-13B,8,40,1,32,6,3200,0.642384,0.0003588139343261,0.07092625,0.713669063934326,0.3976785,29.094441057373043,1374.8330796636253,141.93583622120067,220.95169901678847,1.0
Llama2-13B,8,40,1,32,6,3328,0.64998,0.0003588139343261,0.07367625,0.7240150639343261,0.3976785,29.508281057373043,1355.551681313726,142.64194485145026,219.4558984144901,1.0
Llama2-13B,8,40,1,32,6,3456,0.657576,0.0003588139343261,0.07642625,0.7343610639343262,0.3976785,29.922121057373047,1336.8036284360826,143.30418651160238,217.92794522854,1.0
Llama2-13B,8,40,1,32,6,3584,0.667432,0.0003588139343261,0.07917625,0.7469670639343262,0.3976785,30.426361057373047,1314.6494884674034,144.39410113506543,216.34279017947208,1.0
Llama2-13B,8,40,1,32,6,3712,0.675028,0.0003588139343261,0.08192625,0.7573130639343261,0.3976785,30.840201057373044,1297.008405541413,145.10020976531504,214.9543571012092,1.0
Llama2-13B,8,40,1,32,6,3840,0.682624,0.0003588139343261,0.08467625,0.7676590639343261,0.3976785,31.254041057373048,1279.8344996914798,145.76151485346716,213.5311897229912,1.0
Llama2-13B,8,40,1,32,6,3968,0.69248,0.0003588139343261,0.08742625,0.7802650639343262,0.3976785,31.758281057373047,1259.514012352805,146.85236604893012,212.06730309746155,1.0
Llama2-13B,8,40,1,32,6,4096,0.700076,0.0003588139343261,0.09017625,0.7906110639343261,0.3976785,32.17212105737304,1243.3124918517924,147.55847467917977,210.7749368342577,1.0
Llama2-13B,20,1,20,32,32,128,0.0231055,0.0094062218148367,0.00098525,0.0334969718148367,0.010106,1.4999848725934708,666.673390026262,324.1532289229998,350.7316752753671,1.0
Llama2-13B,20,1,20,32,32,256,0.0242255,0.0094062218148367,0.00153525,0.0351669718148367,0.010106,1.566784872593471,638.2497160217777,324.6405661761603,335.0194693361956,1.0
Llama2-13B,20,1,20,32,32,384,0.0253025,0.0094062218148367,0.00208525,0.0367939718148367,0.010106,1.6318648725934706,612.7958367108743,325.1274442127548,321.2404349498616,1.0
Llama2-13B,20,1,20,32,32,512,0.0264225,0.0094062218148367,0.00263525,0.0384639718148367,0.010106,1.6986648725934708,588.6976390306052,325.6147933544154,308.0847699445694,1.0
Llama2-13B,20,1,20,32,32,640,0.0275855,0.0094062218148367,0.00318525,0.0401769718148367,0.010106,1.767184872593471,565.8717520212971,326.1026254896417,295.5380775132241,1.0
Llama2-13B,20,1,20,32,32,768,0.0287055,0.0094062218148367,0.00373525,0.0418469718148367,0.010106,1.8339848725934709,545.2607679287355,326.5899627428023,284.4315224807113,1.0
Llama2-13B,20,1,20,32,32,896,0.0297825,0.0094062218148367,0.00428525,0.0434739718148367,0.010106,1.899064872593471,526.5749550905774,327.0768407793969,274.5545545029773,1.0
Llama2-13B,20,1,20,32,32,1024,0.0309025,0.0094062218148367,0.00483525,0.0451439718148367,0.010106,1.9658648725934704,508.68196178751,327.56418992105733,264.99813115529287,1.0
Llama2-13B,20,1,20,32,32,1152,0.0334555,0.0094062218148367,0.00538525,0.0482469718148367,0.010106,2.089984872593471,478.4723627014083,329.36367143555884,246.12072113371417,1.0
Llama2-13B,20,1,20,32,32,1280,0.0345755,0.0094062218148367,0.00593525,0.0499169718148367,0.010106,2.156784872593472,463.6531036113625,329.85100868871933,238.5005341128252,1.0
Llama2-13B,20,1,20,32,32,1408,0.0356525,0.0094062218148367,0.00648525,0.0515439718148367,0.010106,2.2218648725934704,450.072374938243,330.3378867253139,231.6372531556791,1.0
Llama2-13B,20,1,20,32,32,1536,0.0367725,0.0094062218148367,0.00703525,0.0532139718148367,0.010106,2.28866487259347,436.9359673296421,330.8252358669744,224.9134787320514,1.0
Llama2-13B,20,1,20,32,32,1664,0.0379355,0.0094062218148367,0.00758525,0.0549269718148367,0.010106,2.3571848725934705,424.2348623677359,331.31306800220085,218.33972664272304,1.0
Llama2-13B,20,1,20,32,32,1792,0.0390555,0.0094062218148367,0.00813525,0.0565969718148367,0.010106,2.423984872593471,412.54382867912847,331.8004052553614,212.39031970872304,1.0
Llama2-13B,20,1,20,32,32,1920,0.0401325,0.0094062218148367,0.0086852499999999,0.0582239718148367,0.010106,2.4890648725934708,401.7573069351359,332.287283291956,206.993884814026,1.0
Llama2-13B,20,1,20,32,32,2048,0.0412525,0.0094062218148367,0.00923525,0.0598939718148367,0.010106,2.555864872593471,391.2569912138142,332.7746324336163,201.6693730280689,1.0
Llama2-13B,20,1,20,32,32,2176,0.0437735,0.0094062218148367,0.0097852499999999,0.0629649718148367,0.010106,2.678704872593471,373.3147351286292,334.4930277665766,191.03625924736235,1.0
Llama2-13B,20,1,20,32,32,2304,0.0448935,0.0094062218148367,0.01033525,0.0646349718148367,0.010106,2.745504872593471,364.23173383603415,334.9803650197371,186.5416847760461,1.0
Llama2-13B,20,1,20,32,32,2432,0.0459705,0.0094062218148367,0.0108852499999999,0.0662619718148367,0.010106,2.810584872593471,355.7978304626854,335.46724305633177,182.43615093175603,1.0
Llama2-13B,20,1,20,32,32,2560,0.0470905,0.0094062218148367,0.01143525,0.0679319718148367,0.010106,2.877384872593471,347.5377970895742,335.9545921979922,178.3558213429419,1.0
Llama2-13B,20,1,20,32,32,2688,0.0482535,0.0094062218148367,0.01198525,0.0696449718148367,0.010106,2.9459048725934704,339.4542740681356,336.4424243332185,174.30985541630068,1.0
Llama2-13B,20,1,20,32,32,2816,0.0493735,0.0094062218148367,0.01253525,0.0713149718148367,0.010106,3.01270487259347,331.927633900348,336.9297615863792,170.60253050035905,1.0
Llama2-13B,20,1,20,32,32,2944,0.0504505,0.0094062218148367,0.01308525,0.0729419718148367,0.010106,3.0777848725934707,324.908998320392,337.41663962297366,167.2018313113714,1.0
Llama2-13B,20,1,20,32,32,3072,0.0515705,0.0094062218148367,0.01363525,0.0746119718148367,0.010106,3.144584872593472,318.0069994979204,337.90398876463416,163.8068221001513,1.0
Llama2-13B,20,1,20,32,32,3200,0.0540915,0.0094062218148367,0.01418525,0.0776829718148367,0.010106,3.2674248725934705,306.0514132667004,339.62238409759453,156.9666140232727,1.0
Llama2-13B,20,1,20,32,32,3328,0.0552115,0.0094062218148367,0.0147352499999999,0.0793529718148367,0.010106,3.334224872593471,299.91978292159,340.10972135075485,154.00311590463713,1.0
Llama2-13B,20,1,20,32,32,3456,0.0562885,0.0094062218148367,0.01528525,0.0809799718148367,0.010106,3.399304872593471,294.1777914838978,340.5965993873496,151.27272861568062,1.0
Llama2-13B,20,1,20,32,32,3584,0.0574085,0.0094062218148367,0.01583525,0.0826499718148367,0.010106,3.466104872593471,288.50829295645696,341.08394852900994,148.53373129806997,1.0
Llama2-13B,20,1,20,32,32,3712,0.0585715,0.0094062218148367,0.01638525,0.0843629718148367,0.010106,3.534624872593471,282.9154538445453,341.5717806642364,145.7926554144236,1.0
Llama2-13B,20,1,20,32,32,3840,0.0596915,0.0094062218148367,0.01693525,0.0860329718148367,0.010106,3.601424872593471,277.6678774031669,342.0591179173969,143.26123397694678,1.0
Llama2-13B,20,1,20,32,32,3968,0.0607685,0.0094062218148367,0.01748525,0.0876599718148367,0.010106,3.666504872593471,272.7393075282233,342.5459959539914,140.92251575816064,1.0
Llama2-13B,20,1,20,32,32,4096,0.0618885,0.0094062218148367,0.01803525,0.0893299718148367,0.010106,3.733304872593471,267.8591848581911,343.03334509565195,138.56909809401256,1.0
Llama2-13B,20,2,10,32,32,128,0.0242945,0.0091337434387207,0.00098525,0.0344134934387207,0.0118385,1.538378237548828,1300.0703930827156,184.2306113236492,379.1611503090188,1.0
Llama2-13B,20,2,10,32,32,256,0.0254145,0.0091337434387207,0.00153525,0.0360834934387207,0.0118385,1.6051782375488282,1245.9675525218188,184.70781288945165,363.39060947382734,1.0
Llama2-13B,20,2,10,32,32,384,0.0264915,0.0091337434387207,0.00208525,0.0377104934387206,0.0118385,1.6702582375488275,1197.4196295149436,185.18455523868823,349.5169304091656,1.0
Llama2-13B,20,2,10,32,32,512,0.0276115,0.0091337434387207,0.00263525,0.0393804934387207,0.0118385,1.737058237548828,1151.37187502833,185.66176869299065,336.20369898953464,1.0
Llama2-13B,20,2,10,32,32,640,0.0287745,0.0091337434387207,0.00318525,0.0410934934387207,0.0118385,1.8055782375488283,1107.6783926655596,186.1394651408591,323.44517739814603,1.0
Llama2-13B,20,2,10,32,32,768,0.0298945,0.0091337434387207,0.00373525,0.0427634934387207,0.0118385,1.8723782375488285,1068.1602466274358,186.6166667066616,312.1254189009041,1.0
Llama2-13B,20,2,10,32,32,896,0.0309715,0.0091337434387207,0.00428525,0.0443904934387206,0.0118385,1.937458237548828,1032.2803151258097,187.0934090558981,302.0412460744524,1.0
Llama2-13B,20,2,10,32,32,1024,0.0320915,0.0091337434387207,0.00483525,0.0460604934387207,0.0118385,2.0042582375488283,997.8754047412392,187.5706225102006,292.2434640172641,1.0
Llama2-13B,20,2,10,32,32,1152,0.0346445,0.0091337434387207,0.00538525,0.0491634934387207,0.0118385,2.1283782375488283,939.6826018590208,189.3599683373441,273.29008693637394,1.0
Llama2-13B,20,2,10,32,32,1280,0.0357645,0.0091337434387207,0.00593525,0.0508334934387207,0.0118385,2.195178237548828,911.0877494090104,189.8371699031466,265.3988870292422,1.0
Llama2-13B,20,2,10,32,32,1408,0.0368415,0.0091337434387207,0.00648525,0.0524604934387206,0.0118385,2.260258237548828,884.8546448254209,190.31391225238312,258.2874099213972,1.0
Llama2-13B,20,2,10,32,32,1536,0.0379615,0.0091337434387207,0.00703525,0.0541304934387207,0.0118385,2.327058237548828,859.4542103538714,190.7911257066856,251.2955569546588,1.0
Llama2-13B,20,2,10,32,32,1664,0.0391245,0.0091337434387207,0.00758525,0.0558434934387207,0.0118385,2.395578237548828,834.8715014402592,191.26882215455407,244.43612334285945,1.0
Llama2-13B,20,2,10,32,32,1792,0.0402445,0.0091337434387207,0.00813525,0.0575134934387207,0.0118385,2.462378237548828,812.2229028432683,191.7460237203565,238.22637095796503,1.0
Llama2-13B,20,2,10,32,32,1920,0.0413215,0.0091337434387207,0.0086852499999999,0.0591404934387206,0.0118385,2.527458237548828,791.3088217590627,192.222766069593,232.59412904854983,1.0
Llama2-13B,20,2,10,32,32,2048,0.0424415,0.0091337434387207,0.00923525,0.0608104934387207,0.0118385,2.594258237548828,770.9332752816813,192.6999795238956,227.01834233462003,1.0
Llama2-13B,20,2,10,32,32,2176,0.0449625,0.0091337434387207,0.0097852499999999,0.0638814934387207,0.0118385,2.717098237548828,736.0793851179475,194.4082391694977,216.18931239310285,1.0
Llama2-13B,20,2,10,32,32,2304,0.0460825,0.0091337434387207,0.01033525,0.0655514934387207,0.0118385,2.783898237548828,718.417064612593,194.88544073530025,211.45276486225825,1.0
Llama2-13B,20,2,10,32,32,2432,0.0471595,0.0091337434387207,0.0108852499999999,0.0671784934387207,0.0118385,2.8489782375488284,702.0060643638814,195.3621830845368,207.1291925110919,1.0
Llama2-13B,20,2,10,32,32,2560,0.0482795,0.0091337434387207,0.01143525,0.0688484934387207,0.0118385,2.915778237548828,685.9232208555462,195.8393965388392,202.81837688753947,1.0
Llama2-13B,20,2,10,32,32,2688,0.0494425,0.0091337434387207,0.01198525,0.0705614934387207,0.0118385,2.984298237548828,670.1743059174651,196.31709298670765,198.53071040775416,1.0
Llama2-13B,20,2,10,32,32,2816,0.0505625,0.0091337434387207,0.01253525,0.0722314934387207,0.0118385,3.0510982375488283,655.5016732620013,196.7942945525101,194.60498843264287,1.0
Llama2-13B,20,2,10,32,32,2944,0.0516395,0.0091337434387207,0.01308525,0.0738584934387207,0.0118385,3.116178237548828,641.8118116289751,197.2710369017466,191.0078882461553,1.0
Llama2-13B,20,2,10,32,32,3072,0.0527595,0.0091337434387207,0.01363525,0.0755284934387207,0.0118385,3.182978237548828,628.3423419005765,197.7482503560491,187.4053491371688,1.0
Llama2-13B,20,2,10,32,32,3200,0.0552805,0.0091337434387207,0.01418525,0.0785994934387207,0.0118385,3.305818237548828,604.9939398612986,199.45651000165145,180.4040394005584,1.0
Llama2-13B,20,2,10,32,32,3328,0.0564005,0.0091337434387207,0.0147352499999999,0.0802694934387207,0.0118385,3.372618237548828,593.0110848993013,199.93371156745383,177.24462688048317,1.0
Llama2-13B,20,2,10,32,32,3456,0.0574775,0.0091337434387207,0.01528525,0.0818964934387207,0.0118385,3.437698237548828,581.7846308191537,200.4104539166904,174.33817921507583,1.0
Llama2-13B,20,2,10,32,32,3584,0.0585975,0.0091337434387207,0.01583525,0.0835664934387206,0.0118385,3.504498237548828,570.6951079532778,200.8876673709929,171.41317238021497,1.0
Llama2-13B,20,2,10,32,32,3712,0.0597605,0.0091337434387207,0.01638525,0.0852794934387207,0.0118385,3.5730182375488284,559.7508512500751,201.36536381886128,168.47697376934698,1.0
Llama2-13B,20,2,10,32,32,3840,0.0608805,0.0091337434387207,0.01693525,0.0869494934387207,0.0118385,3.639818237548828,549.477987490624,201.84256538466377,165.76947083603434,1.0
Llama2-13B,20,2,10,32,32,3968,0.0619575,0.0091337434387207,0.01748525,0.0885764934387207,0.0118385,3.704898237548828,539.8258931190526,202.3193077339004,163.27265281354178,1.0
Llama2-13B,20,2,10,32,32,4096,0.0630775,0.0091337434387207,0.01803525,0.0902464934387207,0.0118385,3.771698237548828,530.265115085074,202.7965211882028,160.75186967476742,1.0
Llama2-13B,20,4,5,32,32,128,0.0317565,0.0085462119402204,0.00098525,0.0412879619402204,0.0189515,1.820469977608817,2197.2348070546,155.51418077855772,489.7081881774053,1.0
Llama2-13B,20,4,5,32,32,256,0.0328765,0.0085462119402204,0.00153525,0.0429579619402204,0.0189515,1.887269977608817,2119.463588918012,155.98631450068115,474.46143750302247,1.0
Llama2-13B,20,4,5,32,32,384,0.0339535,0.0085462119402204,0.00208525,0.0445849619402204,0.0189515,1.952349977608817,2048.812992483596,156.45798900623876,460.8007687167414,1.0
Llama2-13B,20,4,5,32,32,512,0.0350735,0.0085462119402204,0.00263525,0.0462549619402204,0.0189515,2.0191499776088166,1981.0316441857428,156.93013461686218,447.4322055593603,1.0
Llama2-13B,20,4,5,32,32,640,0.0362365,0.0085462119402204,0.00318525,0.0479679619402204,0.0189515,2.087669977608817,1916.011650740667,157.40276322105157,434.3762869511447,1.0
Llama2-13B,20,4,5,32,32,768,0.0373565,0.0085462119402204,0.00373525,0.0496379619402204,0.0189515,2.154469977608817,1856.60512403124,157.8748969431751,422.6169393363273,1.0
Llama2-13B,20,4,5,32,32,896,0.0384335,0.0085462119402204,0.00428525,0.0512649619402204,0.0189515,2.219549977608817,1802.1671241254555,158.34657144873256,412.00143481268327,1.0
Llama2-13B,20,4,5,32,32,1024,0.0395535,0.0085462119402204,0.00483525,0.0529349619402204,0.0189515,2.2863499776088165,1749.5134337147315,158.81871705935603,401.5288585317509,1.0
Llama2-13B,20,4,5,32,32,1152,0.0421065,0.0085462119402204,0.00538525,0.0560379619402204,0.0189515,2.4104699776088165,1659.427429985249,160.60299504282057,381.4209089874973,1.0
Llama2-13B,20,4,5,32,32,1280,0.0432265,0.0085462119402204,0.00593525,0.0577079619402204,0.0189515,2.477269977608817,1614.6806913072094,161.07512876494405,372.6305131457418,1.0
Llama2-13B,20,4,5,32,32,1408,0.0443035,0.0085462119402204,0.00648525,0.0593349619402204,0.0189515,2.5423499776088168,1573.3475073176833,161.54680327050158,364.6366613710014,1.0
Llama2-13B,20,4,5,32,32,1536,0.0454235,0.0085462119402204,0.00703525,0.0610049619402204,0.0189515,2.6091499776088165,1533.0663374383112,162.01894888112508,356.6853036008346,1.0
Llama2-13B,20,4,5,32,32,1664,0.0465865,0.0085462119402204,0.00758525,0.0627179619402204,0.0189515,2.6776699776088173,1493.8360714534488,162.49157748531448,348.7954181690285,1.0
Llama2-13B,20,4,5,32,32,1792,0.0477065,0.0085462119402204,0.00813525,0.0643879619402204,0.0189515,2.744469977608817,1457.476318791832,162.96371120743788,341.5964516521604,1.0
Llama2-13B,20,4,5,32,32,1920,0.0487835,0.0085462119402204,0.0086852499999999,0.0660149619402204,0.0189515,2.809549977608816,1423.7155529813233,163.43538571299544,335.02185311221103,1.0
Llama2-13B,20,4,5,32,32,2048,0.0499035,0.0085462119402204,0.00923525,0.0676849619402204,0.0189515,2.8763499776088173,1390.6513571499745,163.90753132361894,328.4489691577122,1.0
Llama2-13B,20,4,5,32,32,2176,0.0524245,0.0085462119402204,0.0097852499999999,0.0707559619402204,0.0189515,2.999189977608817,1333.6934405165975,165.61072312554217,315.9032954544958,1.0
Llama2-13B,20,4,5,32,32,2304,0.0535445,0.0085462119402204,0.01033525,0.0724259619402204,0.0189515,3.065989977608817,1304.635706317482,166.08285684766565,310.1772485459114,1.0
Llama2-13B,20,4,5,32,32,2432,0.0546215,0.0085462119402204,0.0108852499999999,0.0740529619402204,0.0189515,3.131069977608817,1277.5185571083214,166.55453135322318,304.9248580746101,1.0
Llama2-13B,20,4,5,32,32,2560,0.0557415,0.0085462119402204,0.01143525,0.0757229619402204,0.0189515,3.1978699776088173,1250.8325941978949,167.0266769638466,299.6451063639239,1.0
Llama2-13B,20,4,5,32,32,2688,0.0591645,0.0085462119402204,0.01198525,0.0796959619402204,0.0189515,3.356789977608817,1191.6146159520438,169.31066108735308,286.16934325034964,1.0
Llama2-13B,20,4,5,32,32,2816,0.0602845,0.0085462119402204,0.01253525,0.0813659619402204,0.0189515,3.4235899776088163,1168.364210130611,169.78279480947654,281.6359011179932,1.0
Llama2-13B,20,4,5,32,32,2944,0.0613615,0.0085462119402204,0.01308525,0.0829929619402204,0.0189515,3.4886699776088173,1146.5687570544162,170.25446931503404,277.4613875394738,1.0
Llama2-13B,20,4,5,32,32,3072,0.0624815,0.0085462119402204,0.01363525,0.0846629619402204,0.0189515,3.555469977608817,1125.0270780489464,170.7266149256576,273.2434639463803,1.0
Llama2-13B,20,4,5,32,32,3200,0.0650025,0.0085462119402204,0.01418525,0.0877339619402204,0.0189515,3.678309977608817,1087.4559306718097,172.42980672758077,265.26642318000205,1.0
Llama2-13B,20,4,5,32,32,3328,0.0661225,0.0085462119402204,0.0147352499999999,0.0894039619402204,0.0189515,3.745109977608817,1068.0594225310108,172.90194044970428,261.4873007670676,1.0
Llama2-13B,20,4,5,32,32,3456,0.0671995,0.0085462119402204,0.01528525,0.0910309619402204,0.0189515,3.810189977608817,1049.8164195241266,173.37361495526173,257.9983704570151,1.0
Llama2-13B,20,4,5,32,32,3584,0.0683195,0.0085462119402204,0.01583525,0.0927009619402204,0.0189515,3.876989977608817,1031.728228110368,173.84576056588523,254.45994271896788,1.0
Llama2-13B,20,4,5,32,32,3712,0.0694825,0.0085462119402204,0.01638525,0.0944139619402204,0.0189515,3.9455099776088174,1013.810641133952,174.3183891700747,250.88099761821272,1.0
Llama2-13B,20,4,5,32,32,3840,0.0706025,0.0085462119402204,0.01693525,0.0960839619402204,0.0189515,4.012309977608817,996.9319475121528,174.7905228921981,247.5698776844985,1.0
Llama2-13B,20,4,5,32,32,3968,0.0716795,0.0085462119402204,0.01748525,0.0977109619402204,0.0189515,4.077389977608817,981.0197263362572,175.2621973977557,244.5081193336389,1.0
Llama2-13B,20,4,5,32,32,4096,0.0727995,0.0085462119402204,0.01803525,0.0993809619402204,0.0189515,4.144189977608818,965.2067162973028,175.73434300837914,241.3949862408109,1.0
Llama2-13B,20,5,4,32,32,128,0.0368405,0.0083929428536551,0.00098525,0.0462186928536551,0.024332,2.0230797141462054,2471.4794800412183,158.66879078508398,538.3639974521384,1.0
Llama2-13B,20,5,4,32,32,256,0.0379605,0.0083929428536551,0.00153525,0.0478886928536551,0.024332,2.089879714146205,2392.482192231187,159.13991093847173,524.0312658502644,1.0
Llama2-13B,20,5,4,32,32,384,0.0390375,0.0083929428536551,0.00208525,0.0495156928536551,0.024332,2.154959714146205,2320.228989515472,159.6105718752934,511.0809217908851,1.0
Llama2-13B,20,5,4,32,32,512,0.0401575,0.0083929428536551,0.00263525,0.0511856928536551,0.024332,2.221759714146205,2250.468386911696,160.0817039171811,498.2932948925515,1.0
Llama2-13B,20,5,4,32,32,640,0.0413205,0.0083929428536551,0.00318525,0.0528986928536551,0.024332,2.290279714146205,2183.139451970369,160.55331895263464,485.69511184713,1.0
Llama2-13B,20,5,4,32,32,768,0.0424405,0.0083929428536551,0.00373525,0.0545686928536551,0.024332,2.357079714146205,2121.2689456330622,161.02443910602236,474.26526285629984,1.0
Llama2-13B,20,5,4,32,32,896,0.0435175,0.0083929428536551,0.00428525,0.0561956928536551,0.024332,2.422159714146205,2064.273454305414,161.49510004284406,463.879761138749,1.0
Llama2-13B,20,5,4,32,32,1024,0.0446375,0.0083929428536551,0.00483525,0.0578656928536551,0.024332,2.4889597141462048,2008.871405825532,161.96623208473173,453.5598770224916,1.0
Llama2-13B,20,5,4,32,32,1152,0.0471905,0.0083929428536551,0.00538525,0.0609686928536551,0.024332,2.613079714146205,1913.451003018365,163.74949649946046,433.7459247609699,1.0
Llama2-13B,20,5,4,32,32,1280,0.0483105,0.0083929428536551,0.00593525,0.0626386928536551,0.024332,2.679879714146205,1865.755382081756,164.22061665284815,424.9092243219593,1.0
Llama2-13B,20,5,4,32,32,1408,0.0493875,0.0083929428536551,0.00648525,0.0642656928536551,0.024332,2.744959714146205,1821.520357560222,164.69127758966985,416.8344155648438,1.0
Llama2-13B,20,5,4,32,32,1536,0.0505075,0.0083929428536551,0.00703525,0.0659356928536551,0.024332,2.811759714146205,1778.2458347505903,165.16240963155752,408.7571391168576,1.0
Llama2-13B,20,5,4,32,32,1664,0.0516705,0.0083929428536551,0.00758525,0.0676486928536551,0.024332,2.880279714146205,1735.9425112231293,165.63402466701106,400.6977498451997,1.0
Llama2-13B,20,5,4,32,32,1792,0.0527905,0.0083929428536551,0.00813525,0.0693186928536551,0.024332,2.947079714146205,1696.594759890485,166.10514482039878,393.3121130231737,1.0
Llama2-13B,20,5,4,32,32,1920,0.0538675,0.0083929428536551,0.0086852499999999,0.0709456928536551,0.024332,3.012159714146205,1659.938540615283,166.57580575722054,386.5405990560648,1.0
Llama2-13B,20,5,4,32,32,2048,0.0549875,0.0083929428536551,0.00923525,0.0726156928536551,0.024332,3.0789597141462046,1623.9251124422392,167.04693779910824,379.7384355515077,1.0
Llama2-13B,20,5,4,32,32,2176,0.0597685,0.0083929428536551,0.0097852499999999,0.0779466928536551,0.024332,3.292199714146205,1518.7413991063704,170.56047155161278,356.7106242243252,1.0
Llama2-13B,20,5,4,32,32,2304,0.0608885,0.0083929428536551,0.01033525,0.0796166928536551,0.024332,3.358999714146205,1488.5383821090638,171.0315917050003,351.1163678383445,1.0
Llama2-13B,20,5,4,32,32,2432,0.0619655,0.0083929428536551,0.0108852499999999,0.0812436928536551,0.024332,3.424079714146205,1460.246377834913,171.5022526418221,345.96318241969743,1.0
Llama2-13B,20,5,4,32,32,2560,0.0630855,0.0083929428536551,0.01143525,0.0829136928536551,0.024332,3.490879714146205,1432.3037198154775,171.97338468370978,340.7545804576919,1.0
Llama2-13B,20,5,4,32,32,2688,0.0642485,0.0083929428536551,0.01198525,0.0846266928536551,0.024332,3.5593997141462053,1404.7312472741917,172.44499971916332,335.5039411798785,1.0
Llama2-13B,20,5,4,32,32,2816,0.0653685,0.0083929428536551,0.01253525,0.0862966928536551,0.024332,3.626199714146205,1378.854005336344,172.91611987255104,330.6564321357975,1.0
Llama2-13B,20,5,4,32,32,2944,0.0664455,0.0083929428536551,0.01308525,0.0879236928536551,0.024332,3.6912797141462055,1354.5437862208994,173.38678080937274,326.182323877036,1.0
Llama2-13B,20,5,4,32,32,3072,0.0675655,0.0083929428536551,0.01363525,0.0895936928536551,0.024332,3.758079714146205,1330.466722453743,173.8579128512604,321.6469811724557,1.0
Llama2-13B,20,5,4,32,32,3200,0.0700865,0.0083929428536551,0.01418525,0.0926646928536551,0.024332,3.880919714146205,1288.354402636745,175.56009108444786,313.1132441419672,1.0
Llama2-13B,20,5,4,32,32,3328,0.0712065,0.0083929428536551,0.0147352499999999,0.0943346928536551,0.024332,3.9477197141462055,1266.553950647273,176.03121123783552,309.0153483843392,1.0
Llama2-13B,20,5,4,32,32,3456,0.0722835,0.0083929428536551,0.01528525,0.0959616928536551,0.024332,4.0127997141462055,1246.012847930996,176.50187217465725,305.2250378278882,1.0
Llama2-13B,20,5,4,32,32,3584,0.0734035,0.0083929428536551,0.01583525,0.0976316928536551,0.024332,4.079599714146205,1225.6104398336588,176.97300421654492,301.3701734531475,1.0
Llama2-13B,20,5,4,32,32,3712,0.0745665,0.0083929428536551,0.01638525,0.0993446928536551,0.024332,4.148119714146205,1205.365405185548,177.44461925199855,297.46035292657984,1.0
Llama2-13B,20,5,4,32,32,3840,0.0756865,0.0083929428536551,0.01693525,0.1010146928536551,0.024332,4.214919714146206,1186.2622159133637,177.91573940538615,293.8366475616295,1.0
Llama2-13B,20,5,4,32,32,3968,0.0767635,0.0083929428536551,0.01748525,0.1026416928536551,0.024332,4.279999714146205,1168.2243770891057,178.38640034220788,290.48050235823,1.0
Llama2-13B,20,5,4,32,32,4096,0.0778835,0.0083929428536551,0.01803525,0.1043116928536551,0.024332,4.346799714146206,1150.2715397095526,178.85753238409555,287.0594098623194,1.0
Llama2-13B,20,10,2,32,32,128,0.0529535,0.0074477834865025,0.00098525,0.0613865334865025,0.040868,2.6463293394601006,3778.819155608267,134.4843019511584,634.916964653698,1.0
Llama2-13B,20,10,2,32,32,256,0.0540735,0.0074477834865025,0.00153525,0.0630565334865025,0.040868,2.7131293394601004,3685.78078993829,134.95339496707444,623.9349911096674,1.0
Llama2-13B,20,10,2,32,32,384,0.0551505,0.0074477834865025,0.00208525,0.0646835334865025,0.040868,2.7782093394601004,3599.4407829409056,135.42202876642466,613.8748912812423,1.0
Llama2-13B,20,10,2,32,32,512,0.0562705,0.0074477834865025,0.00263525,0.0663535334865025,0.040868,2.8450093394601006,3514.926949905095,135.89113367084062,603.7405641981173,1.0
Llama2-13B,20,10,2,32,32,640,0.0574335,0.0074477834865025,0.00318525,0.0680665334865025,0.040868,2.9135293394601,3432.2633599609053,136.36072156882258,593.5591665527203,1.0
Llama2-13B,20,10,2,32,32,768,0.0585535,0.0074477834865025,0.00373525,0.0697365334865025,0.040868,2.9803293394601003,3355.3338779034216,136.82981458473864,584.2085212017159,1.0
Llama2-13B,20,10,2,32,32,896,0.0596305,0.0074477834865025,0.00428525,0.0713635334865025,0.040868,3.0454093394601003,3283.630830978154,137.29844838408886,575.6217388085327,1.0
Llama2-13B,20,10,2,32,32,1024,0.0607505,0.0074477834865025,0.00483525,0.0730335334865025,0.040868,3.1122093394601,3213.15146549068,137.7675532885049,566.939997565884,1.0
Llama2-13B,20,10,2,32,32,1152,0.0655635,0.0074477834865025,0.00538525,0.0783965334865025,0.040868,3.3267293394601,3005.95539330017,141.36014608507907,539.0199809538807,1.0
Llama2-13B,20,10,2,32,32,1280,0.0666835,0.0074477834865025,0.00593525,0.0800665334865025,0.040868,3.3935293394601005,2946.7846008341767,141.82923910099512,531.7253859687747,1.0
Llama2-13B,20,10,2,32,32,1408,0.0677605,0.0074477834865025,0.00648525,0.0816935334865025,0.040868,3.4586093394601,2891.335510463009,142.29787290034523,525.0030360621057,1.0
Llama2-13B,20,10,2,32,32,1536,0.0688805,0.0074477834865025,0.00703525,0.0833635334865025,0.040868,3.5254093394601,2836.5500391882024,142.76697780476135,518.1690674601715,1.0
Llama2-13B,20,10,2,32,32,1664,0.0700435,0.0074477834865025,0.00758525,0.0850765334865025,0.040868,3.5939293394601,2782.4698416308474,143.23656570274335,511.24146317196926,1.0
Llama2-13B,20,10,2,32,32,1792,0.0711635,0.0074477834865025,0.00813525,0.0867465334865025,0.040868,3.660729339460101,2731.6960836757307,143.70565871865932,504.8432789233925,1.0
Llama2-13B,20,10,2,32,32,1920,0.0722405,0.0074477834865025,0.0086852499999999,0.0883735334865025,0.040868,3.725809339460101,2683.980603647604,144.17429251800957,498.93858887331055,1.0
Llama2-13B,20,10,2,32,32,2048,0.0733605,0.0074477834865025,0.00923525,0.0900435334865025,0.040868,3.7926093394601,2636.70710715055,144.64339742242564,492.9198868002045,1.0
Llama2-13B,20,10,2,32,32,2176,0.0781415,0.0074477834865025,0.0097852499999999,0.0953745334865025,0.040868,4.0058493394601005,2496.3495010892693,148.1549040374585,473.995585052304,1.0
Llama2-13B,20,10,2,32,32,2304,0.0792615,0.0074477834865025,0.01033525,0.0970445334865025,0.040868,4.0726493394601,2455.4041279983294,148.62399705337458,468.7773920925498,1.0
Llama2-13B,20,10,2,32,32,2432,0.0803385,0.0074477834865025,0.0108852499999999,0.0986715334865025,0.040868,4.1377293394601,2416.78446790452,149.09263085272465,463.9513771501978,1.0
Llama2-13B,20,10,2,32,32,2560,0.0814585,0.0074477834865025,0.01143525,0.1003415334865025,0.040868,4.204529339460101,2378.387494207399,149.5617357571407,459.0120606110496,1.0
Llama2-13B,20,10,2,32,32,2688,0.0826215,0.0074477834865025,0.01198525,0.1020545334865025,0.040868,4.2730493394601,2340.249130206276,150.03132365512278,453.97179806443455,1.0
Llama2-13B,20,10,2,32,32,2816,0.0837415,0.0074477834865025,0.01253525,0.1037245334865025,0.040868,4.3398493394601,2304.227455334671,150.5004166710388,449.3005757928829,1.0
Llama2-13B,20,10,2,32,32,2944,0.0848185,0.0074477834865025,0.01308525,0.1053515334865025,0.040868,4.4049293394601,2270.183975578976,150.9690504703889,444.9767753213889,1.0
Llama2-13B,20,10,2,32,32,3072,0.0859385,0.0074477834865025,0.01363525,0.1070215334865025,0.040868,4.471729339460101,2236.2713037563585,151.43815537480504,440.5422347807007,1.0
Llama2-13B,20,10,2,32,32,3200,0.0907195,0.0074477834865025,0.01418525,0.1123525334865025,0.040868,4.6849693394601,2134.4856871896645,154.94966198983784,427.00208331681137,1.0
Llama2-13B,20,10,2,32,32,3328,0.0918395,0.0074477834865025,0.0147352499999999,0.1140225334865025,0.040868,4.7517693394601,2104.4792551180963,155.41875500575395,423.0716494693295,1.0
Llama2-13B,20,10,2,32,32,3456,0.0929165,0.0074477834865025,0.01528525,0.1156495334865025,0.040868,4.8168493394601,2076.045833129765,155.88738880510405,419.4287042804671,1.0
Llama2-13B,20,10,2,32,32,3584,0.0940365,0.0074477834865025,0.01583525,0.1173195334865025,0.040868,4.8836493394601,2047.6490642355427,156.35649370952018,415.6803308011255,1.0
Llama2-13B,20,10,2,32,32,3712,0.0951995,0.0074477834865025,0.01638525,0.1190325334865025,0.040868,4.9521693394601005,2019.3170537036256,156.82608160750212,411.8353604995355,1.0
Llama2-13B,20,10,2,32,32,3840,0.0963195,0.0074477834865025,0.01693525,0.1207025334865025,0.040868,5.0189693394601,1992.4409422823287,157.29517462341815,408.26409663520417,1.0
Llama2-13B,20,10,2,32,32,3968,0.0973965,0.0074477834865025,0.01748525,0.1223295334865025,0.040868,5.084049339460099,1966.9360646019911,157.76380842276836,404.9524583089956,1.0
Llama2-13B,20,10,2,32,32,4096,0.0985165,0.0074477834865025,0.01803525,0.1239995334865025,0.040868,5.150849339460101,1941.427392059612,158.23291332718443,401.5391161053842,1.0
Llama2-13B,20,20,1,32,32,128,0.088055,0.0056851889910016,0.00098525,0.0947254389910016,0.077148,4.016165559640067,4979.874385903659,126.9045634480403,720.5982820285063,1.0
Llama2-13B,20,20,1,32,32,256,0.089175,0.0056851889910016,0.00153525,0.0963954389910016,0.077148,4.082965559640067,4898.400368031293,127.3726428952206,714.1723739569416,1.0
Llama2-13B,20,20,1,32,32,384,0.090252,0.0056851889910016,0.00208525,0.0980224389910016,0.077148,4.148045559640067,4821.547813890316,127.39392485576138,705.7678769210729,1.0
Llama2-13B,20,20,1,32,32,512,0.091372,0.0056851889910016,0.00263525,0.0996924389910016,0.077148,4.214845559640067,4745.132346369514,128.30835446151514,702.1207506758919,1.0
Llama2-13B,20,20,1,32,32,640,0.094795,0.0056851889910016,0.00318525,0.1036654389910016,0.077148,4.373765559640068,4572.718799689361,130.58828431007836,688.793102537467,1.0
Llama2-13B,20,20,1,32,32,768,0.095915,0.0056851889910016,0.00373525,0.1053354389910016,0.077148,4.440565559640068,4503.9308014678,131.0563637572586,683.1901358351593,1.0
Llama2-13B,20,20,1,32,32,896,0.096992,0.0056851889910016,0.00428525,0.1069624389910016,0.077148,4.505645559640068,4438.875569608208,131.07770668492358,675.7140108716371,1.0
Llama2-13B,20,20,1,32,32,1024,0.098112,0.0056851889910016,0.00483525,0.1086324389910016,0.077148,4.572445559640068,4374.026926976547,131.99207532355325,672.6602012167384,1.0
Llama2-13B,20,20,1,32,32,1152,0.102925,0.0056851889910016,0.00538525,0.1139954389910016,0.077148,4.786965559640067,4178.012093636998,135.58365455139162,658.6526818139014,1.0
Llama2-13B,20,20,1,32,32,1280,0.104045,0.0056851889910016,0.00593525,0.1156654389910016,0.077148,4.853765559640068,4120.512157880799,136.0517339985719,653.811975580623,1.0
Llama2-13B,20,20,1,32,32,1408,0.105122,0.0056851889910016,0.00648525,0.1172924389910016,0.077148,4.918845559640068,4065.994704957454,136.0730769262369,647.2150307558686,1.0
Llama2-13B,20,20,1,32,32,1536,0.106242,0.0056851889910016,0.00703525,0.1189624389910016,0.077148,4.985645559640068,4011.516615201157,136.98744556486645,644.6953444253049,1.0
Llama2-13B,20,20,1,32,32,1664,0.109665,0.0056851889910016,0.00758525,0.1229354389910016,0.077148,5.144565559640068,3887.597459521786,139.2673754134297,634.967288621847,1.0
Llama2-13B,20,20,1,32,32,1792,0.110785,0.0056851889910016,0.00813525,0.1246054389910016,0.077148,5.211365559640067,3837.765700969428,139.73545486061,630.6605355445683,1.0
Llama2-13B,20,20,1,32,32,1920,0.111862,0.0056851889910016,0.0086852499999999,0.1262324389910016,0.077148,5.276445559640068,3790.4304657251687,139.756797788275,624.6839757391921,1.0
Llama2-13B,20,20,1,32,32,2048,0.112982,0.0056851889910016,0.00923525,0.1279024389910016,0.077148,5.343245559640068,3743.043395023612,140.67116642690456,622.5379548375164,1.0
Llama2-13B,20,20,1,32,32,2176,0.117763,0.0056851889910016,0.0097852499999999,0.1332334389910016,0.077148,5.556485559640068,3599.397458219173,144.18165947320173,612.1687604476857,1.0
Llama2-13B,20,20,1,32,32,2304,0.118883,0.0056851889910016,0.01033525,0.1349034389910016,0.077148,5.623285559640068,3556.639581590118,144.649738920382,608.3701577196988,1.0
Llama2-13B,20,20,1,32,32,2432,0.11996,0.0056851889910016,0.0108852499999999,0.1365304389910016,0.077148,5.688365559640066,3515.948437263499,144.67108184804698,602.9971734246705,1.0
Llama2-13B,20,20,1,32,32,2560,0.12108,0.0056851889910016,0.01143525,0.1382004389910016,0.077148,5.755165559640068,3475.1389499993493,145.58545048667656,601.195286119411,1.0
Llama2-13B,20,20,1,32,32,2688,0.124503,0.0056851889910016,0.01198525,0.1421734389910016,0.077148,5.914085559640068,3381.7569594338443,147.86538033523982,593.8225598388786,1.0
Llama2-13B,20,20,1,32,32,2816,0.125623,0.0056851889910016,0.01253525,0.1438434389910017,0.077148,5.980885559640068,3343.9864047831084,148.33345978242005,590.3913287472043,1.0
Llama2-13B,20,20,1,32,32,2944,0.1267,0.0056851889910016,0.01308525,0.1454704389910016,0.077148,6.045965559640067,3307.9910566329218,148.35480271008498,585.4569956988358,1.0
Llama2-13B,20,20,1,32,32,3072,0.12782,0.0056851889910016,0.01363525,0.1471404389910016,0.077148,6.112765559640066,3271.841493816041,149.26917134871465,583.9038153212119,1.0
Llama2-13B,20,20,1,32,32,3200,0.132601,0.0056851889910016,0.01418525,0.1524714389910016,0.077148,6.326005559640068,3161.5527067506946,152.7796643950118,576.0879042956379,1.0
Llama2-13B,20,20,1,32,32,3328,0.133721,0.0056851889910016,0.0147352499999999,0.1541414389910017,0.077148,6.392805559640068,3128.5168637486377,153.24774384219202,573.0130040988028,1.0
Llama2-13B,20,20,1,32,32,3456,0.134798,0.0056851889910016,0.01528525,0.1557684389910016,0.077148,6.457885559640068,3096.988916154579,153.26908676985698,568.5139496500577,1.0
Llama2-13B,20,20,1,32,32,3584,0.135918,0.0056851889910016,0.01583525,0.1574384389910016,0.077148,6.524685559640068,3065.281815834094,154.18345540848662,567.1929229700503,1.0
Llama2-13B,20,20,1,32,32,3712,0.139341,0.0056851889910016,0.01638525,0.1614114389910016,0.077148,6.683605559640067,2992.39681658848,156.4633852570498,561.4405855313576,1.0
Llama2-13B,20,20,1,32,32,3840,0.140461,0.0056851889910016,0.01693525,0.1630814389910017,0.077148,6.750405559640068,2962.7849502225167,156.93146470423017,558.6300279231606,1.0
Llama2-13B,20,20,1,32,32,3968,0.141538,0.0056851889910016,0.01748525,0.1647084389910016,0.077148,6.815485559640067,2934.493782575957,156.95280763189513,554.4546610517851,1.0
Llama2-13B,20,20,1,32,32,4096,0.142658,0.0056851889910016,0.01803525,0.1663784389910017,0.077148,6.882285559640068,2906.011357227956,157.8671762705247,553.3064261048269,1.0
Llama2-13B,20,40,1,32,16,128,0.1649895,0.0006398072596958,0.0019705,0.1675998072596958,0.1499815,7.0039737903878345,5711.043644237433,121.74656145008174,737.9049057672258,1.0
Llama2-13B,20,40,1,32,16,256,0.1671415,0.0006398072596958,0.0030705,0.1708518072596958,0.1499815,7.134053790387835,5606.910345124471,122.14008932915894,730.7586047101345,1.0
Llama2-13B,20,40,1,32,16,384,0.1715535,0.0006398072596958,0.0041705,0.1763638072596958,0.1499815,7.354533790387834,5438.821975674224,123.43929496789472,719.5381905230422,1.0
Llama2-13B,20,40,1,32,16,512,0.1737055,0.0006398072596958,0.0052705,0.1796158072596959,0.1499815,7.484613790387836,5344.297130116488,123.83282284697196,712.8894758483291,1.0
Llama2-13B,20,40,1,32,16,640,0.1781175,0.0006398072596958,0.0063705,0.1851278072596958,0.1499815,7.705093790387836,5191.370940857373,125.1320284857077,702.5251785237703,1.0
Llama2-13B,20,40,1,32,16,768,0.1802695,0.0006398072596958,0.0074705,0.1883798072596958,0.1499815,7.835173790387834,5105.183505830065,125.52555636478498,696.3216537727395,1.0
Llama2-13B,20,40,1,32,16,896,0.1846815,0.0006398072596958,0.0085705,0.1938918072596958,0.1499815,8.055653790387835,4965.456689279372,126.82476200352072,686.7215287049364,1.0
Llama2-13B,20,40,1,32,16,1024,0.1868335,0.0006398072596958,0.0096705,0.1971438072596958,0.1499815,8.185733790387834,4886.550311099823,127.21828988259794,680.9179824956332,1.0
Llama2-13B,20,40,1,32,16,1152,0.193264,0.0006398072596958,0.0107705,0.2046743072596958,0.1499815,8.486953790387835,4713.116270917281,129.46795018779494,669.9020520520892,1.0
Llama2-13B,20,40,1,32,16,1280,0.195416,0.0006398072596958,0.0118705,0.2079263072596958,0.1499815,8.617033790387834,4641.968567492375,129.8614780668722,664.5386153993132,1.0
Llama2-13B,20,40,1,32,16,1408,0.199828,0.0006398072596958,0.0129705,0.2134383072596958,0.1499815,8.837513790387836,4526.159839604005,131.16068370560802,656.3678949176688,1.0
Llama2-13B,20,40,1,32,16,1536,0.20198,0.0006398072596958,0.0140705,0.2166903072596958,0.1499815,8.967593790387832,4460.505341229341,131.55421158468522,651.3229606133535,1.0
Llama2-13B,20,40,1,32,16,1664,0.206392,0.0006398072596958,0.0151705,0.2222023072596958,0.1499815,9.188073790387834,4353.469607726298,132.853417223421,643.6946064935701,1.0
Llama2-13B,20,40,1,32,16,1792,0.208544,0.0006398072596958,0.0162705,0.2254543072596958,0.1499815,9.318153790387834,4292.695838660884,133.24694510249822,638.939241131359,1.0
Llama2-13B,20,40,1,32,16,1920,0.212956,0.0006398072596958,0.0173704999999999,0.2309663072596958,0.1499815,9.538633790387836,4193.472658559169,134.546150741234,631.8025824171842,1.0
Llama2-13B,20,40,1,32,16,2048,0.215108,0.0006398072596958,0.0184705,0.2342183072596958,0.1499815,9.668713790387836,4137.054924489135,134.93967862031118,627.3112976751729,1.0
Llama2-13B,20,40,1,32,16,2176,0.22151,0.0006398072596958,0.0195704999999999,0.2417203072596958,0.1499815,9.968793790387837,4012.521558883986,137.1387652311982,619.1086868818476,1.0
Llama2-13B,20,40,1,32,16,2304,0.223662,0.0006398072596958,0.0206705,0.2449723072596958,0.1499815,10.098873790387836,3960.837696384742,137.5322931102754,614.9113086276404,1.0
Llama2-13B,20,40,1,32,16,2432,0.228074,0.0006398072596958,0.0217704999999999,0.2504843072596958,0.1499815,10.319353790387837,3876.211709812565,138.83149874901113,608.7125176434449,1.0
Llama2-13B,20,40,1,32,16,2560,0.230226,0.0006398072596958,0.0228705,0.2537363072596958,0.1499815,10.449433790387834,3827.958605450467,139.22502662808836,604.7319878210467,1.0
Llama2-13B,20,40,1,32,16,2688,0.234638,0.0006398072596958,0.0239705,0.2592483072596959,0.1499815,10.669913790387836,3748.8587804743697,140.5242322668241,598.8980142467293,1.0
Llama2-13B,20,40,1,32,16,2816,0.23679,0.0006398072596958,0.0250705,0.2625003072596958,0.1499815,10.799993790387836,3703.705833201555,140.91776014590138,595.1170241391163,1.0
Llama2-13B,20,40,1,32,16,2944,0.241202,0.0006398072596958,0.0261705,0.2680123072596959,0.1499815,11.020473790387834,3629.60801511895,142.21696578463713,589.6176888443589,1.0
Llama2-13B,20,40,1,32,16,3072,0.243354,0.0006398072596958,0.0272705,0.2712643072596958,0.1499815,11.150553790387834,3587.265776385151,142.6104936637143,586.0207502803091,1.0
Llama2-13B,20,40,1,32,16,3200,0.249756,0.0006398072596958,0.0283705,0.2787663072596959,0.1499815,11.45063379038784,3493.256419882867,144.8095802746014,579.8042100073723,1.0
Llama2-13B,20,40,1,32,16,3328,0.251908,0.0006398072596958,0.0294704999999999,0.2820183072596959,0.1499815,11.580713790387836,3454.018528046224,145.20310815367858,576.4132467157793,1.0
Llama2-13B,20,40,1,32,16,3456,0.25632,0.0006398072596958,0.0305705,0.2875303072596958,0.1499815,11.801193790387831,3389.487598498749,146.50231379241438,571.5602129853867,1.0
Llama2-13B,20,40,1,32,16,3584,0.258472,0.0006398072596958,0.0316705,0.2907823072596958,0.1499815,11.931273790387833,3352.533912366098,146.89584167149155,568.3240028764877,1.0
Llama2-13B,20,40,1,32,16,3712,0.262884,0.0006398072596958,0.0327705,0.2962943072596958,0.1499815,12.151753790387836,3291.705929035562,148.1950473102273,563.7279077852864,1.0
Llama2-13B,20,40,1,32,16,3840,0.265036,0.0006398072596958,0.0338705,0.2995463072596959,0.1499815,12.281833790387834,3256.8426411457635,148.58857518930452,560.6354426919534,1.0
Llama2-13B,20,40,1,32,16,3968,0.269448,0.0006398072596958,0.0349705,0.3050583072596959,0.1499815,12.502313790387836,3199.4077792826824,149.88778082804023,556.2772068378323,1.0
Llama2-13B,20,40,1,32,16,4096,0.2716,0.0006398072596958,0.0360705,0.3083103072596959,0.1499815,12.632393790387836,3166.462403225314,150.2813087071175,553.3185151219348,1.0
Llama2-13B,32,1,32,32,32,128,0.0219165,0.015258120689392089,0.00098525,0.03815987068939209,0.008951,1.6853458275756834,593.3500315709497,454.0600876627755,517.9432022252364,1.0
Llama2-13B,32,1,32,32,32,256,0.0230365,0.015258120689392089,0.00153525,0.03982987068939209,0.008951,1.7521458275756834,570.7287511471732,454.5595877407658,493.303656958268,1.0
Llama2-13B,32,1,32,32,32,384,0.0241135,0.015258120689392089,0.00208525,0.041456870689392085,0.008951,1.8172258275756832,550.2893392914604,455.0586286021898,471.788239577612,1.0
Llama2-13B,32,1,32,32,32,512,0.0252335,0.015258120689392089,0.00263525,0.04312687068939209,0.008951,1.8840258275756834,530.7782862439708,455.55814056868,451.34260067834424,1.0
Llama2-13B,32,1,32,32,32,640,0.0263965,0.015258120689392089,0.00318525,0.04483987068939209,0.008951,1.9525458275756835,512.1518716114429,456.0581355287361,431.93049791519326,1.0
Llama2-13B,32,1,32,32,32,768,0.0275165,0.015258120689392089,0.00373525,0.04650987068939209,0.008951,2.0193458275756835,495.20987754759443,456.5576356067261,414.803513897776,1.0
Llama2-13B,32,1,32,32,32,896,0.0285935,0.015258120689392089,0.00428525,0.04813687068939209,0.008951,2.0844258275756835,479.74842125376176,457.0566764681503,399.6158886356603,1.0
Llama2-13B,32,1,32,32,32,1024,0.0297135,0.015258120689392089,0.00483525,0.04980687068939209,0.008951,2.1512258275756837,464.8512430361374,457.55618843464043,384.9733188909421,1.0
Llama2-13B,32,1,32,32,32,1152,0.0322665,0.015258120689392089,0.00538525,0.05290987068939209,0.008951,2.2753458275756837,439.4936312013157,459.3678327739716,355.9169981048237,1.0
Llama2-13B,32,1,32,32,32,1280,0.0333865,0.015258120689392089,0.00593525,0.05457987068939209,0.008951,2.3421458275756835,426.9588973608375,459.86733285196175,344.35125938025976,1.0
Llama2-13B,32,1,32,32,32,1408,0.0344635,0.015258120689392089,0.00648525,0.05620687068939209,0.008951,2.407225827575684,415.4159483271661,460.366373713386,333.95213320860177,1.0
Llama2-13B,32,1,32,32,32,1536,0.0355835,0.015258120689392089,0.00703525,0.05787687068939209,0.008951,2.4740258275756837,404.1994989922589,460.8658856798759,323.7918457149213,1.0
Llama2-13B,32,1,32,32,32,1664,0.0367465,0.015258120689392089,0.00758525,0.05958987068939209,0.008951,2.5425458275756836,393.3065784515277,461.365880639932,313.8842343079831,1.0
Llama2-13B,32,1,32,32,32,1792,0.0378665,0.015258120689392089,0.00813525,0.06125987068939208,0.008951,2.6093458275756833,383.2378174759188,461.86538071792216,304.9300705887276,1.0
Llama2-13B,32,1,32,32,32,1920,0.0389435,0.015258120689392089,0.008685249999999999,0.06288687068939208,0.008951,2.6744258275756834,373.91203363694746,462.36442157934636,296.8174545041831,1.0
Llama2-13B,32,1,32,32,32,2048,0.0400635,0.015258120689392089,0.00923525,0.06455687068939209,0.008951,2.7412258275756836,364.8002984432667,462.86393354583646,288.8314385574378,1.0
Llama2-13B,32,1,32,32,32,2176,0.0425845,0.015258120689392089,0.009785249999999999,0.06762787068939208,0.008951,2.864065827575683,349.15398604733184,464.5944917036264,272.74858910144894,1.0
Llama2-13B,32,1,32,32,32,2304,0.0437045,0.015258120689392089,0.01033525,0.0692978706893921,0.008951,2.930865827575684,341.1961034146579,465.0939917816164,266.0446817728245,1.0
Llama2-13B,32,1,32,32,32,2432,0.0447815,0.015258120689392089,0.010885249999999999,0.07092487068939209,0.008951,2.9959458275756834,333.78440651218284,465.5930326430406,259.9248755864814,1.0
Llama2-13B,32,1,32,32,32,2560,0.0459015,0.015258120689392089,0.011435250000000001,0.07259487068939208,0.008951,3.062745827575683,326.50440366171364,466.09254460953065,253.85474581959784,1.0
Llama2-13B,32,1,32,32,32,2688,0.0470645,0.015258120689392089,0.01198525,0.0743078706893921,0.008951,3.131265827575684,319.35966317309726,466.5925395695867,247.8473900549176,1.0
Llama2-13B,32,1,32,32,32,2816,0.0481845,0.015258120689392089,0.012535250000000001,0.07597787068939209,0.008951,3.1980658275756837,312.68899826182036,467.0920396475768,242.34558812874312,1.0
Llama2-13B,32,1,32,32,32,2944,0.0492615,0.015258120689392089,0.01308525,0.07760487068939209,0.008951,3.2631458275756837,306.45274616578763,467.5910805090011,237.30046816936195,1.0
Llama2-13B,32,1,32,32,32,3072,0.0503815,0.015258120689392089,0.013635250000000002,0.0792748706893921,0.008951,3.329945827575684,300.3051856636463,468.0905924754911,232.27305284454175,1.0
Llama2-13B,32,1,32,32,32,3200,0.0529025,0.015258120689392089,0.01418525,0.08234587068939209,0.008951,3.4527858275756835,289.62120732004206,469.8211506332809,222.02218734146825,1.0
Llama2-13B,32,1,32,32,32,3328,0.0540225,0.015258120689392089,0.014735249999999998,0.08401587068939209,0.008951,3.5195858275756837,284.1243399053028,470.3206507112711,217.65035434831367,1.0
Llama2-13B,32,1,32,32,32,3456,0.0550995,0.015258120689392089,0.01528525,0.0856428706893921,0.008951,3.5846658275756837,278.9660314518918,470.81969157269526,213.62248821345716,1.0
Llama2-13B,32,1,32,32,32,3584,0.0562195,0.015258120689392089,0.015835250000000002,0.08731287068939209,0.008951,3.6514658275756835,273.862620443563,471.3192035391854,209.58884530242418,1.0
Llama2-13B,32,1,32,32,32,3712,0.0573825,0.015258120689392089,0.01638525,0.08902587068939209,0.008951,3.719985827575684,268.81822844247245,471.81919849924145,205.5588369708715,1.0
Llama2-13B,32,1,32,32,32,3840,0.0585025,0.015258120689392089,0.016935250000000002,0.09069587068939208,0.008951,3.7867858275756836,264.07619694726816,472.3186985772316,201.8369721709464,1.0
Llama2-13B,32,1,32,32,32,3968,0.0595795,0.015258120689392089,0.01748525,0.0923228706893921,0.008951,3.851865827575684,259.61444265294864,472.8177394386558,198.3978295549038,1.0
Llama2-13B,32,1,32,32,32,4096,0.0606995,0.015258120689392089,0.01803525,0.09399287068939209,0.008951,3.918665827575684,255.18889438415283,473.31725140514584,194.94281312249103,1.0
Llama2-13B,32,2,16,32,32,128,0.0231055,0.014811085853576659,0.00098525,0.038901835853576656,0.010106,1.716179434143066,1165.3793072043502,260.5841254073705,563.9006414216758,1.0
Llama2-13B,32,2,16,32,32,256,0.0242255,0.014811085853576659,0.00153525,0.04057183585357666,0.010106,1.7829794341430663,1121.7179299441768,261.06740838558784,538.8276988825573,1.0
Llama2-13B,32,2,16,32,32,384,0.0253025,0.014811085853576659,0.00208525,0.04219883585357666,0.010106,1.848059434143066,1082.2162767332145,261.55023214723917,516.8466201901772,1.0
Llama2-13B,32,2,16,32,32,512,0.0264225,0.014811085853576659,0.00263525,0.043868835853576656,0.010106,1.914859434143066,1044.4630892162777,262.03352701395653,495.8530173411987,1.0
Llama2-13B,32,2,16,32,32,640,0.0275855,0.014811085853576659,0.00318525,0.045581835853576655,0.010106,1.9833794341430662,1008.3799224549865,262.51730487423964,475.8248080952669,1.0
Llama2-13B,32,2,16,32,32,768,0.0287055,0.014811085853576659,0.00373525,0.04725183585357666,0.010106,2.0501794341430664,975.5243695710759,263.00058785245693,458.1013879787096,1.0
Llama2-13B,32,2,16,32,32,896,0.0297825,0.014811085853576659,0.00428525,0.048878835853576656,0.010106,2.1152594341430664,945.5104975386812,263.4834116141083,442.34602806028414,1.0
Llama2-13B,32,2,16,32,32,1024,0.0309025,0.014811085853576659,0.00483525,0.050548835853576654,0.010106,2.182059434143066,916.5653183894306,263.96670648082556,427.09603831538817,1.0
Llama2-13B,32,2,16,32,32,1152,0.0334555,0.014811085853576659,0.00538525,0.053651835853576656,0.010106,2.306179434143066,867.2352074560769,265.76213372038393,397.1875083624277,1.0
Llama2-13B,32,2,16,32,32,1280,0.0345755,0.014811085853576659,0.00593525,0.05532183585357667,0.010106,2.3729794341430663,842.8223065162142,266.2454166986012,385.0203420031543,1.0
Llama2-13B,32,2,16,32,32,1408,0.0356525,0.014811085853576659,0.00648525,0.05694883585357666,0.010106,2.4380594341430664,820.3245466421387,266.72824046025255,374.06667198689104,1.0
Llama2-13B,32,2,16,32,32,1536,0.0367725,0.014811085853576659,0.00703525,0.058618835853576655,0.010106,2.504859434143066,798.4479978151817,267.21153532696985,363.33066194434673,1.0
Llama2-13B,32,2,16,32,32,1664,0.0379355,0.014811085853576659,0.00758525,0.060331835853576654,0.010106,2.573379434143066,777.1881493511659,267.6953131872531,352.82955699444204,1.0
Llama2-13B,32,2,16,32,32,1792,0.0390555,0.014811085853576659,0.00813525,0.06200183585357666,0.010106,2.640179434143066,757.5242705612349,268.1785961654705,343.3301278507128,1.0
Llama2-13B,32,2,16,32,32,1920,0.0401325,0.014811085853576659,0.008685249999999999,0.06362883585357665,0.010106,2.705259434143066,739.3006285304876,268.6614199271217,334.7180214628066,1.0
Llama2-13B,32,2,16,32,32,2048,0.0412525,0.014811085853576659,0.00923525,0.06529883585357665,0.010106,2.772059434143066,721.4852522158369,269.14471479383906,326.2162472502746,1.0
Llama2-13B,32,2,16,32,32,2176,0.0437735,0.014811085853576659,0.009785249999999999,0.06836983585357666,0.010106,2.894899434143066,690.8702859973546,270.859055851856,309.3870216590585,1.0
Llama2-13B,32,2,16,32,32,2304,0.0448935,0.014811085853576659,0.01033525,0.07003983585357666,0.010106,2.9616994341430662,675.2879704616877,271.34233883007334,302.206710136293,1.0
Llama2-13B,32,2,16,32,32,2432,0.0459705,0.014811085853576659,0.010885249999999999,0.07166683585357665,0.010106,3.026779434143066,660.7683326506528,271.82516259172473,295.65173599561103,1.0
Llama2-13B,32,2,16,32,32,2560,0.0470905,0.014811085853576659,0.011435250000000001,0.07333683585357667,0.010106,3.0935794341430665,646.5002895760483,272.30845745844204,289.13311332268927,1.0
Llama2-13B,32,2,16,32,32,2688,0.0482535,0.014811085853576659,0.01198525,0.07504983585357666,0.010106,3.1620994341430664,632.491179247816,272.7922353187251,282.6657499650026,1.0
Llama2-13B,32,2,16,32,32,2816,0.0493735,0.014811085853576659,0.012535250000000001,0.07671983585357665,0.010106,3.228899434143066,619.406098205344,273.2755182969425,276.743109458457,1.0
Llama2-13B,32,2,16,32,32,2944,0.0504505,0.014811085853576659,0.01308525,0.07834683585357666,0.010106,3.293979434143066,607.1683324034788,273.75834205859377,271.313804678441,1.0
Llama2-13B,32,2,16,32,32,3072,0.0515705,0.014811085853576659,0.013635250000000002,0.08001683585357666,0.010106,3.3607794341430663,595.1000472335255,274.241636925311,265.8900310500297,1.0
Llama2-13B,32,2,16,32,32,3200,0.0540915,0.014811085853576659,0.01418525,0.08308783585357665,0.010106,3.483619434143066,574.1155249043383,275.95597798332824,255.08257118339122,1.0
Llama2-13B,32,2,16,32,32,3328,0.0552115,0.014811085853576659,0.014735249999999998,0.08475783585357666,0.010106,3.550419434143066,563.3137259127027,276.4392609615455,250.34572594617558,1.0
Llama2-13B,32,2,16,32,32,3456,0.0562885,0.014811085853576659,0.01528525,0.08638483585357666,0.010106,3.615499434143066,553.1739214541002,276.9220847231968,245.984601404547,1.0
Llama2-13B,32,2,16,32,32,3584,0.0574085,0.014811085853576659,0.015835250000000002,0.08805483585357665,0.010106,3.682299434143066,543.1388825839565,277.40537958991405,241.6065387441878,1.0
Llama2-13B,32,2,16,32,32,3712,0.0585715,0.014811085853576659,0.01638525,0.08976783585357666,0.010106,3.7508194341430663,533.2168170491874,277.8891574501974,237.2221621865561,1.0
Llama2-13B,32,2,16,32,32,3840,0.0596915,0.014811085853576659,0.016935250000000002,0.09143783585357666,0.010106,3.8176194341430665,523.8866876338961,278.37244042841456,233.17594668287327,1.0
Llama2-13B,32,2,16,32,32,3968,0.0607685,0.014811085853576659,0.01748525,0.09306483585357667,0.010106,3.8826994341430665,515.105542914993,278.85526419006595,229.44063469566132,1.0
Llama2-13B,32,2,16,32,32,4096,0.0618885,0.014811085853576659,0.01803525,0.09473483585357666,0.010106,3.9494994341430663,506.3932868834416,279.33855905678325,225.67888950029752,1.0
Llama2-13B,32,4,8,32,32,128,0.0293785,0.013857411537170409,0.00098525,0.04422116153717041,0.016064,1.9349104614868162,2067.279122014946,214.63783460082416,730.5949405205312,1.0
Llama2-13B,32,4,8,32,32,256,0.0304985,0.013857411537170409,0.00153525,0.04589116153717041,0.016064,2.0017104614868164,1998.2910001024366,215.11300902915508,705.3232422222572,1.0
Llama2-13B,32,4,8,32,32,384,0.0315755,0.013857411537170409,0.00208525,0.04751816153717041,0.016064,2.0667904614868164,1935.3679410357174,215.58772424092004,682.7689957116121,1.0
Llama2-13B,32,4,8,32,32,512,0.0326955,0.013857411537170409,0.00263525,0.049188161537170406,0.016064,2.133590461486816,1874.7740356940647,216.06291055775097,660.8337861716474,1.0
Llama2-13B,32,4,8,32,32,640,0.0338585,0.013857411537170409,0.00318525,0.050901161537170406,0.016064,2.202110461486816,1816.4393067272788,216.5385798681477,639.5397902096895,1.0
Llama2-13B,32,4,8,32,32,768,0.0349785,0.013857411537170409,0.00373525,0.05257116153717042,0.016064,2.2689104614868167,1762.96071083334,217.01375429647854,620.4204133867333,1.0
Llama2-13B,32,4,8,32,32,896,0.0360555,0.013857411537170409,0.00428525,0.05419816153717041,0.016064,2.3339904614868163,1713.803062182135,217.48846950824355,603.2046969484365,1.0
Llama2-13B,32,4,8,32,32,1024,0.0371755,0.013857411537170409,0.00483525,0.055868161537170405,0.016064,2.400790461486816,1666.117915814606,217.9636558250744,586.3099509759776,1.0
Llama2-13B,32,4,8,32,32,1152,0.0397285,0.013857411537170409,0.00538525,0.058971161537170406,0.016064,2.524910461486816,1584.2145933541597,219.7509745147464,553.1318185049685,1.0
Llama2-13B,32,4,8,32,32,1280,0.0408485,0.013857411537170409,0.00593525,0.06064116153717042,0.016064,2.5917104614868167,1543.3822795565186,220.22614894307722,539.1290964003016,1.0
Llama2-13B,32,4,8,32,32,1408,0.0419255,0.013857411537170409,0.00648525,0.06226816153717041,0.016064,2.6567904614868163,1505.5760166202513,220.70086415484212,526.4120026113992,1.0
Llama2-13B,32,4,8,32,32,1536,0.0430455,0.013857411537170409,0.00703525,0.06393816153717041,0.016064,2.7235904614868165,1468.6495846429084,221.17605047167302,513.8192156477984,1.0
Llama2-13B,32,4,8,32,32,1664,0.0442085,0.013857411537170409,0.00758525,0.0656511615371704,0.016064,2.7921104614868164,1432.6080773573603,221.65171978206976,501.3780602872068,1.0
Llama2-13B,32,4,8,32,32,1792,0.0453285,0.013857411537170409,0.00813525,0.06732116153717041,0.016064,2.858910461486816,1399.1344093790697,222.1268942104007,490.03804275544223,1.0
Llama2-13B,32,4,8,32,32,1920,0.0464055,0.013857411537170409,0.008685249999999999,0.0689481615371704,0.016064,2.923990461486816,1367.9935186813316,222.6016094221656,479.68798832501676,1.0
Llama2-13B,32,4,8,32,32,2048,0.0475255,0.013857411537170409,0.00923525,0.0706181615371704,0.016064,2.990790461486816,1337.4390655276713,223.07679573899648,469.38337469147405,1.0
Llama2-13B,32,4,8,32,32,2176,0.0500465,0.013857411537170409,0.009785249999999999,0.07368916153717041,0.016064,3.1136304614868164,1284.6739680501216,224.78302824712708,449.1483485301213,1.0
Llama2-13B,32,4,8,32,32,2304,0.0511665,0.013857411537170409,0.01033525,0.07535916153717041,0.016064,3.1804304614868166,1257.6913875142686,225.25820267545802,440.2454783412154,1.0
Llama2-13B,32,4,8,32,32,2432,0.0522435,0.013857411537170409,0.010885249999999999,0.0769861615371704,0.016064,3.245510461486816,1232.4717629064553,225.73291788722292,432.078474618322,1.0
Llama2-13B,32,4,8,32,32,2560,0.0533635,0.013857411537170409,0.011435250000000001,0.07865616153717042,0.016064,3.312310461486817,1207.6162686164678,226.2081042040538,423.9004267037467,1.0
Llama2-13B,32,4,8,32,32,2688,0.0545265,0.013857411537170409,0.01198525,0.08036916153717041,0.016064,3.3808304614868168,1183.1412564358184,226.6837735144506,415.7313847660324,1.0
Llama2-13B,32,4,8,32,32,2816,0.0556465,0.013857411537170409,0.012535250000000001,0.0820391615371704,0.016064,3.447630461486816,1160.217153399605,227.15894794278148,408.2178536705481,1.0
Llama2-13B,32,4,8,32,32,2944,0.0567235,0.013857411537170409,0.01308525,0.08366616153717041,0.016064,3.5127104614868165,1138.7218058122928,227.63366315454644,401.30398010444776,1.0
Llama2-13B,32,4,8,32,32,3072,0.0578435,0.013857411537170409,0.013635250000000002,0.08533616153717041,0.016064,3.5795104614868163,1117.4712416788204,228.10884947137728,394.35519889248985,1.0
Llama2-13B,32,4,8,32,32,3200,0.0603645,0.013857411537170409,0.01418525,0.0884071615371704,0.016064,3.7023504614868163,1080.3947496622595,229.815081979508,380.7123093531926,1.0
Llama2-13B,32,4,8,32,32,3328,0.0614845,0.013857411537170409,0.014735249999999998,0.09007716153717041,0.016064,3.769150461486816,1061.2471008711393,230.29025640783883,374.55010028192294,1.0
Llama2-13B,32,4,8,32,32,3456,0.0625615,0.013857411537170409,0.01528525,0.09170416153717041,0.016064,3.8342304614868166,1043.234109211292,230.76497161960378,368.86099537192,1.0
Llama2-13B,32,4,8,32,32,3584,0.0636815,0.013857411537170409,0.015835250000000002,0.0933741615371704,0.016064,3.901030461486816,1025.3701014360865,231.24015793643463,363.11983533119445,1.0
Llama2-13B,32,4,8,32,32,3712,0.0648445,0.013857411537170409,0.01638525,0.09508716153717041,0.016064,3.9695504614868162,1007.670777537308,231.71582724683142,357.34075711406734,1.0
Llama2-13B,32,4,8,32,32,3840,0.0659645,0.013857411537170409,0.016935250000000002,0.0967571615371704,0.016064,4.036350461486816,990.9942256417877,232.19100167516228,351.9938780331275,1.0
Llama2-13B,32,4,8,32,32,3968,0.0670415,0.013857411537170409,0.01748525,0.09838416153717042,0.016064,4.101430461486817,975.2694913544755,232.66571688692727,347.0473018755953,1.0
Llama2-13B,32,4,8,32,32,4096,0.0681615,0.013857411537170409,0.01803525,0.10005416153717041,0.016064,4.168230461486817,959.6398368465431,233.14090320375814,342.04191985762964,1.0
Llama2-13B,32,8,4,32,32,128,0.0368405,0.013067649993896483,0.00098525,0.05089339999389648,0.024332,2.210067999755859,3619.798124258503,158.66879078508398,861.3823959234213,1.0
Llama2-13B,32,8,4,32,32,256,0.0379605,0.013067649993896483,0.00153525,0.05256339999389649,0.024332,2.276867999755859,3513.598504989228,159.13991093847173,838.450025360423,1.0
Llama2-13B,32,8,4,32,32,384,0.0390375,0.013067649993896483,0.00208525,0.05419039999389648,0.024332,2.3419479997558588,3415.9597056954194,159.6105718752934,817.7294748654159,1.0
Llama2-13B,32,8,4,32,32,512,0.0401575,0.013067649993896483,0.00263525,0.05586039999389648,0.024332,2.408747999755859,3321.227459581014,160.0817039171811,797.2692718280824,1.0
Llama2-13B,32,8,4,32,32,640,0.0413205,0.013067649993896483,0.00318525,0.05757339999389649,0.024332,2.4772679997558593,3229.363960939397,160.55331895263464,777.1121789554078,1.0
Llama2-13B,32,8,4,32,32,768,0.0424405,0.013067649993896483,0.00373525,0.05924339999389649,0.024332,2.544067999755859,3144.570035379447,161.02443910602236,758.8244205700796,1.0
Llama2-13B,32,8,4,32,32,896,0.0435175,0.013067649993896483,0.00428525,0.06087039999389648,0.024332,2.6091479997558586,3066.134999144767,161.49510004284406,742.2076178219983,1.0
Llama2-13B,32,8,4,32,32,1024,0.0446375,0.013067649993896483,0.00483525,0.06254039999389648,0.024332,2.675947999755859,2989.5947158651375,161.96623208473173,725.6958032359868,1.0
Llama2-13B,32,8,4,32,32,1152,0.0471905,0.013067649993896483,0.00538525,0.06564339999389648,0.024332,2.800067999755859,2857.0734713219567,163.74949649946046,693.9934796175519,1.0
Llama2-13B,32,8,4,32,32,1280,0.0483105,0.013067649993896483,0.00593525,0.06731339999389649,0.024332,2.8668679997558595,2790.501690584036,164.22061665284815,679.854758915135,1.0
Llama2-13B,32,8,4,32,32,1408,0.0493875,0.013067649993896483,0.00648525,0.06894039999389648,0.024332,2.9319479997558586,2728.5613526113543,164.69127758966985,666.9350649037503,1.0
Llama2-13B,32,8,4,32,32,1536,0.0505075,0.013067649993896483,0.00703525,0.07061039999389648,0.024332,2.9987479997558593,2667.78002041229,165.16240963155752,654.0114225869726,1.0
Llama2-13B,32,8,4,32,32,1664,0.0516705,0.013067649993896483,0.00758525,0.07232339999389649,0.024332,3.067267999755859,2608.1842214755166,165.63402466701106,641.1163997523194,1.0
Llama2-13B,32,8,4,32,32,1792,0.0527905,0.013067649993896483,0.00813525,0.07399339999389648,0.024332,3.134067999755859,2552.592987970648,166.10514482039878,629.2993808370776,1.0
Llama2-13B,32,8,4,32,32,1920,0.0538675,0.013067649993896483,0.008685249999999999,0.07562039999389647,0.024332,3.1991479997558585,2500.6658024606913,166.57580575722054,618.4649584897038,1.0
Llama2-13B,32,8,4,32,32,2048,0.0549875,0.013067649993896483,0.00923525,0.07729039999389649,0.024332,3.265947999755859,2449.5184860867435,167.04693779910824,607.5814968824121,1.0
Llama2-13B,32,8,4,32,32,2176,0.0597685,0.013067649993896483,0.009785249999999999,0.08262139999389648,0.024332,3.479187999755859,2299.387098530282,170.56047155161278,570.7369987589204,1.0
Llama2-13B,32,8,4,32,32,2304,0.0608885,0.013067649993896483,0.01033525,0.08429139999389648,0.024332,3.5459879997558588,2256.07080468146,171.0315917050003,561.7861885413515,1.0
Llama2-13B,32,8,4,32,32,2432,0.0619655,0.013067649993896483,0.010885249999999999,0.08591839999389649,0.024332,3.6110679997558592,2215.4110641341763,171.5022526418221,553.5410918715158,1.0
Llama2-13B,32,8,4,32,32,2560,0.0630855,0.013067649993896483,0.011435250000000001,0.08758839999389648,0.024332,3.6778679997558585,2175.173225502125,171.97338468370978,545.2073287323068,1.0
Llama2-13B,32,8,4,32,32,2688,0.0642485,0.013067649993896483,0.01198525,0.08930139999389648,0.024332,3.746387999755859,2135.3901412564146,172.44499971916332,536.8063058878054,1.0
Llama2-13B,32,8,4,32,32,2816,0.0653685,0.013067649993896483,0.012535250000000001,0.09097139999389647,0.024332,3.8131879997558586,2097.9820560937997,172.91611987255104,529.0502914172758,1.0
Llama2-13B,32,8,4,32,32,2944,0.0664455,0.013067649993896483,0.01308525,0.09259839999389649,0.024332,3.8782679997558596,2062.7764766394707,173.38678080937274,521.8917182032577,1.0
Llama2-13B,32,8,4,32,32,3072,0.0675655,0.013067649993896483,0.013635250000000002,0.09426839999389648,0.024332,3.945067999755859,2027.848442788586,173.8579128512604,514.6351698759291,1.0
Llama2-13B,32,8,4,32,32,3200,0.0700865,0.013067649993896483,0.01418525,0.09733939999389647,0.024332,4.0679079997558585,1966.6128143704655,175.56009108444786,500.98119062714744,1.0
Llama2-13B,32,8,4,32,32,3328,0.0712065,0.013067649993896483,0.014735249999999998,0.09900939999389649,0.024332,4.134707999755859,1934.840380619955,176.03121123783552,494.4245574149424,1.0
Llama2-13B,32,8,4,32,32,3456,0.0722835,0.013067649993896483,0.01528525,0.10063639999389648,0.024332,4.19978799975586,1904.8580548506382,176.50187217465725,488.3600605246212,1.0
Llama2-13B,32,8,4,32,32,3584,0.0734035,0.013067649993896483,0.015835250000000002,0.10230639999389649,0.024332,4.26658799975586,1875.034571057194,176.97300421654492,482.19227752503605,1.0
Llama2-13B,32,8,4,32,32,3712,0.0745665,0.013067649993896483,0.01638525,0.10401939999389648,0.024332,4.33510799975586,1845.3980847652551,177.44461925199855,475.9365646825279,1.0
Llama2-13B,32,8,4,32,32,3840,0.0756865,0.013067649993896483,0.016935250000000002,0.10568939999389648,0.024332,4.40190799975586,1817.3937302741672,177.91573940538615,470.13863609860726,1.0
Llama2-13B,32,8,4,32,32,3968,0.0767635,0.013067649993896483,0.01748525,0.10731639999389647,0.024332,4.466987999755859,1790.9159371901685,178.38640034220788,464.76880377316803,1.0
Llama2-13B,32,8,4,32,32,4096,0.0778835,0.013067649993896483,0.01803525,0.10898639999389648,0.024332,4.53378799975586,1764.52891057782,178.85753238409555,459.2950557797109,1.0
Llama2-13B,32,16,2,32,32,128,0.0529535,0.011413621101379393,0.00098525,0.0653523711013794,0.040868,2.8049628440551757,5704.175381114342,134.4843019511584,1015.8671434459168,1.0
Llama2-13B,32,16,2,32,32,256,0.0540735,0.011413621101379393,0.00153525,0.06702237110137939,0.040868,2.8717628440551755,5571.490707570625,134.95339496707444,998.2959857754681,1.0
Llama2-13B,32,16,2,32,32,384,0.0551505,0.011413621101379393,0.00208525,0.06864937110137939,0.040868,2.9368428440551755,5448.027303329344,135.42202876642466,982.1998260499873,1.0
Llama2-13B,32,16,2,32,32,512,0.0562705,0.011413621101379393,0.00263525,0.0703193711013794,0.040868,3.003642844055176,5326.865020475811,135.89113367084062,965.9849027169879,1.0
Llama2-13B,32,16,2,32,32,640,0.0574335,0.011413621101379393,0.00318525,0.07203237110137939,0.040868,3.0721628440551756,5208.057258735807,136.36072156882258,949.6946664843523,1.0
Llama2-13B,32,16,2,32,32,768,0.0585535,0.011413621101379393,0.00373525,0.0737023711013794,0.040868,3.138962844055176,5097.225037340632,136.82981458473864,934.7336339227453,1.0
Llama2-13B,32,16,2,32,32,896,0.0596305,0.011413621101379393,0.00428525,0.0753293711013794,0.040868,3.204042844055176,4993.6910268495985,137.29844838408886,920.994782093652,1.0
Llama2-13B,32,16,2,32,32,1024,0.0607505,0.011413621101379393,0.00483525,0.07699937110137939,0.040868,3.2708428440551756,4891.70552143168,137.7675532885049,907.1039961054142,1.0
Llama2-13B,32,16,2,32,32,1152,0.0655635,0.011413621101379393,0.00538525,0.08236237110137938,0.040868,3.4853628440551754,4590.626777149034,141.36014608507907,862.4319695262094,1.0
Llama2-13B,32,16,2,32,32,1280,0.0666835,0.011413621101379393,0.00593525,0.0840323711013794,0.040868,3.552162844055176,4504.298001646309,141.82923910099512,850.760617550039,1.0
Llama2-13B,32,16,2,32,32,1408,0.0677605,0.011413621101379393,0.00648525,0.08565937110137939,0.040868,3.6172428440551756,4423.258456726369,142.29787290034525,840.0048576993692,1.0
Llama2-13B,32,16,2,32,32,1536,0.0688805,0.011413621101379393,0.00703525,0.0873293711013794,0.040868,3.684042844055176,4343.054811596096,142.76697780476135,829.0705079362743,1.0
Llama2-13B,32,16,2,32,32,1664,0.0700435,0.011413621101379393,0.00758525,0.08904237110137939,0.040868,3.7525628440551753,4263.752711123083,143.23656570274335,817.986341075151,1.0
Llama2-13B,32,16,2,32,32,1792,0.0711635,0.011413621101379393,0.00813525,0.09071237110137939,0.040868,3.819362844055176,4189.18040869145,143.70565871865932,807.7492462774283,1.0
Llama2-13B,32,16,2,32,32,1920,0.0722405,0.011413621101379393,0.008685249999999999,0.09233937110137938,0.040868,3.884442844055175,4118.99483203536,144.17429251800957,798.3017421972966,1.0
Llama2-13B,32,16,2,32,32,2048,0.0733605,0.011413621101379393,0.00923525,0.09400937110137939,0.040868,3.9512428440551757,4049.358804679071,144.64339742242564,788.671818880327,1.0
Llama2-13B,32,16,2,32,32,2176,0.0781415,0.011413621101379393,0.009785249999999999,0.09934037110137939,0.040868,4.1644828440551755,3842.0136663163585,148.1549040374585,758.3929360836865,1.0
Llama2-13B,32,16,2,32,32,2304,0.0792615,0.011413621101379393,0.01033525,0.10101037110137939,0.040868,4.231282844055176,3781.3591266959415,148.62399705337458,750.0438273480795,1.0
Llama2-13B,32,16,2,32,32,2432,0.0803385,0.011413621101379393,0.010885249999999999,0.10263737110137938,0.040868,4.296362844055175,3724.080246653051,149.09263085272465,742.3222034403168,1.0
Llama2-13B,32,16,2,32,32,2560,0.0814585,0.011413621101379393,0.011435250000000001,0.10430737110137939,0.040868,4.363162844055175,3667.064597829544,149.5617357571407,734.4192969776793,1.0
Llama2-13B,32,16,2,32,32,2688,0.0826215,0.011413621101379393,0.01198525,0.1060203711013794,0.040868,4.431682844055175,3610.366662736932,150.03132365512278,726.3548769030951,1.0
Llama2-13B,32,16,2,32,32,2816,0.0837415,0.011413621101379393,0.012535250000000001,0.10769037110137938,0.040868,4.498482844055175,3556.754700341757,150.5004166710388,718.8809212686127,1.0
Llama2-13B,32,16,2,32,32,2944,0.0848185,0.011413621101379393,0.01308525,0.1093173711013794,0.040868,4.563562844055176,3506.032577340914,150.9690504703889,711.9628405142224,1.0
Llama2-13B,32,16,2,32,32,3072,0.0859385,0.011413621101379393,0.013635250000000002,0.11098737110137939,0.040868,4.630362844055176,3455.452745035318,151.43815537480504,704.8675756491209,1.0
Llama2-13B,32,16,2,32,32,3200,0.0907195,0.011413621101379393,0.01418525,0.11631837110137938,0.040868,4.843602844055175,3303.3261634235137,154.94966198983784,683.2033333068981,1.0
Llama2-13B,32,16,2,32,32,3328,0.0918395,0.011413621101379393,0.014735249999999998,0.11798837110137939,0.040868,4.9104028440551755,3258.388467938134,155.41875500575395,676.9146391509271,1.0
Llama2-13B,32,16,2,32,32,3456,0.0929165,0.011413621101379393,0.01528525,0.11961537110137939,0.040868,4.9754828440551755,3215.768298571701,155.88738880510405,671.0859268487476,1.0
Llama2-13B,32,16,2,32,32,3584,0.0940365,0.011413621101379393,0.015835250000000002,0.12128537110137938,0.040868,5.042282844055175,3173.165904182451,156.35649370952018,665.0885292818006,1.0
Llama2-13B,32,16,2,32,32,3712,0.0951995,0.011413621101379393,0.01638525,0.1229983711013794,0.040868,5.110802844055176,3130.623600284446,156.82608160750212,658.9365767992568,1.0
Llama2-13B,32,16,2,32,32,3840,0.0963195,0.011413621101379393,0.016935250000000002,0.12466837110137939,0.040868,5.177602844055175,3090.2331603844227,157.29517462341815,653.2225546163264,1.0
Llama2-13B,32,16,2,32,32,3968,0.0973965,0.011413621101379393,0.01748525,0.1262953711013794,0.040868,5.242682844055176,3051.8725766794846,157.76380842276836,647.9239332943931,1.0
Llama2-13B,32,16,2,32,32,4096,0.0985165,0.011413621101379393,0.01803525,0.1279653711013794,0.040868,5.309482844055176,3013.476165181433,158.23291332718443,642.4625857686151,1.0
Llama2-13B,32,32,1,32,32,128,0.088055,0.008329080734252928,0.00098525,0.09736933073425291,0.077148,4.121921229370117,7763.370093535245,126.9045634480403,1152.9572512456107,1.0
Llama2-13B,32,32,1,32,32,256,0.089175,0.008329080734252928,0.00153525,0.09903933073425293,0.077148,4.188721229370118,7639.563066557195,127.3726428952206,1142.6757983311068,1.0
Llama2-13B,32,32,1,32,32,384,0.090252,0.008329080734252928,0.00208525,0.10066633073425292,0.077148,4.253801229370118,7522.683424664487,127.39392485576138,1129.2286030737166,1.0
Llama2-13B,32,32,1,32,32,512,0.091372,0.008329080734252928,0.00263525,0.10233633073425293,0.077148,4.3206012293701175,7406.376636305579,128.30835446151514,1123.393201081427,1.0
Llama2-13B,32,32,1,32,32,640,0.094795,0.008329080734252928,0.00318525,0.10630933073425293,0.077148,4.479521229370118,7143.620570473251,130.58828431007836,1102.0689640599478,1.0
Llama2-13B,32,32,1,32,32,768,0.095915,0.008329080734252928,0.00373525,0.10797933073425292,0.077148,4.546321229370117,7038.657935843554,131.0563637572586,1093.1042173362553,1.0
Llama2-13B,32,32,1,32,32,896,0.096992,0.008329080734252928,0.00428525,0.10960633073425292,0.077148,4.611401229370117,6939.322433318377,131.07770668492358,1081.1424173946198,1.0
Llama2-13B,32,32,1,32,32,1024,0.098112,0.008329080734252928,0.00483525,0.11127633073425293,0.077148,4.678201229370118,6840.23590073498,131.99207532355325,1076.2563219467816,1.0
Llama2-13B,32,32,1,32,32,1152,0.102925,0.008329080734252928,0.00538525,0.11663933073425292,0.077148,4.892721229370117,6540.327662224001,135.58365455139162,1053.8442909022426,1.0
Llama2-13B,32,32,1,32,32,1280,0.104045,0.008329080734252928,0.00593525,0.11830933073425293,0.077148,4.959521229370117,6452.2357139026,136.0517339985719,1046.0991609289974,1.0
Llama2-13B,32,32,1,32,32,1408,0.105122,0.008329080734252928,0.00648525,0.11993633073425292,0.077148,5.024601229370117,6368.664604257861,136.0730769262369,1035.54404920939,1.0
Llama2-13B,32,32,1,32,32,1536,0.106242,0.008329080734252928,0.00703525,0.12160633073425292,0.077148,5.091401229370118,6285.106704104496,136.98744556486645,1031.5125510804883,1.0
Llama2-13B,32,32,1,32,32,1664,0.109665,0.008329080734252928,0.00758525,0.12557933073425293,0.077148,5.250321229370118,6094.865171485716,139.2673754134297,1015.9476617949556,1.0
Llama2-13B,32,32,1,32,32,1792,0.110785,0.008329080734252928,0.00813525,0.12724933073425293,0.077148,5.317121229370118,6018.294227192337,139.73545486061,1009.0568568713096,1.0
Llama2-13B,32,32,1,32,32,1920,0.111862,0.008329080734252928,0.008685249999999999,0.12887633073425292,0.077148,5.382201229370117,5945.52277707108,139.756797788275,999.4943611827073,1.0
Llama2-13B,32,32,1,32,32,2048,0.112982,0.008329080734252928,0.00923525,0.13054633073425292,0.077148,5.4490012293701175,5872.6358561859,140.67116642690456,996.0607277400269,1.0
Llama2-13B,32,32,1,32,32,2176,0.117763,0.008329080734252928,0.009785249999999999,0.13587733073425293,0.077148,5.662241229370117,5651.472394714586,144.18165947320173,979.4700167162976,1.0
Llama2-13B,32,32,1,32,32,2304,0.118883,0.008329080734252928,0.01033525,0.13754733073425293,0.077148,5.729041229370118,5585.576838922183,144.649738920382,973.3922523515184,1.0
Llama2-13B,32,32,1,32,32,2432,0.11996,0.008329080734252928,0.010885249999999999,0.13917433073425295,0.077148,5.794121229370119,5522.839225005088,144.67108184804698,964.795477479473,1.0
Llama2-13B,32,32,1,32,32,2560,0.12108,0.008329080734252928,0.011435250000000001,0.14084433073425293,0.077148,5.860921229370118,5459.892523319084,145.58545048667656,961.9124577910577,1.0
Llama2-13B,32,32,1,32,32,2688,0.124503,0.008329080734252928,0.01198525,0.14481733073425293,0.077148,6.019841229370118,5315.75481490702,147.86538033523982,950.1160957422059,1.0
Llama2-13B,32,32,1,32,32,2816,0.125623,0.008329080734252928,0.012535250000000001,0.14648733073425294,0.077148,6.086641229370118,5257.415180902909,148.33345978242005,944.6261259955269,1.0
Llama2-13B,32,32,1,32,32,2944,0.1267,0.008329080734252928,0.01308525,0.14811433073425292,0.077148,6.151721229370118,5201.796181404097,148.35480271008498,936.7311931181379,1.0
Llama2-13B,32,32,1,32,32,3072,0.12782,0.008329080734252928,0.013635250000000002,0.1497843307342529,0.077148,6.218521229370117,5145.917947319017,149.26917134871465,934.2461045139396,1.0
Llama2-13B,32,32,1,32,32,3200,0.132601,0.008329080734252928,0.01418525,0.15511533073425293,0.077148,6.431761229370118,4975.309073022578,152.7796643950118,921.7406468730206,1.0
Llama2-13B,32,32,1,32,32,3328,0.133721,0.008329080734252928,0.014735249999999998,0.15678533073425294,0.077148,6.498561229370118,4924.1668841060755,153.24774384219202,916.8208065580847,1.0
Llama2-13B,32,32,1,32,32,3456,0.134798,0.008329080734252928,0.01528525,0.15841233073425293,0.077148,6.563641229370117,4875.342646214515,153.26908676985698,909.6223194400927,1.0
Llama2-13B,32,32,1,32,32,3584,0.135918,0.008329080734252928,0.015835250000000002,0.16008233073425293,0.077148,6.630441229370118,4826.2248156658425,154.18345540848662,907.5086767520803,1.0
Llama2-13B,32,32,1,32,32,3712,0.139341,0.008329080734252928,0.01638525,0.1640553307342529,0.077148,6.789361229370117,4713.256360785623,156.4633852570498,898.3049368501726,1.0
Llama2-13B,32,32,1,32,32,3840,0.140461,0.008329080734252928,0.016935250000000002,0.16572533073425294,0.077148,6.856161229370119,4667.334814548967,156.93146470423017,893.8080446770572,1.0
Llama2-13B,32,32,1,32,32,3968,0.141538,0.008329080734252928,0.01748525,0.16735233073425293,0.077148,6.921241229370118,4623.448156121012,156.95280763189513,887.1274576828565,1.0
Llama2-13B,32,32,1,32,32,4096,0.142658,0.008329080734252928,0.01803525,0.16902233073425293,0.077148,6.9880412293701175,4579.251745897955,157.8671762705247,885.2902817677227,1.0
Llama2-13B,32,40,1,32,16,128,0.1649895,0.0009846627044677,0.0019705,0.1679446627044677,0.1499815,7.017768008178712,5699.817941172013,121.74656145008174,737.9049057672258,0.625
Llama2-13B,32,40,1,32,16,256,0.1671415,0.0009846627044677,0.0030705,0.1711966627044678,0.1499815,7.147848008178712,5596.089893661867,122.14008932915894,730.7586047101345,0.625
Llama2-13B,32,40,1,32,16,384,0.1715535,0.0009846627044677,0.0041705,0.1767086627044677,0.1499815,7.368328008178712,5428.63997851354,123.43929496789472,719.5381905230422,0.625
Llama2-13B,32,40,1,32,16,512,0.1737055,0.0009846627044677,0.0052705,0.1799606627044678,0.1499815,7.498408008178713,5334.465656759532,123.83282284697196,712.8894758483291,0.625
Llama2-13B,32,40,1,32,16,640,0.1781175,0.0009846627044677,0.0063705,0.1854726627044678,0.1499815,7.718888008178713,5182.093581046538,125.1320284857077,702.5251785237703,0.625
Llama2-13B,32,40,1,32,16,768,0.1802695,0.0009846627044677,0.0074705,0.1887246627044677,0.1499815,7.848968008178711,5096.211369229631,125.52555636478498,696.3216537727395,0.625
Llama2-13B,32,40,1,32,16,896,0.1846815,0.0009846627044677,0.0085705,0.1942366627044678,0.1499815,8.069448008178712,4956.968550941574,126.82476200352072,686.7215287049364,0.625
Llama2-13B,32,40,1,32,16,1024,0.1868335,0.0009846627044677,0.0096705,0.1974886627044678,0.1499815,8.199528008178712,4878.32957703194,127.21828988259794,680.9179824956332,0.625
Llama2-13B,32,40,1,32,16,1152,0.193264,0.0009846627044677,0.0107705,0.2050191627044677,0.1499815,8.500748008178713,4705.4682672060535,129.46795018779494,669.9020520520892,0.625
Llama2-13B,32,40,1,32,16,1280,0.195416,0.0009846627044677,0.0118705,0.2082711627044678,0.1499815,8.630828008178712,4634.549542882253,129.8614780668722,664.5386153993132,0.625
Llama2-13B,32,40,1,32,16,1408,0.199828,0.0009846627044677,0.0129705,0.2137831627044678,0.1499815,8.85130800817871,4519.106098560748,131.16068370560802,656.3678949176688,0.625
Llama2-13B,32,40,1,32,16,1536,0.20198,0.0009846627044677,0.0140705,0.2170351627044677,0.1499815,8.98138800817871,4453.654598106089,131.55421158468522,651.3229606133535,0.625
Llama2-13B,32,40,1,32,16,1664,0.206392,0.0009846627044677,0.0151705,0.2225471627044677,0.1499815,9.201868008178712,4346.943464571281,132.853417223421,643.6946064935701,0.625
Llama2-13B,32,40,1,32,16,1792,0.208544,0.0009846627044677,0.0162705,0.2257991627044678,0.1499815,9.331948008178712,4286.350498839382,133.24694510249822,638.939241131359,0.625
Llama2-13B,32,40,1,32,16,1920,0.212956,0.0009846627044677,0.0173704999999999,0.2313111627044677,0.1499815,9.55242800817871,4187.417059385564,134.546150741234,631.8025824171842,0.625
Llama2-13B,32,40,1,32,16,2048,0.215108,0.0009846627044677,0.0184705,0.2345631627044677,0.1499815,9.682508008178711,4131.161055194833,134.93967862031118,627.3112976751729,0.625
Llama2-13B,32,40,1,32,16,2176,0.22151,0.0009846627044677,0.0195704999999999,0.2420651627044678,0.1499815,9.98258800817871,4006.976944979408,137.1387652311982,619.1086868818476,0.625
Llama2-13B,32,40,1,32,16,2304,0.223662,0.0009846627044677,0.0206705,0.2453171627044678,0.1499815,10.11266800817871,3955.434902802074,137.5322931102754,614.9113086276404,0.625
Llama2-13B,32,40,1,32,16,2432,0.228074,0.0009846627044677,0.0217704999999999,0.2508291627044677,0.1499815,10.333148008178709,3871.037167796292,138.83149874901113,608.7125176434449,0.625
Llama2-13B,32,40,1,32,16,2560,0.230226,0.0009846627044677,0.0228705,0.2540811627044678,0.1499815,10.463228008178712,3822.912008486626,139.22502662808836,604.7319878210467,0.625
Llama2-13B,32,40,1,32,16,2688,0.234638,0.0009846627044677,0.0239705,0.2595931627044678,0.1499815,10.683708008178714,3744.01845963768,140.5242322668241,598.8980142467293,0.625
Llama2-13B,32,40,1,32,16,2816,0.23679,0.0009846627044677,0.0250705,0.2628451627044678,0.1499815,10.81378800817871,3698.981334731835,140.91776014590138,595.1170241391163,0.625
Llama2-13B,32,40,1,32,16,2944,0.241202,0.0009846627044677,0.0261705,0.2683571627044678,0.1499815,11.034268008178712,3625.070550248697,142.21696578463713,589.6176888443589,0.625
Llama2-13B,32,40,1,32,16,3072,0.243354,0.0009846627044677,0.0272705,0.2716091627044678,0.1499815,11.164348008178711,3582.833495578697,142.6104936637143,586.0207502803091,0.625
Llama2-13B,32,40,1,32,16,3200,0.249756,0.0009846627044677,0.0283705,0.2791111627044678,0.1499815,11.464428008178713,3489.05326732952,144.8095802746014,579.8042100073723,0.625
Llama2-13B,32,40,1,32,16,3328,0.251908,0.0009846627044677,0.0294704999999999,0.2823631627044678,0.1499815,11.594508008178712,3449.90921320544,145.20310815367858,576.4132467157793,0.625
Llama2-13B,32,40,1,32,16,3456,0.25632,0.0009846627044677,0.0305705,0.2878751627044678,0.1499815,11.81498800817871,3385.5303088171336,146.50231379241438,571.5602129853867,0.625
Llama2-13B,32,40,1,32,16,3584,0.258472,0.0009846627044677,0.0316705,0.2911271627044677,0.1499815,11.94506800817871,3348.662391257401,146.89584167149155,568.3240028764877,0.625
Llama2-13B,32,40,1,32,16,3712,0.262884,0.0009846627044677,0.0327705,0.2966391627044678,0.1499815,12.165548008178712,3287.9735440695817,148.1950473102273,563.7279077852864,0.625
Llama2-13B,32,40,1,32,16,3840,0.265036,0.0009846627044677,0.0338705,0.2998911627044678,0.1499815,12.295628008178712,3253.188854883468,148.58857518930452,560.6354426919534,0.625
Llama2-13B,32,40,1,32,16,3968,0.269448,0.0009846627044677,0.0349705,0.3054031627044678,0.1499815,12.516108008178714,3195.881656970505,149.88778082804023,556.2772068378323,0.625
Llama2-13B,32,40,1,32,16,4096,0.2716,0.0009846627044677,0.0360705,0.3086551627044678,0.1499815,12.646188008178711,3163.0084871528607,150.2813087071175,553.3185151219348,0.625
Llama2-70B,8,1,8,32,32,128,0.052133,0.0067296894327799,0.001559,0.0604216894327799,0.0192475,5.002982654622396,199.88076494250325,834.6965281656358,200.1363167680826,1.0
Llama2-70B,8,1,8,32,32,256,0.054212,0.0067296894327799,0.002439,0.0633806894327799,0.0192475,5.239702654622397,190.8505245269621,837.5273574196319,193.1139225216816,1.0
Llama2-70B,8,1,8,32,32,384,0.05634,0.0067296894327799,0.003319,0.0663886894327799,0.0192475,5.480342654622397,182.4703422798846,840.3592910907203,186.4481920240327,1.0
Llama2-70B,8,1,8,32,32,512,0.058468,0.0067296894327799,0.004199,0.0693966894327799,0.0192475,5.720982654622396,174.79514628348466,843.191224761808,180.26767307796752,1.0
Llama2-70B,8,1,8,32,32,640,0.060645,0.0067296894327799,0.0050789999999999,0.0724536894327799,0.0192475,5.965542654622396,167.62934369854028,846.0242628499882,174.38046476419905,1.0
Llama2-70B,8,1,8,32,32,768,0.062724,0.0067296894327799,0.005959,0.0754126894327799,0.0192475,6.2022626546223965,161.2314820712606,848.8550921039842,169.1647320212328,1.0
Llama2-70B,8,1,8,32,32,896,0.064852,0.0067296894327799,0.006839,0.0784206894327799,0.0192475,6.442902654622396,155.20954662919826,851.6870257750725,164.15974560828357,1.0
Llama2-70B,8,1,8,32,32,1024,0.06698,0.0067296894327799,0.0077189999999999,0.0814286894327799,0.0192475,6.683542654622396,149.62124904049074,854.5189594461606,159.47278281691553,1.0
Llama2-70B,8,1,8,32,32,1152,0.0743355,0.0067296894327799,0.0085989999999999,0.0896641894327799,0.0192475,7.342382654622395,136.1955712523986,866.504076763647,145.7083218589447,1.0
Llama2-70B,8,1,8,32,32,1280,0.0764145,0.0067296894327799,0.009479,0.0926231894327799,0.0192475,7.579102654622395,131.94174107011378,869.3349060176428,142.2071246323739,1.0
Llama2-70B,8,1,8,32,32,1408,0.0785425,0.0067296894327799,0.010359,0.0956311894327799,0.0192475,7.819742654622396,127.88144625307858,872.166839688731,138.8049208531577,1.0
Llama2-70B,8,1,8,32,32,1536,0.0806705,0.0067296894327799,0.0112389999999999,0.0986391894327799,0.0192475,8.060382654622396,124.0635888950668,874.9987733598191,135.58220994040866,1.0
Llama2-70B,8,1,8,32,32,1664,0.0828475,0.0067296894327799,0.012119,0.1016961894327799,0.0192475,8.304942654622398,120.41022335577672,877.8318114479994,132.4469373620205,1.0
Llama2-70B,8,1,8,32,32,1792,0.0849265,0.0067296894327799,0.012999,0.1046551894327799,0.0192475,8.541662654622396,117.07322572132269,880.6626407019951,129.62129616521267,1.0
Llama2-70B,8,1,8,32,32,1920,0.0870545,0.0067296894327799,0.0138789999999999,0.1076631894327799,0.0192475,8.782302654622397,113.8653539198708,883.4945743730834,126.85940623016086,1.0
Llama2-70B,8,1,8,32,32,2048,0.0891825,0.0067296894327799,0.014759,0.1106711894327799,0.0192475,9.022942654622396,110.82858866311274,886.3265080441713,124.22932022035872,1.0
Llama2-70B,8,1,8,32,32,2176,0.0965095,0.0067296894327799,0.015639,0.1188781894327799,0.0192475,9.679502654622397,103.31109310894762,898.1254118504049,116.32603679565284,1.0
Llama2-70B,8,1,8,32,32,2304,0.0985885,0.0067296894327799,0.016519,0.1218371894327799,0.0192475,9.916222654622397,100.84485139448287,900.9562411044006,114.23191359849282,1.0
Llama2-70B,8,1,8,32,32,2432,0.1007165,0.0067296894327799,0.017399,0.1248451894327799,0.0192475,10.156862654622396,98.45559933262454,903.788174775489,112.16982505044965,1.0
Llama2-70B,8,1,8,32,32,2560,0.1028445,0.0067296894327799,0.018279,0.1278531894327799,0.0192475,10.397502654622397,96.17694106146077,906.6201084465772,110.19307163321533,1.0
Llama2-70B,8,1,8,32,32,2688,0.1050215,0.0067296894327799,0.019159,0.1309101894327799,0.0192475,10.642062654622398,93.9667461519453,909.4531465347573,108.24606705945418,1.0
Llama2-70B,8,1,8,32,32,2816,0.1071005,0.0067296894327799,0.020039,0.1338691894327799,0.0192475,10.878782654622396,91.9220497134484,912.2839757887532,106.47522371379608,1.0
Llama2-70B,8,1,8,32,32,2944,0.1092285,0.0067296894327799,0.020919,0.1368771894327799,0.0192475,11.119422654622396,89.93272682051484,915.1159094598412,104.72494695292907,1.0
Llama2-70B,8,1,8,32,32,3072,0.1113565,0.0067296894327799,0.021799,0.1398851894327799,0.0192475,11.360062654622396,88.02768350869096,917.9478431309292,103.0415650558038,1.0
Llama2-70B,8,1,8,32,32,3200,0.1186835,0.0067296894327799,0.022679,0.1480921894327799,0.0192475,12.0166226546224,83.21805791374608,929.7467469371628,97.92291545762076,1.0
Llama2-70B,8,1,8,32,32,3328,0.1207625,0.0067296894327799,0.023559,0.1510511894327799,0.0192475,12.253342654622395,81.61038405489823,932.5775761911588,96.53012899194276,1.0
Llama2-70B,8,1,8,32,32,3456,0.1228905,0.0067296894327799,0.024439,0.1540591894327799,0.0192475,12.493982654622398,80.0385295580693,935.4095098622472,95.14664578041496,1.0
Llama2-70B,8,1,8,32,32,3584,0.1250185,0.0067296894327799,0.025319,0.1570671894327799,0.0192475,12.734622654622395,78.52608020835397,938.2414435333352,93.81026043478914,1.0
Llama2-70B,8,1,8,32,32,3712,0.1271955,0.0067296894327799,0.026199,0.1601241894327799,0.0192475,12.979182654622395,77.04645404954378,941.0744816215148,92.48307542538014,1.0
Llama2-70B,8,1,8,32,32,3840,0.1292745,0.0067296894327799,0.027079,0.1630831894327799,0.0192475,13.215902654622392,75.6664169019314,943.9053108755112,91.2694799511419,1.0
Llama2-70B,8,1,8,32,32,3968,0.1314025,0.0067296894327799,0.027959,0.1660911894327799,0.0192475,13.456542654622396,74.31329321848466,946.7372445465996,90.06080977783901,1.0
Llama2-70B,8,1,8,32,32,4096,0.1335305,0.0067296894327799,0.028839,0.1690991894327799,0.0192475,13.6971826546224,73.00771444867381,949.5691782176872,88.89066338942108,1.0
Llama2-70B,8,2,4,32,32,128,0.075471,0.0064117979939778,0.001559,0.0834417979939778,0.0339355,6.85927933951823,291.5758202873354,730.756718124671,242.06540198376567,1.0
Llama2-70B,8,2,4,32,32,256,0.07755,0.0064117979939778,0.002439,0.0864007979939778,0.0339355,7.0959993395182295,281.8489552080182,733.5745736988491,236.4843886843485,1.0
Llama2-70B,8,2,4,32,32,384,0.079678,0.0064117979939778,0.003319,0.0894087979939778,0.0339355,7.33663933951823,272.6043774875449,736.3935336901187,231.05296747223787,1.0
Llama2-70B,8,2,4,32,32,512,0.081806,0.0064117979939778,0.004199,0.0924167979939778,0.0339355,7.577279339518229,263.9469802266999,739.2124936813885,225.90411879366687,1.0
Llama2-70B,8,2,4,32,32,640,0.083983,0.0064117979939778,0.0050789999999999,0.0954737979939778,0.0339355,7.82183933951823,255.69433392672903,742.0325580897508,220.88772670949783,1.0
Llama2-70B,8,2,4,32,32,768,0.086062,0.0064117979939778,0.005959,0.0984327979939778,0.0339355,8.05855933951823,248.18331859793284,744.8504136639283,216.3702951546352,1.0
Llama2-70B,8,2,4,32,32,896,0.08819,0.0064117979939778,0.006839,0.1014407979939778,0.0339355,8.29919933951823,240.98710227101265,747.6693736551979,211.9484560764253,1.0
Llama2-70B,8,2,4,32,32,1024,0.090318,0.0064117979939778,0.0077189999999999,0.1044487979939778,0.0339355,8.53983933951823,234.19644333880748,750.4883336464679,207.7349846227961,1.0
Llama2-70B,8,2,4,32,32,1152,0.0976735,0.0064117979939778,0.0085989999999999,0.1126842979939778,0.0339355,9.198679339518227,217.42251536129183,762.4604772841361,195.1554099331284,1.0
Llama2-70B,8,2,4,32,32,1280,0.0997525,0.0064117979939778,0.009479,0.1156432979939778,0.0339355,9.435399339518227,211.9677109609353,765.2783328583138,191.7942740428345,1.0
Llama2-70B,8,2,4,32,32,1408,0.1018805,0.0064117979939778,0.010359,0.1186512979939778,0.0339355,9.67603933951823,206.69614186372044,768.0972928495836,188.4799576095484,1.0
Llama2-70B,8,2,4,32,32,1536,0.1040085,0.0064117979939778,0.0112389999999999,0.1216592979939778,0.0339355,9.91667933951823,201.68041453452537,770.9162528408536,185.3012621182052,1.0
Llama2-70B,8,2,4,32,32,1664,0.1061855,0.0064117979939778,0.012119,0.1247162979939778,0.0339355,10.16123933951823,196.82638437830803,773.7363172492155,182.16618965141555,1.0
Llama2-70B,8,2,4,32,32,1792,0.1082645,0.0064117979939778,0.012999,0.1276752979939778,0.0339355,10.39795933951823,192.34543381977355,776.5541728233933,179.3187454852221,1.0
Llama2-70B,8,2,4,32,32,1920,0.1103925,0.0064117979939778,0.0138789999999999,0.1306832979939778,0.0339355,10.63859933951823,187.9946726230006,779.3731328146632,176.50047168391492,1.0
Llama2-70B,8,2,4,32,32,2048,0.1125205,0.0064117979939778,0.014759,0.1336912979939778,0.0339355,10.879239339518229,183.8363820837282,782.1920928059329,173.78879688721898,1.0
Llama2-70B,8,2,4,32,32,2176,0.1231555,0.0064117979939778,0.015639,0.1452062979939778,0.0339355,11.800439339518231,169.48521512264753,798.9186381879148,162.17680862566323,1.0
Llama2-70B,8,2,4,32,32,2304,0.1252345,0.0064117979939778,0.016519,0.1481652979939778,0.0339355,12.03715933951823,166.1521579625486,801.7364937620924,160.04705048570736,1.0
Llama2-70B,8,2,4,32,32,2432,0.1273625,0.0064117979939778,0.017399,0.1511732979939778,0.0339355,12.277799339518229,162.8956415310236,804.5554537533623,157.9262839833864,1.0
Llama2-70B,8,2,4,32,32,2560,0.1294905,0.0064117979939778,0.018279,0.1541812979939778,0.0339355,12.51843933951823,159.76432411078565,807.3744137446322,155.87522129898176,1.0
Llama2-70B,8,2,4,32,32,2688,0.1316675,0.0064117979939778,0.019159,0.1572382979939778,0.0339355,12.762999339518233,156.7029776306088,810.1944781529943,153.83342095676508,1.0
Llama2-70B,8,2,4,32,32,2816,0.1337465,0.0064117979939778,0.020039,0.1601972979939778,0.0339355,12.99971933951823,153.84947534368231,813.0123337271716,151.96889894822888,1.0
Llama2-70B,8,2,4,32,32,2944,0.1358745,0.0064117979939778,0.020919,0.1632052979939778,0.0339355,13.24035933951823,151.05330215854798,815.8312937184419,150.10750613957023,1.0
Llama2-70B,8,2,4,32,32,3072,0.1380025,0.0064117979939778,0.021799,0.1662132979939778,0.0339355,13.480999339518233,148.35695408256535,818.6502537097114,148.30351872424626,1.0
Llama2-70B,8,2,4,32,32,3200,0.1453295,0.0064117979939778,0.022679,0.1744202979939778,0.0339355,14.13755933951823,141.4671338927271,830.4361838361265,142.85402891982125,1.0
Llama2-70B,8,2,4,32,32,3328,0.1474085,0.0064117979939778,0.023559,0.1773792979939778,0.0339355,14.37427933951823,139.13741014490626,833.2540394103044,141.31716275016433,1.0
Llama2-70B,8,2,4,32,32,3456,0.1495365,0.0064117979939778,0.024439,0.1803872979939778,0.0339355,14.614919339518227,136.8464617243607,836.0729994015742,139.7774121036627,1.0
Llama2-70B,8,2,4,32,32,3584,0.1516645,0.0064117979939778,0.025319,0.1833952979939778,0.0339355,14.855559339518232,134.62973384513842,838.8919593928437,138.28086984641166,1.0
Llama2-70B,8,2,4,32,32,3712,0.1538415,0.0064117979939778,0.026199,0.1864522979939778,0.0339355,15.10011933951823,132.44928434213355,841.712023801206,136.7823415335273,1.0
Llama2-70B,8,2,4,32,32,3840,0.1559205,0.0064117979939778,0.027079,0.1894112979939778,0.0339355,15.336839339518228,130.4049651773183,844.5298793753834,135.41033401242672,1.0
Llama2-70B,8,2,4,32,32,3968,0.1580485,0.0064117979939778,0.027959,0.1924192979939779,0.0339355,15.57747933951823,128.39047681650493,847.3488393666534,134.0330403905531,1.0
Llama2-70B,8,2,4,32,32,4096,0.1601765,0.0064117979939778,0.028839,0.1954272979939778,0.0339355,15.81811933951823,126.43728101124022,850.1677993579228,132.6923424094551,1.0
Llama2-70B,8,4,2,32,32,128,0.122399,0.005782637854682,0.001559,0.129740637854682,0.0633115,10.592562528374565,377.6234494047214,679.0477506927467,277.3910533144662,1.0
Llama2-70B,8,4,2,32,32,256,0.124478,0.005782637854682,0.002439,0.132699637854682,0.0633115,10.829282528374566,369.3688838128766,681.8591194270157,273.88740155971954,1.0
Llama2-70B,8,4,2,32,32,384,0.126606,0.005782637854682,0.003319,0.135707637854682,0.0633115,11.069922528374564,361.33947547935855,684.671592578376,270.39460711908464,1.0
Llama2-70B,8,4,2,32,32,512,0.128734,0.005782637854682,0.004199,0.138715637854682,0.0633115,11.310562528374566,353.6517295196668,687.4840657297372,267.01728592669275,1.0
Llama2-70B,8,4,2,32,32,640,0.130911,0.005782637854682,0.0050789999999999,0.141772637854682,0.0633115,11.555122528374566,346.1668182382027,690.2976432981895,263.65150495305573,1.0
Llama2-70B,8,4,2,32,32,768,0.13299,0.005782637854682,0.005959,0.144731637854682,0.0633115,11.791842528374566,339.21755572760145,693.1090120324583,260.5868907558683,1.0
Llama2-70B,8,4,2,32,32,896,0.135118,0.005782637854682,0.006839,0.147739637854682,0.0633115,12.032482528374564,332.4334766800903,695.9214851838192,257.5236035109382,1.0
Llama2-70B,8,4,2,32,32,1024,0.137246,0.005782637854682,0.0077189999999999,0.1507476378546821,0.0633115,12.273122528374568,325.9154294884852,698.7339583351796,254.5553088378458,1.0
Llama2-70B,8,4,2,32,32,1152,0.1479095,0.005782637854682,0.0085989999999999,0.162291137854682,0.0633115,13.196602528374566,303.1083183265869,715.6402303885054,241.91827786197152,1.0
Llama2-70B,8,4,2,32,32,1280,0.1499885,0.005782637854682,0.009479,0.165250137854682,0.0633115,13.433322528374564,297.7669888853626,718.451599122774,239.50222821175427,1.0
Llama2-70B,8,4,2,32,32,1408,0.1521165,0.005782637854682,0.010359,0.168258137854682,0.0633115,13.673962528374568,292.5267633065163,721.2640722741347,237.0762120723704,1.0
Llama2-70B,8,4,2,32,32,1536,0.1542445,0.005782637854682,0.0112389999999999,0.1712661378546821,0.0633115,13.914602528374566,287.4677873006596,724.0765454254953,234.7171359191075,1.0
Llama2-70B,8,4,2,32,32,1664,0.1564215,0.005782637854682,0.012119,0.174323137854682,0.0633115,14.159162528374566,282.5025838911102,726.8901229939481,232.3498122041881,1.0
Llama2-70B,8,4,2,32,32,1792,0.1585005,0.005782637854682,0.012999,0.177282137854682,0.0633115,14.395882528374566,277.85722703112657,729.7014917282171,230.1890188763496,1.0
Llama2-70B,8,4,2,32,32,1920,0.1606285,0.005782637854682,0.0138789999999999,0.1802901378546821,0.0633115,14.636522528374568,273.28895864748915,732.5139648795774,228.0149428275735,1.0
Llama2-70B,8,4,2,32,32,2048,0.1627565,0.005782637854682,0.014759,0.183298137854682,0.0633115,14.877162528374566,268.86847491051964,735.3264380309383,225.89771776578456,1.0
Llama2-70B,8,4,2,32,32,2176,0.1733915,0.005782637854682,0.015639,0.194813137854682,0.0633115,15.798362528374565,253.1907970092357,752.046496573011,216.863714937875,1.0
Llama2-70B,8,4,2,32,32,2304,0.1754705,0.005782637854682,0.016519,0.1977721378546821,0.0633115,16.035082528374566,249.45303480177785,754.8578653072796,215.0953765183548,1.0
Llama2-70B,8,4,2,32,32,2432,0.1775985,0.005782637854682,0.017399,0.200780137854682,0.0633115,16.275722528374565,245.7648189213432,757.6703384586407,213.3098923860957,1.0
Llama2-70B,8,4,2,32,32,2560,0.1797265,0.005782637854682,0.018279,0.203788137854682,0.0633115,16.516362528374568,242.1840761322677,760.482811610001,211.5666892778752,1.0
Llama2-70B,8,4,2,32,32,2688,0.1819035,0.005782637854682,0.019159,0.2068451378546821,0.0633115,16.760922528374568,238.6503483461844,763.2963891784536,209.8080545944564,1.0
Llama2-70B,8,4,2,32,32,2816,0.1839825,0.005782637854682,0.020039,0.209804137854682,0.0633115,16.997642528374566,235.32675153761505,766.1077579127227,208.2012577045976,1.0
Llama2-70B,8,4,2,32,32,2944,0.1861105,0.005782637854682,0.020919,0.2128121378546821,0.0633115,17.238282528374565,232.04167778407844,768.9202310640832,206.5762627750941,1.0
Llama2-70B,8,4,2,32,32,3072,0.1882385,0.005782637854682,0.021799,0.2158201378546821,0.0633115,17.478922528374568,228.84705813568104,771.732704215444,204.98800835521,1.0
Llama2-70B,8,4,2,32,32,3200,0.1988735,0.005782637854682,0.022679,0.2273351378546821,0.0633115,18.400122528374567,217.3898567159896,788.4527627575167,198.2297195849413,1.0
Llama2-70B,8,4,2,32,32,3328,0.2009525,0.005782637854682,0.023559,0.230294137854682,0.0633115,18.636842528374565,214.6286311058328,791.2641314917852,196.8783994953497,1.0
Llama2-70B,8,4,2,32,32,3456,0.2030805,0.005782637854682,0.024439,0.233302137854682,0.0633115,18.877482528374564,211.8926606864892,794.0766046431456,195.5078416300792,1.0
Llama2-70B,8,4,2,32,32,3584,0.2052085,0.005782637854682,0.025319,0.236310137854682,0.0633115,19.118122528374567,209.2255656413602,796.8890777945065,194.165708972705,1.0
Llama2-70B,8,4,2,32,32,3712,0.2073855,0.005782637854682,0.026199,0.239367137854682,0.0633115,19.362682528374567,206.58294604264148,799.7026553629596,192.8058266761561,1.0
Llama2-70B,8,4,2,32,32,3840,0.2094645,0.005782637854682,0.027079,0.242326137854682,0.0633115,19.599402528374565,204.0878539133576,802.5140240972282,191.5632539397435,1.0
Llama2-70B,8,4,2,32,32,3968,0.2115925,0.005782637854682,0.027959,0.245334137854682,0.0633115,19.840042528374568,201.6124710559129,805.3264972485886,190.30128602114647,1.0
Llama2-70B,8,4,2,32,32,4096,0.2137205,0.005782637854682,0.028839,0.2483421378546821,0.0633115,20.080682528374567,199.19641647378708,808.1389703999494,189.0644487543191,1.0
Llama2-70B,8,8,1,32,32,128,0.218323,0.0045739881134033,0.001559,0.2244559881134033,0.1213595,18.227838549072263,438.8891188860773,659.2350516625814,301.9540092718501,1.0
Llama2-70B,8,8,1,32,32,256,0.220402,0.0045739881134033,0.002439,0.2274149881134033,0.1213595,18.46455854907226,433.2624567621712,662.0431769768951,300.3798409165504,1.0
Llama2-70B,8,8,1,32,32,384,0.22253,0.0045739881134033,0.003319,0.2304229881134033,0.1213595,18.705198549072264,427.6885903676645,663.6363514883536,298.2233188731199,1.0
Llama2-70B,8,8,1,32,32,512,0.224658,0.0045739881134033,0.004199,0.2334309881134033,0.1213595,18.945838549072263,422.2563165667715,667.6616364397078,297.1902342403598,1.0
Llama2-70B,8,8,1,32,32,640,0.230143,0.0045739881134033,0.0050789999999999,0.2397959881134033,0.1213595,19.455038549072263,411.2045308890683,675.4125858437725,293.475181015183,1.0
Llama2-70B,8,8,1,32,32,768,0.232222,0.0045739881134033,0.005959,0.2427549881134033,0.1213595,19.691758549072265,406.2613290765188,678.2207111580864,292.05704505089386,1.0
Llama2-70B,8,8,1,32,32,896,0.23435,0.0045739881134033,0.006839,0.2457629881134033,0.1213595,19.932398549072264,401.356614473894,679.8140076037936,290.0849189689753,1.0
Llama2-70B,8,8,1,32,32,1024,0.236478,0.0045739881134033,0.0077189999999999,0.2487709881134033,0.1213595,20.173038549072263,396.5689145212044,683.8391706208989,289.1766551733771,1.0
Llama2-70B,8,8,1,32,32,1152,0.2471415,0.0045739881134033,0.0085989999999999,0.2603144881134033,0.1213595,21.096518549072268,379.2094881148911,700.7421992542703,283.5388630619585,1.0
Llama2-70B,8,8,1,32,32,1280,0.2492205,0.0045739881134033,0.009479,0.2632734881134033,0.1213595,21.333238549072263,375.0016661369917,703.5503245685841,282.30034229470857,1.0
Llama2-70B,8,8,1,32,32,1408,0.2513485,0.0045739881134033,0.010359,0.2662814881134033,0.1213595,21.573878549072266,370.8188113603719,705.143621014291,280.5441930285205,1.0
Llama2-70B,8,8,1,32,32,1536,0.2534765,0.0045739881134033,0.0112389999999999,0.2692894881134033,0.1213595,21.814518549072265,366.72824027740126,709.1687840313962,279.77693554684424,1.0
Llama2-70B,8,8,1,32,32,1664,0.2589615,0.0045739881134033,0.012119,0.2756544881134033,0.1213595,22.323718549072264,358.3632351579019,716.9197334354616,276.8441383894755,1.0
Llama2-70B,8,8,1,32,32,1792,0.2610405,0.0045739881134033,0.012999,0.2786134881134033,0.1213595,22.560438549072263,354.60303586735813,719.7278587497754,275.7150169225754,1.0
Llama2-70B,8,8,1,32,32,1920,0.2631685,0.0045739881134033,0.0138789999999999,0.2816214881134033,0.1213595,22.801078549072265,350.86059559781245,721.3211551954824,274.09099310726106,1.0
Llama2-70B,8,8,1,32,32,2048,0.2652965,0.0045739881134033,0.014759,0.2846294881134033,0.1213595,23.041718549072264,347.19632491657643,725.3463182125874,273.4096824543814,1.0
Llama2-70B,8,8,1,32,32,2176,0.2759315,0.0045739881134033,0.015639,0.2961444881134033,0.1213595,23.962918549072267,333.8491504537423,742.063133334706,268.9301994642533,1.0
Llama2-70B,8,8,1,32,32,2304,0.2780105,0.0045739881134033,0.016519,0.2991034881134033,0.1213595,24.199638549072265,330.583449987384,744.8712586490195,267.92918204492986,1.0
Llama2-70B,8,8,1,32,32,2432,0.2801385,0.0045739881134033,0.017399,0.3021114881134033,0.1213595,24.440278549072264,327.3285115772003,746.4645550947266,266.4626801009953,1.0
Llama2-70B,8,8,1,32,32,2560,0.2822665,0.0045739881134033,0.018279,0.3051194881134033,0.1213595,24.680918549072263,324.1370447414208,750.489718111832,265.87983983640714,1.0
Llama2-70B,8,8,1,32,32,2688,0.2877515,0.0045739881134033,0.019159,0.3114844881134033,0.1213595,25.190118549072263,317.5848491707331,758.2406675158971,263.50537443450247,1.0
Llama2-70B,8,8,1,32,32,2816,0.2898305,0.0045739881134033,0.020039,0.3144434881134033,0.1213595,25.42683854907226,314.62818252298587,761.048792830211,262.5840940929996,1.0
Llama2-70B,8,8,1,32,32,2944,0.2919585,0.0045739881134033,0.020919,0.3174514881134033,0.1213595,25.667478549072268,311.6784527434291,762.6420892759179,261.21592256293894,1.0
Llama2-70B,8,8,1,32,32,3072,0.2940865,0.0045739881134033,0.021799,0.3204594881134033,0.1213595,25.908118549072263,308.7835183727176,766.6672522930234,260.69447332435305,1.0
Llama2-70B,8,8,1,32,32,3200,0.3047215,0.0045739881134033,0.022679,0.3319744881134033,0.1213595,26.829318549072266,298.18125963086135,783.3840674151417,257.0819805675482,1.0
Llama2-70B,8,8,1,32,32,3328,0.3068005,0.0045739881134033,0.023559,0.3349334881134033,0.1213595,27.066038549072264,295.5733616316088,786.1921927294554,256.25518626255683,1.0
Llama2-70B,8,8,1,32,32,3456,0.3089285,0.0045739881134033,0.024439,0.3379414881134033,0.1213595,27.306678549072263,292.9686225156738,787.7854891751624,255.00576643953625,1.0
Llama2-70B,8,8,1,32,32,3584,0.3110565,0.0045739881134033,0.025319,0.3409494881134033,0.1213595,27.547318549072266,290.4093908722533,791.8106521922678,254.5552503137751,1.0
Llama2-70B,8,8,1,32,32,3712,0.3165415,0.0045739881134033,0.026199,0.3473144881134032,0.1213595,28.056518549072266,285.1387276011312,799.561601596333,252.59297804437423,1.0
Llama2-70B,8,8,1,32,32,3840,0.3186205,0.0045739881134033,0.027079,0.3502734881134033,0.1213595,28.293238549072264,282.7530678796161,802.3697269106468,251.82614643773607,1.0
Llama2-70B,8,8,1,32,32,3968,0.3207485,0.0045739881134033,0.027959,0.3532814881134033,0.1213595,28.533878549072263,280.3684744869746,803.9630233563539,250.65215374549024,1.0
Llama2-70B,8,8,1,32,32,4096,0.3228765,0.0045739881134033,0.028839,0.3562894881134033,0.1213595,28.774518549072265,278.02376558817986,807.9881863734591,250.24682390123127,1.0
Llama2-70B,8,80,1,32,3,128,2.186268,0.0004647777472601,0.01559,2.2023227777472605,1.2585155,177.59433771978084,450.4648122634904,629.4977686459858,287.9325721485134,1.0
Llama2-70B,8,80,1,32,3,256,2.213376,0.0004647777472601,0.02439,2.23823077774726,1.2585155,180.4669777197808,443.2943966303885,632.1003878177055,285.58201942087805,1.0
Llama2-70B,8,80,1,32,3,384,2.237176,0.0004647777472601,0.03319,2.27083077774726,1.2585155,183.0749777197808,436.9794332158818,634.1291900108179,283.4507387933799,1.0
Llama2-70B,8,80,1,32,3,512,2.264284,0.0004647777472601,0.04199,2.3067387777472605,1.2585155,185.9476177197808,430.2286901064704,636.84209628013,281.25539741486944,1.0
Llama2-70B,8,80,1,32,3,640,2.291392,0.0004647777472601,0.0507899999999999,2.3426467777472606,1.2585155,188.82025771978084,423.6833535029075,639.4447154518496,279.0638683611752,1.0
Llama2-70B,8,80,1,32,3,768,2.315192,0.0004647777472601,0.05959,2.375246777747261,1.2585155,191.42825771978085,417.9111326244566,641.4714400993624,277.0705151449048,1.0
Llama2-70B,8,80,1,32,3,896,2.3423,0.0004647777472601,0.0683899999999999,2.41115477774726,1.2585155,194.3008977197808,411.7325289735684,644.1864239142747,275.02302177956483,1.0
Llama2-70B,8,80,1,32,3,1024,2.369408,0.0004647777472601,0.07719,2.44706277774726,1.2585155,197.1735377197808,405.73395864963607,646.789043085994,272.9749553837896,1.0
Llama2-70B,8,80,1,32,3,1152,2.40894,0.0004647777472601,0.0859899999999999,2.49539477774726,1.2585155,201.0400977197808,397.9305666251107,651.4751395514069,270.4405836390308,1.0
Llama2-70B,8,80,1,32,3,1280,2.436048,0.0004647777472601,0.09479,2.5313027777472605,1.2585155,203.91273771978084,392.32468208992856,654.1928349115188,268.54677531457475,1.0
Llama2-70B,8,80,1,32,3,1408,2.463156,0.0004647777472601,0.10359,2.5672107777472606,1.2585155,206.78537771978085,386.8745502325105,656.7954540832383,266.64793219886934,1.0
Llama2-70B,8,80,1,32,3,1536,2.486956,0.0004647777472601,0.1123899999999999,2.5998107777472605,1.2585155,209.39337771978083,382.0560175836096,658.8173896399511,264.9091458151857,1.0
Llama2-70B,8,80,1,32,3,1664,2.514064,0.0004647777472601,0.1211899999999999,2.63571877774726,1.2585155,212.2660177197808,376.88557433442105,661.5371625456633,263.13457515228856,1.0
Llama2-70B,8,80,1,32,3,1792,2.541172,0.0004647777472601,0.12999,2.67162677774726,1.2585155,215.1386577197808,371.8532078237673,664.1397817173827,261.35176277614534,1.0
Llama2-70B,8,80,1,32,3,1920,2.564972,0.0004647777472601,0.13879,2.7042267777472606,1.2585155,217.74665771978084,367.3994395034635,666.1596397284958,259.71419560466774,1.0
Llama2-70B,8,80,1,32,3,2048,2.59208,0.0004647777472601,0.14759,2.7401347777472607,1.2585155,220.6192977197809,362.6156044681632,668.8814901798073,258.0481660210363,1.0
Llama2-70B,8,80,1,32,3,2176,2.63492,0.0004647777472601,0.15639,2.791774777747261,1.2585155,224.75049771978084,355.95026846055794,674.146192714627,255.8507251509067,1.0
Llama2-70B,8,80,1,32,3,2304,2.65872,0.0004647777472601,0.16519,2.8243747777472605,1.2585155,227.35849771978084,351.86720884565284,676.1633391805402,254.31912317977825,1.0
Llama2-70B,8,80,1,32,3,2432,2.685828,0.0004647777472601,0.17399,2.86028277774726,1.2585155,230.2311377197808,347.47689123340774,678.8879011770518,252.7667077627652,1.0
Llama2-70B,8,80,1,32,3,2560,2.712936,0.0004647777472601,0.18279,2.89619077774726,1.2585155,233.1037777197808,343.19478123674924,681.4905203487713,251.2003675533708,1.0
Llama2-70B,8,80,1,32,3,2688,2.736736,0.0004647777472601,0.19159,2.9287907777472606,1.2585155,235.71177771978083,339.3975505759653,683.5055892690843,249.7521095454894,1.0
Llama2-70B,8,80,1,32,3,2816,2.763844,0.0004647777472601,0.20039,2.9646987777472606,1.2585155,238.58441771978084,335.3110851269448,686.2322288111964,248.28906002335748,1.0
Llama2-70B,8,80,1,32,3,2944,2.790952,0.0004647777472601,0.20919,3.0006067777472603,1.2585155,241.4570577197808,331.3218538960362,688.8348479829158,246.80999457637247,1.0
Llama2-70B,8,80,1,32,3,3072,2.814752,0.0004647777472601,0.21799,3.03320677774726,1.2585155,244.0650577197808,327.7814560896736,690.8478393576289,245.4382621835348,1.0
Llama2-70B,8,80,1,32,3,3200,2.857592,0.0004647777472601,0.22679,3.08484677774726,1.2585155,248.1962577197808,322.3255690274018,696.2386398084408,243.6452229039137,1.0
Llama2-70B,8,80,1,32,3,3328,2.8847,0.0004647777472601,0.23559,3.1207547777472606,1.2585155,251.06889771978084,318.6376358304977,698.8412589801602,242.2578635491248,1.0
Llama2-70B,8,80,1,32,3,3456,2.9085,0.0004647777472601,0.24439,3.1533547777472606,1.2585155,253.67689771978084,315.36178784546007,700.851538809673,240.96666281921023,1.0
Llama2-70B,8,80,1,32,3,3584,2.935608,0.0004647777472601,0.25319,3.1892627777472606,1.2585155,256.5495377197808,311.83061451227763,703.5829674425853,239.67197508747256,1.0
Llama2-70B,8,80,1,32,3,3712,2.962716,0.0004647777472601,0.26199,3.22517077774726,1.2585155,259.4221777197808,308.3776441288429,706.1855866143046,238.3575025801679,1.0
Llama2-70B,8,80,1,32,3,3840,2.986516,0.0004647777472601,0.27079,3.25777077774726,1.2585155,262.0301777197808,305.3083453828485,708.1937888982175,237.13041848703224,1.0
Llama2-70B,8,80,1,32,3,3968,3.013624,0.0004647777472601,0.27959,3.2936787777472603,1.2585155,264.9028177197808,301.9975426785589,710.9272950767295,235.9044443091539,1.0
Llama2-70B,8,80,1,32,3,4096,3.040732,0.0004647777472601,0.28839,3.3295867777472608,1.2585155,267.77545771978083,298.75777519431097,713.529914248449,234.65728457767705,1.0
Llama2-70B,20,1,20,32,32,128,0.039523,0.0148387594386509,0.001559,0.0559207594386509,0.0119035,4.635564255092076,215.7234685942536,1237.125681896295,391.2676422261388,1.0
Llama2-70B,20,1,20,32,32,256,0.041602,0.0148387594386509,0.002439,0.0588797594386509,0.0119035,4.872284255092077,205.24254079693503,1239.995432189746,372.5768689575458,1.0
Llama2-70B,20,1,20,32,32,384,0.04373,0.0148387594386509,0.003319,0.0618877594386509,0.0119035,5.112924255092076,195.58279178575305,1242.8662869002883,355.267061199488,1.0
Llama2-70B,20,1,20,32,32,512,0.045858,0.0148387594386509,0.004199,0.0648957594386509,0.0119035,5.353564255092076,186.79144441926587,1245.737141610831,339.5637461323082,1.0
Llama2-70B,20,1,20,32,32,640,0.048035,0.0148387594386509,0.0050789999999999,0.0679527594386509,0.0119035,5.598124255092077,178.63126190712825,1248.6091007384664,324.921697912581,1.0
Llama2-70B,20,1,20,32,32,768,0.050114,0.0148387594386509,0.005959,0.0709117594386509,0.0119035,5.834844255092077,171.38418032791512,1251.4788510319172,312.1579925349995,1.0
Llama2-70B,20,1,20,32,32,896,0.052242,0.0148387594386509,0.006839,0.0739197594386509,0.0119035,6.075484255092075,164.59593309979616,1254.34970574246,300.12961452051513,1.0
Llama2-70B,20,1,20,32,32,1024,0.05437,0.0148387594386509,0.0077189999999999,0.0769277594386509,0.0119035,6.316124255092076,158.324940994281,1257.220560453003,289.04279944201824,1.0
Llama2-70B,20,1,20,32,32,1152,0.0617255,0.0148387594386509,0.0085989999999999,0.0851632594386509,0.0119035,6.974964255092075,143.36991035759783,1269.2445988099444,257.0340861576545,1.0
Llama2-70B,20,1,20,32,32,1280,0.0638045,0.0148387594386509,0.009479,0.0881222594386509,0.0119035,7.2116842550920754,138.66386334009468,1272.114349103395,249.22112646901763,1.0
Llama2-70B,20,1,20,32,32,1408,0.0659325,0.0148387594386509,0.010359,0.0911302594386509,0.0119035,7.452324255092075,134.18632439627316,1274.985203813938,241.7216857797629,1.0
Llama2-70B,20,1,20,32,32,1536,0.0680605,0.0148387594386509,0.0112389999999999,0.0941382594386509,0.0119035,7.692964255092075,129.98890503593418,1277.856058524481,234.6912046128961,1.0
Llama2-70B,20,1,20,32,32,1664,0.0702375,0.0148387594386509,0.012119,0.0971952594386509,0.0119035,7.937524255092075,125.98386699208896,1280.728017652115,227.9281042271072,1.0
Llama2-70B,20,1,20,32,32,1792,0.0723165,0.0148387594386509,0.012999,0.1001542594386509,0.0119035,8.174244255092077,122.3354684290304,1283.5977679455666,221.87152446979007,1.0
Llama2-70B,20,1,20,32,32,1920,0.0744445,0.0148387594386509,0.0138789999999999,0.1031622594386509,0.0119035,8.414884255092076,118.83704750839236,1286.4686226561091,216.01136125840543,1.0
Llama2-70B,20,1,20,32,32,2048,0.0765725,0.0148387594386509,0.014759,0.1061702594386509,0.0119035,8.655524255092075,115.53315206894564,1289.3394773666523,210.4769136058395,1.0
Llama2-70B,20,1,20,32,32,2176,0.0838995,0.0148387594386509,0.015639,0.1143772594386509,0.0119035,9.312084255092076,107.38734450917104,1301.1773022123402,193.8595137951269,1.0
Llama2-70B,20,1,20,32,32,2304,0.0859785,0.0148387594386509,0.016519,0.1173362594386509,0.0119035,9.548804255092076,104.7251544052473,1304.0470525057915,189.5891200279417,1.0
Llama2-70B,20,1,20,32,32,2432,0.0881065,0.0148387594386509,0.017399,0.1203442594386509,0.0119035,9.789444255092077,102.15084472030576,1306.917907216334,185.41735104906192,1.0
Llama2-70B,20,1,20,32,32,2560,0.0902345,0.0148387594386509,0.018279,0.1233522594386509,0.0119035,10.030084255092076,99.70005979683768,1309.788761926877,181.44234770609864,1.0
Llama2-70B,20,1,20,32,32,2688,0.0924115,0.0148387594386509,0.019159,0.1264092594386509,0.0119035,10.274644255092078,97.3269706641574,1312.660721054512,177.55646227126928,1.0
Llama2-70B,20,1,20,32,32,2816,0.0944905,0.0148387594386509,0.020039,0.1293682594386509,0.0119035,10.511364255092076,95.13512953521374,1315.5304713479625,174.02946213481286,1.0
Llama2-70B,20,1,20,32,32,2944,0.0966185,0.0148387594386509,0.020919,0.1323762594386509,0.0119035,10.752004255092077,93.00591557396444,1318.4013260585057,170.56791997113723,1.0
Llama2-70B,20,1,20,32,32,3072,0.0987465,0.0148387594386509,0.021799,0.1353842594386509,0.0119035,10.992644255092078,90.96992286790088,1321.2721807690482,167.2555711808834,1.0
Llama2-70B,20,1,20,32,32,3200,0.1060735,0.0148387594386509,0.022679,0.1435912594386509,0.0119035,11.649204255092076,85.8427733004065,1333.1100056147363,157.09743781608233,1.0
Llama2-70B,20,1,20,32,32,3328,0.1081525,0.0148387594386509,0.023559,0.1465502594386509,0.0119035,11.885924255092077,84.13312911459853,1335.9797559081876,154.4092549765594,1.0
Llama2-70B,20,1,20,32,32,3456,0.1102805,0.0148387594386509,0.024439,0.1495582594386509,0.0119035,12.12656425509208,82.46358811648476,1338.8506106187308,151.75513923798064,1.0
Llama2-70B,20,1,20,32,32,3584,0.1124085,0.0148387594386509,0.025319,0.1525662594386509,0.0119035,12.367204255092078,80.85901868955222,1341.721465329273,149.2015133785783,1.0
Llama2-70B,20,1,20,32,32,3712,0.1145855,0.0148387594386509,0.026199,0.1556232594386509,0.0119035,12.611764255092078,79.29104761026942,1344.5934244569082,146.68014544345797,1.0
Llama2-70B,20,1,20,32,32,3840,0.1166645,0.0148387594386509,0.027079,0.1585822594386509,0.0119035,12.848484255092078,77.83019227374487,1347.4631747503586,144.37373566405793,1.0
Llama2-70B,20,1,20,32,32,3968,0.1187925,0.0148387594386509,0.027959,0.1615902594386509,0.0119035,13.089124255092075,76.39930529431477,1350.334029460901,142.0895710441423,1.0
Llama2-70B,20,1,20,32,32,4096,0.1209205,0.0148387594386509,0.028839,0.1645982594386509,0.0119035,13.329764255092076,75.0200814405245,1353.2048841714443,139.8858014327021,1.0
Llama2-70B,20,2,10,32,32,128,0.050251,0.0141149887520926,0.001559,0.0659249887520926,0.0183235,5.442322600167411,367.4901594290787,977.2761310018828,486.197354779946,1.0
Llama2-70B,20,2,10,32,32,256,0.05233,0.0141149887520926,0.002439,0.0688839887520926,0.0183235,5.679042600167411,352.17203687484977,980.1134470957876,468.23688471994456,1.0
Llama2-70B,20,2,10,32,32,384,0.054458,0.0141149887520926,0.003319,0.0718919887520926,0.0183235,5.919682600167412,337.8559519294901,982.9518676067852,451.2430990886487,1.0
Llama2-70B,20,2,10,32,32,512,0.056586,0.0141149887520926,0.004199,0.0748999887520926,0.0183235,6.160322600167411,324.6583222680008,985.7902881177822,435.5274662097436,1.0
Llama2-70B,20,2,10,32,32,640,0.058763,0.0141149887520926,0.0050789999999999,0.0779569887520926,0.0183235,6.404882600167412,312.2617735331673,988.6298130458714,420.6004684265063,1.0
Llama2-70B,20,2,10,32,32,768,0.060842,0.0141149887520926,0.005959,0.0809159887520926,0.0183235,6.641602600167412,301.13213939502896,991.4671291397768,407.3942051295885,1.0
Llama2-70B,20,2,10,32,32,896,0.06297,0.0141149887520926,0.006839,0.0839239887520926,0.0183235,6.882242600167411,290.602949676803,994.3055496507736,394.7536722450269,1.0
Llama2-70B,20,2,10,32,32,1024,0.065098,0.0141149887520926,0.0077189999999999,0.0869319887520926,0.0183235,7.122882600167412,280.7851978288949,997.1439701617712,382.93955657691913,1.0
Llama2-70B,20,2,10,32,32,1152,0.0724535,0.0141149887520926,0.0085989999999999,0.0951674887520926,0.0183235,7.781722600167411,257.01250259897125,1009.135574319167,348.20111323785835,1.0
Llama2-70B,20,2,10,32,32,1280,0.0745325,0.0141149887520926,0.009479,0.0981264887520926,0.0183235,8.018442600167411,249.42499431975023,1011.972890413072,339.44014034584654,1.0
Llama2-70B,20,2,10,32,32,1408,0.0766605,0.0141149887520926,0.010359,0.1011344887520926,0.0183235,8.25908260016741,242.1576459302466,1014.8113109240692,330.9433511795739,1.0
Llama2-70B,20,2,10,32,32,1536,0.0787885,0.0141149887520926,0.0112389999999999,0.1041424887520926,0.0183235,8.49972260016741,235.30179678576903,1017.6497314350668,322.90554187320043,1.0
Llama2-70B,20,2,10,32,32,1664,0.0809655,0.0141149887520926,0.012119,0.1071994887520926,0.0183235,8.744282600167411,228.72087871013107,1020.4892563631556,315.10002913684093,1.0
Llama2-70B,20,2,10,32,32,1792,0.0830445,0.0141149887520926,0.012999,0.1101584887520926,0.0183235,8.98100260016741,222.69228604417944,1023.3265724570608,308.06572754880244,1.0
Llama2-70B,20,2,10,32,32,1920,0.0851725,0.0141149887520926,0.0138789999999999,0.1131664887520926,0.0183235,9.22164260016741,216.88110098342912,1026.164992968058,301.2019704036098,1.0
Llama2-70B,20,2,10,32,32,2048,0.0873005,0.0141149887520926,0.014759,0.1161744887520926,0.0183235,9.46228260016741,211.36549017935857,1029.003413479055,294.67282933060386,1.0
Llama2-70B,20,2,10,32,32,2176,0.0946275,0.0141149887520926,0.015639,0.1243814887520926,0.0183235,10.11884260016741,197.6510633703217,1040.808804125198,274.9752461296128,1.0
Llama2-70B,20,2,10,32,32,2304,0.0967065,0.0141149887520926,0.016519,0.1273404887520926,0.0183235,10.35556260016741,193.13291582706165,1043.6461202191028,269.79730427093915,1.0
Llama2-70B,20,2,10,32,32,2432,0.0988345,0.0141149887520926,0.017399,0.1303484887520926,0.0183235,10.596202600167413,188.7468629533755,1046.4845407301004,264.706286957009,1.0
Llama2-70B,20,2,10,32,32,2560,0.1009625,0.0141149887520926,0.018279,0.1333564887520926,0.0183235,10.83684260016741,184.55560109077376,1049.3229612410978,259.8298777370551,1.0
Llama2-70B,20,2,10,32,32,2688,0.1031395,0.0141149887520926,0.019159,0.1364134887520926,0.0183235,11.081402600167412,180.4825681515971,1052.1624861691869,255.0338343140084,1.0
Llama2-70B,20,2,10,32,32,2816,0.1052185,0.0141149887520926,0.020039,0.1393724887520926,0.0183235,11.31812260016741,176.7077518642904,1054.9998022630916,250.668799275577,1.0
Llama2-70B,20,2,10,32,32,2944,0.1073465,0.0141149887520926,0.020919,0.1423804887520926,0.0183235,11.55876260016741,173.0289018974257,1057.8382227740892,246.36066913548387,1.0
Llama2-70B,20,2,10,32,32,3072,0.1094745,0.0141149887520926,0.021799,0.1453884887520926,0.0183235,11.799402600167411,169.5001067233373,1060.676643285086,242.2200245913629,1.0
Llama2-70B,20,2,10,32,32,3200,0.1168015,0.0141149887520926,0.022679,0.1535954887520926,0.0183235,12.45596260016741,160.5656715742804,1072.482033931229,229.55228184809883,1.0
Llama2-70B,20,2,10,32,32,3328,0.1188805,0.0141149887520926,0.023559,0.1565544887520926,0.0183235,12.69268260016741,157.57110320978333,1075.3193500251336,226.1345111320053,1.0
Llama2-70B,20,2,10,32,32,3456,0.1210085,0.0141149887520926,0.024439,0.1595624887520926,0.0183235,12.933322600167408,154.6393035904101,1078.157770536131,222.74422262405764,1.0
Llama2-70B,20,2,10,32,32,3584,0.1231365,0.0141149887520926,0.025319,0.1625704887520926,0.0183235,13.173962600167412,151.81461043274743,1080.996191047128,219.4711135705352,1.0
Llama2-70B,20,2,10,32,32,3712,0.1253135,0.0141149887520926,0.026199,0.1656274887520926,0.0183235,13.41852260016741,149.04770514565053,1083.8357159752177,216.22485126806325,1.0
Llama2-70B,20,2,10,32,32,3840,0.1273925,0.0141149887520926,0.027079,0.1685864887520926,0.0183235,13.655242600167409,146.46389365323182,1086.673032069123,213.2529450456509,1.0
Llama2-70B,20,2,10,32,32,3968,0.1295205,0.0141149887520926,0.027959,0.1715944887520926,0.0183235,13.895882600167411,143.92752569569817,1089.5114525801198,210.29710597552503,1.0
Llama2-70B,20,2,10,32,32,4096,0.1316485,0.0141149887520926,0.028839,0.1746024887520926,0.0183235,14.13652260016741,141.47750875992057,1092.3498730911176,207.43682478173264,1.0
Llama2-70B,20,4,5,32,32,128,0.071707,0.0134763675580705,0.001559,0.0867423675580706,0.0311635,7.120552904645649,561.7541297095465,847.3513652266769,590.8428502284828,1.0
Llama2-70B,20,4,5,32,32,256,0.073786,0.0134763675580705,0.002439,0.0897013675580706,0.0311635,7.357272904645647,543.679710110285,850.1724642208088,576.1068930561413,1.0
Llama2-70B,20,4,5,32,32,384,0.075914,0.0134763675580705,0.003319,0.0927093675580705,0.0311635,7.597912904645647,526.4603648660215,852.9946676320333,561.8164420476021,1.0
Llama2-70B,20,4,5,32,32,512,0.078042,0.0134763675580705,0.004199,0.0957173675580705,0.0311635,7.838552904645647,510.2982717166244,855.8168710432578,548.3053170365047,1.0
Llama2-70B,20,4,5,32,32,640,0.080219,0.0134763675580705,0.0050789999999999,0.0987743675580705,0.0311635,8.083112904645647,494.8588553923403,858.6401788715743,535.1850427402327,1.0
Llama2-70B,20,4,5,32,32,768,0.082298,0.0134763675580705,0.005959,0.1017333675580706,0.0311635,8.319832904645647,480.7788865286551,861.4612778657066,523.3792302763775,1.0
Llama2-70B,20,4,5,32,32,896,0.084426,0.0134763675580705,0.006839,0.1047413675580705,0.0311635,8.560472904645648,467.2639052252892,864.2834812769311,511.85859881845096,1.0
Llama2-70B,20,4,5,32,32,1024,0.086554,0.0134763675580705,0.0077189999999999,0.1077493675580706,0.0311635,8.801112904645649,454.4879770703326,867.1056846881551,500.9044554198276,1.0
Llama2-70B,20,4,5,32,32,1152,0.0939095,0.0134763675580705,0.0085989999999999,0.1159848675580706,0.0311635,9.459952904645649,422.8350860008676,879.0810717457782,468.04693441333313,1.0
Llama2-70B,20,4,5,32,32,1280,0.0959885,0.0134763675580705,0.009479,0.1189438675580706,0.0311635,9.696672904645649,412.5126256536519,881.9021707399105,459.3790770456411,1.0
Llama2-70B,20,4,5,32,32,1408,0.0981165,0.0134763675580705,0.010359,0.1219518675580705,0.0311635,9.937312904645648,402.5233016593468,884.7243741511348,450.8540225910703,1.0
Llama2-70B,20,4,5,32,32,1536,0.1002445,0.0134763675580705,0.0112389999999999,0.1249598675580705,0.0311635,10.177952904645649,393.0063380598108,887.5465775623593,442.690909507434,1.0
Llama2-70B,20,4,5,32,32,1664,0.1024215,0.0134763675580705,0.012119,0.1280168675580706,0.0311635,10.422512904645648,383.784605171088,890.3698853906759,434.6596590514079,1.0
Llama2-70B,20,4,5,32,32,1792,0.1045005,0.0134763675580705,0.012999,0.1309758675580705,0.0311635,10.659232904645648,375.261525457115,893.1909843848081,427.36206256659455,1.0
Llama2-70B,20,4,5,32,32,1920,0.1066285,0.0134763675580705,0.0138789999999999,0.1339838675580706,0.0311635,10.899872904645648,366.9767560587936,896.0131877960322,420.156519033857,1.0
Llama2-70B,20,4,5,32,32,2048,0.1087565,0.0134763675580705,0.014759,0.1369918675580706,0.0311635,11.140512904645648,359.0498960179814,898.8353912072567,413.23295214872513,1.0
Llama2-70B,20,4,5,32,32,2176,0.1160835,0.0134763675580705,0.015639,0.1451988675580706,0.0311635,11.797072904645647,339.0671594836727,910.6245647536264,392.22825154032495,1.0
Llama2-70B,20,4,5,32,32,2304,0.1181625,0.0134763675580705,0.016519,0.1481578675580706,0.0311635,12.033792904645647,332.39727754129785,913.4456637477588,386.5209621274764,1.0
Llama2-70B,20,4,5,32,32,2432,0.1202905,0.0134763675580705,0.017399,0.1511658675580705,0.0311635,12.274432904645646,325.880635877367,916.2678671589832,380.8562883847783,1.0
Llama2-70B,20,4,5,32,32,2560,0.1224185,0.0134763675580705,0.018279,0.1541738675580705,0.0311635,12.515072904645647,319.614598370832,919.0900705702076,375.38855261672336,1.0
Llama2-70B,20,4,5,32,32,2688,0.1279035,0.0134763675580705,0.019159,0.1605388675580706,0.0311635,13.024272904645647,307.1188717623718,926.8539936540908,362.3255007306644,1.0
Llama2-70B,20,4,5,32,32,2816,0.1299825,0.0134763675580705,0.020039,0.1634978675580705,0.0311635,13.260992904645647,301.6365387390188,929.6750926482232,357.61548387214543,1.0
Llama2-70B,20,4,5,32,32,2944,0.1321105,0.0134763675580705,0.020919,0.1665058675580705,0.0311635,13.501632904645646,296.2604618455949,932.4972960594476,352.9232332250077,1.0
Llama2-70B,20,4,5,32,32,3072,0.1342385,0.0134763675580705,0.021799,0.1695138675580706,0.0311635,13.742272904645649,291.07266518101085,935.319499470672,348.3797492785868,1.0
Llama2-70B,20,4,5,32,32,3200,0.1415655,0.0134763675580705,0.022679,0.1777208675580706,0.0311635,14.398832904645648,277.8002930160706,947.1086730170416,334.512530601397,1.0
Llama2-70B,20,4,5,32,32,3328,0.1436445,0.0134763675580705,0.023559,0.1806798675580705,0.0311635,14.635552904645646,273.30706438362927,949.929772011174,330.6530260508317,1.0
Llama2-70B,20,4,5,32,32,3456,0.1457725,0.0134763675580705,0.024439,0.1836878675580706,0.0311635,14.876192904645649,268.8859996397902,952.7519754223983,326.7941399860737,1.0
Llama2-70B,20,4,5,32,32,3584,0.1479005,0.0134763675580705,0.025319,0.1866958675580705,0.0311635,15.116832904645646,264.6056899107971,955.5741788336228,323.0462976236128,1.0
Llama2-70B,20,4,5,32,32,3712,0.1500775,0.0134763675580705,0.026199,0.1897528675580705,0.0311635,15.361392904645648,260.3930532100579,958.3974866619392,319.3008567779778,1.0
Llama2-70B,20,4,5,32,32,3840,0.1521565,0.0134763675580705,0.027079,0.1927118675580705,0.0311635,15.598112904645646,256.44127750919563,961.2185856560716,315.8651078514791,1.0
Llama2-70B,20,4,5,32,32,3968,0.1542845,0.0134763675580705,0.027959,0.1957198675580705,0.0311635,15.838752904645649,252.5451355975611,964.040789067296,312.4230849720147,1.0
Llama2-70B,20,4,5,32,32,4096,0.1564125,0.0134763675580705,0.028839,0.1987278675580706,0.0311635,16.079392904645648,248.76561097305623,966.8629924785204,309.0747198844466,1.0
Llama2-70B,20,5,4,32,32,128,0.075471,0.0130931948416573,0.001559,0.0901231948416573,0.0339355,7.39379108733259,676.2430721861006,730.756718124671,605.1635049594141,1.0
Llama2-70B,20,5,4,32,32,256,0.07755,0.0130931948416573,0.002439,0.0930821948416573,0.0339355,7.630511087332589,655.2641025973345,733.5745736988491,591.210971710871,1.0
Llama2-70B,20,5,4,32,32,384,0.079678,0.0130931948416573,0.003319,0.0960901948416573,0.0339355,7.87115108733259,635.2311046406837,736.3935336901187,577.6324186805947,1.0
Llama2-70B,20,5,4,32,32,512,0.081806,0.0130931948416573,0.004199,0.0990981948416573,0.0339355,8.11179108733259,616.3866828138638,739.2124936813885,564.7602969841673,1.0
Llama2-70B,20,5,4,32,32,640,0.083983,0.0130931948416573,0.0050789999999999,0.1021551948416573,0.0339355,8.356351087332591,598.3472867217738,742.0325580897508,552.2193167737447,1.0
Llama2-70B,20,5,4,32,32,768,0.086062,0.0130931948416573,0.005959,0.1051141948416573,0.0339355,8.593071087332591,581.8641495205028,744.8504136639283,540.9257378865877,1.0
Llama2-70B,20,5,4,32,32,896,0.08819,0.0130931948416573,0.006839,0.1081221948416573,0.0339355,8.83371108733259,566.0135305047418,747.6693736551979,529.8711401910632,1.0
Llama2-70B,20,5,4,32,32,1024,0.090318,0.0130931948416573,0.0077189999999999,0.1111301948416573,0.0339355,9.074351087332593,551.0035871303005,750.4883336464679,519.3374615569903,1.0
Llama2-70B,20,5,4,32,32,1152,0.0976735,0.0130931948416573,0.0085989999999999,0.1193656948416573,0.0339355,9.733191087332589,513.706137600373,762.4604772841361,487.88852483282056,1.0
Llama2-70B,20,5,4,32,32,1280,0.0997525,0.0130931948416573,0.009479,0.1223246948416573,0.0339355,9.96991108733259,501.5089860081922,765.2783328583138,479.4856851070862,1.0
Llama2-70B,20,5,4,32,32,1408,0.1018805,0.0130931948416573,0.010359,0.1253326948416573,0.0339355,10.21055108733259,489.6895336240076,768.0972928495836,471.1998940238709,1.0
Llama2-70B,20,5,4,32,32,1536,0.1040085,0.0130931948416573,0.0112389999999999,0.1283406948416574,0.0339355,10.451191087332592,478.4143700195349,770.9162528408536,463.2531552955128,1.0
Llama2-70B,20,5,4,32,32,1664,0.1061855,0.0130931948416573,0.012119,0.1313976948416573,0.0339355,10.695751087332589,467.47535158346216,773.7363172492155,455.4154741285388,1.0
Llama2-70B,20,5,4,32,32,1792,0.1082645,0.0130931948416573,0.012999,0.1343566948416573,0.0339355,10.93247108733259,457.3531418522094,776.5541728233933,448.2968637130552,1.0
Llama2-70B,20,5,4,32,32,1920,0.1103925,0.0130931948416573,0.0138789999999999,0.1373646948416573,0.0339355,11.17311108733259,447.5029345827147,779.3731328146632,441.2511792097872,1.0
Llama2-70B,20,5,4,32,32,2048,0.1125205,0.0130931948416573,0.014759,0.1403726948416573,0.0339355,11.413751087332589,438.06807785997614,782.1920928059329,434.4719922180475,1.0
Llama2-70B,20,5,4,32,32,2176,0.1231555,0.0130931948416573,0.015639,0.1518876948416573,0.0339355,12.334951087332591,405.3522356594314,798.9186381879148,405.4420215641582,1.0
Llama2-70B,20,5,4,32,32,2304,0.1252345,0.0130931948416573,0.016519,0.1548466948416573,0.0339355,12.57167108733259,397.71960030342166,801.7364937620924,400.1176262142683,1.0
Llama2-70B,20,5,4,32,32,2432,0.1273625,0.0130931948416573,0.017399,0.1578546948416573,0.0339355,12.812311087332588,390.2496564373506,804.5554537533623,394.8157099584662,1.0
Llama2-70B,20,5,4,32,32,2560,0.1294905,0.0130931948416573,0.018279,0.1608626948416573,0.0339355,13.05295108733259,383.05513952720753,807.3744137446322,389.6880532474544,1.0
Llama2-70B,20,5,4,32,32,2688,0.1316675,0.0130931948416573,0.019159,0.1639196948416573,0.0339355,13.29751108733259,376.0102147809507,810.1944781529943,384.58355239191246,1.0
Llama2-70B,20,5,4,32,32,2816,0.1337465,0.0130931948416573,0.020039,0.1668786948416573,0.0339355,13.53423108733259,369.4336211445191,813.0123337271716,379.9222473705722,1.0
Llama2-70B,20,5,4,32,32,2944,0.1358745,0.0130931948416573,0.020919,0.1698866948416573,0.0339355,13.774871087332588,362.9798034624088,815.8312937184419,375.2687653489256,1.0
Llama2-70B,20,5,4,32,32,3072,0.1380025,0.0130931948416573,0.021799,0.1728946948416573,0.0339355,14.015511087332593,356.74760405413025,818.6502537097114,370.75879681061554,1.0
Llama2-70B,20,5,4,32,32,3200,0.1453295,0.0130931948416573,0.022679,0.1811016948416573,0.0339355,14.67207108733259,340.78351789863154,830.4361838361265,357.1350722995531,1.0
Llama2-70B,20,5,4,32,32,3328,0.1474085,0.0130931948416573,0.023559,0.1840606948416573,0.0339355,14.908791087332588,335.3725980001358,833.2540394103044,353.29290687541106,1.0
Llama2-70B,20,5,4,32,32,3456,0.1495365,0.0130931948416573,0.024439,0.1870686948416573,0.0339355,15.149431087332587,330.04539716219585,836.0729994015742,349.4435302591568,1.0
Llama2-70B,20,5,4,32,32,3584,0.1516645,0.0130931948416573,0.025319,0.1900766948416573,0.0339355,15.39007108733259,324.8847891362535,838.8919593928437,345.7021746160289,1.0
Llama2-70B,20,5,4,32,32,3712,0.1538415,0.0130931948416573,0.026199,0.1931336948416573,0.0339355,15.634631087332588,319.80287683609464,841.712023801206,341.9558538338185,1.0
Llama2-70B,20,5,4,32,32,3840,0.1559205,0.0130931948416573,0.027079,0.1960926948416573,0.0339355,15.871351087332588,315.0330411372888,844.5298793753834,338.52583503106706,1.0
Llama2-70B,20,5,4,32,32,3968,0.1580485,0.0130931948416573,0.027959,0.1991006948416573,0.0339355,16.11199108733259,310.327877721522,847.3488393666534,335.0826009763828,1.0
Llama2-70B,20,5,4,32,32,4096,0.1601765,0.0130931948416573,0.028839,0.2021086948416573,0.0339355,16.352631087332586,305.76119361447616,850.1677993579228,331.7308560236378,1.0
Llama2-70B,20,10,2,32,32,128,0.122399,0.0114753544834681,0.001559,0.1354333544834682,0.0633115,11.047979858677454,905.1428521699978,679.0477506927467,693.4776332861657,1.0
Llama2-70B,20,10,2,32,32,256,0.124478,0.0114753544834681,0.002439,0.1383923544834682,0.0633115,11.284699858677456,886.1556022963628,681.8591194270157,684.7185038992991,1.0
Llama2-70B,20,10,2,32,32,384,0.126606,0.0114753544834681,0.003319,0.1414003544834682,0.0633115,11.525339858677455,867.65337270909,684.671592578376,675.9865177977113,1.0
Llama2-70B,20,10,2,32,32,512,0.128734,0.0114753544834681,0.004199,0.1444083544834682,0.0633115,11.765979858677456,849.9079651768195,687.4840657297372,667.5432148167317,1.0
Llama2-70B,20,10,2,32,32,640,0.130911,0.0114753544834681,0.0050789999999999,0.1474653544834682,0.0633115,12.010539858677456,832.6020410127637,690.2976432981895,659.1287623826395,1.0
Llama2-70B,20,10,2,32,32,768,0.13299,0.0114753544834681,0.005959,0.1504243544834682,0.0633115,12.247259858677456,816.5091714711008,693.1090120324583,651.4672268896703,1.0
Llama2-70B,20,10,2,32,32,896,0.135118,0.0114753544834681,0.006839,0.1534323544834682,0.0633115,12.487899858677457,800.7751594077133,695.9214851838192,643.8090087773456,1.0
Llama2-70B,20,10,2,32,32,1024,0.137246,0.0114753544834681,0.0077189999999999,0.1564403544834682,0.0633115,12.728539858677458,785.6360675323397,698.7339583351796,636.3882720946144,1.0
Llama2-70B,20,10,2,32,32,1152,0.1479095,0.0114753544834681,0.0085989999999999,0.1679838544834682,0.0633115,13.652019858677455,732.4923420503105,715.6402303885054,604.7956946549288,1.0
Llama2-70B,20,10,2,32,32,1280,0.1499885,0.0114753544834681,0.009479,0.1709428544834682,0.0633115,13.888739858677454,720.00772580906,718.451599122774,598.7555705293854,1.0
Llama2-70B,20,10,2,32,32,1408,0.1521165,0.0114753544834681,0.010359,0.1739508544834682,0.0633115,14.129379858677456,707.7451452236647,721.2640722741347,592.6905301809262,1.0
Llama2-70B,20,10,2,32,32,1536,0.1542445,0.0114753544834681,0.0112389999999999,0.1769588544834682,0.0633115,14.370019858677455,695.8932623855364,724.0765454254953,586.7928397977689,1.0
Llama2-70B,20,10,2,32,32,1664,0.1564215,0.0114753544834681,0.012119,0.1800158544834681,0.0633115,14.614579858677455,684.2482025962906,726.8901229939481,580.8745305104702,1.0
Llama2-70B,20,10,2,32,32,1792,0.1585005,0.0114753544834681,0.012999,0.1829748544834682,0.0633115,14.851299858677455,673.3417340676148,729.7014917282171,575.4725471908738,1.0
Llama2-70B,20,10,2,32,32,1920,0.1606285,0.0114753544834681,0.0138789999999999,0.1859828544834682,0.0633115,15.091939858677456,662.6053438882657,732.5139648795774,570.0373570689338,1.0
Llama2-70B,20,10,2,32,32,2048,0.1627565,0.0114753544834681,0.014759,0.1889908544834682,0.0633115,15.332579858677455,652.2059622171485,735.3264380309383,564.7442944144615,1.0
Llama2-70B,20,10,2,32,32,2176,0.1733915,0.0114753544834681,0.015639,0.2005058544834682,0.0633115,16.253779858677454,615.2415060956587,752.046496573011,542.1592873446873,1.0
Llama2-70B,20,10,2,32,32,2304,0.1754705,0.0114753544834681,0.016519,0.2034648544834682,0.0633115,16.490499858677456,606.4097562656905,754.8578653072796,537.7384412958871,1.0
Llama2-70B,20,10,2,32,32,2432,0.1775985,0.0114753544834681,0.017399,0.2064728544834682,0.0633115,16.731139858677455,597.6879091602112,757.6703384586407,533.2747309652393,1.0
Llama2-70B,20,10,2,32,32,2560,0.1797265,0.0114753544834681,0.018279,0.2094808544834682,0.0633115,16.971779858677454,589.2133932486242,760.482811610001,528.9167231946882,1.0
Llama2-70B,20,10,2,32,32,2688,0.1819035,0.0114753544834681,0.019159,0.2125378544834682,0.0633115,17.216339858677458,580.8435522350446,763.2963891784536,524.5201364861408,1.0
Llama2-70B,20,10,2,32,32,2816,0.1839825,0.0114753544834681,0.020039,0.2154968544834682,0.0633115,17.453059858677456,572.9654330514496,766.1077579127227,520.5031442614938,1.0
Llama2-70B,20,10,2,32,32,2944,0.1861105,0.0114753544834681,0.020919,0.2185048544834682,0.0633115,17.693699858677455,565.172919167369,768.9202310640832,516.4406569377353,1.0
Llama2-70B,20,10,2,32,32,3072,0.1882385,0.0114753544834681,0.021799,0.2215128544834682,0.0633115,17.934339858677458,557.5895226030045,771.732704215444,512.470020888025,1.0
Llama2-70B,20,10,2,32,32,3200,0.1988735,0.0114753544834681,0.022679,0.2330278544834682,0.0633115,18.855539858677457,530.3481138673379,788.4527627575167,495.5742989623533,1.0
Llama2-70B,20,10,2,32,32,3328,0.2009525,0.0114753544834681,0.023559,0.2359868544834682,0.0633115,19.09225985867745,523.7724645495534,791.2641314917852,492.1959987383743,1.0
Llama2-70B,20,10,2,32,32,3456,0.2030805,0.0114753544834681,0.024439,0.2389948544834682,0.0633115,19.33289985867745,517.2529766925556,794.0766046431456,488.76960407519806,1.0
Llama2-70B,20,10,2,32,32,3584,0.2052085,0.0114753544834681,0.025319,0.2420028544834682,0.0633115,19.573539858677456,510.8937919354808,796.8890777945065,485.41427243176247,1.0
Llama2-70B,20,10,2,32,32,3712,0.2073855,0.0114753544834681,0.026199,0.2450598544834682,0.0633115,19.818099858677456,504.58924272810384,799.7026553629596,482.0145666903902,1.0
Llama2-70B,20,10,2,32,32,3840,0.2094645,0.0114753544834681,0.027079,0.2480188544834682,0.0633115,20.05481985867745,498.63324978574326,802.5140240972282,478.9081348493587,1.0
Llama2-70B,20,10,2,32,32,3968,0.2115925,0.0114753544834681,0.027959,0.2510268544834682,0.0633115,20.295459858677454,492.72103562238016,805.3264972485886,475.75321505286615,1.0
Llama2-70B,20,10,2,32,32,4096,0.2137205,0.0114753544834681,0.028839,0.2540348544834682,0.0633115,20.536099858677456,486.9473789481276,808.1389703999494,472.6611218857979,1.0
Llama2-70B,20,20,1,32,32,128,0.218323,0.0083673980058942,0.001559,0.2282493980058942,0.1213595,18.53131134047154,1079.2544376673934,659.2350516625814,754.885023179625,1.0
Llama2-70B,20,20,1,32,32,256,0.220402,0.0083673980058942,0.002439,0.2312083980058942,0.1213595,18.768031340471538,1065.641869260514,662.0431769768951,750.949602291376,1.0
Llama2-70B,20,20,1,32,32,384,0.22253,0.0083673980058942,0.003319,0.2342163980058942,0.1213595,19.00867134047154,1052.151391424071,663.6363514883536,745.5582971828,1.0
Llama2-70B,20,20,1,32,32,512,0.224658,0.0083673980058942,0.004199,0.2372243980058942,0.1213595,19.24931134047154,1038.9982086242296,667.6616364397078,742.9755856008994,1.0
Llama2-70B,20,20,1,32,32,640,0.230143,0.0083673980058942,0.0050789999999999,0.2435893980058942,0.1213595,19.75851134047154,1012.2220067781028,675.4125858437725,733.6879525379572,1.0
Llama2-70B,20,20,1,32,32,768,0.232222,0.0083673980058942,0.005959,0.2465483980058942,0.1213595,19.99523134047154,1000.2384898402654,678.2207111580864,730.1426126272343,1.0
Llama2-70B,20,20,1,32,32,896,0.23435,0.0083673980058942,0.006839,0.2495563980058942,0.1213595,20.23587134047154,988.3438999733212,679.8140076037936,725.2122974224382,1.0
Llama2-70B,20,20,1,32,32,1024,0.236478,0.0083673980058942,0.0077189999999999,0.2525643980058942,0.1213595,20.47651134047154,976.7288805916014,683.8391706208989,722.9416379334428,1.0
Llama2-70B,20,20,1,32,32,1152,0.2471415,0.0083673980058942,0.0085989999999999,0.2641078980058942,0.1213595,21.399991340471537,934.579817430866,700.7421992542703,708.8471576548963,1.0
Llama2-70B,20,20,1,32,32,1280,0.2492205,0.0083673980058942,0.009479,0.2670668980058943,0.1213595,21.636711340471543,924.3548931851732,703.5503245685841,705.7508557367714,1.0
Llama2-70B,20,20,1,32,32,1408,0.2513485,0.0083673980058942,0.010359,0.2700748980058942,0.1213595,21.87735134047153,914.1874484138958,705.143621014291,701.3604825713016,1.0
Llama2-70B,20,20,1,32,32,1536,0.2534765,0.0083673980058942,0.0112389999999999,0.2730828980058942,0.1213595,22.117991340471537,904.2412437970336,709.1687840313962,699.4423388671102,1.0
Llama2-70B,20,20,1,32,32,1664,0.2589615,0.0083673980058942,0.012119,0.2794478980058942,0.1213595,22.62719134047154,883.8922913171074,716.9197334354616,692.1103459736885,1.0
Llama2-70B,20,20,1,32,32,1792,0.2610405,0.0083673980058942,0.012999,0.2824068980058942,0.1213595,22.86391134047154,874.7409707016265,719.7278587497754,689.2875423064384,1.0
Llama2-70B,20,20,1,32,32,1920,0.2631685,0.0083673980058942,0.0138789999999999,0.2854148980058942,0.1213595,23.10455134047154,865.6303126287766,721.3211551954824,685.2274827681524,1.0
Llama2-70B,20,20,1,32,32,2048,0.2652965,0.0083673980058942,0.014759,0.2884228980058942,0.1213595,23.34519134047154,856.7074781403795,725.3463182125874,683.5242061359531,1.0
Llama2-70B,20,20,1,32,32,2176,0.2759315,0.0083673980058942,0.015639,0.2999378980058942,0.1213595,24.26639134047154,824.1851752651808,742.063133334706,672.3254986606329,1.0
Llama2-70B,20,20,1,32,32,2304,0.2780105,0.0083673980058942,0.016519,0.3028968980058942,0.1213595,24.503111340471538,816.2228756217667,744.8712586490195,669.8229551123245,1.0
Llama2-70B,20,20,1,32,32,2432,0.2801385,0.0083673980058942,0.017399,0.3059048980058942,0.1213595,24.74375134047154,808.2848766463097,746.4645550947266,666.1567002524878,1.0
Llama2-70B,20,20,1,32,32,2560,0.2822665,0.0083673980058942,0.018279,0.3089128980058942,0.1213595,24.984391340471536,800.4997891464558,750.489718111832,664.6995995910178,1.0
Llama2-70B,20,20,1,32,32,2688,0.2877515,0.0083673980058942,0.019159,0.3152778980058942,0.1213595,25.493591340471536,784.5108887522504,758.2406675158971,658.7634360862558,1.0
Llama2-70B,20,20,1,32,32,2816,0.2898305,0.0083673980058942,0.020039,0.3182368980058943,0.1213595,25.73031134047154,777.2933539495009,761.048792830211,656.4602352324989,1.0
Llama2-70B,20,20,1,32,32,2944,0.2919585,0.0083673980058942,0.020919,0.3212448980058943,0.1213595,25.97095134047154,770.0911583024388,762.6420892759179,653.0398064073472,1.0
Llama2-70B,20,20,1,32,32,3072,0.2940865,0.0083673980058942,0.021799,0.3242528980058942,0.1213595,26.21159134047154,763.0212046347357,766.6672522930234,651.7361833108824,1.0
Llama2-70B,20,20,1,32,32,3200,0.3047215,0.0083673980058942,0.022679,0.3357678980058942,0.1213595,27.13279134047153,737.1154611050947,783.3840674151417,642.7049514188706,1.0
Llama2-70B,20,20,1,32,32,3328,0.3068005,0.0083673980058942,0.023559,0.3387268980058942,0.1213595,27.369511340471536,730.7401199533228,786.1921927294554,640.637965656392,1.0
Llama2-70B,20,20,1,32,32,3456,0.3089285,0.0083673980058942,0.024439,0.3417348980058942,0.1213595,27.61015134047154,724.3712558244323,787.7854891751624,637.5144160988403,1.0
Llama2-70B,20,20,1,32,32,3584,0.3110565,0.0083673980058942,0.025319,0.3447428980058942,0.1213595,27.85079134047153,718.1124498583596,791.8106521922678,636.3881257844376,1.0
Llama2-70B,20,20,1,32,32,3712,0.3165415,0.0083673980058942,0.026199,0.3511078980058942,0.1213595,28.35999134047154,705.2188331051677,799.561601596333,631.4824451109354,1.0
Llama2-70B,20,20,1,32,32,3840,0.3186205,0.0083673980058942,0.027079,0.3540668980058942,0.1213595,28.59671134047154,699.3811198036248,802.3697269106468,629.5653660943401,1.0
Llama2-70B,20,20,1,32,32,3968,0.3207485,0.0083673980058942,0.027959,0.3570748980058942,0.1213595,28.83735134047154,693.5449710296787,803.9630233563539,626.6303843637254,1.0
Llama2-70B,20,20,1,32,32,4096,0.3228765,0.0083673980058942,0.028839,0.3600828980058942,0.1213595,29.07799134047154,687.8054183943392,807.9881863734591,625.617059753078,1.0
Llama2-70B,20,80,1,32,8,128,0.8186995,0.0009122856358119,0.006236,0.825847785635812,0.4731,66.69092285086496,1199.5635474845196,630.7147276195461,770.386115564436,1.0
Llama2-70B,20,80,1,32,8,256,0.8287595,0.0009122856358119,0.009756,0.8394277856358119,0.4731,67.77732285086496,1180.3357913092764,633.0919163501735,763.9030579440398,1.0
Llama2-70B,20,80,1,32,8,384,0.8388195,0.0009122856358119,0.013276,0.8530077856358119,0.4731,68.86372285086496,1161.7147125962442,635.4691050808009,757.5755035270408,1.0
Llama2-70B,20,80,1,32,8,512,0.8488795,0.0009122856358119,0.016796,0.866587785635812,0.4731,69.95012285086496,1143.672044301646,637.8462938114283,751.397923747043,1.0
Llama2-70B,20,80,1,32,8,640,0.8589395,0.0009122856358119,0.0203159999999999,0.8801677856358119,0.4731,71.03652285086496,1126.1812485945163,640.2234825420555,745.3650490425175,1.0
Llama2-70B,20,80,1,32,8,768,0.8689995,0.0009122856358119,0.023836,0.8937477856358119,0.4731,72.12292285086497,1109.217386619552,642.600671272683,739.4718538649136,1.0
Llama2-70B,20,80,1,32,8,896,0.8790595,0.0009122856358119,0.027356,0.907327785635812,0.4731,73.20932285086496,1092.7569998559932,644.9778600033104,733.7135427161759,1.0
Llama2-70B,20,80,1,32,8,1024,0.8891195,0.0009122856358119,0.0308759999999999,0.920907785635812,0.4731,74.29572285086496,1076.7780018855908,647.3550487339377,728.0855371341398,1.0
Llama2-70B,20,80,1,32,8,1152,0.9044235,0.0009122856358119,0.0343959999999999,0.939731785635812,0.4731,75.80164285086497,1055.3860970717355,652.1072286301813,721.0197751718981,1.0
Llama2-70B,20,80,1,32,8,1280,0.9144835,0.0009122856358119,0.037916,0.953311785635812,0.4731,76.88804285086496,1040.4738764800024,654.4844173608088,715.68750815166,1.0
Llama2-70B,20,80,1,32,8,1408,0.9245435,0.0009122856358119,0.041436,0.966891785635812,0.4731,77.97444285086496,1025.977192976026,656.861606091436,710.4712824128189,1.0
Llama2-70B,20,80,1,32,8,1536,0.9346035,0.0009122856358119,0.0449559999999999,0.980471785635812,0.4731,79.06084285086496,1011.8789164809008,659.2387948220634,705.3673507771622,1.0
Llama2-70B,20,80,1,32,8,1664,0.9446635,0.0009122856358119,0.048476,0.994051785635812,0.4731,80.14724285086496,998.1628457121234,661.6159835526909,700.3721256856973,1.0
Llama2-70B,20,80,1,32,8,1792,0.9547235,0.0009122856358119,0.051996,1.007631785635812,0.4731,81.23364285086497,984.8136460760502,663.993172283318,695.4821707890483,1.0
Llama2-70B,20,80,1,32,8,1920,0.9647835,0.0009122856358119,0.0555159999999999,1.0212117856358118,0.4731,82.32004285086495,971.816792478254,666.3703610139457,690.6941930639834,1.0
Llama2-70B,20,80,1,32,8,2048,0.9748435,0.0009122856358119,0.059036,1.034791785635812,0.4731,83.40644285086496,959.1585166033772,668.7475497445729,686.0050354180676,1.0
Llama2-70B,20,80,1,32,8,2176,0.9901475,0.0009122856358119,0.062556,1.053615785635812,0.4731,84.91236285086497,942.147848841602,673.4997296408164,680.2014140729705,1.0
Llama2-70B,20,80,1,32,8,2304,1.0002075,0.0009122856358119,0.066076,1.067195785635812,0.4731,85.99876285086496,930.2459401507004,675.8769183714439,675.7367030055702,1.0
Llama2-70B,20,80,1,32,8,2432,1.0102675,0.0009122856358119,0.069596,1.080775785635812,0.4731,87.08516285086496,918.6409875239202,678.2541071020711,671.3609089692295,1.0
Llama2-70B,20,80,1,32,8,2560,1.0203275,0.0009122856358119,0.073116,1.094355785635812,0.4731,88.17156285086496,907.32201418856,680.6312958326986,667.071401910366,1.0
Llama2-70B,20,80,1,32,8,2688,1.0303875,0.0009122856358119,0.076636,1.107935785635812,0.4731,89.25796285086496,896.2785777854525,683.008484563326,662.8656544875845,1.0
Llama2-70B,20,80,1,32,8,2816,1.0404475,0.0009122856358119,0.080156,1.121515785635812,0.4731,90.34436285086495,885.5007382370849,685.3856732939536,658.7412371061043,1.0
Llama2-70B,20,80,1,32,8,2944,1.0505075,0.0009122856358119,0.083676,1.135095785635812,0.4731,91.43076285086497,874.9790279065048,687.762862024581,654.6958132374883,1.0
Llama2-70B,20,80,1,32,8,3072,1.0605675,0.0009122856358119,0.087196,1.148675785635812,0.4731,92.51716285086498,864.7044238587138,690.1400507552079,650.7271350057474,1.0
Llama2-70B,20,80,1,32,8,3200,1.0758715,0.0009122856358119,0.090716,1.167499785635812,0.4731,94.02308285086497,850.8548919512912,694.8922306514519,645.8877576471274,1.0
Llama2-70B,20,80,1,32,8,3328,1.0859315,0.0009122856358119,0.094236,1.181079785635812,0.4731,95.10948285086496,841.1358952024041,697.269419382079,642.0933727238588,1.0
Llama2-70B,20,80,1,32,8,3456,1.0959915,0.0009122856358119,0.097756,1.194659785635812,0.4731,96.19588285086496,831.636423816871,699.6466081127065,638.3686443852041,1.0
Llama2-70B,20,80,1,32,8,3584,1.1060515,0.0009122856358119,0.101276,1.2082397856358118,0.4731,97.28228285086496,822.3491231454866,702.0237968433338,634.7116719640396,1.0
Llama2-70B,20,80,1,32,8,3712,1.1161115,0.0009122856358119,0.104796,1.221819785635812,0.4731,98.36868285086496,813.2669634428936,704.4009855739612,631.1206233194097,1.0
Llama2-70B,20,80,1,32,8,3840,1.1261715,0.0009122856358119,0.108316,1.235399785635812,0.4731,99.45508285086495,804.3832221221084,706.7781743045887,627.593731775834,1.0
Llama2-70B,20,80,1,32,8,3968,1.1362315,0.0009122856358119,0.111836,1.248979785635812,0.4731,100.54148285086497,795.6914671595353,709.155363035216,624.1292932252062,1.0
Llama2-70B,20,80,1,32,8,4096,1.1462915,0.0009122856358119,0.115356,1.262559785635812,0.4731,101.62788285086496,787.1855415643848,711.5325517658437,620.7256633812981,1.0
Llama2-70B,32,80,1,32,10,128,0.664738,0.0014614998626708,0.004677,0.670876499862671,0.382388,54.20250798901368,1475.9464638834652,648.4285425291672,975.464833557232,0.84375
Llama2-70B,32,80,1,32,10,256,0.673262,0.0014614998626708,0.007317,0.6820404998626709,0.382388,55.09562798901367,1452.0208394022186,651.1079088937794,967.0943984567364,0.84375
Llama2-70B,32,80,1,32,10,384,0.681786,0.0014614998626708,0.009957,0.6932044998626709,0.382388,55.98874798901367,1428.8585273544234,654.1555081006466,959.4733656904758,0.84375
Llama2-70B,32,80,1,32,10,512,0.69031,0.0014614998626708,0.0125969999999999,0.7043684998626708,0.382388,56.881867989013664,1406.4235727183122,657.0189930285835,951.773830639254,0.84375
Llama2-70B,32,80,1,32,10,640,0.695526,0.0014614998626708,0.0152369999999999,0.7122244998626708,0.382388,57.51034798901366,1391.0540067551424,658.1318220055664,946.236117708851,0.84375
Llama2-70B,32,80,1,32,10,768,0.70405,0.0014614998626708,0.017877,0.7233884998626708,0.382388,58.40346798901366,1369.781671441992,661.1815495360339,939.111639139314,0.84375
Llama2-70B,32,80,1,32,10,896,0.712574,0.0014614998626708,0.020517,0.7345524998626709,0.382388,59.29658798901367,1349.1501402209217,663.8573729790397,931.6328872215933,0.84375
Llama2-70B,32,80,1,32,10,1024,0.721098,0.0014614998626708,0.0231569999999999,0.7457164998626709,0.382388,60.18970798901367,1329.1308875364916,666.9085193919072,924.851434051831,0.84375
Llama2-70B,32,80,1,32,10,1152,0.734866,0.0014614998626708,0.0257969999999999,0.7621244998626708,0.382388,61.502347989013664,1300.7633466984155,672.7559932487901,915.4811805809358,0.84375
Llama2-70B,32,80,1,32,10,1280,0.740082,0.0014614998626708,0.0284369999999999,0.7699804998626709,0.382388,62.13082798901367,1287.6055669843329,673.8645617702231,910.5268899530364,0.84375
Llama2-70B,32,80,1,32,10,1408,0.748606,0.0014614998626708,0.031077,0.7811444998626709,0.382388,63.023947989013664,1269.3587525482471,676.9185497562407,904.2387447552388,0.84375
Llama2-70B,32,80,1,32,10,1536,0.75713,0.0014614998626708,0.033717,0.7923084998626708,0.382388,63.91706798901366,1251.621867476004,679.5901127436963,897.5870890648848,0.84375
Llama2-70B,32,80,1,32,10,1664,0.765654,0.0014614998626708,0.036357,0.8034724998626708,0.382388,64.81018798901367,1234.3738304471703,682.6455196121136,891.5848668094385,0.84375
Llama2-70B,32,80,1,32,10,1792,0.774178,0.0014614998626708,0.038997,0.814636499862671,0.382388,65.70330798901368,1217.5947063940357,685.5090045400508,885.4669139914212,0.84375
Llama2-70B,32,80,1,32,10,1920,0.779394,0.0014614998626708,0.0416369999999999,0.8224924998626709,0.382388,66.33178798901369,1206.058247868279,686.614025855483,880.9588293667686,0.84375
Llama2-70B,32,80,1,32,10,2048,0.787918,0.0014614998626708,0.044277,0.8336564998626709,0.382388,67.22490798901369,1190.035098494655,689.6715610475009,875.3088024991187,0.84375
Llama2-70B,32,80,1,32,10,2176,0.801686,0.0014614998626708,0.046917,0.8500644998626709,0.382388,68.53754798901367,1167.243392086681,695.3228525083529,867.3256767716449,0.84375
Llama2-70B,32,80,1,32,10,2304,0.81021,0.0014614998626708,0.049557,0.8612284998626708,0.382388,69.43066798901367,1152.228580209811,698.3825198323203,861.9771662066878,0.84375
Llama2-70B,32,80,1,32,10,2432,0.818734,0.0014614998626708,0.052197,0.8723924998626709,0.382388,70.32378798901368,1137.595147924881,701.2460047602568,856.5004076540818,0.84375
Llama2-70B,32,80,1,32,10,2560,0.82395,0.0014614998626708,0.054837,0.8802484998626708,0.382388,70.95226798901368,1127.5185736471071,702.3467656201399,852.4143038050125,0.84375
Llama2-70B,32,80,1,32,10,2688,0.832474,0.0014614998626708,0.057477,0.8914124998626709,0.382388,71.84538798901369,1113.5022336052148,705.4085612677076,847.3640753557556,0.84375
Llama2-70B,32,80,1,32,10,2816,0.840998,0.0014614998626708,0.060117,0.9025764998626707,0.382388,72.73850798901368,1099.8300929142383,708.0723165936133,841.9429256592919,0.84375
Llama2-70B,32,80,1,32,10,2944,0.849522,0.0014614998626708,0.062757,0.9137404998626708,0.382388,73.63162798901368,1086.4896266036185,711.1355311235807,837.1007827031915,0.84375
Llama2-70B,32,80,1,32,10,3072,0.858046,0.0014614998626708,0.065397,0.9249044998626708,0.382388,74.52474798901368,1073.4689101101485,713.9990160515174,832.1220727694289,0.84375
Llama2-70B,32,80,1,32,10,3200,0.868506,0.0014614998626708,0.068037,0.9380044998626708,0.382388,75.57274798901368,1058.5826521966612,718.0795053847966,826.7985545117667,0.84375
Llama2-70B,32,80,1,32,10,3328,0.87703,0.0014614998626708,0.070677,0.9491684998626708,0.382388,76.46586798901367,1046.218425343633,721.1455614879139,822.2587157656112,0.84375
Llama2-70B,32,80,1,32,10,3456,0.885554,0.0014614998626708,0.073317,0.9603324998626708,0.382388,77.35898798901367,1034.139691839834,723.80505635827,817.3471706505418,0.84375
Llama2-70B,32,80,1,32,10,3584,0.894078,0.0014614998626708,0.075957,0.971496499862671,0.382388,78.25210798901368,1022.3366763644464,726.8725313437873,812.985591127158,0.84375
Llama2-70B,32,80,1,32,10,3712,0.902602,0.0014614998626708,0.078597,0.9826604998626708,0.382388,79.14522798901369,1010.8000448378892,729.736016271724,808.4803892210783,0.84375
Llama2-70B,32,80,1,32,10,3840,0.907818,0.0014614998626708,0.081237,0.9905164998626708,0.382388,79.77370798901369,1002.8366740958998,730.828969470057,805.0390821398752,0.84375
Llama2-70B,32,80,1,32,10,3968,0.916342,0.0014614998626708,0.083877,1.001680499862671,0.382388,80.66682798901368,991.7335538580433,733.8985727791743,800.900289170609,0.84375
Llama2-70B,32,80,1,32,10,4096,0.924866,0.0014614998626708,0.086517,1.0128444998626709,0.382388,81.55994798901368,980.8736024546778,736.5545204435301,796.3905262422126,0.84375
Llama2-7B,8,1,8,32,32,128,0.0190155,0.0042958331044514,0.000794,0.0241053331044515,0.0112625,0.932633159342448,1072.2329460224737,94.83736129080184,155.8553569634013,1.0
Llama2-7B,8,1,8,32,32,256,0.0198715,0.0042958331044514,0.001234,0.0254013331044514,0.0112625,0.974105159342448,1026.583208608639,95.07692776703884,149.5183550673056,1.0
Llama2-7B,8,1,8,32,32,384,0.0207275,0.0042958331044514,0.001674,0.0266973331044514,0.0112625,1.015577159342448,984.6617667607516,95.31649682247588,143.70476544215995,1.0
Llama2-7B,8,1,8,32,32,512,0.0215835,0.0042958331044514,0.002114,0.0279933331044514,0.0112625,1.0570491593424478,946.0297954563096,95.55606845711289,138.35231261309693,1.0
Llama2-7B,8,1,8,32,32,640,0.0224395,0.0042958331044514,0.002554,0.0292893331044515,0.0112625,1.098521159342448,910.314736767182,95.79566523894988,133.4082550287299,1.0
Llama2-7B,8,1,8,32,32,768,0.0232955,0.0042958331044514,0.002994,0.0305853331044515,0.0112625,1.139993159342448,877.1982461515853,96.0352317151869,128.82749849110732,1.0
Llama2-7B,8,1,8,32,32,896,0.0241515,0.0042958331044514,0.003434,0.0318813331044515,0.0112625,1.181465159342448,846.4066774144711,96.2748007706239,124.57145618624092,1.0
Llama2-7B,8,1,8,32,32,1024,0.0250075,0.0042958331044514,0.003874,0.0331773331044515,0.0112625,1.2229371593424478,817.7035037006175,96.51437240526089,120.60678347153468,1.0
Llama2-7B,8,1,8,32,32,1152,0.0266255,0.0042958331044514,0.004314,0.0352353331044515,0.0112625,1.2887931593424478,775.9196987903068,97.36404787390626,114.27490548758033,1.0
Llama2-7B,8,1,8,32,32,1280,0.0274815,0.0042958331044514,0.004754,0.0365313331044514,0.0112625,1.3302651593424475,751.7298284308233,97.60361435014322,110.98786268733429,1.0
Llama2-7B,8,1,8,32,32,1408,0.0283375,0.0042958331044514,0.005194,0.0378273331044514,0.0112625,1.3717371593424477,729.0026323113951,97.84318340558023,107.89940825494077,1.0
Llama2-7B,8,1,8,32,32,1536,0.0291935,0.0042958331044514,0.005634,0.0391233331044515,0.0112625,1.4132091593424478,707.6093396290256,98.08275504021726,104.99207340698408,1.0
Llama2-7B,8,1,8,32,32,1664,0.0300495,0.0042958331044514,0.006074,0.0404193331044515,0.0112625,1.4546811593424478,687.4358642632211,98.32235182205426,102.25040331583536,1.0
Llama2-7B,8,1,8,32,32,1792,0.0309055,0.0042958331044514,0.006514,0.0417153331044514,0.0112625,1.4961531593424475,668.3807695460105,98.56191829829127,99.66057649355623,1.0
Llama2-7B,8,1,8,32,32,1920,0.0317615,0.0042958331044514,0.006954,0.0430113331044514,0.0112625,1.5376251593424477,650.3535623907464,98.80148735372828,97.21034837158224,1.0
Llama2-7B,8,1,8,32,32,2048,0.0326175,0.0042958331044514,0.007394,0.0443073331044514,0.0112625,1.5790971593424477,633.2732562297879,99.04105898836532,94.88872824055848,1.0
Llama2-7B,8,1,8,32,32,2176,0.0341995,0.0042958331044514,0.007834,0.0463293331044514,0.0112625,1.6438011593424475,608.3460851189686,99.82904485031892,91.2193936043646,1.0
Llama2-7B,8,1,8,32,32,2304,0.0350555,0.0042958331044514,0.008274,0.0476253331044514,0.0112625,1.6852731593424477,593.3756165618727,100.06861132655597,89.20551993139088,1.0
Llama2-7B,8,1,8,32,32,2432,0.0359115,0.0042958331044514,0.008714,0.0489213331044514,0.0112625,1.7267451593424477,579.1242526956349,100.30818038199295,87.28765540111885,1.0
Llama2-7B,8,1,8,32,32,2560,0.0367675,0.0042958331044514,0.0091539999999999,0.0502173331044514,0.0112625,1.7682171593424476,565.5413955895966,100.54775201662996,85.4590943229669,1.0
Llama2-7B,8,1,8,32,32,2688,0.0376235,0.0042958331044514,0.009594,0.0515133331044514,0.0112625,1.809689159342448,552.5810854519077,100.78734879846697,83.71376001573735,1.0
Llama2-7B,8,1,8,32,32,2816,0.0384795,0.0042958331044514,0.010034,0.0528093331044514,0.0112625,1.851161159342448,540.2014810829386,101.026915274704,82.04605315387414,1.0
Llama2-7B,8,1,8,32,32,2944,0.0393355,0.0042958331044514,0.0104739999999999,0.0541053331044514,0.0112625,1.892633159342448,528.3644086355473,101.266484330141,80.45093199061677,1.0
Llama2-7B,8,1,8,32,32,3072,0.0401915,0.0042958331044514,0.010914,0.0554013331044514,0.0112625,1.934105159342448,517.034968429523,101.506055964778,78.92375872757454,1.0
Llama2-7B,8,1,8,32,32,3200,0.0417735,0.0042958331044514,0.011354,0.0574233331044514,0.0112625,1.998809159342448,500.2978875326807,102.2940418267316,76.52432300586172,1.0
Llama2-7B,8,1,8,32,32,3328,0.0426295,0.0042958331044514,0.0117939999999999,0.0587193331044514,0.0112625,2.040281159342448,490.1285273458512,102.53360830296864,75.16333195246878,1.0
Llama2-7B,8,1,8,32,32,3456,0.0434855,0.0042958331044514,0.012234,0.0600153331044515,0.0112625,2.081753159342448,480.3643484397855,102.77317735840566,73.85592421497228,1.0
Llama2-7B,8,1,8,32,32,3584,0.0443415,0.0042958331044514,0.012674,0.0613113331044514,0.0112625,2.123225159342448,470.9816081445149,103.0127489930427,72.59899656151873,1.0
Llama2-7B,8,1,8,32,32,3712,0.0451975,0.0042958331044514,0.0131139999999999,0.0626073331044514,0.0112625,2.164697159342448,461.9583832704626,103.25234577487969,71.38969645367533,1.0
Llama2-7B,8,1,8,32,32,3840,0.0460535,0.0042958331044514,0.013554,0.0639033331044515,0.0112625,2.206169159342448,453.2743990936994,103.49191225111667,70.22533049273989,1.0
Llama2-7B,8,1,8,32,32,3968,0.0469095,0.0042958331044514,0.013994,0.0651993331044515,0.0112625,2.247641159342448,444.9108772739115,103.73148130655368,69.10346072394296,1.0
Llama2-7B,8,1,8,32,32,4096,0.0477655,0.0042958331044514,0.0144339999999999,0.0664953331044514,0.0112625,2.289113159342448,436.8504003040426,103.97105294119072,68.02180243925447,1.0
Llama2-7B,8,2,4,32,32,128,0.024992,0.0040872168477376,0.000794,0.0298732168477376,0.0186065,1.124549439127604,1778.4900604739507,80.11694836522622,200.3564849882618,1.0
Llama2-7B,8,2,4,32,32,256,0.025848,0.0040872168477376,0.001234,0.0311692168477376,0.0186065,1.166021439127604,1715.234328363948,80.3539201054996,194.2943363739448,1.0
Llama2-7B,8,2,4,32,32,384,0.026704,0.0040872168477376,0.001674,0.0324652168477376,0.0186065,1.207493439127604,1656.3236993196172,80.5908944249729,188.62083963304403,1.0
Llama2-7B,8,2,4,32,32,512,0.02756,0.0040872168477376,0.002114,0.0337612168477376,0.0186065,1.248965439127604,1601.325334828312,80.82787132364628,183.2997807593576,1.0
Llama2-7B,8,2,4,32,32,640,0.028416,0.0040872168477376,0.002554,0.0350572168477376,0.0186065,1.290437439127604,1549.8620385286506,81.06487336951963,178.29935900883223,1.0
Llama2-7B,8,2,4,32,32,768,0.029272,0.0040872168477376,0.002994,0.0363532168477376,0.0186065,1.3319094391276038,1501.603593492057,81.301845109793,173.5913268434703,1.0
Llama2-7B,8,2,4,32,32,896,0.030128,0.0040872168477376,0.003434,0.0376492168477376,0.0186065,1.373381439127604,1456.2596690329783,81.53881942926633,169.15083026849263,1.0
Llama2-7B,8,2,4,32,32,1024,0.030984,0.0040872168477376,0.003874,0.0389452168477376,0.0186065,1.4148534391276042,1413.573975007048,81.77579632793973,164.95569553628422,1.0
Llama2-7B,8,2,4,32,32,1152,0.032602,0.0040872168477376,0.004314,0.0410032168477376,0.0186065,1.480709439127604,1350.7038904123883,82.62287706062138,158.39303773660626,1.0
Llama2-7B,8,2,4,32,32,1280,0.033458,0.0040872168477376,0.004754,0.0422992168477376,0.0186065,1.522181439127604,1313.903815005289,82.85984880089472,154.78332685922408,1.0
Llama2-7B,8,2,4,32,32,1408,0.034314,0.0040872168477376,0.005194,0.0435952168477376,0.0186065,1.5636534391276038,1279.0557996763291,83.09682312036809,151.3537169966488,1.0
Llama2-7B,8,2,4,32,32,1536,0.03517,0.0040872168477376,0.005634,0.0448912168477376,0.0186065,1.605125439127604,1246.0085369321746,83.33380001904146,148.09105775348564,1.0
Llama2-7B,8,2,4,32,32,1664,0.036026,0.0040872168477376,0.006074,0.0461872168477376,0.0186065,1.646597439127604,1214.6259628945097,83.57080206491482,144.9834877326701,1.0
Llama2-7B,8,2,4,32,32,1792,0.036882,0.0040872168477376,0.006514,0.0474832168477376,0.0186065,1.688069439127604,1184.785384796494,83.80777380518818,142.0201144955333,1.0
Llama2-7B,8,2,4,32,32,1920,0.037738,0.0040872168477376,0.006954,0.0487792168477376,0.0186065,1.729541439127604,1156.3758778794092,84.04474812466155,139.19118018420014,1.0
Llama2-7B,8,2,4,32,32,2048,0.038594,0.0040872168477376,0.007394,0.0500752168477376,0.0186065,1.771013439127604,1129.296907529507,84.28172502333489,136.48773938846523,1.0
Llama2-7B,8,2,4,32,32,2176,0.041984,0.0040872168477376,0.007834,0.0539052168477376,0.0186065,1.893573439127604,1056.20408412648,86.22638368168779,128.3619707532747,1.0
Llama2-7B,8,2,4,32,32,2304,0.04284,0.0040872168477376,0.008274,0.0552012168477376,0.0186065,1.935045439127604,1033.5674602564786,86.46335542196114,126.1428504638789,1.0
Llama2-7B,8,2,4,32,32,2432,0.043696,0.0040872168477376,0.008714,0.0564972168477376,0.0186065,1.976517439127604,1011.8807759585268,86.7003297414345,124.0106785252576,1.0
Llama2-7B,8,2,4,32,32,2560,0.044552,0.0040872168477376,0.0091539999999999,0.0577932168477376,0.0186065,2.017989439127604,991.0854641858874,86.93730664010788,121.96044319013156,1.0
Llama2-7B,8,2,4,32,32,2688,0.045408,0.0040872168477376,0.009594,0.0590892168477376,0.0186065,2.059461439127604,971.1276754213995,87.17430868598123,119.9875416859106,1.0
Llama2-7B,8,2,4,32,32,2816,0.046264,0.0040872168477376,0.010034,0.0603852168477376,0.0186065,2.100933439127604,951.957812062092,87.41128042625459,118.08760648973092,1.0
Llama2-7B,8,2,4,32,32,2944,0.04712,0.0040872168477376,0.0104739999999999,0.0616812168477376,0.0186065,2.142405439127604,933.530116883202,87.64825474572794,116.25670461816628,1.0
Llama2-7B,8,2,4,32,32,3072,0.047976,0.0040872168477376,0.010914,0.0629772168477376,0.0186065,2.1838774391276043,915.8023083927924,87.8852316444013,114.49114094078456,1.0
Llama2-7B,8,2,4,32,32,3200,0.049558,0.0040872168477376,0.011354,0.0649992168477376,0.0186065,2.248581439127604,889.4496615501514,88.67062277039125,111.82682761914228,1.0
Llama2-7B,8,2,4,32,32,3328,0.050414,0.0040872168477376,0.0117939999999999,0.0662952168477376,0.0186065,2.290053439127604,873.3420652235523,88.90759451066465,110.22185616924943,1.0
Llama2-7B,8,2,4,32,32,3456,0.05127,0.0040872168477376,0.012234,0.0675912168477376,0.0186065,2.331525439127604,857.807496515392,89.14456883013798,108.67048082472448,1.0
Llama2-7B,8,2,4,32,32,3584,0.052126,0.0040872168477376,0.012674,0.0688872168477376,0.0186065,2.3729974391276043,842.8159116493902,89.38154572881135,107.17006116047098,1.0
Llama2-7B,8,2,4,32,32,3712,0.052982,0.0040872168477376,0.0131139999999999,0.0701832168477376,0.0186065,2.414469439127604,828.3393310302738,89.61854777468471,105.71815401301936,1.0
Llama2-7B,8,2,4,32,32,3840,0.053838,0.0040872168477376,0.013554,0.0714792168477376,0.0186065,2.455941439127604,814.3516649608864,89.85551951495806,104.31238102613176,1.0
Llama2-7B,8,2,4,32,32,3968,0.054694,0.0040872168477376,0.013994,0.0727752168477376,0.0186065,2.4974134391276044,800.8285567241279,90.09249383443142,102.9506136806956,1.0
Llama2-7B,8,2,4,32,32,4096,0.05555,0.0040872168477376,0.0144339999999999,0.0740712168477376,0.0186065,2.538885439127604,787.7472410441754,90.3294707331048,101.63081765650853,1.0
Llama2-7B,8,4,2,32,32,128,0.035987,0.0038090618387858,0.000794,0.0405900618387858,0.0332945,1.4821764788411458,2698.733961240189,70.3200000145467,244.25486986462724,1.0
Llama2-7B,8,4,2,32,32,256,0.036843,0.0038090618387858,0.001234,0.0418860618387858,0.0332945,1.5236484788411455,2625.2774544442914,70.55567438683823,239.3795103100936,1.0
Llama2-7B,8,4,2,32,32,384,0.037699,0.0038090618387858,0.001674,0.0431820618387858,0.0332945,1.565120478841146,2555.713795887266,70.79135133832976,234.7255608183564,1.0
Llama2-7B,8,4,2,32,32,512,0.038555,0.0038090618387858,0.002114,0.0444780618387858,0.0332945,1.6065924788411456,2489.741519819169,71.02703086902127,230.2782741182119,1.0
Llama2-7B,8,4,2,32,32,640,0.039411,0.0038090618387858,0.002554,0.0457740618387858,0.0332945,1.6480644788411458,2427.0895049037417,71.26273554691284,226.02425575002167,1.0
Llama2-7B,8,4,2,32,32,768,0.040267,0.0038090618387858,0.002994,0.0470700618387858,0.0332945,1.6895364788411456,2367.5132499912656,71.49840991920433,221.9510080189869,1.0
Llama2-7B,8,4,2,32,32,896,0.041123,0.0038090618387858,0.003434,0.0483660618387858,0.0332945,1.7310084788411455,2310.791685248053,71.73408687069589,218.0473423348731,1.0
Llama2-7B,8,4,2,32,32,1024,0.041979,0.0038090618387858,0.003874,0.0496620618387858,0.0332945,1.772480478841146,2256.7244309597218,71.96976640138739,214.3028847798524,1.0
Llama2-7B,8,4,2,32,32,1152,0.045405,0.0038090618387858,0.004314,0.0535280618387858,0.0332945,1.8961924788411453,2109.490489301272,73.97481729845018,203.6527290453975,1.0
Llama2-7B,8,4,2,32,32,1280,0.046261,0.0038090618387858,0.004754,0.0548240618387858,0.0332945,1.9376644788411457,2064.3408823762256,74.21049167074172,200.5212048776013,1.0
Llama2-7B,8,4,2,32,32,1408,0.047117,0.0038090618387858,0.005194,0.0561200618387858,0.0332945,1.9791364788411456,2021.0834587527493,74.4461686222332,197.5034717358736,1.0
Llama2-7B,8,4,2,32,32,1536,0.047973,0.0038090618387858,0.005634,0.0574160618387858,0.0332945,2.020608478841146,1979.601710022552,74.68184815292481,194.5934383739937,1.0
Llama2-7B,8,4,2,32,32,1664,0.048829,0.0038090618387858,0.006074,0.0587120618387858,0.0332945,2.0620804788411458,1939.788500518628,74.91755283081629,191.7854984507576,1.0
Llama2-7B,8,4,2,32,32,1792,0.049685,0.0038090618387858,0.006514,0.0600080618387858,0.0332945,2.103552478841146,1901.545143386969,75.1532272031078,189.0742356926332,1.0
Llama2-7B,8,4,2,32,32,1920,0.050541,0.0038090618387858,0.006954,0.0613040618387858,0.0332945,2.145024478841146,1864.7805838379093,75.38890415459935,186.4548192422968,1.0
Llama2-7B,8,4,2,32,32,2048,0.051397,0.0038090618387858,0.007394,0.0626000618387858,0.0332945,2.1864964788411454,1829.4106753467177,75.6245836852909,183.9226600903041,1.0
Llama2-7B,8,4,2,32,32,2176,0.054787,0.0038090618387858,0.007834,0.0664300618387858,0.0332945,2.3090564788411454,1732.3092945771057,77.56794497566199,176.97616445430023,1.0
Llama2-7B,8,4,2,32,32,2304,0.055643,0.0038090618387858,0.008274,0.0677260618387858,0.0332945,2.3505284788411456,1701.7449633165368,77.80361934795347,174.78303503574918,1.0
Llama2-7B,8,4,2,32,32,2432,0.056499,0.0038090618387858,0.008714,0.0690220618387858,0.0332945,2.3920004788411457,1672.240467919088,78.03929629944504,172.656366261892,1.0
Llama2-7B,8,4,2,32,32,2560,0.057355,0.0038090618387858,0.0091539999999999,0.0703180618387858,0.0332945,2.433472478841145,1643.7416222207935,78.2749758301366,170.5931824386204,1.0
Llama2-7B,8,4,2,32,32,2688,0.058211,0.0038090618387858,0.009594,0.0716140618387858,0.0332945,2.4749444788411457,1616.1978719914307,78.51068050802809,168.59073136526624,1.0
Llama2-7B,8,4,2,32,32,2816,0.059067,0.0038090618387858,0.010034,0.0729100618387858,0.0332945,2.516416478841146,1589.5619956526714,78.74635488031963,166.6462552701162,1.0
Llama2-7B,8,4,2,32,32,2944,0.059923,0.0038090618387858,0.0104739999999999,0.0742060618387858,0.0332945,2.5578884788411456,1563.7898341104396,78.9820318318112,164.7573382336732,1.0
Llama2-7B,8,4,2,32,32,3072,0.060779,0.0038090618387858,0.010914,0.0755020618387858,0.0332945,2.5993604788411453,1538.8400464499225,79.2177113625027,162.92163280595005,1.0
Llama2-7B,8,4,2,32,32,3200,0.064169,0.0038090618387858,0.011354,0.0793320618387858,0.0332945,2.7219204788411457,1469.5506467194791,81.16107265287377,158.10023658790416,1.0
Llama2-7B,8,4,2,32,32,3328,0.065025,0.0038090618387858,0.0117939999999999,0.0806280618387858,0.0332945,2.763392478841145,1447.4961593864646,81.39674702516533,156.4720242698296,1.0
Llama2-7B,8,4,2,32,32,3456,0.065881,0.0038090618387858,0.012234,0.0819240618387858,0.0332945,2.804864478841145,1426.0938559329738,81.63242397665685,154.88612797441007,1.0
Llama2-7B,8,4,2,32,32,3584,0.066737,0.0038090618387858,0.012674,0.0832200618387858,0.0332945,2.846336478841146,1405.3152287984433,81.86810350734838,153.34091940630458,1.0
Llama2-7B,8,4,2,32,32,3712,0.067593,0.0038090618387858,0.0131139999999999,0.0845160618387858,0.0332945,2.8878084788411456,1385.1334080178226,82.1038081852399,151.83489448840842,1.0
Llama2-7B,8,4,2,32,32,3840,0.068449,0.0038090618387858,0.013554,0.0858120618387858,0.0332945,2.9292804788411453,1365.523045298292,82.33948255753147,150.36648190172875,1.0
Llama2-7B,8,4,2,32,32,3968,0.069305,0.0038090618387858,0.013994,0.0871080618387858,0.0332945,2.970752478841145,1346.460207805785,82.57515950902297,148.9343472855908,1.0
Llama2-7B,8,4,2,32,32,4096,0.070161,0.0038090618387858,0.0144339999999999,0.0884040618387858,0.0332945,3.0122244788411456,1327.9222807255285,82.81083903971451,147.53716281073977,1.0
Llama2-7B,8,8,1,32,32,128,0.059077,0.0032527518208821,0.000794,0.0631237518208821,0.0623185,2.232278558268229,3583.78212717605,66.69029457183284,282.21767596455845,1.0
Llama2-7B,8,8,1,32,32,256,0.059933,0.0032527518208821,0.001234,0.0644197518208821,0.0623185,2.273750558268229,3518.41584861142,66.92532026013349,279.16723783280275,1.0
Llama2-7B,8,8,1,32,32,384,0.060789,0.0032527518208821,0.001674,0.0657157518208821,0.0623185,2.315222558268229,3455.391349496848,66.87307269804715,275.0212731663918,1.0
Llama2-7B,8,8,1,32,32,512,0.061645,0.0032527518208821,0.002114,0.0670117518208821,0.0623185,2.356694558268229,3394.5850012394662,67.39537937433471,273.3205425189987,1.0
Llama2-7B,8,8,1,32,32,640,0.064309,0.0032527518208821,0.002554,0.0701157518208821,0.0623185,2.4560225582682293,3257.299072057748,68.78970290059826,267.4186463037766,1.0
Llama2-7B,8,8,1,32,32,768,0.065165,0.0032527518208821,0.002994,0.0714117518208821,0.0623185,2.497494558268229,3203.2101825868344,69.02472858889888,264.8075216331577,1.0
Llama2-7B,8,8,1,32,32,896,0.066021,0.0032527518208821,0.003434,0.0727077518208821,0.0623185,2.5389665582682293,3150.888291122911,68.97413938251191,261.18257593232426,1.0
Llama2-7B,8,8,1,32,32,1024,0.066877,0.0032527518208821,0.003874,0.0740037518208821,0.0623185,2.580438558268229,3100.248201750992,69.4947877031001,259.7858295942555,1.0
Llama2-7B,8,8,1,32,32,1152,0.070303,0.0032527518208821,0.004314,0.0778697518208821,0.0623185,2.7041505582682293,2958.415157595107,71.49918991617194,254.25369442332467,1.0
Llama2-7B,8,8,1,32,32,1280,0.071159,0.0032527518208821,0.004754,0.0791657518208821,0.0623185,2.745622558268229,2913.728974111398,71.73421560447257,252.02088142214123,1.0
Llama2-7B,8,8,1,32,32,1408,0.072015,0.0032527518208821,0.005194,0.0804617518208821,0.0623185,2.787094558268229,2870.372652505492,71.68362639808562,248.8496368745596,1.0
Llama2-7B,8,8,1,32,32,1536,0.072871,0.0032527518208821,0.005634,0.0817577518208821,0.0623185,2.8285665582682293,2828.2876980974934,72.2042747186738,247.7126522164984,1.0
Llama2-7B,8,8,1,32,32,1664,0.075535,0.0032527518208821,0.006074,0.0848617518208821,0.0623185,2.927894558268229,2732.338832834125,73.59859824493736,243.59104469761493,1.0
Llama2-7B,8,8,1,32,32,1792,0.076391,0.0032527518208821,0.006514,0.0861577518208821,0.0623185,2.9693665582682294,2694.177307858447,73.83362393323799,241.6306368984501,1.0
Llama2-7B,8,8,1,32,32,1920,0.077247,0.0032527518208821,0.006954,0.0874537518208821,0.0623185,3.010838558268229,2657.067074563251,73.78303472685104,238.7893210314025,1.0
Llama2-7B,8,8,1,32,32,2048,0.078103,0.0032527518208821,0.007394,0.0887497518208821,0.0623185,3.0523105582682293,2620.965280983371,74.30368304743922,237.8387611469445,1.0
Llama2-7B,8,8,1,32,32,2176,0.081493,0.0032527518208821,0.007834,0.0925797518208821,0.0623185,3.174870558268229,2519.7877687220407,76.24639565381939,233.9047392224467,1.0
Llama2-7B,8,8,1,32,32,2304,0.082349,0.0032527518208821,0.008274,0.0938757518208821,0.0623185,3.216342558268229,2487.2972499258376,76.48142134211999,232.1868551595041,1.0
Llama2-7B,8,8,1,32,32,2432,0.083205,0.0032527518208821,0.008714,0.0951717518208821,0.0623185,3.257814558268229,2455.63394015054,76.43083213573306,229.6461514804791,1.0
Llama2-7B,8,8,1,32,32,2560,0.084061,0.0032527518208821,0.0091539999999999,0.0964677518208821,0.0623185,3.299286558268229,2424.7666453680645,76.95148045632125,228.85607016428915,1.0
Llama2-7B,8,8,1,32,32,2688,0.086725,0.0032527518208821,0.009594,0.0995717518208821,0.0623185,3.398614558268229,2353.9003505229543,78.3458039825848,225.8455000939314,1.0
Llama2-7B,8,8,1,32,32,2816,0.087581,0.0032527518208821,0.010034,0.1008677518208821,0.0623185,3.4400865582682294,2325.522879874067,78.58082967088546,224.30901014742184,1.0
Llama2-7B,8,8,1,32,32,2944,0.088437,0.0032527518208821,0.0104739999999999,0.1021637518208821,0.0623185,3.481558558268229,2297.821468779,78.53024046449843,221.9948677151488,1.0
Llama2-7B,8,8,1,32,32,3072,0.089293,0.0032527518208821,0.010914,0.1034597518208821,0.0623185,3.523030558268229,2270.772242160868,79.05088878508664,221.3244285248749,1.0
Llama2-7B,8,8,1,32,32,3200,0.092683,0.0032527518208821,0.011354,0.1072897518208821,0.0623185,3.645590558268229,2194.4318409142065,80.99360139146684,218.46941022481693,1.0
Llama2-7B,8,8,1,32,32,3328,0.093539,0.0032527518208821,0.0117939999999999,0.1085857518208821,0.0623185,3.687062558268229,2169.748918976169,81.22862707976745,217.0982880931148,1.0
Llama2-7B,8,8,1,32,32,3456,0.094395,0.0032527518208821,0.012234,0.1098817518208821,0.0623185,3.728534558268229,2145.615086833395,81.17803787338046,214.9955979484625,1.0
Llama2-7B,8,8,1,32,32,3584,0.095251,0.0032527518208821,0.012674,0.1111777518208821,0.0623185,3.770006558268229,2122.012223680279,81.69868619396867,214.4299959947105,1.0
Llama2-7B,8,8,1,32,32,3712,0.097915,0.0032527518208821,0.0131139999999999,0.1142817518208821,0.0623185,3.869334558268229,2067.5389733113448,83.09300972023219,212.155976408702,1.0
Llama2-7B,8,8,1,32,32,3840,0.098771,0.0032527518208821,0.013554,0.1155777518208821,0.0623185,3.910806558268229,2045.613834590309,83.32803540853281,210.91219945260457,1.0
Llama2-7B,8,8,1,32,32,3968,0.099627,0.0032527518208821,0.013994,0.1168737518208821,0.0623185,3.952278558268229,2024.1488250527973,83.27744620214588,208.97308511283552,1.0
Llama2-7B,8,8,1,32,32,4096,0.100483,0.0032527518208821,0.0144339999999999,0.1181697518208821,0.0623185,3.993750558268229,2003.129610445416,83.79809452273405,208.4882381167314,1.0
Llama2-7B,8,32,1,32,8,128,0.210099,0.00032238887363,0.003176,0.2135973888736301,0.237748,7.222864443956164,4430.375268467964,61.4168404619534,292.32333548447826,1.0
Llama2-7B,8,32,1,32,8,256,0.215283,0.00032238887363,0.004936,0.2205413888736301,0.237748,7.445072443956163,4298.144879164646,61.93506432839127,287.6913844957162,1.0
Llama2-7B,8,32,1,32,8,384,0.220467,0.00032238887363,0.006696,0.2274853888736301,0.237748,7.667280443956163,4173.578915484229,62.45328819482916,283.2772623332705,1.0
Llama2-7B,8,32,1,32,8,512,0.225651,0.00032238887363,0.008456,0.23442938887363,0.237748,7.889488443956162,4056.0297701575296,62.97151206126705,279.0659561059646,1.0
Llama2-7B,8,32,1,32,8,640,0.230835,0.00032238887363,0.010216,0.2413733888736301,0.237748,8.111696443956163,3944.920796912027,63.48973592770489,275.0438015366167,1.0
Llama2-7B,8,32,1,32,8,768,0.236019,0.00032238887363,0.011976,0.24831738887363,0.237748,8.333904443956163,3839.7368502595136,64.00795979414276,271.19833485500226,1.0
Llama2-7B,8,32,1,32,8,896,0.241203,0.00032238887363,0.013736,0.2552613888736301,0.237748,8.556112443956163,3740.016299412247,64.52618366058061,267.5181637897565,1.0
Llama2-7B,8,32,1,32,8,1024,0.246387,0.00032238887363,0.015496,0.2622053888736301,0.237748,8.778320443956163,3645.3442551225007,65.04440752701852,263.99285484631287,1.0
Llama2-7B,8,32,1,32,8,1152,0.2542215,0.00032238887363,0.017256,0.2717998888736301,0.237748,9.085344443956163,3522.1559509818403,66.06268348409975,259.86269251066403,1.0
Llama2-7B,8,32,1,32,8,1280,0.2594055,0.00032238887363,0.019016,0.2787438888736301,0.237748,9.307552443956164,3438.068191684391,66.58090735053763,256.66729252285575,1.0
Llama2-7B,8,32,1,32,8,1408,0.2645895,0.00032238887363,0.020776,0.2856878888736301,0.237748,9.529760443956164,3357.9018264089323,67.0991312169755,253.5971050135228,1.0
Llama2-7B,8,32,1,32,8,1536,0.2697735,0.00032238887363,0.022536,0.2926318888736301,0.237748,9.751968443956164,3281.388796928704,67.61735508341337,250.64491168855864,1.0
Llama2-7B,8,32,1,32,8,1664,0.2749575,0.00032238887363,0.024296,0.2995758888736301,0.237748,9.974176443956164,3208.284932576097,68.13557894985125,247.80403862361,1.0
Llama2-7B,8,32,1,32,8,1792,0.2801415,0.00032238887363,0.026056,0.3065198888736301,0.237748,10.196384443956164,3138.3673473559325,68.6538028162891,245.0683058964456,1.0
Llama2-7B,8,32,1,32,8,1920,0.2853255,0.00032238887363,0.027816,0.3134638888736301,0.237748,10.418592443956165,3071.432170145328,69.172026682727,242.43198271001708,1.0
Llama2-7B,8,32,1,32,8,2048,0.2905095,0.00032238887363,0.029576,0.3204078888736301,0.237748,10.640800443956165,3007.2925592900847,69.69025054916486,239.8897473203625,1.0
Llama2-7B,8,32,1,32,8,2176,0.2983155,0.00032238887363,0.031336,0.3299738888736301,0.237748,10.946912443956164,2923.1986794292243,70.68347264872601,236.94200485300289,1.0
Llama2-7B,8,32,1,32,8,2304,0.3034995,0.00032238887363,0.033096,0.3369178888736301,0.237748,11.169120443956164,2865.042073864988,71.20169651516386,234.6023519484014,1.0
Llama2-7B,8,32,1,32,8,2432,0.3086835,0.00032238887363,0.034856,0.3438618888736301,0.237748,11.391328443956164,2809.154363113643,71.71992038160171,232.34128284019624,1.0
Llama2-7B,8,32,1,32,8,2560,0.3138675,0.00032238887363,0.0366159999999999,0.3508058888736301,0.237748,11.613536443956164,2755.4053112437787,72.2381442480396,230.15490373498247,1.0
Llama2-7B,8,32,1,32,8,2688,0.3190515,0.00032238887363,0.038376,0.3577498888736301,0.237748,11.835744443956164,2703.674462685832,72.75636811447747,228.0395739072765,1.0
Llama2-7B,8,32,1,32,8,2816,0.3242355,0.00032238887363,0.040136,0.3646938888736301,0.237748,12.057952443956165,2653.8502410531096,73.27459198091536,225.9918854687884,1.0
Llama2-7B,8,32,1,32,8,2944,0.3294195,0.00032238887363,0.0418959999999999,0.3716378888736301,0.237748,12.280160443956165,2605.8291458031567,73.79281584735318,224.00864504788944,1.0
Llama2-7B,8,32,1,32,8,3072,0.3346035,0.00032238887363,0.043656,0.3785818888736301,0.237748,12.502368443956165,2559.515034566853,74.31103971379106,222.08685717211893,1.0
Llama2-7B,8,32,1,32,8,3200,0.3424095,0.00032238887363,0.045416,0.3881478888736301,0.237748,12.808480443956164,2498.3447599437595,75.3042618133522,219.9245693047424,1.0
Llama2-7B,8,32,1,32,8,3328,0.3475935,0.00032238887363,0.0471759999999999,0.3950918888736301,0.237748,13.030688443956164,2455.741316940326,75.82248567979009,218.1355108187871,1.0
Llama2-7B,8,32,1,32,8,3456,0.3527775,0.00032238887363,0.048936,0.4020358888736301,0.237748,13.252896443956164,2414.566516483515,76.34070954622797,216.3990320987816,1.0
Llama2-7B,8,32,1,32,8,3584,0.3579615,0.00032238887363,0.050696,0.4089798888736301,0.237748,13.475104443956164,2374.749682504509,76.85893341266582,214.7128487635285,1.0
Llama2-7B,8,32,1,32,8,3712,0.3631455,0.00032238887363,0.0524559999999999,0.4159238888736301,0.237748,13.697312443956164,2336.224725173716,77.37715727910367,213.0748068724621,1.0
Llama2-7B,8,32,1,32,8,3840,0.3683295,0.00032238887363,0.054216,0.4228678888736301,0.237748,13.919520443956165,2298.9297748324625,77.89538114554158,211.48287374631016,1.0
Llama2-7B,8,32,1,32,8,3968,0.3735135,0.00032238887363,0.055976,0.4298118888736301,0.237748,14.141728443956165,2262.8068504367325,78.41360501197946,209.93512955215647,1.0
Llama2-7B,8,32,1,32,8,4096,0.3786975,0.00032238887363,0.0577359999999999,0.4367558888736301,0.237748,14.363936443956163,2227.8015587756563,78.93182887841726,208.4297595796573,1.0
Llama2-7B,20,1,20,32,32,128,0.0180575,0.0083673980058942,0.000794,0.0272188980058942,0.0094145,1.030419236188616,970.478776870342,207.0658756516729,358.3446553573183,1.0
Llama2-7B,20,1,20,32,32,256,0.0189135,0.0083673980058942,0.001234,0.0285148980058942,0.0094145,1.071891236188616,932.9304748826536,207.31322633580083,342.5351374940533,1.0
Llama2-7B,20,1,20,32,32,384,0.0197695,0.0083673980058942,0.001674,0.0298108980058942,0.0094145,1.113363236188616,898.1794687449058,207.56057959912889,328.0946970066404,1.0
Llama2-7B,20,1,20,32,32,512,0.0206255,0.0083673980058942,0.002114,0.0311068980058942,0.0094145,1.154835236188616,865.9243922105895,207.80793544165675,314.852875447954,1.0
Llama2-7B,20,1,20,32,32,640,0.0214815,0.0083673980058942,0.002554,0.0324028980058942,0.0094145,1.196307236188616,835.905668501979,208.0553164313848,302.66641707891785,1.0
Llama2-7B,20,1,20,32,32,768,0.0223375,0.0083673980058942,0.002994,0.0336988980058942,0.0094145,1.237779236188616,807.898509494481,208.30266711551272,291.4139159422394,1.0
Llama2-7B,20,1,20,32,32,896,0.0231935,0.0083673980058942,0.003434,0.0349948980058942,0.0094145,1.279251236188616,781.7072766561373,208.5500203788407,280.9920079694211,1.0
Llama2-7B,20,1,20,32,32,1024,0.0240495,0.0083673980058942,0.003874,0.0362908980058942,0.0094145,1.3207232361886163,757.1609044191807,208.79737622136864,271.31200261617784,1.0
Llama2-7B,20,1,20,32,32,1152,0.0256675,0.0083673980058942,0.004314,0.0383488980058942,0.0094145,1.386579236188616,721.1993183662316,209.6548358979049,255.25328223666227,1.0
Llama2-7B,20,1,20,32,32,1280,0.0265235,0.0083673980058942,0.004754,0.0396448980058942,0.0094145,1.428051236188616,700.2549871172274,209.9021865820329,247.3068535709287,1.0
Llama2-7B,20,1,20,32,32,1408,0.0273795,0.0083673980058942,0.005194,0.0409408980058942,0.0094145,1.4695232361886164,680.4928124808827,210.1495398453609,239.85730638497884,1.0
Llama2-7B,20,1,20,32,32,1536,0.0282355,0.0083673980058942,0.005634,0.0422368980058942,0.0094145,1.510995236188616,661.8154551714092,210.39689568788884,232.8594496377441,1.0
Llama2-7B,20,1,20,32,32,1664,0.0290915,0.0083673980058942,0.006074,0.0435328980058942,0.0094145,1.552467236188616,644.1359770368163,210.64427667761683,226.2734354081269,1.0
Llama2-7B,20,1,20,32,32,1792,0.0299475,0.0083673980058942,0.006514,0.0448288980058942,0.0094145,1.593939236188616,627.3764879464118,210.89162736174472,220.0638903098597,1.0
Llama2-7B,20,1,20,32,32,1920,0.0308035,0.0083673980058942,0.006954,0.0461248980058942,0.0094145,1.6354112361886162,611.4669985578279,211.1389806250727,214.19946254592887,1.0
Llama2-7B,20,1,20,32,32,2048,0.0316595,0.0083673980058942,0.007394,0.0474208980058942,0.0094145,1.676883236188616,596.3444433214669,211.3863364676007,208.65215858154804,1.0
Llama2-7B,20,1,20,32,32,2176,0.0332415,0.0083673980058942,0.007834,0.0494428980058942,0.0094145,1.741587236188616,574.1888658925029,212.1821065374453,199.47026546019785,1.0
Llama2-7B,20,1,20,32,32,2304,0.0340975,0.0083673980058942,0.008274,0.0507388980058942,0.0094145,1.7830592361886164,560.833863342394,212.4294572215732,194.68936250969028,1.0
Llama2-7B,20,1,20,32,32,2432,0.0349535,0.0083673980058942,0.008714,0.0520348980058942,0.0094145,1.824531236188616,548.085985137183,212.67681048490115,190.14262742366745,1.0
Llama2-7B,20,1,20,32,32,2560,0.0358095,0.0083673980058942,0.0091539999999999,0.0533308980058942,0.0094145,1.866003236188616,535.9047511849652,212.9241663274292,185.81326736570352,1.0
Llama2-7B,20,1,20,32,32,2688,0.0366655,0.0083673980058942,0.009594,0.0546268980058942,0.0094145,1.907475236188616,524.2532018387459,213.17154731715712,181.6860769295704,1.0
Llama2-7B,20,1,20,32,32,2816,0.0375215,0.0083673980058942,0.010034,0.0559228980058942,0.0094145,1.948947236188616,513.0975233355273,213.41889800128507,177.74717328838557,1.0
Llama2-7B,20,1,20,32,32,2944,0.0383775,0.0083673980058942,0.0104739999999999,0.0572188980058942,0.0094145,1.990419236188616,502.40672006107866,213.6662512646131,173.983984157883,1.0
Llama2-7B,20,1,20,32,32,3072,0.0392335,0.0083673980058942,0.010914,0.0585148980058942,0.0094145,2.031891236188616,492.15232695022667,213.91360710714105,170.38500827349472,1.0
Llama2-7B,20,1,20,32,32,3200,0.0408155,0.0083673980058942,0.011354,0.0605368980058942,0.0094145,2.096595236188616,476.9637852549413,214.70937717698564,164.39019580259463,1.0
Llama2-7B,20,1,20,32,32,3328,0.0416715,0.0083673980058942,0.0117939999999999,0.0618328980058942,0.0094145,2.138067236188616,467.7121388299418,214.9567278611136,161.19884682960293,1.0
Llama2-7B,20,1,20,32,32,3456,0.0425275,0.0083673980058942,0.012234,0.0631288980058942,0.0094145,2.179539236188616,458.81257074715984,215.2040811244416,158.13597166865668,1.0
Llama2-7B,20,1,20,32,32,3584,0.0433835,0.0083673980058942,0.012674,0.0644248980058942,0.0094145,2.221011236188616,450.2453583783114,215.4514369669696,155.1939655679648,1.0
Llama2-7B,20,1,20,32,32,3712,0.0442395,0.0083673980058942,0.0131139999999999,0.0657208980058942,0.0094145,2.262483236188616,441.9922251820093,215.69881795669752,152.3658283015585,1.0
Llama2-7B,20,1,20,32,32,3840,0.0450955,0.0083673980058942,0.013554,0.0670168980058942,0.0094145,2.303955236188616,434.0362105534128,215.94616864082545,149.64503708852982,1.0
Llama2-7B,20,1,20,32,32,3968,0.0459515,0.0083673980058942,0.013994,0.0683128980058942,0.0094145,2.345427236188616,426.36155348184144,216.1935219041534,147.02561525749528,1.0
Llama2-7B,20,1,20,32,32,4096,0.0468075,0.0083673980058942,0.0144339999999999,0.0696088980058942,0.0094145,2.3868992361886163,418.95358833697264,216.44087774668137,144.50200137977447,1.0
Llama2-7B,20,2,10,32,32,128,0.0190155,0.0078054113551548,0.000794,0.0276149113551548,0.0108005,1.0444776633649553,1914.832715097682,117.60335661209989,386.53781327108106,1.0
Llama2-7B,20,2,10,32,32,256,0.0198715,0.0078054113551548,0.001234,0.0289109113551548,0.0108005,1.0859496633649552,1841.7059901310167,117.84422045631868,370.64458035477526,1.0
Llama2-7B,20,2,10,32,32,384,0.0207275,0.0078054113551548,0.001674,0.0302069113551548,0.0108005,1.1274216633649552,1773.959171611717,118.08508687973756,356.06406609497515,1.0
Llama2-7B,20,2,10,32,32,512,0.0215835,0.0078054113551548,0.002114,0.0315029113551548,0.0108005,1.1688936633649551,1711.0196270912238,118.32595588235635,342.6400835196919,1.0
Llama2-7B,20,2,10,32,32,640,0.0224395,0.0078054113551548,0.002554,0.0327989113551548,0.0108005,1.210365663364955,1652.393206892346,118.56685003217524,330.24034078348217,1.0
Llama2-7B,20,2,10,32,32,768,0.0232955,0.0078054113551548,0.002994,0.0340949113551548,0.0108005,1.2518376633649553,1597.65124387133,118.80771387639405,318.75178112831355,1.0
Llama2-7B,20,2,10,32,32,896,0.0241515,0.0078054113551548,0.003434,0.0353909113551548,0.0108005,1.2933096633649552,1546.4200544178768,119.04858029981288,308.0776046514008,1.0
Llama2-7B,20,2,10,32,32,1024,0.0250075,0.0078054113551548,0.003874,0.0366869113551548,0.0108005,1.3347816633649552,1498.3723966944856,119.28944930243172,298.13418300117894,1.0
Llama2-7B,20,2,10,32,32,1152,0.0266255,0.0078054113551548,0.004314,0.0387449113551548,0.0108005,1.400637663364955,1427.9210478997898,120.14042213905888,282.0144742330165,1.0
Llama2-7B,20,2,10,32,32,1280,0.0274815,0.0078054113551548,0.004754,0.0400409113551548,0.0108005,1.4421096633649553,1386.8570822369277,120.38128598327768,273.77800971398415,1.0
Llama2-7B,20,2,10,32,32,1408,0.0283375,0.0078054113551548,0.005194,0.0413369113551548,0.0108005,1.4835816633649552,1348.0889184514058,120.62215240669654,266.03915396271844,1.0
Llama2-7B,20,2,10,32,32,1536,0.0291935,0.0078054113551548,0.005634,0.0426329113551548,0.0108005,1.5250536633649554,1311.429261831416,120.86302140931538,258.75413493011155,1.0
Llama2-7B,20,2,10,32,32,1664,0.0300495,0.0078054113551548,0.006074,0.0439289113551548,0.0108005,1.5665256633649554,1276.7106513301069,121.10391555913418,251.88421512657072,1.0
Llama2-7B,20,2,10,32,32,1792,0.0309055,0.0078054113551548,0.006514,0.0452249113551548,0.0108005,1.607997663364955,1243.782901907162,121.34477940335306,245.3947909824971,1.0
Llama2-7B,20,2,10,32,32,1920,0.0317615,0.0078054113551548,0.006954,0.0465209113551548,0.0108005,1.6494696633649553,1212.5109327078833,121.58564582677188,239.2551631432156,1.0
Llama2-7B,20,2,10,32,32,2048,0.0326175,0.0078054113551548,0.007394,0.0478169113551548,0.0108005,1.6909416633649552,1182.7729148384824,121.82651482939067,233.4377918858564,1.0
Llama2-7B,20,2,10,32,32,2176,0.0341995,0.0078054113551548,0.007834,0.0498389113551548,0.0108005,1.755645663364955,1139.1820352671298,122.61579805932617,224.0818543752945,1.0
Llama2-7B,20,2,10,32,32,2304,0.0350555,0.0078054113551548,0.008274,0.0511349113551548,0.0108005,1.7971176633649553,1112.8931848876073,122.856661903545,219.039562093582,1.0
Llama2-7B,20,2,10,32,32,2432,0.0359115,0.0078054113551548,0.008714,0.0524309113551548,0.0108005,1.8385896633649552,1087.7902991903231,123.09752832696384,214.23765424544345,1.0
Llama2-7B,20,2,10,32,32,2560,0.0367675,0.0078054113551548,0.0091539999999999,0.0537269113551548,0.0108005,1.8800616633649552,1063.7948951208216,123.33839732958263,209.65934135034792,1.0
Llama2-7B,20,2,10,32,32,2688,0.0376235,0.0078054113551548,0.009594,0.0550229113551548,0.0108005,1.9215336633649551,1040.8352651483794,123.57929147940152,205.2893993770541,1.0
Llama2-7B,20,2,10,32,32,2816,0.0384795,0.0078054113551548,0.010034,0.0563189113551548,0.0108005,1.9630056633649555,1018.8457615408148,123.82015532362034,201.11383224122648,1.0
Llama2-7B,20,2,10,32,32,2944,0.0393355,0.0078054113551548,0.0104739999999999,0.0576149113551548,0.0108005,2.0044776633649555,997.7661694880458,124.06102174703916,197.12000252163952,1.0
Llama2-7B,20,2,10,32,32,3072,0.0401915,0.0078054113551548,0.010914,0.0589109113551548,0.0108005,2.045949663364955,977.5411564674656,124.301890749658,193.2962982683808,1.0
Llama2-7B,20,2,10,32,32,3200,0.0417735,0.0078054113551548,0.011354,0.0609329113551548,0.0108005,2.1106536633649555,947.5737468038486,125.09117397959346,187.1568907016313,1.0
Llama2-7B,20,2,10,32,32,3328,0.0426295,0.0078054113551548,0.0117939999999999,0.0622289113551548,0.0108005,2.152125663364956,929.3137636177344,125.3320378238123,183.75191742779688,1.0
Llama2-7B,20,2,10,32,32,3456,0.0434855,0.0078054113551548,0.012234,0.0635249113551548,0.0108005,2.1935976633649554,911.7442242949974,125.57290424723116,180.4809997689333,1.0
Llama2-7B,20,2,10,32,32,3584,0.0443415,0.0078054113551548,0.012674,0.0648209113551548,0.0108005,2.235069663364956,894.8266950162744,125.81377324984996,177.3363740088996,1.0
Llama2-7B,20,2,10,32,32,3712,0.0451975,0.0078054113551548,0.0131139999999999,0.0661169113551548,0.0108005,2.276541663364956,878.5255425739939,126.05466739966882,174.31089579023848,1.0
Llama2-7B,20,2,10,32,32,3840,0.0460535,0.0078054113551548,0.013554,0.0674129113551548,0.0108005,2.3180136633649555,862.8076838411256,126.29553124388768,171.3978460430365,1.0
Llama2-7B,20,2,10,32,32,3968,0.0469095,0.0078054113551548,0.013994,0.0687089113551548,0.0108005,2.359485663364956,847.6423616610244,126.53639766730647,168.59111382996318,1.0
Llama2-7B,20,2,10,32,32,4096,0.0477655,0.0078054113551548,0.0144339999999999,0.0700049113551548,0.0108005,2.4009576633649554,833.000943963747,126.77726666992534,165.88498323832746,1.0
Llama2-7B,20,4,5,32,32,128,0.024034,0.0072859994506835,0.000794,0.0321139994506836,0.0172205,1.1948684824218752,3347.648765404216,93.11097541860104,484.2669521230395,1.0
Llama2-7B,20,4,5,32,32,256,0.02489,0.0072859994506835,0.001234,0.0334099994506835,0.0172205,1.2363404824218749,3235.354707599945,93.34859584286532,468.8057244016941,1.0
Llama2-7B,20,4,5,32,32,384,0.025746,0.0072859994506835,0.001674,0.0347059994506835,0.0172205,1.277812482421875,3130.349761820047,93.5862188463296,454.3726153884563,1.0
Llama2-7B,20,4,5,32,32,512,0.026602,0.0072859994506835,0.002114,0.0360019994506835,0.0172205,1.319284482421875,3031.946523510232,93.82384442899388,440.8683765741009,1.0
Llama2-7B,20,4,5,32,32,640,0.027458,0.0072859994506835,0.002554,0.0372979994506835,0.0172205,1.360756482421875,2939.5413886846222,94.06149515885814,428.2062384316872,1.0
Llama2-7B,20,4,5,32,32,768,0.028314,0.0072859994506835,0.002994,0.0385939994506835,0.0172205,1.402228482421875,2852.60216159021,94.2991155831224,416.30957999188735,1.0
Llama2-7B,20,4,5,32,32,896,0.02917,0.0072859994506835,0.003434,0.0398899994506836,0.0172205,1.443700482421875,2770.657798278084,94.53673858658668,405.1111526679236,1.0
Llama2-7B,20,4,5,32,32,1024,0.030026,0.0072859994506835,0.003874,0.0411859994506835,0.0172205,1.485172482421875,2693.2898685795662,94.77436416925092,394.5512396308655,1.0
Llama2-7B,20,4,5,32,32,1152,0.031644,0.0072859994506835,0.004314,0.0432439994506835,0.0172205,1.551028482421875,2578.9339430789464,95.6220935859235,377.72600487423983,1.0
Llama2-7B,20,4,5,32,32,1280,0.0325,0.0072859994506835,0.004754,0.0445399994506836,0.0172205,1.5925004824218751,2511.7731794446927,95.85971401018776,368.6912077314915,1.0
Llama2-7B,20,4,5,32,32,1408,0.033356,0.0072859994506835,0.005194,0.0458359994506835,0.0172205,1.6339724824218749,2448.02164236646,96.09733701365204,360.1201321113596,1.0
Llama2-7B,20,4,5,32,32,1536,0.034212,0.0072859994506835,0.005634,0.0471319994506835,0.0172205,1.675444482421875,2387.426167782028,96.33496259631632,351.97797043550634,1.0
Llama2-7B,20,4,5,32,32,1664,0.035068,0.0072859994506835,0.006074,0.0484279994506836,0.0172205,1.7169164824218752,2329.7580522714866,96.5726133261806,344.2333941420262,1.0
Llama2-7B,20,4,5,32,32,1792,0.035924,0.0072859994506835,0.006514,0.0497239994506835,0.0172205,1.758388482421875,2274.810168507641,96.81023375044484,336.8577891884427,1.0
Llama2-7B,20,4,5,32,32,1920,0.03678,0.0072859994506835,0.006954,0.0510199994506836,0.0172205,1.7998604824218751,2222.394479497454,97.04785675390916,329.8255055529811,1.0
Llama2-7B,20,4,5,32,32,2048,0.037636,0.0072859994506835,0.007394,0.0523159994506835,0.0172205,1.841332482421875,2172.3398887412577,97.2854823365734,323.1131175489339,1.0
Llama2-7B,20,4,5,32,32,2176,0.039218,0.0072859994506835,0.007834,0.0543379994506836,0.0172205,1.9060364824218752,2098.5957178099043,98.0715221465543,312.58453435461485,1.0
Llama2-7B,20,4,5,32,32,2304,0.040074,0.0072859994506835,0.008274,0.0556339994506835,0.0172205,1.947508482421875,2053.906330115541,98.3091425708186,306.648770308737,1.0
Llama2-7B,20,4,5,32,32,2432,0.04093,0.0072859994506835,0.008714,0.0569299994506836,0.0172205,1.988980482421875,2011.0805688396767,98.54676557428284,300.96129237198505,1.0
Llama2-7B,20,4,5,32,32,2560,0.041786,0.0072859994506835,0.0091539999999999,0.0582259994506835,0.0172205,2.030452482421875,1970.0042402513632,98.78439115694717,295.5068418757094,1.0
Llama2-7B,20,4,5,32,32,2688,0.04445,0.0072859994506835,0.009594,0.0613299994506836,0.0172205,2.129780482421875,1878.1278319591927,100.18130941917428,281.7247171517838,1.0
Llama2-7B,20,4,5,32,32,2816,0.045306,0.0072859994506835,0.010034,0.0626259994506835,0.0172205,2.171252482421875,1842.254658259868,100.4189298434386,277.05748091709324,1.0
Llama2-7B,20,4,5,32,32,2944,0.046162,0.0072859994506835,0.0104739999999999,0.0639219994506836,0.0172205,2.212724482421875,1807.7261908459168,100.65655284690284,272.56334443617834,1.0
Llama2-7B,20,4,5,32,32,3072,0.047018,0.0072859994506835,0.010914,0.0652179994506836,0.0172205,2.254196482421875,1774.4682112636692,100.8941784295671,268.232853453909,1.0
Llama2-7B,20,4,5,32,32,3200,0.0486,0.0072859994506835,0.011354,0.0672399994506836,0.0172205,2.318900482421875,1724.9554391494944,101.68021823954804,261.523195060566,1.0
Llama2-7B,20,4,5,32,32,3328,0.049456,0.0072859994506835,0.0117939999999999,0.0685359994506835,0.0172205,2.360372482421875,1694.6477853765584,101.91783866381232,257.5972547916641,1.0
Llama2-7B,20,4,5,32,32,3456,0.050312,0.0072859994506835,0.012234,0.0698319994506836,0.0172205,2.401844482421875,1665.386759748342,102.1554616672766,253.8049115203047,1.0
Llama2-7B,20,4,5,32,32,3584,0.051168,0.0072859994506835,0.012674,0.0711279994506836,0.0172205,2.443316482421875,1637.1190669638925,102.39308724994083,250.13946033150808,1.0
Llama2-7B,20,4,5,32,32,3712,0.052024,0.0072859994506835,0.0131139999999999,0.0724239994506835,0.0172205,2.484788482421875,1609.7949697920678,102.63073797980512,246.5946918244586,1.0
Llama2-7B,20,4,5,32,32,3840,0.05288,0.0072859994506835,0.013554,0.0737199994506836,0.0172205,2.526260482421875,1583.3679970187716,102.86835840406935,243.1646142304968,1.0
Llama2-7B,20,4,5,32,32,3968,0.053736,0.0072859994506835,0.013994,0.0750159994506836,0.0172205,2.5677324824218752,1557.7946796962335,103.10598140753363,239.8438230598055,1.0
Llama2-7B,20,4,5,32,32,4096,0.054592,0.0072859994506835,0.0144339999999999,0.0763119994506835,0.0172205,2.609204482421875,1533.0343125454017,103.34360699019793,236.6271774944084,1.0
Llama2-7B,20,5,4,32,32,128,0.024992,0.007115700465611,0.000794,0.032901700465611,0.0186065,1.2214609148995537,4093.458856529333,80.11694836522622,500.89121247065447,1.0
Llama2-7B,20,5,4,32,32,256,0.025848,0.007115700465611,0.001234,0.034197700465611,0.0186065,1.2629329148995534,3959.038473866739,80.3539201054996,485.7358409348618,1.0
Llama2-7B,20,5,4,32,32,384,0.026704,0.007115700465611,0.001674,0.035493700465611,0.0186065,1.3044049148995536,3833.1655629992993,80.5908944249729,471.5520990826101,1.0
Llama2-7B,20,5,4,32,32,512,0.02756,0.007115700465611,0.002114,0.036789700465611,0.0186065,1.3458769148995535,3715.049975705367,80.82787132364628,458.2494518983938,1.0
Llama2-7B,20,5,4,32,32,640,0.028416,0.007115700465611,0.002554,0.038085700465611,0.0186065,1.3873489148995537,3603.996043318352,81.06487336951963,445.7483975220807,1.0
Llama2-7B,20,5,4,32,32,768,0.029272,0.007115700465611,0.002994,0.039381700465611,0.0186065,1.4288209148995537,3499.388865224933,81.301845109793,433.97831710867575,1.0
Llama2-7B,20,5,4,32,32,896,0.030128,0.007115700465611,0.003434,0.040677700465611,0.0186065,1.4702929148995534,3400.6829178943485,81.53881942926633,422.8770756712319,1.0
Llama2-7B,20,5,4,32,32,1024,0.030984,0.007115700465611,0.003874,0.041973700465611,0.0186065,1.5117649148995536,3307.392538827517,81.77579632793973,412.3892388407105,1.0
Llama2-7B,20,5,4,32,32,1152,0.032602,0.007115700465611,0.004314,0.044031700465611,0.0186065,1.5776209148995537,3169.329179639044,82.62287706062138,395.9825943415157,1.0
Llama2-7B,20,5,4,32,32,1280,0.033458,0.007115700465611,0.004754,0.045327700465611,0.0186065,1.6190929148995536,3088.148897440017,82.85984880089472,386.9583171480601,1.0
Llama2-7B,20,5,4,32,32,1408,0.034314,0.007115700465611,0.005194,0.046623700465611,0.0186065,1.6605649148995536,3011.023510816767,83.09682312036809,378.38429249162186,1.0
Llama2-7B,20,5,4,32,32,1536,0.03517,0.007115700465611,0.005634,0.047919700465611,0.0186065,1.7020369148995536,2937.656613807978,83.33380001904146,370.22764438371416,1.0
Llama2-7B,20,5,4,32,32,1664,0.036026,0.007115700465611,0.006074,0.049215700465611,0.0186065,1.7435089148995535,2867.7800023110626,83.57080206491482,362.4587193316754,1.0
Llama2-7B,20,5,4,32,32,1792,0.036882,0.007115700465611,0.006514,0.050511700465611,0.0186065,1.7849809148995537,2801.1503978917144,83.80777380518818,355.0502862388334,1.0
Llama2-7B,20,5,4,32,32,1920,0.037738,0.007115700465611,0.006954,0.051807700465611,0.0186065,1.8264529148995536,2737.546617934565,84.04474812466155,347.97795046050044,1.0
Llama2-7B,20,5,4,32,32,2048,0.038594,0.007115700465611,0.007394,0.053103700465611,0.0186065,1.8679249148995536,2676.767122766748,84.28172502333489,341.21934847116336,1.0
Llama2-7B,20,5,4,32,32,2176,0.041984,0.007115700465611,0.007834,0.056933700465611,0.0186065,1.9904849148995536,2511.9507123982985,86.22638368168779,320.9049268831868,1.0
Llama2-7B,20,5,4,32,32,2304,0.04284,0.007115700465611,0.008274,0.058229700465611,0.0186065,2.031956914899554,2460.682095834284,86.46335542196114,315.3571261596972,1.0
Llama2-7B,20,5,4,32,32,2432,0.043696,0.007115700465611,0.008714,0.059525700465611,0.0186065,2.0734289148995537,2411.4643931461824,86.7003297414345,310.02669631314404,1.0
Llama2-7B,20,5,4,32,32,2560,0.044552,0.007115700465611,0.0091539999999999,0.060821700465611,0.0186065,2.114900914899554,2364.176952581948,86.93730664010788,304.90110797532896,1.0
Llama2-7B,20,5,4,32,32,2688,0.045408,0.007115700465611,0.009594,0.062117700465611,0.0186065,2.1563729148995536,2318.708404029878,87.17430868598123,299.96885421477646,1.0
Llama2-7B,20,5,4,32,32,2816,0.046264,0.007115700465611,0.010034,0.063413700465611,0.0186065,2.197844914899554,2274.955783324007,87.41128042625459,295.2190162243273,1.0
Llama2-7B,20,5,4,32,32,2944,0.04712,0.007115700465611,0.0104739999999999,0.064709700465611,0.0186065,2.239316914899554,2232.8237538563308,87.64825474572794,290.6417615454158,1.0
Llama2-7B,20,5,4,32,32,3072,0.047976,0.007115700465611,0.010914,0.066005700465611,0.0186065,2.2807889148995537,2192.223913110434,87.8852316444013,286.2278523519616,1.0
Llama2-7B,20,5,4,32,32,3200,0.049558,0.007115700465611,0.011354,0.068027700465611,0.0186065,2.3454929148995536,2131.7480723296608,88.67062277039125,279.56706904785585,1.0
Llama2-7B,20,5,4,32,32,3328,0.050414,0.007115700465611,0.0117939999999999,0.069323700465611,0.0186065,2.3869649148995538,2094.7103029415102,88.90759451066465,275.55464042312354,1.0
Llama2-7B,20,5,4,32,32,3456,0.05127,0.007115700465611,0.012234,0.070619700465611,0.0186065,2.428436914899554,2058.937569809925,89.14456883013798,271.67620206181124,1.0
Llama2-7B,20,5,4,32,32,3584,0.052126,0.007115700465611,0.012674,0.071915700465611,0.0186065,2.4699089148995537,2024.3661496332304,89.38154572881135,267.9251529011775,1.0
Llama2-7B,20,5,4,32,32,3712,0.052982,0.007115700465611,0.0131139999999999,0.073211700465611,0.0186065,2.511380914899554,1990.9365283203088,89.61854777468471,264.2953850325485,1.0
Llama2-7B,20,5,4,32,32,3840,0.053838,0.007115700465611,0.013554,0.074507700465611,0.0186065,2.5528529148995536,1958.593059090024,89.85551951495806,260.78095256532947,1.0
Llama2-7B,20,5,4,32,32,3968,0.054694,0.007115700465611,0.013994,0.075803700465611,0.0186065,2.5943249148995537,1927.283653363668,90.09249383443142,257.37653420173893,1.0
Llama2-7B,20,5,4,32,32,4096,0.05555,0.007115700465611,0.0144339999999999,0.077099700465611,0.0186065,2.635796914899554,1896.959500838684,90.3294707331048,254.07704414127136,1.0
Llama2-7B,20,10,2,32,32,128,0.035987,0.0064004447283063,0.000794,0.0431814447283063,0.0332945,1.5651007313058034,6389.365106012534,70.3200000145467,610.6371746615679,1.0
Llama2-7B,20,10,2,32,32,256,0.036843,0.0064004447283063,0.001234,0.0444774447283063,0.0332945,1.6065727313058036,6224.430307535542,70.55567438683823,598.4487757752339,1.0
Llama2-7B,20,10,2,32,32,384,0.037699,0.0064004447283063,0.001674,0.0457734447283063,0.0332945,1.6480447313058035,6067.796468167858,70.79135133832976,586.813902045891,1.0
Llama2-7B,20,10,2,32,32,512,0.038555,0.0064004447283063,0.002114,0.0470694447283063,0.0332945,1.6895167313058033,5918.852305340086,71.02703086902127,575.6956852955298,1.0
Llama2-7B,20,10,2,32,32,640,0.039411,0.0064004447283063,0.002554,0.0483654447283063,0.0332945,1.7309887313058037,5777.045118287,71.26273554691284,565.060639375054,1.0
Llama2-7B,20,10,2,32,32,768,0.040267,0.0064004447283063,0.002994,0.0496614447283063,0.0332945,1.7724607313058034,5641.873934568255,71.49840991920433,554.8775200474672,1.0
Llama2-7B,20,10,2,32,32,896,0.041123,0.0064004447283063,0.003434,0.0509574447283063,0.0332945,1.813932731305804,5512.883596736941,71.73408687069589,545.1183558371827,1.0
Llama2-7B,20,10,2,32,32,1024,0.041979,0.0064004447283063,0.003874,0.0522534447283063,0.0332945,1.855404731305804,5389.659642056729,71.96976640138739,535.757211949631,1.0
Llama2-7B,20,10,2,32,32,1152,0.045405,0.0064004447283063,0.004314,0.0561194447283063,0.0332945,1.979116731305804,5052.759062575399,73.97481729845018,509.1318226134935,1.0
Llama2-7B,20,10,2,32,32,1280,0.046261,0.0064004447283063,0.004754,0.0574154447283063,0.0332945,2.0205887313058035,4949.052642463026,74.21049167074172,501.30301219400326,1.0
Llama2-7B,20,10,2,32,32,1408,0.047117,0.0064004447283063,0.005194,0.0587114447283063,0.0332945,2.062060731305804,4849.517692753638,74.4461686222332,493.7586793396839,1.0
Llama2-7B,20,10,2,32,32,1536,0.047973,0.0064004447283063,0.005634,0.0600074447283063,0.0332945,2.103532731305804,4753.9074867602985,74.68184815292481,486.48359593498407,1.0
Llama2-7B,20,10,2,32,32,1664,0.048829,0.0064004447283063,0.006074,0.0613034447283063,0.0332945,2.145004731305804,4661.994378871301,74.91755283081629,479.46374612689385,1.0
Llama2-7B,20,10,2,32,32,1792,0.049685,0.0064004447283063,0.006514,0.0625994447283063,0.0332945,2.186476731305804,4573.567994948577,75.1532272031078,472.6855892315828,1.0
Llama2-7B,20,10,2,32,32,1920,0.050541,0.0064004447283063,0.006954,0.0638954447283063,0.0332945,2.2279487313058035,4488.433624834351,75.38890415459935,466.13704810574177,1.0
Llama2-7B,20,10,2,32,32,2048,0.051397,0.0064004447283063,0.007394,0.0651914447283063,0.0332945,2.2694207313058032,4406.410791112362,75.6245836852909,459.8066502257604,1.0
Llama2-7B,20,10,2,32,32,2176,0.054787,0.0064004447283063,0.007834,0.0690214447283063,0.0332945,2.391980731305804,4180.635683691696,77.56794497566199,442.4404111357506,1.0
Llama2-7B,20,10,2,32,32,2304,0.055643,0.0064004447283063,0.008274,0.0703174447283063,0.0332945,2.4334527313058034,4109.38740307232,77.80361934795347,436.95758758937296,1.0
Llama2-7B,20,10,2,32,32,2432,0.056499,0.0064004447283063,0.008714,0.0716134447283063,0.0332945,2.474924731305803,4040.526919266699,78.03929629944504,431.64091565472967,1.0
Llama2-7B,20,10,2,32,32,2560,0.057355,0.0064004447283063,0.0091539999999999,0.0729094447283063,0.0332945,2.516396731305804,3973.9361745279416,78.2749758301366,426.4829560965509,1.0
Llama2-7B,20,10,2,32,32,2688,0.058211,0.0064004447283063,0.009594,0.0742054447283063,0.0332945,2.5578687313058035,3909.5047676254094,78.51068050802809,421.4768284131656,1.0
Llama2-7B,20,10,2,32,32,2816,0.059067,0.0064004447283063,0.010034,0.0755014447283063,0.0332945,2.5993407313058032,3847.129343053232,78.74635488031963,416.61563817529054,1.0
Llama2-7B,20,10,2,32,32,2944,0.059923,0.0064004447283063,0.0104739999999999,0.0767974447283063,0.0332945,2.640812731305803,3786.713037790945,78.9820318318112,411.8933455841831,1.0
Llama2-7B,20,10,2,32,32,3072,0.060779,0.0064004447283063,0.010914,0.0780934447283063,0.0332945,2.682284731305804,3728.16497938746,79.2177113625027,407.3040820148751,1.0
Llama2-7B,20,10,2,32,32,3200,0.064169,0.0064004447283063,0.011354,0.0819234447283063,0.0332945,2.804844731305804,3565.2597408999786,81.16107265287377,395.2505914697605,1.0
Llama2-7B,20,10,2,32,32,3328,0.065025,0.0064004447283063,0.0117939999999999,0.0832194447283063,0.0332945,2.846316731305804,3513.3124469293707,81.39674702516533,391.1800606745738,1.0
Llama2-7B,20,10,2,32,32,3456,0.065881,0.0064004447283063,0.012234,0.0845154447283063,0.0332945,2.887788731305803,3462.8571999026367,81.63242397665685,387.215319936025,1.0
Llama2-7B,20,10,2,32,32,3584,0.066737,0.0064004447283063,0.012674,0.0858114447283063,0.0332945,2.929260731305804,3413.8306273413245,81.86810350734838,383.3522985157615,1.0
Llama2-7B,20,10,2,32,32,3712,0.067593,0.0064004447283063,0.0131139999999999,0.0871074447283063,0.0332945,2.9707327313058034,3366.172895534914,82.1038081852399,379.587236221021,1.0
Llama2-7B,20,10,2,32,32,3840,0.068449,0.0064004447283063,0.013554,0.0884034447283063,0.0332945,3.012204731305803,3319.827465932224,82.33948255753147,375.9162047543218,1.0
Llama2-7B,20,10,2,32,32,3968,0.069305,0.0064004447283063,0.013994,0.0896994447283063,0.0332945,3.053676731305804,3274.740871383537,82.57515950902297,372.33586821397705,1.0
Llama2-7B,20,10,2,32,32,4096,0.070161,0.0064004447283063,0.0144339999999999,0.0909954447283063,0.0332945,3.0951487313058035,3230.862510371554,82.81083903971451,368.8429070268495,1.0
Llama2-7B,20,20,1,32,32,128,0.059077,0.0049699332536969,0.000794,0.0648409332536969,0.0623185,2.287228364118304,8744.20775544629,66.69029457183284,705.5441899113956,1.0
Llama2-7B,20,20,1,32,32,256,0.059933,0.0049699332536969,0.001234,0.0661369332536969,0.0623185,2.3287003641183035,8588.481501600329,66.92532026013349,697.9180945820069,1.0
Llama2-7B,20,20,1,32,32,384,0.060789,0.0049699332536969,0.001674,0.0674329332536969,0.0623185,2.3701723641183032,8438.204876057585,66.87307269804715,687.5531829159793,1.0
Llama2-7B,20,20,1,32,32,512,0.061645,0.0049699332536969,0.002114,0.0687289332536969,0.0623185,2.4116443641183034,8293.096734149687,67.39537937433471,683.3013562974968,1.0
Llama2-7B,20,20,1,32,32,640,0.064309,0.0049699332536969,0.002554,0.071832933253697,0.0623185,2.510972364118304,7965.041864179476,68.78970290059826,668.5466157594414,1.0
Llama2-7B,20,20,1,32,32,768,0.065165,0.0049699332536969,0.002994,0.0731289332536969,0.0623185,2.5524443641183034,7835.626226042597,69.02472858889888,662.0188040828942,1.0
Llama2-7B,20,20,1,32,32,896,0.066021,0.0049699332536969,0.003434,0.0744249332536969,0.0623185,2.593916364118304,7710.348828767341,68.97413938251191,652.9564398308104,1.0
Llama2-7B,20,20,1,32,32,1024,0.066877,0.0049699332536969,0.003874,0.075720933253697,0.0623185,2.635388364118304,7589.014307077737,69.4947877031001,649.4645739856387,1.0
Llama2-7B,20,20,1,32,32,1152,0.070303,0.0049699332536969,0.004314,0.0795869332536969,0.0623185,2.759100364118304,7248.739574716843,71.49918991617194,635.6342360583113,1.0
Llama2-7B,20,20,1,32,32,1280,0.071159,0.0049699332536969,0.004754,0.0808829332536969,0.0623185,2.800572364118304,7141.397328719462,71.73421560447257,630.0522035553525,1.0
Llama2-7B,20,20,1,32,32,1408,0.072015,0.0049699332536969,0.005194,0.0821789332536969,0.0623185,2.8420443641183035,7037.187825955934,71.68362639808562,622.1240921863986,1.0
Llama2-7B,20,20,1,32,32,1536,0.072871,0.0049699332536969,0.005634,0.083474933253697,0.0623185,2.883516364118304,6935.975896955044,72.2042747186738,619.2816305412459,1.0
Llama2-7B,20,20,1,32,32,1664,0.075535,0.0049699332536969,0.006074,0.0865789332536969,0.0623185,2.982844364118304,6705.009567574869,73.59859824493736,608.9776117440372,1.0
Llama2-7B,20,20,1,32,32,1792,0.076391,0.0049699332536969,0.006514,0.087874933253697,0.0623185,3.024316364118304,6613.06476970729,73.83362393323799,604.0765922461248,1.0
Llama2-7B,20,20,1,32,32,1920,0.077247,0.0049699332536969,0.006954,0.0891709332536969,0.0623185,3.0657883641183035,6523.607511228794,73.78303472685104,596.9733025785065,1.0
Llama2-7B,20,20,1,32,32,2048,0.078103,0.0049699332536969,0.007394,0.090466933253697,0.0623185,3.107260364118304,6436.538190025499,74.30368304743922,594.5969028673611,1.0
Llama2-7B,20,20,1,32,32,2176,0.081493,0.0049699332536969,0.007834,0.0942969332536969,0.0623185,3.229820364118303,6192.29484778474,76.24639565381939,584.7618480561166,1.0
Llama2-7B,20,20,1,32,32,2304,0.082349,0.0049699332536969,0.008274,0.095592933253697,0.0623185,3.271292364118304,6113.791668202211,76.48142134211999,580.46713789876,1.0
Llama2-7B,20,20,1,32,32,2432,0.083205,0.0049699332536969,0.008714,0.0968889332536969,0.0623185,3.312764364118304,6037.254027671547,76.43083213573306,574.1153787011975,1.0
Llama2-7B,20,20,1,32,32,2560,0.084061,0.0049699332536969,0.0091539999999999,0.0981849332536969,0.0623185,3.354236364118304,5962.609020028681,76.95148045632125,572.1401754107229,1.0
Llama2-7B,20,20,1,32,32,2688,0.086725,0.0049699332536969,0.009594,0.1012889332536969,0.0623185,3.453564364118304,5791.118361017143,78.3458039825848,564.6137502348284,1.0
Llama2-7B,20,20,1,32,32,2816,0.087581,0.0049699332536969,0.010034,0.102584933253697,0.0623185,3.495036364118304,5722.401118720669,78.58082967088546,560.7725253685545,1.0
Llama2-7B,20,20,1,32,32,2944,0.088437,0.0049699332536969,0.0104739999999999,0.1038809332536969,0.0623185,3.5365083641183035,5655.295546002831,78.53024046449843,554.987169287872,1.0
Llama2-7B,20,20,1,32,32,3072,0.089293,0.0049699332536969,0.010914,0.1051769332536969,0.0623185,3.5779803641183032,5589.745600777902,79.05088878508664,553.3110713121876,1.0
Llama2-7B,20,20,1,32,32,3200,0.092683,0.0049699332536969,0.011354,0.109006933253697,0.0623185,3.700540364118304,5404.616091727249,80.99360139146684,546.173525562042,1.0
Llama2-7B,20,20,1,32,32,3328,0.093539,0.0049699332536969,0.0117939999999999,0.1103029332536969,0.0623185,3.742012364118304,5344.717775862406,81.22862707976745,542.7457202327867,1.0
Llama2-7B,20,20,1,32,32,3456,0.094395,0.0049699332536969,0.012234,0.1115989332536969,0.0623185,3.783484364118304,5286.132589756524,81.17803787338046,537.4889948711563,1.0
Llama2-7B,20,20,1,32,32,3584,0.095251,0.0049699332536969,0.012674,0.112894933253697,0.0623185,3.824956364118304,5228.817820673421,81.69868619396867,536.074989986776,1.0
Llama2-7B,20,20,1,32,32,3712,0.097915,0.0049699332536969,0.0131139999999999,0.1159989332536969,0.0623185,3.924284364118304,5096.470628599194,83.09300972023219,530.3899410217548,1.0
Llama2-7B,20,20,1,32,32,3840,0.098771,0.0049699332536969,0.013554,0.1172949332536969,0.0623185,3.9657563641183033,5043.174154861767,83.32803540853281,527.2804986315115,1.0
Llama2-7B,20,20,1,32,32,3968,0.099627,0.0049699332536969,0.013994,0.1185909332536969,0.0623185,4.007228364118304,4990.980843289306,83.27744620214588,522.4327127820889,1.0
Llama2-7B,20,20,1,32,32,4096,0.100483,0.0049699332536969,0.0144339999999999,0.119886933253697,0.0623185,4.048700364118304,4939.856793861665,83.79809452273405,521.2205952918283,1.0
Llama2-7B,20,32,1,32,16,128,0.108708,0.0005461428179059,0.001588,0.1108421428179059,0.12064,3.817588570172991,8382.254769415853,62.95161343817459,579.0890591140909,0.8
Llama2-7B,20,32,1,32,16,256,0.110404,0.0005461428179059,0.002468,0.1134181428179059,0.12064,3.900020570172991,8205.08492820093,63.18222982677289,572.2820715442638,0.8
Llama2-7B,20,32,1,32,16,384,0.113908,0.0005461428179059,0.003348,0.1178021428179059,0.12064,4.040308570172991,7920.187145168934,63.992479981552655,561.7909188253034,0.8
Llama2-7B,20,32,1,32,16,512,0.115604,0.0005461428179059,0.004228,0.1203781428179059,0.12064,4.122740570172991,7761.827225198716,64.22309637015097,555.543894416724,0.8
Llama2-7B,20,32,1,32,16,640,0.119108,0.0005461428179059,0.005108,0.1247621428179059,0.12064,4.263028570172992,7506.40054910574,65.03334652493072,546.0031779975376,0.8
Llama2-7B,20,32,1,32,16,768,0.120804,0.0005461428179059,0.005988,0.1273381428179059,0.12064,4.345460570172991,7364.006526637542,65.263962913529,540.2467046913101,0.8
Llama2-7B,20,32,1,32,16,896,0.124308,0.0005461428179059,0.006868,0.1317221428179059,0.12064,4.485748570172992,7133.703438658385,66.07421306830878,531.5362894448368,0.8
Llama2-7B,20,32,1,32,16,1024,0.126004,0.0005461428179059,0.007748,0.1342981428179059,0.12064,4.568180570172991,7004.97703810955,66.30482945690709,526.2121000675144,0.8
Llama2-7B,20,32,1,32,16,1152,0.1308945,0.0005461428179059,0.008628,0.1400686428179059,0.12064,4.752836570172991,6732.821448315713,67.65178416272518,516.8420687097254,0.8
Llama2-7B,20,32,1,32,16,1280,0.1325905,0.0005461428179059,0.009508,0.1426446428179059,0.12064,4.835268570172991,6618.039832863956,67.88240055132344,511.97031877339214,0.8
Llama2-7B,20,32,1,32,16,1408,0.1360945,0.0005461428179059,0.010388,0.1470286428179059,0.12064,4.975556570172992,6431.441296804996,68.69265070610324,504.7422982273582,0.8
Llama2-7B,20,32,1,32,16,1536,0.1377905,0.0005461428179059,0.011268,0.1496046428179059,0.12064,5.057988570172991,6326.625605424321,68.92326709470153,500.20333110556606,0.8
Llama2-7B,20,32,1,32,16,1664,0.1412945,0.0005461428179059,0.012148,0.1539886428179059,0.12064,5.198276570172991,6155.886391965307,69.73351724948127,493.5331329208233,0.8
Llama2-7B,20,32,1,32,16,1792,0.1429905,0.0005461428179059,0.013028,0.1565646428179059,0.12064,5.280708570172991,6059.792843094106,69.96413363807957,489.2921812153924,0.8
Llama2-7B,20,32,1,32,16,1920,0.1464945,0.0005461428179059,0.013908,0.1609486428179059,0.12064,5.420996570172991,5902.973666515129,70.77438379285933,483.1197334566097,0.8
Llama2-7B,20,32,1,32,16,2048,0.1481905,0.0005461428179059,0.014788,0.1635246428179059,0.12064,5.503428570172991,5814.557160500065,71.00500018145765,479.14677514049566,0.8
Llama2-7B,20,32,1,32,16,2176,0.1530525,0.0005461428179059,0.015668,0.169266642817906,0.12064,5.687172570172992,5626.69755579909,72.31471218502512,472.48305114274575,0.8
Llama2-7B,20,32,1,32,16,2304,0.1547485,0.0005461428179059,0.016548,0.1718426428179059,0.12064,5.769604570172992,5546.30730941766,72.54532857362345,468.7950356457309,0.8
Llama2-7B,20,32,1,32,16,2432,0.1582525,0.0005461428179059,0.017428,0.1762266428179059,0.12064,5.909892570172991,5414.650032980771,73.35557872840317,463.5350388044623,0.8
Llama2-7B,20,32,1,32,16,2560,0.1599485,0.0005461428179059,0.0183079999999999,0.1788026428179059,0.12064,5.992324570172991,5340.164676539909,73.58619511700145,460.0618018737373,0.8
Llama2-7B,20,32,1,32,16,2688,0.1634525,0.0005461428179059,0.019188,0.1831866428179059,0.12064,6.132612570172991,5218.004501969922,74.39644527178123,455.1563620732703,0.8
Llama2-7B,20,32,1,32,16,2816,0.1651485,0.0005461428179059,0.020068,0.1857626428179059,0.12064,6.215044570172991,5148.796543402633,74.62706166037954,451.8785315057632,0.8
Llama2-7B,20,32,1,32,16,2944,0.1686525,0.0005461428179059,0.0209479999999999,0.1901466428179059,0.12064,6.355332570172991,5035.141693478516,75.43731181515928,447.2943586081396,0.8
Llama2-7B,20,32,1,32,16,3072,0.1703485,0.0005461428179059,0.021828,0.1927226428179059,0.12064,6.437764570172991,4970.669500444332,75.66792820375763,444.19486055795954,0.8
Llama2-7B,20,32,1,32,16,3200,0.1752105,0.0005461428179059,0.022708,0.1984646428179059,0.12064,6.621508570172991,4832.735570885772,76.97764020732505,439.3437619738832,0.8
Llama2-7B,20,32,1,32,16,3328,0.1769065,0.0005461428179059,0.0235879999999999,0.2010406428179059,0.12064,6.703940570172991,4773.312004341688,77.20825659592336,436.4353859011589,0.8
Llama2-7B,20,32,1,32,16,3456,0.1804105,0.0005461428179059,0.024468,0.2054246428179059,0.12064,6.844228570172991,4675.472140053205,78.01850675070311,432.4499225416654,0.8
Llama2-7B,20,32,1,32,16,3584,0.1821065,0.0005461428179059,0.025348,0.2080006428179059,0.12064,6.926660570172992,4619.830822632732,78.24912313930142,429.688798254326,0.8
Llama2-7B,20,32,1,32,16,3712,0.1856105,0.0005461428179059,0.0262279999999999,0.2123846428179059,0.12064,7.066948570172992,4528.121250954098,79.05937329408117,425.94235398364407,0.8
Llama2-7B,20,32,1,32,16,3840,0.1873065,0.0005461428179059,0.027108,0.2149606428179059,0.12064,7.1493805701729904,4475.912239656548,79.28998968267949,423.3168079200642,0.8
Llama2-7B,20,32,1,32,16,3968,0.1908105,0.0005461428179059,0.027988,0.2193446428179059,0.12064,7.28966857017299,4389.774334999789,80.10023983745927,419.7894761423466,0.8
Llama2-7B,20,32,1,32,16,4096,0.1925065,0.0005461428179059,0.0288679999999999,0.2219206428179059,0.12064,7.372100570172991,4340.689562683096,80.33085622605753,417.2890589463604,0.8
Llama2-7B,32,1,32,32,32,128,0.0170995,0.0135444871520996,0.000794,0.0314379871520996,0.0084905,1.1645060888671874,858.7331655541482,290.0534409322433,530.0839222861841,1.0
Llama2-7B,32,1,32,32,32,256,0.0179555,0.0135444871520996,0.001234,0.0327339871520996,0.0084905,1.2059780888671872,829.2024616627415,290.3085758242622,505.2570518508644,1.0
Llama2-7B,32,1,32,32,32,384,0.0188115,0.0135444871520996,0.001674,0.0340299871520996,0.0084905,1.2474500888671871,801.6352789778568,290.56371329548114,482.6896334946064,1.0
Llama2-7B,32,1,32,32,32,512,0.0196675,0.0135444871520996,0.002114,0.0353259871520996,0.0084905,1.2889220888671873,775.8420843566145,290.8188533459002,462.0866488907782,1.0
Llama2-7B,32,1,32,32,32,640,0.0205235,0.0135444871520996,0.002554,0.0366219871520996,0.0084905,1.3303940888671872,751.6569777091288,291.0740185435191,443.2023329103209,1.0
Llama2-7B,32,1,32,32,32,768,0.0213795,0.0135444871520996,0.002994,0.0379179871520996,0.0084905,1.3718660888671874,728.9341198205036,291.329153435538,425.8301665081299,1.0
Llama2-7B,32,1,32,32,32,896,0.0222355,0.0135444871520996,0.003434,0.0392139871520996,0.0084905,1.4133380888671874,707.5447890897186,291.584290906757,409.7955562427718,1.0
Llama2-7B,32,1,32,32,32,1024,0.0230915,0.0135444871520996,0.003874,0.0405099871520996,0.0084905,1.454810088867187,687.3749416864898,291.8394309571757,394.9497528273064,1.0
Llama2-7B,32,1,32,32,32,1152,0.0247095,0.0135444871520996,0.004314,0.0425679871520996,0.0084905,1.5206660888671872,657.60656288781,292.7046748416031,370.18236260547945,1.0
Llama2-7B,32,1,32,32,32,1280,0.0255655,0.0135444871520996,0.004754,0.0438639871520996,0.0084905,1.5621380888671874,640.1482731434888,292.959809733622,358.09955033837343,1.0
Llama2-7B,32,1,32,32,32,1408,0.0264215,0.0135444871520996,0.005194,0.0451599871520996,0.0084905,1.6036100888671874,623.5929836949417,293.2149472048409,346.7996555892466,1.0
Llama2-7B,32,1,32,32,32,1536,0.0272775,0.0135444871520996,0.005634,0.0464559871520996,0.0084905,1.645082088867187,607.8724014852083,293.4700872552599,336.2089717432635,1.0
Llama2-7B,32,1,32,32,32,1664,0.0281335,0.0135444871520996,0.006074,0.0477519871520996,0.0084905,1.6865540888671875,592.9249507032845,293.72525245287886,326.26278774956774,1.0
Llama2-7B,32,1,32,32,32,1792,0.0289895,0.0135444871520996,0.006514,0.0490479871520996,0.0084905,1.7280260888671872,578.6949667267772,293.9803873448977,316.9039515868868,1.0
Llama2-7B,32,1,32,32,32,1920,0.0298455,0.0135444871520996,0.006954,0.0503439871520996,0.0084905,1.7694980888671874,565.132003414702,294.2355248161166,308.08196044642045,1.0
Llama2-7B,32,1,32,32,32,2048,0.0307015,0.0135444871520996,0.007394,0.0516399871520996,0.0084905,1.8109700888671876,552.1902355800521,294.49066486653544,299.75191039783846,1.0
Llama2-7B,32,1,32,32,32,2176,0.0322835,0.0135444871520996,0.007834,0.0536619871520996,0.0084905,1.8756740888671877,533.1416614087523,295.2942191442711,285.8408892548352,1.0
Llama2-7B,32,1,32,32,32,2304,0.0331395,0.0135444871520996,0.008274,0.0549579871520996,0.0084905,1.9171460888671876,521.6086587281853,295.5493540362901,278.69814914630774,1.0
Llama2-7B,32,1,32,32,32,2432,0.0339955,0.0135444871520996,0.008714,0.0562539871520996,0.0084905,1.9586180888671871,510.5640582429082,295.804491507509,271.91511698929725,1.0
Llama2-7B,32,1,32,32,32,2560,0.0348515,0.0135444871520996,0.0091539999999999,0.0575499871520996,0.0084905,2.0000900888671875,499.9774787976579,296.05963155792784,265.4652880416982,1.0
Llama2-7B,32,1,32,32,32,2688,0.0357075,0.0135444871520996,0.009594,0.0588459871520996,0.0084905,2.0415620888671877,489.8210078709267,296.3147967555467,259.32471885768643,1.0
Llama2-7B,32,1,32,32,32,2816,0.0365635,0.0135444871520996,0.010034,0.0601419871520996,0.0084905,2.0830340888671874,480.0689558296322,296.5699316475658,253.47164150003223,1.0
Llama2-7B,32,1,32,32,32,2944,0.0374195,0.0135444871520996,0.0104739999999999,0.0614379871520996,0.0084905,2.124506088867188,470.6976389666231,296.8250691187846,247.88635363813037,1.0
Llama2-7B,32,1,32,32,32,3072,0.0382755,0.0135444871520996,0.010914,0.0627339871520996,0.0084905,2.165978088867188,461.685187463278,297.0802091692036,242.5508885981271,1.0
Llama2-7B,32,1,32,32,32,3200,0.0398575,0.0135444871520996,0.011354,0.0647559871520996,0.0084905,2.230682088867188,448.29337402705926,297.8837634469391,233.5537253394429,1.0
Llama2-7B,32,1,32,32,32,3328,0.0407135,0.0135444871520996,0.0117939999999999,0.0660519871520996,0.0084905,2.2721540888671874,440.1109963887015,298.13889833895803,228.83909693572,1.0
Llama2-7B,32,1,32,32,32,3456,0.0415695,0.0135444871520996,0.012234,0.0673479871520996,0.0084905,2.313626088867188,432.2219587736523,298.39403581017694,224.31863792126495,1.0
Llama2-7B,32,1,32,32,32,3584,0.0424255,0.0135444871520996,0.012674,0.0686439871520996,0.0084905,2.355098088867188,424.6107645057809,298.6491758605959,219.9805952939534,1.0
Llama2-7B,32,1,32,32,32,3712,0.0432815,0.0135444871520996,0.0131139999999999,0.0699399871520996,0.0084905,2.3965700888671875,417.2629895721851,298.90434105821487,215.81416212629443,1.0
Llama2-7B,32,1,32,32,32,3840,0.0441375,0.0135444871520996,0.013554,0.0712359871520996,0.0084905,2.438042088867188,410.1651913911954,299.15947595023374,211.80931460650925,1.0
Llama2-7B,32,1,32,32,32,3968,0.0449935,0.0135444871520996,0.013994,0.0725319871520996,0.0084905,2.4795140888671874,403.3048267359791,299.4146134214526,207.95685308812148,1.0
Llama2-7B,32,1,32,32,32,4096,0.0458495,0.0135444871520996,0.0144339999999999,0.0738279871520996,0.0084905,2.520986088867188,396.670177759431,299.6697534718716,204.2482425325464,1.0
Llama2-7B,32,2,16,32,32,128,0.0180575,0.0122182838058471,0.000794,0.0310697838058471,0.0094145,1.1536475817871092,1733.6316840380412,166.40737652246025,575.9635072769632,1.0
Llama2-7B,32,2,16,32,32,256,0.0189135,0.0122182838058471,0.001234,0.0323657838058471,0.0094145,1.1951195817871094,1673.4727055591552,166.65213247062457,550.7049609757071,1.0
Llama2-7B,32,2,16,32,32,384,0.0197695,0.0122182838058471,0.001674,0.0336617838058471,0.0094145,1.2365915817871094,1617.3488720581622,166.8968909979889,527.6337634929715,1.0
Llama2-7B,32,2,16,32,32,512,0.0206255,0.0122182838058471,0.002114,0.0349577838058471,0.0094145,1.278063581787109,1564.8673731892204,167.14165210455326,506.4775766180006,1.0
Llama2-7B,32,2,16,32,32,640,0.0214815,0.0122182838058471,0.002554,0.0362537838058471,0.0094145,1.3195355817871093,1515.6847815284418,167.38643835831746,487.0075365963663,1.0
Llama2-7B,32,2,16,32,32,768,0.0223375,0.0122182838058471,0.002994,0.0375497838058471,0.0094145,1.3610075817871097,1469.4995287049346,167.63119430648177,469.029642715394,1.0
Llama2-7B,32,2,16,32,32,896,0.0231935,0.0122182838058471,0.003434,0.0388457838058471,0.0094145,1.4024795817871094,1426.045716438524,167.87595283384613,452.3787721609668,1.0
Llama2-7B,32,2,16,32,32,1024,0.0240495,0.0122182838058471,0.003874,0.0401417838058471,0.0094145,1.4439515817871094,1385.0879941034425,168.12071394041044,436.91322569182944,1.0
Llama2-7B,32,2,16,32,32,1152,0.0256675,0.0122182838058471,0.004314,0.0421997838058471,0.0094145,1.5098075817871093,1324.672113271988,168.97557888098308,411.45314814693467,1.0
Llama2-7B,32,2,16,32,32,1280,0.0265235,0.0122182838058471,0.004754,0.0434957838058471,0.0094145,1.5512795817871097,1289.2582507248335,169.2203348291474,398.7509539397784,1.0
Llama2-7B,32,2,16,32,32,1408,0.0273795,0.0122182838058471,0.005194,0.0447917838058471,0.0094145,1.5927515817871094,1255.6885975626828,169.46509335651174,386.8430152041484,1.0
Llama2-7B,32,2,16,32,32,1536,0.0282355,0.0122182838058471,0.005634,0.0460877838058471,0.0094145,1.6342235817871094,1223.8227512375602,169.70985446307603,375.6570949316376,1.0
Llama2-7B,32,2,16,32,32,1664,0.0290915,0.0122182838058471,0.006074,0.0473837838058471,0.0094145,1.6756955817871095,1193.5342085625264,169.95464071684032,365.1295067219813,1.0
Llama2-7B,32,2,16,32,32,1792,0.0299475,0.0122182838058471,0.006514,0.0486797838058471,0.0094145,1.7171675817871093,1164.7086872665848,170.19939666500466,355.20368283037953,1.0
Llama2-7B,32,2,16,32,32,1920,0.0308035,0.0122182838058471,0.006954,0.0499757838058471,0.0094145,1.7586395817871094,1137.2426850347715,170.44415519236892,345.8295226036996,1.0
Llama2-7B,32,2,16,32,32,2048,0.0316595,0.0122182838058471,0.007394,0.0512717838058471,0.0094145,1.8001115817871094,1111.0422377341995,170.68891629893324,336.96227889522345,1.0
Llama2-7B,32,2,16,32,32,2176,0.0332415,0.0122182838058471,0.007834,0.0532937838058471,0.0094145,1.8648155817871093,1072.492111034025,171.48209163281425,322.4171811455827,1.0
Llama2-7B,32,2,16,32,32,2304,0.0340975,0.0122182838058471,0.008274,0.0545897838058471,0.0094145,1.9062875817871092,1049.1596436488544,171.72684758097853,314.77169803684006,1.0
Llama2-7B,32,2,16,32,32,2432,0.0349535,0.0122182838058471,0.008714,0.0558857838058471,0.0094145,1.9477595817871087,1026.8207733137983,171.97160610834283,307.5006903964245,1.0
Llama2-7B,32,2,16,32,32,2560,0.0358095,0.0122182838058471,0.0091539999999999,0.0571817838058471,0.0094145,1.9892315817871091,1005.413355745748,172.21636721490717,300.57730353486363,1.0
Llama2-7B,32,2,16,32,32,2688,0.0366655,0.0122182838058471,0.009594,0.0584777838058471,0.0094145,2.030703581787109,984.8803232227084,172.46115346867154,293.9772290516145,1.0
Llama2-7B,32,2,16,32,32,2816,0.0375215,0.0122182838058471,0.010034,0.0597737838058471,0.0094145,2.0721755817871093,965.1691765787228,172.70590941683577,287.67824683320856,1.0
Llama2-7B,32,2,16,32,32,2944,0.0383775,0.0122182838058471,0.0104739999999999,0.0610697838058471,0.0094145,2.113647581787109,946.2315370043764,172.9506679442001,281.66026308416394,1.0
Llama2-7B,32,2,16,32,32,3072,0.0392335,0.0122182838058471,0.010914,0.0623657838058471,0.0094145,2.155119581787109,928.0227495968098,173.19542905076446,275.9048852555284,1.0
Llama2-7B,32,2,16,32,32,3200,0.0408155,0.0122182838058471,0.011354,0.0643877838058471,0.0094145,2.219823581787109,900.9724990802484,173.98860438464536,266.4254455792611,1.0
Llama2-7B,32,2,16,32,32,3328,0.0416715,0.0122182838058471,0.0117939999999999,0.0656837838058471,0.0094145,2.261295581787109,884.4487275827044,174.2333603328097,261.3197274108348,1.0
Llama2-7B,32,2,16,32,32,3456,0.0425275,0.0122182838058471,0.012234,0.0669797838058471,0.0094145,2.3027675817871094,868.5201302199415,174.47811886017396,256.4195503794221,1.0
Llama2-7B,32,2,16,32,32,3584,0.0433835,0.0122182838058471,0.012674,0.0682757838058471,0.0094145,2.3442395817871096,853.1551192712642,174.7228799667383,251.7127478862044,1.0
Llama2-7B,32,2,16,32,32,3712,0.0442395,0.0122182838058471,0.0131139999999999,0.0695717838058471,0.0094145,2.3857115817871093,838.3243034356327,174.96766622050262,247.18812687262312,1.0
Llama2-7B,32,2,16,32,32,3840,0.0450955,0.0122182838058471,0.013554,0.0708677838058471,0.0094145,2.427183581787109,824.0003001863673,175.2124221686669,242.8352360111693,1.0
Llama2-7B,32,2,16,32,32,3968,0.0459515,0.0122182838058471,0.013994,0.0721637838058471,0.0094145,2.4686555817871096,810.157567039854,175.4571806960312,238.64452288830512,1.0
Llama2-7B,32,2,16,32,32,4096,0.0468075,0.0122182838058471,0.0144339999999999,0.0734597838058471,0.0094145,2.5101275817871094,796.7722495507901,175.70194180259557,234.6070899463168,1.0
Llama2-7B,32,4,8,32,32,128,0.0190155,0.0117712489700317,0.000794,0.0315807489700317,0.0112625,1.1718464670410156,3413.41644362358,94.83736129080184,623.4214278536053,1.0
Llama2-7B,32,4,8,32,32,256,0.0198715,0.0117712489700317,0.001234,0.0328767489700317,0.0112625,1.213318467041015,3296.743689853344,95.07692776703884,598.0734202692224,1.0
Llama2-7B,32,4,8,32,32,384,0.0207275,0.0117712489700317,0.001674,0.0341727489700317,0.0112625,1.2547904670410155,3187.7832236266518,95.31649682247588,574.8190617686398,1.0
Llama2-7B,32,4,8,32,32,512,0.0215835,0.0117712489700317,0.002114,0.0354687489700317,0.0112625,1.2962624670410154,3085.794815251281,95.55606845711289,553.4092504523877,1.0
Llama2-7B,32,4,8,32,32,640,0.0224395,0.0117712489700317,0.002554,0.0367647489700317,0.0112625,1.3377344670410154,2990.130028456057,95.79566523894988,533.6330201149196,1.0
Llama2-7B,32,4,8,32,32,768,0.0232955,0.0117712489700317,0.002994,0.0380607489700317,0.0112625,1.3792064670410156,2900.2184194957417,96.0352317151869,515.3099939644293,1.0
Llama2-7B,32,4,8,32,32,896,0.0241515,0.0117712489700317,0.003434,0.0393567489700317,0.0112625,1.4206784670410155,2815.5561534843187,96.2748007706239,498.2858247449636,1.0
Llama2-7B,32,4,8,32,32,1024,0.0250075,0.0117712489700317,0.003874,0.0406527489700317,0.0112625,1.4621504670410157,2735.6965580258534,96.51437240526089,482.42713388613873,1.0
Llama2-7B,32,4,8,32,32,1152,0.0266255,0.0117712489700317,0.004314,0.0427107489700317,0.0112625,1.5280064670410154,2617.789967699548,97.36404787390626,457.0996219503213,1.0
Llama2-7B,32,4,8,32,32,1280,0.0274815,0.0117712489700317,0.004754,0.0440067489700317,0.0112625,1.5694784670410156,2548.6173171533337,97.60361435014322,443.9514507493371,1.0
Llama2-7B,32,4,8,32,32,1408,0.0283375,0.0117712489700317,0.005194,0.0453027489700317,0.0112625,1.6109504670410155,2483.00620151728,97.84318340558023,431.597633019763,1.0
Llama2-7B,32,4,8,32,32,1536,0.0291935,0.0117712489700317,0.005634,0.0465987489700317,0.0112625,1.6524224670410157,2420.68846180891,98.08275504021726,419.9682936279364,1.0
Llama2-7B,32,4,8,32,32,1664,0.0300495,0.0117712489700317,0.006074,0.0478947489700317,0.0112625,1.6938944670410157,2361.422200632966,98.32235182205426,409.0016132633415,1.0
Llama2-7B,32,4,8,32,32,1792,0.0309055,0.0117712489700317,0.006514,0.0491907489700317,0.0112625,1.7353664670410154,2304.9886441682984,98.56191829829127,398.642305974225,1.0
Llama2-7B,32,4,8,32,32,1920,0.0317615,0.0117712489700317,0.006954,0.0504867489700317,0.0112625,1.7768384670410151,2251.189443608363,98.80148735372828,388.84139348632897,1.0
Llama2-7B,32,4,8,32,32,2048,0.0326175,0.0117712489700317,0.007394,0.0517827489700317,0.0112625,1.8183104670410155,2199.844345893969,99.04105898836532,379.5549129622339,1.0
Llama2-7B,32,4,8,32,32,2176,0.0341995,0.0117712489700317,0.007834,0.0538047489700317,0.0112625,1.883014467041016,2124.2534616771336,99.82904485031892,364.8775744174585,1.0
Llama2-7B,32,4,8,32,32,2304,0.0350555,0.0117712489700317,0.008274,0.0551007489700317,0.0112625,1.924486467041016,2078.4765538778665,100.06861132655597,356.8220797255635,1.0
Llama2-7B,32,4,8,32,32,2432,0.0359115,0.0117712489700317,0.008714,0.0563967489700317,0.0112625,1.9659584670410155,2034.6309787614396,100.30818038199295,349.1506216044754,1.0
Llama2-7B,32,4,8,32,32,2560,0.0367675,0.0117712489700317,0.0091539999999999,0.0576927489700317,0.0112625,2.0074304670410155,1992.597036696401,100.54775201662996,341.8363772918676,1.0
Llama2-7B,32,4,8,32,32,2688,0.0376235,0.0117712489700317,0.009594,0.0589887489700317,0.0112625,2.048902467041016,1952.2647194508584,100.78734879846697,334.8550400629494,1.0
Llama2-7B,32,4,8,32,32,2816,0.0384795,0.0117712489700317,0.010034,0.0602847489700317,0.0112625,2.090374467041016,1913.5327488295025,101.026915274704,328.18421261549656,1.0
Llama2-7B,32,4,8,32,32,2944,0.0393355,0.0117712489700317,0.0104739999999999,0.0615807489700317,0.0112625,2.1318464670410155,1876.3077275222197,101.266484330141,321.80372796246706,1.0
Llama2-7B,32,4,8,32,32,3072,0.0401915,0.0117712489700317,0.010914,0.0628767489700317,0.0112625,2.1733184670410157,1840.5033871754752,101.506055964778,315.69503491029815,1.0
Llama2-7B,32,4,8,32,32,3200,0.0417735,0.0117712489700317,0.011354,0.0648987489700317,0.0112625,2.238022467041016,1787.2921558685557,102.2940418267316,306.09729202344687,1.0
Llama2-7B,32,4,8,32,32,3328,0.0426295,0.0117712489700317,0.0117939999999999,0.0661947489700317,0.0112625,2.2794944670410158,1754.7750423769849,102.53360830296864,300.6533278098751,1.0
Llama2-7B,32,4,8,32,32,3456,0.0434855,0.0117712489700317,0.012234,0.0674907489700317,0.0112625,2.3209664670410155,1723.4199876655578,102.77317735840566,295.4236968598891,1.0
Llama2-7B,32,4,8,32,32,3584,0.0443415,0.0117712489700317,0.012674,0.0687867489700317,0.0112625,2.362438467041016,1693.1657928047755,103.0127489930427,290.3959862460749,1.0
Llama2-7B,32,4,8,32,32,3712,0.0451975,0.0117712489700317,0.0131139999999999,0.0700827489700317,0.0112625,2.4039104670410154,1663.955482054046,103.25234577487969,285.5587858147013,1.0
Llama2-7B,32,4,8,32,32,3840,0.0460535,0.0117712489700317,0.013554,0.0713787489700317,0.0112625,2.445382467041015,1635.735944749828,103.49191225111667,280.90132197095954,1.0
Llama2-7B,32,4,8,32,32,3968,0.0469095,0.0117712489700317,0.013994,0.0726747489700317,0.0112625,2.4868544670410158,1608.4576130260657,103.73148130655368,276.41384289577184,1.0
Llama2-7B,32,4,8,32,32,4096,0.0477655,0.0117712489700317,0.0144339999999999,0.0739707489700317,0.0112625,2.5283264670410155,1582.0741712526285,103.97105294119072,272.0872097570179,1.0
Llama2-7B,32,8,4,32,32,128,0.024992,0.0108324758148193,0.000794,0.0366184758148193,0.0186065,1.3403977260742186,5968.377776520516,80.11694836522622,801.4259399530472,1.0
Llama2-7B,32,8,4,32,32,256,0.025848,0.0108324758148193,0.001234,0.0379144758148193,0.0186065,1.3818697260742183,5789.2577346834,80.3539201054996,777.177345495779,1.0
Llama2-7B,32,8,4,32,32,384,0.026704,0.0108324758148193,0.001674,0.0392104758148193,0.0186065,1.4233417260742187,5620.575757351786,80.5908944249729,754.4833585321761,1.0
Llama2-7B,32,8,4,32,32,512,0.02756,0.0108324758148193,0.002114,0.0405064758148193,0.0186065,1.4648137260742184,5461.44527293613,80.82787132364628,733.1991230374302,1.0
Llama2-7B,32,8,4,32,32,640,0.028416,0.0108324758148193,0.002554,0.0418024758148193,0.0186065,1.5062857260742186,5311.077348419233,81.06487336951963,713.197436035329,1.0
Llama2-7B,32,8,4,32,32,768,0.029272,0.0108324758148193,0.002994,0.0430984758148193,0.0186065,1.5477577260742186,5168.767608281596,81.301845109793,694.3653073738813,1.0
Llama2-7B,32,8,4,32,32,896,0.030128,0.0108324758148193,0.003434,0.0443944758148193,0.0186065,1.5892297260742183,5033.885201582488,81.53881942926633,676.6033210739706,1.0
Llama2-7B,32,8,4,32,32,1024,0.030984,0.0108324758148193,0.003874,0.0456904758148193,0.0186065,1.6307017260742187,4905.8634525759335,81.77579632793973,659.8227821451369,1.0
Llama2-7B,32,8,4,32,32,1152,0.032602,0.0108324758148193,0.004314,0.0477484758148193,0.0186065,1.6965577260742186,4715.430472567385,82.62287706062138,633.572150946425,1.0
Llama2-7B,32,8,4,32,32,1280,0.033458,0.0108324758148193,0.004754,0.0490444758148193,0.0186065,1.7380297260742186,4602.913218331444,82.85984880089472,619.1333074368963,1.0
Llama2-7B,32,8,4,32,32,1408,0.034314,0.0108324758148193,0.005194,0.0503404758148193,0.0186065,1.7795017260742183,4495.640483389079,83.09682312036809,605.4148679865953,1.0
Llama2-7B,32,8,4,32,32,1536,0.03517,0.0108324758148193,0.005634,0.0516364758148193,0.0186065,1.8209737260742187,4393.253941805604,83.33380001904146,592.3642310139426,1.0
Llama2-7B,32,8,4,32,32,1664,0.036026,0.0108324758148193,0.006074,0.0529324758148193,0.0186065,1.8624457260742189,4295.427183729486,83.57080206491482,579.9339509306805,1.0
Llama2-7B,32,8,4,32,32,1792,0.036882,0.0108324758148193,0.006514,0.0542284758148193,0.0186065,1.9039177260742184,4201.862239339298,83.80777380518818,568.0804579821333,1.0
Llama2-7B,32,8,4,32,32,1920,0.037738,0.0108324758148193,0.006954,0.0555244758148193,0.0186065,1.9453897260742188,4112.286547407618,84.04474812466155,556.7647207368005,1.0
Llama2-7B,32,8,4,32,32,2048,0.038594,0.0108324758148193,0.007394,0.0568204758148193,0.0186065,1.9868617260742183,4026.4503035180833,84.28172502333489,545.9509575538609,1.0
Llama2-7B,32,8,4,32,32,2176,0.041984,0.0108324758148193,0.007834,0.0606504758148193,0.0186065,2.1094217260742187,3792.508582382224,86.22638368168779,513.4478830130988,1.0
Llama2-7B,32,8,4,32,32,2304,0.04284,0.0108324758148193,0.008274,0.0619464758148193,0.0186065,2.150893726074219,3719.384134613423,86.46335542196114,504.5714018555156,1.0
Llama2-7B,32,8,4,32,32,2432,0.043696,0.0108324758148193,0.008714,0.0632424758148193,0.0186065,2.192365726074218,3649.026211664638,86.7003297414345,496.0427141010304,1.0
Llama2-7B,32,8,4,32,32,2560,0.044552,0.0108324758148193,0.0091539999999999,0.0645384758148193,0.0186065,2.233837726074219,3581.280728953989,86.93730664010788,487.8417727605263,1.0
Llama2-7B,32,8,4,32,32,2688,0.045408,0.0108324758148193,0.009594,0.0658344758148193,0.0186065,2.275309726074219,3516.00483587923,87.17430868598123,479.9501667436424,1.0
Llama2-7B,32,8,4,32,32,2816,0.046264,0.0108324758148193,0.010034,0.0671304758148193,0.0186065,2.3167817260742187,3453.065910337605,87.41128042625459,472.3504259589237,1.0
Llama2-7B,32,8,4,32,32,2944,0.04712,0.0108324758148193,0.0104739999999999,0.0684264758148193,0.0186065,2.358253726074219,3392.3406593393097,87.64825474572794,465.026818472665,1.0
Llama2-7B,32,8,4,32,32,3072,0.047976,0.0108324758148193,0.010914,0.0697224758148193,0.0186065,2.399725726074218,3333.714312880011,87.8852316444013,457.96456376313824,1.0
Llama2-7B,32,8,4,32,32,3200,0.049558,0.0108324758148193,0.011354,0.0717444758148193,0.0186065,2.464429726074219,3246.187105827448,88.67062277039125,447.3073104765692,1.0
Llama2-7B,32,8,4,32,32,3328,0.050414,0.0108324758148193,0.0117939999999999,0.0730404758148193,0.0186065,2.5059017260742187,3192.463581775377,88.90759451066465,440.8874246769978,1.0
Llama2-7B,32,8,4,32,32,3456,0.05127,0.0108324758148193,0.012234,0.0743364758148193,0.0186065,2.547373726074219,3140.489327543185,89.14456883013798,434.681923298898,1.0
Llama2-7B,32,8,4,32,32,3584,0.052126,0.0108324758148193,0.012674,0.0756324758148193,0.0186065,2.588845726074219,3090.1802758758326,89.38154572881135,428.6802446418839,1.0
Llama2-7B,32,8,4,32,32,3712,0.052982,0.0108324758148193,0.0131139999999999,0.0769284758148193,0.0186065,2.6303177260742188,3041.4576614438506,89.61854777468471,422.87261605207743,1.0
Llama2-7B,32,8,4,32,32,3840,0.053838,0.0108324758148193,0.013554,0.0782244758148193,0.0186065,2.6717897260742185,2994.247609356131,89.85551951495806,417.2495241045271,1.0
Llama2-7B,32,8,4,32,32,3968,0.054694,0.0108324758148193,0.013994,0.0795204758148193,0.0186065,2.7132617260742187,2948.480761410028,90.09249383443142,411.8024547227824,1.0
Llama2-7B,32,8,4,32,32,4096,0.05555,0.0108324758148193,0.0144339999999999,0.0808164758148193,0.0186065,2.754733726074219,2904.0919361018714,90.3294707331048,406.5232706260341,1.0
Llama2-7B,32,16,2,32,32,128,0.035987,0.0095807782745361,0.000794,0.0463617782745361,0.0332945,1.6668714047851565,9598.820853287269,70.3200000145467,977.019479458509,1.0
Llama2-7B,32,16,2,32,32,256,0.036843,0.0095807782745361,0.001234,0.0476577782745361,0.0332945,1.708343404785156,9365.798442621775,70.55567438683823,957.5180412403744,1.0
Llama2-7B,32,16,2,32,32,384,0.037699,0.0095807782745361,0.001674,0.0489537782745361,0.0332945,1.7498154047851564,9143.821660413654,70.79135133832976,938.9022432734256,1.0
Llama2-7B,32,16,2,32,32,512,0.038555,0.0095807782745361,0.002114,0.0502497782745361,0.0332945,1.791287404785156,8932.12331938381,71.02703086902127,921.1130964728476,1.0
Llama2-7B,32,16,2,32,32,640,0.039411,0.0095807782745361,0.002554,0.0515457782745361,0.0332945,1.832759404785156,8730.005672444271,71.26273554691284,904.0970230000868,1.0
Llama2-7B,32,16,2,32,32,768,0.040267,0.0095807782745361,0.002994,0.0528417782745361,0.0332945,1.874231404785156,8536.832730019316,71.49840991920433,887.8040320759476,1.0
Llama2-7B,32,16,2,32,32,896,0.041123,0.0095807782745361,0.003434,0.0541377782745361,0.0332945,1.915703404785156,8352.02357527489,71.73408687069589,872.1893693394924,1.0
Llama2-7B,32,16,2,32,32,1024,0.041979,0.0095807782745361,0.003874,0.0554337782745361,0.0332945,1.957175404785156,8175.046529238578,71.96976640138739,857.2115391194096,1.0
Llama2-7B,32,16,2,32,32,1152,0.045405,0.0095807782745361,0.004314,0.0592997782745361,0.0332945,2.080887404785156,7689.0272694268815,73.97481729845018,814.61091618159,1.0
Llama2-7B,32,16,2,32,32,1280,0.046261,0.0095807782745361,0.004754,0.0605957782745361,0.0332945,2.122359404785156,7538.779701461384,74.21049167074172,802.0848195104054,1.0
Llama2-7B,32,16,2,32,32,1408,0.047117,0.0095807782745361,0.005194,0.0618917782745361,0.0332945,2.163831404785156,7394.291424284333,74.4461686222332,790.0138869434944,1.0
Llama2-7B,32,16,2,32,32,1536,0.047973,0.0095807782745361,0.005634,0.0631877782745361,0.0332945,2.205303404785156,7255.237517559968,74.68184815292481,778.3737534959748,1.0
Llama2-7B,32,16,2,32,32,1664,0.048829,0.0095807782745361,0.006074,0.0644837782745361,0.0332945,2.246775404785156,7121.317051060551,74.91755283081629,767.1419938030302,1.0
Llama2-7B,32,16,2,32,32,1792,0.049685,0.0095807782745361,0.006514,0.0657797782745361,0.0332945,2.288247404785156,6992.250910693043,75.1532272031078,756.2969427705328,1.0
Llama2-7B,32,16,2,32,32,1920,0.050541,0.0095807782745361,0.006954,0.0670757782745361,0.0332945,2.329719404785156,6867.779856722918,75.38890415459935,745.8192769691871,1.0
Llama2-7B,32,16,2,32,32,2048,0.051397,0.0095807782745361,0.007394,0.0683717782745361,0.0332945,2.371191404785156,6747.662785767266,75.6245836852909,735.6906403612164,1.0
Llama2-7B,32,16,2,32,32,2176,0.054787,0.0095807782745361,0.007834,0.0722017782745361,0.0332945,2.493751404785156,6416.036485953758,77.56794497566199,707.9046578172009,1.0
Llama2-7B,32,16,2,32,32,2304,0.055643,0.0095807782745361,0.008274,0.0734977782745361,0.0332945,2.535223404785156,6311.080897170835,77.80361934795347,699.1321401429967,1.0
Llama2-7B,32,16,2,32,32,2432,0.056499,0.0095807782745361,0.008714,0.0747937782745361,0.0332945,2.576695404785156,6209.503835915784,78.03929629944504,690.625465047568,1.0
Llama2-7B,32,16,2,32,32,2560,0.057355,0.0095807782745361,0.0091539999999999,0.0760897782745361,0.0332945,2.618167404785156,6111.1447536766445,78.2749758301366,682.3727297544816,1.0
Llama2-7B,32,16,2,32,32,2688,0.058211,0.0095807782745361,0.009594,0.0773857782745361,0.0332945,2.659639404785156,6015.853115731857,78.51068050802809,674.362925461065,1.0
Llama2-7B,32,16,2,32,32,2816,0.059067,0.0095807782745361,0.010034,0.0786817782745361,0.0332945,2.701111404785156,5923.487632407603,78.74635488031963,666.5850210804648,1.0
Llama2-7B,32,16,2,32,32,2944,0.059923,0.0095807782745361,0.0104739999999999,0.0799777782745361,0.0332945,2.742583404785156,5833.915560082441,78.9820318318112,659.0293529346928,1.0
Llama2-7B,32,16,2,32,32,3072,0.060779,0.0095807782745361,0.010914,0.0812737782745361,0.0332945,2.784055404785156,5747.012064666404,79.2177113625027,651.6865312238002,1.0
Llama2-7B,32,16,2,32,32,3200,0.064169,0.0095807782745361,0.011354,0.0851037782745361,0.0332945,2.906615404785156,5504.684236400601,81.16107265287377,632.4009463516167,1.0
Llama2-7B,32,16,2,32,32,3328,0.065025,0.0095807782745361,0.0117939999999999,0.0863997782745361,0.0332945,2.948087404785156,5427.247500881343,81.39674702516533,625.8880970793184,1.0
Llama2-7B,32,16,2,32,32,3456,0.065881,0.0095807782745361,0.012234,0.0876957782745361,0.0332945,2.9895594047851555,5351.959213250636,81.63242397665685,619.5445118976403,1.0
Llama2-7B,32,16,2,32,32,3584,0.066737,0.0095807782745361,0.012674,0.0889917782745361,0.0332945,3.031031404785156,5278.731185279192,81.86810350734838,613.3636776252183,1.0
Llama2-7B,32,16,2,32,32,3712,0.067593,0.0095807782745361,0.0131139999999999,0.0902877782745361,0.0332945,3.072503404785156,5207.479990121865,82.1038081852399,607.3395779536337,1.0
Llama2-7B,32,16,2,32,32,3840,0.068449,0.0095807782745361,0.013554,0.0915837782745361,0.0332945,3.113975404785156,5138.126645256499,82.33948255753147,601.465927606915,1.0
Llama2-7B,32,16,2,32,32,3968,0.069305,0.0095807782745361,0.013994,0.0928797782745361,0.0332945,3.155447404785156,5070.596320425561,82.57515950902297,595.7373891423632,1.0
Llama2-7B,32,16,2,32,32,4096,0.070161,0.0095807782745361,0.0144339999999999,0.0941757782745361,0.0332945,3.196919404785156,5004.818068310125,82.81083903971451,590.1486512429591,1.0
Llama2-7B,32,32,1,32,32,128,0.059077,0.0008207499313354,0.000794,0.0606917499313354,0.0623185,2.1544544978027345,14852.947710260703,66.68200426783284,1128.7303733742892,1.0
Llama2-7B,32,32,1,32,32,256,0.059933,0.0008207499313354,0.001234,0.0619877499313354,0.0623185,2.195926497802734,14572.436751421104,66.91702995613349,1116.5306251336235,1.0
Llama2-7B,32,32,1,32,32,384,0.060789,0.0008207499313354,0.001674,0.0632837499313354,0.0623185,2.2373984978027344,14302.324789895947,66.86478239404715,1099.9487143076406,1.0
Llama2-7B,32,32,1,32,32,512,0.061645,0.0008207499313354,0.002114,0.0645797499313354,0.0623185,2.278870497802734,14042.044087566232,67.38708907033471,1093.147685462482,1.0
Llama2-7B,32,32,1,32,32,640,0.064309,0.0008207499313354,0.002554,0.0676837499313354,0.0623185,2.3781984978027344,13455.563120389425,68.78141259659826,1069.5456716260287,1.0
Llama2-7B,32,32,1,32,32,768,0.065165,0.0008207499313354,0.002994,0.0689797499313354,0.0623185,2.419670497802734,13224.941176519163,69.01643828489888,1059.1028663377408,1.0
Llama2-7B,32,32,1,32,32,896,0.066021,0.0008207499313354,0.003434,0.0702757499313354,0.0623185,2.4611424978027343,13002.091519921763,68.96584907851191,1044.604733016948,1.0
Llama2-7B,32,32,1,32,32,1024,0.066877,0.0008207499313354,0.003874,0.0715717499313354,0.0623185,2.5026144978027345,12786.627755931093,69.4864973991001,1039.0193549217236,1.0
Llama2-7B,32,32,1,32,32,1152,0.070303,0.0008207499313354,0.004314,0.0754377499313354,0.0623185,2.6263264978027343,12184.319058111088,71.49089961217194,1016.896855214884,1.0
Llama2-7B,32,32,1,32,32,1280,0.071159,0.0008207499313354,0.004754,0.0767337499313354,0.0623185,2.667798497802734,11994.90892072846,71.72592530047257,1007.967021746688,1.0
Llama2-7B,32,32,1,32,32,1408,0.072015,0.0008207499313354,0.005194,0.0780297499313354,0.0623185,2.709270497802734,11811.297552589363,71.67533609408562,995.2834283702788,1.0
Llama2-7B,32,32,1,32,32,1536,0.072871,0.0008207499313354,0.005634,0.0793257499313354,0.0623185,2.7507424978027344,11633.222675536252,72.1959844146738,990.7368420177274,1.0
Llama2-7B,32,32,1,32,32,1664,0.075535,0.0008207499313354,0.006074,0.0824297499313354,0.0623185,2.8500704978027342,11227.792443966016,73.59030794093736,974.2544243190226,1.0
Llama2-7B,32,32,1,32,32,1792,0.076391,0.0008207499313354,0.006514,0.0837257499313354,0.0623185,2.8915424978027344,11066.75762999043,73.82533362923799,966.414022977026,1.0
Llama2-7B,32,32,1,32,32,1920,0.077247,0.0008207499313354,0.006954,0.0850217499313354,0.0623185,2.933014497802734,10910.276789962263,73.77474442285104,955.0499621066324,1.0
Llama2-7B,32,32,1,32,32,2048,0.078103,0.0008207499313354,0.007394,0.0863177499313354,0.0623185,2.9744864978027343,10758.159441516556,74.29539274343922,951.2488988059258,1.0
Llama2-7B,32,32,1,32,32,2176,0.081493,0.0008207499313354,0.007834,0.0901477499313354,0.0623185,3.0970464978027343,10332.424786874552,76.23810534981939,935.517226630746,1.0
Llama2-7B,32,32,1,32,32,2304,0.082349,0.0008207499313354,0.008274,0.0914437499313354,0.0623185,3.1385184978027345,10195.89338804378,76.47313103811999,928.6467478429614,1.0
Llama2-7B,32,32,1,32,32,2432,0.083205,0.0008207499313354,0.008714,0.0927397499313354,0.0623185,3.1799904978027342,10062.923150905928,76.42254183173306,918.4849688327992,1.0
Llama2-7B,32,32,1,32,32,2560,0.084061,0.0008207499313354,0.0091539999999999,0.0940357499313354,0.0623185,3.221462497802734,9933.376539949251,76.94319015232125,915.3256581806216,1.0
Llama2-7B,32,32,1,32,32,2688,0.086725,0.0008207499313354,0.009594,0.0971397499313354,0.0623185,3.3207904978027343,9636.25980656516,78.3375136785848,903.28640736333,1.0
Llama2-7B,32,32,1,32,32,2816,0.087581,0.0008207499313354,0.010034,0.0984357499313354,0.0623185,3.3622624978027345,9517.40086352932,78.57253936688547,897.1413818851739,1.0
Llama2-7B,32,32,1,32,32,2944,0.088437,0.0008207499313354,0.0104739999999999,0.0997317499313354,0.0623185,3.403734497802734,9401.438337995358,78.52195016049843,887.8857283772455,1.0
Llama2-7B,32,32,1,32,32,3072,0.089293,0.0008207499313354,0.010914,0.1010277499313354,0.0623185,3.4452064978027344,9288.26763226204,79.04259848108664,885.2048702707561,1.0
Llama2-7B,32,32,1,32,32,3200,0.092683,0.0008207499313354,0.011354,0.1048577499313354,0.0623185,3.5677664978027344,8969.196840574547,80.98531108746684,873.7881929530425,1.0
Llama2-7B,32,32,1,32,32,3328,0.093539,0.0008207499313354,0.0117939999999999,0.1061537499313354,0.0623185,3.609238497802734,8866.136172348062,81.22033677576745,868.3045229879243,1.0
Llama2-7B,32,32,1,32,32,3456,0.094395,0.0008207499313354,0.012234,0.1074497499313354,0.0623185,3.6507104978027343,8765.417038480578,81.16974756938046,859.8945661251175,1.0
Llama2-7B,32,32,1,32,32,3584,0.095251,0.0008207499313354,0.012674,0.1087457499313354,0.0623185,3.6921824978027344,8666.960535954984,81.69039588996867,857.632947580274,1.0
Llama2-7B,32,32,1,32,32,3712,0.097915,0.0008207499313354,0.0131139999999999,0.1118497499313354,0.0623185,3.7915104978027343,8439.908057367827,83.08471941623219,848.539237259176,1.0
Llama2-7B,32,32,1,32,32,3840,0.098771,0.0008207499313354,0.013554,0.1131457499313354,0.0623185,3.832982497802734,8348.590169233508,83.31974510453283,843.5648632142312,1.0
Llama2-7B,32,32,1,32,32,3968,0.099627,0.0008207499313354,0.013994,0.1144417499313354,0.0623185,3.8744544978027338,8259.227206861695,83.26915589814588,835.8091270252628,1.0
Llama2-7B,32,32,1,32,32,4096,0.100483,0.0008207499313354,0.0144339999999999,0.1157377499313354,0.0623185,3.9159264978027344,8171.757058758769,83.78980421873405,833.8704479238685,1.0
Llama2-70B,32,1,32,32,32,128,0.037641,0.024571346435546874,0.001559,0.06377134643554688,0.0100555,5.261763214843751,190.05036128933733,1772.2756938970101,588.5456330520607,1.0
Llama2-70B,32,1,32,32,32,256,0.03972,0.024571346435546874,0.002439,0.06673034643554687,0.0100555,5.49848321484375,181.8683373080765,1775.1843652299158,558.655704062788,1.0
Llama2-70B,32,1,32,32,32,384,0.041848,0.024571346435546874,0.003319,0.06973834643554688,0.0100555,5.739123214843751,174.24264344309347,1778.0941409799132,531.1168218851299,1.0
Llama2-70B,32,1,32,32,32,512,0.043976,0.024571346435546874,0.004199,0.07274634643554687,0.0100555,5.97976321484375,167.23070196453085,1781.0039167299112,506.243154427958,1.0
Llama2-70B,32,1,32,32,32,640,0.046153,0.024571346435546874,0.005078999999999999,0.07580334643554687,0.0100555,6.22432321484375,160.6600373218413,1783.9147968970005,483.1524486211623,1.0
Llama2-70B,32,1,32,32,32,768,0.048232,0.024571346435546874,0.005959,0.07876234643554687,0.0100555,6.46104321484375,154.77376744711702,1786.8234682299064,463.080389634969,1.0
Llama2-70B,32,1,32,32,32,896,0.05036,0.024571346435546874,0.006839,0.08177034643554687,0.0100555,6.70168321484375,149.21624432874884,1789.7332439799038,444.2348202888959,1.0
Llama2-70B,32,1,32,32,32,1024,0.052488,0.024571346435546874,0.007718999999999999,0.08477834643554688,0.0100555,6.942323214843751,144.04399925688375,1792.6430197299014,426.9173477104054,1.0
Llama2-70B,32,1,32,32,32,1152,0.0598435,0.024571346435546874,0.008598999999999999,0.09301384643554687,0.0100555,7.6011632148437505,131.55881168913382,1804.7059791262975,376.96365919571423,1.0
Llama2-70B,32,1,32,32,32,1280,0.0619225,0.024571346435546874,0.009479,0.09597284643554688,0.0100555,7.8378832148437505,127.58546824302678,1807.614650459203,364.89455578731537,1.0
Llama2-70B,32,1,32,32,32,1408,0.0640505,0.024571346435546874,0.010359,0.09898084643554686,0.0100555,8.078523214843749,123.78500047664238,1810.5244262092006,353.33924524578276,1.0
Llama2-70B,32,1,32,32,32,1536,0.0661785,0.024571346435546874,0.011238999999999999,0.10198884643554687,0.0100555,8.31916321484375,120.20439726626785,1813.4342019591982,342.52706731778403,1.0
Llama2-70B,32,1,32,32,32,1664,0.0683555,0.024571346435546874,0.012119,0.10504584643554687,0.0100555,8.56372321484375,116.77163949748761,1816.345082126288,332.1505003485982,1.0
Llama2-70B,32,1,32,32,32,1792,0.0704345,0.024571346435546874,0.012999,0.10800484643554686,0.0100555,8.80044321484375,113.63064059243008,1819.2537534591934,322.86268686850786,1.0
Llama2-70B,32,1,32,32,32,1920,0.0725625,0.024571346435546874,0.013878999999999999,0.11101284643554687,0.0100555,9.04108321484375,110.60621567537272,1822.163529209191,313.8955261342275,1.0
Llama2-70B,32,1,32,32,32,2048,0.0746905,0.024571346435546874,0.014759,0.11402084643554687,0.0100555,9.28172321484375,107.73861457113426,1825.073304959189,305.4393304635779,1.0
Llama2-70B,32,1,32,32,32,2176,0.0820175,0.024571346435546874,0.015639,0.12222784643554686,0.0100555,9.93828321484375,100.62100046680165,1836.9500508443318,279.96312537634225,1.0
Llama2-70B,32,1,32,32,32,2304,0.0840965,0.024571346435546874,0.016519000000000002,0.12518684643554687,0.0100555,10.17500321484375,98.28006722800394,1839.8587221772375,273.47433040870277,1.0
Llama2-70B,32,1,32,32,32,2432,0.0862245,0.024571346435546874,0.017399,0.12819484643554688,0.0100555,10.415643214843751,96.00943305881098,1842.7684979272349,267.14688080638854,1.0
Llama2-70B,32,1,32,32,32,2560,0.0883525,0.024571346435546874,0.018279,0.13120284643554686,0.0100555,10.656283214843748,93.84134973130618,1845.6782736772327,261.12422875374676,1.0
Llama2-70B,32,1,32,32,32,2688,0.0905295,0.024571346435546874,0.019159000000000002,0.13425984643554686,0.0100555,10.90084321484375,91.73602264440363,1848.5891538443227,255.24679163205397,1.0
Llama2-70B,32,1,32,32,32,2816,0.0926085,0.024571346435546874,0.020039,0.13721884643554688,0.0100555,11.13756321484375,89.78624683963503,1851.4978251772282,249.90927198599852,1.0
Llama2-70B,32,1,32,32,32,2944,0.0947365,0.024571346435546874,0.020919,0.14022684643554686,0.0100555,11.378203214843749,87.88733872281543,1854.407600927226,244.67966424335205,1.0
Llama2-70B,32,1,32,32,32,3072,0.0968645,0.024571346435546874,0.021799000000000002,0.14323484643554688,0.0100555,11.61884321484375,86.06708787691029,1857.3173766772236,239.6798332564075,1.0
Llama2-70B,32,1,32,32,32,3200,0.1041915,0.024571346435546874,0.022679,0.1514418464355469,0.0100555,12.275403214843752,81.46371915431443,1869.1941225623661,224.24983354716625,1.0
Llama2-70B,32,1,32,32,32,3328,0.1062705,0.024571346435546874,0.023559,0.15440084643554688,0.0100555,12.51212321484375,79.92248660192625,1872.1027938952718,220.20490092444186,1.0
Llama2-70B,32,1,32,32,32,3456,0.1083985,0.024571346435546874,0.024439000000000002,0.15740884643554687,0.0100555,12.75276321484375,78.41437837064493,1875.0125696452692,216.21754102285425,1.0
Llama2-70B,32,1,32,32,32,3584,0.1105265,0.024571346435546874,0.025319,0.16041684643554688,0.0100555,12.99340321484375,76.96213097255331,1877.9223453952677,212.3837208039777,1.0
Llama2-70B,32,1,32,32,32,3712,0.1127035,0.024571346435546874,0.026199,0.16347384643554688,0.0100555,13.23796321484375,75.54032170739818,1880.8332255623573,208.60412781794224,1.0
Llama2-70B,32,1,32,32,32,3840,0.1147825,0.024571346435546874,0.027079000000000002,0.16643284643554687,0.0100555,13.47468321484375,74.21324746977332,1883.7418968952625,205.14254099005322,1.0
Llama2-70B,32,1,32,32,32,3968,0.1169105,0.024571346435546874,0.027959,0.16944084643554688,0.0100555,13.715323214843751,72.91115085918828,1886.6516726452603,201.71965655835663,1.0
Llama2-70B,32,1,32,32,32,4096,0.1190385,0.024571346435546874,0.028839,0.1724488464355469,0.0100555,13.955963214843752,71.65395785339892,1889.5614483952584,198.4191509884678,1.0
Llama2-70B,32,2,16,32,32,128,0.041405,0.023975299987792967,0.001559,0.06693929998779297,0.0119035,5.5170474990234375,362.512738988384,1091.0746985050387,658.7819698738311,1.0
Llama2-70B,32,2,16,32,32,256,0.043484,0.023975299987792967,0.002439,0.06989829998779297,0.0119035,5.7537674990234375,347.5983345415767,1093.9314751186707,628.9275797527087,1.0
Llama2-70B,32,2,16,32,32,384,0.045612,0.023975299987792967,0.003319,0.07290629998779297,0.0119035,5.9944074990234375,333.64431769542267,1096.7893561493954,601.1517561986952,1.0
Llama2-70B,32,2,16,32,32,512,0.04774,0.023975299987792967,0.004199,0.07591429998779296,0.0119035,6.2350474990234375,320.7674039874194,1099.64723718012,575.8521350964182,1.0
Llama2-70B,32,2,16,32,32,640,0.049917,0.023975299987792967,0.005078999999999999,0.07897129998779297,0.0119035,6.479607499023437,308.66067123686526,1102.5062226279365,552.1697130376111,1.0
Llama2-70B,32,2,16,32,32,768,0.051996,0.023975299987792967,0.005959,0.08193029998779297,0.0119035,6.716327499023438,297.7817862947872,1105.362999241569,531.4654008200483,1.0
Llama2-70B,32,2,16,32,32,896,0.054124,0.023975299987792967,0.006839,0.08493829998779297,0.0119035,6.956967499023437,287.4815787598179,1108.2208802722942,511.88977176127685,1.0
Llama2-70B,32,2,16,32,32,1024,0.056252,0.023975299987792967,0.007718999999999999,0.08794629998779298,0.0119035,7.197607499023438,277.87011173801255,1111.0787613030188,493.79522563776345,1.0
Llama2-70B,32,2,16,32,32,1152,0.0636075,0.023975299987792967,0.008598999999999999,0.09618179998779296,0.0119035,7.856447499023437,254.56798384366493,1123.089825980142,441.41407301817463,1.0
Llama2-70B,32,2,16,32,32,1280,0.0656865,0.023975299987792967,0.009479,0.09914079998779296,0.0119035,8.093167499023437,247.1220322872757,1125.946602593774,428.5304448378944,1.0
Llama2-70B,32,2,16,32,32,1408,0.0678145,0.023975299987792967,0.010359,0.10214879998779297,0.0119035,8.33380749902344,239.98634480510393,1128.804483624499,416.13684522649964,1.0
Llama2-70B,32,2,16,32,32,1536,0.0699425,0.023975299987792967,0.011238999999999999,0.10515679998779297,0.0119035,8.574447499023439,233.25118035042888,1131.6623646552232,404.49739595211196,1.0
Llama2-70B,32,2,16,32,32,1664,0.0721195,0.023975299987792967,0.012119,0.10821379998779297,0.0119035,8.819007499023439,226.78288914273713,1134.5213501030403,393.27829162121196,1.0
Llama2-70B,32,2,16,32,32,1792,0.0741985,0.023975299987792967,0.012999,0.11117279998779296,0.0119035,9.055727499023439,220.85470219987053,1137.3781267166726,383.2214016175099,1.0
Llama2-70B,32,2,16,32,32,1920,0.0763265,0.023975299987792967,0.013878999999999999,0.11418079998779297,0.0119035,9.29636749902344,215.13779443530981,1140.2360077473975,373.47317371666344,1.0
Llama2-70B,32,2,16,32,32,2048,0.0784545,0.023975299987792967,0.014759,0.11718879998779295,0.0119035,9.537007499023437,209.70938737384807,1143.093888778122,364.2537677182706,1.0
Llama2-70B,32,2,16,32,32,2176,0.0857815,0.023975299987792967,0.015639,0.12539579998779296,0.0119035,10.193567499023438,196.2021637853091,1154.9187399439918,336.58735856332424,1.0
Llama2-70B,32,2,16,32,32,2304,0.0878605,0.023975299987792967,0.016519000000000002,0.12835479998779295,0.0119035,10.430287499023438,191.74926867425805,1157.7755165576245,329.43572952510635,1.0
Llama2-70B,32,2,16,32,32,2432,0.0899885,0.023975299987792967,0.017399,0.13136279998779296,0.0119035,10.670927499023438,187.42513246229367,1160.6333975883492,322.43936658249356,1.0
Llama2-70B,32,2,16,32,32,2560,0.0921165,0.023975299987792967,0.018279,0.13437079998779297,0.0119035,10.91156749902344,183.2917223101993,1163.4912786190741,315.7662521424158,1.0
Llama2-70B,32,2,16,32,32,2688,0.0942935,0.023975299987792967,0.019159000000000002,0.13742779998779298,0.0119035,11.15612749902344,179.27367719444507,1166.35026406689,309.2340044825175,1.0
Llama2-70B,32,2,16,32,32,2816,0.0963725,0.023975299987792967,0.020039,0.14038679998779297,0.0119035,11.39284749902344,175.54873794031158,1169.2070406805228,303.30411701484417,1.0
Llama2-70B,32,2,16,32,32,2944,0.0985005,0.023975299987792967,0.020919,0.14339479998779298,0.0119035,11.633487499023438,171.9174925118446,1172.0649217112477,297.4768964906896,1.0
Llama2-70B,32,2,16,32,32,3072,0.1006285,0.023975299987792967,0.021799000000000002,0.14640279998779296,0.0119035,11.874127499023437,168.43342806993488,1174.9228027419726,291.8961334865302,1.0
Llama2-70B,32,2,16,32,32,3200,0.1079555,0.023975299987792967,0.022679,0.15460979998779298,0.0119035,12.53068749902344,159.60816197482117,1186.747653907842,274.8233424669984,1.0
Llama2-70B,32,2,16,32,32,3328,0.1100345,0.023975299987792967,0.023559,0.15756879998779297,0.0119035,12.767407499023438,156.64887332475112,1189.6044305214746,270.27987370358267,1.0
Llama2-70B,32,2,16,32,32,3456,0.1121625,0.023975299987792967,0.024439000000000002,0.16057679998779295,0.0119035,13.008047499023437,153.75097609000485,1192.4623115521988,265.7889917646717,1.0
Llama2-70B,32,2,16,32,32,3584,0.1142905,0.023975299987792967,0.025319,0.163584799987793,0.0119035,13.24868749902344,150.9583496589696,1195.3201925829235,261.4653432662653,1.0
Llama2-70B,32,2,16,32,32,3712,0.1164675,0.023975299987792967,0.026199,0.16664179998779297,0.0119035,13.493247499023438,148.22228675081726,1198.17917803074,257.1917440553675,1.0
Llama2-70B,32,2,16,32,32,3840,0.1185465,0.023975299987792967,0.027079000000000002,0.16960079998779296,0.0119035,13.729967499023438,145.66676870445997,1201.0359546443726,253.28372297882544,1.0
Llama2-70B,32,2,16,32,32,3968,0.1206745,0.023975299987792967,0.027959,0.172608799987793,0.0119035,13.97060749902344,143.15769733991897,1203.8938356750973,249.40932750396678,1.0
Llama2-70B,32,2,16,32,32,4096,0.1228025,0.023975299987792967,0.028839,0.17561679998779298,0.0119035,14.21124749902344,140.7335985202872,1206.751716705822,245.669208018123,1.0
Llama2-70B,32,4,8,32,32,128,0.052133,0.022723602447509764,0.001559,0.07641560244750976,0.0192475,6.282495695800781,636.6896522784089,834.6965281656358,800.5452670723304,1.0
Llama2-70B,32,4,8,32,32,256,0.054212,0.022723602447509764,0.002439,0.07937460244750977,0.0192475,6.519215695800781,613.5707402006223,837.5273574196319,772.4556900867261,1.0
Llama2-70B,32,4,8,32,32,384,0.05634,0.022723602447509764,0.003319,0.08238260244750976,0.0192475,6.759855695800781,591.7286078288324,840.3592910907203,745.7927680961308,1.0
Llama2-70B,32,4,8,32,32,512,0.058468,0.022723602447509764,0.004199,0.08539060244750976,0.0192475,7.0004956958007805,571.3881093305127,843.191224761808,721.0706923118701,1.0
Llama2-70B,32,4,8,32,32,640,0.060645,0.022723602447509764,0.005078999999999999,0.08844760244750977,0.0192475,7.245055695800781,552.100655667615,846.0242628499882,697.5218590567962,1.0
Llama2-70B,32,4,8,32,32,768,0.062724,0.022723602447509764,0.005959,0.09140660244750977,0.0192475,7.481775695800781,534.632440564215,848.8550921039842,676.6589280849312,1.0
Llama2-70B,32,4,8,32,32,896,0.064852,0.022723602447509764,0.006839,0.09441460244750977,0.0192475,7.722415695800781,517.9726341557966,851.6870257750725,656.6389824331343,1.0
Llama2-70B,32,4,8,32,32,1024,0.06698,0.022723602447509764,0.007718999999999999,0.09742260244750976,0.0192475,7.963055695800781,502.3197316212858,854.5189594461606,637.8911312676621,1.0
Llama2-70B,32,4,8,32,32,1152,0.0743355,0.022723602447509764,0.008598999999999999,0.10565810244750976,0.0192475,8.62189569580078,463.9350951494536,866.504076763647,582.8332874357787,1.0
Llama2-70B,32,4,8,32,32,1280,0.0764145,0.022723602447509764,0.009479,0.10861710244750976,0.0192475,8.858615695800781,451.5378177987906,869.3349060176428,568.8284985294956,1.0
Llama2-70B,32,4,8,32,32,1408,0.0785425,0.022723602447509764,0.010359,0.11162510244750976,0.0192475,9.099255695800782,439.59639488381026,872.166839688731,555.2196834126308,1.0
Llama2-70B,32,4,8,32,32,1536,0.0806705,0.022723602447509764,0.011238999999999999,0.11463310244750977,0.0192475,9.339895695800783,428.2703073224255,874.9987733598191,542.3288397616346,1.0
Llama2-70B,32,4,8,32,32,1664,0.0828475,0.022723602447509764,0.012119,0.11769010244750977,0.0192475,9.584455695800782,417.3424268372915,877.8318114479994,529.787749448082,1.0
Llama2-70B,32,4,8,32,32,1792,0.0849265,0.022723602447509764,0.012999,0.12064910244750976,0.0192475,9.821175695800783,407.2832137307421,880.6626407019951,518.4851846608507,1.0
Llama2-70B,32,4,8,32,32,1920,0.0870545,0.022723602447509764,0.013878999999999999,0.12365710244750977,0.0192475,10.061815695800782,397.5425629858603,883.4945743730834,507.43762492064343,1.0
Llama2-70B,32,4,8,32,32,2048,0.0891825,0.022723602447509764,0.014759,0.12666510244750975,0.0192475,10.30245569580078,388.2569474800436,886.3265080441713,496.9172808814349,1.0
Llama2-70B,32,4,8,32,32,2176,0.0965095,0.022723602447509764,0.015639,0.13487210244750975,0.0192475,10.95901569580078,364.9962835195774,898.1254118504049,465.3041471826114,1.0
Llama2-70B,32,4,8,32,32,2304,0.0985885,0.022723602447509764,0.016519000000000002,0.13783110244750976,0.0192475,11.195735695800781,357.27888802343665,900.9562411044006,456.9276543939713,1.0
Llama2-70B,32,4,8,32,32,2432,0.1007165,0.022723602447509764,0.017399,0.14083910244750977,0.0192475,11.436375695800782,349.7611574153447,903.788174775489,448.6793002017986,1.0
Llama2-70B,32,4,8,32,32,2560,0.1028445,0.022723602447509764,0.018279,0.14384710244750976,0.0192475,11.677015695800781,342.5532776699492,906.6201084465772,440.77228653286124,1.0
Llama2-70B,32,4,8,32,32,2688,0.1050215,0.022723602447509764,0.019159000000000002,0.1469041024475098,0.0192475,11.921575695800783,335.52611685458214,909.4531465347571,432.9842682378167,1.0
Llama2-70B,32,4,8,32,32,2816,0.1071005,0.022723602447509764,0.020039,0.14986310244750978,0.0192475,12.158295695800783,328.99347902695894,912.2839757887532,425.9008948551843,1.0
Llama2-70B,32,4,8,32,32,2944,0.1092285,0.022723602447509764,0.020919,0.15287110244750976,0.0192475,12.398935695800782,322.6083349520639,915.1159094598412,418.8997878117163,1.0
Llama2-70B,32,4,8,32,32,3072,0.1113565,0.022723602447509764,0.021799000000000002,0.15587910244750977,0.0192475,12.639575695800783,316.46631946109636,917.9478431309293,412.16626022321515,1.0
Llama2-70B,32,4,8,32,32,3200,0.1186835,0.022723602447509764,0.022679,0.16408610244750976,0.0192475,13.296135695800782,300.8392883101584,929.7467469371627,391.691661830483,1.0
Llama2-70B,32,4,8,32,32,3328,0.1207625,0.022723602447509764,0.023559,0.16704510244750975,0.0192475,13.53285569580078,295.57693438209,932.5775761911589,386.12051596777104,1.0
Llama2-70B,32,4,8,32,32,3456,0.1228905,0.022723602447509764,0.024439000000000002,0.17005310244750976,0.0192475,13.773495695800783,290.41283987328694,935.4095098622471,380.5865831216598,1.0
Llama2-70B,32,4,8,32,32,3584,0.1250185,0.022723602447509764,0.025319,0.17306110244750977,0.0192475,14.014135695800782,285.4260931124398,938.2414435333352,375.24104173915657,1.0
Llama2-70B,32,4,8,32,32,3712,0.1271955,0.022723602447509764,0.026199,0.17611810244750975,0.0192475,14.258695695800782,280.53056782592034,941.0744816215149,369.93230170152054,1.0
Llama2-70B,32,4,8,32,32,3840,0.1292745,0.022723602447509764,0.027079000000000002,0.17907710244750974,0.0192475,14.49541569580078,275.9493127995475,943.9053108755112,365.0779198045676,1.0
Llama2-70B,32,4,8,32,32,3968,0.1314025,0.022723602447509764,0.027959,0.18208510244750978,0.0192475,14.736055695800783,271.44305657991293,946.7372445465995,360.24323911135605,1.0
Llama2-70B,32,4,8,32,32,4096,0.1335305,0.022723602447509764,0.028839,0.18509310244750976,0.0192475,14.976695695800782,267.0816100724764,949.5691782176873,355.5626535576843,1.0
Llama2-70B,32,8,4,32,32,128,0.075471,0.02129309097290039,0.001559,0.09832309097290039,0.0339355,8.04978277783203,993.8156371164293,730.756718124671,968.261607935063,1.0
Llama2-70B,32,8,4,32,32,256,0.07755,0.02129309097290039,0.002439,0.10128209097290038,0.0339355,8.28650277783203,965.4253687576767,733.5745736988491,945.937554737394,1.0
Llama2-70B,32,8,4,32,32,384,0.079678,0.02129309097290039,0.003319,0.10429009097290039,0.0339355,8.527142777832031,938.1806084914584,736.3935336901187,924.2118698889515,1.0
Llama2-70B,32,8,4,32,32,512,0.081806,0.02129309097290039,0.004199,0.10729809097290038,0.0339355,8.767782777832032,912.4313640874805,739.2124936813885,903.6164751746678,1.0
Llama2-70B,32,8,4,32,32,640,0.083983,0.02129309097290039,0.005078999999999999,0.11035509097290039,0.0339355,9.012342777832032,887.6715186286383,742.0325580897508,883.5509068379914,1.0
Llama2-70B,32,8,4,32,32,768,0.086062,0.02129309097290039,0.005959,0.11331409097290039,0.0339355,9.249062777832032,864.9525029902748,744.8504136639283,865.4811806185405,1.0
Llama2-70B,32,8,4,32,32,896,0.08819,0.02129309097290039,0.006839,0.11632209097290039,0.0339355,9.489702777832031,843.0190267589855,747.6693736551979,847.7938243057014,1.0
Llama2-70B,32,8,4,32,32,1024,0.090318,0.02129309097290039,0.007718999999999999,0.11933009097290039,0.0339355,9.730342777832032,822.1704191373245,750.4883336464679,830.9399384911844,1.0
Llama2-70B,32,8,4,32,32,1152,0.0976735,0.02129309097290039,0.008598999999999999,0.12756559097290038,0.0339355,10.38918277783203,770.0316926823195,762.4604772841361,780.6216397325135,1.0
Llama2-70B,32,8,4,32,32,1280,0.0997525,0.02129309097290039,0.009479,0.13052459097290037,0.0339355,10.62590277783203,752.8772065080211,765.2783328583138,767.177096171338,1.0
Llama2-70B,32,8,4,32,32,1408,0.1018805,0.02129309097290039,0.010359,0.13353259097290038,0.0339355,10.86654277783203,736.2047123506626,768.0972928495836,753.9198304381937,1.0
Llama2-70B,32,8,4,32,32,1536,0.1040085,0.02129309097290039,0.011238999999999999,0.1365405909729004,0.0339355,11.107182777832032,720.2546460265858,770.9162528408536,741.2050484728206,1.0
Llama2-70B,32,8,4,32,32,1664,0.1061855,0.02129309097290039,0.012119,0.1395975909729004,0.0339355,11.351742777832031,704.737603429722,773.7363172492155,728.6647586056622,1.0
Llama2-70B,32,8,4,32,32,1792,0.1082645,0.02129309097290039,0.012999,0.1425565909729004,0.0339355,11.588462777832033,690.3417781436442,776.5541728233933,717.2749819408884,1.0
Llama2-70B,32,8,4,32,32,1920,0.1103925,0.02129309097290039,0.013878999999999999,0.1455645909729004,0.0339355,11.829102777832032,676.2981225416482,779.3731328146632,706.0018867356597,1.0
Llama2-70B,32,8,4,32,32,2048,0.1125205,0.02129309097290039,0.014759,0.14857259097290038,0.0339355,12.06974277783203,662.8144565510751,782.1920928059329,695.1551875488759,1.0
Llama2-70B,32,8,4,32,32,2176,0.1231555,0.02129309097290039,0.015639,0.16008759097290037,0.0339355,12.99094277783203,615.8136585476566,798.9186381879148,648.7072345026529,1.0
Llama2-70B,32,8,4,32,32,2304,0.1252345,0.02129309097290039,0.016519000000000002,0.1630465909729004,0.0339355,13.227662777832032,604.7931622060274,801.7364937620924,640.1882019428294,1.0
Llama2-70B,32,8,4,32,32,2432,0.1273625,0.02129309097290039,0.017399,0.16605459097290037,0.0339355,13.46830277783203,593.9872404091992,804.5554537533623,631.7051359335456,1.0
Llama2-70B,32,8,4,32,32,2560,0.1294905,0.02129309097290039,0.018279,0.16906259097290038,0.0339355,13.708942777832032,583.5606822238951,807.3744137446322,623.500885195927,1.0
Llama2-70B,32,8,4,32,32,2688,0.1316675,0.02129309097290039,0.019159000000000002,0.1721195909729004,0.0339355,13.953502777832032,573.3327414181349,810.1944781529943,615.3336838270603,1.0
Llama2-70B,32,8,4,32,32,2816,0.1337465,0.02129309097290039,0.020039,0.17507859097290038,0.0339355,14.19022277783203,563.7684570039029,813.0123337271716,607.8755957929155,1.0
Llama2-70B,32,8,4,32,32,2944,0.1358745,0.02129309097290039,0.020919,0.1780865909729004,0.0339355,14.430862777832031,554.3674084607886,815.8312937184419,600.4300245582809,1.0
Llama2-70B,32,8,4,32,32,3072,0.1380025,0.02129309097290039,0.021799000000000002,0.1810945909729004,0.0339355,14.671502777832032,545.2747493656638,818.6502537097114,593.214074896985,1.0
Llama2-70B,32,8,4,32,32,3200,0.1453295,0.02129309097290039,0.022679,0.1893015909729004,0.0339355,15.32806277783203,521.9185304727401,830.4361838361265,571.416115679285,1.0
Llama2-70B,32,8,4,32,32,3328,0.1474085,0.02129309097290039,0.023559,0.19226059097290038,0.0339355,15.564782777832031,513.9808318683323,833.2540394103044,565.2686510006573,1.0
Llama2-70B,32,8,4,32,32,3456,0.1495365,0.02129309097290039,0.024439000000000002,0.1952685909729004,0.0339355,15.805422777832032,506.15539441440546,836.0729994015742,559.1096484146508,1.0
Llama2-70B,32,8,4,32,32,3584,0.1516645,0.02129309097290039,0.025319,0.1982765909729004,0.0339355,16.04606277783203,498.5646703970376,838.8919593928437,553.1234793856466,1.0
Llama2-70B,32,8,4,32,32,3712,0.1538415,0.02129309097290039,0.026199,0.20133359097290038,0.0339355,16.290622777832027,491.0800593140153,841.712023801206,547.1293661341092,1.0
Llama2-70B,32,8,4,32,32,3840,0.1559205,0.02129309097290039,0.027079000000000002,0.20429259097290037,0.0339355,16.527342777832025,484.0463532183968,844.5298793753834,541.6413360497069,1.0
Llama2-70B,32,8,4,32,32,3968,0.1580485,0.02129309097290039,0.027959,0.2073005909729004,0.0339355,16.767982777832028,477.09972666338456,847.3488393666534,536.1321615622124,1.0
Llama2-70B,32,8,4,32,32,4096,0.1601765,0.02129309097290039,0.028839,0.2103085909729004,0.0339355,17.008622777832027,470.3496634910793,850.1677993579228,530.7693696378204,1.0
Llama2-70B,32,16,2,32,32,128,0.122399,0.018461870346069335,0.001559,0.14241987034606934,0.0633115,11.606901127685546,1378.4902467925522,679.0477506927467,1109.5642132578648,1.0
Llama2-70B,32,16,2,32,32,256,0.124478,0.018461870346069335,0.002439,0.14537887034606933,0.0633115,11.843621127685546,1350.9381824616576,681.8591194270157,1095.5496062388781,1.0
Llama2-70B,32,16,2,32,32,384,0.126606,0.018461870346069335,0.003319,0.14838687034606932,0.0633115,12.084261127685545,1324.036267583074,684.671592578376,1081.5784284763386,1.0
Llama2-70B,32,16,2,32,32,512,0.128734,0.018461870346069335,0.004199,0.15139487034606933,0.0633115,12.324901127685546,1298.1848563522383,687.4840657297372,1068.069143706771,1.0
Llama2-70B,32,16,2,32,32,640,0.130911,0.018461870346069335,0.005078999999999999,0.15445187034606933,0.0633115,12.569461127685546,1272.9264872587366,690.2976432981895,1054.606019812223,1.0
Llama2-70B,32,16,2,32,32,768,0.13299,0.018461870346069335,0.005959,0.15741087034606932,0.0633115,12.806181127685544,1249.3966656000025,693.1090120324583,1042.3475630234732,1.0
Llama2-70B,32,16,2,32,32,896,0.135118,0.018461870346069335,0.006839,0.16041887034606933,0.0633115,13.046821127685547,1226.3523691642988,695.9214851838192,1030.0944140437527,1.0
Llama2-70B,32,16,2,32,32,1024,0.137246,0.018461870346069335,0.007718999999999999,0.16342687034606934,0.0633115,13.287461127685546,1204.142751293748,698.7339583351796,1018.2212353513833,1.0
Llama2-70B,32,16,2,32,32,1152,0.1479095,0.018461870346069335,0.008598999999999999,0.17497037034606933,0.0633115,14.210941127685546,1125.893060581965,715.6402303885054,967.6731114478861,1.0
Llama2-70B,32,16,2,32,32,1280,0.1499885,0.018461870346069335,0.009479,0.17792937034606932,0.0633115,14.447661127685546,1107.4456867859228,718.451599122774,958.0089128470171,1.0
Llama2-70B,32,16,2,32,32,1408,0.1521165,0.018461870346069335,0.010359,0.18093737034606933,0.0633115,14.688301127685545,1089.3022862829298,721.2640722741347,948.3048482894817,1.0
Llama2-70B,32,16,2,32,32,1536,0.1542445,0.018461870346069335,0.011238999999999999,0.18394537034606934,0.0633115,14.928941127685547,1071.7437936926542,724.0765454254953,938.86854367643,1.0
Llama2-70B,32,16,2,32,32,1664,0.1564215,0.018461870346069335,0.012119,0.1870023703460693,0.0633115,15.173501127685544,1054.4698857145388,726.8901229939481,929.3992488167524,1.0
Llama2-70B,32,16,2,32,32,1792,0.1585005,0.018461870346069335,0.012999,0.18996137034606933,0.0633115,15.410221127685546,1038.2719279254777,729.7014917282171,920.7560755053985,1.0
Llama2-70B,32,16,2,32,32,1920,0.1606285,0.018461870346069335,0.013878999999999999,0.19296937034606934,0.0633115,15.650861127685546,1022.3079656426601,732.5139648795774,912.059771310294,1.0
Llama2-70B,32,16,2,32,32,2048,0.1627565,0.018461870346069335,0.014759,0.19597737034606932,0.0633115,15.891501127685546,1006.8274778727751,735.3264380309383,903.5908710631383,1.0
Llama2-70B,32,16,2,32,32,2176,0.1733915,0.018461870346069335,0.015639,0.20749237034606932,0.0633115,16.812701127685546,951.6614777415351,752.046496573011,867.4548597515,1.0
Llama2-70B,32,16,2,32,32,2304,0.1754705,0.018461870346069335,0.016519000000000002,0.21045137034606934,0.0633115,17.049421127685548,938.448283972442,754.8578653072796,860.3815060734191,1.0
Llama2-70B,32,16,2,32,32,2432,0.1775985,0.018461870346069335,0.017399,0.21345937034606932,0.0633115,17.290061127685544,925.3871274278004,757.6703384586407,853.2395695443828,1.0
Llama2-70B,32,16,2,32,32,2560,0.1797265,0.018461870346069335,0.018279,0.21646737034606933,0.0633115,17.530701127685546,912.6845460123571,760.482811610001,846.2667571115009,1.0
Llama2-70B,32,16,2,32,32,2688,0.1819035,0.018461870346069335,0.019159000000000002,0.21952437034606934,0.0633115,17.775261127685546,900.1274234491824,763.2963891784536,839.2322183778257,1.0
Llama2-70B,32,16,2,32,32,2816,0.1839825,0.018461870346069335,0.020039,0.22248337034606933,0.0633115,18.011981127685544,888.2976218205667,766.1077579127227,832.8050308183902,1.0
Llama2-70B,32,16,2,32,32,2944,0.1861105,0.018461870346069335,0.020919,0.22549137034606934,0.0633115,18.252621127685547,876.5864304130669,768.9202310640832,826.3050511003764,1.0
Llama2-70B,32,16,2,32,32,3072,0.1882385,0.018461870346069335,0.021799000000000002,0.22849937034606935,0.0633115,18.493261127685546,865.1800182525417,771.732704215444,819.9520334208398,1.0
Llama2-70B,32,16,2,32,32,3200,0.1988735,0.018461870346069335,0.022679,0.24001437034606934,0.0633115,19.41446112768555,824.1279474496238,788.4527627575167,792.9188783397653,1.0
Llama2-70B,32,16,2,32,32,3328,0.2009525,0.018461870346069335,0.023559,0.24297337034606933,0.0633115,19.651181127685547,814.2004236813235,791.2641314917852,787.5135979813988,1.0
Llama2-70B,32,16,2,32,32,3456,0.2030805,0.018461870346069335,0.024439000000000002,0.24598137034606932,0.0633115,19.891821127685546,804.3506875160421,794.0766046431456,782.0313665203169,1.0
Llama2-70B,32,16,2,32,32,3584,0.2052085,0.018461870346069335,0.025319,0.24898937034606933,0.0633115,20.132461127685545,794.7364159068107,796.8890777945065,776.66283589082,1.0
Llama2-70B,32,16,2,32,32,3712,0.2073855,0.018461870346069335,0.026199,0.25204637034606936,0.0633115,20.37702112768555,785.1981847465113,799.7026553629596,771.2233067046244,1.0
Llama2-70B,32,16,2,32,32,3840,0.2094645,0.018461870346069335,0.027079000000000002,0.25500537034606935,0.0633115,20.613741127685547,776.1812812576266,802.5140240972282,766.253015758974,1.0
Llama2-70B,32,16,2,32,32,3968,0.2115925,0.018461870346069335,0.027959,0.2580133703460693,0.0633115,20.854381127685546,767.224877211003,805.3264972485886,761.2051440845861,1.0
Llama2-70B,32,16,2,32,32,4096,0.2137205,0.018461870346069335,0.028839,0.2610213703460693,0.0633115,21.095021127685545,758.4728122884535,808.1389703999494,756.2577950172764,1.0
Llama2-70B,32,32,1,32,32,128,0.218323,0.01302294651031494,0.001559,0.23290494651031493,0.1213595,18.903755220825193,1692.7853554063913,659.2350516625814,1207.8160370874004,1.0
Llama2-70B,32,32,1,32,32,256,0.220402,0.01302294651031494,0.002439,0.23586394651031492,0.1213595,19.14047522082519,1671.8498172492293,662.0431769768951,1201.5193636662016,1.0
Llama2-70B,32,32,1,32,32,384,0.22253,0.01302294651031494,0.003319,0.23887194651031493,0.1213595,19.381115220825194,1651.0917785378879,663.6363514883536,1192.8932754924797,1.0
Llama2-70B,32,32,1,32,32,512,0.224658,0.01302294651031494,0.004199,0.24187994651031494,0.1213595,19.621755220825193,1630.8428904483214,667.6616364397078,1188.7609369614393,1.0
Llama2-70B,32,32,1,32,32,640,0.230143,0.01302294651031494,0.005078999999999999,0.24824494651031492,0.1213595,20.130955220825193,1589.5917331779888,675.4125858437725,1173.900724060732,1.0
Llama2-70B,32,32,1,32,32,768,0.232222,0.01302294651031494,0.005959,0.25120394651031497,0.1213595,20.367675220825195,1571.1169612171145,678.2207111580864,1168.2281802035754,1.0
Llama2-70B,32,32,1,32,32,896,0.23435,0.01302294651031494,0.006839,0.2542119465103149,0.1213595,20.608315220825194,1552.771279801817,679.8140076037936,1160.339675875901,1.0
Llama2-70B,32,32,1,32,32,1024,0.236478,0.01302294651031494,0.007718999999999999,0.25721994651031493,0.1213595,20.848955220825193,1534.8490924876883,683.8391706208989,1156.7066206935085,1.0
Llama2-70B,32,32,1,32,32,1152,0.2471415,0.01302294651031494,0.008598999999999999,0.268763446510315,0.1213595,21.772435220825198,1469.7483159528338,700.7421992542703,1134.155452247834,1.0
Llama2-70B,32,32,1,32,32,1280,0.2492205,0.01302294651031494,0.009479,0.27172244651031496,0.1213595,22.009155220825196,1453.940402479483,703.5503245685841,1129.2013691788343,1.0
Llama2-70B,32,32,1,32,32,1408,0.2513485,0.01302294651031494,0.010359,0.2747304465103149,0.1213595,22.24979522082519,1438.2154838912354,705.143621014291,1122.176772114082,1.0
Llama2-70B,32,32,1,32,32,1536,0.2534765,0.01302294651031494,0.011238999999999999,0.27773844651031493,0.1213595,22.490435220825194,1422.827067853687,709.1687840313962,1119.107742187377,1.0
Llama2-70B,32,32,1,32,32,1664,0.2589615,0.01302294651031494,0.012119,0.28410344651031494,0.1213595,22.999635220825194,1391.3264142130984,716.9197334354616,1107.376553557902,1.0
Llama2-70B,32,32,1,32,32,1792,0.2610405,0.01302294651031494,0.012999,0.28706244651031493,0.1213595,23.236355220825192,1377.1522984517185,719.7278587497754,1102.8600676903015,1.0
Llama2-70B,32,32,1,32,32,1920,0.2631685,0.01302294651031494,0.013878999999999999,0.29007044651031494,0.1213595,23.476995220825195,1363.036440524318,721.3211551954824,1096.3639724290442,1.0
Llama2-70B,32,32,1,32,32,2048,0.2652965,0.01302294651031494,0.014759,0.29307844651031495,0.1213595,23.717635220825194,1349.2070226251942,725.3463182125874,1093.6387298175257,1.0
Llama2-70B,32,32,1,32,32,2176,0.2759315,0.01302294651031494,0.015639,0.30459344651031495,0.1213595,24.638835220825197,1298.7626936582217,742.063133334706,1075.7207978570132,1.0
Llama2-70B,32,32,1,32,32,2304,0.2780105,0.01302294651031494,0.016519000000000002,0.30755244651031494,0.1213595,24.875555220825195,1286.4034477192452,744.8712586490195,1071.7167281797194,1.0
Llama2-70B,32,32,1,32,32,2432,0.2801385,0.01302294651031494,0.017399,0.31056044651031495,0.1213595,25.116195220825194,1274.0783274955227,746.4645550947266,1065.8507204039813,1.0
Llama2-70B,32,32,1,32,32,2560,0.2822665,0.01302294651031494,0.018279,0.3135684465103149,0.1213595,25.356835220825193,1261.9871415861421,750.489718111832,1063.5193593456286,1.0
Llama2-70B,32,32,1,32,32,2688,0.2877515,0.01302294651031494,0.019159000000000002,0.3199334465103149,0.1213595,25.866035220825193,1237.143602674609,758.2406675158971,1054.0214977380099,1.0
Llama2-70B,32,32,1,32,32,2816,0.2898305,0.01302294651031494,0.020039,0.3228924465103149,0.1213595,26.10275522082519,1225.9242263617402,761.048792830211,1050.3363763719983,1.0
Llama2-70B,32,32,1,32,32,2944,0.2919585,0.01302294651031494,0.020919,0.32590044651031497,0.1213595,26.343395220825197,1214.7257303683884,762.6420892759179,1044.8636902517558,1.0
Llama2-70B,32,32,1,32,32,3072,0.2940865,0.01302294651031494,0.021799000000000002,0.3289084465103149,0.1213595,26.584035220825193,1203.7299730528528,766.6672522930234,1042.7778932974122,1.0
Llama2-70B,32,32,1,32,32,3200,0.3047215,0.01302294651031494,0.022679,0.3404234465103149,0.1213595,27.505235220825192,1163.4148824065196,783.3840674151417,1028.3279222701929,1.0
Llama2-70B,32,32,1,32,32,3328,0.3068005,0.01302294651031494,0.023559,0.3433824465103149,0.1213595,27.741955220825194,1153.487551446208,786.1921927294554,1025.0207450502273,1.0
Llama2-70B,32,32,1,32,32,3456,0.3089285,0.01302294651031494,0.024439000000000002,0.3463904465103149,0.1213595,27.982595220825193,1143.567983865377,787.7854891751624,1020.0230657581449,1.0
Llama2-70B,32,32,1,32,32,3584,0.3110565,0.01302294651031494,0.025319,0.34939844651031493,0.1213595,28.22323522082519,1133.8175708640244,791.8106521922678,1018.2210012551004,1.0
Llama2-70B,32,32,1,32,32,3712,0.3165415,0.01302294651031494,0.026199,0.3557634465103149,0.1213595,28.73243522082519,1113.7239065906424,799.561601596333,1010.3719121774969,1.0
Llama2-70B,32,32,1,32,32,3840,0.3186205,0.01302294651031494,0.027079000000000002,0.35872244651031493,0.1213595,28.969155220825193,1104.623167505969,802.3697269106468,1007.3045857509443,1.0
Llama2-70B,32,32,1,32,32,3968,0.3207485,0.01302294651031494,0.027959,0.36173044651031494,0.1213595,29.209795220825196,1095.522914764754,803.9630233563539,1002.608614981961,1.0
Llama2-70B,32,32,1,32,32,4096,0.3228765,0.01302294651031494,0.028839,0.36473844651031495,0.1213595,29.450435220825195,1086.5713786590134,807.9881863734591,1000.9872956049251,1.0
