nohup: ignoring input
Generating traces for Llama2-7B with 2 threads...

Generate trace in run_sim, model name=Llama2-7B sending as model --Llama

====================================== MODEL CONF ======================================
{
    "model_name": "Llama2-7B",
    "n_heads": 32,
    "num_channels": 32,
    "channels_per_block": 8,
    "fc_devices": [],
    "reuse_size": 32,
    "embedding": true,
    "only-FC": false,
    "only-trace": true,
    "model_parallel": false,
    "pipeline_parallel": true,
    "multi_tb_per_device": true
}
====================================== END CONF ======================================
====================================== MODEL CONF ======================================
{
    "model_name": "Llama2-7B",
    "n_heads": 32,
    "num_channels": 32,
    "channels_per_block": 8,
    "fc_devices": [],
    "reuse_size": 32,
    "embedding": false,
    "only-FC": false,
    "only-trace": true,
    "model_parallel": false,
    "pipeline_parallel": true,
    "multi_tb_per_device": true
}
====================================== END CONF ======================================
====================================== MODEL CONF ======================================
{
    "model_name": "Llama2-7B",
    "n_heads": 32,
    "num_channels": 32,
    "channels_per_block": 8,
    "fc_devices": [],
    "reuse_size": 32,
    "embedding": false,
    "only-FC": false,
    "only-trace": true,
    "model_parallel": false,
    "pipeline_parallel": true,
    "multi_tb_per_device": true
}
====================================== END CONF ======================================
====================================== MODEL CONF ======================================
{
    "model_name": "Llama2-7B",
    "n_heads": 32,
    "num_channels": 32,
    "channels_per_block": 8,
    "fc_devices": [],
    "reuse_size": 32,
    "embedding": false,
    "only-FC": false,
    "only-trace": true,
    "model_parallel": false,
    "pipeline_parallel": true,
    "multi_tb_per_device": true
}
====================================== END CONF ======================================
====================================== MODEL CONF ======================================
{
    "model_name": "Llama2-7B",
    "n_heads": 32,
    "num_channels": 32,
    "channels_per_block": 8,
    "fc_devices": [],
    "reuse_size": 32,
    "embedding": false,
    "only-FC": false,
    "only-trace": true,
    "model_parallel": false,
    "pipeline_parallel": true,
    "multi_tb_per_device": true
}
====================================== END CONF ======================================
====================================== MODEL CONF ======================================
{
    "model_name": "Llama2-7B",
    "n_heads": 32,
    "num_channels": 32,
    "channels_per_block": 8,
    "fc_devices": [],
    "reuse_size": 32,
    "embedding": false,
    "only-FC": false,
    "only-trace": true,
    "model_parallel": false,
    "pipeline_parallel": true,
    "multi_tb_per_device": true
}
====================================== END CONF ======================================
====================================== MODEL CONF ======================================
{
    "model_name": "Llama2-7B",
    "n_heads": 32,
    "num_channels": 32,
    "channels_per_block": 8,
    "fc_devices": [],
    "reuse_size": 32,
    "embedding": false,
    "only-FC": false,
    "only-trace": true,
    "model_parallel": false,
    "pipeline_parallel": true,
    "multi_tb_per_device": true
}
====================================== END CONF ======================================
====================================== MODEL CONF ======================================
{
    "model_name": "Llama2-7B",
    "n_heads": 32,
    "num_channels": 32,
    "channels_per_block": 8,
    "fc_devices": [],
    "reuse_size": 32,
    "embedding": false,
    "only-FC": false,
    "only-trace": true,
    "model_parallel": false,
    "pipeline_parallel": true,
    "multi_tb_per_device": true
}
====================================== END CONF ======================================
====================================== MODEL CONF ======================================
{
    "model_name": "Llama2-7B",
    "n_heads": 32,
    "num_channels": 32,
    "channels_per_block": 8,
    "fc_devices": [],
    "reuse_size": 32,
    "embedding": false,
    "only-FC": false,
    "only-trace": true,
    "model_parallel": false,
    "pipeline_parallel": true,
    "multi_tb_per_device": true
}
====================================== END CONF ======================================
====================================== MODEL CONF ======================================
{
    "model_name": "Llama2-7B",
    "n_heads": 32,
    "num_channels": 32,
    "channels_per_block": 8,
    "fc_devices": [],
    "reuse_size": 32,
    "embedding": false,
    "only-FC": false,
    "only-trace": true,
    "model_parallel": false,
    "pipeline_parallel": true,
    "multi_tb_per_device": true
}
====================================== END CONF ======================================
====================================== MODEL CONF ======================================
{
    "model_name": "Llama2-7B",
    "n_heads": 32,
    "num_channels": 32,
    "channels_per_block": 8,
    "fc_devices": [],
    "reuse_size": 32,
    "embedding": false,
    "only-FC": false,
    "only-trace": true,
    "model_parallel": false,
    "pipeline_parallel": true,
    "multi_tb_per_device": true
}
====================================== END CONF ======================================
====================================== MODEL CONF ======================================
{
    "model_name": "Llama2-7B",
    "n_heads": 32,
    "num_channels": 32,
    "channels_per_block": 8,
    "fc_devices": [],
    "reuse_size": 32,
    "embedding": false,
    "only-FC": false,
    "only-trace": true,
    "model_parallel": false,
    "pipeline_parallel": true,
    "multi_tb_per_device": true
}
====================================== END CONF ======================================
====================================== MODEL CONF ======================================
{
    "model_name": "Llama2-7B",
    "n_heads": 32,
    "num_channels": 32,
    "channels_per_block": 8,
    "fc_devices": [],
    "reuse_size": 32,
    "embedding": false,
    "only-FC": false,
    "only-trace": true,
    "model_parallel": false,
    "pipeline_parallel": true,
    "multi_tb_per_device": true
}
====================================== END CONF ======================================
====================================== MODEL CONF ======================================
{
    "model_name": "Llama2-7B",
    "n_heads": 32,
    "num_channels": 32,
    "channels_per_block": 8,
    "fc_devices": [],
    "reuse_size": 32,
    "embedding": false,
    "only-FC": false,
    "only-trace": true,
    "model_parallel": false,
    "pipeline_parallel": true,
    "multi_tb_per_device": true
}
====================================== END CONF ======================================
====================================== MODEL CONF ======================================
{
    "model_name": "Llama2-7B",
    "n_heads": 32,
    "num_channels": 32,
    "channels_per_block": 8,
    "fc_devices": [],
    "reuse_size": 32,
    "embedding": false,
    "only-FC": false,
    "only-trace": true,
    "model_parallel": false,
    "pipeline_parallel": true,
    "multi_tb_per_device": true
}
====================================== END CONF ======================================
====================================== MODEL CONF ======================================
{
    "model_name": "Llama2-7B",
    "n_heads": 32,
    "num_channels": 32,
    "channels_per_block": 8,
    "fc_devices": [],
    "reuse_size": 32,
    "embedding": false,
    "only-FC": false,
    "only-trace": true,
    "model_parallel": false,
    "pipeline_parallel": true,
    "multi_tb_per_device": true
}
====================================== END CONF ======================================
====================================== MODEL CONF ======================================
{
    "model_name": "Llama2-7B",
    "n_heads": 32,
    "num_channels": 32,
    "channels_per_block": 8,
    "fc_devices": [],
    "reuse_size": 32,
    "embedding": false,
    "only-FC": false,
    "only-trace": true,
    "model_parallel": false,
    "pipeline_parallel": true,
    "multi_tb_per_device": true
}
====================================== END CONF ======================================
====================================== MODEL CONF ======================================
{
    "model_name": "Llama2-7B",
    "n_heads": 32,
    "num_channels": 32,
    "channels_per_block": 8,
    "fc_devices": [],
    "reuse_size": 32,
    "embedding": false,
    "only-FC": false,
    "only-trace": true,
    "model_parallel": false,
    "pipeline_parallel": true,
    "multi_tb_per_device": true
}
====================================== END CONF ======================================
====================================== MODEL CONF ======================================
{
    "model_name": "Llama2-7B",
    "n_heads": 32,
    "num_channels": 32,
    "channels_per_block": 8,
    "fc_devices": [],
    "reuse_size": 32,
    "embedding": false,
    "only-FC": false,
    "only-trace": true,
    "model_parallel": false,
    "pipeline_parallel": true,
    "multi_tb_per_device": true
}
====================================== END CONF ======================================
====================================== MODEL CONF ======================================
{
    "model_name": "Llama2-7B",
    "n_heads": 32,
    "num_channels": 32,
    "channels_per_block": 8,
    "fc_devices": [],
    "reuse_size": 32,
    "embedding": false,
    "only-FC": false,
    "only-trace": true,
    "model_parallel": false,
    "pipeline_parallel": true,
    "multi_tb_per_device": true
}
====================================== END CONF ======================================
====================================== MODEL CONF ======================================
{
    "model_name": "Llama2-7B",
    "n_heads": 32,
    "num_channels": 32,
    "channels_per_block": 8,
    "fc_devices": [],
    "reuse_size": 32,
    "embedding": false,
    "only-FC": false,
    "only-trace": true,
    "model_parallel": false,
    "pipeline_parallel": true,
    "multi_tb_per_device": true
}
====================================== END CONF ======================================
====================================== MODEL CONF ======================================
{
    "model_name": "Llama2-7B",
    "n_heads": 32,
    "num_channels": 32,
    "channels_per_block": 8,
    "fc_devices": [],
    "reuse_size": 32,
    "embedding": false,
    "only-FC": false,
    "only-trace": true,
    "model_parallel": false,
    "pipeline_parallel": true,
    "multi_tb_per_device": true
}
====================================== END CONF ======================================
====================================== MODEL CONF ======================================
{
    "model_name": "Llama2-7B",
    "n_heads": 32,
    "num_channels": 32,
    "channels_per_block": 8,
    "fc_devices": [],
    "reuse_size": 32,
    "embedding": false,
    "only-FC": false,
    "only-trace": true,
    "model_parallel": false,
    "pipeline_parallel": true,
    "multi_tb_per_device": true
}
====================================== END CONF ======================================
====================================== MODEL CONF ======================================
{
    "model_name": "Llama2-7B",
    "n_heads": 32,
    "num_channels": 32,
    "channels_per_block": 8,
    "fc_devices": [],
    "reuse_size": 32,
    "embedding": false,
    "only-FC": false,
    "only-trace": true,
    "model_parallel": false,
    "pipeline_parallel": true,
    "multi_tb_per_device": true
}
====================================== END CONF ======================================
====================================== MODEL CONF ======================================
{
    "model_name": "Llama2-7B",
    "n_heads": 32,
    "num_channels": 32,
    "channels_per_block": 8,
    "fc_devices": [],
    "reuse_size": 32,
    "embedding": false,
    "only-FC": false,
    "only-trace": true,
    "model_parallel": false,
    "pipeline_parallel": true,
    "multi_tb_per_device": true
}
====================================== END CONF ======================================
====================================== MODEL CONF ======================================
{
    "model_name": "Llama2-7B",
    "n_heads": 32,
    "num_channels": 32,
    "channels_per_block": 8,
    "fc_devices": [],
    "reuse_size": 32,
    "embedding": false,
    "only-FC": false,
    "only-trace": true,
    "model_parallel": false,
    "pipeline_parallel": true,
    "multi_tb_per_device": true
}
====================================== END CONF ======================================
====================================== MODEL CONF ======================================
{
    "model_name": "Llama2-7B",
    "n_heads": 32,
    "num_channels": 32,
    "channels_per_block": 8,
    "fc_devices": [],
    "reuse_size": 32,
    "embedding": false,
    "only-FC": false,
    "only-trace": true,
    "model_parallel": false,
    "pipeline_parallel": true,
    "multi_tb_per_device": true
}
====================================== END CONF ======================================
====================================== MODEL CONF ======================================
{
    "model_name": "Llama2-7B",
    "n_heads": 32,
    "num_channels": 32,
    "channels_per_block": 8,
    "fc_devices": [],
    "reuse_size": 32,
    "embedding": false,
    "only-FC": false,
    "only-trace": true,
    "model_parallel": false,
    "pipeline_parallel": true,
    "multi_tb_per_device": true
}
====================================== END CONF ======================================
====================================== MODEL CONF ======================================
{
    "model_name": "Llama2-7B",
    "n_heads": 32,
    "num_channels": 32,
    "channels_per_block": 8,
    "fc_devices": [],
    "reuse_size": 32,
    "embedding": false,
    "only-FC": false,
    "only-trace": true,
    "model_parallel": false,
    "pipeline_parallel": true,
    "multi_tb_per_device": true
}
====================================== END CONF ======================================
====================================== MODEL CONF ======================================
{
    "model_name": "Llama2-7B",
    "n_heads": 32,
    "num_channels": 32,
    "channels_per_block": 8,
    "fc_devices": [],
    "reuse_size": 32,
    "embedding": false,
    "only-FC": false,
    "only-trace": true,
    "model_parallel": false,
    "pipeline_parallel": true,
    "multi_tb_per_device": true
}
====================================== END CONF ======================================
====================================== MODEL CONF ======================================
{
    "model_name": "Llama2-7B",
    "n_heads": 32,
    "num_channels": 32,
    "channels_per_block": 8,
    "fc_devices": [],
    "reuse_size": 32,
    "embedding": false,
    "only-FC": false,
    "only-trace": true,
    "model_parallel": false,
    "pipeline_parallel": true,
    "multi_tb_per_device": true
}
====================================== END CONF ======================================
====================================== MODEL CONF ======================================
{
    "model_name": "Llama2-7B",
    "n_heads": 32,
    "num_channels": 32,
    "channels_per_block": 8,
    "fc_devices": [],
    "reuse_size": 32,
    "embedding": false,
    "only-FC": false,
    "only-trace": true,
    "model_parallel": false,
    "pipeline_parallel": true,
    "multi_tb_per_device": true
}
====================================== END CONF ======================================
====================================== MODEL CONF ======================================
{
    "model_name": "Llama2-7B",
    "n_heads": 32,
    "num_channels": 32,
    "channels_per_block": 8,
    "fc_devices": [],
    "reuse_size": 32,
    "embedding": false,
    "only-FC": false,
    "only-trace": true,
    "model_parallel": false,
    "pipeline_parallel": true,
    "multi_tb_per_device": true
}

 generate trace in function_sim, model name=None


 generate trace in function_sim, model name=None


 generate trace in function_sim, model name=None


 generate trace in function_sim, model name=None


 generate trace in function_sim, model name=None


 generate trace in function_sim, model name=None


 generate trace in function_sim, model name=None


 generate trace in function_sim, model name=None


 generate trace in function_sim, model name=None


 generate trace in function_sim, model name=None


 generate trace in function_sim, model name=None


 generate trace in function_sim, model name=None


 generate trace in function_sim, model name=None


 generate trace in function_sim, model name=None


 generate trace in function_sim, model name=None


 generate trace in function_sim, model name=None


 generate trace in function_sim, model name=None


 generate trace in function_sim, model name=None


 generate trace in function_sim, model name=None


 generate trace in function_sim, model name=None


 generate trace in function_sim, model name=None


 generate trace in function_sim, model name=None


 generate trace in function_sim, model name=None


 generate trace in function_sim, model name=None


 generate trace in function_sim, model name=None


 generate trace in function_sim, model name=None


 generate trace in function_sim, model name=None


 generate trace in function_sim, model name=None


 generate trace in function_sim, model name=None


 generate trace in function_sim, model name=None


 generate trace in function_sim, model name=None


 generate trace in function_sim, model name=None


 generate trace in function_sim, model name=None

====================================== END CONF ======================================
current run_sim.py directory files after trace generation:  /home/mainuddin/flyCENT/CENT/cent_simulation

=== NEW TRACES GENERATED 33 . COMBINED STATS SAVED TO: ../cent_simulation/logs/Llama2-7B_all_traces_burst_stats.json ===
=================================================================

../aim_simulator/build/ramulator2 -f ../aim_simulator/test/example.yaml -t ../trace/32_channels_per_device/pipeline_parallel_embedding/Llama2-7B/trace_8_channels_per_block_seqlen_4096.txt
../aim_simulator/build/ramulator2 -f ../aim_simulator/test/example.yaml -t ../trace/32_channels_per_device/pipeline_parallel/Llama2-7B/trace_8_channels_per_block_seqlen_128.txt
../aim_simulator/build/ramulator2 -f ../aim_simulator/test/example.yaml -t ../trace/32_channels_per_device/pipeline_parallel/Llama2-7B/trace_8_channels_per_block_seqlen_256.txt
../aim_simulator/build/ramulator2 -f ../aim_simulator/test/example.yaml -t ../trace/32_channels_per_device/pipeline_parallel/Llama2-7B/trace_8_channels_per_block_seqlen_384.txt
../aim_simulator/build/ramulator2 -f ../aim_simulator/test/example.yaml -t ../trace/32_channels_per_device/pipeline_parallel/Llama2-7B/trace_8_channels_per_block_seqlen_512.txt
../aim_simulator/build/ramulator2 -f ../aim_simulator/test/example.yaml -t ../trace/32_channels_per_device/pipeline_parallel/Llama2-7B/trace_8_channels_per_block_seqlen_640.txt
../aim_simulator/build/ramulator2 -f ../aim_simulator/test/example.yaml -t ../trace/32_channels_per_device/pipeline_parallel/Llama2-7B/trace_8_channels_per_block_seqlen_768.txt
../aim_simulator/build/ramulator2 -f ../aim_simulator/test/example.yaml -t ../trace/32_channels_per_device/pipeline_parallel/Llama2-7B/trace_8_channels_per_block_seqlen_896.txt
../aim_simulator/build/ramulator2 -f ../aim_simulator/test/example.yaml -t ../trace/32_channels_per_device/pipeline_parallel/Llama2-7B/trace_8_channels_per_block_seqlen_1024.txt
../aim_simulator/build/ramulator2 -f ../aim_simulator/test/example.yaml -t ../trace/32_channels_per_device/pipeline_parallel/Llama2-7B/trace_8_channels_per_block_seqlen_1152.txt
../aim_simulator/build/ramulator2 -f ../aim_simulator/test/example.yaml -t ../trace/32_channels_per_device/pipeline_parallel/Llama2-7B/trace_8_channels_per_block_seqlen_1280.txt
../aim_simulator/build/ramulator2 -f ../aim_simulator/test/example.yaml -t ../trace/32_channels_per_device/pipeline_parallel/Llama2-7B/trace_8_channels_per_block_seqlen_1408.txt
../aim_simulator/build/ramulator2 -f ../aim_simulator/test/example.yaml -t ../trace/32_channels_per_device/pipeline_parallel/Llama2-7B/trace_8_channels_per_block_seqlen_1536.txt
../aim_simulator/build/ramulator2 -f ../aim_simulator/test/example.yaml -t ../trace/32_channels_per_device/pipeline_parallel/Llama2-7B/trace_8_channels_per_block_seqlen_1664.txt
../aim_simulator/build/ramulator2 -f ../aim_simulator/test/example.yaml -t ../trace/32_channels_per_device/pipeline_parallel/Llama2-7B/trace_8_channels_per_block_seqlen_1792.txt
../aim_simulator/build/ramulator2 -f ../aim_simulator/test/example.yaml -t ../trace/32_channels_per_device/pipeline_parallel/Llama2-7B/trace_8_channels_per_block_seqlen_1920.txt
../aim_simulator/build/ramulator2 -f ../aim_simulator/test/example.yaml -t ../trace/32_channels_per_device/pipeline_parallel/Llama2-7B/trace_8_channels_per_block_seqlen_2048.txt
../aim_simulator/build/ramulator2 -f ../aim_simulator/test/example.yaml -t ../trace/32_channels_per_device/pipeline_parallel/Llama2-7B/trace_8_channels_per_block_seqlen_2176.txt
../aim_simulator/build/ramulator2 -f ../aim_simulator/test/example.yaml -t ../trace/32_channels_per_device/pipeline_parallel/Llama2-7B/trace_8_channels_per_block_seqlen_2304.txt
../aim_simulator/build/ramulator2 -f ../aim_simulator/test/example.yaml -t ../trace/32_channels_per_device/pipeline_parallel/Llama2-7B/trace_8_channels_per_block_seqlen_2432.txt
../aim_simulator/build/ramulator2 -f ../aim_simulator/test/example.yaml -t ../trace/32_channels_per_device/pipeline_parallel/Llama2-7B/trace_8_channels_per_block_seqlen_2560.txt
../aim_simulator/build/ramulator2 -f ../aim_simulator/test/example.yaml -t ../trace/32_channels_per_device/pipeline_parallel/Llama2-7B/trace_8_channels_per_block_seqlen_2688.txt
../aim_simulator/build/ramulator2 -f ../aim_simulator/test/example.yaml -t ../trace/32_channels_per_device/pipeline_parallel/Llama2-7B/trace_8_channels_per_block_seqlen_2816.txt
../aim_simulator/build/ramulator2 -f ../aim_simulator/test/example.yaml -t ../trace/32_channels_per_device/pipeline_parallel/Llama2-7B/trace_8_channels_per_block_seqlen_2944.txt
../aim_simulator/build/ramulator2 -f ../aim_simulator/test/example.yaml -t ../trace/32_channels_per_device/pipeline_parallel/Llama2-7B/trace_8_channels_per_block_seqlen_3072.txt
../aim_simulator/build/ramulator2 -f ../aim_simulator/test/example.yaml -t ../trace/32_channels_per_device/pipeline_parallel/Llama2-7B/trace_8_channels_per_block_seqlen_3200.txt
../aim_simulator/build/ramulator2 -f ../aim_simulator/test/example.yaml -t ../trace/32_channels_per_device/pipeline_parallel/Llama2-7B/trace_8_channels_per_block_seqlen_3328.txt
../aim_simulator/build/ramulator2 -f ../aim_simulator/test/example.yaml -t ../trace/32_channels_per_device/pipeline_parallel/Llama2-7B/trace_8_channels_per_block_seqlen_3456.txt
../aim_simulator/build/ramulator2 -f ../aim_simulator/test/example.yaml -t ../trace/32_channels_per_device/pipeline_parallel/Llama2-7B/trace_8_channels_per_block_seqlen_3584.txt
../aim_simulator/build/ramulator2 -f ../aim_simulator/test/example.yaml -t ../trace/32_channels_per_device/pipeline_parallel/Llama2-7B/trace_8_channels_per_block_seqlen_3712.txt
../aim_simulator/build/ramulator2 -f ../aim_simulator/test/example.yaml -t ../trace/32_channels_per_device/pipeline_parallel/Llama2-7B/trace_8_channels_per_block_seqlen_3840.txt
../aim_simulator/build/ramulator2 -f ../aim_simulator/test/example.yaml -t ../trace/32_channels_per_device/pipeline_parallel/Llama2-7B/trace_8_channels_per_block_seqlen_3968.txt
../aim_simulator/build/ramulator2 -f ../aim_simulator/test/example.yaml -t ../trace/32_channels_per_device/pipeline_parallel/Llama2-7B/trace_8_channels_per_block_seqlen_4096.txt
Processing results...
Updating simulation results to CSV file...
Generating traces for Llama2-13B with 2 threads...

Generate trace in run_sim, model name=Llama2-13B sending as model --Llama

====================================== MODEL CONF ======================================
{
    "model_name": "Llama2-13B",
    "n_heads": 40,
    "num_channels": 32,
    "channels_per_block": 16,
    "fc_devices": [],
    "reuse_size": 32,
    "embedding": true,
    "only-FC": false,
    "only-trace": true,
    "model_parallel": false,
    "pipeline_parallel": true,
    "multi_tb_per_device": true
}
====================================== END CONF ======================================
====================================== MODEL CONF ======================================
{
    "model_name": "Llama2-13B",
    "n_heads": 40,
    "num_channels": 32,
    "channels_per_block": 16,
    "fc_devices": [],
    "reuse_size": 32,
    "embedding": false,
    "only-FC": false,
    "only-trace": true,
    "model_parallel": false,
    "pipeline_parallel": true,
    "multi_tb_per_device": true
}
====================================== END CONF ======================================
====================================== MODEL CONF ======================================
{
    "model_name": "Llama2-13B",
    "n_heads": 40,
    "num_channels": 32,
    "channels_per_block": 16,
    "fc_devices": [],
    "reuse_size": 32,
    "embedding": false,
    "only-FC": false,
    "only-trace": true,
    "model_parallel": false,
    "pipeline_parallel": true,
    "multi_tb_per_device": true
}
====================================== END CONF ======================================
====================================== MODEL CONF ======================================
{
    "model_name": "Llama2-13B",
    "n_heads": 40,
    "num_channels": 32,
    "channels_per_block": 16,
    "fc_devices": [],
    "reuse_size": 32,
    "embedding": false,
    "only-FC": false,
    "only-trace": true,
    "model_parallel": false,
    "pipeline_parallel": true,
    "multi_tb_per_device": true
}
====================================== END CONF ======================================
====================================== MODEL CONF ======================================
{
    "model_name": "Llama2-13B",
    "n_heads": 40,
    "num_channels": 32,
    "channels_per_block": 16,
    "fc_devices": [],
    "reuse_size": 32,
    "embedding": false,
    "only-FC": false,
    "only-trace": true,
    "model_parallel": false,
    "pipeline_parallel": true,
    "multi_tb_per_device": true
}
====================================== END CONF ======================================
====================================== MODEL CONF ======================================
{
    "model_name": "Llama2-13B",
    "n_heads": 40,
    "num_channels": 32,
    "channels_per_block": 16,
    "fc_devices": [],
    "reuse_size": 32,
    "embedding": false,
    "only-FC": false,
    "only-trace": true,
    "model_parallel": false,
    "pipeline_parallel": true,
    "multi_tb_per_device": true
}
====================================== END CONF ======================================
====================================== MODEL CONF ======================================
{
    "model_name": "Llama2-13B",
    "n_heads": 40,
    "num_channels": 32,
    "channels_per_block": 16,
    "fc_devices": [],
    "reuse_size": 32,
    "embedding": false,
    "only-FC": false,
    "only-trace": true,
    "model_parallel": false,
    "pipeline_parallel": true,
    "multi_tb_per_device": true
}
====================================== END CONF ======================================
====================================== MODEL CONF ======================================
{
    "model_name": "Llama2-13B",
    "n_heads": 40,
    "num_channels": 32,
    "channels_per_block": 16,
    "fc_devices": [],
    "reuse_size": 32,
    "embedding": false,
    "only-FC": false,
    "only-trace": true,
    "model_parallel": false,
    "pipeline_parallel": true,
    "multi_tb_per_device": true
}
====================================== END CONF ======================================
====================================== MODEL CONF ======================================
{
    "model_name": "Llama2-13B",
    "n_heads": 40,
    "num_channels": 32,
    "channels_per_block": 16,
    "fc_devices": [],
    "reuse_size": 32,
    "embedding": false,
    "only-FC": false,
    "only-trace": true,
    "model_parallel": false,
    "pipeline_parallel": true,
    "multi_tb_per_device": true
}
====================================== END CONF ======================================
====================================== MODEL CONF ======================================
{
    "model_name": "Llama2-13B",
    "n_heads": 40,
    "num_channels": 32,
    "channels_per_block": 16,
    "fc_devices": [],
    "reuse_size": 32,
    "embedding": false,
    "only-FC": false,
    "only-trace": true,
    "model_parallel": false,
    "pipeline_parallel": true,
    "multi_tb_per_device": true
}
====================================== END CONF ======================================
====================================== MODEL CONF ======================================
{
    "model_name": "Llama2-13B",
    "n_heads": 40,
    "num_channels": 32,
    "channels_per_block": 16,
    "fc_devices": [],
    "reuse_size": 32,
    "embedding": false,
    "only-FC": false,
    "only-trace": true,
    "model_parallel": false,
    "pipeline_parallel": true,
    "multi_tb_per_device": true
}
====================================== END CONF ======================================
====================================== MODEL CONF ======================================
{
    "model_name": "Llama2-13B",
    "n_heads": 40,
    "num_channels": 32,
    "channels_per_block": 16,
    "fc_devices": [],
    "reuse_size": 32,
    "embedding": false,
    "only-FC": false,
    "only-trace": true,
    "model_parallel": false,
    "pipeline_parallel": true,
    "multi_tb_per_device": true
}
====================================== END CONF ======================================
====================================== MODEL CONF ======================================
{
    "model_name": "Llama2-13B",
    "n_heads": 40,
    "num_channels": 32,
    "channels_per_block": 16,
    "fc_devices": [],
    "reuse_size": 32,
    "embedding": false,
    "only-FC": false,
    "only-trace": true,
    "model_parallel": false,
    "pipeline_parallel": true,
    "multi_tb_per_device": true
}
====================================== END CONF ======================================
====================================== MODEL CONF ======================================
{
    "model_name": "Llama2-13B",
    "n_heads": 40,
    "num_channels": 32,
    "channels_per_block": 16,
    "fc_devices": [],
    "reuse_size": 32,
    "embedding": false,
    "only-FC": false,
    "only-trace": true,
    "model_parallel": false,
    "pipeline_parallel": true,
    "multi_tb_per_device": true
}
====================================== END CONF ======================================
====================================== MODEL CONF ======================================
{
    "model_name": "Llama2-13B",
    "n_heads": 40,
    "num_channels": 32,
    "channels_per_block": 16,
    "fc_devices": [],
    "reuse_size": 32,
    "embedding": false,
    "only-FC": false,
    "only-trace": true,
    "model_parallel": false,
    "pipeline_parallel": true,
    "multi_tb_per_device": true
}
====================================== END CONF ======================================
====================================== MODEL CONF ======================================
{
    "model_name": "Llama2-13B",
    "n_heads": 40,
    "num_channels": 32,
    "channels_per_block": 16,
    "fc_devices": [],
    "reuse_size": 32,
    "embedding": false,
    "only-FC": false,
    "only-trace": true,
    "model_parallel": false,
    "pipeline_parallel": true,
    "multi_tb_per_device": true
}
====================================== END CONF ======================================
====================================== MODEL CONF ======================================
{
    "model_name": "Llama2-13B",
    "n_heads": 40,
    "num_channels": 32,
    "channels_per_block": 16,
    "fc_devices": [],
    "reuse_size": 32,
    "embedding": false,
    "only-FC": false,
    "only-trace": true,
    "model_parallel": false,
    "pipeline_parallel": true,
    "multi_tb_per_device": true
}
====================================== END CONF ======================================
====================================== MODEL CONF ======================================
{
    "model_name": "Llama2-13B",
    "n_heads": 40,
    "num_channels": 32,
    "channels_per_block": 16,
    "fc_devices": [],
    "reuse_size": 32,
    "embedding": false,
    "only-FC": false,
    "only-trace": true,
    "model_parallel": false,
    "pipeline_parallel": true,
    "multi_tb_per_device": true
}
====================================== END CONF ======================================
====================================== MODEL CONF ======================================
{
    "model_name": "Llama2-13B",
    "n_heads": 40,
    "num_channels": 32,
    "channels_per_block": 16,
    "fc_devices": [],
    "reuse_size": 32,
    "embedding": false,
    "only-FC": false,
    "only-trace": true,
    "model_parallel": false,
    "pipeline_parallel": true,
    "multi_tb_per_device": true
}
====================================== END CONF ======================================
====================================== MODEL CONF ======================================
{
    "model_name": "Llama2-13B",
    "n_heads": 40,
    "num_channels": 32,
    "channels_per_block": 16,
    "fc_devices": [],
    "reuse_size": 32,
    "embedding": false,
    "only-FC": false,
    "only-trace": true,
    "model_parallel": false,
    "pipeline_parallel": true,
    "multi_tb_per_device": true
}
====================================== END CONF ======================================
====================================== MODEL CONF ======================================
{
    "model_name": "Llama2-13B",
    "n_heads": 40,
    "num_channels": 32,
    "channels_per_block": 16,
    "fc_devices": [],
    "reuse_size": 32,
    "embedding": false,
    "only-FC": false,
    "only-trace": true,
    "model_parallel": false,
    "pipeline_parallel": true,
    "multi_tb_per_device": true
}
====================================== END CONF ======================================
====================================== MODEL CONF ======================================
{
    "model_name": "Llama2-13B",
    "n_heads": 40,
    "num_channels": 32,
    "channels_per_block": 16,
    "fc_devices": [],
    "reuse_size": 32,
    "embedding": false,
    "only-FC": false,
    "only-trace": true,
    "model_parallel": false,
    "pipeline_parallel": true,
    "multi_tb_per_device": true
}
====================================== END CONF ======================================
====================================== MODEL CONF ======================================
{
    "model_name": "Llama2-13B",
    "n_heads": 40,
    "num_channels": 32,
    "channels_per_block": 16,
    "fc_devices": [],
    "reuse_size": 32,
    "embedding": false,
    "only-FC": false,
    "only-trace": true,
    "model_parallel": false,
    "pipeline_parallel": true,
    "multi_tb_per_device": true
}
====================================== END CONF ======================================
====================================== MODEL CONF ======================================
{
    "model_name": "Llama2-13B",
    "n_heads": 40,
    "num_channels": 32,
    "channels_per_block": 16,
    "fc_devices": [],
    "reuse_size": 32,
    "embedding": false,
    "only-FC": false,
    "only-trace": true,
    "model_parallel": false,
    "pipeline_parallel": true,
    "multi_tb_per_device": true
}
====================================== END CONF ======================================
====================================== MODEL CONF ======================================
{
    "model_name": "Llama2-13B",
    "n_heads": 40,
    "num_channels": 32,
    "channels_per_block": 16,
    "fc_devices": [],
    "reuse_size": 32,
    "embedding": false,
    "only-FC": false,
    "only-trace": true,
    "model_parallel": false,
    "pipeline_parallel": true,
    "multi_tb_per_device": true
}
====================================== END CONF ======================================
====================================== MODEL CONF ======================================
{
    "model_name": "Llama2-13B",
    "n_heads": 40,
    "num_channels": 32,
    "channels_per_block": 16,
    "fc_devices": [],
    "reuse_size": 32,
    "embedding": false,
    "only-FC": false,
    "only-trace": true,
    "model_parallel": false,
    "pipeline_parallel": true,
    "multi_tb_per_device": true
}
====================================== END CONF ======================================
====================================== MODEL CONF ======================================
{
    "model_name": "Llama2-13B",
    "n_heads": 40,
    "num_channels": 32,
    "channels_per_block": 16,
    "fc_devices": [],
    "reuse_size": 32,
    "embedding": false,
    "only-FC": false,
    "only-trace": true,
    "model_parallel": false,
    "pipeline_parallel": true,
    "multi_tb_per_device": true
}
====================================== END CONF ======================================
====================================== MODEL CONF ======================================
{
    "model_name": "Llama2-13B",
    "n_heads": 40,
    "num_channels": 32,
    "channels_per_block": 16,
    "fc_devices": [],
    "reuse_size": 32,
    "embedding": false,
    "only-FC": false,
    "only-trace": true,
    "model_parallel": false,
    "pipeline_parallel": true,
    "multi_tb_per_device": true
}
====================================== END CONF ======================================
====================================== MODEL CONF ======================================
{
    "model_name": "Llama2-13B",
    "n_heads": 40,
    "num_channels": 32,
    "channels_per_block": 16,
    "fc_devices": [],
    "reuse_size": 32,
    "embedding": false,
    "only-FC": false,
    "only-trace": true,
    "model_parallel": false,
    "pipeline_parallel": true,
    "multi_tb_per_device": true
}
====================================== END CONF ======================================
====================================== MODEL CONF ======================================
{
    "model_name": "Llama2-13B",
    "n_heads": 40,
    "num_channels": 32,
    "channels_per_block": 16,
    "fc_devices": [],
    "reuse_size": 32,
    "embedding": false,
    "only-FC": false,
    "only-trace": true,
    "model_parallel": false,
    "pipeline_parallel": true,
    "multi_tb_per_device": true
}
====================================== END CONF ======================================
====================================== MODEL CONF ======================================
{
    "model_name": "Llama2-13B",
    "n_heads": 40,
    "num_channels": 32,
    "channels_per_block": 16,
    "fc_devices": [],
    "reuse_size": 32,
    "embedding": false,
    "only-FC": false,
    "only-trace": true,
    "model_parallel": false,
    "pipeline_parallel": true,
    "multi_tb_per_device": true
}
====================================== END CONF ======================================
====================================== MODEL CONF ======================================
{
    "model_name": "Llama2-13B",
    "n_heads": 40,
    "num_channels": 32,
    "channels_per_block": 16,
    "fc_devices": [],
    "reuse_size": 32,
    "embedding": false,
    "only-FC": false,
    "only-trace": true,
    "model_parallel": false,
    "pipeline_parallel": true,
    "multi_tb_per_device": true
}
====================================== END CONF ======================================
====================================== MODEL CONF ======================================
{
    "model_name": "Llama2-13B",
    "n_heads": 40,
    "num_channels": 32,
    "channels_per_block": 16,
    "fc_devices": [],
    "reuse_size": 32,
    "embedding": false,
    "only-FC": false,
    "only-trace": true,
    "model_parallel": false,
    "pipeline_parallel": true,
    "multi_tb_per_device": true
}

 generate trace in function_sim, model name=None


 generate trace in function_sim, model name=None


 generate trace in function_sim, model name=None


 generate trace in function_sim, model name=None


 generate trace in function_sim, model name=None


 generate trace in function_sim, model name=None


 generate trace in function_sim, model name=None


 generate trace in function_sim, model name=None


 generate trace in function_sim, model name=None


 generate trace in function_sim, model name=None


 generate trace in function_sim, model name=None


 generate trace in function_sim, model name=None


 generate trace in function_sim, model name=None


 generate trace in function_sim, model name=None


 generate trace in function_sim, model name=None


 generate trace in function_sim, model name=None


 generate trace in function_sim, model name=None


 generate trace in function_sim, model name=None


 generate trace in function_sim, model name=None


 generate trace in function_sim, model name=None


 generate trace in function_sim, model name=None


 generate trace in function_sim, model name=None


 generate trace in function_sim, model name=None


 generate trace in function_sim, model name=None


 generate trace in function_sim, model name=None


 generate trace in function_sim, model name=None


 generate trace in function_sim, model name=None


 generate trace in function_sim, model name=None


 generate trace in function_sim, model name=None


 generate trace in function_sim, model name=None


 generate trace in function_sim, model name=None


 generate trace in function_sim, model name=None


 generate trace in function_sim, model name=None

====================================== END CONF ======================================
current run_sim.py directory files after trace generation:  /home/mainuddin/flyCENT/CENT/cent_simulation

=== NEW TRACES GENERATED 33 . COMBINED STATS SAVED TO: ../cent_simulation/logs/Llama2-13B_all_traces_burst_stats.json ===
=================================================================

../aim_simulator/build/ramulator2 -f ../aim_simulator/test/example.yaml -t ../trace/32_channels_per_device/pipeline_parallel_embedding/Llama2-13B/trace_16_channels_per_block_seqlen_4096.txt
../aim_simulator/build/ramulator2 -f ../aim_simulator/test/example.yaml -t ../trace/32_channels_per_device/pipeline_parallel/Llama2-13B/trace_16_channels_per_block_seqlen_128.txt
../aim_simulator/build/ramulator2 -f ../aim_simulator/test/example.yaml -t ../trace/32_channels_per_device/pipeline_parallel/Llama2-13B/trace_16_channels_per_block_seqlen_256.txt
../aim_simulator/build/ramulator2 -f ../aim_simulator/test/example.yaml -t ../trace/32_channels_per_device/pipeline_parallel/Llama2-13B/trace_16_channels_per_block_seqlen_384.txt
../aim_simulator/build/ramulator2 -f ../aim_simulator/test/example.yaml -t ../trace/32_channels_per_device/pipeline_parallel/Llama2-13B/trace_16_channels_per_block_seqlen_512.txt
../aim_simulator/build/ramulator2 -f ../aim_simulator/test/example.yaml -t ../trace/32_channels_per_device/pipeline_parallel/Llama2-13B/trace_16_channels_per_block_seqlen_640.txt
../aim_simulator/build/ramulator2 -f ../aim_simulator/test/example.yaml -t ../trace/32_channels_per_device/pipeline_parallel/Llama2-13B/trace_16_channels_per_block_seqlen_768.txt
../aim_simulator/build/ramulator2 -f ../aim_simulator/test/example.yaml -t ../trace/32_channels_per_device/pipeline_parallel/Llama2-13B/trace_16_channels_per_block_seqlen_896.txt
../aim_simulator/build/ramulator2 -f ../aim_simulator/test/example.yaml -t ../trace/32_channels_per_device/pipeline_parallel/Llama2-13B/trace_16_channels_per_block_seqlen_1024.txt
../aim_simulator/build/ramulator2 -f ../aim_simulator/test/example.yaml -t ../trace/32_channels_per_device/pipeline_parallel/Llama2-13B/trace_16_channels_per_block_seqlen_1152.txt
../aim_simulator/build/ramulator2 -f ../aim_simulator/test/example.yaml -t ../trace/32_channels_per_device/pipeline_parallel/Llama2-13B/trace_16_channels_per_block_seqlen_1280.txt
../aim_simulator/build/ramulator2 -f ../aim_simulator/test/example.yaml -t ../trace/32_channels_per_device/pipeline_parallel/Llama2-13B/trace_16_channels_per_block_seqlen_1408.txt
../aim_simulator/build/ramulator2 -f ../aim_simulator/test/example.yaml -t ../trace/32_channels_per_device/pipeline_parallel/Llama2-13B/trace_16_channels_per_block_seqlen_1536.txt
../aim_simulator/build/ramulator2 -f ../aim_simulator/test/example.yaml -t ../trace/32_channels_per_device/pipeline_parallel/Llama2-13B/trace_16_channels_per_block_seqlen_1664.txt
../aim_simulator/build/ramulator2 -f ../aim_simulator/test/example.yaml -t ../trace/32_channels_per_device/pipeline_parallel/Llama2-13B/trace_16_channels_per_block_seqlen_1792.txt
../aim_simulator/build/ramulator2 -f ../aim_simulator/test/example.yaml -t ../trace/32_channels_per_device/pipeline_parallel/Llama2-13B/trace_16_channels_per_block_seqlen_1920.txt
../aim_simulator/build/ramulator2 -f ../aim_simulator/test/example.yaml -t ../trace/32_channels_per_device/pipeline_parallel/Llama2-13B/trace_16_channels_per_block_seqlen_2048.txt
../aim_simulator/build/ramulator2 -f ../aim_simulator/test/example.yaml -t ../trace/32_channels_per_device/pipeline_parallel/Llama2-13B/trace_16_channels_per_block_seqlen_2176.txt
../aim_simulator/build/ramulator2 -f ../aim_simulator/test/example.yaml -t ../trace/32_channels_per_device/pipeline_parallel/Llama2-13B/trace_16_channels_per_block_seqlen_2304.txt
../aim_simulator/build/ramulator2 -f ../aim_simulator/test/example.yaml -t ../trace/32_channels_per_device/pipeline_parallel/Llama2-13B/trace_16_channels_per_block_seqlen_2432.txt
../aim_simulator/build/ramulator2 -f ../aim_simulator/test/example.yaml -t ../trace/32_channels_per_device/pipeline_parallel/Llama2-13B/trace_16_channels_per_block_seqlen_2560.txt
../aim_simulator/build/ramulator2 -f ../aim_simulator/test/example.yaml -t ../trace/32_channels_per_device/pipeline_parallel/Llama2-13B/trace_16_channels_per_block_seqlen_2688.txt
../aim_simulator/build/ramulator2 -f ../aim_simulator/test/example.yaml -t ../trace/32_channels_per_device/pipeline_parallel/Llama2-13B/trace_16_channels_per_block_seqlen_2816.txt
../aim_simulator/build/ramulator2 -f ../aim_simulator/test/example.yaml -t ../trace/32_channels_per_device/pipeline_parallel/Llama2-13B/trace_16_channels_per_block_seqlen_2944.txt
../aim_simulator/build/ramulator2 -f ../aim_simulator/test/example.yaml -t ../trace/32_channels_per_device/pipeline_parallel/Llama2-13B/trace_16_channels_per_block_seqlen_3072.txt
../aim_simulator/build/ramulator2 -f ../aim_simulator/test/example.yaml -t ../trace/32_channels_per_device/pipeline_parallel/Llama2-13B/trace_16_channels_per_block_seqlen_3200.txt
../aim_simulator/build/ramulator2 -f ../aim_simulator/test/example.yaml -t ../trace/32_channels_per_device/pipeline_parallel/Llama2-13B/trace_16_channels_per_block_seqlen_3328.txt
../aim_simulator/build/ramulator2 -f ../aim_simulator/test/example.yaml -t ../trace/32_channels_per_device/pipeline_parallel/Llama2-13B/trace_16_channels_per_block_seqlen_3456.txt
../aim_simulator/build/ramulator2 -f ../aim_simulator/test/example.yaml -t ../trace/32_channels_per_device/pipeline_parallel/Llama2-13B/trace_16_channels_per_block_seqlen_3584.txt
../aim_simulator/build/ramulator2 -f ../aim_simulator/test/example.yaml -t ../trace/32_channels_per_device/pipeline_parallel/Llama2-13B/trace_16_channels_per_block_seqlen_3712.txt
../aim_simulator/build/ramulator2 -f ../aim_simulator/test/example.yaml -t ../trace/32_channels_per_device/pipeline_parallel/Llama2-13B/trace_16_channels_per_block_seqlen_3840.txt
../aim_simulator/build/ramulator2 -f ../aim_simulator/test/example.yaml -t ../trace/32_channels_per_device/pipeline_parallel/Llama2-13B/trace_16_channels_per_block_seqlen_3968.txt
../aim_simulator/build/ramulator2 -f ../aim_simulator/test/example.yaml -t ../trace/32_channels_per_device/pipeline_parallel/Llama2-13B/trace_16_channels_per_block_seqlen_4096.txt
Processing results...
Updating simulation results to CSV file...
Generating traces for Llama2-70B with 2 threads...

Generate trace in run_sim, model name=Llama2-70B sending as model --Llama-GQA

====================================== MODEL CONF ======================================
{
    "model_name": "Llama2-70B",
    "n_heads": 64,
    "num_channels": 32,
    "channels_per_block": 10,
    "fc_devices": [],
    "reuse_size": 32,
    "embedding": true,
    "only-FC": false,
    "only-trace": true,
    "model_parallel": false,
    "pipeline_parallel": true,
    "multi_tb_per_device": true
}
====================================== END CONF ======================================
====================================== MODEL CONF ======================================
{
    "model_name": "Llama2-70B",
    "n_heads": 64,
    "num_channels": 32,
    "channels_per_block": 10,
    "fc_devices": [],
    "reuse_size": 32,
    "embedding": false,
    "only-FC": false,
    "only-trace": true,
    "model_parallel": false,
    "pipeline_parallel": true,
    "multi_tb_per_device": true
}
====================================== END CONF ======================================
====================================== MODEL CONF ======================================
{
    "model_name": "Llama2-70B",
    "n_heads": 64,
    "num_channels": 32,
    "channels_per_block": 10,
    "fc_devices": [],
    "reuse_size": 32,
    "embedding": false,
    "only-FC": false,
    "only-trace": true,
    "model_parallel": false,
    "pipeline_parallel": true,
    "multi_tb_per_device": true
}
====================================== END CONF ======================================
====================================== MODEL CONF ======================================
{
    "model_name": "Llama2-70B",
    "n_heads": 64,
    "num_channels": 32,
    "channels_per_block": 10,
    "fc_devices": [],
    "reuse_size": 32,
    "embedding": false,
    "only-FC": false,
    "only-trace": true,
    "model_parallel": false,
    "pipeline_parallel": true,
    "multi_tb_per_device": true
}
====================================== END CONF ======================================
====================================== MODEL CONF ======================================
{
    "model_name": "Llama2-70B",
    "n_heads": 64,
    "num_channels": 32,
    "channels_per_block": 10,
    "fc_devices": [],
    "reuse_size": 32,
    "embedding": false,
    "only-FC": false,
    "only-trace": true,
    "model_parallel": false,
    "pipeline_parallel": true,
    "multi_tb_per_device": true
}
====================================== END CONF ======================================
====================================== MODEL CONF ======================================
{
    "model_name": "Llama2-70B",
    "n_heads": 64,
    "num_channels": 32,
    "channels_per_block": 10,
    "fc_devices": [],
    "reuse_size": 32,
    "embedding": false,
    "only-FC": false,
    "only-trace": true,
    "model_parallel": false,
    "pipeline_parallel": true,
    "multi_tb_per_device": true
}
====================================== END CONF ======================================
====================================== MODEL CONF ======================================
{
    "model_name": "Llama2-70B",
    "n_heads": 64,
    "num_channels": 32,
    "channels_per_block": 10,
    "fc_devices": [],
    "reuse_size": 32,
    "embedding": false,
    "only-FC": false,
    "only-trace": true,
    "model_parallel": false,
    "pipeline_parallel": true,
    "multi_tb_per_device": true
}
====================================== END CONF ======================================
====================================== MODEL CONF ======================================
{
    "model_name": "Llama2-70B",
    "n_heads": 64,
    "num_channels": 32,
    "channels_per_block": 10,
    "fc_devices": [],
    "reuse_size": 32,
    "embedding": false,
    "only-FC": false,
    "only-trace": true,
    "model_parallel": false,
    "pipeline_parallel": true,
    "multi_tb_per_device": true
}
====================================== END CONF ======================================
====================================== MODEL CONF ======================================
{
    "model_name": "Llama2-70B",
    "n_heads": 64,
    "num_channels": 32,
    "channels_per_block": 10,
    "fc_devices": [],
    "reuse_size": 32,
    "embedding": false,
    "only-FC": false,
    "only-trace": true,
    "model_parallel": false,
    "pipeline_parallel": true,
    "multi_tb_per_device": true
}
====================================== END CONF ======================================
====================================== MODEL CONF ======================================
{
    "model_name": "Llama2-70B",
    "n_heads": 64,
    "num_channels": 32,
    "channels_per_block": 10,
    "fc_devices": [],
    "reuse_size": 32,
    "embedding": false,
    "only-FC": false,
    "only-trace": true,
    "model_parallel": false,
    "pipeline_parallel": true,
    "multi_tb_per_device": true
}
====================================== END CONF ======================================
====================================== MODEL CONF ======================================
{
    "model_name": "Llama2-70B",
    "n_heads": 64,
    "num_channels": 32,
    "channels_per_block": 10,
    "fc_devices": [],
    "reuse_size": 32,
    "embedding": false,
    "only-FC": false,
    "only-trace": true,
    "model_parallel": false,
    "pipeline_parallel": true,
    "multi_tb_per_device": true
}
====================================== END CONF ======================================
====================================== MODEL CONF ======================================
{
    "model_name": "Llama2-70B",
    "n_heads": 64,
    "num_channels": 32,
    "channels_per_block": 10,
    "fc_devices": [],
    "reuse_size": 32,
    "embedding": false,
    "only-FC": false,
    "only-trace": true,
    "model_parallel": false,
    "pipeline_parallel": true,
    "multi_tb_per_device": true
}
====================================== END CONF ======================================
====================================== MODEL CONF ======================================
{
    "model_name": "Llama2-70B",
    "n_heads": 64,
    "num_channels": 32,
    "channels_per_block": 10,
    "fc_devices": [],
    "reuse_size": 32,
    "embedding": false,
    "only-FC": false,
    "only-trace": true,
    "model_parallel": false,
    "pipeline_parallel": true,
    "multi_tb_per_device": true
}
====================================== END CONF ======================================
====================================== MODEL CONF ======================================
{
    "model_name": "Llama2-70B",
    "n_heads": 64,
    "num_channels": 32,
    "channels_per_block": 10,
    "fc_devices": [],
    "reuse_size": 32,
    "embedding": false,
    "only-FC": false,
    "only-trace": true,
    "model_parallel": false,
    "pipeline_parallel": true,
    "multi_tb_per_device": true
}
====================================== END CONF ======================================
====================================== MODEL CONF ======================================
{
    "model_name": "Llama2-70B",
    "n_heads": 64,
    "num_channels": 32,
    "channels_per_block": 10,
    "fc_devices": [],
    "reuse_size": 32,
    "embedding": false,
    "only-FC": false,
    "only-trace": true,
    "model_parallel": false,
    "pipeline_parallel": true,
    "multi_tb_per_device": true
}
====================================== END CONF ======================================
====================================== MODEL CONF ======================================
{
    "model_name": "Llama2-70B",
    "n_heads": 64,
    "num_channels": 32,
    "channels_per_block": 10,
    "fc_devices": [],
    "reuse_size": 32,
    "embedding": false,
    "only-FC": false,
    "only-trace": true,
    "model_parallel": false,
    "pipeline_parallel": true,
    "multi_tb_per_device": true
}
====================================== END CONF ======================================
====================================== MODEL CONF ======================================
{
    "model_name": "Llama2-70B",
    "n_heads": 64,
    "num_channels": 32,
    "channels_per_block": 10,
    "fc_devices": [],
    "reuse_size": 32,
    "embedding": false,
    "only-FC": false,
    "only-trace": true,
    "model_parallel": false,
    "pipeline_parallel": true,
    "multi_tb_per_device": true
}
====================================== END CONF ======================================
====================================== MODEL CONF ======================================
{
    "model_name": "Llama2-70B",
    "n_heads": 64,
    "num_channels": 32,
    "channels_per_block": 10,
    "fc_devices": [],
    "reuse_size": 32,
    "embedding": false,
    "only-FC": false,
    "only-trace": true,
    "model_parallel": false,
    "pipeline_parallel": true,
    "multi_tb_per_device": true
}
====================================== END CONF ======================================
====================================== MODEL CONF ======================================
{
    "model_name": "Llama2-70B",
    "n_heads": 64,
    "num_channels": 32,
    "channels_per_block": 10,
    "fc_devices": [],
    "reuse_size": 32,
    "embedding": false,
    "only-FC": false,
    "only-trace": true,
    "model_parallel": false,
    "pipeline_parallel": true,
    "multi_tb_per_device": true
}
====================================== END CONF ======================================
====================================== MODEL CONF ======================================
{
    "model_name": "Llama2-70B",
    "n_heads": 64,
    "num_channels": 32,
    "channels_per_block": 10,
    "fc_devices": [],
    "reuse_size": 32,
    "embedding": false,
    "only-FC": false,
    "only-trace": true,
    "model_parallel": false,
    "pipeline_parallel": true,
    "multi_tb_per_device": true
}
====================================== END CONF ======================================
====================================== MODEL CONF ======================================
{
    "model_name": "Llama2-70B",
    "n_heads": 64,
    "num_channels": 32,
    "channels_per_block": 10,
    "fc_devices": [],
    "reuse_size": 32,
    "embedding": false,
    "only-FC": false,
    "only-trace": true,
    "model_parallel": false,
    "pipeline_parallel": true,
    "multi_tb_per_device": true
}
====================================== END CONF ======================================
====================================== MODEL CONF ======================================
{
    "model_name": "Llama2-70B",
    "n_heads": 64,
    "num_channels": 32,
    "channels_per_block": 10,
    "fc_devices": [],
    "reuse_size": 32,
    "embedding": false,
    "only-FC": false,
    "only-trace": true,
    "model_parallel": false,
    "pipeline_parallel": true,
    "multi_tb_per_device": true
}
====================================== END CONF ======================================
====================================== MODEL CONF ======================================
{
    "model_name": "Llama2-70B",
    "n_heads": 64,
    "num_channels": 32,
    "channels_per_block": 10,
    "fc_devices": [],
    "reuse_size": 32,
    "embedding": false,
    "only-FC": false,
    "only-trace": true,
    "model_parallel": false,
    "pipeline_parallel": true,
    "multi_tb_per_device": true
}
====================================== END CONF ======================================
====================================== MODEL CONF ======================================
{
    "model_name": "Llama2-70B",
    "n_heads": 64,
    "num_channels": 32,
    "channels_per_block": 10,
    "fc_devices": [],
    "reuse_size": 32,
    "embedding": false,
    "only-FC": false,
    "only-trace": true,
    "model_parallel": false,
    "pipeline_parallel": true,
    "multi_tb_per_device": true
}
====================================== END CONF ======================================
====================================== MODEL CONF ======================================
{
    "model_name": "Llama2-70B",
    "n_heads": 64,
    "num_channels": 32,
    "channels_per_block": 10,
    "fc_devices": [],
    "reuse_size": 32,
    "embedding": false,
    "only-FC": false,
    "only-trace": true,
    "model_parallel": false,
    "pipeline_parallel": true,
    "multi_tb_per_device": true
}
====================================== END CONF ======================================
====================================== MODEL CONF ======================================
{
    "model_name": "Llama2-70B",
    "n_heads": 64,
    "num_channels": 32,
    "channels_per_block": 10,
    "fc_devices": [],
    "reuse_size": 32,
    "embedding": false,
    "only-FC": false,
    "only-trace": true,
    "model_parallel": false,
    "pipeline_parallel": true,
    "multi_tb_per_device": true
}
====================================== END CONF ======================================
====================================== MODEL CONF ======================================
{
    "model_name": "Llama2-70B",
    "n_heads": 64,
    "num_channels": 32,
    "channels_per_block": 10,
    "fc_devices": [],
    "reuse_size": 32,
    "embedding": false,
    "only-FC": false,
    "only-trace": true,
    "model_parallel": false,
    "pipeline_parallel": true,
    "multi_tb_per_device": true
}
====================================== END CONF ======================================
====================================== MODEL CONF ======================================
{
    "model_name": "Llama2-70B",
    "n_heads": 64,
    "num_channels": 32,
    "channels_per_block": 10,
    "fc_devices": [],
    "reuse_size": 32,
    "embedding": false,
    "only-FC": false,
    "only-trace": true,
    "model_parallel": false,
    "pipeline_parallel": true,
    "multi_tb_per_device": true
}
====================================== END CONF ======================================
====================================== MODEL CONF ======================================
{
    "model_name": "Llama2-70B",
    "n_heads": 64,
    "num_channels": 32,
    "channels_per_block": 10,
    "fc_devices": [],
    "reuse_size": 32,
    "embedding": false,
    "only-FC": false,
    "only-trace": true,
    "model_parallel": false,
    "pipeline_parallel": true,
    "multi_tb_per_device": true
}
====================================== END CONF ======================================
====================================== MODEL CONF ======================================
{
    "model_name": "Llama2-70B",
    "n_heads": 64,
    "num_channels": 32,
    "channels_per_block": 10,
    "fc_devices": [],
    "reuse_size": 32,
    "embedding": false,
    "only-FC": false,
    "only-trace": true,
    "model_parallel": false,
    "pipeline_parallel": true,
    "multi_tb_per_device": true
}
====================================== END CONF ======================================
====================================== MODEL CONF ======================================
{
    "model_name": "Llama2-70B",
    "n_heads": 64,
    "num_channels": 32,
    "channels_per_block": 10,
    "fc_devices": [],
    "reuse_size": 32,
    "embedding": false,
    "only-FC": false,
    "only-trace": true,
    "model_parallel": false,
    "pipeline_parallel": true,
    "multi_tb_per_device": true
}
====================================== END CONF ======================================
====================================== MODEL CONF ======================================
{
    "model_name": "Llama2-70B",
    "n_heads": 64,
    "num_channels": 32,
    "channels_per_block": 10,
    "fc_devices": [],
    "reuse_size": 32,
    "embedding": false,
    "only-FC": false,
    "only-trace": true,
    "model_parallel": false,
    "pipeline_parallel": true,
    "multi_tb_per_device": true
}
====================================== END CONF ======================================
====================================== MODEL CONF ======================================
{
    "model_name": "Llama2-70B",
    "n_heads": 64,
    "num_channels": 32,
    "channels_per_block": 10,
    "fc_devices": [],
    "reuse_size": 32,
    "embedding": false,
    "only-FC": false,
    "only-trace": true,
    "model_parallel": false,
    "pipeline_parallel": true,
    "multi_tb_per_device": true
}

 generate trace in function_sim, model name=None


 generate trace in function_sim, model name=None


 generate trace in function_sim, model name=None


 generate trace in function_sim, model name=None


 generate trace in function_sim, model name=None


 generate trace in function_sim, model name=None


 generate trace in function_sim, model name=None


 generate trace in function_sim, model name=None


 generate trace in function_sim, model name=None


 generate trace in function_sim, model name=None


 generate trace in function_sim, model name=None


 generate trace in function_sim, model name=None


 generate trace in function_sim, model name=None


 generate trace in function_sim, model name=None


 generate trace in function_sim, model name=None


 generate trace in function_sim, model name=None


 generate trace in function_sim, model name=None


 generate trace in function_sim, model name=None


 generate trace in function_sim, model name=None


 generate trace in function_sim, model name=None


 generate trace in function_sim, model name=None


 generate trace in function_sim, model name=None


 generate trace in function_sim, model name=None


 generate trace in function_sim, model name=None


 generate trace in function_sim, model name=None


 generate trace in function_sim, model name=None


 generate trace in function_sim, model name=None


 generate trace in function_sim, model name=None


 generate trace in function_sim, model name=None


 generate trace in function_sim, model name=None


 generate trace in function_sim, model name=None


 generate trace in function_sim, model name=None


 generate trace in function_sim, model name=None

====================================== END CONF ======================================
current run_sim.py directory files after trace generation:  /home/mainuddin/flyCENT/CENT/cent_simulation

=== NEW TRACES GENERATED 33 . COMBINED STATS SAVED TO: ../cent_simulation/logs/Llama2-70B_all_traces_burst_stats.json ===
=================================================================

../aim_simulator/build/ramulator2 -f ../aim_simulator/test/example.yaml -t ../trace/32_channels_per_device/pipeline_parallel_embedding/Llama2-70B/trace_10_channels_per_block_seqlen_4096.txt
../aim_simulator/build/ramulator2 -f ../aim_simulator/test/example.yaml -t ../trace/32_channels_per_device/pipeline_parallel/Llama2-70B/trace_10_channels_per_block_seqlen_128.txt
../aim_simulator/build/ramulator2 -f ../aim_simulator/test/example.yaml -t ../trace/32_channels_per_device/pipeline_parallel/Llama2-70B/trace_10_channels_per_block_seqlen_256.txt
../aim_simulator/build/ramulator2 -f ../aim_simulator/test/example.yaml -t ../trace/32_channels_per_device/pipeline_parallel/Llama2-70B/trace_10_channels_per_block_seqlen_384.txt
../aim_simulator/build/ramulator2 -f ../aim_simulator/test/example.yaml -t ../trace/32_channels_per_device/pipeline_parallel/Llama2-70B/trace_10_channels_per_block_seqlen_512.txt
../aim_simulator/build/ramulator2 -f ../aim_simulator/test/example.yaml -t ../trace/32_channels_per_device/pipeline_parallel/Llama2-70B/trace_10_channels_per_block_seqlen_640.txt
../aim_simulator/build/ramulator2 -f ../aim_simulator/test/example.yaml -t ../trace/32_channels_per_device/pipeline_parallel/Llama2-70B/trace_10_channels_per_block_seqlen_768.txt
../aim_simulator/build/ramulator2 -f ../aim_simulator/test/example.yaml -t ../trace/32_channels_per_device/pipeline_parallel/Llama2-70B/trace_10_channels_per_block_seqlen_896.txt
../aim_simulator/build/ramulator2 -f ../aim_simulator/test/example.yaml -t ../trace/32_channels_per_device/pipeline_parallel/Llama2-70B/trace_10_channels_per_block_seqlen_1024.txt
../aim_simulator/build/ramulator2 -f ../aim_simulator/test/example.yaml -t ../trace/32_channels_per_device/pipeline_parallel/Llama2-70B/trace_10_channels_per_block_seqlen_1152.txt
../aim_simulator/build/ramulator2 -f ../aim_simulator/test/example.yaml -t ../trace/32_channels_per_device/pipeline_parallel/Llama2-70B/trace_10_channels_per_block_seqlen_1280.txt
../aim_simulator/build/ramulator2 -f ../aim_simulator/test/example.yaml -t ../trace/32_channels_per_device/pipeline_parallel/Llama2-70B/trace_10_channels_per_block_seqlen_1408.txt
../aim_simulator/build/ramulator2 -f ../aim_simulator/test/example.yaml -t ../trace/32_channels_per_device/pipeline_parallel/Llama2-70B/trace_10_channels_per_block_seqlen_1536.txt
../aim_simulator/build/ramulator2 -f ../aim_simulator/test/example.yaml -t ../trace/32_channels_per_device/pipeline_parallel/Llama2-70B/trace_10_channels_per_block_seqlen_1664.txt
../aim_simulator/build/ramulator2 -f ../aim_simulator/test/example.yaml -t ../trace/32_channels_per_device/pipeline_parallel/Llama2-70B/trace_10_channels_per_block_seqlen_1792.txt
../aim_simulator/build/ramulator2 -f ../aim_simulator/test/example.yaml -t ../trace/32_channels_per_device/pipeline_parallel/Llama2-70B/trace_10_channels_per_block_seqlen_1920.txt
../aim_simulator/build/ramulator2 -f ../aim_simulator/test/example.yaml -t ../trace/32_channels_per_device/pipeline_parallel/Llama2-70B/trace_10_channels_per_block_seqlen_2048.txt
../aim_simulator/build/ramulator2 -f ../aim_simulator/test/example.yaml -t ../trace/32_channels_per_device/pipeline_parallel/Llama2-70B/trace_10_channels_per_block_seqlen_2176.txt
../aim_simulator/build/ramulator2 -f ../aim_simulator/test/example.yaml -t ../trace/32_channels_per_device/pipeline_parallel/Llama2-70B/trace_10_channels_per_block_seqlen_2304.txt
../aim_simulator/build/ramulator2 -f ../aim_simulator/test/example.yaml -t ../trace/32_channels_per_device/pipeline_parallel/Llama2-70B/trace_10_channels_per_block_seqlen_2432.txt
../aim_simulator/build/ramulator2 -f ../aim_simulator/test/example.yaml -t ../trace/32_channels_per_device/pipeline_parallel/Llama2-70B/trace_10_channels_per_block_seqlen_2560.txt
../aim_simulator/build/ramulator2 -f ../aim_simulator/test/example.yaml -t ../trace/32_channels_per_device/pipeline_parallel/Llama2-70B/trace_10_channels_per_block_seqlen_2688.txt
../aim_simulator/build/ramulator2 -f ../aim_simulator/test/example.yaml -t ../trace/32_channels_per_device/pipeline_parallel/Llama2-70B/trace_10_channels_per_block_seqlen_2816.txt
../aim_simulator/build/ramulator2 -f ../aim_simulator/test/example.yaml -t ../trace/32_channels_per_device/pipeline_parallel/Llama2-70B/trace_10_channels_per_block_seqlen_2944.txt
../aim_simulator/build/ramulator2 -f ../aim_simulator/test/example.yaml -t ../trace/32_channels_per_device/pipeline_parallel/Llama2-70B/trace_10_channels_per_block_seqlen_3072.txt
../aim_simulator/build/ramulator2 -f ../aim_simulator/test/example.yaml -t ../trace/32_channels_per_device/pipeline_parallel/Llama2-70B/trace_10_channels_per_block_seqlen_3200.txt
../aim_simulator/build/ramulator2 -f ../aim_simulator/test/example.yaml -t ../trace/32_channels_per_device/pipeline_parallel/Llama2-70B/trace_10_channels_per_block_seqlen_3328.txt
../aim_simulator/build/ramulator2 -f ../aim_simulator/test/example.yaml -t ../trace/32_channels_per_device/pipeline_parallel/Llama2-70B/trace_10_channels_per_block_seqlen_3456.txt
../aim_simulator/build/ramulator2 -f ../aim_simulator/test/example.yaml -t ../trace/32_channels_per_device/pipeline_parallel/Llama2-70B/trace_10_channels_per_block_seqlen_3584.txt
../aim_simulator/build/ramulator2 -f ../aim_simulator/test/example.yaml -t ../trace/32_channels_per_device/pipeline_parallel/Llama2-70B/trace_10_channels_per_block_seqlen_3712.txt
../aim_simulator/build/ramulator2 -f ../aim_simulator/test/example.yaml -t ../trace/32_channels_per_device/pipeline_parallel/Llama2-70B/trace_10_channels_per_block_seqlen_3840.txt
../aim_simulator/build/ramulator2 -f ../aim_simulator/test/example.yaml -t ../trace/32_channels_per_device/pipeline_parallel/Llama2-70B/trace_10_channels_per_block_seqlen_3968.txt
../aim_simulator/build/ramulator2 -f ../aim_simulator/test/example.yaml -t ../trace/32_channels_per_device/pipeline_parallel/Llama2-70B/trace_10_channels_per_block_seqlen_4096.txt
Processing results...
Updating simulation results to CSV file...
Generating traces for Llama2-7B with 2 threads...

Generate trace in run_sim, model name=Llama2-7B sending as model --Llama

====================================== MODEL CONF ======================================
{
    "model_name": "Llama2-7B",
    "n_heads": 32,
    "num_channels": 32,
    "channels_per_block": "N/A",
    "fc_devices": [
        1,
        2,
        4,
        8
    ],
    "reuse_size": 32,
    "embedding": true,
    "only-FC": false,
    "only-trace": true,
    "model_parallel": true,
    "pipeline_parallel": false,
    "multi_tb_per_device": false
}
====================================== END CONF ======================================
====================================== MODEL CONF ======================================
{
    "model_name": "Llama2-7B",
    "n_heads": 32,
    "num_channels": 32,
    "channels_per_block": "N/A",
    "fc_devices": [
        1,
        2,
        4,
        8
    ],
    "reuse_size": 32,
    "embedding": true,
    "only-FC": false,
    "only-trace": true,
    "model_parallel": true,
    "pipeline_parallel": false,
    "multi_tb_per_device": false
}
====================================== END CONF ======================================
====================================== MODEL CONF ======================================
{
    "model_name": "Llama2-7B",
    "n_heads": 32,
    "num_channels": 32,
    "channels_per_block": "N/A",
    "fc_devices": [
        1,
        2,
        4,
        8
    ],
    "reuse_size": 32,
    "embedding": true,
    "only-FC": false,
    "only-trace": true,
    "model_parallel": true,
    "pipeline_parallel": false,
    "multi_tb_per_device": false
}
====================================== END CONF ======================================
====================================== MODEL CONF ======================================
{
    "model_name": "Llama2-7B",
    "n_heads": 32,
    "num_channels": 32,
    "channels_per_block": "N/A",
    "fc_devices": [
        1,
        2,
        4,
        8
    ],
    "reuse_size": 32,
    "embedding": true,
    "only-FC": false,
    "only-trace": true,
    "model_parallel": true,
    "pipeline_parallel": false,
    "multi_tb_per_device": false
}
====================================== END CONF ======================================
====================================== MODEL CONF ======================================
{
    "model_name": "Llama2-7B",
    "n_heads": 32,
    "num_channels": 32,
    "channels_per_block": "N/A",
    "fc_devices": [
        1,
        2,
        4,
        8
    ],
    "reuse_size": 32,
    "embedding": false,
    "only-FC": false,
    "only-trace": true,
    "model_parallel": true,
    "pipeline_parallel": false,
    "multi_tb_per_device": false
}
====================================== END CONF ======================================
====================================== MODEL CONF ======================================
{
    "model_name": "Llama2-7B",
    "n_heads": 32,
    "num_channels": 32,
    "channels_per_block": "N/A",
    "fc_devices": [],
    "reuse_size": 32,
    "embedding": false,
    "only-FC": true,
    "only-trace": true,
    "model_parallel": true,
    "pipeline_parallel": false,
    "multi_tb_per_device": false
}
====================================== END CONF ======================================
====================================== MODEL CONF ======================================
{
    "model_name": "Llama2-7B",
    "n_heads": 32,
    "num_channels": 32,
    "channels_per_block": "N/A",
    "fc_devices": [
        1,
        2,
        4,
        8
    ],
    "reuse_size": 32,
    "embedding": false,
    "only-FC": false,
    "only-trace": true,
    "model_parallel": true,
    "pipeline_parallel": false,
    "multi_tb_per_device": false
}
====================================== END CONF ======================================
====================================== MODEL CONF ======================================
{
    "model_name": "Llama2-7B",
    "n_heads": 32,
    "num_channels": 32,
    "channels_per_block": "N/A",
    "fc_devices": [],
    "reuse_size": 32,
    "embedding": false,
    "only-FC": true,
    "only-trace": true,
    "model_parallel": true,
    "pipeline_parallel": false,
    "multi_tb_per_device": false
}
====================================== END CONF ======================================
====================================== MODEL CONF ======================================
{
    "model_name": "Llama2-7B",
    "n_heads": 32,
    "num_channels": 32,
    "channels_per_block": "N/A",
    "fc_devices": [
        1,
        2,
        4,
        8
    ],
    "reuse_size": 32,
    "embedding": false,
    "only-FC": false,
    "only-trace": true,
    "model_parallel": true,
    "pipeline_parallel": false,
    "multi_tb_per_device": false
}
====================================== END CONF ======================================
====================================== MODEL CONF ======================================
{
    "model_name": "Llama2-7B",
    "n_heads": 32,
    "num_channels": 32,
    "channels_per_block": "N/A",
    "fc_devices": [],
    "reuse_size": 32,
    "embedding": false,
    "only-FC": true,
    "only-trace": true,
    "model_parallel": true,
    "pipeline_parallel": false,
    "multi_tb_per_device": false
}
====================================== END CONF ======================================
====================================== MODEL CONF ======================================
{
    "model_name": "Llama2-7B",
    "n_heads": 32,
    "num_channels": 32,
    "channels_per_block": "N/A",
    "fc_devices": [
        1,
        2,
        4,
        8
    ],
    "reuse_size": 32,
    "embedding": false,
    "only-FC": false,
    "only-trace": true,
    "model_parallel": true,
    "pipeline_parallel": false,
    "multi_tb_per_device": false
}
====================================== END CONF ======================================
====================================== MODEL CONF ======================================
{
    "model_name": "Llama2-7B",
    "n_heads": 32,
    "num_channels": 32,
    "channels_per_block": "N/A",
    "fc_devices": [],
    "reuse_size": 32,
    "embedding": false,
    "only-FC": true,
    "only-trace": true,
    "model_parallel": true,
    "pipeline_parallel": false,
    "multi_tb_per_device": false
}
====================================== END CONF ======================================
====================================== MODEL CONF ======================================
{
    "model_name": "Llama2-7B",
    "n_heads": 32,
    "num_channels": 32,
    "channels_per_block": "N/A",
    "fc_devices": [
        1,
        2,
        4,
        8
    ],
    "reuse_size": 32,
    "embedding": false,
    "only-FC": false,
    "only-trace": true,
    "model_parallel": true,
    "pipeline_parallel": false,
    "multi_tb_per_device": false
}
====================================== END CONF ======================================
====================================== MODEL CONF ======================================
{
    "model_name": "Llama2-7B",
    "n_heads": 32,
    "num_channels": 32,
    "channels_per_block": "N/A",
    "fc_devices": [],
    "reuse_size": 32,
    "embedding": false,
    "only-FC": true,
    "only-trace": true,
    "model_parallel": true,
    "pipeline_parallel": false,
    "multi_tb_per_device": false
}
====================================== END CONF ======================================
====================================== MODEL CONF ======================================
{
    "model_name": "Llama2-7B",
    "n_heads": 32,
    "num_channels": 32,
    "channels_per_block": "N/A",
    "fc_devices": [
        1,
        2,
        4,
        8
    ],
    "reuse_size": 32,
    "embedding": false,
    "only-FC": false,
    "only-trace": true,
    "model_parallel": true,
    "pipeline_parallel": false,
    "multi_tb_per_device": false
}
====================================== END CONF ======================================
====================================== MODEL CONF ======================================
{
    "model_name": "Llama2-7B",
    "n_heads": 32,
    "num_channels": 32,
    "channels_per_block": "N/A",
    "fc_devices": [],
    "reuse_size": 32,
    "embedding": false,
    "only-FC": true,
    "only-trace": true,
    "model_parallel": true,
    "pipeline_parallel": false,
    "multi_tb_per_device": false
}
====================================== END CONF ======================================
====================================== MODEL CONF ======================================
{
    "model_name": "Llama2-7B",
    "n_heads": 32,
    "num_channels": 32,
    "channels_per_block": "N/A",
    "fc_devices": [
        1,
        2,
        4,
        8
    ],
    "reuse_size": 32,
    "embedding": false,
    "only-FC": false,
    "only-trace": true,
    "model_parallel": true,
    "pipeline_parallel": false,
    "multi_tb_per_device": false
}
====================================== END CONF ======================================
====================================== MODEL CONF ======================================
{
    "model_name": "Llama2-7B",
    "n_heads": 32,
    "num_channels": 32,
    "channels_per_block": "N/A",
    "fc_devices": [],
    "reuse_size": 32,
    "embedding": false,
    "only-FC": true,
    "only-trace": true,
    "model_parallel": true,
    "pipeline_parallel": false,
    "multi_tb_per_device": false
}
====================================== END CONF ======================================
====================================== MODEL CONF ======================================
{
    "model_name": "Llama2-7B",
    "n_heads": 32,
    "num_channels": 32,
    "channels_per_block": "N/A",
    "fc_devices": [
        1,
        2,
        4,
        8
    ],
    "reuse_size": 32,
    "embedding": false,
    "only-FC": false,
    "only-trace": true,
    "model_parallel": true,
    "pipeline_parallel": false,
    "multi_tb_per_device": false
}
====================================== END CONF ======================================
====================================== MODEL CONF ======================================
{
    "model_name": "Llama2-7B",
    "n_heads": 32,
    "num_channels": 32,
    "channels_per_block": "N/A",
    "fc_devices": [],
    "reuse_size": 32,
    "embedding": false,
    "only-FC": true,
    "only-trace": true,
    "model_parallel": true,
    "pipeline_parallel": false,
    "multi_tb_per_device": false
}
====================================== END CONF ======================================
====================================== MODEL CONF ======================================
{
    "model_name": "Llama2-7B",
    "n_heads": 32,
    "num_channels": 32,
    "channels_per_block": "N/A",
    "fc_devices": [
        1,
        2,
        4,
        8
    ],
    "reuse_size": 32,
    "embedding": false,
    "only-FC": false,
    "only-trace": true,
    "model_parallel": true,
    "pipeline_parallel": false,
    "multi_tb_per_device": false
}
====================================== END CONF ======================================
====================================== MODEL CONF ======================================
{
    "model_name": "Llama2-7B",
    "n_heads": 32,
    "num_channels": 32,
    "channels_per_block": "N/A",
    "fc_devices": [],
    "reuse_size": 32,
    "embedding": false,
    "only-FC": true,
    "only-trace": true,
    "model_parallel": true,
    "pipeline_parallel": false,
    "multi_tb_per_device": false
}
====================================== END CONF ======================================
====================================== MODEL CONF ======================================
{
    "model_name": "Llama2-7B",
    "n_heads": 32,
    "num_channels": 32,
    "channels_per_block": "N/A",
    "fc_devices": [
        1,
        2,
        4,
        8
    ],
    "reuse_size": 32,
    "embedding": false,
    "only-FC": false,
    "only-trace": true,
    "model_parallel": true,
    "pipeline_parallel": false,
    "multi_tb_per_device": false
}
====================================== END CONF ======================================
====================================== MODEL CONF ======================================
{
    "model_name": "Llama2-7B",
    "n_heads": 32,
    "num_channels": 32,
    "channels_per_block": "N/A",
    "fc_devices": [],
    "reuse_size": 32,
    "embedding": false,
    "only-FC": true,
    "only-trace": true,
    "model_parallel": true,
    "pipeline_parallel": false,
    "multi_tb_per_device": false
}
====================================== END CONF ======================================
====================================== MODEL CONF ======================================
{
    "model_name": "Llama2-7B",
    "n_heads": 32,
    "num_channels": 32,
    "channels_per_block": "N/A",
    "fc_devices": [
        1,
        2,
        4,
        8
    ],
    "reuse_size": 32,
    "embedding": false,
    "only-FC": false,
    "only-trace": true,
    "model_parallel": true,
    "pipeline_parallel": false,
    "multi_tb_per_device": false
}
====================================== END CONF ======================================
====================================== MODEL CONF ======================================
{
    "model_name": "Llama2-7B",
    "n_heads": 32,
    "num_channels": 32,
    "channels_per_block": "N/A",
    "fc_devices": [],
    "reuse_size": 32,
    "embedding": false,
    "only-FC": true,
    "only-trace": true,
    "model_parallel": true,
    "pipeline_parallel": false,
    "multi_tb_per_device": false
}
====================================== END CONF ======================================
====================================== MODEL CONF ======================================
{
    "model_name": "Llama2-7B",
    "n_heads": 32,
    "num_channels": 32,
    "channels_per_block": "N/A",
    "fc_devices": [
        1,
        2,
        4,
        8
    ],
    "reuse_size": 32,
    "embedding": false,
    "only-FC": false,
    "only-trace": true,
    "model_parallel": true,
    "pipeline_parallel": false,
    "multi_tb_per_device": false
}
====================================== END CONF ======================================
====================================== MODEL CONF ======================================
{
    "model_name": "Llama2-7B",
    "n_heads": 32,
    "num_channels": 32,
    "channels_per_block": "N/A",
    "fc_devices": [],
    "reuse_size": 32,
    "embedding": false,
    "only-FC": true,
    "only-trace": true,
    "model_parallel": true,
    "pipeline_parallel": false,
    "multi_tb_per_device": false
}
====================================== END CONF ======================================
====================================== MODEL CONF ======================================
{
    "model_name": "Llama2-7B",
    "n_heads": 32,
    "num_channels": 32,
    "channels_per_block": "N/A",
    "fc_devices": [
        1,
        2,
        4,
        8
    ],
    "reuse_size": 32,
    "embedding": false,
    "only-FC": false,
    "only-trace": true,
    "model_parallel": true,
    "pipeline_parallel": false,
    "multi_tb_per_device": false
}
====================================== END CONF ======================================
====================================== MODEL CONF ======================================
{
    "model_name": "Llama2-7B",
    "n_heads": 32,
    "num_channels": 32,
    "channels_per_block": "N/A",
    "fc_devices": [],
    "reuse_size": 32,
    "embedding": false,
    "only-FC": true,
    "only-trace": true,
    "model_parallel": true,
    "pipeline_parallel": false,
    "multi_tb_per_device": false
}
====================================== END CONF ======================================
====================================== MODEL CONF ======================================
{
    "model_name": "Llama2-7B",
    "n_heads": 32,
    "num_channels": 32,
    "channels_per_block": "N/A",
    "fc_devices": [
        1,
        2,
        4,
        8
    ],
    "reuse_size": 32,
    "embedding": false,
    "only-FC": false,
    "only-trace": true,
    "model_parallel": true,
    "pipeline_parallel": false,
    "multi_tb_per_device": false
}
====================================== END CONF ======================================
====================================== MODEL CONF ======================================
{
    "model_name": "Llama2-7B",
    "n_heads": 32,
    "num_channels": 32,
    "channels_per_block": "N/A",
    "fc_devices": [],
    "reuse_size": 32,
    "embedding": false,
    "only-FC": true,
    "only-trace": true,
    "model_parallel": true,
    "pipeline_parallel": false,
    "multi_tb_per_device": false
}
====================================== END CONF ======================================
====================================== MODEL CONF ======================================
{
    "model_name": "Llama2-7B",
    "n_heads": 32,
    "num_channels": 32,
    "channels_per_block": "N/A",
    "fc_devices": [
        1,
        2,
        4,
        8
    ],
    "reuse_size": 32,
    "embedding": false,
    "only-FC": false,
    "only-trace": true,
    "model_parallel": true,
    "pipeline_parallel": false,
    "multi_tb_per_device": false
}
====================================== END CONF ======================================
====================================== MODEL CONF ======================================
{
    "model_name": "Llama2-7B",
    "n_heads": 32,
    "num_channels": 32,
    "channels_per_block": "N/A",
    "fc_devices": [],
    "reuse_size": 32,
    "embedding": false,
    "only-FC": true,
    "only-trace": true,
    "model_parallel": true,
    "pipeline_parallel": false,
    "multi_tb_per_device": false
}
====================================== END CONF ======================================
====================================== MODEL CONF ======================================
{
    "model_name": "Llama2-7B",
    "n_heads": 32,
    "num_channels": 32,
    "channels_per_block": "N/A",
    "fc_devices": [
        1,
        2,
        4,
        8
    ],
    "reuse_size": 32,
    "embedding": false,
    "only-FC": false,
    "only-trace": true,
    "model_parallel": true,
    "pipeline_parallel": false,
    "multi_tb_per_device": false
}
====================================== END CONF ======================================
====================================== MODEL CONF ======================================
{
    "model_name": "Llama2-7B",
    "n_heads": 32,
    "num_channels": 32,
    "channels_per_block": "N/A",
    "fc_devices": [],
    "reuse_size": 32,
    "embedding": false,
    "only-FC": true,
    "only-trace": true,
    "model_parallel": true,
    "pipeline_parallel": false,
    "multi_tb_per_device": false
}
====================================== END CONF ======================================
====================================== MODEL CONF ======================================
{
    "model_name": "Llama2-7B",
    "n_heads": 32,
    "num_channels": 32,
    "channels_per_block": "N/A",
    "fc_devices": [
        1,
        2,
        4,
        8
    ],
    "reuse_size": 32,
    "embedding": false,
    "only-FC": false,
    "only-trace": true,
    "model_parallel": true,
    "pipeline_parallel": false,
    "multi_tb_per_device": false
}
====================================== END CONF ======================================
====================================== MODEL CONF ======================================
{
    "model_name": "Llama2-7B",
    "n_heads": 32,
    "num_channels": 32,
    "channels_per_block": "N/A",
    "fc_devices": [],
    "reuse_size": 32,
    "embedding": false,
    "only-FC": true,
    "only-trace": true,
    "model_parallel": true,
    "pipeline_parallel": false,
    "multi_tb_per_device": false
}
====================================== END CONF ======================================
====================================== MODEL CONF ======================================
{
    "model_name": "Llama2-7B",
    "n_heads": 32,
    "num_channels": 32,
    "channels_per_block": "N/A",
    "fc_devices": [
        1,
        2,
        4,
        8
    ],
    "reuse_size": 32,
    "embedding": false,
    "only-FC": false,
    "only-trace": true,
    "model_parallel": true,
    "pipeline_parallel": false,
    "multi_tb_per_device": false
}
====================================== END CONF ======================================
====================================== MODEL CONF ======================================
{
    "model_name": "Llama2-7B",
    "n_heads": 32,
    "num_channels": 32,
    "channels_per_block": "N/A",
    "fc_devices": [],
    "reuse_size": 32,
    "embedding": false,
    "only-FC": true,
    "only-trace": true,
    "model_parallel": true,
    "pipeline_parallel": false,
    "multi_tb_per_device": false
}
====================================== END CONF ======================================
====================================== MODEL CONF ======================================
{
    "model_name": "Llama2-7B",
    "n_heads": 32,
    "num_channels": 32,
    "channels_per_block": "N/A",
    "fc_devices": [
        1,
        2,
        4,
        8
    ],
    "reuse_size": 32,
    "embedding": false,
    "only-FC": false,
    "only-trace": true,
    "model_parallel": true,
    "pipeline_parallel": false,
    "multi_tb_per_device": false
}
====================================== END CONF ======================================
====================================== MODEL CONF ======================================
{
    "model_name": "Llama2-7B",
    "n_heads": 32,
    "num_channels": 32,
    "channels_per_block": "N/A",
    "fc_devices": [],
    "reuse_size": 32,
    "embedding": false,
    "only-FC": true,
    "only-trace": true,
    "model_parallel": true,
    "pipeline_parallel": false,
    "multi_tb_per_device": false
}
====================================== END CONF ======================================
====================================== MODEL CONF ======================================
{
    "model_name": "Llama2-7B",
    "n_heads": 32,
    "num_channels": 32,
    "channels_per_block": "N/A",
    "fc_devices": [
        1,
        2,
        4,
        8
    ],
    "reuse_size": 32,
    "embedding": false,
    "only-FC": false,
    "only-trace": true,
    "model_parallel": true,
    "pipeline_parallel": false,
    "multi_tb_per_device": false
}
====================================== END CONF ======================================
====================================== MODEL CONF ======================================
{
    "model_name": "Llama2-7B",
    "n_heads": 32,
    "num_channels": 32,
    "channels_per_block": "N/A",
    "fc_devices": [],
    "reuse_size": 32,
    "embedding": false,
    "only-FC": true,
    "only-trace": true,
    "model_parallel": true,
    "pipeline_parallel": false,
    "multi_tb_per_device": false
}
====================================== END CONF ======================================
====================================== MODEL CONF ======================================
{
    "model_name": "Llama2-7B",
    "n_heads": 32,
    "num_channels": 32,
    "channels_per_block": "N/A",
    "fc_devices": [
        1,
        2,
        4,
        8
    ],
    "reuse_size": 32,
    "embedding": false,
    "only-FC": false,
    "only-trace": true,
    "model_parallel": true,
    "pipeline_parallel": false,
    "multi_tb_per_device": false
}
====================================== END CONF ======================================
====================================== MODEL CONF ======================================
{
    "model_name": "Llama2-7B",
    "n_heads": 32,
    "num_channels": 32,
    "channels_per_block": "N/A",
    "fc_devices": [],
    "reuse_size": 32,
    "embedding": false,
    "only-FC": true,
    "only-trace": true,
    "model_parallel": true,
    "pipeline_parallel": false,
    "multi_tb_per_device": false
}
====================================== END CONF ======================================
====================================== MODEL CONF ======================================
{
    "model_name": "Llama2-7B",
    "n_heads": 32,
    "num_channels": 32,
    "channels_per_block": "N/A",
    "fc_devices": [
        1,
        2,
        4,
        8
    ],
    "reuse_size": 32,
    "embedding": false,
    "only-FC": false,
    "only-trace": true,
    "model_parallel": true,
    "pipeline_parallel": false,
    "multi_tb_per_device": false
}
====================================== END CONF ======================================
====================================== MODEL CONF ======================================
{
    "model_name": "Llama2-7B",
    "n_heads": 32,
    "num_channels": 32,
    "channels_per_block": "N/A",
    "fc_devices": [],
    "reuse_size": 32,
    "embedding": false,
    "only-FC": true,
    "only-trace": true,
    "model_parallel": true,
    "pipeline_parallel": false,
    "multi_tb_per_device": false
}
====================================== END CONF ======================================
====================================== MODEL CONF ======================================
{
    "model_name": "Llama2-7B",
    "n_heads": 32,
    "num_channels": 32,
    "channels_per_block": "N/A",
    "fc_devices": [
        1,
        2,
        4,
        8
    ],
    "reuse_size": 32,
    "embedding": false,
    "only-FC": false,
    "only-trace": true,
    "model_parallel": true,
    "pipeline_parallel": false,
    "multi_tb_per_device": false
}
====================================== END CONF ======================================
====================================== MODEL CONF ======================================
{
    "model_name": "Llama2-7B",
    "n_heads": 32,
    "num_channels": 32,
    "channels_per_block": "N/A",
    "fc_devices": [],
    "reuse_size": 32,
    "embedding": false,
    "only-FC": true,
    "only-trace": true,
    "model_parallel": true,
    "pipeline_parallel": false,
    "multi_tb_per_device": false
}
====================================== END CONF ======================================
====================================== MODEL CONF ======================================
{
    "model_name": "Llama2-7B",
    "n_heads": 32,
    "num_channels": 32,
    "channels_per_block": "N/A",
    "fc_devices": [
        1,
        2,
        4,
        8
    ],
    "reuse_size": 32,
    "embedding": false,
    "only-FC": false,
    "only-trace": true,
    "model_parallel": true,
    "pipeline_parallel": false,
    "multi_tb_per_device": false
}
====================================== END CONF ======================================
====================================== MODEL CONF ======================================
{
    "model_name": "Llama2-7B",
    "n_heads": 32,
    "num_channels": 32,
    "channels_per_block": "N/A",
    "fc_devices": [],
    "reuse_size": 32,
    "embedding": false,
    "only-FC": true,
    "only-trace": true,
    "model_parallel": true,
    "pipeline_parallel": false,
    "multi_tb_per_device": false
}
====================================== END CONF ======================================
====================================== MODEL CONF ======================================
{
    "model_name": "Llama2-7B",
    "n_heads": 32,
    "num_channels": 32,
    "channels_per_block": "N/A",
    "fc_devices": [
        1,
        2,
        4,
        8
    ],
    "reuse_size": 32,
    "embedding": false,
    "only-FC": false,
    "only-trace": true,
    "model_parallel": true,
    "pipeline_parallel": false,
    "multi_tb_per_device": false
}
====================================== END CONF ======================================
====================================== MODEL CONF ======================================
{
    "model_name": "Llama2-7B",
    "n_heads": 32,
    "num_channels": 32,
    "channels_per_block": "N/A",
    "fc_devices": [],
    "reuse_size": 32,
    "embedding": false,
    "only-FC": true,
    "only-trace": true,
    "model_parallel": true,
    "pipeline_parallel": false,
    "multi_tb_per_device": false
}
====================================== END CONF ======================================
====================================== MODEL CONF ======================================
{
    "model_name": "Llama2-7B",
    "n_heads": 32,
    "num_channels": 32,
    "channels_per_block": "N/A",
    "fc_devices": [
        1,
        2,
        4,
        8
    ],
    "reuse_size": 32,
    "embedding": false,
    "only-FC": false,
    "only-trace": true,
    "model_parallel": true,
    "pipeline_parallel": false,
    "multi_tb_per_device": false
}
====================================== END CONF ======================================
====================================== MODEL CONF ======================================
{
    "model_name": "Llama2-7B",
    "n_heads": 32,
    "num_channels": 32,
    "channels_per_block": "N/A",
    "fc_devices": [],
    "reuse_size": 32,
    "embedding": false,
    "only-FC": true,
    "only-trace": true,
    "model_parallel": true,
    "pipeline_parallel": false,
    "multi_tb_per_device": false
}
====================================== END CONF ======================================
====================================== MODEL CONF ======================================
{
    "model_name": "Llama2-7B",
    "n_heads": 32,
    "num_channels": 32,
    "channels_per_block": "N/A",
    "fc_devices": [
        1,
        2,
        4,
        8
    ],
    "reuse_size": 32,
    "embedding": false,
    "only-FC": false,
    "only-trace": true,
    "model_parallel": true,
    "pipeline_parallel": false,
    "multi_tb_per_device": false
}
====================================== END CONF ======================================
====================================== MODEL CONF ======================================
{
    "model_name": "Llama2-7B",
    "n_heads": 32,
    "num_channels": 32,
    "channels_per_block": "N/A",
    "fc_devices": [],
    "reuse_size": 32,
    "embedding": false,
    "only-FC": true,
    "only-trace": true,
    "model_parallel": true,
    "pipeline_parallel": false,
    "multi_tb_per_device": false
}
====================================== END CONF ======================================
====================================== MODEL CONF ======================================
{
    "model_name": "Llama2-7B",
    "n_heads": 32,
    "num_channels": 32,
    "channels_per_block": "N/A",
    "fc_devices": [
        1,
        2,
        4,
        8
    ],
    "reuse_size": 32,
    "embedding": false,
    "only-FC": false,
    "only-trace": true,
    "model_parallel": true,
    "pipeline_parallel": false,
    "multi_tb_per_device": false
}
====================================== END CONF ======================================
====================================== MODEL CONF ======================================
{
    "model_name": "Llama2-7B",
    "n_heads": 32,
    "num_channels": 32,
    "channels_per_block": "N/A",
    "fc_devices": [],
    "reuse_size": 32,
    "embedding": false,
    "only-FC": true,
    "only-trace": true,
    "model_parallel": true,
    "pipeline_parallel": false,
    "multi_tb_per_device": false
}
====================================== END CONF ======================================
====================================== MODEL CONF ======================================
{
    "model_name": "Llama2-7B",
    "n_heads": 32,
    "num_channels": 32,
    "channels_per_block": "N/A",
    "fc_devices": [
        1,
        2,
        4,
        8
    ],
    "reuse_size": 32,
    "embedding": false,
    "only-FC": false,
    "only-trace": true,
    "model_parallel": true,
    "pipeline_parallel": false,
    "multi_tb_per_device": false
}
====================================== END CONF ======================================
====================================== MODEL CONF ======================================
{
    "model_name": "Llama2-7B",
    "n_heads": 32,
    "num_channels": 32,
    "channels_per_block": "N/A",
    "fc_devices": [],
    "reuse_size": 32,
    "embedding": false,
    "only-FC": true,
    "only-trace": true,
    "model_parallel": true,
    "pipeline_parallel": false,
    "multi_tb_per_device": false
}
====================================== END CONF ======================================
====================================== MODEL CONF ======================================
{
    "model_name": "Llama2-7B",
    "n_heads": 32,
    "num_channels": 32,
    "channels_per_block": "N/A",
    "fc_devices": [
        1,
        2,
        4,
        8
    ],
    "reuse_size": 32,
    "embedding": false,
    "only-FC": false,
    "only-trace": true,
    "model_parallel": true,
    "pipeline_parallel": false,
    "multi_tb_per_device": false
}
====================================== END CONF ======================================
====================================== MODEL CONF ======================================
{
    "model_name": "Llama2-7B",
    "n_heads": 32,
    "num_channels": 32,
    "channels_per_block": "N/A",
    "fc_devices": [],
    "reuse_size": 32,
    "embedding": false,
    "only-FC": true,
    "only-trace": true,
    "model_parallel": true,
    "pipeline_parallel": false,
    "multi_tb_per_device": false
}
====================================== END CONF ======================================
====================================== MODEL CONF ======================================
{
    "model_name": "Llama2-7B",
    "n_heads": 32,
    "num_channels": 32,
    "channels_per_block": "N/A",
    "fc_devices": [
        1,
        2,
        4,
        8
    ],
    "reuse_size": 32,
    "embedding": false,
    "only-FC": false,
    "only-trace": true,
    "model_parallel": true,
    "pipeline_parallel": false,
    "multi_tb_per_device": false
}
====================================== END CONF ======================================
====================================== MODEL CONF ======================================
{
    "model_name": "Llama2-7B",
    "n_heads": 32,
    "num_channels": 32,
    "channels_per_block": "N/A",
    "fc_devices": [],
    "reuse_size": 32,
    "embedding": false,
    "only-FC": true,
    "only-trace": true,
    "model_parallel": true,
    "pipeline_parallel": false,
    "multi_tb_per_device": false
}
====================================== END CONF ======================================
====================================== MODEL CONF ======================================
{
    "model_name": "Llama2-7B",
    "n_heads": 32,
    "num_channels": 32,
    "channels_per_block": "N/A",
    "fc_devices": [
        1,
        2,
        4,
        8
    ],
    "reuse_size": 32,
    "embedding": false,
    "only-FC": false,
    "only-trace": true,
    "model_parallel": true,
    "pipeline_parallel": false,
    "multi_tb_per_device": false
}
====================================== END CONF ======================================
====================================== MODEL CONF ======================================
{
    "model_name": "Llama2-7B",
    "n_heads": 32,
    "num_channels": 32,
    "channels_per_block": "N/A",
    "fc_devices": [],
    "reuse_size": 32,
    "embedding": false,
    "only-FC": true,
    "only-trace": true,
    "model_parallel": true,
    "pipeline_parallel": false,
    "multi_tb_per_device": false
}
====================================== END CONF ======================================
====================================== MODEL CONF ======================================
{
    "model_name": "Llama2-7B",
    "n_heads": 32,
    "num_channels": 32,
    "channels_per_block": "N/A",
    "fc_devices": [
        1,
        2,
        4,
        8
    ],
    "reuse_size": 32,
    "embedding": false,
    "only-FC": false,
    "only-trace": true,
    "model_parallel": true,
    "pipeline_parallel": false,
    "multi_tb_per_device": false
}
====================================== END CONF ======================================
====================================== MODEL CONF ======================================
{
    "model_name": "Llama2-7B",
    "n_heads": 32,
    "num_channels": 32,
    "channels_per_block": "N/A",
    "fc_devices": [],
    "reuse_size": 32,
    "embedding": false,
    "only-FC": true,
    "only-trace": true,
    "model_parallel": true,
    "pipeline_parallel": false,
    "multi_tb_per_device": false
}
====================================== END CONF ======================================
====================================== MODEL CONF ======================================
{
    "model_name": "Llama2-7B",
    "n_heads": 32,
    "num_channels": 32,
    "channels_per_block": "N/A",
    "fc_devices": [
        1,
        2,
        4,
        8
    ],
    "reuse_size": 32,
    "embedding": false,
    "only-FC": false,
    "only-trace": true,
    "model_parallel": true,
    "pipeline_parallel": false,
    "multi_tb_per_device": false
}
====================================== END CONF ======================================
====================================== MODEL CONF ======================================
{
    "model_name": "Llama2-7B",
    "n_heads": 32,
    "num_channels": 32,
    "channels_per_block": "N/A",
    "fc_devices": [],
    "reuse_size": 32,
    "embedding": false,
    "only-FC": true,
    "only-trace": true,
    "model_parallel": true,
    "pipeline_parallel": false,
    "multi_tb_per_device": false
}
====================================== END CONF ======================================
====================================== MODEL CONF ======================================
{
    "model_name": "Llama2-7B",
    "n_heads": 32,
    "num_channels": 32,
    "channels_per_block": "N/A",
    "fc_devices": [
        1,
        2,
        4,
        8
    ],
    "reuse_size": 32,
    "embedding": false,
    "only-FC": false,
    "only-trace": true,
    "model_parallel": true,
    "pipeline_parallel": false,
    "multi_tb_per_device": false
}
====================================== END CONF ======================================
====================================== MODEL CONF ======================================
{
    "model_name": "Llama2-7B",
    "n_heads": 32,
    "num_channels": 32,
    "channels_per_block": "N/A",
    "fc_devices": [],
    "reuse_size": 32,
    "embedding": false,
    "only-FC": true,
    "only-trace": true,
    "model_parallel": true,
    "pipeline_parallel": false,
    "multi_tb_per_device": false
}
====================================== END CONF ======================================
====================================== MODEL CONF ======================================
{
    "model_name": "Llama2-7B",
    "n_heads": 32,
    "num_channels": 32,
    "channels_per_block": "N/A",
    "fc_devices": [
        1,
        2,
        4,
        8
    ],
    "reuse_size": 32,
    "embedding": false,
    "only-FC": false,
    "only-trace": true,
    "model_parallel": true,
    "pipeline_parallel": false,
    "multi_tb_per_device": false
}
====================================== END CONF ======================================
====================================== MODEL CONF ======================================
{
    "model_name": "Llama2-7B",
    "n_heads": 32,
    "num_channels": 32,
    "channels_per_block": "N/A",
    "fc_devices": [],
    "reuse_size": 32,
    "embedding": false,
    "only-FC": true,
    "only-trace": true,
    "model_parallel": true,
    "pipeline_parallel": false,
    "multi_tb_per_device": false
}
====================================== END CONF ======================================
====================================== MODEL CONF ======================================
{
    "model_name": "Llama2-7B",
    "n_heads": 32,
    "num_channels": 32,
    "channels_per_block": "N/A",
    "fc_devices": [
        1,
        2,
        4,
        8
    ],
    "reuse_size": 32,
    "embedding": false,
    "only-FC": false,
    "only-trace": true,
    "model_parallel": true,
    "pipeline_parallel": false,
    "multi_tb_per_device": false
}
====================================== END CONF ======================================
====================================== MODEL CONF ======================================
{
    "model_name": "Llama2-7B",
    "n_heads": 32,
    "num_channels": 32,
    "channels_per_block": "N/A",
    "fc_devices": [],
    "reuse_size": 32,
    "embedding": false,
    "only-FC": true,
    "only-trace": true,
    "model_parallel": true,
    "pipeline_parallel": false,
    "multi_tb_per_device": false
}
====================================== END CONF ======================================
====================================== MODEL CONF ======================================
{
    "model_name": "Llama2-7B",
    "n_heads": 32,
    "num_channels": 32,
    "channels_per_block": "N/A",
    "fc_devices": [
        1,
        2,
        4,
        8
    ],
    "reuse_size": 32,
    "embedding": false,
    "only-FC": false,
    "only-trace": true,
    "model_parallel": true,
    "pipeline_parallel": false,
    "multi_tb_per_device": false
}
====================================== END CONF ======================================
====================================== MODEL CONF ======================================
{
    "model_name": "Llama2-7B",
    "n_heads": 32,
    "num_channels": 32,
    "channels_per_block": "N/A",
    "fc_devices": [],
    "reuse_size": 32,
    "embedding": false,
    "only-FC": true,
    "only-trace": true,
    "model_parallel": true,
    "pipeline_parallel": false,
    "multi_tb_per_device": false
}
====================================== END CONF ======================================
====================================== MODEL CONF ======================================
{
    "model_name": "Llama2-7B",
    "n_heads": 32,
    "num_channels": 32,
    "channels_per_block": "N/A",
    "fc_devices": [
        1,
        2,
        4,
        8
    ],
    "reuse_size": 32,
    "embedding": false,
    "only-FC": false,
    "only-trace": true,
    "model_parallel": true,
    "pipeline_parallel": false,
    "multi_tb_per_device": false
}
====================================== END CONF ======================================
====================================== MODEL CONF ======================================
{
    "model_name": "Llama2-7B",
    "n_heads": 32,
    "num_channels": 32,
    "channels_per_block": "N/A",
    "fc_devices": [],
    "reuse_size": 32,
    "embedding": false,
    "only-FC": true,
    "only-trace": true,
    "model_parallel": true,
    "pipeline_parallel": false,
    "multi_tb_per_device": false
}
====================================== END CONF ======================================
====================================== MODEL CONF ======================================
{
    "model_name": "Llama2-7B",
    "n_heads": 32,
    "num_channels": 32,
    "channels_per_block": "N/A",
    "fc_devices": [
        1,
        2,
        4,
        8
    ],
    "reuse_size": 32,
    "embedding": false,
    "only-FC": false,
    "only-trace": true,
    "model_parallel": true,
    "pipeline_parallel": false,
    "multi_tb_per_device": false
}
====================================== END CONF ======================================
====================================== MODEL CONF ======================================
{
    "model_name": "Llama2-7B",
    "n_heads": 32,
    "num_channels": 32,
    "channels_per_block": "N/A",
    "fc_devices": [],
    "reuse_size": 32,
    "embedding": false,
    "only-FC": true,
    "only-trace": true,
    "model_parallel": true,
    "pipeline_parallel": false,
    "multi_tb_per_device": false
}
====================================== END CONF ======================================
====================================== MODEL CONF ======================================
{
    "model_name": "Llama2-7B",
    "n_heads": 32,
    "num_channels": 32,
    "channels_per_block": "N/A",
    "fc_devices": [
        1,
        2,
        4,
        8
    ],
    "reuse_size": 32,
    "embedding": false,
    "only-FC": false,
    "only-trace": true,
    "model_parallel": true,
    "pipeline_parallel": false,
    "multi_tb_per_device": false
}
====================================== END CONF ======================================
====================================== MODEL CONF ======================================
{
    "model_name": "Llama2-7B",
    "n_heads": 32,
    "num_channels": 32,
    "channels_per_block": "N/A",
    "fc_devices": [],
    "reuse_size": 32,
    "embedding": false,
    "only-FC": true,
    "only-trace": true,
    "model_parallel": true,
    "pipeline_parallel": false,
    "multi_tb_per_device": false
}
====================================== END CONF ======================================
====================================== MODEL CONF ======================================
{
    "model_name": "Llama2-7B",
    "n_heads": 32,
    "num_channels": 32,
    "channels_per_block": "N/A",
    "fc_devices": [
        1,
        2,
        4,
        8
    ],
    "reuse_size": 32,
    "embedding": false,
    "only-FC": false,
    "only-trace": true,
    "model_parallel": true,
    "pipeline_parallel": false,
    "multi_tb_per_device": false
}
====================================== END CONF ======================================
====================================== MODEL CONF ======================================
{
    "model_name": "Llama2-7B",
    "n_heads": 32,
    "num_channels": 32,
    "channels_per_block": "N/A",
    "fc_devices": [],
    "reuse_size": 32,
    "embedding": false,
    "only-FC": true,
    "only-trace": true,
    "model_parallel": true,
    "pipeline_parallel": false,
    "multi_tb_per_device": false
}
====================================== END CONF ======================================
====================================== MODEL CONF ======================================
{
    "model_name": "Llama2-7B",
    "n_heads": 32,
    "num_channels": 32,
    "channels_per_block": "N/A",
    "fc_devices": [
        1,
        2,
        4,
        8
    ],
    "reuse_size": 32,
    "embedding": false,
    "only-FC": false,
    "only-trace": true,
    "model_parallel": true,
    "pipeline_parallel": false,
    "multi_tb_per_device": false
}
====================================== END CONF ======================================
====================================== MODEL CONF ======================================
{
    "model_name": "Llama2-7B",
    "n_heads": 32,
    "num_channels": 32,
    "channels_per_block": "N/A",
    "fc_devices": [],
    "reuse_size": 32,
    "embedding": false,
    "only-FC": true,
    "only-trace": true,
    "model_parallel": true,
    "pipeline_parallel": false,
    "multi_tb_per_device": false
}
====================================== END CONF ======================================
====================================== MODEL CONF ======================================
{
    "model_name": "Llama2-7B",
    "n_heads": 32,
    "num_channels": 32,
    "channels_per_block": "N/A",
    "fc_devices": [
        1,
        2,
        4,
        8
    ],
    "reuse_size": 32,
    "embedding": false,
    "only-FC": false,
    "only-trace": true,
    "model_parallel": true,
    "pipeline_parallel": false,
    "multi_tb_per_device": false
}
====================================== END CONF ======================================
====================================== MODEL CONF ======================================
{
    "model_name": "Llama2-7B",
    "n_heads": 32,
    "num_channels": 32,
    "channels_per_block": "N/A",
    "fc_devices": [],
    "reuse_size": 32,
    "embedding": false,
    "only-FC": true,
    "only-trace": true,
    "model_parallel": true,
    "pipeline_parallel": false,
    "multi_tb_per_device": false
}
====================================== END CONF ======================================
====================================== MODEL CONF ======================================
{
    "model_name": "Llama2-7B",
    "n_heads": 32,
    "num_channels": 32,
    "channels_per_block": "N/A",
    "fc_devices": [
        1,
        2,
        4,
        8
    ],
    "reuse_size": 32,
    "embedding": false,
    "only-FC": false,
    "only-trace": true,
    "model_parallel": true,
    "pipeline_parallel": false,
    "multi_tb_per_device": false
}
====================================== END CONF ======================================
====================================== MODEL CONF ======================================
{
    "model_name": "Llama2-7B",
    "n_heads": 32,
    "num_channels": 32,
    "channels_per_block": "N/A",
    "fc_devices": [],
    "reuse_size": 32,
    "embedding": false,
    "only-FC": true,
    "only-trace": true,
    "model_parallel": true,
    "pipeline_parallel": false,
    "multi_tb_per_device": false
}
====================================== END CONF ======================================
====================================== MODEL CONF ======================================
{
    "model_name": "Llama2-7B",
    "n_heads": 32,
    "num_channels": 32,
    "channels_per_block": "N/A",
    "fc_devices": [
        1,
        2,
        4,
        8
    ],
    "reuse_size": 32,
    "embedding": false,
    "only-FC": false,
    "only-trace": true,
    "model_parallel": true,
    "pipeline_parallel": false,
    "multi_tb_per_device": false
}
====================================== END CONF ======================================
====================================== MODEL CONF ======================================
{
    "model_name": "Llama2-7B",
    "n_heads": 32,
    "num_channels": 32,
    "channels_per_block": "N/A",
    "fc_devices": [],
    "reuse_size": 32,
    "embedding": false,
    "only-FC": true,
    "only-trace": true,
    "model_parallel": true,
    "pipeline_parallel": false,
    "multi_tb_per_device": false
}
====================================== END CONF ======================================
====================================== MODEL CONF ======================================
{
    "model_name": "Llama2-7B",
    "n_heads": 32,
    "num_channels": 32,
    "channels_per_block": "N/A",
    "fc_devices": [
        1,
        2,
        4,
        8
    ],
    "reuse_size": 32,
    "embedding": false,
    "only-FC": false,
    "only-trace": true,
    "model_parallel": true,
    "pipeline_parallel": false,
    "multi_tb_per_device": false
}
====================================== END CONF ======================================
====================================== MODEL CONF ======================================
{
    "model_name": "Llama2-7B",
    "n_heads": 32,
    "num_channels": 32,
    "channels_per_block": "N/A",
    "fc_devices": [],
    "reuse_size": 32,
    "embedding": false,
    "only-FC": true,
    "only-trace": true,
    "model_parallel": true,
    "pipeline_parallel": false,
    "multi_tb_per_device": false
}
====================================== END CONF ======================================
====================================== MODEL CONF ======================================
{
    "model_name": "Llama2-7B",
    "n_heads": 32,
    "num_channels": 32,
    "channels_per_block": "N/A",
    "fc_devices": [
        1,
        2,
        4,
        8
    ],
    "reuse_size": 32,
    "embedding": false,
    "only-FC": false,
    "only-trace": true,
    "model_parallel": true,
    "pipeline_parallel": false,
    "multi_tb_per_device": false
}
====================================== END CONF ======================================
====================================== MODEL CONF ======================================
{
    "model_name": "Llama2-7B",
    "n_heads": 32,
    "num_channels": 32,
    "channels_per_block": "N/A",
    "fc_devices": [],
    "reuse_size": 32,
    "embedding": false,
    "only-FC": true,
    "only-trace": true,
    "model_parallel": true,
    "pipeline_parallel": false,
    "multi_tb_per_device": false
}
====================================== END CONF ======================================
====================================== MODEL CONF ======================================
{
    "model_name": "Llama2-7B",
    "n_heads": 32,
    "num_channels": 32,
    "channels_per_block": "N/A",
    "fc_devices": [
        1,
        2,
        4,
        8
    ],
    "reuse_size": 32,
    "embedding": false,
    "only-FC": false,
    "only-trace": true,
    "model_parallel": true,
    "pipeline_parallel": false,
    "multi_tb_per_device": false
}
====================================== END CONF ======================================
====================================== MODEL CONF ======================================
{
    "model_name": "Llama2-7B",
    "n_heads": 32,
    "num_channels": 32,
    "channels_per_block": "N/A",
    "fc_devices": [],
    "reuse_size": 32,
    "embedding": false,
    "only-FC": true,
    "only-trace": true,
    "model_parallel": true,
    "pipeline_parallel": false,
    "multi_tb_per_device": false
}
====================================== END CONF ======================================
====================================== MODEL CONF ======================================
{
    "model_name": "Llama2-7B",
    "n_heads": 32,
    "num_channels": 32,
    "channels_per_block": "N/A",
    "fc_devices": [
        1,
        2,
        4,
        8
    ],
    "reuse_size": 32,
    "embedding": false,
    "only-FC": false,
    "only-trace": true,
    "model_parallel": true,
    "pipeline_parallel": false,
    "multi_tb_per_device": false
}
====================================== END CONF ======================================
====================================== MODEL CONF ======================================
{
    "model_name": "Llama2-7B",
    "n_heads": 32,
    "num_channels": 32,
    "channels_per_block": "N/A",
    "fc_devices": [],
    "reuse_size": 32,
    "embedding": false,
    "only-FC": true,
    "only-trace": true,
    "model_parallel": true,
    "pipeline_parallel": false,
    "multi_tb_per_device": false
}
====================================== END CONF ======================================
====================================== MODEL CONF ======================================
{
    "model_name": "Llama2-7B",
    "n_heads": 32,
    "num_channels": 32,
    "channels_per_block": "N/A",
    "fc_devices": [
        1,
        2,
        4,
        8
    ],
    "reuse_size": 32,
    "embedding": false,
    "only-FC": false,
    "only-trace": true,
    "model_parallel": true,
    "pipeline_parallel": false,
    "multi_tb_per_device": false
}
====================================== END CONF ======================================
====================================== MODEL CONF ======================================
{
    "model_name": "Llama2-7B",
    "n_heads": 32,
    "num_channels": 32,
    "channels_per_block": "N/A",
    "fc_devices": [],
    "reuse_size": 32,
    "embedding": false,
    "only-FC": true,
    "only-trace": true,
    "model_parallel": true,
    "pipeline_parallel": false,
    "multi_tb_per_device": false
}
====================================== END CONF ======================================
====================================== MODEL CONF ======================================
{
    "model_name": "Llama2-7B",
    "n_heads": 32,
    "num_channels": 32,
    "channels_per_block": "N/A",
    "fc_devices": [
        1,
        2,
        4,
        8
    ],
    "reuse_size": 32,
    "embedding": false,
    "only-FC": false,
    "only-trace": true,
    "model_parallel": true,
    "pipeline_parallel": false,
    "multi_tb_per_device": false
}
====================================== END CONF ======================================
====================================== MODEL CONF ======================================
{
    "model_name": "Llama2-7B",
    "n_heads": 32,
    "num_channels": 32,
    "channels_per_block": "N/A",
    "fc_devices": [],
    "reuse_size": 32,
    "embedding": false,
    "only-FC": true,
    "only-trace": true,
    "model_parallel": true,
    "pipeline_parallel": false,
    "multi_tb_per_device": false
}
====================================== END CONF ======================================
====================================== MODEL CONF ======================================
{
    "model_name": "Llama2-7B",
    "n_heads": 32,
    "num_channels": 32,
    "channels_per_block": "N/A",
    "fc_devices": [
        1,
        2,
        4,
        8
    ],
    "reuse_size": 32,
    "embedding": false,
    "only-FC": false,
    "only-trace": true,
    "model_parallel": true,
    "pipeline_parallel": false,
    "multi_tb_per_device": false
}
====================================== END CONF ======================================
====================================== MODEL CONF ======================================
{
    "model_name": "Llama2-7B",
    "n_heads": 32,
    "num_channels": 32,
    "channels_per_block": "N/A",
    "fc_devices": [],
    "reuse_size": 32,
    "embedding": false,
    "only-FC": true,
    "only-trace": true,
    "model_parallel": true,
    "pipeline_parallel": false,
    "multi_tb_per_device": false
}
====================================== END CONF ======================================
====================================== MODEL CONF ======================================
{
    "model_name": "Llama2-7B",
    "n_heads": 32,
    "num_channels": 32,
    "channels_per_block": "N/A",
    "fc_devices": [
        1,
        2,
        4,
        8
    ],
    "reuse_size": 32,
    "embedding": false,
    "only-FC": false,
    "only-trace": true,
    "model_parallel": true,
    "pipeline_parallel": false,
    "multi_tb_per_device": false
}
====================================== END CONF ======================================
====================================== MODEL CONF ======================================
{
    "model_name": "Llama2-7B",
    "n_heads": 32,
    "num_channels": 32,
    "channels_per_block": "N/A",
    "fc_devices": [],
    "reuse_size": 32,
    "embedding": false,
    "only-FC": true,
    "only-trace": true,
    "model_parallel": true,
    "pipeline_parallel": false,
    "multi_tb_per_device": false
}
====================================== END CONF ======================================
====================================== MODEL CONF ======================================
{
    "model_name": "Llama2-7B",
    "n_heads": 32,
    "num_channels": 32,
    "channels_per_block": "N/A",
    "fc_devices": [
        1,
        2,
        4,
        8
    ],
    "reuse_size": 32,
    "embedding": false,
    "only-FC": false,
    "only-trace": true,
    "model_parallel": true,
    "pipeline_parallel": false,
    "multi_tb_per_device": false
}
====================================== END CONF ======================================
====================================== MODEL CONF ======================================
{
    "model_name": "Llama2-7B",
    "n_heads": 32,
    "num_channels": 32,
    "channels_per_block": "N/A",
    "fc_devices": [],
    "reuse_size": 32,
    "embedding": false,
    "only-FC": true,
    "only-trace": true,
    "model_parallel": true,
    "pipeline_parallel": false,
    "multi_tb_per_device": false
}
====================================== END CONF ======================================
====================================== MODEL CONF ======================================
{
    "model_name": "Llama2-7B",
    "n_heads": 32,
    "num_channels": 32,
    "channels_per_block": "N/A",
    "fc_devices": [
        1,
        2,
        4,
        8
    ],
    "reuse_size": 32,
    "embedding": false,
    "only-FC": false,
    "only-trace": true,
    "model_parallel": true,
    "pipeline_parallel": false,
    "multi_tb_per_device": false
}
====================================== END CONF ======================================
====================================== MODEL CONF ======================================
{
    "model_name": "Llama2-7B",
    "n_heads": 32,
    "num_channels": 32,
    "channels_per_block": "N/A",
    "fc_devices": [],
    "reuse_size": 32,
    "embedding": false,
    "only-FC": true,
    "only-trace": true,
    "model_parallel": true,
    "pipeline_parallel": false,
    "multi_tb_per_device": false
}
====================================== END CONF ======================================
====================================== MODEL CONF ======================================
{
    "model_name": "Llama2-7B",
    "n_heads": 32,
    "num_channels": 32,
    "channels_per_block": "N/A",
    "fc_devices": [
        1,
        2,
        4,
        8
    ],
    "reuse_size": 32,
    "embedding": false,
    "only-FC": false,
    "only-trace": true,
    "model_parallel": true,
    "pipeline_parallel": false,
    "multi_tb_per_device": false
}
====================================== END CONF ======================================
====================================== MODEL CONF ======================================
{
    "model_name": "Llama2-7B",
    "n_heads": 32,
    "num_channels": 32,
    "channels_per_block": "N/A",
    "fc_devices": [],
    "reuse_size": 32,
    "embedding": false,
    "only-FC": true,
    "only-trace": true,
    "model_parallel": true,
    "pipeline_parallel": false,
    "multi_tb_per_device": false
}
====================================== END CONF ======================================
====================================== MODEL CONF ======================================
{
    "model_name": "Llama2-7B",
    "n_heads": 32,
    "num_channels": 32,
    "channels_per_block": "N/A",
    "fc_devices": [
        1,
        2,
        4,
        8
    ],
    "reuse_size": 32,
    "embedding": false,
    "only-FC": false,
    "only-trace": true,
    "model_parallel": true,
    "pipeline_parallel": false,
    "multi_tb_per_device": false
}
====================================== END CONF ======================================
====================================== MODEL CONF ======================================
{
    "model_name": "Llama2-7B",
    "n_heads": 32,
    "num_channels": 32,
    "channels_per_block": "N/A",
    "fc_devices": [],
    "reuse_size": 32,
    "embedding": false,
    "only-FC": true,
    "only-trace": true,
    "model_parallel": true,
    "pipeline_parallel": false,
    "multi_tb_per_device": false
}
====================================== END CONF ======================================
====================================== MODEL CONF ======================================
{
    "model_name": "Llama2-7B",
    "n_heads": 32,
    "num_channels": 32,
    "channels_per_block": "N/A",
    "fc_devices": [
        1,
        2,
        4,
        8
    ],
    "reuse_size": 32,
    "embedding": false,
    "only-FC": false,
    "only-trace": true,
    "model_parallel": true,
    "pipeline_parallel": false,
    "multi_tb_per_device": false
}
====================================== END CONF ======================================
====================================== MODEL CONF ======================================
{
    "model_name": "Llama2-7B",
    "n_heads": 32,
    "num_channels": 32,
    "channels_per_block": "N/A",
    "fc_devices": [],
    "reuse_size": 32,
    "embedding": false,
    "only-FC": true,
    "only-trace": true,
    "model_parallel": true,
    "pipeline_parallel": false,
    "multi_tb_per_device": false
}
====================================== END CONF ======================================
====================================== MODEL CONF ======================================
{
    "model_name": "Llama2-7B",
    "n_heads": 32,
    "num_channels": 32,
    "channels_per_block": "N/A",
    "fc_devices": [
        1,
        2,
        4,
        8
    ],
    "reuse_size": 32,
    "embedding": false,
    "only-FC": false,
    "only-trace": true,
    "model_parallel": true,
    "pipeline_parallel": false,
    "multi_tb_per_device": false
}
====================================== END CONF ======================================
====================================== MODEL CONF ======================================
{
    "model_name": "Llama2-7B",
    "n_heads": 32,
    "num_channels": 32,
    "channels_per_block": "N/A",
    "fc_devices": [],
    "reuse_size": 32,
    "embedding": false,
    "only-FC": true,
    "only-trace": true,
    "model_parallel": true,
    "pipeline_parallel": false,
    "multi_tb_per_device": false
}
====================================== END CONF ======================================
====================================== MODEL CONF ======================================
{
    "model_name": "Llama2-7B",
    "n_heads": 32,
    "num_channels": 32,
    "channels_per_block": "N/A",
    "fc_devices": [
        1,
        2,
        4,
        8
    ],
    "reuse_size": 32,
    "embedding": false,
    "only-FC": false,
    "only-trace": true,
    "model_parallel": true,
    "pipeline_parallel": false,
    "multi_tb_per_device": false
}
====================================== END CONF ======================================
====================================== MODEL CONF ======================================
{
    "model_name": "Llama2-7B",
    "n_heads": 32,
    "num_channels": 32,
    "channels_per_block": "N/A",
    "fc_devices": [],
    "reuse_size": 32,
    "embedding": false,
    "only-FC": true,
    "only-trace": true,
    "model_parallel": true,
    "pipeline_parallel": false,
    "multi_tb_per_device": false
}
====================================== END CONF ======================================
====================================== MODEL CONF ======================================
{
    "model_name": "Llama2-7B",
    "n_heads": 32,
    "num_channels": 32,
    "channels_per_block": "N/A",
    "fc_devices": [
        1,
        2,
        4,
        8
    ],
    "reuse_size": 32,
    "embedding": false,
    "only-FC": false,
    "only-trace": true,
    "model_parallel": true,
    "pipeline_parallel": false,
    "multi_tb_per_device": false
}
====================================== END CONF ======================================
====================================== MODEL CONF ======================================
{
    "model_name": "Llama2-7B",
    "n_heads": 32,
    "num_channels": 32,
    "channels_per_block": "N/A",
    "fc_devices": [],
    "reuse_size": 32,
    "embedding": false,
    "only-FC": true,
    "only-trace": true,
    "model_parallel": true,
    "pipeline_parallel": false,
    "multi_tb_per_device": false
}
====================================== END CONF ======================================
====================================== MODEL CONF ======================================
{
    "model_name": "Llama2-7B",
    "n_heads": 32,
    "num_channels": 32,
    "channels_per_block": "N/A",
    "fc_devices": [
        1,
        2,
        4,
        8
    ],
    "reuse_size": 32,
    "embedding": false,
    "only-FC": false,
    "only-trace": true,
    "model_parallel": true,
    "pipeline_parallel": false,
    "multi_tb_per_device": false
}
====================================== END CONF ======================================
====================================== MODEL CONF ======================================
{
    "model_name": "Llama2-7B",
    "n_heads": 32,
    "num_channels": 32,
    "channels_per_block": "N/A",
    "fc_devices": [],
    "reuse_size": 32,
    "embedding": false,
    "only-FC": true,
    "only-trace": true,
    "model_parallel": true,
    "pipeline_parallel": false,
    "multi_tb_per_device": false
}
====================================== END CONF ======================================
====================================== MODEL CONF ======================================
{
    "model_name": "Llama2-7B",
    "n_heads": 32,
    "num_channels": 32,
    "channels_per_block": "N/A",
    "fc_devices": [
        1,
        2,
        4,
        8
    ],
    "reuse_size": 32,
    "embedding": false,
    "only-FC": false,
    "only-trace": true,
    "model_parallel": true,
    "pipeline_parallel": false,
    "multi_tb_per_device": false
}
====================================== END CONF ======================================
====================================== MODEL CONF ======================================
{
    "model_name": "Llama2-7B",
    "n_heads": 32,
    "num_channels": 32,
    "channels_per_block": "N/A",
    "fc_devices": [],
    "reuse_size": 32,
    "embedding": false,
    "only-FC": true,
    "only-trace": true,
    "model_parallel": true,
    "pipeline_parallel": false,
    "multi_tb_per_device": false
}
====================================== END CONF ======================================
====================================== MODEL CONF ======================================
{
    "model_name": "Llama2-7B",
    "n_heads": 32,
    "num_channels": 32,
    "channels_per_block": "N/A",
    "fc_devices": [
        1,
        2,
        4,
        8
    ],
    "reuse_size": 32,
    "embedding": false,
    "only-FC": false,
    "only-trace": true,
    "model_parallel": true,
    "pipeline_parallel": false,
    "multi_tb_per_device": false
}
====================================== END CONF ======================================
====================================== MODEL CONF ======================================
{
    "model_name": "Llama2-7B",
    "n_heads": 32,
    "num_channels": 32,
    "channels_per_block": "N/A",
    "fc_devices": [],
    "reuse_size": 32,
    "embedding": false,
    "only-FC": true,
    "only-trace": true,
    "model_parallel": true,
    "pipeline_parallel": false,
    "multi_tb_per_device": false
}
====================================== END CONF ======================================
====================================== MODEL CONF ======================================
{
    "model_name": "Llama2-7B",
    "n_heads": 32,
    "num_channels": 32,
    "channels_per_block": "N/A",
    "fc_devices": [
        1,
        2,
        4,
        8
    ],
    "reuse_size": 32,
    "embedding": false,
    "only-FC": false,
    "only-trace": true,
    "model_parallel": true,
    "pipeline_parallel": false,
    "multi_tb_per_device": false
}
====================================== END CONF ======================================
====================================== MODEL CONF ======================================
{
    "model_name": "Llama2-7B",
    "n_heads": 32,
    "num_channels": 32,
    "channels_per_block": "N/A",
    "fc_devices": [],
    "reuse_size": 32,
    "embedding": false,
    "only-FC": true,
    "only-trace": true,
    "model_parallel": true,
    "pipeline_parallel": false,
    "multi_tb_per_device": false
}
====================================== END CONF ======================================
====================================== MODEL CONF ======================================
{
    "model_name": "Llama2-7B",
    "n_heads": 32,
    "num_channels": 32,
    "channels_per_block": "N/A",
    "fc_devices": [
        1,
        2,
        4,
        8
    ],
    "reuse_size": 32,
    "embedding": false,
    "only-FC": false,
    "only-trace": true,
    "model_parallel": true,
    "pipeline_parallel": false,
    "multi_tb_per_device": false
}
====================================== END CONF ======================================
====================================== MODEL CONF ======================================
{
    "model_name": "Llama2-7B",
    "n_heads": 32,
    "num_channels": 32,
    "channels_per_block": "N/A",
    "fc_devices": [],
    "reuse_size": 32,
    "embedding": false,
    "only-FC": true,
    "only-trace": true,
    "model_parallel": true,
    "pipeline_parallel": false,
    "multi_tb_per_device": false
}
====================================== END CONF ======================================
====================================== MODEL CONF ======================================
{
    "model_name": "Llama2-7B",
    "n_heads": 32,
    "num_channels": 32,
    "channels_per_block": "N/A",
    "fc_devices": [
        1,
        2,
        4,
        8
    ],
    "reuse_size": 32,
    "embedding": false,
    "only-FC": false,
    "only-trace": true,
    "model_parallel": true,
    "pipeline_parallel": false,
    "multi_tb_per_device": false
}
====================================== END CONF ======================================
====================================== MODEL CONF ======================================
{
    "model_name": "Llama2-7B",
    "n_heads": 32,
    "num_channels": 32,
    "channels_per_block": "N/A",
    "fc_devices": [],
    "reuse_size": 32,
    "embedding": false,
    "only-FC": true,
    "only-trace": true,
    "model_parallel": true,
    "pipeline_parallel": false,
    "multi_tb_per_device": false
}
====================================== END CONF ======================================
====================================== MODEL CONF ======================================
{
    "model_name": "Llama2-7B",
    "n_heads": 32,
    "num_channels": 32,
    "channels_per_block": "N/A",
    "fc_devices": [
        1,
        2,
        4,
        8
    ],
    "reuse_size": 32,
    "embedding": false,
    "only-FC": false,
    "only-trace": true,
    "model_parallel": true,
    "pipeline_parallel": false,
    "multi_tb_per_device": false
}
====================================== END CONF ======================================
====================================== MODEL CONF ======================================
{
    "model_name": "Llama2-7B",
    "n_heads": 32,
    "num_channels": 32,
    "channels_per_block": "N/A",
    "fc_devices": [],
    "reuse_size": 32,
    "embedding": false,
    "only-FC": true,
    "only-trace": true,
    "model_parallel": true,
    "pipeline_parallel": false,
    "multi_tb_per_device": false
}
====================================== END CONF ======================================
====================================== MODEL CONF ======================================
{
    "model_name": "Llama2-7B",
    "n_heads": 32,
    "num_channels": 32,
    "channels_per_block": "N/A",
    "fc_devices": [
        1,
        2,
        4,
        8
    ],
    "reuse_size": 32,
    "embedding": false,
    "only-FC": false,
    "only-trace": true,
    "model_parallel": true,
    "pipeline_parallel": false,
    "multi_tb_per_device": false
}
====================================== END CONF ======================================
====================================== MODEL CONF ======================================
{
    "model_name": "Llama2-7B",
    "n_heads": 32,
    "num_channels": 32,
    "channels_per_block": "N/A",
    "fc_devices": [],
    "reuse_size": 32,
    "embedding": false,
    "only-FC": true,
    "only-trace": true,
    "model_parallel": true,
    "pipeline_parallel": false,
    "multi_tb_per_device": false
}
====================================== END CONF ======================================
====================================== MODEL CONF ======================================
{
    "model_name": "Llama2-7B",
    "n_heads": 32,
    "num_channels": 32,
    "channels_per_block": "N/A",
    "fc_devices": [
        1,
        2,
        4,
        8
    ],
    "reuse_size": 32,
    "embedding": false,
    "only-FC": false,
    "only-trace": true,
    "model_parallel": true,
    "pipeline_parallel": false,
    "multi_tb_per_device": false
}
====================================== END CONF ======================================
====================================== MODEL CONF ======================================
{
    "model_name": "Llama2-7B",
    "n_heads": 32,
    "num_channels": 32,
    "channels_per_block": "N/A",
    "fc_devices": [],
    "reuse_size": 32,
    "embedding": false,
    "only-FC": true,
    "only-trace": true,
    "model_parallel": true,
    "pipeline_parallel": false,
    "multi_tb_per_device": false
}
====================================== END CONF ======================================
====================================== MODEL CONF ======================================
{
    "model_name": "Llama2-7B",
    "n_heads": 32,
    "num_channels": 32,
    "channels_per_block": "N/A",
    "fc_devices": [
        1,
        2,
        4,
        8
    ],
    "reuse_size": 32,
    "embedding": false,
    "only-FC": false,
    "only-trace": true,
    "model_parallel": true,
    "pipeline_parallel": false,
    "multi_tb_per_device": false
}
====================================== END CONF ======================================
====================================== MODEL CONF ======================================
{
    "model_name": "Llama2-7B",
    "n_heads": 32,
    "num_channels": 32,
    "channels_per_block": "N/A",
    "fc_devices": [],
    "reuse_size": 32,
    "embedding": false,
    "only-FC": true,
    "only-trace": true,
    "model_parallel": true,
    "pipeline_parallel": false,
    "multi_tb_per_device": false
}
====================================== END CONF ======================================
====================================== MODEL CONF ======================================
{
    "model_name": "Llama2-7B",
    "n_heads": 32,
    "num_channels": 32,
    "channels_per_block": "N/A",
    "fc_devices": [
        1,
        2,
        4,
        8
    ],
    "reuse_size": 32,
    "embedding": false,
    "only-FC": false,
    "only-trace": true,
    "model_parallel": true,
    "pipeline_parallel": false,
    "multi_tb_per_device": false
}
====================================== END CONF ======================================
====================================== MODEL CONF ======================================
{
    "model_name": "Llama2-7B",
    "n_heads": 32,
    "num_channels": 32,
    "channels_per_block": "N/A",
    "fc_devices": [],
    "reuse_size": 32,
    "embedding": false,
    "only-FC": true,
    "only-trace": true,
    "model_parallel": true,
    "pipeline_parallel": false,
    "multi_tb_per_device": false
}
====================================== END CONF ======================================
====================================== MODEL CONF ======================================
{
    "model_name": "Llama2-7B",
    "n_heads": 32,
    "num_channels": 32,
    "channels_per_block": "N/A",
    "fc_devices": [
        1,
        2,
        4,
        8
    ],
    "reuse_size": 32,
    "embedding": false,
    "only-FC": false,
    "only-trace": true,
    "model_parallel": true,
    "pipeline_parallel": false,
    "multi_tb_per_device": false
}
====================================== END CONF ======================================
====================================== MODEL CONF ======================================
{
    "model_name": "Llama2-7B",
    "n_heads": 32,
    "num_channels": 32,
    "channels_per_block": "N/A",
    "fc_devices": [],
    "reuse_size": 32,
    "embedding": false,
    "only-FC": true,
    "only-trace": true,
    "model_parallel": true,
    "pipeline_parallel": false,
    "multi_tb_per_device": false
}
====================================== END CONF ======================================
====================================== MODEL CONF ======================================
{
    "model_name": "Llama2-7B",
    "n_heads": 32,
    "num_channels": 32,
    "channels_per_block": "N/A",
    "fc_devices": [
        1,
        2,
        4,
        8
    ],
    "reuse_size": 32,
    "embedding": false,
    "only-FC": false,
    "only-trace": true,
    "model_parallel": true,
    "pipeline_parallel": false,
    "multi_tb_per_device": false
}
====================================== END CONF ======================================
====================================== MODEL CONF ======================================
{
    "model_name": "Llama2-7B",
    "n_heads": 32,
    "num_channels": 32,
    "channels_per_block": "N/A",
    "fc_devices": [],
    "reuse_size": 32,
    "embedding": false,
    "only-FC": true,
    "only-trace": true,
    "model_parallel": true,
    "pipeline_parallel": false,
    "multi_tb_per_device": false
}
====================================== END CONF ======================================
====================================== MODEL CONF ======================================
{
    "model_name": "Llama2-7B",
    "n_heads": 32,
    "num_channels": 32,
    "channels_per_block": "N/A",
    "fc_devices": [
        1,
        2,
        4,
        8
    ],
    "reuse_size": 32,
    "embedding": false,
    "only-FC": false,
    "only-trace": true,
    "model_parallel": true,
    "pipeline_parallel": false,
    "multi_tb_per_device": false
}
====================================== END CONF ======================================
====================================== MODEL CONF ======================================
{
    "model_name": "Llama2-7B",
    "n_heads": 32,
    "num_channels": 32,
    "channels_per_block": "N/A",
    "fc_devices": [],
    "reuse_size": 32,
    "embedding": false,
    "only-FC": true,
    "only-trace": true,
    "model_parallel": true,
    "pipeline_parallel": false,
    "multi_tb_per_device": false
}
====================================== END CONF ======================================
====================================== MODEL CONF ======================================
{
    "model_name": "Llama2-7B",
    "n_heads": 32,
    "num_channels": 32,
    "channels_per_block": "N/A",
    "fc_devices": [
        1,
        2,
        4,
        8
    ],
    "reuse_size": 32,
    "embedding": false,
    "only-FC": false,
    "only-trace": true,
    "model_parallel": true,
    "pipeline_parallel": false,
    "multi_tb_per_device": false
}
====================================== END CONF ======================================
====================================== MODEL CONF ======================================
{
    "model_name": "Llama2-7B",
    "n_heads": 32,
    "num_channels": 32,
    "channels_per_block": "N/A",
    "fc_devices": [],
    "reuse_size": 32,
    "embedding": false,
    "only-FC": true,
    "only-trace": true,
    "model_parallel": true,
    "pipeline_parallel": false,
    "multi_tb_per_device": false
}
====================================== END CONF ======================================
====================================== MODEL CONF ======================================
{
    "model_name": "Llama2-7B",
    "n_heads": 32,
    "num_channels": 32,
    "channels_per_block": "N/A",
    "fc_devices": [
        1,
        2,
        4,
        8
    ],
    "reuse_size": 32,
    "embedding": false,
    "only-FC": false,
    "only-trace": true,
    "model_parallel": true,
    "pipeline_parallel": false,
    "multi_tb_per_device": false
}
====================================== END CONF ======================================
====================================== MODEL CONF ======================================
{
    "model_name": "Llama2-7B",
    "n_heads": 32,
    "num_channels": 32,
    "channels_per_block": "N/A",
    "fc_devices": [],
    "reuse_size": 32,
    "embedding": false,
    "only-FC": true,
    "only-trace": true,
    "model_parallel": true,
    "pipeline_parallel": false,
    "multi_tb_per_device": false
}
====================================== END CONF ======================================
====================================== MODEL CONF ======================================
{
    "model_name": "Llama2-7B",
    "n_heads": 32,
    "num_channels": 32,
    "channels_per_block": "N/A",
    "fc_devices": [
        1,
        2,
        4,
        8
    ],
    "reuse_size": 32,
    "embedding": false,
    "only-FC": false,
    "only-trace": true,
    "model_parallel": true,
    "pipeline_parallel": false,
    "multi_tb_per_device": false
}
====================================== END CONF ======================================
====================================== MODEL CONF ======================================
{
    "model_name": "Llama2-7B",
    "n_heads": 32,
    "num_channels": 32,
    "channels_per_block": "N/A",
    "fc_devices": [],
    "reuse_size": 32,
    "embedding": false,
    "only-FC": true,
    "only-trace": true,
    "model_parallel": true,
    "pipeline_parallel": false,
    "multi_tb_per_device": false
}
====================================== END CONF ======================================
====================================== MODEL CONF ======================================
{
    "model_name": "Llama2-7B",
    "n_heads": 32,
    "num_channels": 32,
    "channels_per_block": "N/A",
    "fc_devices": [
        1,
        2,
        4,
        8
    ],
    "reuse_size": 32,
    "embedding": false,
    "only-FC": false,
    "only-trace": true,
    "model_parallel": true,
    "pipeline_parallel": false,
    "multi_tb_per_device": false
}
====================================== END CONF ======================================
====================================== MODEL CONF ======================================
{
    "model_name": "Llama2-7B",
    "n_heads": 32,
    "num_channels": 32,
    "channels_per_block": "N/A",
    "fc_devices": [],
    "reuse_size": 32,
    "embedding": false,
    "only-FC": true,
    "only-trace": true,
    "model_parallel": true,
    "pipeline_parallel": false,
    "multi_tb_per_device": false
}
====================================== END CONF ======================================
====================================== MODEL CONF ======================================
{
    "model_name": "Llama2-7B",
    "n_heads": 32,
    "num_channels": 32,
    "channels_per_block": "N/A",
    "fc_devices": [
        1,
        2,
        4,
        8
    ],
    "reuse_size": 32,
    "embedding": false,
    "only-FC": false,
    "only-trace": true,
    "model_parallel": true,
    "pipeline_parallel": false,
    "multi_tb_per_device": false
}
====================================== END CONF ======================================
====================================== MODEL CONF ======================================
{
    "model_name": "Llama2-7B",
    "n_heads": 32,
    "num_channels": 32,
    "channels_per_block": "N/A",
    "fc_devices": [],
    "reuse_size": 32,
    "embedding": false,
    "only-FC": true,
    "only-trace": true,
    "model_parallel": true,
    "pipeline_parallel": false,
    "multi_tb_per_device": false
}
====================================== END CONF ======================================
====================================== MODEL CONF ======================================
{
    "model_name": "Llama2-7B",
    "n_heads": 32,
    "num_channels": 32,
    "channels_per_block": "N/A",
    "fc_devices": [
        1,
        2,
        4,
        8
    ],
    "reuse_size": 32,
    "embedding": false,
    "only-FC": false,
    "only-trace": true,
    "model_parallel": true,
    "pipeline_parallel": false,
    "multi_tb_per_device": false
}
====================================== END CONF ======================================
====================================== MODEL CONF ======================================
{
    "model_name": "Llama2-7B",
    "n_heads": 32,
    "num_channels": 32,
    "channels_per_block": "N/A",
    "fc_devices": [],
    "reuse_size": 32,
    "embedding": false,
    "only-FC": true,
    "only-trace": true,
    "model_parallel": true,
    "pipeline_parallel": false,
    "multi_tb_per_device": false
}
====================================== END CONF ======================================
====================================== MODEL CONF ======================================
{
    "model_name": "Llama2-7B",
    "n_heads": 32,
    "num_channels": 32,
    "channels_per_block": "N/A",
    "fc_devices": [
        1,
        2,
        4,
        8
    ],
    "reuse_size": 32,
    "embedding": false,
    "only-FC": false,
    "only-trace": true,
    "model_parallel": true,
    "pipeline_parallel": false,
    "multi_tb_per_device": false
}
====================================== END CONF ======================================
====================================== MODEL CONF ======================================
{
    "model_name": "Llama2-7B",
    "n_heads": 32,
    "num_channels": 32,
    "channels_per_block": "N/A",
    "fc_devices": [],
    "reuse_size": 32,
    "embedding": false,
    "only-FC": true,
    "only-trace": true,
    "model_parallel": true,
    "pipeline_parallel": false,
    "multi_tb_per_device": false
}
====================================== END CONF ======================================
====================================== MODEL CONF ======================================
{
    "model_name": "Llama2-7B",
    "n_heads": 32,
    "num_channels": 32,
    "channels_per_block": "N/A",
    "fc_devices": [
        1,
        2,
        4,
        8
    ],
    "reuse_size": 32,
    "embedding": false,
    "only-FC": false,
    "only-trace": true,
    "model_parallel": true,
    "pipeline_parallel": false,
    "multi_tb_per_device": false
}
====================================== END CONF ======================================
====================================== MODEL CONF ======================================
{
    "model_name": "Llama2-7B",
    "n_heads": 32,
    "num_channels": 32,
    "channels_per_block": "N/A",
    "fc_devices": [],
    "reuse_size": 32,
    "embedding": false,
    "only-FC": true,
    "only-trace": true,
    "model_parallel": true,
    "pipeline_parallel": false,
    "multi_tb_per_device": false
}
====================================== END CONF ======================================
====================================== MODEL CONF ======================================
{
    "model_name": "Llama2-7B",
    "n_heads": 32,
    "num_channels": 32,
    "channels_per_block": "N/A",
    "fc_devices": [
        1,
        2,
        4,
        8
    ],
    "reuse_size": 32,
    "embedding": false,
    "only-FC": false,
    "only-trace": true,
    "model_parallel": true,
    "pipeline_parallel": false,
    "multi_tb_per_device": false
}
====================================== END CONF ======================================
====================================== MODEL CONF ======================================
{
    "model_name": "Llama2-7B",
    "n_heads": 32,
    "num_channels": 32,
    "channels_per_block": "N/A",
    "fc_devices": [],
    "reuse_size": 32,
    "embedding": false,
    "only-FC": true,
    "only-trace": true,
    "model_parallel": true,
    "pipeline_parallel": false,
    "multi_tb_per_device": false
}
====================================== END CONF ======================================
====================================== MODEL CONF ======================================
{
    "model_name": "Llama2-7B",
    "n_heads": 32,
    "num_channels": 32,
    "channels_per_block": "N/A",
    "fc_devices": [
        1,
        2,
        4,
        8
    ],
    "reuse_size": 32,
    "embedding": false,
    "only-FC": false,
    "only-trace": true,
    "model_parallel": true,
    "pipeline_parallel": false,
    "multi_tb_per_device": false
}
====================================== END CONF ======================================
====================================== MODEL CONF ======================================
{
    "model_name": "Llama2-7B",
    "n_heads": 32,
    "num_channels": 32,
    "channels_per_block": "N/A",
    "fc_devices": [],
    "reuse_size": 32,
    "embedding": false,
    "only-FC": true,
    "only-trace": true,
    "model_parallel": true,
    "pipeline_parallel": false,
    "multi_tb_per_device": false
}
====================================== END CONF ======================================
====================================== MODEL CONF ======================================
{
    "model_name": "Llama2-7B",
    "n_heads": 32,
    "num_channels": 32,
    "channels_per_block": "N/A",
    "fc_devices": [
        1,
        2,
        4,
        8
    ],
    "reuse_size": 32,
    "embedding": false,
    "only-FC": false,
    "only-trace": true,
    "model_parallel": true,
    "pipeline_parallel": false,
    "multi_tb_per_device": false
}
====================================== END CONF ======================================
====================================== MODEL CONF ======================================
{
    "model_name": "Llama2-7B",
    "n_heads": 32,
    "num_channels": 32,
    "channels_per_block": "N/A",
    "fc_devices": [],
    "reuse_size": 32,
    "embedding": false,
    "only-FC": true,
    "only-trace": true,
    "model_parallel": true,
    "pipeline_parallel": false,
    "multi_tb_per_device": false
}
====================================== END CONF ======================================
====================================== MODEL CONF ======================================
{
    "model_name": "Llama2-7B",
    "n_heads": 32,
    "num_channels": 32,
    "channels_per_block": "N/A",
    "fc_devices": [
        1,
        2,
        4,
        8
    ],
    "reuse_size": 32,
    "embedding": false,
    "only-FC": false,
    "only-trace": true,
    "model_parallel": true,
    "pipeline_parallel": false,
    "multi_tb_per_device": false
}
====================================== END CONF ======================================
====================================== MODEL CONF ======================================
{
    "model_name": "Llama2-7B",
    "n_heads": 32,
    "num_channels": 32,
    "channels_per_block": "N/A",
    "fc_devices": [],
    "reuse_size": 32,
    "embedding": false,
    "only-FC": true,
    "only-trace": true,
    "model_parallel": true,
    "pipeline_parallel": false,
    "multi_tb_per_device": false
}
====================================== END CONF ======================================
====================================== MODEL CONF ======================================
{
    "model_name": "Llama2-7B",
    "n_heads": 32,
    "num_channels": 32,
    "channels_per_block": "N/A",
    "fc_devices": [
        1,
        2,
        4,
        8
    ],
    "reuse_size": 32,
    "embedding": false,
    "only-FC": false,
    "only-trace": true,
    "model_parallel": true,
    "pipeline_parallel": false,
    "multi_tb_per_device": false
}
====================================== END CONF ======================================
====================================== MODEL CONF ======================================
{
    "model_name": "Llama2-7B",
    "n_heads": 32,
    "num_channels": 32,
    "channels_per_block": "N/A",
    "fc_devices": [],
    "reuse_size": 32,
    "embedding": false,
    "only-FC": true,
    "only-trace": true,
    "model_parallel": true,
    "pipeline_parallel": false,
    "multi_tb_per_device": false
}
====================================== END CONF ======================================
====================================== MODEL CONF ======================================
{
    "model_name": "Llama2-7B",
    "n_heads": 32,
    "num_channels": 32,
    "channels_per_block": "N/A",
    "fc_devices": [
        1,
        2,
        4,
        8
    ],
    "reuse_size": 32,
    "embedding": false,
    "only-FC": false,
    "only-trace": true,
    "model_parallel": true,
    "pipeline_parallel": false,
    "multi_tb_per_device": false
}
====================================== END CONF ======================================
====================================== MODEL CONF ======================================
{
    "model_name": "Llama2-7B",
    "n_heads": 32,
    "num_channels": 32,
    "channels_per_block": "N/A",
    "fc_devices": [],
    "reuse_size": 32,
    "embedding": false,
    "only-FC": true,
    "only-trace": true,
    "model_parallel": true,
    "pipeline_parallel": false,
    "multi_tb_per_device": false
}
====================================== END CONF ======================================
====================================== MODEL CONF ======================================
{
    "model_name": "Llama2-7B",
    "n_heads": 32,
    "num_channels": 32,
    "channels_per_block": "N/A",
    "fc_devices": [
        1,
        2,
        4,
        8
    ],
    "reuse_size": 32,
    "embedding": false,
    "only-FC": false,
    "only-trace": true,
    "model_parallel": true,
    "pipeline_parallel": false,
    "multi_tb_per_device": false
}
====================================== END CONF ======================================
====================================== MODEL CONF ======================================
{
    "model_name": "Llama2-7B",
    "n_heads": 32,
    "num_channels": 32,
    "channels_per_block": "N/A",
    "fc_devices": [],
    "reuse_size": 32,
    "embedding": false,
    "only-FC": true,
    "only-trace": true,
    "model_parallel": true,
    "pipeline_parallel": false,
    "multi_tb_per_device": false
}
====================================== END CONF ======================================
====================================== MODEL CONF ======================================
{
    "model_name": "Llama2-7B",
    "n_heads": 32,
    "num_channels": 32,
    "channels_per_block": "N/A",
    "fc_devices": [
        1,
        2,
        4,
        8
    ],
    "reuse_size": 32,
    "embedding": false,
    "only-FC": false,
    "only-trace": true,
    "model_parallel": true,
    "pipeline_parallel": false,
    "multi_tb_per_device": false
}
====================================== END CONF ======================================
====================================== MODEL CONF ======================================
{
    "model_name": "Llama2-7B",
    "n_heads": 32,
    "num_channels": 32,
    "channels_per_block": "N/A",
    "fc_devices": [],
    "reuse_size": 32,
    "embedding": false,
    "only-FC": true,
    "only-trace": true,
    "model_parallel": true,
    "pipeline_parallel": false,
    "multi_tb_per_device": false
}
====================================== END CONF ======================================
====================================== MODEL CONF ======================================
{
    "model_name": "Llama2-7B",
    "n_heads": 32,
    "num_channels": 32,
    "channels_per_block": "N/A",
    "fc_devices": [
        1,
        2,
        4,
        8
    ],
    "reuse_size": 32,
    "embedding": false,
    "only-FC": false,
    "only-trace": true,
    "model_parallel": true,
    "pipeline_parallel": false,
    "multi_tb_per_device": false
}
====================================== END CONF ======================================
====================================== MODEL CONF ======================================
{
    "model_name": "Llama2-7B",
    "n_heads": 32,
    "num_channels": 32,
    "channels_per_block": "N/A",
    "fc_devices": [],
    "reuse_size": 32,
    "embedding": false,
    "only-FC": true,
    "only-trace": true,
    "model_parallel": true,
    "pipeline_parallel": false,
    "multi_tb_per_device": false
}
====================================== END CONF ======================================
====================================== MODEL CONF ======================================
{
    "model_name": "Llama2-7B",
    "n_heads": 32,
    "num_channels": 32,
    "channels_per_block": "N/A",
    "fc_devices": [
        1,
        2,
        4,
        8
    ],
    "reuse_size": 32,
    "embedding": false,
    "only-FC": false,
    "only-trace": true,
    "model_parallel": true,
    "pipeline_parallel": false,
    "multi_tb_per_device": false
}
====================================== END CONF ======================================
====================================== MODEL CONF ======================================
{
    "model_name": "Llama2-7B",
    "n_heads": 32,
    "num_channels": 32,
    "channels_per_block": "N/A",
    "fc_devices": [],
    "reuse_size": 32,
    "embedding": false,
    "only-FC": true,
    "only-trace": true,
    "model_parallel": true,
    "pipeline_parallel": false,
    "multi_tb_per_device": false
}
====================================== END CONF ======================================
====================================== MODEL CONF ======================================
{
    "model_name": "Llama2-7B",
    "n_heads": 32,
    "num_channels": 32,
    "channels_per_block": "N/A",
    "fc_devices": [
        1,
        2,
        4,
        8
    ],
    "reuse_size": 32,
    "embedding": false,
    "only-FC": false,
    "only-trace": true,
    "model_parallel": true,
    "pipeline_parallel": false,
    "multi_tb_per_device": false
}
====================================== END CONF ======================================
====================================== MODEL CONF ======================================
{
    "model_name": "Llama2-7B",
    "n_heads": 32,
    "num_channels": 32,
    "channels_per_block": "N/A",
    "fc_devices": [],
    "reuse_size": 32,
    "embedding": false,
    "only-FC": true,
    "only-trace": true,
    "model_parallel": true,
    "pipeline_parallel": false,
    "multi_tb_per_device": false
}
====================================== END CONF ======================================
====================================== MODEL CONF ======================================
{
    "model_name": "Llama2-7B",
    "n_heads": 32,
    "num_channels": 32,
    "channels_per_block": "N/A",
    "fc_devices": [
        1,
        2,
        4,
        8
    ],
    "reuse_size": 32,
    "embedding": false,
    "only-FC": false,
    "only-trace": true,
    "model_parallel": true,
    "pipeline_parallel": false,
    "multi_tb_per_device": false
}
====================================== END CONF ======================================
====================================== MODEL CONF ======================================
{
    "model_name": "Llama2-7B",
    "n_heads": 32,
    "num_channels": 32,
    "channels_per_block": "N/A",
    "fc_devices": [],
    "reuse_size": 32,
    "embedding": false,
    "only-FC": true,
    "only-trace": true,
    "model_parallel": true,
    "pipeline_parallel": false,
    "multi_tb_per_device": false
}
====================================== END CONF ======================================
====================================== MODEL CONF ======================================
{
    "model_name": "Llama2-7B",
    "n_heads": 32,
    "num_channels": 32,
    "channels_per_block": "N/A",
    "fc_devices": [
        1,
        2,
        4,
        8
    ],
    "reuse_size": 32,
    "embedding": false,
    "only-FC": false,
    "only-trace": true,
    "model_parallel": true,
    "pipeline_parallel": false,
    "multi_tb_per_device": false
}
====================================== END CONF ======================================
====================================== MODEL CONF ======================================
{
    "model_name": "Llama2-7B",
    "n_heads": 32,
    "num_channels": 32,
    "channels_per_block": "N/A",
    "fc_devices": [],
    "reuse_size": 32,
    "embedding": false,
    "only-FC": true,
    "only-trace": true,
    "model_parallel": true,
    "pipeline_parallel": false,
    "multi_tb_per_device": false
}
====================================== END CONF ======================================
====================================== MODEL CONF ======================================
{
    "model_name": "Llama2-7B",
    "n_heads": 32,
    "num_channels": 32,
    "channels_per_block": "N/A",
    "fc_devices": [
        1,
        2,
        4,
        8
    ],
    "reuse_size": 32,
    "embedding": false,
    "only-FC": false,
    "only-trace": true,
    "model_parallel": true,
    "pipeline_parallel": false,
    "multi_tb_per_device": false
}
====================================== END CONF ======================================
====================================== MODEL CONF ======================================
{
    "model_name": "Llama2-7B",
    "n_heads": 32,
    "num_channels": 32,
    "channels_per_block": "N/A",
    "fc_devices": [],
    "reuse_size": 32,
    "embedding": false,
    "only-FC": true,
    "only-trace": true,
    "model_parallel": true,
    "pipeline_parallel": false,
    "multi_tb_per_device": false
}
====================================== END CONF ======================================
====================================== MODEL CONF ======================================
{
    "model_name": "Llama2-7B",
    "n_heads": 32,
    "num_channels": 32,
    "channels_per_block": "N/A",
    "fc_devices": [
        1,
        2,
        4,
        8
    ],
    "reuse_size": 32,
    "embedding": false,
    "only-FC": false,
    "only-trace": true,
    "model_parallel": true,
    "pipeline_parallel": false,
    "multi_tb_per_device": false
}
====================================== END CONF ======================================
====================================== MODEL CONF ======================================
{
    "model_name": "Llama2-7B",
    "n_heads": 32,
    "num_channels": 32,
    "channels_per_block": "N/A",
    "fc_devices": [],
    "reuse_size": 32,
    "embedding": false,
    "only-FC": true,
    "only-trace": true,
    "model_parallel": true,
    "pipeline_parallel": false,
    "multi_tb_per_device": false
}
====================================== END CONF ======================================
====================================== MODEL CONF ======================================
{
    "model_name": "Llama2-7B",
    "n_heads": 32,
    "num_channels": 32,
    "channels_per_block": "N/A",
    "fc_devices": [
        1,
        2,
        4,
        8
    ],
    "reuse_size": 32,
    "embedding": false,
    "only-FC": false,
    "only-trace": true,
    "model_parallel": true,
    "pipeline_parallel": false,
    "multi_tb_per_device": false
}
====================================== END CONF ======================================
====================================== MODEL CONF ======================================
{
    "model_name": "Llama2-7B",
    "n_heads": 32,
    "num_channels": 32,
    "channels_per_block": "N/A",
    "fc_devices": [],
    "reuse_size": 32,
    "embedding": false,
    "only-FC": true,
    "only-trace": true,
    "model_parallel": true,
    "pipeline_parallel": false,
    "multi_tb_per_device": false
}
====================================== END CONF ======================================
====================================== MODEL CONF ======================================
{
    "model_name": "Llama2-7B",
    "n_heads": 32,
    "num_channels": 32,
    "channels_per_block": "N/A",
    "fc_devices": [
        1,
        2,
        4,
        8
    ],
    "reuse_size": 32,
    "embedding": false,
    "only-FC": false,
    "only-trace": true,
    "model_parallel": true,
    "pipeline_parallel": false,
    "multi_tb_per_device": false
}
====================================== END CONF ======================================
====================================== MODEL CONF ======================================
{
    "model_name": "Llama2-7B",
    "n_heads": 32,
    "num_channels": 32,
    "channels_per_block": "N/A",
    "fc_devices": [],
    "reuse_size": 32,
    "embedding": false,
    "only-FC": true,
    "only-trace": true,
    "model_parallel": true,
    "pipeline_parallel": false,
    "multi_tb_per_device": false
}
====================================== END CONF ======================================
====================================== MODEL CONF ======================================
{
    "model_name": "Llama2-7B",
    "n_heads": 32,
    "num_channels": 32,
    "channels_per_block": "N/A",
    "fc_devices": [
        1,
        2,
        4,
        8
    ],
    "reuse_size": 32,
    "embedding": false,
    "only-FC": false,
    "only-trace": true,
    "model_parallel": true,
    "pipeline_parallel": false,
    "multi_tb_per_device": false
}
====================================== END CONF ======================================
====================================== MODEL CONF ======================================
{
    "model_name": "Llama2-7B",
    "n_heads": 32,
    "num_channels": 32,
    "channels_per_block": "N/A",
    "fc_devices": [],
    "reuse_size": 32,
    "embedding": false,
    "only-FC": true,
    "only-trace": true,
    "model_parallel": true,
    "pipeline_parallel": false,
    "multi_tb_per_device": false
}
====================================== END CONF ======================================
====================================== MODEL CONF ======================================
{
    "model_name": "Llama2-7B",
    "n_heads": 32,
    "num_channels": 32,
    "channels_per_block": "N/A",
    "fc_devices": [
        1,
        2,
        4,
        8
    ],
    "reuse_size": 32,
    "embedding": false,
    "only-FC": false,
    "only-trace": true,
    "model_parallel": true,
    "pipeline_parallel": false,
    "multi_tb_per_device": false
}
====================================== END CONF ======================================
====================================== MODEL CONF ======================================
{
    "model_name": "Llama2-7B",
    "n_heads": 32,
    "num_channels": 32,
    "channels_per_block": "N/A",
    "fc_devices": [],
    "reuse_size": 32,
    "embedding": false,
    "only-FC": true,
    "only-trace": true,
    "model_parallel": true,
    "pipeline_parallel": false,
    "multi_tb_per_device": false
}
====================================== END CONF ======================================
====================================== MODEL CONF ======================================
{
    "model_name": "Llama2-7B",
    "n_heads": 32,
    "num_channels": 32,
    "channels_per_block": "N/A",
    "fc_devices": [
        1,
        2,
        4,
        8
    ],
    "reuse_size": 32,
    "embedding": false,
    "only-FC": false,
    "only-trace": true,
    "model_parallel": true,
    "pipeline_parallel": false,
    "multi_tb_per_device": false
}
====================================== END CONF ======================================
====================================== MODEL CONF ======================================
{
    "model_name": "Llama2-7B",
    "n_heads": 32,
    "num_channels": 32,
    "channels_per_block": "N/A",
    "fc_devices": [],
    "reuse_size": 32,
    "embedding": false,
    "only-FC": true,
    "only-trace": true,
    "model_parallel": true,
    "pipeline_parallel": false,
    "multi_tb_per_device": false
}
====================================== END CONF ======================================
====================================== MODEL CONF ======================================
{
    "model_name": "Llama2-7B",
    "n_heads": 32,
    "num_channels": 32,
    "channels_per_block": "N/A",
    "fc_devices": [
        1,
        2,
        4,
        8
    ],
    "reuse_size": 32,
    "embedding": false,
    "only-FC": false,
    "only-trace": true,
    "model_parallel": true,
    "pipeline_parallel": false,
    "multi_tb_per_device": false
}
====================================== END CONF ======================================
====================================== MODEL CONF ======================================
{
    "model_name": "Llama2-7B",
    "n_heads": 32,
    "num_channels": 32,
    "channels_per_block": "N/A",
    "fc_devices": [],
    "reuse_size": 32,
    "embedding": false,
    "only-FC": true,
    "only-trace": true,
    "model_parallel": true,
    "pipeline_parallel": false,
    "multi_tb_per_device": false
}
====================================== END CONF ======================================
====================================== MODEL CONF ======================================
{
    "model_name": "Llama2-7B",
    "n_heads": 32,
    "num_channels": 32,
    "channels_per_block": "N/A",
    "fc_devices": [
        1,
        2,
        4,
        8
    ],
    "reuse_size": 32,
    "embedding": false,
    "only-FC": false,
    "only-trace": true,
    "model_parallel": true,
    "pipeline_parallel": false,
    "multi_tb_per_device": false
}
====================================== END CONF ======================================
====================================== MODEL CONF ======================================
{
    "model_name": "Llama2-7B",
    "n_heads": 32,
    "num_channels": 32,
    "channels_per_block": "N/A",
    "fc_devices": [],
    "reuse_size": 32,
    "embedding": false,
    "only-FC": true,
    "only-trace": true,
    "model_parallel": true,
    "pipeline_parallel": false,
    "multi_tb_per_device": false
}
====================================== END CONF ======================================
====================================== MODEL CONF ======================================
{
    "model_name": "Llama2-7B",
    "n_heads": 32,
    "num_channels": 32,
    "channels_per_block": "N/A",
    "fc_devices": [
        1,
        2,
        4,
        8
    ],
    "reuse_size": 32,
    "embedding": false,
    "only-FC": false,
    "only-trace": true,
    "model_parallel": true,
    "pipeline_parallel": false,
    "multi_tb_per_device": false
}
====================================== END CONF ======================================
====================================== MODEL CONF ======================================
{
    "model_name": "Llama2-7B",
    "n_heads": 32,
    "num_channels": 32,
    "channels_per_block": "N/A",
    "fc_devices": [],
    "reuse_size": 32,
    "embedding": false,
    "only-FC": true,
    "only-trace": true,
    "model_parallel": true,
    "pipeline_parallel": false,
    "multi_tb_per_device": false
}
====================================== END CONF ======================================
====================================== MODEL CONF ======================================
{
    "model_name": "Llama2-7B",
    "n_heads": 32,
    "num_channels": 32,
    "channels_per_block": "N/A",
    "fc_devices": [
        1,
        2,
        4,
        8
    ],
    "reuse_size": 32,
    "embedding": false,
    "only-FC": false,
    "only-trace": true,
    "model_parallel": true,
    "pipeline_parallel": false,
    "multi_tb_per_device": false
}
====================================== END CONF ======================================
====================================== MODEL CONF ======================================
{
    "model_name": "Llama2-7B",
    "n_heads": 32,
    "num_channels": 32,
    "channels_per_block": "N/A",
    "fc_devices": [],
    "reuse_size": 32,
    "embedding": false,
    "only-FC": true,
    "only-trace": true,
    "model_parallel": true,
    "pipeline_parallel": false,
    "multi_tb_per_device": false
}
====================================== END CONF ======================================
====================================== MODEL CONF ======================================
{
    "model_name": "Llama2-7B",
    "n_heads": 32,
    "num_channels": 32,
    "channels_per_block": "N/A",
    "fc_devices": [
        1,
        2,
        4,
        8
    ],
    "reuse_size": 32,
    "embedding": false,
    "only-FC": false,
    "only-trace": true,
    "model_parallel": true,
    "pipeline_parallel": false,
    "multi_tb_per_device": false
}
====================================== END CONF ======================================
====================================== MODEL CONF ======================================
{
    "model_name": "Llama2-7B",
    "n_heads": 32,
    "num_channels": 32,
    "channels_per_block": "N/A",
    "fc_devices": [],
    "reuse_size": 32,
    "embedding": false,
    "only-FC": true,
    "only-trace": true,
    "model_parallel": true,
    "pipeline_parallel": false,
    "multi_tb_per_device": false
}
====================================== END CONF ======================================
====================================== MODEL CONF ======================================
{
    "model_name": "Llama2-7B",
    "n_heads": 32,
    "num_channels": 32,
    "channels_per_block": "N/A",
    "fc_devices": [
        1,
        2,
        4,
        8
    ],
    "reuse_size": 32,
    "embedding": false,
    "only-FC": false,
    "only-trace": true,
    "model_parallel": true,
    "pipeline_parallel": false,
    "multi_tb_per_device": false
}
====================================== END CONF ======================================
====================================== MODEL CONF ======================================
{
    "model_name": "Llama2-7B",
    "n_heads": 32,
    "num_channels": 32,
    "channels_per_block": "N/A",
    "fc_devices": [],
    "reuse_size": 32,
    "embedding": false,
    "only-FC": true,
    "only-trace": true,
    "model_parallel": true,
    "pipeline_parallel": false,
    "multi_tb_per_device": false
}
====================================== END CONF ======================================
====================================== MODEL CONF ======================================
{
    "model_name": "Llama2-7B",
    "n_heads": 32,
    "num_channels": 32,
    "channels_per_block": "N/A",
    "fc_devices": [
        1,
        2,
        4,
        8
    ],
    "reuse_size": 32,
    "embedding": false,
    "only-FC": false,
    "only-trace": true,
    "model_parallel": true,
    "pipeline_parallel": false,
    "multi_tb_per_device": false
}
====================================== END CONF ======================================
====================================== MODEL CONF ======================================
{
    "model_name": "Llama2-7B",
    "n_heads": 32,
    "num_channels": 32,
    "channels_per_block": "N/A",
    "fc_devices": [],
    "reuse_size": 32,
    "embedding": false,
    "only-FC": true,
    "only-trace": true,
    "model_parallel": true,
    "pipeline_parallel": false,
    "multi_tb_per_device": false
}
====================================== END CONF ======================================
====================================== MODEL CONF ======================================
{
    "model_name": "Llama2-7B",
    "n_heads": 32,
    "num_channels": 32,
    "channels_per_block": "N/A",
    "fc_devices": [
        1,
        2,
        4,
        8
    ],
    "reuse_size": 32,
    "embedding": false,
    "only-FC": false,
    "only-trace": true,
    "model_parallel": true,
    "pipeline_parallel": false,
    "multi_tb_per_device": false
}
====================================== END CONF ======================================
====================================== MODEL CONF ======================================
{
    "model_name": "Llama2-7B",
    "n_heads": 32,
    "num_channels": 32,
    "channels_per_block": "N/A",
    "fc_devices": [],
    "reuse_size": 32,
    "embedding": false,
    "only-FC": true,
    "only-trace": true,
    "model_parallel": true,
    "pipeline_parallel": false,
    "multi_tb_per_device": false
}
====================================== END CONF ======================================
====================================== MODEL CONF ======================================
{
    "model_name": "Llama2-7B",
    "n_heads": 32,
    "num_channels": 32,
    "channels_per_block": "N/A",
    "fc_devices": [
        1,
        2,
        4,
        8
    ],
    "reuse_size": 32,
    "embedding": false,
    "only-FC": false,
    "only-trace": true,
    "model_parallel": true,
    "pipeline_parallel": false,
    "multi_tb_per_device": false
}
====================================== END CONF ======================================
====================================== MODEL CONF ======================================
{
    "model_name": "Llama2-7B",
    "n_heads": 32,
    "num_channels": 32,
    "channels_per_block": "N/A",
    "fc_devices": [],
    "reuse_size": 32,
    "embedding": false,
    "only-FC": true,
    "only-trace": true,
    "model_parallel": true,
    "pipeline_parallel": false,
    "multi_tb_per_device": false
}
====================================== END CONF ======================================
====================================== MODEL CONF ======================================
{
    "model_name": "Llama2-7B",
    "n_heads": 32,
    "num_channels": 32,
    "channels_per_block": "N/A",
    "fc_devices": [
        1,
        2,
        4,
        8
    ],
    "reuse_size": 32,
    "embedding": false,
    "only-FC": false,
    "only-trace": true,
    "model_parallel": true,
    "pipeline_parallel": false,
    "multi_tb_per_device": false
}
====================================== END CONF ======================================
====================================== MODEL CONF ======================================
{
    "model_name": "Llama2-7B",
    "n_heads": 32,
    "num_channels": 32,
    "channels_per_block": "N/A",
    "fc_devices": [],
    "reuse_size": 32,
    "embedding": false,
    "only-FC": true,
    "only-trace": true,
    "model_parallel": true,
    "pipeline_parallel": false,
    "multi_tb_per_device": false
}
====================================== END CONF ======================================
====================================== MODEL CONF ======================================
{
    "model_name": "Llama2-7B",
    "n_heads": 32,
    "num_channels": 32,
    "channels_per_block": "N/A",
    "fc_devices": [
        1,
        2,
        4,
        8
    ],
    "reuse_size": 32,
    "embedding": false,
    "only-FC": false,
    "only-trace": true,
    "model_parallel": true,
    "pipeline_parallel": false,
    "multi_tb_per_device": false
}
====================================== END CONF ======================================
====================================== MODEL CONF ======================================
{
    "model_name": "Llama2-7B",
    "n_heads": 32,
    "num_channels": 32,
    "channels_per_block": "N/A",
    "fc_devices": [],
    "reuse_size": 32,
    "embedding": false,
    "only-FC": true,
    "only-trace": true,
    "model_parallel": true,
    "pipeline_parallel": false,
    "multi_tb_per_device": false
}
====================================== END CONF ======================================
====================================== MODEL CONF ======================================
{
    "model_name": "Llama2-7B",
    "n_heads": 32,
    "num_channels": 32,
    "channels_per_block": "N/A",
    "fc_devices": [
        1,
        2,
        4,
        8
    ],
    "reuse_size": 32,
    "embedding": false,
    "only-FC": false,
    "only-trace": true,
    "model_parallel": true,
    "pipeline_parallel": false,
    "multi_tb_per_device": false
}
====================================== END CONF ======================================
====================================== MODEL CONF ======================================
{
    "model_name": "Llama2-7B",
    "n_heads": 32,
    "num_channels": 32,
    "channels_per_block": "N/A",
    "fc_devices": [],
    "reuse_size": 32,
    "embedding": false,
    "only-FC": true,
    "only-trace": true,
    "model_parallel": true,
    "pipeline_parallel": false,
    "multi_tb_per_device": false
}
====================================== END CONF ======================================
====================================== MODEL CONF ======================================
{
    "model_name": "Llama2-7B",
    "n_heads": 32,
    "num_channels": 32,
    "channels_per_block": "N/A",
    "fc_devices": [
        1,
        2,
        4,
        8
    ],
    "reuse_size": 32,
    "embedding": false,
    "only-FC": false,
    "only-trace": true,
    "model_parallel": true,
    "pipeline_parallel": false,
    "multi_tb_per_device": false
}
====================================== END CONF ======================================
====================================== MODEL CONF ======================================
{
    "model_name": "Llama2-7B",
    "n_heads": 32,
    "num_channels": 32,
    "channels_per_block": "N/A",
    "fc_devices": [],
    "reuse_size": 32,
    "embedding": false,
    "only-FC": true,
    "only-trace": true,
    "model_parallel": true,
    "pipeline_parallel": false,
    "multi_tb_per_device": false
}
====================================== END CONF ======================================
====================================== MODEL CONF ======================================
{
    "model_name": "Llama2-7B",
    "n_heads": 32,
    "num_channels": 32,
    "channels_per_block": "N/A",
    "fc_devices": [
        1,
        2,
        4,
        8
    ],
    "reuse_size": 32,
    "embedding": false,
    "only-FC": false,
    "only-trace": true,
    "model_parallel": true,
    "pipeline_parallel": false,
    "multi_tb_per_device": false
}
====================================== END CONF ======================================
====================================== MODEL CONF ======================================
{
    "model_name": "Llama2-7B",
    "n_heads": 32,
    "num_channels": 32,
    "channels_per_block": "N/A",
    "fc_devices": [],
    "reuse_size": 32,
    "embedding": false,
    "only-FC": true,
    "only-trace": true,
    "model_parallel": true,
    "pipeline_parallel": false,
    "multi_tb_per_device": false
}
====================================== END CONF ======================================
====================================== MODEL CONF ======================================
{
    "model_name": "Llama2-7B",
    "n_heads": 32,
    "num_channels": 32,
    "channels_per_block": "N/A",
    "fc_devices": [
        1,
        2,
        4,
        8
    ],
    "reuse_size": 32,
    "embedding": false,
    "only-FC": false,
    "only-trace": true,
    "model_parallel": true,
    "pipeline_parallel": false,
    "multi_tb_per_device": false
}
====================================== END CONF ======================================
====================================== MODEL CONF ======================================
{
    "model_name": "Llama2-7B",
    "n_heads": 32,
    "num_channels": 32,
    "channels_per_block": "N/A",
    "fc_devices": [],
    "reuse_size": 32,
    "embedding": false,
    "only-FC": true,
    "only-trace": true,
    "model_parallel": true,
    "pipeline_parallel": false,
    "multi_tb_per_device": false
}
====================================== END CONF ======================================
====================================== MODEL CONF ======================================
{
    "model_name": "Llama2-7B",
    "n_heads": 32,
    "num_channels": 32,
    "channels_per_block": "N/A",
    "fc_devices": [
        1,
        2,
        4,
        8
    ],
    "reuse_size": 32,
    "embedding": false,
    "only-FC": false,
    "only-trace": true,
    "model_parallel": true,
    "pipeline_parallel": false,
    "multi_tb_per_device": false
}
====================================== END CONF ======================================
====================================== MODEL CONF ======================================
{
    "model_name": "Llama2-7B",
    "n_heads": 32,
    "num_channels": 32,
    "channels_per_block": "N/A",
    "fc_devices": [],
    "reuse_size": 32,
    "embedding": false,
    "only-FC": true,
    "only-trace": true,
    "model_parallel": true,
    "pipeline_parallel": false,
    "multi_tb_per_device": false
}
====================================== END CONF ======================================
====================================== MODEL CONF ======================================
{
    "model_name": "Llama2-7B",
    "n_heads": 32,
    "num_channels": 32,
    "channels_per_block": "N/A",
    "fc_devices": [
        1,
        2,
        4,
        8
    ],
    "reuse_size": 32,
    "embedding": false,
    "only-FC": false,
    "only-trace": true,
    "model_parallel": true,
    "pipeline_parallel": false,
    "multi_tb_per_device": false
}
====================================== END CONF ======================================
====================================== MODEL CONF ======================================
{
    "model_name": "Llama2-7B",
    "n_heads": 32,
    "num_channels": 32,
    "channels_per_block": "N/A",
    "fc_devices": [],
    "reuse_size": 32,
    "embedding": false,
    "only-FC": true,
    "only-trace": true,
    "model_parallel": true,
    "pipeline_parallel": false,
    "multi_tb_per_device": false
}
====================================== END CONF ======================================
====================================== MODEL CONF ======================================
{
    "model_name": "Llama2-7B",
    "n_heads": 32,
    "num_channels": 32,
    "channels_per_block": "N/A",
    "fc_devices": [
        1,
        2,
        4,
        8
    ],
    "reuse_size": 32,
    "embedding": false,
    "only-FC": false,
    "only-trace": true,
    "model_parallel": true,
    "pipeline_parallel": false,
    "multi_tb_per_device": false
}
====================================== END CONF ======================================
====================================== MODEL CONF ======================================
{
    "model_name": "Llama2-7B",
    "n_heads": 32,
    "num_channels": 32,
    "channels_per_block": "N/A",
    "fc_devices": [],
    "reuse_size": 32,
    "embedding": false,
    "only-FC": true,
    "only-trace": true,
    "model_parallel": true,
    "pipeline_parallel": false,
    "multi_tb_per_device": false
}
====================================== END CONF ======================================
====================================== MODEL CONF ======================================
{
    "model_name": "Llama2-7B",
    "n_heads": 32,
    "num_channels": 32,
    "channels_per_block": "N/A",
    "fc_devices": [
        1,
        2,
        4,
        8
    ],
    "reuse_size": 32,
    "embedding": false,
    "only-FC": false,
    "only-trace": true,
    "model_parallel": true,
    "pipeline_parallel": false,
    "multi_tb_per_device": false
}
====================================== END CONF ======================================
====================================== MODEL CONF ======================================
{
    "model_name": "Llama2-7B",
    "n_heads": 32,
    "num_channels": 32,
    "channels_per_block": "N/A",
    "fc_devices": [],
    "reuse_size": 32,
    "embedding": false,
    "only-FC": true,
    "only-trace": true,
    "model_parallel": true,
    "pipeline_parallel": false,
    "multi_tb_per_device": false
}
====================================== END CONF ======================================
====================================== MODEL CONF ======================================

 generate trace in function_sim, model name=None


 generate trace in function_sim, model name=None


 generate trace in function_sim, model name=None


 generate trace in function_sim, model name=None


 generate trace in function_sim, model name=None


 generate trace in function_sim, model name=None


 generate trace in function_sim, model name=None


 generate trace in function_sim, model name=None


 generate trace in function_sim, model name=None


 generate trace in function_sim, model name=None


 generate trace in function_sim, model name=None


 generate trace in function_sim, model name=None


 generate trace in function_sim, model name=None


 generate trace in function_sim, model name=None


 generate trace in function_sim, model name=None


 generate trace in function_sim, model name=None


 generate trace in function_sim, model name=None


 generate trace in function_sim, model name=None


 generate trace in function_sim, model name=None


 generate trace in function_sim, model name=None


 generate trace in function_sim, model name=None


 generate trace in function_sim, model name=None


 generate trace in function_sim, model name=None


 generate trace in function_sim, model name=None


 generate trace in function_sim, model name=None


 generate trace in function_sim, model name=None


 generate trace in function_sim, model name=None


 generate trace in function_sim, model name=None


 generate trace in function_sim, model name=None


 generate trace in function_sim, model name=None


 generate trace in function_sim, model name=None


 generate trace in function_sim, model name=None


 generate trace in function_sim, model name=None


 generate trace in function_sim, model name=None


 generate trace in function_sim, model name=None


 generate trace in function_sim, model name=None


 generate trace in function_sim, model name=None


 generate trace in function_sim, model name=None


 generate trace in function_sim, model name=None


 generate trace in function_sim, model name=None


 generate trace in function_sim, model name=None


 generate trace in function_sim, model name=None


 generate trace in function_sim, model name=None


 generate trace in function_sim, model name=None


 generate trace in function_sim, model name=None


 generate trace in function_sim, model name=None


 generate trace in function_sim, model name=None


 generate trace in function_sim, model name=None


 generate trace in function_sim, model name=None


 generate trace in function_sim, model name=None


 generate trace in function_sim, model name=None


 generate trace in function_sim, model name=None


 generate trace in function_sim, model name=None


 generate trace in function_sim, model name=None


 generate trace in function_sim, model name=None


 generate trace in function_sim, model name=None


 generate trace in function_sim, model name=None


 generate trace in function_sim, model name=None


 generate trace in function_sim, model name=None


 generate trace in function_sim, model name=None


 generate trace in function_sim, model name=None


 generate trace in function_sim, model name=None


 generate trace in function_sim, model name=None


 generate trace in function_sim, model name=None


 generate trace in function_sim, model name=None


 generate trace in function_sim, model name=None


 generate trace in function_sim, model name=None


 generate trace in function_sim, model name=None


 generate trace in function_sim, model name=None


 generate trace in function_sim, model name=None


 generate trace in function_sim, model name=None


 generate trace in function_sim, model name=None


 generate trace in function_sim, model name=None


 generate trace in function_sim, model name=None


 generate trace in function_sim, model name=None


 generate trace in function_sim, model name=None


 generate trace in function_sim, model name=None


 generate trace in function_sim, model name=None


 generate trace in function_sim, model name=None


 generate trace in function_sim, model name=None


 generate trace in function_sim, model name=None


 generate trace in function_sim, model name=None


 generate trace in function_sim, model name=None


 generate trace in function_sim, model name=None


 generate trace in function_sim, model name=None


 generate trace in function_sim, model name=None


 generate trace in function_sim, model name=None


 generate trace in function_sim, model name=None


 generate trace in function_sim, model name=None


 generate trace in function_sim, model name=None


 generate trace in function_sim, model name=None


 generate trace in function_sim, model name=None


 generate trace in function_sim, model name=None


 generate trace in function_sim, model name=None


 generate trace in function_sim, model name=None


 generate trace in function_sim, model name=None


 generate trace in function_sim, model name=None


 generate trace in function_sim, model name=None


 generate trace in function_sim, model name=None


 generate trace in function_sim, model name=None


 generate trace in function_sim, model name=None


 generate trace in function_sim, model name=None


 generate trace in function_sim, model name=None


 generate trace in function_sim, model name=None


 generate trace in function_sim, model name=None


 generate trace in function_sim, model name=None


 generate trace in function_sim, model name=None


 generate trace in function_sim, model name=None


 generate trace in function_sim, model name=None


 generate trace in function_sim, model name=None


 generate trace in function_sim, model name=None


 generate trace in function_sim, model name=None


 generate trace in function_sim, model name=None


 generate trace in function_sim, model name=None


 generate trace in function_sim, model name=None


 generate trace in function_sim, model name=None


 generate trace in function_sim, model name=None


 generate trace in function_sim, model name=None


 generate trace in function_sim, model name=None


 generate trace in function_sim, model name=None


 generate trace in function_sim, model name=None


 generate trace in function_sim, model name=None


 generate trace in function_sim, model name=None


 generate trace in function_sim, model name=None


 generate trace in function_sim, model name=None


 generate trace in function_sim, model name=None


 generate trace in function_sim, model name=None


 generate trace in function_sim, model name=None


 generate trace in function_sim, model name=None


 generate trace in function_sim, model name=None


 generate trace in function_sim, model name=None


 generate trace in function_sim, model name=None


 generate trace in function_sim, model name=None


 generate trace in function_sim, model name=None


 generate trace in function_sim, model name=None


 generate trace in function_sim, model name=None


 generate trace in function_sim, model name=None


 generate trace in function_sim, model name=None


 generate trace in function_sim, model name=None


 generate trace in function_sim, model name=None


 generate trace in function_sim, model name=None


 generate trace in function_sim, model name=None


 generate trace in function_sim, model name=None


 generate trace in function_sim, model name=None


 generate trace in function_sim, model name=None


 generate trace in function_sim, model name=None


 generate trace in function_sim, model name=None


 generate trace in function_sim, model name=None


 generate trace in function_sim, model name=None


 generate trace in function_sim, model name=None


 generate trace in function_sim, model name=None


 generate trace in function_sim, model name=None


 generate trace in function_sim, model name=None


 generate trace in function_sim, model name=None


 generate trace in function_sim, model name=None


 generate trace in function_sim, model name=None


 generate trace in function_sim, model name=None


 generate trace in function_sim, model name=None


 generate trace in function_sim, model name=None


 generate trace in function_sim, model name=None


 generate trace in function_sim, model name=None


 generate trace in function_sim, model name=None


 generate trace in function_sim, model name=None


 generate trace in function_sim, model name=None


 generate trace in function_sim, model name=None


 generate trace in function_sim, model name=None


 generate trace in function_sim, model name=None


 generate trace in function_sim, model name=None


 generate trace in function_sim, model name=None


 generate trace in function_sim, model name=None


 generate trace in function_sim, model name=None


 generate trace in function_sim, model name=None


 generate trace in function_sim, model name=None


 generate trace in function_sim, model name=None


 generate trace in function_sim, model name=None


 generate trace in function_sim, model name=None


 generate trace in function_sim, model name=None


 generate trace in function_sim, model name=None


 generate trace in function_sim, model name=None


 generate trace in function_sim, model name=None


 generate trace in function_sim, model name=None


 generate trace in function_sim, model name=None


 generate trace in function_sim, model name=None


 generate trace in function_sim, model name=None


 generate trace in function_sim, model name=None


 generate trace in function_sim, model name=None


 generate trace in function_sim, model name=None


 generate trace in function_sim, model name=None


 generate trace in function_sim, model name=None


 generate trace in function_sim, model name=None


 generate trace in function_sim, model name=None


 generate trace in function_sim, model name=None


 generate trace in function_sim, model name=None


 generate trace in function_sim, model name=None


 generate trace in function_sim, model name=None


 generate trace in function_sim, model name=None


 generate trace in function_sim, model name=None


 generate trace in function_sim, model name=None


 generate trace in function_sim, model name=None


 generate trace in function_sim, model name=None


 generate trace in function_sim, model name=None


 generate trace in function_sim, model name=None


 generate trace in function_sim, model name=None


 generate trace in function_sim, model name=None


 generate trace in function_sim, model name=None


 generate trace in function_sim, model name=None


 generate trace in function_sim, model name=None


 generate trace in function_sim, model name=None


 generate trace in function_sim, model name=None


 generate trace in function_sim, model name=None


 generate trace in function_sim, model name=None


 generate trace in function_sim, model name=None


 generate trace in function_sim, model name=None


 generate trace in function_sim, model name=None


 generate trace in function_sim, model name=None


 generate trace in function_sim, model name=None


 generate trace in function_sim, model name=None


 generate trace in function_sim, model name=None


 generate trace in function_sim, model name=None


 generate trace in function_sim, model name=None


 generate trace in function_sim, model name=None


 generate trace in function_sim, model name=None


 generate trace in function_sim, model name=None


 generate trace in function_sim, model name=None


 generate trace in function_sim, model name=None


 generate trace in function_sim, model name=None


 generate trace in function_sim, model name=None


 generate trace in function_sim, model name=None


 generate trace in function_sim, model name=None


 generate trace in function_sim, model name=None


 generate trace in function_sim, model name=None


 generate trace in function_sim, model name=None


 generate trace in function_sim, model name=None


 generate trace in function_sim, model name=None


 generate trace in function_sim, model name=None


 generate trace in function_sim, model name=None


 generate trace in function_sim, model name=None


 generate trace in function_sim, model name=None


 generate trace in function_sim, model name=None


 generate trace in function_sim, model name=None


 generate trace in function_sim, model name=None


 generate trace in function_sim, model name=None


 generate trace in function_sim, model name=None


 generate trace in function_sim, model name=None


 generate trace in function_sim, model name=None


 generate trace in function_sim, model name=None


 generate trace in function_sim, model name=None


 generate trace in function_sim, model name=None


 generate trace in function_sim, model name=None


 generate trace in function_sim, model name=None


 generate trace in function_sim, model name=None


 generate trace in function_sim, model name=None


 generate trace in function_sim, model name=None


 generate trace in function_sim, model name=None


 generate trace in function_sim, model name=None


 generate trace in function_sim, model name=None


 generate trace in function_sim, model name=None


 generate trace in function_sim, model name=None


 generate trace in function_sim, model name=None


 generate trace in function_sim, model name=None

{
    "model_name": "Llama2-7B",
    "n_heads": 32,
    "num_channels": 32,
    "channels_per_block": "N/A",
    "fc_devices": [
        1,
        2,
        4,
        8
    ],
    "reuse_size": 32,
    "embedding": false,
    "only-FC": false,
    "only-trace": true,
    "model_parallel": true,
    "pipeline_parallel": false,
    "multi_tb_per_device": false
}
====================================== END CONF ======================================
====================================== MODEL CONF ======================================
{
    "model_name": "Llama2-7B",
    "n_heads": 32,
    "num_channels": 32,
    "channels_per_block": "N/A",
    "fc_devices": [],
    "reuse_size": 32,
    "embedding": false,
    "only-FC": true,
    "only-trace": true,
    "model_parallel": true,
    "pipeline_parallel": false,
    "multi_tb_per_device": false
}
====================================== END CONF ======================================
====================================== MODEL CONF ======================================
{
    "model_name": "Llama2-7B",
    "n_heads": 32,
    "num_channels": 32,
    "channels_per_block": "N/A",
    "fc_devices": [
        1,
        2,
        4,
        8
    ],
    "reuse_size": 32,
    "embedding": false,
    "only-FC": false,
    "only-trace": true,
    "model_parallel": true,
    "pipeline_parallel": false,
    "multi_tb_per_device": false
}
====================================== END CONF ======================================
====================================== MODEL CONF ======================================
{
    "model_name": "Llama2-7B",
    "n_heads": 32,
    "num_channels": 32,
    "channels_per_block": "N/A",
    "fc_devices": [],
    "reuse_size": 32,
    "embedding": false,
    "only-FC": true,
    "only-trace": true,
    "model_parallel": true,
    "pipeline_parallel": false,
    "multi_tb_per_device": false
}
====================================== END CONF ======================================
====================================== MODEL CONF ======================================
{
    "model_name": "Llama2-7B",
    "n_heads": 32,
    "num_channels": 32,
    "channels_per_block": "N/A",
    "fc_devices": [
        1,
        2,
        4,
        8
    ],
    "reuse_size": 32,
    "embedding": false,
    "only-FC": false,
    "only-trace": true,
    "model_parallel": true,
    "pipeline_parallel": false,
    "multi_tb_per_device": false
}
====================================== END CONF ======================================
====================================== MODEL CONF ======================================
{
    "model_name": "Llama2-7B",
    "n_heads": 32,
    "num_channels": 32,
    "channels_per_block": "N/A",
    "fc_devices": [],
    "reuse_size": 32,
    "embedding": false,
    "only-FC": true,
    "only-trace": true,
    "model_parallel": true,
    "pipeline_parallel": false,
    "multi_tb_per_device": false
}
====================================== END CONF ======================================
====================================== MODEL CONF ======================================
{
    "model_name": "Llama2-7B",
    "n_heads": 32,
    "num_channels": 32,
    "channels_per_block": "N/A",
    "fc_devices": [
        1,
        2,
        4,
        8
    ],
    "reuse_size": 32,
    "embedding": false,
    "only-FC": false,
    "only-trace": true,
    "model_parallel": true,
    "pipeline_parallel": false,
    "multi_tb_per_device": false
}
====================================== END CONF ======================================
====================================== MODEL CONF ======================================
{
    "model_name": "Llama2-7B",
    "n_heads": 32,
    "num_channels": 32,
    "channels_per_block": "N/A",
    "fc_devices": [],
    "reuse_size": 32,
    "embedding": false,
    "only-FC": true,
    "only-trace": true,
    "model_parallel": true,
    "pipeline_parallel": false,
    "multi_tb_per_device": false
}
====================================== END CONF ======================================
====================================== MODEL CONF ======================================
{
    "model_name": "Llama2-7B",
    "n_heads": 32,
    "num_channels": 32,
    "channels_per_block": "N/A",
    "fc_devices": [
        1,
        2,
        4,
        8
    ],
    "reuse_size": 32,
    "embedding": false,
    "only-FC": false,
    "only-trace": true,
    "model_parallel": true,
    "pipeline_parallel": false,
    "multi_tb_per_device": false
}
====================================== END CONF ======================================
====================================== MODEL CONF ======================================
{
    "model_name": "Llama2-7B",
    "n_heads": 32,
    "num_channels": 32,
    "channels_per_block": "N/A",
    "fc_devices": [],
    "reuse_size": 32,
    "embedding": false,
    "only-FC": true,
    "only-trace": true,
    "model_parallel": true,
    "pipeline_parallel": false,
    "multi_tb_per_device": false
}
====================================== END CONF ======================================
current run_sim.py directory files after trace generation:  /home/mainuddin/flyCENT/CENT/cent_simulation

=== NEW TRACES GENERATED 260 . COMBINED STATS SAVED TO: ../cent_simulation/logs/Llama2-7B_all_traces_burst_stats.json ===
=================================================================

../aim_simulator/build/ramulator2 -f ../aim_simulator/test/example.yaml -t ../trace/32_channels_per_device/model_parallel_embedding/Llama2-7B/trace_1_FC_devices_seqlen_4096.txt
../aim_simulator/build/ramulator2 -f ../aim_simulator/test/example.yaml -t ../trace/32_channels_per_device/model_parallel_embedding/Llama2-7B/trace_2_FC_devices_seqlen_4096.txt
../aim_simulator/build/ramulator2 -f ../aim_simulator/test/example.yaml -t ../trace/32_channels_per_device/model_parallel_embedding/Llama2-7B/trace_4_FC_devices_seqlen_4096.txt
../aim_simulator/build/ramulator2 -f ../aim_simulator/test/example.yaml -t ../trace/32_channels_per_device/model_parallel_embedding/Llama2-7B/trace_8_FC_devices_seqlen_4096.txt
../aim_simulator/build/ramulator2 -f ../aim_simulator/test/example.yaml -t ../trace/32_channels_per_device/model_parallel/Llama2-7B/trace_1_FC_devices_seqlen_128.txt
../aim_simulator/build/ramulator2 -f ../aim_simulator/test/example.yaml -t ../trace/32_channels_per_device/model_parallel_FC/Llama2-7B/trace_1_FC_devices_seqlen_128.txt
../aim_simulator/build/ramulator2 -f ../aim_simulator/test/example.yaml -t ../trace/32_channels_per_device/model_parallel/Llama2-7B/trace_2_FC_devices_seqlen_128.txt
../aim_simulator/build/ramulator2 -f ../aim_simulator/test/example.yaml -t ../trace/32_channels_per_device/model_parallel_FC/Llama2-7B/trace_2_FC_devices_seqlen_128.txt
../aim_simulator/build/ramulator2 -f ../aim_simulator/test/example.yaml -t ../trace/32_channels_per_device/model_parallel/Llama2-7B/trace_4_FC_devices_seqlen_128.txt
../aim_simulator/build/ramulator2 -f ../aim_simulator/test/example.yaml -t ../trace/32_channels_per_device/model_parallel_FC/Llama2-7B/trace_4_FC_devices_seqlen_128.txt
../aim_simulator/build/ramulator2 -f ../aim_simulator/test/example.yaml -t ../trace/32_channels_per_device/model_parallel/Llama2-7B/trace_8_FC_devices_seqlen_128.txt
../aim_simulator/build/ramulator2 -f ../aim_simulator/test/example.yaml -t ../trace/32_channels_per_device/model_parallel_FC/Llama2-7B/trace_8_FC_devices_seqlen_128.txt
../aim_simulator/build/ramulator2 -f ../aim_simulator/test/example.yaml -t ../trace/32_channels_per_device/model_parallel/Llama2-7B/trace_1_FC_devices_seqlen_256.txt
../aim_simulator/build/ramulator2 -f ../aim_simulator/test/example.yaml -t ../trace/32_channels_per_device/model_parallel_FC/Llama2-7B/trace_1_FC_devices_seqlen_256.txt
../aim_simulator/build/ramulator2 -f ../aim_simulator/test/example.yaml -t ../trace/32_channels_per_device/model_parallel/Llama2-7B/trace_2_FC_devices_seqlen_256.txt
../aim_simulator/build/ramulator2 -f ../aim_simulator/test/example.yaml -t ../trace/32_channels_per_device/model_parallel_FC/Llama2-7B/trace_2_FC_devices_seqlen_256.txt
../aim_simulator/build/ramulator2 -f ../aim_simulator/test/example.yaml -t ../trace/32_channels_per_device/model_parallel/Llama2-7B/trace_4_FC_devices_seqlen_256.txt
../aim_simulator/build/ramulator2 -f ../aim_simulator/test/example.yaml -t ../trace/32_channels_per_device/model_parallel_FC/Llama2-7B/trace_4_FC_devices_seqlen_256.txt
../aim_simulator/build/ramulator2 -f ../aim_simulator/test/example.yaml -t ../trace/32_channels_per_device/model_parallel/Llama2-7B/trace_8_FC_devices_seqlen_256.txt
../aim_simulator/build/ramulator2 -f ../aim_simulator/test/example.yaml -t ../trace/32_channels_per_device/model_parallel_FC/Llama2-7B/trace_8_FC_devices_seqlen_256.txt
../aim_simulator/build/ramulator2 -f ../aim_simulator/test/example.yaml -t ../trace/32_channels_per_device/model_parallel/Llama2-7B/trace_1_FC_devices_seqlen_384.txt
../aim_simulator/build/ramulator2 -f ../aim_simulator/test/example.yaml -t ../trace/32_channels_per_device/model_parallel_FC/Llama2-7B/trace_1_FC_devices_seqlen_384.txt
../aim_simulator/build/ramulator2 -f ../aim_simulator/test/example.yaml -t ../trace/32_channels_per_device/model_parallel/Llama2-7B/trace_2_FC_devices_seqlen_384.txt
../aim_simulator/build/ramulator2 -f ../aim_simulator/test/example.yaml -t ../trace/32_channels_per_device/model_parallel_FC/Llama2-7B/trace_2_FC_devices_seqlen_384.txt
../aim_simulator/build/ramulator2 -f ../aim_simulator/test/example.yaml -t ../trace/32_channels_per_device/model_parallel/Llama2-7B/trace_4_FC_devices_seqlen_384.txt
../aim_simulator/build/ramulator2 -f ../aim_simulator/test/example.yaml -t ../trace/32_channels_per_device/model_parallel_FC/Llama2-7B/trace_4_FC_devices_seqlen_384.txt
../aim_simulator/build/ramulator2 -f ../aim_simulator/test/example.yaml -t ../trace/32_channels_per_device/model_parallel/Llama2-7B/trace_8_FC_devices_seqlen_384.txt
../aim_simulator/build/ramulator2 -f ../aim_simulator/test/example.yaml -t ../trace/32_channels_per_device/model_parallel_FC/Llama2-7B/trace_8_FC_devices_seqlen_384.txt
../aim_simulator/build/ramulator2 -f ../aim_simulator/test/example.yaml -t ../trace/32_channels_per_device/model_parallel/Llama2-7B/trace_1_FC_devices_seqlen_512.txt
../aim_simulator/build/ramulator2 -f ../aim_simulator/test/example.yaml -t ../trace/32_channels_per_device/model_parallel_FC/Llama2-7B/trace_1_FC_devices_seqlen_512.txt
../aim_simulator/build/ramulator2 -f ../aim_simulator/test/example.yaml -t ../trace/32_channels_per_device/model_parallel/Llama2-7B/trace_2_FC_devices_seqlen_512.txt
../aim_simulator/build/ramulator2 -f ../aim_simulator/test/example.yaml -t ../trace/32_channels_per_device/model_parallel_FC/Llama2-7B/trace_2_FC_devices_seqlen_512.txt
../aim_simulator/build/ramulator2 -f ../aim_simulator/test/example.yaml -t ../trace/32_channels_per_device/model_parallel/Llama2-7B/trace_4_FC_devices_seqlen_512.txt
../aim_simulator/build/ramulator2 -f ../aim_simulator/test/example.yaml -t ../trace/32_channels_per_device/model_parallel_FC/Llama2-7B/trace_4_FC_devices_seqlen_512.txt
../aim_simulator/build/ramulator2 -f ../aim_simulator/test/example.yaml -t ../trace/32_channels_per_device/model_parallel/Llama2-7B/trace_8_FC_devices_seqlen_512.txt
../aim_simulator/build/ramulator2 -f ../aim_simulator/test/example.yaml -t ../trace/32_channels_per_device/model_parallel_FC/Llama2-7B/trace_8_FC_devices_seqlen_512.txt
../aim_simulator/build/ramulator2 -f ../aim_simulator/test/example.yaml -t ../trace/32_channels_per_device/model_parallel/Llama2-7B/trace_1_FC_devices_seqlen_640.txt
../aim_simulator/build/ramulator2 -f ../aim_simulator/test/example.yaml -t ../trace/32_channels_per_device/model_parallel_FC/Llama2-7B/trace_1_FC_devices_seqlen_640.txt
../aim_simulator/build/ramulator2 -f ../aim_simulator/test/example.yaml -t ../trace/32_channels_per_device/model_parallel/Llama2-7B/trace_2_FC_devices_seqlen_640.txt
../aim_simulator/build/ramulator2 -f ../aim_simulator/test/example.yaml -t ../trace/32_channels_per_device/model_parallel_FC/Llama2-7B/trace_2_FC_devices_seqlen_640.txt
../aim_simulator/build/ramulator2 -f ../aim_simulator/test/example.yaml -t ../trace/32_channels_per_device/model_parallel/Llama2-7B/trace_4_FC_devices_seqlen_640.txt
../aim_simulator/build/ramulator2 -f ../aim_simulator/test/example.yaml -t ../trace/32_channels_per_device/model_parallel_FC/Llama2-7B/trace_4_FC_devices_seqlen_640.txt
../aim_simulator/build/ramulator2 -f ../aim_simulator/test/example.yaml -t ../trace/32_channels_per_device/model_parallel/Llama2-7B/trace_8_FC_devices_seqlen_640.txt
../aim_simulator/build/ramulator2 -f ../aim_simulator/test/example.yaml -t ../trace/32_channels_per_device/model_parallel_FC/Llama2-7B/trace_8_FC_devices_seqlen_640.txt
../aim_simulator/build/ramulator2 -f ../aim_simulator/test/example.yaml -t ../trace/32_channels_per_device/model_parallel/Llama2-7B/trace_1_FC_devices_seqlen_768.txt
../aim_simulator/build/ramulator2 -f ../aim_simulator/test/example.yaml -t ../trace/32_channels_per_device/model_parallel_FC/Llama2-7B/trace_1_FC_devices_seqlen_768.txt
../aim_simulator/build/ramulator2 -f ../aim_simulator/test/example.yaml -t ../trace/32_channels_per_device/model_parallel/Llama2-7B/trace_2_FC_devices_seqlen_768.txt
../aim_simulator/build/ramulator2 -f ../aim_simulator/test/example.yaml -t ../trace/32_channels_per_device/model_parallel_FC/Llama2-7B/trace_2_FC_devices_seqlen_768.txt
../aim_simulator/build/ramulator2 -f ../aim_simulator/test/example.yaml -t ../trace/32_channels_per_device/model_parallel/Llama2-7B/trace_4_FC_devices_seqlen_768.txt
../aim_simulator/build/ramulator2 -f ../aim_simulator/test/example.yaml -t ../trace/32_channels_per_device/model_parallel_FC/Llama2-7B/trace_4_FC_devices_seqlen_768.txt
../aim_simulator/build/ramulator2 -f ../aim_simulator/test/example.yaml -t ../trace/32_channels_per_device/model_parallel/Llama2-7B/trace_8_FC_devices_seqlen_768.txt
../aim_simulator/build/ramulator2 -f ../aim_simulator/test/example.yaml -t ../trace/32_channels_per_device/model_parallel_FC/Llama2-7B/trace_8_FC_devices_seqlen_768.txt
../aim_simulator/build/ramulator2 -f ../aim_simulator/test/example.yaml -t ../trace/32_channels_per_device/model_parallel/Llama2-7B/trace_1_FC_devices_seqlen_896.txt
../aim_simulator/build/ramulator2 -f ../aim_simulator/test/example.yaml -t ../trace/32_channels_per_device/model_parallel_FC/Llama2-7B/trace_1_FC_devices_seqlen_896.txt
../aim_simulator/build/ramulator2 -f ../aim_simulator/test/example.yaml -t ../trace/32_channels_per_device/model_parallel/Llama2-7B/trace_2_FC_devices_seqlen_896.txt
../aim_simulator/build/ramulator2 -f ../aim_simulator/test/example.yaml -t ../trace/32_channels_per_device/model_parallel_FC/Llama2-7B/trace_2_FC_devices_seqlen_896.txt
../aim_simulator/build/ramulator2 -f ../aim_simulator/test/example.yaml -t ../trace/32_channels_per_device/model_parallel/Llama2-7B/trace_4_FC_devices_seqlen_896.txt
../aim_simulator/build/ramulator2 -f ../aim_simulator/test/example.yaml -t ../trace/32_channels_per_device/model_parallel_FC/Llama2-7B/trace_4_FC_devices_seqlen_896.txt
../aim_simulator/build/ramulator2 -f ../aim_simulator/test/example.yaml -t ../trace/32_channels_per_device/model_parallel/Llama2-7B/trace_8_FC_devices_seqlen_896.txt
../aim_simulator/build/ramulator2 -f ../aim_simulator/test/example.yaml -t ../trace/32_channels_per_device/model_parallel_FC/Llama2-7B/trace_8_FC_devices_seqlen_896.txt
../aim_simulator/build/ramulator2 -f ../aim_simulator/test/example.yaml -t ../trace/32_channels_per_device/model_parallel/Llama2-7B/trace_1_FC_devices_seqlen_1024.txt
../aim_simulator/build/ramulator2 -f ../aim_simulator/test/example.yaml -t ../trace/32_channels_per_device/model_parallel_FC/Llama2-7B/trace_1_FC_devices_seqlen_1024.txt
../aim_simulator/build/ramulator2 -f ../aim_simulator/test/example.yaml -t ../trace/32_channels_per_device/model_parallel/Llama2-7B/trace_2_FC_devices_seqlen_1024.txt
../aim_simulator/build/ramulator2 -f ../aim_simulator/test/example.yaml -t ../trace/32_channels_per_device/model_parallel_FC/Llama2-7B/trace_2_FC_devices_seqlen_1024.txt
../aim_simulator/build/ramulator2 -f ../aim_simulator/test/example.yaml -t ../trace/32_channels_per_device/model_parallel/Llama2-7B/trace_4_FC_devices_seqlen_1024.txt
../aim_simulator/build/ramulator2 -f ../aim_simulator/test/example.yaml -t ../trace/32_channels_per_device/model_parallel_FC/Llama2-7B/trace_4_FC_devices_seqlen_1024.txt
../aim_simulator/build/ramulator2 -f ../aim_simulator/test/example.yaml -t ../trace/32_channels_per_device/model_parallel/Llama2-7B/trace_8_FC_devices_seqlen_1024.txt
../aim_simulator/build/ramulator2 -f ../aim_simulator/test/example.yaml -t ../trace/32_channels_per_device/model_parallel_FC/Llama2-7B/trace_8_FC_devices_seqlen_1024.txt
../aim_simulator/build/ramulator2 -f ../aim_simulator/test/example.yaml -t ../trace/32_channels_per_device/model_parallel/Llama2-7B/trace_1_FC_devices_seqlen_1152.txt
../aim_simulator/build/ramulator2 -f ../aim_simulator/test/example.yaml -t ../trace/32_channels_per_device/model_parallel_FC/Llama2-7B/trace_1_FC_devices_seqlen_1152.txt
../aim_simulator/build/ramulator2 -f ../aim_simulator/test/example.yaml -t ../trace/32_channels_per_device/model_parallel/Llama2-7B/trace_2_FC_devices_seqlen_1152.txt
../aim_simulator/build/ramulator2 -f ../aim_simulator/test/example.yaml -t ../trace/32_channels_per_device/model_parallel_FC/Llama2-7B/trace_2_FC_devices_seqlen_1152.txt
../aim_simulator/build/ramulator2 -f ../aim_simulator/test/example.yaml -t ../trace/32_channels_per_device/model_parallel/Llama2-7B/trace_4_FC_devices_seqlen_1152.txt
../aim_simulator/build/ramulator2 -f ../aim_simulator/test/example.yaml -t ../trace/32_channels_per_device/model_parallel_FC/Llama2-7B/trace_4_FC_devices_seqlen_1152.txt
../aim_simulator/build/ramulator2 -f ../aim_simulator/test/example.yaml -t ../trace/32_channels_per_device/model_parallel/Llama2-7B/trace_8_FC_devices_seqlen_1152.txt
../aim_simulator/build/ramulator2 -f ../aim_simulator/test/example.yaml -t ../trace/32_channels_per_device/model_parallel_FC/Llama2-7B/trace_8_FC_devices_seqlen_1152.txt
../aim_simulator/build/ramulator2 -f ../aim_simulator/test/example.yaml -t ../trace/32_channels_per_device/model_parallel/Llama2-7B/trace_1_FC_devices_seqlen_1280.txt
../aim_simulator/build/ramulator2 -f ../aim_simulator/test/example.yaml -t ../trace/32_channels_per_device/model_parallel_FC/Llama2-7B/trace_1_FC_devices_seqlen_1280.txt
../aim_simulator/build/ramulator2 -f ../aim_simulator/test/example.yaml -t ../trace/32_channels_per_device/model_parallel/Llama2-7B/trace_2_FC_devices_seqlen_1280.txt
../aim_simulator/build/ramulator2 -f ../aim_simulator/test/example.yaml -t ../trace/32_channels_per_device/model_parallel_FC/Llama2-7B/trace_2_FC_devices_seqlen_1280.txt
../aim_simulator/build/ramulator2 -f ../aim_simulator/test/example.yaml -t ../trace/32_channels_per_device/model_parallel/Llama2-7B/trace_4_FC_devices_seqlen_1280.txt
../aim_simulator/build/ramulator2 -f ../aim_simulator/test/example.yaml -t ../trace/32_channels_per_device/model_parallel_FC/Llama2-7B/trace_4_FC_devices_seqlen_1280.txt
../aim_simulator/build/ramulator2 -f ../aim_simulator/test/example.yaml -t ../trace/32_channels_per_device/model_parallel/Llama2-7B/trace_8_FC_devices_seqlen_1280.txt
../aim_simulator/build/ramulator2 -f ../aim_simulator/test/example.yaml -t ../trace/32_channels_per_device/model_parallel_FC/Llama2-7B/trace_8_FC_devices_seqlen_1280.txt
../aim_simulator/build/ramulator2 -f ../aim_simulator/test/example.yaml -t ../trace/32_channels_per_device/model_parallel/Llama2-7B/trace_1_FC_devices_seqlen_1408.txt
../aim_simulator/build/ramulator2 -f ../aim_simulator/test/example.yaml -t ../trace/32_channels_per_device/model_parallel_FC/Llama2-7B/trace_1_FC_devices_seqlen_1408.txt
../aim_simulator/build/ramulator2 -f ../aim_simulator/test/example.yaml -t ../trace/32_channels_per_device/model_parallel/Llama2-7B/trace_2_FC_devices_seqlen_1408.txt
../aim_simulator/build/ramulator2 -f ../aim_simulator/test/example.yaml -t ../trace/32_channels_per_device/model_parallel_FC/Llama2-7B/trace_2_FC_devices_seqlen_1408.txt
../aim_simulator/build/ramulator2 -f ../aim_simulator/test/example.yaml -t ../trace/32_channels_per_device/model_parallel/Llama2-7B/trace_4_FC_devices_seqlen_1408.txt
../aim_simulator/build/ramulator2 -f ../aim_simulator/test/example.yaml -t ../trace/32_channels_per_device/model_parallel_FC/Llama2-7B/trace_4_FC_devices_seqlen_1408.txt
../aim_simulator/build/ramulator2 -f ../aim_simulator/test/example.yaml -t ../trace/32_channels_per_device/model_parallel/Llama2-7B/trace_8_FC_devices_seqlen_1408.txt
../aim_simulator/build/ramulator2 -f ../aim_simulator/test/example.yaml -t ../trace/32_channels_per_device/model_parallel_FC/Llama2-7B/trace_8_FC_devices_seqlen_1408.txt
../aim_simulator/build/ramulator2 -f ../aim_simulator/test/example.yaml -t ../trace/32_channels_per_device/model_parallel/Llama2-7B/trace_1_FC_devices_seqlen_1536.txt
../aim_simulator/build/ramulator2 -f ../aim_simulator/test/example.yaml -t ../trace/32_channels_per_device/model_parallel_FC/Llama2-7B/trace_1_FC_devices_seqlen_1536.txt
../aim_simulator/build/ramulator2 -f ../aim_simulator/test/example.yaml -t ../trace/32_channels_per_device/model_parallel/Llama2-7B/trace_2_FC_devices_seqlen_1536.txt
../aim_simulator/build/ramulator2 -f ../aim_simulator/test/example.yaml -t ../trace/32_channels_per_device/model_parallel_FC/Llama2-7B/trace_2_FC_devices_seqlen_1536.txt
../aim_simulator/build/ramulator2 -f ../aim_simulator/test/example.yaml -t ../trace/32_channels_per_device/model_parallel/Llama2-7B/trace_4_FC_devices_seqlen_1536.txt
../aim_simulator/build/ramulator2 -f ../aim_simulator/test/example.yaml -t ../trace/32_channels_per_device/model_parallel_FC/Llama2-7B/trace_4_FC_devices_seqlen_1536.txt
../aim_simulator/build/ramulator2 -f ../aim_simulator/test/example.yaml -t ../trace/32_channels_per_device/model_parallel/Llama2-7B/trace_8_FC_devices_seqlen_1536.txt
../aim_simulator/build/ramulator2 -f ../aim_simulator/test/example.yaml -t ../trace/32_channels_per_device/model_parallel_FC/Llama2-7B/trace_8_FC_devices_seqlen_1536.txt
../aim_simulator/build/ramulator2 -f ../aim_simulator/test/example.yaml -t ../trace/32_channels_per_device/model_parallel/Llama2-7B/trace_1_FC_devices_seqlen_1664.txt
../aim_simulator/build/ramulator2 -f ../aim_simulator/test/example.yaml -t ../trace/32_channels_per_device/model_parallel_FC/Llama2-7B/trace_1_FC_devices_seqlen_1664.txt
../aim_simulator/build/ramulator2 -f ../aim_simulator/test/example.yaml -t ../trace/32_channels_per_device/model_parallel/Llama2-7B/trace_2_FC_devices_seqlen_1664.txt
../aim_simulator/build/ramulator2 -f ../aim_simulator/test/example.yaml -t ../trace/32_channels_per_device/model_parallel_FC/Llama2-7B/trace_2_FC_devices_seqlen_1664.txt
../aim_simulator/build/ramulator2 -f ../aim_simulator/test/example.yaml -t ../trace/32_channels_per_device/model_parallel/Llama2-7B/trace_4_FC_devices_seqlen_1664.txt
../aim_simulator/build/ramulator2 -f ../aim_simulator/test/example.yaml -t ../trace/32_channels_per_device/model_parallel_FC/Llama2-7B/trace_4_FC_devices_seqlen_1664.txt
../aim_simulator/build/ramulator2 -f ../aim_simulator/test/example.yaml -t ../trace/32_channels_per_device/model_parallel/Llama2-7B/trace_8_FC_devices_seqlen_1664.txt
../aim_simulator/build/ramulator2 -f ../aim_simulator/test/example.yaml -t ../trace/32_channels_per_device/model_parallel_FC/Llama2-7B/trace_8_FC_devices_seqlen_1664.txt
../aim_simulator/build/ramulator2 -f ../aim_simulator/test/example.yaml -t ../trace/32_channels_per_device/model_parallel/Llama2-7B/trace_1_FC_devices_seqlen_1792.txt
../aim_simulator/build/ramulator2 -f ../aim_simulator/test/example.yaml -t ../trace/32_channels_per_device/model_parallel_FC/Llama2-7B/trace_1_FC_devices_seqlen_1792.txt
../aim_simulator/build/ramulator2 -f ../aim_simulator/test/example.yaml -t ../trace/32_channels_per_device/model_parallel/Llama2-7B/trace_2_FC_devices_seqlen_1792.txt
../aim_simulator/build/ramulator2 -f ../aim_simulator/test/example.yaml -t ../trace/32_channels_per_device/model_parallel_FC/Llama2-7B/trace_2_FC_devices_seqlen_1792.txt
../aim_simulator/build/ramulator2 -f ../aim_simulator/test/example.yaml -t ../trace/32_channels_per_device/model_parallel/Llama2-7B/trace_4_FC_devices_seqlen_1792.txt
../aim_simulator/build/ramulator2 -f ../aim_simulator/test/example.yaml -t ../trace/32_channels_per_device/model_parallel_FC/Llama2-7B/trace_4_FC_devices_seqlen_1792.txt
../aim_simulator/build/ramulator2 -f ../aim_simulator/test/example.yaml -t ../trace/32_channels_per_device/model_parallel/Llama2-7B/trace_8_FC_devices_seqlen_1792.txt
../aim_simulator/build/ramulator2 -f ../aim_simulator/test/example.yaml -t ../trace/32_channels_per_device/model_parallel_FC/Llama2-7B/trace_8_FC_devices_seqlen_1792.txt
../aim_simulator/build/ramulator2 -f ../aim_simulator/test/example.yaml -t ../trace/32_channels_per_device/model_parallel/Llama2-7B/trace_1_FC_devices_seqlen_1920.txt
../aim_simulator/build/ramulator2 -f ../aim_simulator/test/example.yaml -t ../trace/32_channels_per_device/model_parallel_FC/Llama2-7B/trace_1_FC_devices_seqlen_1920.txt
../aim_simulator/build/ramulator2 -f ../aim_simulator/test/example.yaml -t ../trace/32_channels_per_device/model_parallel/Llama2-7B/trace_2_FC_devices_seqlen_1920.txt
../aim_simulator/build/ramulator2 -f ../aim_simulator/test/example.yaml -t ../trace/32_channels_per_device/model_parallel_FC/Llama2-7B/trace_2_FC_devices_seqlen_1920.txt
../aim_simulator/build/ramulator2 -f ../aim_simulator/test/example.yaml -t ../trace/32_channels_per_device/model_parallel/Llama2-7B/trace_4_FC_devices_seqlen_1920.txt
../aim_simulator/build/ramulator2 -f ../aim_simulator/test/example.yaml -t ../trace/32_channels_per_device/model_parallel_FC/Llama2-7B/trace_4_FC_devices_seqlen_1920.txt
../aim_simulator/build/ramulator2 -f ../aim_simulator/test/example.yaml -t ../trace/32_channels_per_device/model_parallel/Llama2-7B/trace_8_FC_devices_seqlen_1920.txt
../aim_simulator/build/ramulator2 -f ../aim_simulator/test/example.yaml -t ../trace/32_channels_per_device/model_parallel_FC/Llama2-7B/trace_8_FC_devices_seqlen_1920.txt
../aim_simulator/build/ramulator2 -f ../aim_simulator/test/example.yaml -t ../trace/32_channels_per_device/model_parallel/Llama2-7B/trace_1_FC_devices_seqlen_2048.txt
../aim_simulator/build/ramulator2 -f ../aim_simulator/test/example.yaml -t ../trace/32_channels_per_device/model_parallel_FC/Llama2-7B/trace_1_FC_devices_seqlen_2048.txt
../aim_simulator/build/ramulator2 -f ../aim_simulator/test/example.yaml -t ../trace/32_channels_per_device/model_parallel/Llama2-7B/trace_2_FC_devices_seqlen_2048.txt
../aim_simulator/build/ramulator2 -f ../aim_simulator/test/example.yaml -t ../trace/32_channels_per_device/model_parallel_FC/Llama2-7B/trace_2_FC_devices_seqlen_2048.txt
../aim_simulator/build/ramulator2 -f ../aim_simulator/test/example.yaml -t ../trace/32_channels_per_device/model_parallel/Llama2-7B/trace_4_FC_devices_seqlen_2048.txt
../aim_simulator/build/ramulator2 -f ../aim_simulator/test/example.yaml -t ../trace/32_channels_per_device/model_parallel_FC/Llama2-7B/trace_4_FC_devices_seqlen_2048.txt
../aim_simulator/build/ramulator2 -f ../aim_simulator/test/example.yaml -t ../trace/32_channels_per_device/model_parallel/Llama2-7B/trace_8_FC_devices_seqlen_2048.txt
../aim_simulator/build/ramulator2 -f ../aim_simulator/test/example.yaml -t ../trace/32_channels_per_device/model_parallel_FC/Llama2-7B/trace_8_FC_devices_seqlen_2048.txt
../aim_simulator/build/ramulator2 -f ../aim_simulator/test/example.yaml -t ../trace/32_channels_per_device/model_parallel/Llama2-7B/trace_1_FC_devices_seqlen_2176.txt
../aim_simulator/build/ramulator2 -f ../aim_simulator/test/example.yaml -t ../trace/32_channels_per_device/model_parallel_FC/Llama2-7B/trace_1_FC_devices_seqlen_2176.txt
../aim_simulator/build/ramulator2 -f ../aim_simulator/test/example.yaml -t ../trace/32_channels_per_device/model_parallel/Llama2-7B/trace_2_FC_devices_seqlen_2176.txt
../aim_simulator/build/ramulator2 -f ../aim_simulator/test/example.yaml -t ../trace/32_channels_per_device/model_parallel_FC/Llama2-7B/trace_2_FC_devices_seqlen_2176.txt
../aim_simulator/build/ramulator2 -f ../aim_simulator/test/example.yaml -t ../trace/32_channels_per_device/model_parallel/Llama2-7B/trace_4_FC_devices_seqlen_2176.txt
../aim_simulator/build/ramulator2 -f ../aim_simulator/test/example.yaml -t ../trace/32_channels_per_device/model_parallel_FC/Llama2-7B/trace_4_FC_devices_seqlen_2176.txt
../aim_simulator/build/ramulator2 -f ../aim_simulator/test/example.yaml -t ../trace/32_channels_per_device/model_parallel/Llama2-7B/trace_8_FC_devices_seqlen_2176.txt
../aim_simulator/build/ramulator2 -f ../aim_simulator/test/example.yaml -t ../trace/32_channels_per_device/model_parallel_FC/Llama2-7B/trace_8_FC_devices_seqlen_2176.txt
../aim_simulator/build/ramulator2 -f ../aim_simulator/test/example.yaml -t ../trace/32_channels_per_device/model_parallel/Llama2-7B/trace_1_FC_devices_seqlen_2304.txt
../aim_simulator/build/ramulator2 -f ../aim_simulator/test/example.yaml -t ../trace/32_channels_per_device/model_parallel_FC/Llama2-7B/trace_1_FC_devices_seqlen_2304.txt
../aim_simulator/build/ramulator2 -f ../aim_simulator/test/example.yaml -t ../trace/32_channels_per_device/model_parallel/Llama2-7B/trace_2_FC_devices_seqlen_2304.txt
../aim_simulator/build/ramulator2 -f ../aim_simulator/test/example.yaml -t ../trace/32_channels_per_device/model_parallel_FC/Llama2-7B/trace_2_FC_devices_seqlen_2304.txt
../aim_simulator/build/ramulator2 -f ../aim_simulator/test/example.yaml -t ../trace/32_channels_per_device/model_parallel/Llama2-7B/trace_4_FC_devices_seqlen_2304.txt
../aim_simulator/build/ramulator2 -f ../aim_simulator/test/example.yaml -t ../trace/32_channels_per_device/model_parallel_FC/Llama2-7B/trace_4_FC_devices_seqlen_2304.txt
../aim_simulator/build/ramulator2 -f ../aim_simulator/test/example.yaml -t ../trace/32_channels_per_device/model_parallel/Llama2-7B/trace_8_FC_devices_seqlen_2304.txt
../aim_simulator/build/ramulator2 -f ../aim_simulator/test/example.yaml -t ../trace/32_channels_per_device/model_parallel_FC/Llama2-7B/trace_8_FC_devices_seqlen_2304.txt
../aim_simulator/build/ramulator2 -f ../aim_simulator/test/example.yaml -t ../trace/32_channels_per_device/model_parallel/Llama2-7B/trace_1_FC_devices_seqlen_2432.txt
../aim_simulator/build/ramulator2 -f ../aim_simulator/test/example.yaml -t ../trace/32_channels_per_device/model_parallel_FC/Llama2-7B/trace_1_FC_devices_seqlen_2432.txt
../aim_simulator/build/ramulator2 -f ../aim_simulator/test/example.yaml -t ../trace/32_channels_per_device/model_parallel/Llama2-7B/trace_2_FC_devices_seqlen_2432.txt
../aim_simulator/build/ramulator2 -f ../aim_simulator/test/example.yaml -t ../trace/32_channels_per_device/model_parallel_FC/Llama2-7B/trace_2_FC_devices_seqlen_2432.txt
../aim_simulator/build/ramulator2 -f ../aim_simulator/test/example.yaml -t ../trace/32_channels_per_device/model_parallel/Llama2-7B/trace_4_FC_devices_seqlen_2432.txt
../aim_simulator/build/ramulator2 -f ../aim_simulator/test/example.yaml -t ../trace/32_channels_per_device/model_parallel_FC/Llama2-7B/trace_4_FC_devices_seqlen_2432.txt
../aim_simulator/build/ramulator2 -f ../aim_simulator/test/example.yaml -t ../trace/32_channels_per_device/model_parallel/Llama2-7B/trace_8_FC_devices_seqlen_2432.txt
../aim_simulator/build/ramulator2 -f ../aim_simulator/test/example.yaml -t ../trace/32_channels_per_device/model_parallel_FC/Llama2-7B/trace_8_FC_devices_seqlen_2432.txt
../aim_simulator/build/ramulator2 -f ../aim_simulator/test/example.yaml -t ../trace/32_channels_per_device/model_parallel/Llama2-7B/trace_1_FC_devices_seqlen_2560.txt
../aim_simulator/build/ramulator2 -f ../aim_simulator/test/example.yaml -t ../trace/32_channels_per_device/model_parallel_FC/Llama2-7B/trace_1_FC_devices_seqlen_2560.txt
../aim_simulator/build/ramulator2 -f ../aim_simulator/test/example.yaml -t ../trace/32_channels_per_device/model_parallel/Llama2-7B/trace_2_FC_devices_seqlen_2560.txt
../aim_simulator/build/ramulator2 -f ../aim_simulator/test/example.yaml -t ../trace/32_channels_per_device/model_parallel_FC/Llama2-7B/trace_2_FC_devices_seqlen_2560.txt
../aim_simulator/build/ramulator2 -f ../aim_simulator/test/example.yaml -t ../trace/32_channels_per_device/model_parallel/Llama2-7B/trace_4_FC_devices_seqlen_2560.txt
../aim_simulator/build/ramulator2 -f ../aim_simulator/test/example.yaml -t ../trace/32_channels_per_device/model_parallel_FC/Llama2-7B/trace_4_FC_devices_seqlen_2560.txt
../aim_simulator/build/ramulator2 -f ../aim_simulator/test/example.yaml -t ../trace/32_channels_per_device/model_parallel/Llama2-7B/trace_8_FC_devices_seqlen_2560.txt
../aim_simulator/build/ramulator2 -f ../aim_simulator/test/example.yaml -t ../trace/32_channels_per_device/model_parallel_FC/Llama2-7B/trace_8_FC_devices_seqlen_2560.txt
../aim_simulator/build/ramulator2 -f ../aim_simulator/test/example.yaml -t ../trace/32_channels_per_device/model_parallel/Llama2-7B/trace_1_FC_devices_seqlen_2688.txt
../aim_simulator/build/ramulator2 -f ../aim_simulator/test/example.yaml -t ../trace/32_channels_per_device/model_parallel_FC/Llama2-7B/trace_1_FC_devices_seqlen_2688.txt
../aim_simulator/build/ramulator2 -f ../aim_simulator/test/example.yaml -t ../trace/32_channels_per_device/model_parallel/Llama2-7B/trace_2_FC_devices_seqlen_2688.txt
../aim_simulator/build/ramulator2 -f ../aim_simulator/test/example.yaml -t ../trace/32_channels_per_device/model_parallel_FC/Llama2-7B/trace_2_FC_devices_seqlen_2688.txt
../aim_simulator/build/ramulator2 -f ../aim_simulator/test/example.yaml -t ../trace/32_channels_per_device/model_parallel/Llama2-7B/trace_4_FC_devices_seqlen_2688.txt
../aim_simulator/build/ramulator2 -f ../aim_simulator/test/example.yaml -t ../trace/32_channels_per_device/model_parallel_FC/Llama2-7B/trace_4_FC_devices_seqlen_2688.txt
../aim_simulator/build/ramulator2 -f ../aim_simulator/test/example.yaml -t ../trace/32_channels_per_device/model_parallel/Llama2-7B/trace_8_FC_devices_seqlen_2688.txt
../aim_simulator/build/ramulator2 -f ../aim_simulator/test/example.yaml -t ../trace/32_channels_per_device/model_parallel_FC/Llama2-7B/trace_8_FC_devices_seqlen_2688.txt
../aim_simulator/build/ramulator2 -f ../aim_simulator/test/example.yaml -t ../trace/32_channels_per_device/model_parallel/Llama2-7B/trace_1_FC_devices_seqlen_2816.txt
../aim_simulator/build/ramulator2 -f ../aim_simulator/test/example.yaml -t ../trace/32_channels_per_device/model_parallel_FC/Llama2-7B/trace_1_FC_devices_seqlen_2816.txt
../aim_simulator/build/ramulator2 -f ../aim_simulator/test/example.yaml -t ../trace/32_channels_per_device/model_parallel/Llama2-7B/trace_2_FC_devices_seqlen_2816.txt
../aim_simulator/build/ramulator2 -f ../aim_simulator/test/example.yaml -t ../trace/32_channels_per_device/model_parallel_FC/Llama2-7B/trace_2_FC_devices_seqlen_2816.txt
../aim_simulator/build/ramulator2 -f ../aim_simulator/test/example.yaml -t ../trace/32_channels_per_device/model_parallel/Llama2-7B/trace_4_FC_devices_seqlen_2816.txt
../aim_simulator/build/ramulator2 -f ../aim_simulator/test/example.yaml -t ../trace/32_channels_per_device/model_parallel_FC/Llama2-7B/trace_4_FC_devices_seqlen_2816.txt
../aim_simulator/build/ramulator2 -f ../aim_simulator/test/example.yaml -t ../trace/32_channels_per_device/model_parallel/Llama2-7B/trace_8_FC_devices_seqlen_2816.txt
../aim_simulator/build/ramulator2 -f ../aim_simulator/test/example.yaml -t ../trace/32_channels_per_device/model_parallel_FC/Llama2-7B/trace_8_FC_devices_seqlen_2816.txt
../aim_simulator/build/ramulator2 -f ../aim_simulator/test/example.yaml -t ../trace/32_channels_per_device/model_parallel/Llama2-7B/trace_1_FC_devices_seqlen_2944.txt
../aim_simulator/build/ramulator2 -f ../aim_simulator/test/example.yaml -t ../trace/32_channels_per_device/model_parallel_FC/Llama2-7B/trace_1_FC_devices_seqlen_2944.txt
../aim_simulator/build/ramulator2 -f ../aim_simulator/test/example.yaml -t ../trace/32_channels_per_device/model_parallel/Llama2-7B/trace_2_FC_devices_seqlen_2944.txt
../aim_simulator/build/ramulator2 -f ../aim_simulator/test/example.yaml -t ../trace/32_channels_per_device/model_parallel_FC/Llama2-7B/trace_2_FC_devices_seqlen_2944.txt
../aim_simulator/build/ramulator2 -f ../aim_simulator/test/example.yaml -t ../trace/32_channels_per_device/model_parallel/Llama2-7B/trace_4_FC_devices_seqlen_2944.txt
../aim_simulator/build/ramulator2 -f ../aim_simulator/test/example.yaml -t ../trace/32_channels_per_device/model_parallel_FC/Llama2-7B/trace_4_FC_devices_seqlen_2944.txt
../aim_simulator/build/ramulator2 -f ../aim_simulator/test/example.yaml -t ../trace/32_channels_per_device/model_parallel/Llama2-7B/trace_8_FC_devices_seqlen_2944.txt
../aim_simulator/build/ramulator2 -f ../aim_simulator/test/example.yaml -t ../trace/32_channels_per_device/model_parallel_FC/Llama2-7B/trace_8_FC_devices_seqlen_2944.txt
../aim_simulator/build/ramulator2 -f ../aim_simulator/test/example.yaml -t ../trace/32_channels_per_device/model_parallel/Llama2-7B/trace_1_FC_devices_seqlen_3072.txt
../aim_simulator/build/ramulator2 -f ../aim_simulator/test/example.yaml -t ../trace/32_channels_per_device/model_parallel_FC/Llama2-7B/trace_1_FC_devices_seqlen_3072.txt
../aim_simulator/build/ramulator2 -f ../aim_simulator/test/example.yaml -t ../trace/32_channels_per_device/model_parallel/Llama2-7B/trace_2_FC_devices_seqlen_3072.txt
../aim_simulator/build/ramulator2 -f ../aim_simulator/test/example.yaml -t ../trace/32_channels_per_device/model_parallel_FC/Llama2-7B/trace_2_FC_devices_seqlen_3072.txt
../aim_simulator/build/ramulator2 -f ../aim_simulator/test/example.yaml -t ../trace/32_channels_per_device/model_parallel/Llama2-7B/trace_4_FC_devices_seqlen_3072.txt
../aim_simulator/build/ramulator2 -f ../aim_simulator/test/example.yaml -t ../trace/32_channels_per_device/model_parallel_FC/Llama2-7B/trace_4_FC_devices_seqlen_3072.txt
../aim_simulator/build/ramulator2 -f ../aim_simulator/test/example.yaml -t ../trace/32_channels_per_device/model_parallel/Llama2-7B/trace_8_FC_devices_seqlen_3072.txt
../aim_simulator/build/ramulator2 -f ../aim_simulator/test/example.yaml -t ../trace/32_channels_per_device/model_parallel_FC/Llama2-7B/trace_8_FC_devices_seqlen_3072.txt
../aim_simulator/build/ramulator2 -f ../aim_simulator/test/example.yaml -t ../trace/32_channels_per_device/model_parallel/Llama2-7B/trace_1_FC_devices_seqlen_3200.txt
../aim_simulator/build/ramulator2 -f ../aim_simulator/test/example.yaml -t ../trace/32_channels_per_device/model_parallel_FC/Llama2-7B/trace_1_FC_devices_seqlen_3200.txt
../aim_simulator/build/ramulator2 -f ../aim_simulator/test/example.yaml -t ../trace/32_channels_per_device/model_parallel/Llama2-7B/trace_2_FC_devices_seqlen_3200.txt
../aim_simulator/build/ramulator2 -f ../aim_simulator/test/example.yaml -t ../trace/32_channels_per_device/model_parallel_FC/Llama2-7B/trace_2_FC_devices_seqlen_3200.txt
../aim_simulator/build/ramulator2 -f ../aim_simulator/test/example.yaml -t ../trace/32_channels_per_device/model_parallel/Llama2-7B/trace_4_FC_devices_seqlen_3200.txt
../aim_simulator/build/ramulator2 -f ../aim_simulator/test/example.yaml -t ../trace/32_channels_per_device/model_parallel_FC/Llama2-7B/trace_4_FC_devices_seqlen_3200.txt
../aim_simulator/build/ramulator2 -f ../aim_simulator/test/example.yaml -t ../trace/32_channels_per_device/model_parallel/Llama2-7B/trace_8_FC_devices_seqlen_3200.txt
../aim_simulator/build/ramulator2 -f ../aim_simulator/test/example.yaml -t ../trace/32_channels_per_device/model_parallel_FC/Llama2-7B/trace_8_FC_devices_seqlen_3200.txt
../aim_simulator/build/ramulator2 -f ../aim_simulator/test/example.yaml -t ../trace/32_channels_per_device/model_parallel/Llama2-7B/trace_1_FC_devices_seqlen_3328.txt
../aim_simulator/build/ramulator2 -f ../aim_simulator/test/example.yaml -t ../trace/32_channels_per_device/model_parallel_FC/Llama2-7B/trace_1_FC_devices_seqlen_3328.txt
../aim_simulator/build/ramulator2 -f ../aim_simulator/test/example.yaml -t ../trace/32_channels_per_device/model_parallel/Llama2-7B/trace_2_FC_devices_seqlen_3328.txt
../aim_simulator/build/ramulator2 -f ../aim_simulator/test/example.yaml -t ../trace/32_channels_per_device/model_parallel_FC/Llama2-7B/trace_2_FC_devices_seqlen_3328.txt
../aim_simulator/build/ramulator2 -f ../aim_simulator/test/example.yaml -t ../trace/32_channels_per_device/model_parallel/Llama2-7B/trace_4_FC_devices_seqlen_3328.txt
../aim_simulator/build/ramulator2 -f ../aim_simulator/test/example.yaml -t ../trace/32_channels_per_device/model_parallel_FC/Llama2-7B/trace_4_FC_devices_seqlen_3328.txt
../aim_simulator/build/ramulator2 -f ../aim_simulator/test/example.yaml -t ../trace/32_channels_per_device/model_parallel/Llama2-7B/trace_8_FC_devices_seqlen_3328.txt
../aim_simulator/build/ramulator2 -f ../aim_simulator/test/example.yaml -t ../trace/32_channels_per_device/model_parallel_FC/Llama2-7B/trace_8_FC_devices_seqlen_3328.txt
../aim_simulator/build/ramulator2 -f ../aim_simulator/test/example.yaml -t ../trace/32_channels_per_device/model_parallel/Llama2-7B/trace_1_FC_devices_seqlen_3456.txt
../aim_simulator/build/ramulator2 -f ../aim_simulator/test/example.yaml -t ../trace/32_channels_per_device/model_parallel_FC/Llama2-7B/trace_1_FC_devices_seqlen_3456.txt
../aim_simulator/build/ramulator2 -f ../aim_simulator/test/example.yaml -t ../trace/32_channels_per_device/model_parallel/Llama2-7B/trace_2_FC_devices_seqlen_3456.txt
../aim_simulator/build/ramulator2 -f ../aim_simulator/test/example.yaml -t ../trace/32_channels_per_device/model_parallel_FC/Llama2-7B/trace_2_FC_devices_seqlen_3456.txt
../aim_simulator/build/ramulator2 -f ../aim_simulator/test/example.yaml -t ../trace/32_channels_per_device/model_parallel/Llama2-7B/trace_4_FC_devices_seqlen_3456.txt
../aim_simulator/build/ramulator2 -f ../aim_simulator/test/example.yaml -t ../trace/32_channels_per_device/model_parallel_FC/Llama2-7B/trace_4_FC_devices_seqlen_3456.txt
../aim_simulator/build/ramulator2 -f ../aim_simulator/test/example.yaml -t ../trace/32_channels_per_device/model_parallel/Llama2-7B/trace_8_FC_devices_seqlen_3456.txt
../aim_simulator/build/ramulator2 -f ../aim_simulator/test/example.yaml -t ../trace/32_channels_per_device/model_parallel_FC/Llama2-7B/trace_8_FC_devices_seqlen_3456.txt
../aim_simulator/build/ramulator2 -f ../aim_simulator/test/example.yaml -t ../trace/32_channels_per_device/model_parallel/Llama2-7B/trace_1_FC_devices_seqlen_3584.txt
../aim_simulator/build/ramulator2 -f ../aim_simulator/test/example.yaml -t ../trace/32_channels_per_device/model_parallel_FC/Llama2-7B/trace_1_FC_devices_seqlen_3584.txt
../aim_simulator/build/ramulator2 -f ../aim_simulator/test/example.yaml -t ../trace/32_channels_per_device/model_parallel/Llama2-7B/trace_2_FC_devices_seqlen_3584.txt
../aim_simulator/build/ramulator2 -f ../aim_simulator/test/example.yaml -t ../trace/32_channels_per_device/model_parallel_FC/Llama2-7B/trace_2_FC_devices_seqlen_3584.txt
../aim_simulator/build/ramulator2 -f ../aim_simulator/test/example.yaml -t ../trace/32_channels_per_device/model_parallel/Llama2-7B/trace_4_FC_devices_seqlen_3584.txt
../aim_simulator/build/ramulator2 -f ../aim_simulator/test/example.yaml -t ../trace/32_channels_per_device/model_parallel_FC/Llama2-7B/trace_4_FC_devices_seqlen_3584.txt
../aim_simulator/build/ramulator2 -f ../aim_simulator/test/example.yaml -t ../trace/32_channels_per_device/model_parallel/Llama2-7B/trace_8_FC_devices_seqlen_3584.txt
../aim_simulator/build/ramulator2 -f ../aim_simulator/test/example.yaml -t ../trace/32_channels_per_device/model_parallel_FC/Llama2-7B/trace_8_FC_devices_seqlen_3584.txt
../aim_simulator/build/ramulator2 -f ../aim_simulator/test/example.yaml -t ../trace/32_channels_per_device/model_parallel/Llama2-7B/trace_1_FC_devices_seqlen_3712.txt
../aim_simulator/build/ramulator2 -f ../aim_simulator/test/example.yaml -t ../trace/32_channels_per_device/model_parallel_FC/Llama2-7B/trace_1_FC_devices_seqlen_3712.txt
../aim_simulator/build/ramulator2 -f ../aim_simulator/test/example.yaml -t ../trace/32_channels_per_device/model_parallel/Llama2-7B/trace_2_FC_devices_seqlen_3712.txt
../aim_simulator/build/ramulator2 -f ../aim_simulator/test/example.yaml -t ../trace/32_channels_per_device/model_parallel_FC/Llama2-7B/trace_2_FC_devices_seqlen_3712.txt
../aim_simulator/build/ramulator2 -f ../aim_simulator/test/example.yaml -t ../trace/32_channels_per_device/model_parallel/Llama2-7B/trace_4_FC_devices_seqlen_3712.txt
../aim_simulator/build/ramulator2 -f ../aim_simulator/test/example.yaml -t ../trace/32_channels_per_device/model_parallel_FC/Llama2-7B/trace_4_FC_devices_seqlen_3712.txt
../aim_simulator/build/ramulator2 -f ../aim_simulator/test/example.yaml -t ../trace/32_channels_per_device/model_parallel/Llama2-7B/trace_8_FC_devices_seqlen_3712.txt
../aim_simulator/build/ramulator2 -f ../aim_simulator/test/example.yaml -t ../trace/32_channels_per_device/model_parallel_FC/Llama2-7B/trace_8_FC_devices_seqlen_3712.txt
../aim_simulator/build/ramulator2 -f ../aim_simulator/test/example.yaml -t ../trace/32_channels_per_device/model_parallel/Llama2-7B/trace_1_FC_devices_seqlen_3840.txt
../aim_simulator/build/ramulator2 -f ../aim_simulator/test/example.yaml -t ../trace/32_channels_per_device/model_parallel_FC/Llama2-7B/trace_1_FC_devices_seqlen_3840.txt
../aim_simulator/build/ramulator2 -f ../aim_simulator/test/example.yaml -t ../trace/32_channels_per_device/model_parallel/Llama2-7B/trace_2_FC_devices_seqlen_3840.txt
../aim_simulator/build/ramulator2 -f ../aim_simulator/test/example.yaml -t ../trace/32_channels_per_device/model_parallel_FC/Llama2-7B/trace_2_FC_devices_seqlen_3840.txt
../aim_simulator/build/ramulator2 -f ../aim_simulator/test/example.yaml -t ../trace/32_channels_per_device/model_parallel/Llama2-7B/trace_4_FC_devices_seqlen_3840.txt
../aim_simulator/build/ramulator2 -f ../aim_simulator/test/example.yaml -t ../trace/32_channels_per_device/model_parallel_FC/Llama2-7B/trace_4_FC_devices_seqlen_3840.txt
../aim_simulator/build/ramulator2 -f ../aim_simulator/test/example.yaml -t ../trace/32_channels_per_device/model_parallel/Llama2-7B/trace_8_FC_devices_seqlen_3840.txt
../aim_simulator/build/ramulator2 -f ../aim_simulator/test/example.yaml -t ../trace/32_channels_per_device/model_parallel_FC/Llama2-7B/trace_8_FC_devices_seqlen_3840.txt
../aim_simulator/build/ramulator2 -f ../aim_simulator/test/example.yaml -t ../trace/32_channels_per_device/model_parallel/Llama2-7B/trace_1_FC_devices_seqlen_3968.txt
../aim_simulator/build/ramulator2 -f ../aim_simulator/test/example.yaml -t ../trace/32_channels_per_device/model_parallel_FC/Llama2-7B/trace_1_FC_devices_seqlen_3968.txt
../aim_simulator/build/ramulator2 -f ../aim_simulator/test/example.yaml -t ../trace/32_channels_per_device/model_parallel/Llama2-7B/trace_2_FC_devices_seqlen_3968.txt
../aim_simulator/build/ramulator2 -f ../aim_simulator/test/example.yaml -t ../trace/32_channels_per_device/model_parallel_FC/Llama2-7B/trace_2_FC_devices_seqlen_3968.txt
../aim_simulator/build/ramulator2 -f ../aim_simulator/test/example.yaml -t ../trace/32_channels_per_device/model_parallel/Llama2-7B/trace_4_FC_devices_seqlen_3968.txt
../aim_simulator/build/ramulator2 -f ../aim_simulator/test/example.yaml -t ../trace/32_channels_per_device/model_parallel_FC/Llama2-7B/trace_4_FC_devices_seqlen_3968.txt
../aim_simulator/build/ramulator2 -f ../aim_simulator/test/example.yaml -t ../trace/32_channels_per_device/model_parallel/Llama2-7B/trace_8_FC_devices_seqlen_3968.txt
../aim_simulator/build/ramulator2 -f ../aim_simulator/test/example.yaml -t ../trace/32_channels_per_device/model_parallel_FC/Llama2-7B/trace_8_FC_devices_seqlen_3968.txt
../aim_simulator/build/ramulator2 -f ../aim_simulator/test/example.yaml -t ../trace/32_channels_per_device/model_parallel/Llama2-7B/trace_1_FC_devices_seqlen_4096.txt
../aim_simulator/build/ramulator2 -f ../aim_simulator/test/example.yaml -t ../trace/32_channels_per_device/model_parallel_FC/Llama2-7B/trace_1_FC_devices_seqlen_4096.txt
../aim_simulator/build/ramulator2 -f ../aim_simulator/test/example.yaml -t ../trace/32_channels_per_device/model_parallel/Llama2-7B/trace_2_FC_devices_seqlen_4096.txt
../aim_simulator/build/ramulator2 -f ../aim_simulator/test/example.yaml -t ../trace/32_channels_per_device/model_parallel_FC/Llama2-7B/trace_2_FC_devices_seqlen_4096.txt
../aim_simulator/build/ramulator2 -f ../aim_simulator/test/example.yaml -t ../trace/32_channels_per_device/model_parallel/Llama2-7B/trace_4_FC_devices_seqlen_4096.txt
../aim_simulator/build/ramulator2 -f ../aim_simulator/test/example.yaml -t ../trace/32_channels_per_device/model_parallel_FC/Llama2-7B/trace_4_FC_devices_seqlen_4096.txt
../aim_simulator/build/ramulator2 -f ../aim_simulator/test/example.yaml -t ../trace/32_channels_per_device/model_parallel/Llama2-7B/trace_8_FC_devices_seqlen_4096.txt
../aim_simulator/build/ramulator2 -f ../aim_simulator/test/example.yaml -t ../trace/32_channels_per_device/model_parallel_FC/Llama2-7B/trace_8_FC_devices_seqlen_4096.txt
Processing results...
Updating simulation results to CSV file...
Generating traces for Llama2-13B with 2 threads...

Generate trace in run_sim, model name=Llama2-13B sending as model --Llama

====================================== MODEL CONF ======================================
{
    "model_name": "Llama2-13B",
    "n_heads": 40,
    "num_channels": 32,
    "channels_per_block": "N/A",
    "fc_devices": [
        1,
        2,
        4,
        5,
        10,
        20
    ],
    "reuse_size": 32,
    "embedding": true,
    "only-FC": false,
    "only-trace": true,
    "model_parallel": true,
    "pipeline_parallel": false,
    "multi_tb_per_device": false
}
====================================== END CONF ======================================
====================================== MODEL CONF ======================================
{
    "model_name": "Llama2-13B",
    "n_heads": 40,
    "num_channels": 32,
    "channels_per_block": "N/A",
    "fc_devices": [
        1,
        2,
        4,
        5,
        10,
        20
    ],
    "reuse_size": 32,
    "embedding": true,
    "only-FC": false,
    "only-trace": true,
    "model_parallel": true,
    "pipeline_parallel": false,
    "multi_tb_per_device": false
}
====================================== END CONF ======================================
====================================== MODEL CONF ======================================
{
    "model_name": "Llama2-13B",
    "n_heads": 40,
    "num_channels": 32,
    "channels_per_block": "N/A",
    "fc_devices": [
        1,
        2,
        4,
        5,
        10,
        20
    ],
    "reuse_size": 32,
    "embedding": true,
    "only-FC": false,
    "only-trace": true,
    "model_parallel": true,
    "pipeline_parallel": false,
    "multi_tb_per_device": false
}
====================================== END CONF ======================================
====================================== MODEL CONF ======================================
{
    "model_name": "Llama2-13B",
    "n_heads": 40,
    "num_channels": 32,
    "channels_per_block": "N/A",
    "fc_devices": [
        1,
        2,
        4,
        5,
        10,
        20
    ],
    "reuse_size": 32,
    "embedding": true,
    "only-FC": false,
    "only-trace": true,
    "model_parallel": true,
    "pipeline_parallel": false,
    "multi_tb_per_device": false
}
====================================== END CONF ======================================
====================================== MODEL CONF ======================================
{
    "model_name": "Llama2-13B",
    "n_heads": 40,
    "num_channels": 32,
    "channels_per_block": "N/A",
    "fc_devices": [
        1,
        2,
        4,
        5,
        10,
        20
    ],
    "reuse_size": 32,
    "embedding": true,
    "only-FC": false,
    "only-trace": true,
    "model_parallel": true,
    "pipeline_parallel": false,
    "multi_tb_per_device": false
}
====================================== END CONF ======================================
====================================== MODEL CONF ======================================
{
    "model_name": "Llama2-13B",
    "n_heads": 40,
    "num_channels": 32,
    "channels_per_block": "N/A",
    "fc_devices": [
        1,
        2,
        4,
        5,
        10,
        20
    ],
    "reuse_size": 32,
    "embedding": true,
    "only-FC": false,
    "only-trace": true,
    "model_parallel": true,
    "pipeline_parallel": false,
    "multi_tb_per_device": false
}
====================================== END CONF ======================================
====================================== MODEL CONF ======================================
{
    "model_name": "Llama2-13B",
    "n_heads": 40,
    "num_channels": 32,
    "channels_per_block": "N/A",
    "fc_devices": [
        1,
        2,
        4,
        5,
        10,
        20
    ],
    "reuse_size": 32,
    "embedding": false,
    "only-FC": false,
    "only-trace": true,
    "model_parallel": true,
    "pipeline_parallel": false,
    "multi_tb_per_device": false
}
====================================== END CONF ======================================
====================================== MODEL CONF ======================================
{
    "model_name": "Llama2-13B",
    "n_heads": 40,
    "num_channels": 32,
    "channels_per_block": "N/A",
    "fc_devices": [],
    "reuse_size": 32,
    "embedding": false,
    "only-FC": true,
    "only-trace": true,
    "model_parallel": true,
    "pipeline_parallel": false,
    "multi_tb_per_device": false
}
====================================== END CONF ======================================
====================================== MODEL CONF ======================================
{
    "model_name": "Llama2-13B",
    "n_heads": 40,
    "num_channels": 32,
    "channels_per_block": "N/A",
    "fc_devices": [
        1,
        2,
        4,
        5,
        10,
        20
    ],
    "reuse_size": 32,
    "embedding": false,
    "only-FC": false,
    "only-trace": true,
    "model_parallel": true,
    "pipeline_parallel": false,
    "multi_tb_per_device": false
}
====================================== END CONF ======================================
====================================== MODEL CONF ======================================
{
    "model_name": "Llama2-13B",
    "n_heads": 40,
    "num_channels": 32,
    "channels_per_block": "N/A",
    "fc_devices": [],
    "reuse_size": 32,
    "embedding": false,
    "only-FC": true,
    "only-trace": true,
    "model_parallel": true,
    "pipeline_parallel": false,
    "multi_tb_per_device": false
}
====================================== END CONF ======================================
====================================== MODEL CONF ======================================
{
    "model_name": "Llama2-13B",
    "n_heads": 40,
    "num_channels": 32,
    "channels_per_block": "N/A",
    "fc_devices": [
        1,
        2,
        4,
        5,
        10,
        20
    ],
    "reuse_size": 32,
    "embedding": false,
    "only-FC": false,
    "only-trace": true,
    "model_parallel": true,
    "pipeline_parallel": false,
    "multi_tb_per_device": false
}
====================================== END CONF ======================================
====================================== MODEL CONF ======================================
{
    "model_name": "Llama2-13B",
    "n_heads": 40,
    "num_channels": 32,
    "channels_per_block": "N/A",
    "fc_devices": [],
    "reuse_size": 32,
    "embedding": false,
    "only-FC": true,
    "only-trace": true,
    "model_parallel": true,
    "pipeline_parallel": false,
    "multi_tb_per_device": false
}
====================================== END CONF ======================================
====================================== MODEL CONF ======================================
{
    "model_name": "Llama2-13B",
    "n_heads": 40,
    "num_channels": 32,
    "channels_per_block": "N/A",
    "fc_devices": [
        1,
        2,
        4,
        5,
        10,
        20
    ],
    "reuse_size": 32,
    "embedding": false,
    "only-FC": false,
    "only-trace": true,
    "model_parallel": true,
    "pipeline_parallel": false,
    "multi_tb_per_device": false
}
====================================== END CONF ======================================
====================================== MODEL CONF ======================================
{
    "model_name": "Llama2-13B",
    "n_heads": 40,
    "num_channels": 32,
    "channels_per_block": "N/A",
    "fc_devices": [],
    "reuse_size": 32,
    "embedding": false,
    "only-FC": true,
    "only-trace": true,
    "model_parallel": true,
    "pipeline_parallel": false,
    "multi_tb_per_device": false
}
====================================== END CONF ======================================
====================================== MODEL CONF ======================================
{
    "model_name": "Llama2-13B",
    "n_heads": 40,
    "num_channels": 32,
    "channels_per_block": "N/A",
    "fc_devices": [
        1,
        2,
        4,
        5,
        10,
        20
    ],
    "reuse_size": 32,
    "embedding": false,
    "only-FC": false,
    "only-trace": true,
    "model_parallel": true,
    "pipeline_parallel": false,
    "multi_tb_per_device": false
}
====================================== END CONF ======================================
====================================== MODEL CONF ======================================
{
    "model_name": "Llama2-13B",
    "n_heads": 40,
    "num_channels": 32,
    "channels_per_block": "N/A",
    "fc_devices": [],
    "reuse_size": 32,
    "embedding": false,
    "only-FC": true,
    "only-trace": true,
    "model_parallel": true,
    "pipeline_parallel": false,
    "multi_tb_per_device": false
}
====================================== END CONF ======================================
====================================== MODEL CONF ======================================
{
    "model_name": "Llama2-13B",
    "n_heads": 40,
    "num_channels": 32,
    "channels_per_block": "N/A",
    "fc_devices": [
        1,
        2,
        4,
        5,
        10,
        20
    ],
    "reuse_size": 32,
    "embedding": false,
    "only-FC": false,
    "only-trace": true,
    "model_parallel": true,
    "pipeline_parallel": false,
    "multi_tb_per_device": false
}
====================================== END CONF ======================================
====================================== MODEL CONF ======================================
{
    "model_name": "Llama2-13B",
    "n_heads": 40,
    "num_channels": 32,
    "channels_per_block": "N/A",
    "fc_devices": [],
    "reuse_size": 32,
    "embedding": false,
    "only-FC": true,
    "only-trace": true,
    "model_parallel": true,
    "pipeline_parallel": false,
    "multi_tb_per_device": false
}
====================================== END CONF ======================================
====================================== MODEL CONF ======================================
{
    "model_name": "Llama2-13B",
    "n_heads": 40,
    "num_channels": 32,
    "channels_per_block": "N/A",
    "fc_devices": [
        1,
        2,
        4,
        5,
        10,
        20
    ],
    "reuse_size": 32,
    "embedding": false,
    "only-FC": false,
    "only-trace": true,
    "model_parallel": true,
    "pipeline_parallel": false,
    "multi_tb_per_device": false
}
====================================== END CONF ======================================
====================================== MODEL CONF ======================================
{
    "model_name": "Llama2-13B",
    "n_heads": 40,
    "num_channels": 32,
    "channels_per_block": "N/A",
    "fc_devices": [],
    "reuse_size": 32,
    "embedding": false,
    "only-FC": true,
    "only-trace": true,
    "model_parallel": true,
    "pipeline_parallel": false,
    "multi_tb_per_device": false
}
====================================== END CONF ======================================
====================================== MODEL CONF ======================================
{
    "model_name": "Llama2-13B",
    "n_heads": 40,
    "num_channels": 32,
    "channels_per_block": "N/A",
    "fc_devices": [
        1,
        2,
        4,
        5,
        10,
        20
    ],
    "reuse_size": 32,
    "embedding": false,
    "only-FC": false,
    "only-trace": true,
    "model_parallel": true,
    "pipeline_parallel": false,
    "multi_tb_per_device": false
}
====================================== END CONF ======================================
====================================== MODEL CONF ======================================
{
    "model_name": "Llama2-13B",
    "n_heads": 40,
    "num_channels": 32,
    "channels_per_block": "N/A",
    "fc_devices": [],
    "reuse_size": 32,
    "embedding": false,
    "only-FC": true,
    "only-trace": true,
    "model_parallel": true,
    "pipeline_parallel": false,
    "multi_tb_per_device": false
}
====================================== END CONF ======================================
====================================== MODEL CONF ======================================
{
    "model_name": "Llama2-13B",
    "n_heads": 40,
    "num_channels": 32,
    "channels_per_block": "N/A",
    "fc_devices": [
        1,
        2,
        4,
        5,
        10,
        20
    ],
    "reuse_size": 32,
    "embedding": false,
    "only-FC": false,
    "only-trace": true,
    "model_parallel": true,
    "pipeline_parallel": false,
    "multi_tb_per_device": false
}
====================================== END CONF ======================================
====================================== MODEL CONF ======================================
{
    "model_name": "Llama2-13B",
    "n_heads": 40,
    "num_channels": 32,
    "channels_per_block": "N/A",
    "fc_devices": [],
    "reuse_size": 32,
    "embedding": false,
    "only-FC": true,
    "only-trace": true,
    "model_parallel": true,
    "pipeline_parallel": false,
    "multi_tb_per_device": false
}
====================================== END CONF ======================================
====================================== MODEL CONF ======================================
{
    "model_name": "Llama2-13B",
    "n_heads": 40,
    "num_channels": 32,
    "channels_per_block": "N/A",
    "fc_devices": [
        1,
        2,
        4,
        5,
        10,
        20
    ],
    "reuse_size": 32,
    "embedding": false,
    "only-FC": false,
    "only-trace": true,
    "model_parallel": true,
    "pipeline_parallel": false,
    "multi_tb_per_device": false
}
====================================== END CONF ======================================
====================================== MODEL CONF ======================================
{
    "model_name": "Llama2-13B",
    "n_heads": 40,
    "num_channels": 32,
    "channels_per_block": "N/A",
    "fc_devices": [],
    "reuse_size": 32,
    "embedding": false,
    "only-FC": true,
    "only-trace": true,
    "model_parallel": true,
    "pipeline_parallel": false,
    "multi_tb_per_device": false
}
====================================== END CONF ======================================
====================================== MODEL CONF ======================================
{
    "model_name": "Llama2-13B",
    "n_heads": 40,
    "num_channels": 32,
    "channels_per_block": "N/A",
    "fc_devices": [
        1,
        2,
        4,
        5,
        10,
        20
    ],
    "reuse_size": 32,
    "embedding": false,
    "only-FC": false,
    "only-trace": true,
    "model_parallel": true,
    "pipeline_parallel": false,
    "multi_tb_per_device": false
}
====================================== END CONF ======================================
====================================== MODEL CONF ======================================
{
    "model_name": "Llama2-13B",
    "n_heads": 40,
    "num_channels": 32,
    "channels_per_block": "N/A",
    "fc_devices": [],
    "reuse_size": 32,
    "embedding": false,
    "only-FC": true,
    "only-trace": true,
    "model_parallel": true,
    "pipeline_parallel": false,
    "multi_tb_per_device": false
}
====================================== END CONF ======================================
====================================== MODEL CONF ======================================
{
    "model_name": "Llama2-13B",
    "n_heads": 40,
    "num_channels": 32,
    "channels_per_block": "N/A",
    "fc_devices": [
        1,
        2,
        4,
        5,
        10,
        20
    ],
    "reuse_size": 32,
    "embedding": false,
    "only-FC": false,
    "only-trace": true,
    "model_parallel": true,
    "pipeline_parallel": false,
    "multi_tb_per_device": false
}
====================================== END CONF ======================================
====================================== MODEL CONF ======================================
{
    "model_name": "Llama2-13B",
    "n_heads": 40,
    "num_channels": 32,
    "channels_per_block": "N/A",
    "fc_devices": [],
    "reuse_size": 32,
    "embedding": false,
    "only-FC": true,
    "only-trace": true,
    "model_parallel": true,
    "pipeline_parallel": false,
    "multi_tb_per_device": false
}
====================================== END CONF ======================================
====================================== MODEL CONF ======================================
{
    "model_name": "Llama2-13B",
    "n_heads": 40,
    "num_channels": 32,
    "channels_per_block": "N/A",
    "fc_devices": [
        1,
        2,
        4,
        5,
        10,
        20
    ],
    "reuse_size": 32,
    "embedding": false,
    "only-FC": false,
    "only-trace": true,
    "model_parallel": true,
    "pipeline_parallel": false,
    "multi_tb_per_device": false
}
====================================== END CONF ======================================
====================================== MODEL CONF ======================================
{
    "model_name": "Llama2-13B",
    "n_heads": 40,
    "num_channels": 32,
    "channels_per_block": "N/A",
    "fc_devices": [],
    "reuse_size": 32,
    "embedding": false,
    "only-FC": true,
    "only-trace": true,
    "model_parallel": true,
    "pipeline_parallel": false,
    "multi_tb_per_device": false
}
====================================== END CONF ======================================
====================================== MODEL CONF ======================================
{
    "model_name": "Llama2-13B",
    "n_heads": 40,
    "num_channels": 32,
    "channels_per_block": "N/A",
    "fc_devices": [
        1,
        2,
        4,
        5,
        10,
        20
    ],
    "reuse_size": 32,
    "embedding": false,
    "only-FC": false,
    "only-trace": true,
    "model_parallel": true,
    "pipeline_parallel": false,
    "multi_tb_per_device": false
}
====================================== END CONF ======================================
====================================== MODEL CONF ======================================
{
    "model_name": "Llama2-13B",
    "n_heads": 40,
    "num_channels": 32,
    "channels_per_block": "N/A",
    "fc_devices": [],
    "reuse_size": 32,
    "embedding": false,
    "only-FC": true,
    "only-trace": true,
    "model_parallel": true,
    "pipeline_parallel": false,
    "multi_tb_per_device": false
}
====================================== END CONF ======================================
====================================== MODEL CONF ======================================
{
    "model_name": "Llama2-13B",
    "n_heads": 40,
    "num_channels": 32,
    "channels_per_block": "N/A",
    "fc_devices": [
        1,
        2,
        4,
        5,
        10,
        20
    ],
    "reuse_size": 32,
    "embedding": false,
    "only-FC": false,
    "only-trace": true,
    "model_parallel": true,
    "pipeline_parallel": false,
    "multi_tb_per_device": false
}
====================================== END CONF ======================================
====================================== MODEL CONF ======================================
{
    "model_name": "Llama2-13B",
    "n_heads": 40,
    "num_channels": 32,
    "channels_per_block": "N/A",
    "fc_devices": [],
    "reuse_size": 32,
    "embedding": false,
    "only-FC": true,
    "only-trace": true,
    "model_parallel": true,
    "pipeline_parallel": false,
    "multi_tb_per_device": false
}
====================================== END CONF ======================================
====================================== MODEL CONF ======================================
{
    "model_name": "Llama2-13B",
    "n_heads": 40,
    "num_channels": 32,
    "channels_per_block": "N/A",
    "fc_devices": [
        1,
        2,
        4,
        5,
        10,
        20
    ],
    "reuse_size": 32,
    "embedding": false,
    "only-FC": false,
    "only-trace": true,
    "model_parallel": true,
    "pipeline_parallel": false,
    "multi_tb_per_device": false
}
====================================== END CONF ======================================
====================================== MODEL CONF ======================================
{
    "model_name": "Llama2-13B",
    "n_heads": 40,
    "num_channels": 32,
    "channels_per_block": "N/A",
    "fc_devices": [],
    "reuse_size": 32,
    "embedding": false,
    "only-FC": true,
    "only-trace": true,
    "model_parallel": true,
    "pipeline_parallel": false,
    "multi_tb_per_device": false
}
====================================== END CONF ======================================
====================================== MODEL CONF ======================================
{
    "model_name": "Llama2-13B",
    "n_heads": 40,
    "num_channels": 32,
    "channels_per_block": "N/A",
    "fc_devices": [
        1,
        2,
        4,
        5,
        10,
        20
    ],
    "reuse_size": 32,
    "embedding": false,
    "only-FC": false,
    "only-trace": true,
    "model_parallel": true,
    "pipeline_parallel": false,
    "multi_tb_per_device": false
}
====================================== END CONF ======================================
====================================== MODEL CONF ======================================
{
    "model_name": "Llama2-13B",
    "n_heads": 40,
    "num_channels": 32,
    "channels_per_block": "N/A",
    "fc_devices": [],
    "reuse_size": 32,
    "embedding": false,
    "only-FC": true,
    "only-trace": true,
    "model_parallel": true,
    "pipeline_parallel": false,
    "multi_tb_per_device": false
}
====================================== END CONF ======================================
====================================== MODEL CONF ======================================
{
    "model_name": "Llama2-13B",
    "n_heads": 40,
    "num_channels": 32,
    "channels_per_block": "N/A",
    "fc_devices": [
        1,
        2,
        4,
        5,
        10,
        20
    ],
    "reuse_size": 32,
    "embedding": false,
    "only-FC": false,
    "only-trace": true,
    "model_parallel": true,
    "pipeline_parallel": false,
    "multi_tb_per_device": false
}
====================================== END CONF ======================================
====================================== MODEL CONF ======================================
{
    "model_name": "Llama2-13B",
    "n_heads": 40,
    "num_channels": 32,
    "channels_per_block": "N/A",
    "fc_devices": [],
    "reuse_size": 32,
    "embedding": false,
    "only-FC": true,
    "only-trace": true,
    "model_parallel": true,
    "pipeline_parallel": false,
    "multi_tb_per_device": false
}
====================================== END CONF ======================================
====================================== MODEL CONF ======================================
{
    "model_name": "Llama2-13B",
    "n_heads": 40,
    "num_channels": 32,
    "channels_per_block": "N/A",
    "fc_devices": [
        1,
        2,
        4,
        5,
        10,
        20
    ],
    "reuse_size": 32,
    "embedding": false,
    "only-FC": false,
    "only-trace": true,
    "model_parallel": true,
    "pipeline_parallel": false,
    "multi_tb_per_device": false
}
====================================== END CONF ======================================
====================================== MODEL CONF ======================================
{
    "model_name": "Llama2-13B",
    "n_heads": 40,
    "num_channels": 32,
    "channels_per_block": "N/A",
    "fc_devices": [],
    "reuse_size": 32,
    "embedding": false,
    "only-FC": true,
    "only-trace": true,
    "model_parallel": true,
    "pipeline_parallel": false,
    "multi_tb_per_device": false
}
====================================== END CONF ======================================
====================================== MODEL CONF ======================================
{
    "model_name": "Llama2-13B",
    "n_heads": 40,
    "num_channels": 32,
    "channels_per_block": "N/A",
    "fc_devices": [
        1,
        2,
        4,
        5,
        10,
        20
    ],
    "reuse_size": 32,
    "embedding": false,
    "only-FC": false,
    "only-trace": true,
    "model_parallel": true,
    "pipeline_parallel": false,
    "multi_tb_per_device": false
}
====================================== END CONF ======================================
====================================== MODEL CONF ======================================
{
    "model_name": "Llama2-13B",
    "n_heads": 40,
    "num_channels": 32,
    "channels_per_block": "N/A",
    "fc_devices": [],
    "reuse_size": 32,
    "embedding": false,
    "only-FC": true,
    "only-trace": true,
    "model_parallel": true,
    "pipeline_parallel": false,
    "multi_tb_per_device": false
}
====================================== END CONF ======================================
====================================== MODEL CONF ======================================
{
    "model_name": "Llama2-13B",
    "n_heads": 40,
    "num_channels": 32,
    "channels_per_block": "N/A",
    "fc_devices": [
        1,
        2,
        4,
        5,
        10,
        20
    ],
    "reuse_size": 32,
    "embedding": false,
    "only-FC": false,
    "only-trace": true,
    "model_parallel": true,
    "pipeline_parallel": false,
    "multi_tb_per_device": false
}
====================================== END CONF ======================================
====================================== MODEL CONF ======================================
{
    "model_name": "Llama2-13B",
    "n_heads": 40,
    "num_channels": 32,
    "channels_per_block": "N/A",
    "fc_devices": [],
    "reuse_size": 32,
    "embedding": false,
    "only-FC": true,
    "only-trace": true,
    "model_parallel": true,
    "pipeline_parallel": false,
    "multi_tb_per_device": false
}
====================================== END CONF ======================================
====================================== MODEL CONF ======================================
{
    "model_name": "Llama2-13B",
    "n_heads": 40,
    "num_channels": 32,
    "channels_per_block": "N/A",
    "fc_devices": [
        1,
        2,
        4,
        5,
        10,
        20
    ],
    "reuse_size": 32,
    "embedding": false,
    "only-FC": false,
    "only-trace": true,
    "model_parallel": true,
    "pipeline_parallel": false,
    "multi_tb_per_device": false
}
====================================== END CONF ======================================
====================================== MODEL CONF ======================================
{
    "model_name": "Llama2-13B",
    "n_heads": 40,
    "num_channels": 32,
    "channels_per_block": "N/A",
    "fc_devices": [],
    "reuse_size": 32,
    "embedding": false,
    "only-FC": true,
    "only-trace": true,
    "model_parallel": true,
    "pipeline_parallel": false,
    "multi_tb_per_device": false
}
====================================== END CONF ======================================
====================================== MODEL CONF ======================================
{
    "model_name": "Llama2-13B",
    "n_heads": 40,
    "num_channels": 32,
    "channels_per_block": "N/A",
    "fc_devices": [
        1,
        2,
        4,
        5,
        10,
        20
    ],
    "reuse_size": 32,
    "embedding": false,
    "only-FC": false,
    "only-trace": true,
    "model_parallel": true,
    "pipeline_parallel": false,
    "multi_tb_per_device": false
}
====================================== END CONF ======================================
====================================== MODEL CONF ======================================
{
    "model_name": "Llama2-13B",
    "n_heads": 40,
    "num_channels": 32,
    "channels_per_block": "N/A",
    "fc_devices": [],
    "reuse_size": 32,
    "embedding": false,
    "only-FC": true,
    "only-trace": true,
    "model_parallel": true,
    "pipeline_parallel": false,
    "multi_tb_per_device": false
}
====================================== END CONF ======================================
====================================== MODEL CONF ======================================
{
    "model_name": "Llama2-13B",
    "n_heads": 40,
    "num_channels": 32,
    "channels_per_block": "N/A",
    "fc_devices": [
        1,
        2,
        4,
        5,
        10,
        20
    ],
    "reuse_size": 32,
    "embedding": false,
    "only-FC": false,
    "only-trace": true,
    "model_parallel": true,
    "pipeline_parallel": false,
    "multi_tb_per_device": false
}
====================================== END CONF ======================================
====================================== MODEL CONF ======================================
{
    "model_name": "Llama2-13B",
    "n_heads": 40,
    "num_channels": 32,
    "channels_per_block": "N/A",
    "fc_devices": [],
    "reuse_size": 32,
    "embedding": false,
    "only-FC": true,
    "only-trace": true,
    "model_parallel": true,
    "pipeline_parallel": false,
    "multi_tb_per_device": false
}
====================================== END CONF ======================================
====================================== MODEL CONF ======================================
{
    "model_name": "Llama2-13B",
    "n_heads": 40,
    "num_channels": 32,
    "channels_per_block": "N/A",
    "fc_devices": [
        1,
        2,
        4,
        5,
        10,
        20
    ],
    "reuse_size": 32,
    "embedding": false,
    "only-FC": false,
    "only-trace": true,
    "model_parallel": true,
    "pipeline_parallel": false,
    "multi_tb_per_device": false
}
====================================== END CONF ======================================
====================================== MODEL CONF ======================================
{
    "model_name": "Llama2-13B",
    "n_heads": 40,
    "num_channels": 32,
    "channels_per_block": "N/A",
    "fc_devices": [],
    "reuse_size": 32,
    "embedding": false,
    "only-FC": true,
    "only-trace": true,
    "model_parallel": true,
    "pipeline_parallel": false,
    "multi_tb_per_device": false
}
====================================== END CONF ======================================
====================================== MODEL CONF ======================================
{
    "model_name": "Llama2-13B",
    "n_heads": 40,
    "num_channels": 32,
    "channels_per_block": "N/A",
    "fc_devices": [
        1,
        2,
        4,
        5,
        10,
        20
    ],
    "reuse_size": 32,
    "embedding": false,
    "only-FC": false,
    "only-trace": true,
    "model_parallel": true,
    "pipeline_parallel": false,
    "multi_tb_per_device": false
}
====================================== END CONF ======================================
====================================== MODEL CONF ======================================
{
    "model_name": "Llama2-13B",
    "n_heads": 40,
    "num_channels": 32,
    "channels_per_block": "N/A",
    "fc_devices": [],
    "reuse_size": 32,
    "embedding": false,
    "only-FC": true,
    "only-trace": true,
    "model_parallel": true,
    "pipeline_parallel": false,
    "multi_tb_per_device": false
}
====================================== END CONF ======================================
====================================== MODEL CONF ======================================
{
    "model_name": "Llama2-13B",
    "n_heads": 40,
    "num_channels": 32,
    "channels_per_block": "N/A",
    "fc_devices": [
        1,
        2,
        4,
        5,
        10,
        20
    ],
    "reuse_size": 32,
    "embedding": false,
    "only-FC": false,
    "only-trace": true,
    "model_parallel": true,
    "pipeline_parallel": false,
    "multi_tb_per_device": false
}
====================================== END CONF ======================================
====================================== MODEL CONF ======================================
{
    "model_name": "Llama2-13B",
    "n_heads": 40,
    "num_channels": 32,
    "channels_per_block": "N/A",
    "fc_devices": [],
    "reuse_size": 32,
    "embedding": false,
    "only-FC": true,
    "only-trace": true,
    "model_parallel": true,
    "pipeline_parallel": false,
    "multi_tb_per_device": false
}
====================================== END CONF ======================================
====================================== MODEL CONF ======================================
{
    "model_name": "Llama2-13B",
    "n_heads": 40,
    "num_channels": 32,
    "channels_per_block": "N/A",
    "fc_devices": [
        1,
        2,
        4,
        5,
        10,
        20
    ],
    "reuse_size": 32,
    "embedding": false,
    "only-FC": false,
    "only-trace": true,
    "model_parallel": true,
    "pipeline_parallel": false,
    "multi_tb_per_device": false
}
====================================== END CONF ======================================
====================================== MODEL CONF ======================================
{
    "model_name": "Llama2-13B",
    "n_heads": 40,
    "num_channels": 32,
    "channels_per_block": "N/A",
    "fc_devices": [],
    "reuse_size": 32,
    "embedding": false,
    "only-FC": true,
    "only-trace": true,
    "model_parallel": true,
    "pipeline_parallel": false,
    "multi_tb_per_device": false
}
====================================== END CONF ======================================
====================================== MODEL CONF ======================================
{
    "model_name": "Llama2-13B",
    "n_heads": 40,
    "num_channels": 32,
    "channels_per_block": "N/A",
    "fc_devices": [
        1,
        2,
        4,
        5,
        10,
        20
    ],
    "reuse_size": 32,
    "embedding": false,
    "only-FC": false,
    "only-trace": true,
    "model_parallel": true,
    "pipeline_parallel": false,
    "multi_tb_per_device": false
}
====================================== END CONF ======================================
====================================== MODEL CONF ======================================
{
    "model_name": "Llama2-13B",
    "n_heads": 40,
    "num_channels": 32,
    "channels_per_block": "N/A",
    "fc_devices": [],
    "reuse_size": 32,
    "embedding": false,
    "only-FC": true,
    "only-trace": true,
    "model_parallel": true,
    "pipeline_parallel": false,
    "multi_tb_per_device": false
}
====================================== END CONF ======================================
====================================== MODEL CONF ======================================
{
    "model_name": "Llama2-13B",
    "n_heads": 40,
    "num_channels": 32,
    "channels_per_block": "N/A",
    "fc_devices": [
        1,
        2,
        4,
        5,
        10,
        20
    ],
    "reuse_size": 32,
    "embedding": false,
    "only-FC": false,
    "only-trace": true,
    "model_parallel": true,
    "pipeline_parallel": false,
    "multi_tb_per_device": false
}
====================================== END CONF ======================================
====================================== MODEL CONF ======================================
{
    "model_name": "Llama2-13B",
    "n_heads": 40,
    "num_channels": 32,
    "channels_per_block": "N/A",
    "fc_devices": [],
    "reuse_size": 32,
    "embedding": false,
    "only-FC": true,
    "only-trace": true,
    "model_parallel": true,
    "pipeline_parallel": false,
    "multi_tb_per_device": false
}
====================================== END CONF ======================================
====================================== MODEL CONF ======================================
{
    "model_name": "Llama2-13B",
    "n_heads": 40,
    "num_channels": 32,
    "channels_per_block": "N/A",
    "fc_devices": [
        1,
        2,
        4,
        5,
        10,
        20
    ],
    "reuse_size": 32,
    "embedding": false,
    "only-FC": false,
    "only-trace": true,
    "model_parallel": true,
    "pipeline_parallel": false,
    "multi_tb_per_device": false
}
====================================== END CONF ======================================
====================================== MODEL CONF ======================================
{
    "model_name": "Llama2-13B",
    "n_heads": 40,
    "num_channels": 32,
    "channels_per_block": "N/A",
    "fc_devices": [],
    "reuse_size": 32,
    "embedding": false,
    "only-FC": true,
    "only-trace": true,
    "model_parallel": true,
    "pipeline_parallel": false,
    "multi_tb_per_device": false
}
====================================== END CONF ======================================
====================================== MODEL CONF ======================================
{
    "model_name": "Llama2-13B",
    "n_heads": 40,
    "num_channels": 32,
    "channels_per_block": "N/A",
    "fc_devices": [
        1,
        2,
        4,
        5,
        10,
        20
    ],
    "reuse_size": 32,
    "embedding": false,
    "only-FC": false,
    "only-trace": true,
    "model_parallel": true,
    "pipeline_parallel": false,
    "multi_tb_per_device": false
}
====================================== END CONF ======================================
====================================== MODEL CONF ======================================
{
    "model_name": "Llama2-13B",
    "n_heads": 40,
    "num_channels": 32,
    "channels_per_block": "N/A",
    "fc_devices": [],
    "reuse_size": 32,
    "embedding": false,
    "only-FC": true,
    "only-trace": true,
    "model_parallel": true,
    "pipeline_parallel": false,
    "multi_tb_per_device": false
}
====================================== END CONF ======================================
====================================== MODEL CONF ======================================
{
    "model_name": "Llama2-13B",
    "n_heads": 40,
    "num_channels": 32,
    "channels_per_block": "N/A",
    "fc_devices": [
        1,
        2,
        4,
        5,
        10,
        20
    ],
    "reuse_size": 32,
    "embedding": false,
    "only-FC": false,
    "only-trace": true,
    "model_parallel": true,
    "pipeline_parallel": false,
    "multi_tb_per_device": false
}
====================================== END CONF ======================================
====================================== MODEL CONF ======================================
{
    "model_name": "Llama2-13B",
    "n_heads": 40,
    "num_channels": 32,
    "channels_per_block": "N/A",
    "fc_devices": [],
    "reuse_size": 32,
    "embedding": false,
    "only-FC": true,
    "only-trace": true,
    "model_parallel": true,
    "pipeline_parallel": false,
    "multi_tb_per_device": false
}
====================================== END CONF ======================================
====================================== MODEL CONF ======================================
{
    "model_name": "Llama2-13B",
    "n_heads": 40,
    "num_channels": 32,
    "channels_per_block": "N/A",
    "fc_devices": [
        1,
        2,
        4,
        5,
        10,
        20
    ],
    "reuse_size": 32,
    "embedding": false,
    "only-FC": false,
    "only-trace": true,
    "model_parallel": true,
    "pipeline_parallel": false,
    "multi_tb_per_device": false
}
====================================== END CONF ======================================
====================================== MODEL CONF ======================================
{
    "model_name": "Llama2-13B",
    "n_heads": 40,
    "num_channels": 32,
    "channels_per_block": "N/A",
    "fc_devices": [],
    "reuse_size": 32,
    "embedding": false,
    "only-FC": true,
    "only-trace": true,
    "model_parallel": true,
    "pipeline_parallel": false,
    "multi_tb_per_device": false
}
====================================== END CONF ======================================
====================================== MODEL CONF ======================================
{
    "model_name": "Llama2-13B",
    "n_heads": 40,
    "num_channels": 32,
    "channels_per_block": "N/A",
    "fc_devices": [
        1,
        2,
        4,
        5,
        10,
        20
    ],
    "reuse_size": 32,
    "embedding": false,
    "only-FC": false,
    "only-trace": true,
    "model_parallel": true,
    "pipeline_parallel": false,
    "multi_tb_per_device": false
}
====================================== END CONF ======================================
====================================== MODEL CONF ======================================
{
    "model_name": "Llama2-13B",
    "n_heads": 40,
    "num_channels": 32,
    "channels_per_block": "N/A",
    "fc_devices": [],
    "reuse_size": 32,
    "embedding": false,
    "only-FC": true,
    "only-trace": true,
    "model_parallel": true,
    "pipeline_parallel": false,
    "multi_tb_per_device": false
}
====================================== END CONF ======================================
====================================== MODEL CONF ======================================
{
    "model_name": "Llama2-13B",
    "n_heads": 40,
    "num_channels": 32,
    "channels_per_block": "N/A",
    "fc_devices": [
        1,
        2,
        4,
        5,
        10,
        20
    ],
    "reuse_size": 32,
    "embedding": false,
    "only-FC": false,
    "only-trace": true,
    "model_parallel": true,
    "pipeline_parallel": false,
    "multi_tb_per_device": false
}
====================================== END CONF ======================================
====================================== MODEL CONF ======================================
{
    "model_name": "Llama2-13B",
    "n_heads": 40,
    "num_channels": 32,
    "channels_per_block": "N/A",
    "fc_devices": [],
    "reuse_size": 32,
    "embedding": false,
    "only-FC": true,
    "only-trace": true,
    "model_parallel": true,
    "pipeline_parallel": false,
    "multi_tb_per_device": false
}
====================================== END CONF ======================================
====================================== MODEL CONF ======================================
{
    "model_name": "Llama2-13B",
    "n_heads": 40,
    "num_channels": 32,
    "channels_per_block": "N/A",
    "fc_devices": [
        1,
        2,
        4,
        5,
        10,
        20
    ],
    "reuse_size": 32,
    "embedding": false,
    "only-FC": false,
    "only-trace": true,
    "model_parallel": true,
    "pipeline_parallel": false,
    "multi_tb_per_device": false
}
====================================== END CONF ======================================
====================================== MODEL CONF ======================================
{
    "model_name": "Llama2-13B",
    "n_heads": 40,
    "num_channels": 32,
    "channels_per_block": "N/A",
    "fc_devices": [],
    "reuse_size": 32,
    "embedding": false,
    "only-FC": true,
    "only-trace": true,
    "model_parallel": true,
    "pipeline_parallel": false,
    "multi_tb_per_device": false
}
====================================== END CONF ======================================
====================================== MODEL CONF ======================================
{
    "model_name": "Llama2-13B",
    "n_heads": 40,
    "num_channels": 32,
    "channels_per_block": "N/A",
    "fc_devices": [
        1,
        2,
        4,
        5,
        10,
        20
    ],
    "reuse_size": 32,
    "embedding": false,
    "only-FC": false,
    "only-trace": true,
    "model_parallel": true,
    "pipeline_parallel": false,
    "multi_tb_per_device": false
}
====================================== END CONF ======================================
====================================== MODEL CONF ======================================
{
    "model_name": "Llama2-13B",
    "n_heads": 40,
    "num_channels": 32,
    "channels_per_block": "N/A",
    "fc_devices": [],
    "reuse_size": 32,
    "embedding": false,
    "only-FC": true,
    "only-trace": true,
    "model_parallel": true,
    "pipeline_parallel": false,
    "multi_tb_per_device": false
}
====================================== END CONF ======================================
====================================== MODEL CONF ======================================
{
    "model_name": "Llama2-13B",
    "n_heads": 40,
    "num_channels": 32,
    "channels_per_block": "N/A",
    "fc_devices": [
        1,
        2,
        4,
        5,
        10,
        20
    ],
    "reuse_size": 32,
    "embedding": false,
    "only-FC": false,
    "only-trace": true,
    "model_parallel": true,
    "pipeline_parallel": false,
    "multi_tb_per_device": false
}
====================================== END CONF ======================================
====================================== MODEL CONF ======================================
{
    "model_name": "Llama2-13B",
    "n_heads": 40,
    "num_channels": 32,
    "channels_per_block": "N/A",
    "fc_devices": [],
    "reuse_size": 32,
    "embedding": false,
    "only-FC": true,
    "only-trace": true,
    "model_parallel": true,
    "pipeline_parallel": false,
    "multi_tb_per_device": false
}
====================================== END CONF ======================================
====================================== MODEL CONF ======================================
{
    "model_name": "Llama2-13B",
    "n_heads": 40,
    "num_channels": 32,
    "channels_per_block": "N/A",
    "fc_devices": [
        1,
        2,
        4,
        5,
        10,
        20
    ],
    "reuse_size": 32,
    "embedding": false,
    "only-FC": false,
    "only-trace": true,
    "model_parallel": true,
    "pipeline_parallel": false,
    "multi_tb_per_device": false
}
====================================== END CONF ======================================
====================================== MODEL CONF ======================================
{
    "model_name": "Llama2-13B",
    "n_heads": 40,
    "num_channels": 32,
    "channels_per_block": "N/A",
    "fc_devices": [],
    "reuse_size": 32,
    "embedding": false,
    "only-FC": true,
    "only-trace": true,
    "model_parallel": true,
    "pipeline_parallel": false,
    "multi_tb_per_device": false
}
====================================== END CONF ======================================
====================================== MODEL CONF ======================================
{
    "model_name": "Llama2-13B",
    "n_heads": 40,
    "num_channels": 32,
    "channels_per_block": "N/A",
    "fc_devices": [
        1,
        2,
        4,
        5,
        10,
        20
    ],
    "reuse_size": 32,
    "embedding": false,
    "only-FC": false,
    "only-trace": true,
    "model_parallel": true,
    "pipeline_parallel": false,
    "multi_tb_per_device": false
}
====================================== END CONF ======================================
====================================== MODEL CONF ======================================
{
    "model_name": "Llama2-13B",
    "n_heads": 40,
    "num_channels": 32,
    "channels_per_block": "N/A",
    "fc_devices": [],
    "reuse_size": 32,
    "embedding": false,
    "only-FC": true,
    "only-trace": true,
    "model_parallel": true,
    "pipeline_parallel": false,
    "multi_tb_per_device": false
}
====================================== END CONF ======================================
====================================== MODEL CONF ======================================
{
    "model_name": "Llama2-13B",
    "n_heads": 40,
    "num_channels": 32,
    "channels_per_block": "N/A",
    "fc_devices": [
        1,
        2,
        4,
        5,
        10,
        20
    ],
    "reuse_size": 32,
    "embedding": false,
    "only-FC": false,
    "only-trace": true,
    "model_parallel": true,
    "pipeline_parallel": false,
    "multi_tb_per_device": false
}
====================================== END CONF ======================================
====================================== MODEL CONF ======================================
{
    "model_name": "Llama2-13B",
    "n_heads": 40,
    "num_channels": 32,
    "channels_per_block": "N/A",
    "fc_devices": [],
    "reuse_size": 32,
    "embedding": false,
    "only-FC": true,
    "only-trace": true,
    "model_parallel": true,
    "pipeline_parallel": false,
    "multi_tb_per_device": false
}
====================================== END CONF ======================================
====================================== MODEL CONF ======================================
{
    "model_name": "Llama2-13B",
    "n_heads": 40,
    "num_channels": 32,
    "channels_per_block": "N/A",
    "fc_devices": [
        1,
        2,
        4,
        5,
        10,
        20
    ],
    "reuse_size": 32,
    "embedding": false,
    "only-FC": false,
    "only-trace": true,
    "model_parallel": true,
    "pipeline_parallel": false,
    "multi_tb_per_device": false
}
====================================== END CONF ======================================
====================================== MODEL CONF ======================================
{
    "model_name": "Llama2-13B",
    "n_heads": 40,
    "num_channels": 32,
    "channels_per_block": "N/A",
    "fc_devices": [],
    "reuse_size": 32,
    "embedding": false,
    "only-FC": true,
    "only-trace": true,
    "model_parallel": true,
    "pipeline_parallel": false,
    "multi_tb_per_device": false
}
====================================== END CONF ======================================
====================================== MODEL CONF ======================================
{
    "model_name": "Llama2-13B",
    "n_heads": 40,
    "num_channels": 32,
    "channels_per_block": "N/A",
    "fc_devices": [
        1,
        2,
        4,
        5,
        10,
        20
    ],
    "reuse_size": 32,
    "embedding": false,
    "only-FC": false,
    "only-trace": true,
    "model_parallel": true,
    "pipeline_parallel": false,
    "multi_tb_per_device": false
}
====================================== END CONF ======================================
====================================== MODEL CONF ======================================
{
    "model_name": "Llama2-13B",
    "n_heads": 40,
    "num_channels": 32,
    "channels_per_block": "N/A",
    "fc_devices": [],
    "reuse_size": 32,
    "embedding": false,
    "only-FC": true,
    "only-trace": true,
    "model_parallel": true,
    "pipeline_parallel": false,
    "multi_tb_per_device": false
}
====================================== END CONF ======================================
====================================== MODEL CONF ======================================
{
    "model_name": "Llama2-13B",
    "n_heads": 40,
    "num_channels": 32,
    "channels_per_block": "N/A",
    "fc_devices": [
        1,
        2,
        4,
        5,
        10,
        20
    ],
    "reuse_size": 32,
    "embedding": false,
    "only-FC": false,
    "only-trace": true,
    "model_parallel": true,
    "pipeline_parallel": false,
    "multi_tb_per_device": false
}
====================================== END CONF ======================================
====================================== MODEL CONF ======================================
{
    "model_name": "Llama2-13B",
    "n_heads": 40,
    "num_channels": 32,
    "channels_per_block": "N/A",
    "fc_devices": [],
    "reuse_size": 32,
    "embedding": false,
    "only-FC": true,
    "only-trace": true,
    "model_parallel": true,
    "pipeline_parallel": false,
    "multi_tb_per_device": false
}
====================================== END CONF ======================================
====================================== MODEL CONF ======================================
{
    "model_name": "Llama2-13B",
    "n_heads": 40,
    "num_channels": 32,
    "channels_per_block": "N/A",
    "fc_devices": [
        1,
        2,
        4,
        5,
        10,
        20
    ],
    "reuse_size": 32,
    "embedding": false,
    "only-FC": false,
    "only-trace": true,
    "model_parallel": true,
    "pipeline_parallel": false,
    "multi_tb_per_device": false
}
====================================== END CONF ======================================
====================================== MODEL CONF ======================================
{
    "model_name": "Llama2-13B",
    "n_heads": 40,
    "num_channels": 32,
    "channels_per_block": "N/A",
    "fc_devices": [],
    "reuse_size": 32,
    "embedding": false,
    "only-FC": true,
    "only-trace": true,
    "model_parallel": true,
    "pipeline_parallel": false,
    "multi_tb_per_device": false
}
====================================== END CONF ======================================
====================================== MODEL CONF ======================================
{
    "model_name": "Llama2-13B",
    "n_heads": 40,
    "num_channels": 32,
    "channels_per_block": "N/A",
    "fc_devices": [
        1,
        2,
        4,
        5,
        10,
        20
    ],
    "reuse_size": 32,
    "embedding": false,
    "only-FC": false,
    "only-trace": true,
    "model_parallel": true,
    "pipeline_parallel": false,
    "multi_tb_per_device": false
}
====================================== END CONF ======================================
====================================== MODEL CONF ======================================
{
    "model_name": "Llama2-13B",
    "n_heads": 40,
    "num_channels": 32,
    "channels_per_block": "N/A",
    "fc_devices": [],
    "reuse_size": 32,
    "embedding": false,
    "only-FC": true,
    "only-trace": true,
    "model_parallel": true,
    "pipeline_parallel": false,
    "multi_tb_per_device": false
}
====================================== END CONF ======================================
====================================== MODEL CONF ======================================
{
    "model_name": "Llama2-13B",
    "n_heads": 40,
    "num_channels": 32,
    "channels_per_block": "N/A",
    "fc_devices": [
        1,
        2,
        4,
        5,
        10,
        20
    ],
    "reuse_size": 32,
    "embedding": false,
    "only-FC": false,
    "only-trace": true,
    "model_parallel": true,
    "pipeline_parallel": false,
    "multi_tb_per_device": false
}
====================================== END CONF ======================================
====================================== MODEL CONF ======================================
{
    "model_name": "Llama2-13B",
    "n_heads": 40,
    "num_channels": 32,
    "channels_per_block": "N/A",
    "fc_devices": [],
    "reuse_size": 32,
    "embedding": false,
    "only-FC": true,
    "only-trace": true,
    "model_parallel": true,
    "pipeline_parallel": false,
    "multi_tb_per_device": false
}
====================================== END CONF ======================================
====================================== MODEL CONF ======================================
{
    "model_name": "Llama2-13B",
    "n_heads": 40,
    "num_channels": 32,
    "channels_per_block": "N/A",
    "fc_devices": [
        1,
        2,
        4,
        5,
        10,
        20
    ],
    "reuse_size": 32,
    "embedding": false,
    "only-FC": false,
    "only-trace": true,
    "model_parallel": true,
    "pipeline_parallel": false,
    "multi_tb_per_device": false
}
====================================== END CONF ======================================
====================================== MODEL CONF ======================================
{
    "model_name": "Llama2-13B",
    "n_heads": 40,
    "num_channels": 32,
    "channels_per_block": "N/A",
    "fc_devices": [],
    "reuse_size": 32,
    "embedding": false,
    "only-FC": true,
    "only-trace": true,
    "model_parallel": true,
    "pipeline_parallel": false,
    "multi_tb_per_device": false
}
====================================== END CONF ======================================
====================================== MODEL CONF ======================================
{
    "model_name": "Llama2-13B",
    "n_heads": 40,
    "num_channels": 32,
    "channels_per_block": "N/A",
    "fc_devices": [
        1,
        2,
        4,
        5,
        10,
        20
    ],
    "reuse_size": 32,
    "embedding": false,
    "only-FC": false,
    "only-trace": true,
    "model_parallel": true,
    "pipeline_parallel": false,
    "multi_tb_per_device": false
}
====================================== END CONF ======================================
====================================== MODEL CONF ======================================
{
    "model_name": "Llama2-13B",
    "n_heads": 40,
    "num_channels": 32,
    "channels_per_block": "N/A",
    "fc_devices": [],
    "reuse_size": 32,
    "embedding": false,
    "only-FC": true,
    "only-trace": true,
    "model_parallel": true,
    "pipeline_parallel": false,
    "multi_tb_per_device": false
}
====================================== END CONF ======================================
====================================== MODEL CONF ======================================
{
    "model_name": "Llama2-13B",
    "n_heads": 40,
    "num_channels": 32,
    "channels_per_block": "N/A",
    "fc_devices": [
        1,
        2,
        4,
        5,
        10,
        20
    ],
    "reuse_size": 32,
    "embedding": false,
    "only-FC": false,
    "only-trace": true,
    "model_parallel": true,
    "pipeline_parallel": false,
    "multi_tb_per_device": false
}
====================================== END CONF ======================================
====================================== MODEL CONF ======================================
{
    "model_name": "Llama2-13B",
    "n_heads": 40,
    "num_channels": 32,
    "channels_per_block": "N/A",
    "fc_devices": [],
    "reuse_size": 32,
    "embedding": false,
    "only-FC": true,
    "only-trace": true,
    "model_parallel": true,
    "pipeline_parallel": false,
    "multi_tb_per_device": false
}
====================================== END CONF ======================================
====================================== MODEL CONF ======================================
{
    "model_name": "Llama2-13B",
    "n_heads": 40,
    "num_channels": 32,
    "channels_per_block": "N/A",
    "fc_devices": [
        1,
        2,
        4,
        5,
        10,
        20
    ],
    "reuse_size": 32,
    "embedding": false,
    "only-FC": false,
    "only-trace": true,
    "model_parallel": true,
    "pipeline_parallel": false,
    "multi_tb_per_device": false
}
====================================== END CONF ======================================
====================================== MODEL CONF ======================================
{
    "model_name": "Llama2-13B",
    "n_heads": 40,
    "num_channels": 32,
    "channels_per_block": "N/A",
    "fc_devices": [],
    "reuse_size": 32,
    "embedding": false,
    "only-FC": true,
    "only-trace": true,
    "model_parallel": true,
    "pipeline_parallel": false,
    "multi_tb_per_device": false
}
====================================== END CONF ======================================
====================================== MODEL CONF ======================================
{
    "model_name": "Llama2-13B",
    "n_heads": 40,
    "num_channels": 32,
    "channels_per_block": "N/A",
    "fc_devices": [
        1,
        2,
        4,
        5,
        10,
        20
    ],
    "reuse_size": 32,
    "embedding": false,
    "only-FC": false,
    "only-trace": true,
    "model_parallel": true,
    "pipeline_parallel": false,
    "multi_tb_per_device": false
}
====================================== END CONF ======================================
====================================== MODEL CONF ======================================
{
    "model_name": "Llama2-13B",
    "n_heads": 40,
    "num_channels": 32,
    "channels_per_block": "N/A",
    "fc_devices": [],
    "reuse_size": 32,
    "embedding": false,
    "only-FC": true,
    "only-trace": true,
    "model_parallel": true,
    "pipeline_parallel": false,
    "multi_tb_per_device": false
}
====================================== END CONF ======================================
====================================== MODEL CONF ======================================
{
    "model_name": "Llama2-13B",
    "n_heads": 40,
    "num_channels": 32,
    "channels_per_block": "N/A",
    "fc_devices": [
        1,
        2,
        4,
        5,
        10,
        20
    ],
    "reuse_size": 32,
    "embedding": false,
    "only-FC": false,
    "only-trace": true,
    "model_parallel": true,
    "pipeline_parallel": false,
    "multi_tb_per_device": false
}
====================================== END CONF ======================================
====================================== MODEL CONF ======================================
{
    "model_name": "Llama2-13B",
    "n_heads": 40,
    "num_channels": 32,
    "channels_per_block": "N/A",
    "fc_devices": [],
    "reuse_size": 32,
    "embedding": false,
    "only-FC": true,
    "only-trace": true,
    "model_parallel": true,
    "pipeline_parallel": false,
    "multi_tb_per_device": false
}
====================================== END CONF ======================================
====================================== MODEL CONF ======================================
{
    "model_name": "Llama2-13B",
    "n_heads": 40,
    "num_channels": 32,
    "channels_per_block": "N/A",
    "fc_devices": [
        1,
        2,
        4,
        5,
        10,
        20
    ],
    "reuse_size": 32,
    "embedding": false,
    "only-FC": false,
    "only-trace": true,
    "model_parallel": true,
    "pipeline_parallel": false,
    "multi_tb_per_device": false
}
====================================== END CONF ======================================
====================================== MODEL CONF ======================================
{
    "model_name": "Llama2-13B",
    "n_heads": 40,
    "num_channels": 32,
    "channels_per_block": "N/A",
    "fc_devices": [],
    "reuse_size": 32,
    "embedding": false,
    "only-FC": true,
    "only-trace": true,
    "model_parallel": true,
    "pipeline_parallel": false,
    "multi_tb_per_device": false
}
====================================== END CONF ======================================
====================================== MODEL CONF ======================================
{
    "model_name": "Llama2-13B",
    "n_heads": 40,
    "num_channels": 32,
    "channels_per_block": "N/A",
    "fc_devices": [
        1,
        2,
        4,
        5,
        10,
        20
    ],
    "reuse_size": 32,
    "embedding": false,
    "only-FC": false,
    "only-trace": true,
    "model_parallel": true,
    "pipeline_parallel": false,
    "multi_tb_per_device": false
}
====================================== END CONF ======================================
====================================== MODEL CONF ======================================
{
    "model_name": "Llama2-13B",
    "n_heads": 40,
    "num_channels": 32,
    "channels_per_block": "N/A",
    "fc_devices": [],
    "reuse_size": 32,
    "embedding": false,
    "only-FC": true,
    "only-trace": true,
    "model_parallel": true,
    "pipeline_parallel": false,
    "multi_tb_per_device": false
}
====================================== END CONF ======================================
====================================== MODEL CONF ======================================
{
    "model_name": "Llama2-13B",
    "n_heads": 40,
    "num_channels": 32,
    "channels_per_block": "N/A",
    "fc_devices": [
        1,
        2,
        4,
        5,
        10,
        20
    ],
    "reuse_size": 32,
    "embedding": false,
    "only-FC": false,
    "only-trace": true,
    "model_parallel": true,
    "pipeline_parallel": false,
    "multi_tb_per_device": false
}
====================================== END CONF ======================================
====================================== MODEL CONF ======================================
{
    "model_name": "Llama2-13B",
    "n_heads": 40,
    "num_channels": 32,
    "channels_per_block": "N/A",
    "fc_devices": [],
    "reuse_size": 32,
    "embedding": false,
    "only-FC": true,
    "only-trace": true,
    "model_parallel": true,
    "pipeline_parallel": false,
    "multi_tb_per_device": false
}
====================================== END CONF ======================================
====================================== MODEL CONF ======================================
{
    "model_name": "Llama2-13B",
    "n_heads": 40,
    "num_channels": 32,
    "channels_per_block": "N/A",
    "fc_devices": [
        1,
        2,
        4,
        5,
        10,
        20
    ],
    "reuse_size": 32,
    "embedding": false,
    "only-FC": false,
    "only-trace": true,
    "model_parallel": true,
    "pipeline_parallel": false,
    "multi_tb_per_device": false
}
====================================== END CONF ======================================
====================================== MODEL CONF ======================================
{
    "model_name": "Llama2-13B",
    "n_heads": 40,
    "num_channels": 32,
    "channels_per_block": "N/A",
    "fc_devices": [],
    "reuse_size": 32,
    "embedding": false,
    "only-FC": true,
    "only-trace": true,
    "model_parallel": true,
    "pipeline_parallel": false,
    "multi_tb_per_device": false
}
====================================== END CONF ======================================
====================================== MODEL CONF ======================================
{
    "model_name": "Llama2-13B",
    "n_heads": 40,
    "num_channels": 32,
    "channels_per_block": "N/A",
    "fc_devices": [
        1,
        2,
        4,
        5,
        10,
        20
    ],
    "reuse_size": 32,
    "embedding": false,
    "only-FC": false,
    "only-trace": true,
    "model_parallel": true,
    "pipeline_parallel": false,
    "multi_tb_per_device": false
}
====================================== END CONF ======================================
====================================== MODEL CONF ======================================
{
    "model_name": "Llama2-13B",
    "n_heads": 40,
    "num_channels": 32,
    "channels_per_block": "N/A",
    "fc_devices": [],
    "reuse_size": 32,
    "embedding": false,
    "only-FC": true,
    "only-trace": true,
    "model_parallel": true,
    "pipeline_parallel": false,
    "multi_tb_per_device": false
}
====================================== END CONF ======================================
====================================== MODEL CONF ======================================
{
    "model_name": "Llama2-13B",
    "n_heads": 40,
    "num_channels": 32,
    "channels_per_block": "N/A",
    "fc_devices": [
        1,
        2,
        4,
        5,
        10,
        20
    ],
    "reuse_size": 32,
    "embedding": false,
    "only-FC": false,
    "only-trace": true,
    "model_parallel": true,
    "pipeline_parallel": false,
    "multi_tb_per_device": false
}
====================================== END CONF ======================================
====================================== MODEL CONF ======================================
{
    "model_name": "Llama2-13B",
    "n_heads": 40,
    "num_channels": 32,
    "channels_per_block": "N/A",
    "fc_devices": [],
    "reuse_size": 32,
    "embedding": false,
    "only-FC": true,
    "only-trace": true,
    "model_parallel": true,
    "pipeline_parallel": false,
    "multi_tb_per_device": false
}
====================================== END CONF ======================================
====================================== MODEL CONF ======================================
{
    "model_name": "Llama2-13B",
    "n_heads": 40,
    "num_channels": 32,
    "channels_per_block": "N/A",
    "fc_devices": [
        1,
        2,
        4,
        5,
        10,
        20
    ],
    "reuse_size": 32,
    "embedding": false,
    "only-FC": false,
    "only-trace": true,
    "model_parallel": true,
    "pipeline_parallel": false,
    "multi_tb_per_device": false
}
====================================== END CONF ======================================
====================================== MODEL CONF ======================================
{
    "model_name": "Llama2-13B",
    "n_heads": 40,
    "num_channels": 32,
    "channels_per_block": "N/A",
    "fc_devices": [],
    "reuse_size": 32,
    "embedding": false,
    "only-FC": true,
    "only-trace": true,
    "model_parallel": true,
    "pipeline_parallel": false,
    "multi_tb_per_device": false
}
====================================== END CONF ======================================
====================================== MODEL CONF ======================================
{
    "model_name": "Llama2-13B",
    "n_heads": 40,
    "num_channels": 32,
    "channels_per_block": "N/A",
    "fc_devices": [
        1,
        2,
        4,
        5,
        10,
        20
    ],
    "reuse_size": 32,
    "embedding": false,
    "only-FC": false,
    "only-trace": true,
    "model_parallel": true,
    "pipeline_parallel": false,
    "multi_tb_per_device": false
}
====================================== END CONF ======================================
====================================== MODEL CONF ======================================
{
    "model_name": "Llama2-13B",
    "n_heads": 40,
    "num_channels": 32,
    "channels_per_block": "N/A",
    "fc_devices": [],
    "reuse_size": 32,
    "embedding": false,
    "only-FC": true,
    "only-trace": true,
    "model_parallel": true,
    "pipeline_parallel": false,
    "multi_tb_per_device": false
}
====================================== END CONF ======================================
====================================== MODEL CONF ======================================
{
    "model_name": "Llama2-13B",
    "n_heads": 40,
    "num_channels": 32,
    "channels_per_block": "N/A",
    "fc_devices": [
        1,
        2,
        4,
        5,
        10,
        20
    ],
    "reuse_size": 32,
    "embedding": false,
    "only-FC": false,
    "only-trace": true,
    "model_parallel": true,
    "pipeline_parallel": false,
    "multi_tb_per_device": false
}
====================================== END CONF ======================================
====================================== MODEL CONF ======================================
{
    "model_name": "Llama2-13B",
    "n_heads": 40,
    "num_channels": 32,
    "channels_per_block": "N/A",
    "fc_devices": [],
    "reuse_size": 32,
    "embedding": false,
    "only-FC": true,
    "only-trace": true,
    "model_parallel": true,
    "pipeline_parallel": false,
    "multi_tb_per_device": false
}
====================================== END CONF ======================================
====================================== MODEL CONF ======================================
{
    "model_name": "Llama2-13B",
    "n_heads": 40,
    "num_channels": 32,
    "channels_per_block": "N/A",
    "fc_devices": [
        1,
        2,
        4,
        5,
        10,
        20
    ],
    "reuse_size": 32,
    "embedding": false,
    "only-FC": false,
    "only-trace": true,
    "model_parallel": true,
    "pipeline_parallel": false,
    "multi_tb_per_device": false
}
====================================== END CONF ======================================
====================================== MODEL CONF ======================================
{
    "model_name": "Llama2-13B",
    "n_heads": 40,
    "num_channels": 32,
    "channels_per_block": "N/A",
    "fc_devices": [],
    "reuse_size": 32,
    "embedding": false,
    "only-FC": true,
    "only-trace": true,
    "model_parallel": true,
    "pipeline_parallel": false,
    "multi_tb_per_device": false
}
====================================== END CONF ======================================
====================================== MODEL CONF ======================================
{
    "model_name": "Llama2-13B",
    "n_heads": 40,
    "num_channels": 32,
    "channels_per_block": "N/A",
    "fc_devices": [
        1,
        2,
        4,
        5,
        10,
        20
    ],
    "reuse_size": 32,
    "embedding": false,
    "only-FC": false,
    "only-trace": true,
    "model_parallel": true,
    "pipeline_parallel": false,
    "multi_tb_per_device": false
}
====================================== END CONF ======================================
====================================== MODEL CONF ======================================
{
    "model_name": "Llama2-13B",
    "n_heads": 40,
    "num_channels": 32,
    "channels_per_block": "N/A",
    "fc_devices": [],
    "reuse_size": 32,
    "embedding": false,
    "only-FC": true,
    "only-trace": true,
    "model_parallel": true,
    "pipeline_parallel": false,
    "multi_tb_per_device": false
}
====================================== END CONF ======================================
====================================== MODEL CONF ======================================
{
    "model_name": "Llama2-13B",
    "n_heads": 40,
    "num_channels": 32,
    "channels_per_block": "N/A",
    "fc_devices": [
        1,
        2,
        4,
        5,
        10,
        20
    ],
    "reuse_size": 32,
    "embedding": false,
    "only-FC": false,
    "only-trace": true,
    "model_parallel": true,
    "pipeline_parallel": false,
    "multi_tb_per_device": false
}
====================================== END CONF ======================================
====================================== MODEL CONF ======================================
{
    "model_name": "Llama2-13B",
    "n_heads": 40,
    "num_channels": 32,
    "channels_per_block": "N/A",
    "fc_devices": [],
    "reuse_size": 32,
    "embedding": false,
    "only-FC": true,
    "only-trace": true,
    "model_parallel": true,
    "pipeline_parallel": false,
    "multi_tb_per_device": false
}
====================================== END CONF ======================================
====================================== MODEL CONF ======================================
{
    "model_name": "Llama2-13B",
    "n_heads": 40,
    "num_channels": 32,
    "channels_per_block": "N/A",
    "fc_devices": [
        1,
        2,
        4,
        5,
        10,
        20
    ],
    "reuse_size": 32,
    "embedding": false,
    "only-FC": false,
    "only-trace": true,
    "model_parallel": true,
    "pipeline_parallel": false,
    "multi_tb_per_device": false
}
====================================== END CONF ======================================
====================================== MODEL CONF ======================================
{
    "model_name": "Llama2-13B",
    "n_heads": 40,
    "num_channels": 32,
    "channels_per_block": "N/A",
    "fc_devices": [],
    "reuse_size": 32,
    "embedding": false,
    "only-FC": true,
    "only-trace": true,
    "model_parallel": true,
    "pipeline_parallel": false,
    "multi_tb_per_device": false
}
====================================== END CONF ======================================
====================================== MODEL CONF ======================================
{
    "model_name": "Llama2-13B",
    "n_heads": 40,
    "num_channels": 32,
    "channels_per_block": "N/A",
    "fc_devices": [
        1,
        2,
        4,
        5,
        10,
        20
    ],
    "reuse_size": 32,
    "embedding": false,
    "only-FC": false,
    "only-trace": true,
    "model_parallel": true,
    "pipeline_parallel": false,
    "multi_tb_per_device": false
}
====================================== END CONF ======================================
====================================== MODEL CONF ======================================
{
    "model_name": "Llama2-13B",
    "n_heads": 40,
    "num_channels": 32,
    "channels_per_block": "N/A",
    "fc_devices": [],
    "reuse_size": 32,
    "embedding": false,
    "only-FC": true,
    "only-trace": true,
    "model_parallel": true,
    "pipeline_parallel": false,
    "multi_tb_per_device": false
}
====================================== END CONF ======================================
====================================== MODEL CONF ======================================
{
    "model_name": "Llama2-13B",
    "n_heads": 40,
    "num_channels": 32,
    "channels_per_block": "N/A",
    "fc_devices": [
        1,
        2,
        4,
        5,
        10,
        20
    ],
    "reuse_size": 32,
    "embedding": false,
    "only-FC": false,
    "only-trace": true,
    "model_parallel": true,
    "pipeline_parallel": false,
    "multi_tb_per_device": false
}
====================================== END CONF ======================================
====================================== MODEL CONF ======================================
{
    "model_name": "Llama2-13B",
    "n_heads": 40,
    "num_channels": 32,
    "channels_per_block": "N/A",
    "fc_devices": [],
    "reuse_size": 32,
    "embedding": false,
    "only-FC": true,
    "only-trace": true,
    "model_parallel": true,
    "pipeline_parallel": false,
    "multi_tb_per_device": false
}
====================================== END CONF ======================================
====================================== MODEL CONF ======================================
{
    "model_name": "Llama2-13B",
    "n_heads": 40,
    "num_channels": 32,
    "channels_per_block": "N/A",
    "fc_devices": [
        1,
        2,
        4,
        5,
        10,
        20
    ],
    "reuse_size": 32,
    "embedding": false,
    "only-FC": false,
    "only-trace": true,
    "model_parallel": true,
    "pipeline_parallel": false,
    "multi_tb_per_device": false
}
====================================== END CONF ======================================
====================================== MODEL CONF ======================================
{
    "model_name": "Llama2-13B",
    "n_heads": 40,
    "num_channels": 32,
    "channels_per_block": "N/A",
    "fc_devices": [],
    "reuse_size": 32,
    "embedding": false,
    "only-FC": true,
    "only-trace": true,
    "model_parallel": true,
    "pipeline_parallel": false,
    "multi_tb_per_device": false
}
====================================== END CONF ======================================
====================================== MODEL CONF ======================================
{
    "model_name": "Llama2-13B",
    "n_heads": 40,
    "num_channels": 32,
    "channels_per_block": "N/A",
    "fc_devices": [
        1,
        2,
        4,
        5,
        10,
        20
    ],
    "reuse_size": 32,
    "embedding": false,
    "only-FC": false,
    "only-trace": true,
    "model_parallel": true,
    "pipeline_parallel": false,
    "multi_tb_per_device": false
}
====================================== END CONF ======================================
====================================== MODEL CONF ======================================
{
    "model_name": "Llama2-13B",
    "n_heads": 40,
    "num_channels": 32,
    "channels_per_block": "N/A",
    "fc_devices": [],
    "reuse_size": 32,
    "embedding": false,
    "only-FC": true,
    "only-trace": true,
    "model_parallel": true,
    "pipeline_parallel": false,
    "multi_tb_per_device": false
}
====================================== END CONF ======================================
====================================== MODEL CONF ======================================
{
    "model_name": "Llama2-13B",
    "n_heads": 40,
    "num_channels": 32,
    "channels_per_block": "N/A",
    "fc_devices": [
        1,
        2,
        4,
        5,
        10,
        20
    ],
    "reuse_size": 32,
    "embedding": false,
    "only-FC": false,
    "only-trace": true,
    "model_parallel": true,
    "pipeline_parallel": false,
    "multi_tb_per_device": false
}
====================================== END CONF ======================================
====================================== MODEL CONF ======================================
{
    "model_name": "Llama2-13B",
    "n_heads": 40,
    "num_channels": 32,
    "channels_per_block": "N/A",
    "fc_devices": [],
    "reuse_size": 32,
    "embedding": false,
    "only-FC": true,
    "only-trace": true,
    "model_parallel": true,
    "pipeline_parallel": false,
    "multi_tb_per_device": false
}
====================================== END CONF ======================================
====================================== MODEL CONF ======================================
{
    "model_name": "Llama2-13B",
    "n_heads": 40,
    "num_channels": 32,
    "channels_per_block": "N/A",
    "fc_devices": [
        1,
        2,
        4,
        5,
        10,
        20
    ],
    "reuse_size": 32,
    "embedding": false,
    "only-FC": false,
    "only-trace": true,
    "model_parallel": true,
    "pipeline_parallel": false,
    "multi_tb_per_device": false
}
====================================== END CONF ======================================
====================================== MODEL CONF ======================================
{
    "model_name": "Llama2-13B",
    "n_heads": 40,
    "num_channels": 32,
    "channels_per_block": "N/A",
    "fc_devices": [],
    "reuse_size": 32,
    "embedding": false,
    "only-FC": true,
    "only-trace": true,
    "model_parallel": true,
    "pipeline_parallel": false,
    "multi_tb_per_device": false
}
====================================== END CONF ======================================
====================================== MODEL CONF ======================================
{
    "model_name": "Llama2-13B",
    "n_heads": 40,
    "num_channels": 32,
    "channels_per_block": "N/A",
    "fc_devices": [
        1,
        2,
        4,
        5,
        10,
        20
    ],
    "reuse_size": 32,
    "embedding": false,
    "only-FC": false,
    "only-trace": true,
    "model_parallel": true,
    "pipeline_parallel": false,
    "multi_tb_per_device": false
}
====================================== END CONF ======================================
====================================== MODEL CONF ======================================
{
    "model_name": "Llama2-13B",
    "n_heads": 40,
    "num_channels": 32,
    "channels_per_block": "N/A",
    "fc_devices": [],
    "reuse_size": 32,
    "embedding": false,
    "only-FC": true,
    "only-trace": true,
    "model_parallel": true,
    "pipeline_parallel": false,
    "multi_tb_per_device": false
}
====================================== END CONF ======================================
====================================== MODEL CONF ======================================
{
    "model_name": "Llama2-13B",
    "n_heads": 40,
    "num_channels": 32,
    "channels_per_block": "N/A",
    "fc_devices": [
        1,
        2,
        4,
        5,
        10,
        20
    ],
    "reuse_size": 32,
    "embedding": false,
    "only-FC": false,
    "only-trace": true,
    "model_parallel": true,
    "pipeline_parallel": false,
    "multi_tb_per_device": false
}
====================================== END CONF ======================================
====================================== MODEL CONF ======================================
{
    "model_name": "Llama2-13B",
    "n_heads": 40,
    "num_channels": 32,
    "channels_per_block": "N/A",
    "fc_devices": [],
    "reuse_size": 32,
    "embedding": false,
    "only-FC": true,
    "only-trace": true,
    "model_parallel": true,
    "pipeline_parallel": false,
    "multi_tb_per_device": false
}
====================================== END CONF ======================================
====================================== MODEL CONF ======================================
{
    "model_name": "Llama2-13B",
    "n_heads": 40,
    "num_channels": 32,
    "channels_per_block": "N/A",
    "fc_devices": [
        1,
        2,
        4,
        5,
        10,
        20
    ],
    "reuse_size": 32,
    "embedding": false,
    "only-FC": false,
    "only-trace": true,
    "model_parallel": true,
    "pipeline_parallel": false,
    "multi_tb_per_device": false
}
====================================== END CONF ======================================
====================================== MODEL CONF ======================================
{
    "model_name": "Llama2-13B",
    "n_heads": 40,
    "num_channels": 32,
    "channels_per_block": "N/A",
    "fc_devices": [],
    "reuse_size": 32,
    "embedding": false,
    "only-FC": true,
    "only-trace": true,
    "model_parallel": true,
    "pipeline_parallel": false,
    "multi_tb_per_device": false
}
====================================== END CONF ======================================
====================================== MODEL CONF ======================================
{
    "model_name": "Llama2-13B",
    "n_heads": 40,
    "num_channels": 32,
    "channels_per_block": "N/A",
    "fc_devices": [
        1,
        2,
        4,
        5,
        10,
        20
    ],
    "reuse_size": 32,
    "embedding": false,
    "only-FC": false,
    "only-trace": true,
    "model_parallel": true,
    "pipeline_parallel": false,
    "multi_tb_per_device": false
}
====================================== END CONF ======================================
====================================== MODEL CONF ======================================
{
    "model_name": "Llama2-13B",
    "n_heads": 40,
    "num_channels": 32,
    "channels_per_block": "N/A",
    "fc_devices": [],
    "reuse_size": 32,
    "embedding": false,
    "only-FC": true,
    "only-trace": true,
    "model_parallel": true,
    "pipeline_parallel": false,
    "multi_tb_per_device": false
}
====================================== END CONF ======================================
====================================== MODEL CONF ======================================
{
    "model_name": "Llama2-13B",
    "n_heads": 40,
    "num_channels": 32,
    "channels_per_block": "N/A",
    "fc_devices": [
        1,
        2,
        4,
        5,
        10,
        20
    ],
    "reuse_size": 32,
    "embedding": false,
    "only-FC": false,
    "only-trace": true,
    "model_parallel": true,
    "pipeline_parallel": false,
    "multi_tb_per_device": false
}
====================================== END CONF ======================================
====================================== MODEL CONF ======================================
{
    "model_name": "Llama2-13B",
    "n_heads": 40,
    "num_channels": 32,
    "channels_per_block": "N/A",
    "fc_devices": [],
    "reuse_size": 32,
    "embedding": false,
    "only-FC": true,
    "only-trace": true,
    "model_parallel": true,
    "pipeline_parallel": false,
    "multi_tb_per_device": false
}
====================================== END CONF ======================================
====================================== MODEL CONF ======================================
{
    "model_name": "Llama2-13B",
    "n_heads": 40,
    "num_channels": 32,
    "channels_per_block": "N/A",
    "fc_devices": [
        1,
        2,
        4,
        5,
        10,
        20
    ],
    "reuse_size": 32,
    "embedding": false,
    "only-FC": false,
    "only-trace": true,
    "model_parallel": true,
    "pipeline_parallel": false,
    "multi_tb_per_device": false
}
====================================== END CONF ======================================
====================================== MODEL CONF ======================================
{
    "model_name": "Llama2-13B",
    "n_heads": 40,
    "num_channels": 32,
    "channels_per_block": "N/A",
    "fc_devices": [],
    "reuse_size": 32,
    "embedding": false,
    "only-FC": true,
    "only-trace": true,
    "model_parallel": true,
    "pipeline_parallel": false,
    "multi_tb_per_device": false
}
====================================== END CONF ======================================
====================================== MODEL CONF ======================================
{
    "model_name": "Llama2-13B",
    "n_heads": 40,
    "num_channels": 32,
    "channels_per_block": "N/A",
    "fc_devices": [
        1,
        2,
        4,
        5,
        10,
        20
    ],
    "reuse_size": 32,
    "embedding": false,
    "only-FC": false,
    "only-trace": true,
    "model_parallel": true,
    "pipeline_parallel": false,
    "multi_tb_per_device": false
}
====================================== END CONF ======================================
====================================== MODEL CONF ======================================
{
    "model_name": "Llama2-13B",
    "n_heads": 40,
    "num_channels": 32,
    "channels_per_block": "N/A",
    "fc_devices": [],
    "reuse_size": 32,
    "embedding": false,
    "only-FC": true,
    "only-trace": true,
    "model_parallel": true,
    "pipeline_parallel": false,
    "multi_tb_per_device": false
}
====================================== END CONF ======================================
====================================== MODEL CONF ======================================
{
    "model_name": "Llama2-13B",
    "n_heads": 40,
    "num_channels": 32,
    "channels_per_block": "N/A",
    "fc_devices": [
        1,
        2,
        4,
        5,
        10,
        20
    ],
    "reuse_size": 32,
    "embedding": false,
    "only-FC": false,
    "only-trace": true,
    "model_parallel": true,
    "pipeline_parallel": false,
    "multi_tb_per_device": false
}
====================================== END CONF ======================================
====================================== MODEL CONF ======================================
{
    "model_name": "Llama2-13B",
    "n_heads": 40,
    "num_channels": 32,
    "channels_per_block": "N/A",
    "fc_devices": [],
    "reuse_size": 32,
    "embedding": false,
    "only-FC": true,
    "only-trace": true,
    "model_parallel": true,
    "pipeline_parallel": false,
    "multi_tb_per_device": false
}
====================================== END CONF ======================================
====================================== MODEL CONF ======================================
{
    "model_name": "Llama2-13B",
    "n_heads": 40,
    "num_channels": 32,
    "channels_per_block": "N/A",
    "fc_devices": [
        1,
        2,
        4,
        5,
        10,
        20
    ],
    "reuse_size": 32,
    "embedding": false,
    "only-FC": false,
    "only-trace": true,
    "model_parallel": true,
    "pipeline_parallel": false,
    "multi_tb_per_device": false
}
====================================== END CONF ======================================
====================================== MODEL CONF ======================================
{
    "model_name": "Llama2-13B",
    "n_heads": 40,
    "num_channels": 32,
    "channels_per_block": "N/A",
    "fc_devices": [],
    "reuse_size": 32,
    "embedding": false,
    "only-FC": true,
    "only-trace": true,
    "model_parallel": true,
    "pipeline_parallel": false,
    "multi_tb_per_device": false
}
====================================== END CONF ======================================
====================================== MODEL CONF ======================================
{
    "model_name": "Llama2-13B",
    "n_heads": 40,
    "num_channels": 32,
    "channels_per_block": "N/A",
    "fc_devices": [
        1,
        2,
        4,
        5,
        10,
        20
    ],
    "reuse_size": 32,
    "embedding": false,
    "only-FC": false,
    "only-trace": true,
    "model_parallel": true,
    "pipeline_parallel": false,
    "multi_tb_per_device": false
}
====================================== END CONF ======================================
====================================== MODEL CONF ======================================
{
    "model_name": "Llama2-13B",
    "n_heads": 40,
    "num_channels": 32,
    "channels_per_block": "N/A",
    "fc_devices": [],
    "reuse_size": 32,
    "embedding": false,
    "only-FC": true,
    "only-trace": true,
    "model_parallel": true,
    "pipeline_parallel": false,
    "multi_tb_per_device": false
}
====================================== END CONF ======================================
====================================== MODEL CONF ======================================
{
    "model_name": "Llama2-13B",
    "n_heads": 40,
    "num_channels": 32,
    "channels_per_block": "N/A",
    "fc_devices": [
        1,
        2,
        4,
        5,
        10,
        20
    ],
    "reuse_size": 32,
    "embedding": false,
    "only-FC": false,
    "only-trace": true,
    "model_parallel": true,
    "pipeline_parallel": false,
    "multi_tb_per_device": false
}
====================================== END CONF ======================================
====================================== MODEL CONF ======================================
{
    "model_name": "Llama2-13B",
    "n_heads": 40,
    "num_channels": 32,
    "channels_per_block": "N/A",
    "fc_devices": [],
    "reuse_size": 32,
    "embedding": false,
    "only-FC": true,
    "only-trace": true,
    "model_parallel": true,
    "pipeline_parallel": false,
    "multi_tb_per_device": false
}
====================================== END CONF ======================================
====================================== MODEL CONF ======================================
{
    "model_name": "Llama2-13B",
    "n_heads": 40,
    "num_channels": 32,
    "channels_per_block": "N/A",
    "fc_devices": [
        1,
        2,
        4,
        5,
        10,
        20
    ],
    "reuse_size": 32,
    "embedding": false,
    "only-FC": false,
    "only-trace": true,
    "model_parallel": true,
    "pipeline_parallel": false,
    "multi_tb_per_device": false
}
====================================== END CONF ======================================
====================================== MODEL CONF ======================================
{
    "model_name": "Llama2-13B",
    "n_heads": 40,
    "num_channels": 32,
    "channels_per_block": "N/A",
    "fc_devices": [],
    "reuse_size": 32,
    "embedding": false,
    "only-FC": true,
    "only-trace": true,
    "model_parallel": true,
    "pipeline_parallel": false,
    "multi_tb_per_device": false
}
====================================== END CONF ======================================
====================================== MODEL CONF ======================================
{
    "model_name": "Llama2-13B",
    "n_heads": 40,
    "num_channels": 32,
    "channels_per_block": "N/A",
    "fc_devices": [
        1,
        2,
        4,
        5,
        10,
        20
    ],
    "reuse_size": 32,
    "embedding": false,
    "only-FC": false,
    "only-trace": true,
    "model_parallel": true,
    "pipeline_parallel": false,
    "multi_tb_per_device": false
}
====================================== END CONF ======================================
====================================== MODEL CONF ======================================
{
    "model_name": "Llama2-13B",
    "n_heads": 40,
    "num_channels": 32,
    "channels_per_block": "N/A",
    "fc_devices": [],
    "reuse_size": 32,
    "embedding": false,
    "only-FC": true,
    "only-trace": true,
    "model_parallel": true,
    "pipeline_parallel": false,
    "multi_tb_per_device": false
}
====================================== END CONF ======================================
====================================== MODEL CONF ======================================
{
    "model_name": "Llama2-13B",
    "n_heads": 40,
    "num_channels": 32,
    "channels_per_block": "N/A",
    "fc_devices": [
        1,
        2,
        4,
        5,
        10,
        20
    ],
    "reuse_size": 32,
    "embedding": false,
    "only-FC": false,
    "only-trace": true,
    "model_parallel": true,
    "pipeline_parallel": false,
    "multi_tb_per_device": false
}
====================================== END CONF ======================================
====================================== MODEL CONF ======================================
{
    "model_name": "Llama2-13B",
    "n_heads": 40,
    "num_channels": 32,
    "channels_per_block": "N/A",
    "fc_devices": [],
    "reuse_size": 32,
    "embedding": false,
    "only-FC": true,
    "only-trace": true,
    "model_parallel": true,
    "pipeline_parallel": false,
    "multi_tb_per_device": false
}
====================================== END CONF ======================================
====================================== MODEL CONF ======================================
{
    "model_name": "Llama2-13B",
    "n_heads": 40,
    "num_channels": 32,
    "channels_per_block": "N/A",
    "fc_devices": [
        1,
        2,
        4,
        5,
        10,
        20
    ],
    "reuse_size": 32,
    "embedding": false,
    "only-FC": false,
    "only-trace": true,
    "model_parallel": true,
    "pipeline_parallel": false,
    "multi_tb_per_device": false
}
====================================== END CONF ======================================
====================================== MODEL CONF ======================================
{
    "model_name": "Llama2-13B",
    "n_heads": 40,
    "num_channels": 32,
    "channels_per_block": "N/A",
    "fc_devices": [],
    "reuse_size": 32,
    "embedding": false,
    "only-FC": true,
    "only-trace": true,
    "model_parallel": true,
    "pipeline_parallel": false,
    "multi_tb_per_device": false
}
====================================== END CONF ======================================
====================================== MODEL CONF ======================================
{
    "model_name": "Llama2-13B",
    "n_heads": 40,
    "num_channels": 32,
    "channels_per_block": "N/A",
    "fc_devices": [
        1,
        2,
        4,
        5,
        10,
        20
    ],
    "reuse_size": 32,
    "embedding": false,
    "only-FC": false,
    "only-trace": true,
    "model_parallel": true,
    "pipeline_parallel": false,
    "multi_tb_per_device": false
}
====================================== END CONF ======================================
====================================== MODEL CONF ======================================
{
    "model_name": "Llama2-13B",
    "n_heads": 40,
    "num_channels": 32,
    "channels_per_block": "N/A",
    "fc_devices": [],
    "reuse_size": 32,
    "embedding": false,
    "only-FC": true,
    "only-trace": true,
    "model_parallel": true,
    "pipeline_parallel": false,
    "multi_tb_per_device": false
}
====================================== END CONF ======================================
====================================== MODEL CONF ======================================
{
    "model_name": "Llama2-13B",
    "n_heads": 40,
    "num_channels": 32,
    "channels_per_block": "N/A",
    "fc_devices": [
        1,
        2,
        4,
        5,
        10,
        20
    ],
    "reuse_size": 32,
    "embedding": false,
    "only-FC": false,
    "only-trace": true,
    "model_parallel": true,
    "pipeline_parallel": false,
    "multi_tb_per_device": false
}
====================================== END CONF ======================================
====================================== MODEL CONF ======================================
{
    "model_name": "Llama2-13B",
    "n_heads": 40,
    "num_channels": 32,
    "channels_per_block": "N/A",
    "fc_devices": [],
    "reuse_size": 32,
    "embedding": false,
    "only-FC": true,
    "only-trace": true,
    "model_parallel": true,
    "pipeline_parallel": false,
    "multi_tb_per_device": false
}
====================================== END CONF ======================================
====================================== MODEL CONF ======================================
{
    "model_name": "Llama2-13B",
    "n_heads": 40,
    "num_channels": 32,
    "channels_per_block": "N/A",
    "fc_devices": [
        1,
        2,
        4,
        5,
        10,
        20
    ],
    "reuse_size": 32,
    "embedding": false,
    "only-FC": false,
    "only-trace": true,
    "model_parallel": true,
    "pipeline_parallel": false,
    "multi_tb_per_device": false
}
====================================== END CONF ======================================
====================================== MODEL CONF ======================================
{
    "model_name": "Llama2-13B",
    "n_heads": 40,
    "num_channels": 32,
    "channels_per_block": "N/A",
    "fc_devices": [],
    "reuse_size": 32,
    "embedding": false,
    "only-FC": true,
    "only-trace": true,
    "model_parallel": true,
    "pipeline_parallel": false,
    "multi_tb_per_device": false
}
====================================== END CONF ======================================
====================================== MODEL CONF ======================================
{
    "model_name": "Llama2-13B",
    "n_heads": 40,
    "num_channels": 32,
    "channels_per_block": "N/A",
    "fc_devices": [
        1,
        2,
        4,
        5,
        10,
        20
    ],
    "reuse_size": 32,
    "embedding": false,
    "only-FC": false,
    "only-trace": true,
    "model_parallel": true,
    "pipeline_parallel": false,
    "multi_tb_per_device": false
}
====================================== END CONF ======================================
====================================== MODEL CONF ======================================
{
    "model_name": "Llama2-13B",
    "n_heads": 40,
    "num_channels": 32,
    "channels_per_block": "N/A",
    "fc_devices": [],
    "reuse_size": 32,
    "embedding": false,
    "only-FC": true,
    "only-trace": true,
    "model_parallel": true,
    "pipeline_parallel": false,
    "multi_tb_per_device": false
}
====================================== END CONF ======================================
====================================== MODEL CONF ======================================
{
    "model_name": "Llama2-13B",
    "n_heads": 40,
    "num_channels": 32,
    "channels_per_block": "N/A",
    "fc_devices": [
        1,
        2,
        4,
        5,
        10,
        20
    ],
    "reuse_size": 32,
    "embedding": false,
    "only-FC": false,
    "only-trace": true,
    "model_parallel": true,
    "pipeline_parallel": false,
    "multi_tb_per_device": false
}
====================================== END CONF ======================================
====================================== MODEL CONF ======================================
{
    "model_name": "Llama2-13B",
    "n_heads": 40,
    "num_channels": 32,
    "channels_per_block": "N/A",
    "fc_devices": [],
    "reuse_size": 32,
    "embedding": false,
    "only-FC": true,
    "only-trace": true,
    "model_parallel": true,
    "pipeline_parallel": false,
    "multi_tb_per_device": false
}
====================================== END CONF ======================================
====================================== MODEL CONF ======================================
{
    "model_name": "Llama2-13B",
    "n_heads": 40,
    "num_channels": 32,
    "channels_per_block": "N/A",
    "fc_devices": [
        1,
        2,
        4,
        5,
        10,
        20
    ],
    "reuse_size": 32,
    "embedding": false,
    "only-FC": false,
    "only-trace": true,
    "model_parallel": true,
    "pipeline_parallel": false,
    "multi_tb_per_device": false
}
====================================== END CONF ======================================
====================================== MODEL CONF ======================================
{
    "model_name": "Llama2-13B",
    "n_heads": 40,
    "num_channels": 32,
    "channels_per_block": "N/A",
    "fc_devices": [],
    "reuse_size": 32,
    "embedding": false,
    "only-FC": true,
    "only-trace": true,
    "model_parallel": true,
    "pipeline_parallel": false,
    "multi_tb_per_device": false
}
====================================== END CONF ======================================
====================================== MODEL CONF ======================================
{
    "model_name": "Llama2-13B",
    "n_heads": 40,
    "num_channels": 32,
    "channels_per_block": "N/A",
    "fc_devices": [
        1,
        2,
        4,
        5,
        10,
        20
    ],
    "reuse_size": 32,
    "embedding": false,
    "only-FC": false,
    "only-trace": true,
    "model_parallel": true,
    "pipeline_parallel": false,
    "multi_tb_per_device": false
}
====================================== END CONF ======================================
====================================== MODEL CONF ======================================
{
    "model_name": "Llama2-13B",
    "n_heads": 40,
    "num_channels": 32,
    "channels_per_block": "N/A",
    "fc_devices": [],
    "reuse_size": 32,
    "embedding": false,
    "only-FC": true,
    "only-trace": true,
    "model_parallel": true,
    "pipeline_parallel": false,
    "multi_tb_per_device": false
}
====================================== END CONF ======================================
====================================== MODEL CONF ======================================
{
    "model_name": "Llama2-13B",
    "n_heads": 40,
    "num_channels": 32,
    "channels_per_block": "N/A",
    "fc_devices": [
        1,
        2,
        4,
        5,
        10,
        20
    ],
    "reuse_size": 32,
    "embedding": false,
    "only-FC": false,
    "only-trace": true,
    "model_parallel": true,
    "pipeline_parallel": false,
    "multi_tb_per_device": false
}
====================================== END CONF ======================================
====================================== MODEL CONF ======================================
{
    "model_name": "Llama2-13B",
    "n_heads": 40,
    "num_channels": 32,
    "channels_per_block": "N/A",
    "fc_devices": [],
    "reuse_size": 32,
    "embedding": false,
    "only-FC": true,
    "only-trace": true,
    "model_parallel": true,
    "pipeline_parallel": false,
    "multi_tb_per_device": false
}
====================================== END CONF ======================================
====================================== MODEL CONF ======================================
{
    "model_name": "Llama2-13B",
    "n_heads": 40,
    "num_channels": 32,
    "channels_per_block": "N/A",
    "fc_devices": [
        1,
        2,
        4,
        5,
        10,
        20
    ],
    "reuse_size": 32,
    "embedding": false,
    "only-FC": false,
    "only-trace": true,
    "model_parallel": true,
    "pipeline_parallel": false,
    "multi_tb_per_device": false
}
====================================== END CONF ======================================
====================================== MODEL CONF ======================================
{
    "model_name": "Llama2-13B",
    "n_heads": 40,
    "num_channels": 32,
    "channels_per_block": "N/A",
    "fc_devices": [],
    "reuse_size": 32,
    "embedding": false,
    "only-FC": true,
    "only-trace": true,
    "model_parallel": true,
    "pipeline_parallel": false,
    "multi_tb_per_device": false
}
====================================== END CONF ======================================
====================================== MODEL CONF ======================================
{
    "model_name": "Llama2-13B",
    "n_heads": 40,
    "num_channels": 32,
    "channels_per_block": "N/A",
    "fc_devices": [
        1,
        2,
        4,
        5,
        10,
        20
    ],
    "reuse_size": 32,
    "embedding": false,
    "only-FC": false,
    "only-trace": true,
    "model_parallel": true,
    "pipeline_parallel": false,
    "multi_tb_per_device": false
}
====================================== END CONF ======================================
====================================== MODEL CONF ======================================
{
    "model_name": "Llama2-13B",
    "n_heads": 40,
    "num_channels": 32,
    "channels_per_block": "N/A",
    "fc_devices": [],
    "reuse_size": 32,
    "embedding": false,
    "only-FC": true,
    "only-trace": true,
    "model_parallel": true,
    "pipeline_parallel": false,
    "multi_tb_per_device": false
}
====================================== END CONF ======================================
====================================== MODEL CONF ======================================
{
    "model_name": "Llama2-13B",
    "n_heads": 40,
    "num_channels": 32,
    "channels_per_block": "N/A",
    "fc_devices": [
        1,
        2,
        4,
        5,
        10,
        20
    ],
    "reuse_size": 32,
    "embedding": false,
    "only-FC": false,
    "only-trace": true,
    "model_parallel": true,
    "pipeline_parallel": false,
    "multi_tb_per_device": false
}
====================================== END CONF ======================================
====================================== MODEL CONF ======================================
{
    "model_name": "Llama2-13B",
    "n_heads": 40,
    "num_channels": 32,
    "channels_per_block": "N/A",
    "fc_devices": [],
    "reuse_size": 32,
    "embedding": false,
    "only-FC": true,
    "only-trace": true,
    "model_parallel": true,
    "pipeline_parallel": false,
    "multi_tb_per_device": false
}
====================================== END CONF ======================================
====================================== MODEL CONF ======================================
{
    "model_name": "Llama2-13B",
    "n_heads": 40,
    "num_channels": 32,
    "channels_per_block": "N/A",
    "fc_devices": [
        1,
        2,
        4,
        5,
        10,
        20
    ],
    "reuse_size": 32,
    "embedding": false,
    "only-FC": false,
    "only-trace": true,
    "model_parallel": true,
    "pipeline_parallel": false,
    "multi_tb_per_device": false
}
====================================== END CONF ======================================
====================================== MODEL CONF ======================================
{
    "model_name": "Llama2-13B",
    "n_heads": 40,
    "num_channels": 32,
    "channels_per_block": "N/A",
    "fc_devices": [],
    "reuse_size": 32,
    "embedding": false,
    "only-FC": true,
    "only-trace": true,
    "model_parallel": true,
    "pipeline_parallel": false,
    "multi_tb_per_device": false
}
====================================== END CONF ======================================
====================================== MODEL CONF ======================================
{
    "model_name": "Llama2-13B",
    "n_heads": 40,
    "num_channels": 32,
    "channels_per_block": "N/A",
    "fc_devices": [
        1,
        2,
        4,
        5,
        10,
        20
    ],
    "reuse_size": 32,
    "embedding": false,
    "only-FC": false,
    "only-trace": true,
    "model_parallel": true,
    "pipeline_parallel": false,
    "multi_tb_per_device": false
}
====================================== END CONF ======================================
====================================== MODEL CONF ======================================
{
    "model_name": "Llama2-13B",
    "n_heads": 40,
    "num_channels": 32,
    "channels_per_block": "N/A",
    "fc_devices": [],
    "reuse_size": 32,
    "embedding": false,
    "only-FC": true,
    "only-trace": true,
    "model_parallel": true,
    "pipeline_parallel": false,
    "multi_tb_per_device": false
}
====================================== END CONF ======================================
====================================== MODEL CONF ======================================
{
    "model_name": "Llama2-13B",
    "n_heads": 40,
    "num_channels": 32,
    "channels_per_block": "N/A",
    "fc_devices": [
        1,
        2,
        4,
        5,
        10,
        20
    ],
    "reuse_size": 32,
    "embedding": false,
    "only-FC": false,
    "only-trace": true,
    "model_parallel": true,
    "pipeline_parallel": false,
    "multi_tb_per_device": false
}
====================================== END CONF ======================================
====================================== MODEL CONF ======================================
{
    "model_name": "Llama2-13B",
    "n_heads": 40,
    "num_channels": 32,
    "channels_per_block": "N/A",
    "fc_devices": [],
    "reuse_size": 32,
    "embedding": false,
    "only-FC": true,
    "only-trace": true,
    "model_parallel": true,
    "pipeline_parallel": false,
    "multi_tb_per_device": false
}
====================================== END CONF ======================================
====================================== MODEL CONF ======================================
{
    "model_name": "Llama2-13B",
    "n_heads": 40,
    "num_channels": 32,
    "channels_per_block": "N/A",
    "fc_devices": [
        1,
        2,
        4,
        5,
        10,
        20
    ],
    "reuse_size": 32,
    "embedding": false,
    "only-FC": false,
    "only-trace": true,
    "model_parallel": true,
    "pipeline_parallel": false,
    "multi_tb_per_device": false
}
====================================== END CONF ======================================
====================================== MODEL CONF ======================================
{
    "model_name": "Llama2-13B",
    "n_heads": 40,
    "num_channels": 32,
    "channels_per_block": "N/A",
    "fc_devices": [],
    "reuse_size": 32,
    "embedding": false,
    "only-FC": true,
    "only-trace": true,
    "model_parallel": true,
    "pipeline_parallel": false,
    "multi_tb_per_device": false
}
====================================== END CONF ======================================
====================================== MODEL CONF ======================================
{
    "model_name": "Llama2-13B",
    "n_heads": 40,
    "num_channels": 32,
    "channels_per_block": "N/A",
    "fc_devices": [
        1,
        2,
        4,
        5,
        10,
        20
    ],
    "reuse_size": 32,
    "embedding": false,
    "only-FC": false,
    "only-trace": true,
    "model_parallel": true,
    "pipeline_parallel": false,
    "multi_tb_per_device": false
}
====================================== END CONF ======================================
====================================== MODEL CONF ======================================
{
    "model_name": "Llama2-13B",
    "n_heads": 40,
    "num_channels": 32,
    "channels_per_block": "N/A",
    "fc_devices": [],
    "reuse_size": 32,
    "embedding": false,
    "only-FC": true,
    "only-trace": true,
    "model_parallel": true,
    "pipeline_parallel": false,
    "multi_tb_per_device": false
}
====================================== END CONF ======================================
====================================== MODEL CONF ======================================
{
    "model_name": "Llama2-13B",
    "n_heads": 40,
    "num_channels": 32,
    "channels_per_block": "N/A",
    "fc_devices": [
        1,
        2,
        4,
        5,
        10,
        20
    ],
    "reuse_size": 32,
    "embedding": false,
    "only-FC": false,
    "only-trace": true,
    "model_parallel": true,
    "pipeline_parallel": false,
    "multi_tb_per_device": false
}
====================================== END CONF ======================================
====================================== MODEL CONF ======================================
{
    "model_name": "Llama2-13B",
    "n_heads": 40,
    "num_channels": 32,
    "channels_per_block": "N/A",
    "fc_devices": [],
    "reuse_size": 32,
    "embedding": false,
    "only-FC": true,
    "only-trace": true,
    "model_parallel": true,
    "pipeline_parallel": false,
    "multi_tb_per_device": false
}
====================================== END CONF ======================================
====================================== MODEL CONF ======================================
{
    "model_name": "Llama2-13B",
    "n_heads": 40,
    "num_channels": 32,
    "channels_per_block": "N/A",
    "fc_devices": [
        1,
        2,
        4,
        5,
        10,
        20
    ],
    "reuse_size": 32,
    "embedding": false,
    "only-FC": false,
    "only-trace": true,
    "model_parallel": true,
    "pipeline_parallel": false,
    "multi_tb_per_device": false
}
====================================== END CONF ======================================
====================================== MODEL CONF ======================================
{
    "model_name": "Llama2-13B",
    "n_heads": 40,
    "num_channels": 32,
    "channels_per_block": "N/A",
    "fc_devices": [],
    "reuse_size": 32,
    "embedding": false,
    "only-FC": true,
    "only-trace": true,
    "model_parallel": true,
    "pipeline_parallel": false,
    "multi_tb_per_device": false
}
====================================== END CONF ======================================
====================================== MODEL CONF ======================================
{
    "model_name": "Llama2-13B",
    "n_heads": 40,
    "num_channels": 32,
    "channels_per_block": "N/A",
    "fc_devices": [
        1,
        2,
        4,
        5,
        10,
        20
    ],
    "reuse_size": 32,
    "embedding": false,
    "only-FC": false,
    "only-trace": true,
    "model_parallel": true,
    "pipeline_parallel": false,
    "multi_tb_per_device": false
}
====================================== END CONF ======================================
====================================== MODEL CONF ======================================
{
    "model_name": "Llama2-13B",
    "n_heads": 40,
    "num_channels": 32,
    "channels_per_block": "N/A",
    "fc_devices": [],
    "reuse_size": 32,
    "embedding": false,
    "only-FC": true,
    "only-trace": true,
    "model_parallel": true,
    "pipeline_parallel": false,
    "multi_tb_per_device": false
}
====================================== END CONF ======================================
====================================== MODEL CONF ======================================
{
    "model_name": "Llama2-13B",
    "n_heads": 40,
    "num_channels": 32,
    "channels_per_block": "N/A",
    "fc_devices": [
        1,
        2,
        4,
        5,
        10,
        20
    ],
    "reuse_size": 32,
    "embedding": false,
    "only-FC": false,
    "only-trace": true,
    "model_parallel": true,
    "pipeline_parallel": false,
    "multi_tb_per_device": false
}
====================================== END CONF ======================================
====================================== MODEL CONF ======================================
{
    "model_name": "Llama2-13B",
    "n_heads": 40,
    "num_channels": 32,
    "channels_per_block": "N/A",
    "fc_devices": [],
    "reuse_size": 32,
    "embedding": false,
    "only-FC": true,
    "only-trace": true,
    "model_parallel": true,
    "pipeline_parallel": false,
    "multi_tb_per_device": false
}
====================================== END CONF ======================================
====================================== MODEL CONF ======================================
{
    "model_name": "Llama2-13B",
    "n_heads": 40,
    "num_channels": 32,
    "channels_per_block": "N/A",
    "fc_devices": [
        1,
        2,
        4,
        5,
        10,
        20
    ],
    "reuse_size": 32,
    "embedding": false,
    "only-FC": false,
    "only-trace": true,
    "model_parallel": true,
    "pipeline_parallel": false,
    "multi_tb_per_device": false
}
====================================== END CONF ======================================
====================================== MODEL CONF ======================================
{
    "model_name": "Llama2-13B",
    "n_heads": 40,
    "num_channels": 32,
    "channels_per_block": "N/A",
    "fc_devices": [],
    "reuse_size": 32,
    "embedding": false,
    "only-FC": true,
    "only-trace": true,
    "model_parallel": true,
    "pipeline_parallel": false,
    "multi_tb_per_device": false
}
====================================== END CONF ======================================
====================================== MODEL CONF ======================================
{
    "model_name": "Llama2-13B",
    "n_heads": 40,
    "num_channels": 32,
    "channels_per_block": "N/A",
    "fc_devices": [
        1,
        2,
        4,
        5,
        10,
        20
    ],
    "reuse_size": 32,
    "embedding": false,
    "only-FC": false,
    "only-trace": true,
    "model_parallel": true,
    "pipeline_parallel": false,
    "multi_tb_per_device": false
}
====================================== END CONF ======================================
====================================== MODEL CONF ======================================
{
    "model_name": "Llama2-13B",
    "n_heads": 40,
    "num_channels": 32,
    "channels_per_block": "N/A",
    "fc_devices": [],
    "reuse_size": 32,
    "embedding": false,
    "only-FC": true,
    "only-trace": true,
    "model_parallel": true,
    "pipeline_parallel": false,
    "multi_tb_per_device": false
}
====================================== END CONF ======================================
====================================== MODEL CONF ======================================
{
    "model_name": "Llama2-13B",
    "n_heads": 40,
    "num_channels": 32,
    "channels_per_block": "N/A",
    "fc_devices": [
        1,
        2,
        4,
        5,
        10,
        20
    ],
    "reuse_size": 32,
    "embedding": false,
    "only-FC": false,
    "only-trace": true,
    "model_parallel": true,
    "pipeline_parallel": false,
    "multi_tb_per_device": false
}
====================================== END CONF ======================================
====================================== MODEL CONF ======================================
{
    "model_name": "Llama2-13B",
    "n_heads": 40,
    "num_channels": 32,
    "channels_per_block": "N/A",
    "fc_devices": [],
    "reuse_size": 32,
    "embedding": false,
    "only-FC": true,
    "only-trace": true,
    "model_parallel": true,
    "pipeline_parallel": false,
    "multi_tb_per_device": false
}
====================================== END CONF ======================================
====================================== MODEL CONF ======================================
{
    "model_name": "Llama2-13B",
    "n_heads": 40,
    "num_channels": 32,
    "channels_per_block": "N/A",
    "fc_devices": [
        1,
        2,
        4,
        5,
        10,
        20
    ],
    "reuse_size": 32,
    "embedding": false,
    "only-FC": false,
    "only-trace": true,
    "model_parallel": true,
    "pipeline_parallel": false,
    "multi_tb_per_device": false
}
====================================== END CONF ======================================
====================================== MODEL CONF ======================================
{
    "model_name": "Llama2-13B",
    "n_heads": 40,
    "num_channels": 32,
    "channels_per_block": "N/A",
    "fc_devices": [],
    "reuse_size": 32,
    "embedding": false,
    "only-FC": true,
    "only-trace": true,
    "model_parallel": true,
    "pipeline_parallel": false,
    "multi_tb_per_device": false
}
====================================== END CONF ======================================
====================================== MODEL CONF ======================================
{
    "model_name": "Llama2-13B",
    "n_heads": 40,
    "num_channels": 32,
    "channels_per_block": "N/A",
    "fc_devices": [
        1,
        2,
        4,
        5,
        10,
        20
    ],
    "reuse_size": 32,
    "embedding": false,
    "only-FC": false,
    "only-trace": true,
    "model_parallel": true,
    "pipeline_parallel": false,
    "multi_tb_per_device": false
}
====================================== END CONF ======================================
====================================== MODEL CONF ======================================
{
    "model_name": "Llama2-13B",
    "n_heads": 40,
    "num_channels": 32,
    "channels_per_block": "N/A",
    "fc_devices": [],
    "reuse_size": 32,
    "embedding": false,
    "only-FC": true,
    "only-trace": true,
    "model_parallel": true,
    "pipeline_parallel": false,
    "multi_tb_per_device": false
}
====================================== END CONF ======================================
====================================== MODEL CONF ======================================
{
    "model_name": "Llama2-13B",
    "n_heads": 40,
    "num_channels": 32,
    "channels_per_block": "N/A",
    "fc_devices": [
        1,
        2,
        4,
        5,
        10,
        20
    ],
    "reuse_size": 32,
    "embedding": false,
    "only-FC": false,
    "only-trace": true,
    "model_parallel": true,
    "pipeline_parallel": false,
    "multi_tb_per_device": false
}
====================================== END CONF ======================================
====================================== MODEL CONF ======================================
{
    "model_name": "Llama2-13B",
    "n_heads": 40,
    "num_channels": 32,
    "channels_per_block": "N/A",
    "fc_devices": [],
    "reuse_size": 32,
    "embedding": false,
    "only-FC": true,
    "only-trace": true,
    "model_parallel": true,
    "pipeline_parallel": false,
    "multi_tb_per_device": false
}
====================================== END CONF ======================================
====================================== MODEL CONF ======================================
{
    "model_name": "Llama2-13B",
    "n_heads": 40,
    "num_channels": 32,
    "channels_per_block": "N/A",
    "fc_devices": [
        1,
        2,
        4,
        5,
        10,
        20
    ],
    "reuse_size": 32,
    "embedding": false,
    "only-FC": false,
    "only-trace": true,
    "model_parallel": true,
    "pipeline_parallel": false,
    "multi_tb_per_device": false
}
====================================== END CONF ======================================
====================================== MODEL CONF ======================================
{
    "model_name": "Llama2-13B",
    "n_heads": 40,
    "num_channels": 32,
    "channels_per_block": "N/A",
    "fc_devices": [],
    "reuse_size": 32,
    "embedding": false,
    "only-FC": true,
    "only-trace": true,
    "model_parallel": true,
    "pipeline_parallel": false,
    "multi_tb_per_device": false
}
====================================== END CONF ======================================
====================================== MODEL CONF ======================================
{
    "model_name": "Llama2-13B",
    "n_heads": 40,
    "num_channels": 32,
    "channels_per_block": "N/A",
    "fc_devices": [
        1,
        2,
        4,
        5,
        10,
        20
    ],
    "reuse_size": 32,
    "embedding": false,
    "only-FC": false,
    "only-trace": true,
    "model_parallel": true,
    "pipeline_parallel": false,
    "multi_tb_per_device": false
}
====================================== END CONF ======================================
====================================== MODEL CONF ======================================
{
    "model_name": "Llama2-13B",
    "n_heads": 40,
    "num_channels": 32,
    "channels_per_block": "N/A",
    "fc_devices": [],
    "reuse_size": 32,
    "embedding": false,
    "only-FC": true,
    "only-trace": true,
    "model_parallel": true,
    "pipeline_parallel": false,
    "multi_tb_per_device": false
}
====================================== END CONF ======================================
====================================== MODEL CONF ======================================
{
    "model_name": "Llama2-13B",
    "n_heads": 40,
    "num_channels": 32,
    "channels_per_block": "N/A",
    "fc_devices": [
        1,
        2,
        4,
        5,
        10,
        20
    ],
    "reuse_size": 32,
    "embedding": false,
    "only-FC": false,
    "only-trace": true,
    "model_parallel": true,
    "pipeline_parallel": false,
    "multi_tb_per_device": false
}
====================================== END CONF ======================================
====================================== MODEL CONF ======================================
{
    "model_name": "Llama2-13B",
    "n_heads": 40,
    "num_channels": 32,
    "channels_per_block": "N/A",
    "fc_devices": [],
    "reuse_size": 32,
    "embedding": false,
    "only-FC": true,
    "only-trace": true,
    "model_parallel": true,
    "pipeline_parallel": false,
    "multi_tb_per_device": false
}
====================================== END CONF ======================================
====================================== MODEL CONF ======================================
{
    "model_name": "Llama2-13B",
    "n_heads": 40,
    "num_channels": 32,
    "channels_per_block": "N/A",
    "fc_devices": [
        1,
        2,
        4,
        5,
        10,
        20
    ],
    "reuse_size": 32,
    "embedding": false,
    "only-FC": false,
    "only-trace": true,
    "model_parallel": true,
    "pipeline_parallel": false,
    "multi_tb_per_device": false
}
====================================== END CONF ======================================
====================================== MODEL CONF ======================================
{
    "model_name": "Llama2-13B",
    "n_heads": 40,
    "num_channels": 32,
    "channels_per_block": "N/A",
    "fc_devices": [],
    "reuse_size": 32,
    "embedding": false,
    "only-FC": true,
    "only-trace": true,
    "model_parallel": true,
    "pipeline_parallel": false,
    "multi_tb_per_device": false
}
====================================== END CONF ======================================
====================================== MODEL CONF ======================================
{
    "model_name": "Llama2-13B",
    "n_heads": 40,
    "num_channels": 32,
    "channels_per_block": "N/A",
    "fc_devices": [
        1,
        2,
        4,
        5,
        10,
        20
    ],
    "reuse_size": 32,
    "embedding": false,
    "only-FC": false,
    "only-trace": true,
    "model_parallel": true,
    "pipeline_parallel": false,
    "multi_tb_per_device": false
}
====================================== END CONF ======================================
====================================== MODEL CONF ======================================
{
    "model_name": "Llama2-13B",
    "n_heads": 40,
    "num_channels": 32,
    "channels_per_block": "N/A",
    "fc_devices": [],
    "reuse_size": 32,
    "embedding": false,
    "only-FC": true,
    "only-trace": true,
    "model_parallel": true,
    "pipeline_parallel": false,
    "multi_tb_per_device": false
}
====================================== END CONF ======================================
====================================== MODEL CONF ======================================
{
    "model_name": "Llama2-13B",
    "n_heads": 40,
    "num_channels": 32,
    "channels_per_block": "N/A",
    "fc_devices": [
        1,
        2,
        4,
        5,
        10,
        20
    ],
    "reuse_size": 32,
    "embedding": false,
    "only-FC": false,
    "only-trace": true,
    "model_parallel": true,
    "pipeline_parallel": false,
    "multi_tb_per_device": false
}
====================================== END CONF ======================================
====================================== MODEL CONF ======================================
{
    "model_name": "Llama2-13B",
    "n_heads": 40,
    "num_channels": 32,
    "channels_per_block": "N/A",
    "fc_devices": [],
    "reuse_size": 32,
    "embedding": false,
    "only-FC": true,
    "only-trace": true,
    "model_parallel": true,
    "pipeline_parallel": false,
    "multi_tb_per_device": false
}
====================================== END CONF ======================================
====================================== MODEL CONF ======================================
{
    "model_name": "Llama2-13B",
    "n_heads": 40,
    "num_channels": 32,
    "channels_per_block": "N/A",
    "fc_devices": [
        1,
        2,
        4,
        5,
        10,
        20
    ],
    "reuse_size": 32,
    "embedding": false,
    "only-FC": false,
    "only-trace": true,
    "model_parallel": true,
    "pipeline_parallel": false,
    "multi_tb_per_device": false
}
====================================== END CONF ======================================
====================================== MODEL CONF ======================================
{
    "model_name": "Llama2-13B",
    "n_heads": 40,
    "num_channels": 32,
    "channels_per_block": "N/A",
    "fc_devices": [],
    "reuse_size": 32,
    "embedding": false,
    "only-FC": true,
    "only-trace": true,
    "model_parallel": true,
    "pipeline_parallel": false,
    "multi_tb_per_device": false
}
====================================== END CONF ======================================
====================================== MODEL CONF ======================================
{
    "model_name": "Llama2-13B",
    "n_heads": 40,
    "num_channels": 32,
    "channels_per_block": "N/A",
    "fc_devices": [
        1,
        2,
        4,
        5,
        10,
        20
    ],
    "reuse_size": 32,
    "embedding": false,
    "only-FC": false,
    "only-trace": true,
    "model_parallel": true,
    "pipeline_parallel": false,
    "multi_tb_per_device": false
}
====================================== END CONF ======================================
====================================== MODEL CONF ======================================
{
    "model_name": "Llama2-13B",
    "n_heads": 40,
    "num_channels": 32,
    "channels_per_block": "N/A",
    "fc_devices": [],
    "reuse_size": 32,
    "embedding": false,
    "only-FC": true,
    "only-trace": true,
    "model_parallel": true,
    "pipeline_parallel": false,
    "multi_tb_per_device": false
}
====================================== END CONF ======================================
====================================== MODEL CONF ======================================
{
    "model_name": "Llama2-13B",
    "n_heads": 40,
    "num_channels": 32,
    "channels_per_block": "N/A",
    "fc_devices": [
        1,
        2,
        4,
        5,
        10,
        20
    ],
    "reuse_size": 32,
    "embedding": false,
    "only-FC": false,
    "only-trace": true,
    "model_parallel": true,
    "pipeline_parallel": false,
    "multi_tb_per_device": false
}
====================================== END CONF ======================================
====================================== MODEL CONF ======================================
{
    "model_name": "Llama2-13B",
    "n_heads": 40,
    "num_channels": 32,
    "channels_per_block": "N/A",
    "fc_devices": [],
    "reuse_size": 32,
    "embedding": false,
    "only-FC": true,
    "only-trace": true,
    "model_parallel": true,
    "pipeline_parallel": false,
    "multi_tb_per_device": false
}
====================================== END CONF ======================================
====================================== MODEL CONF ======================================
{
    "model_name": "Llama2-13B",
    "n_heads": 40,
    "num_channels": 32,
    "channels_per_block": "N/A",
    "fc_devices": [
        1,
        2,
        4,
        5,
        10,
        20
    ],
    "reuse_size": 32,
    "embedding": false,
    "only-FC": false,
    "only-trace": true,
    "model_parallel": true,
    "pipeline_parallel": false,
    "multi_tb_per_device": false
}
====================================== END CONF ======================================
====================================== MODEL CONF ======================================
{
    "model_name": "Llama2-13B",
    "n_heads": 40,
    "num_channels": 32,
    "channels_per_block": "N/A",
    "fc_devices": [],
    "reuse_size": 32,
    "embedding": false,
    "only-FC": true,
    "only-trace": true,
    "model_parallel": true,
    "pipeline_parallel": false,
    "multi_tb_per_device": false
}
====================================== END CONF ======================================
====================================== MODEL CONF ======================================
{
    "model_name": "Llama2-13B",
    "n_heads": 40,
    "num_channels": 32,
    "channels_per_block": "N/A",
    "fc_devices": [
        1,
        2,
        4,
        5,
        10,
        20
    ],
    "reuse_size": 32,
    "embedding": false,
    "only-FC": false,
    "only-trace": true,
    "model_parallel": true,
    "pipeline_parallel": false,
    "multi_tb_per_device": false
}
====================================== END CONF ======================================
====================================== MODEL CONF ======================================
{
    "model_name": "Llama2-13B",
    "n_heads": 40,
    "num_channels": 32,
    "channels_per_block": "N/A",
    "fc_devices": [],
    "reuse_size": 32,
    "embedding": false,
    "only-FC": true,
    "only-trace": true,
    "model_parallel": true,
    "pipeline_parallel": false,
    "multi_tb_per_device": false
}
====================================== END CONF ======================================
====================================== MODEL CONF ======================================
{
    "model_name": "Llama2-13B",
    "n_heads": 40,
    "num_channels": 32,
    "channels_per_block": "N/A",
    "fc_devices": [
        1,
        2,
        4,
        5,
        10,
        20
    ],
    "reuse_size": 32,
    "embedding": false,
    "only-FC": false,
    "only-trace": true,
    "model_parallel": true,
    "pipeline_parallel": false,
    "multi_tb_per_device": false
}
====================================== END CONF ======================================
====================================== MODEL CONF ======================================
{
    "model_name": "Llama2-13B",
    "n_heads": 40,
    "num_channels": 32,
    "channels_per_block": "N/A",
    "fc_devices": [],
    "reuse_size": 32,
    "embedding": false,
    "only-FC": true,
    "only-trace": true,
    "model_parallel": true,
    "pipeline_parallel": false,
    "multi_tb_per_device": false
}
====================================== END CONF ======================================
====================================== MODEL CONF ======================================
{
    "model_name": "Llama2-13B",
    "n_heads": 40,
    "num_channels": 32,
    "channels_per_block": "N/A",
    "fc_devices": [
        1,
        2,
        4,
        5,
        10,
        20
    ],
    "reuse_size": 32,
    "embedding": false,
    "only-FC": false,
    "only-trace": true,
    "model_parallel": true,
    "pipeline_parallel": false,
    "multi_tb_per_device": false
}
====================================== END CONF ======================================
====================================== MODEL CONF ======================================
{
    "model_name": "Llama2-13B",
    "n_heads": 40,
    "num_channels": 32,
    "channels_per_block": "N/A",
    "fc_devices": [],
    "reuse_size": 32,
    "embedding": false,
    "only-FC": true,
    "only-trace": true,
    "model_parallel": true,
    "pipeline_parallel": false,
    "multi_tb_per_device": false
}
====================================== END CONF ======================================
====================================== MODEL CONF ======================================
{
    "model_name": "Llama2-13B",
    "n_heads": 40,
    "num_channels": 32,
    "channels_per_block": "N/A",
    "fc_devices": [
        1,
        2,
        4,
        5,
        10,
        20
    ],
    "reuse_size": 32,
    "embedding": false,
    "only-FC": false,
    "only-trace": true,
    "model_parallel": true,
    "pipeline_parallel": false,
    "multi_tb_per_device": false
}
====================================== END CONF ======================================
====================================== MODEL CONF ======================================
{
    "model_name": "Llama2-13B",
    "n_heads": 40,
    "num_channels": 32,
    "channels_per_block": "N/A",
    "fc_devices": [],
    "reuse_size": 32,
    "embedding": false,
    "only-FC": true,
    "only-trace": true,
    "model_parallel": true,
    "pipeline_parallel": false,
    "multi_tb_per_device": false
}
====================================== END CONF ======================================
====================================== MODEL CONF ======================================
{
    "model_name": "Llama2-13B",
    "n_heads": 40,
    "num_channels": 32,
    "channels_per_block": "N/A",
    "fc_devices": [
        1,
        2,
        4,
        5,
        10,
        20
    ],
    "reuse_size": 32,
    "embedding": false,
    "only-FC": false,
    "only-trace": true,
    "model_parallel": true,
    "pipeline_parallel": false,
    "multi_tb_per_device": false
}
====================================== END CONF ======================================
====================================== MODEL CONF ======================================
{
    "model_name": "Llama2-13B",
    "n_heads": 40,
    "num_channels": 32,
    "channels_per_block": "N/A",
    "fc_devices": [],
    "reuse_size": 32,
    "embedding": false,
    "only-FC": true,
    "only-trace": true,
    "model_parallel": true,
    "pipeline_parallel": false,
    "multi_tb_per_device": false
}
====================================== END CONF ======================================
====================================== MODEL CONF ======================================
{
    "model_name": "Llama2-13B",
    "n_heads": 40,
    "num_channels": 32,
    "channels_per_block": "N/A",
    "fc_devices": [
        1,
        2,
        4,
        5,
        10,
        20
    ],
    "reuse_size": 32,
    "embedding": false,
    "only-FC": false,
    "only-trace": true,
    "model_parallel": true,
    "pipeline_parallel": false,
    "multi_tb_per_device": false
}
====================================== END CONF ======================================
====================================== MODEL CONF ======================================
{
    "model_name": "Llama2-13B",
    "n_heads": 40,
    "num_channels": 32,
    "channels_per_block": "N/A",
    "fc_devices": [],
    "reuse_size": 32,
    "embedding": false,
    "only-FC": true,
    "only-trace": true,
    "model_parallel": true,
    "pipeline_parallel": false,
    "multi_tb_per_device": false
}
====================================== END CONF ======================================
====================================== MODEL CONF ======================================
{
    "model_name": "Llama2-13B",
    "n_heads": 40,
    "num_channels": 32,
    "channels_per_block": "N/A",
    "fc_devices": [
        1,
        2,
        4,
        5,
        10,
        20
    ],
    "reuse_size": 32,
    "embedding": false,
    "only-FC": false,
    "only-trace": true,
    "model_parallel": true,
    "pipeline_parallel": false,
    "multi_tb_per_device": false
}
====================================== END CONF ======================================
====================================== MODEL CONF ======================================
{
    "model_name": "Llama2-13B",
    "n_heads": 40,
    "num_channels": 32,
    "channels_per_block": "N/A",
    "fc_devices": [],
    "reuse_size": 32,
    "embedding": false,
    "only-FC": true,
    "only-trace": true,
    "model_parallel": true,
    "pipeline_parallel": false,
    "multi_tb_per_device": false
}
====================================== END CONF ======================================
====================================== MODEL CONF ======================================
{
    "model_name": "Llama2-13B",
    "n_heads": 40,
    "num_channels": 32,
    "channels_per_block": "N/A",
    "fc_devices": [
        1,
        2,
        4,
        5,
        10,
        20
    ],
    "reuse_size": 32,
    "embedding": false,
    "only-FC": false,
    "only-trace": true,
    "model_parallel": true,
    "pipeline_parallel": false,
    "multi_tb_per_device": false
}
====================================== END CONF ======================================
====================================== MODEL CONF ======================================
{
    "model_name": "Llama2-13B",
    "n_heads": 40,
    "num_channels": 32,
    "channels_per_block": "N/A",
    "fc_devices": [],
    "reuse_size": 32,
    "embedding": false,
    "only-FC": true,
    "only-trace": true,
    "model_parallel": true,
    "pipeline_parallel": false,
    "multi_tb_per_device": false
}
====================================== END CONF ======================================
====================================== MODEL CONF ======================================
{
    "model_name": "Llama2-13B",
    "n_heads": 40,
    "num_channels": 32,
    "channels_per_block": "N/A",
    "fc_devices": [
        1,
        2,
        4,
        5,
        10,
        20
    ],
    "reuse_size": 32,
    "embedding": false,
    "only-FC": false,
    "only-trace": true,
    "model_parallel": true,
    "pipeline_parallel": false,
    "multi_tb_per_device": false
}
====================================== END CONF ======================================
====================================== MODEL CONF ======================================
{
    "model_name": "Llama2-13B",
    "n_heads": 40,
    "num_channels": 32,
    "channels_per_block": "N/A",
    "fc_devices": [],
    "reuse_size": 32,
    "embedding": false,
    "only-FC": true,
    "only-trace": true,
    "model_parallel": true,
    "pipeline_parallel": false,
    "multi_tb_per_device": false
}
====================================== END CONF ======================================
====================================== MODEL CONF ======================================
{
    "model_name": "Llama2-13B",
    "n_heads": 40,
    "num_channels": 32,
    "channels_per_block": "N/A",
    "fc_devices": [
        1,
        2,
        4,
        5,
        10,
        20
    ],
    "reuse_size": 32,
    "embedding": false,
    "only-FC": false,
    "only-trace": true,
    "model_parallel": true,
    "pipeline_parallel": false,
    "multi_tb_per_device": false
}
====================================== END CONF ======================================
====================================== MODEL CONF ======================================
{
    "model_name": "Llama2-13B",
    "n_heads": 40,
    "num_channels": 32,
    "channels_per_block": "N/A",
    "fc_devices": [],
    "reuse_size": 32,
    "embedding": false,
    "only-FC": true,
    "only-trace": true,
    "model_parallel": true,
    "pipeline_parallel": false,
    "multi_tb_per_device": false
}
====================================== END CONF ======================================
====================================== MODEL CONF ======================================
{
    "model_name": "Llama2-13B",
    "n_heads": 40,
    "num_channels": 32,
    "channels_per_block": "N/A",
    "fc_devices": [
        1,
        2,
        4,
        5,
        10,
        20
    ],
    "reuse_size": 32,
    "embedding": false,
    "only-FC": false,
    "only-trace": true,
    "model_parallel": true,
    "pipeline_parallel": false,
    "multi_tb_per_device": false
}
====================================== END CONF ======================================
====================================== MODEL CONF ======================================
{
    "model_name": "Llama2-13B",
    "n_heads": 40,
    "num_channels": 32,
    "channels_per_block": "N/A",
    "fc_devices": [],
    "reuse_size": 32,
    "embedding": false,
    "only-FC": true,
    "only-trace": true,
    "model_parallel": true,
    "pipeline_parallel": false,
    "multi_tb_per_device": false
}
====================================== END CONF ======================================
====================================== MODEL CONF ======================================
{
    "model_name": "Llama2-13B",
    "n_heads": 40,
    "num_channels": 32,
    "channels_per_block": "N/A",
    "fc_devices": [
        1,
        2,
        4,
        5,
        10,
        20
    ],
    "reuse_size": 32,
    "embedding": false,
    "only-FC": false,
    "only-trace": true,
    "model_parallel": true,
    "pipeline_parallel": false,
    "multi_tb_per_device": false
}
====================================== END CONF ======================================
====================================== MODEL CONF ======================================
{
    "model_name": "Llama2-13B",
    "n_heads": 40,
    "num_channels": 32,
    "channels_per_block": "N/A",
    "fc_devices": [],
    "reuse_size": 32,
    "embedding": false,
    "only-FC": true,
    "only-trace": true,
    "model_parallel": true,
    "pipeline_parallel": false,
    "multi_tb_per_device": false
}
====================================== END CONF ======================================
====================================== MODEL CONF ======================================
{
    "model_name": "Llama2-13B",
    "n_heads": 40,
    "num_channels": 32,
    "channels_per_block": "N/A",
    "fc_devices": [
        1,
        2,
        4,
        5,
        10,
        20
    ],
    "reuse_size": 32,
    "embedding": false,
    "only-FC": false,
    "only-trace": true,
    "model_parallel": true,
    "pipeline_parallel": false,
    "multi_tb_per_device": false
}
====================================== END CONF ======================================
====================================== MODEL CONF ======================================
{
    "model_name": "Llama2-13B",
    "n_heads": 40,
    "num_channels": 32,
    "channels_per_block": "N/A",
    "fc_devices": [],
    "reuse_size": 32,
    "embedding": false,
    "only-FC": true,
    "only-trace": true,
    "model_parallel": true,
    "pipeline_parallel": false,
    "multi_tb_per_device": false
}
====================================== END CONF ======================================
====================================== MODEL CONF ======================================
{
    "model_name": "Llama2-13B",
    "n_heads": 40,
    "num_channels": 32,
    "channels_per_block": "N/A",
    "fc_devices": [
        1,
        2,
        4,
        5,
        10,
        20
    ],
    "reuse_size": 32,
    "embedding": false,
    "only-FC": false,
    "only-trace": true,
    "model_parallel": true,
    "pipeline_parallel": false,
    "multi_tb_per_device": false
}
====================================== END CONF ======================================
====================================== MODEL CONF ======================================
{
    "model_name": "Llama2-13B",
    "n_heads": 40,
    "num_channels": 32,
    "channels_per_block": "N/A",
    "fc_devices": [],
    "reuse_size": 32,
    "embedding": false,
    "only-FC": true,
    "only-trace": true,
    "model_parallel": true,
    "pipeline_parallel": false,
    "multi_tb_per_device": false
}
====================================== END CONF ======================================
====================================== MODEL CONF ======================================
{
    "model_name": "Llama2-13B",
    "n_heads": 40,
    "num_channels": 32,
    "channels_per_block": "N/A",
    "fc_devices": [
        1,
        2,
        4,
        5,
        10,
        20
    ],
    "reuse_size": 32,
    "embedding": false,
    "only-FC": false,
    "only-trace": true,
    "model_parallel": true,
    "pipeline_parallel": false,
    "multi_tb_per_device": false
}
====================================== END CONF ======================================
====================================== MODEL CONF ======================================
{
    "model_name": "Llama2-13B",
    "n_heads": 40,
    "num_channels": 32,
    "channels_per_block": "N/A",
    "fc_devices": [],
    "reuse_size": 32,
    "embedding": false,
    "only-FC": true,
    "only-trace": true,
    "model_parallel": true,
    "pipeline_parallel": false,
    "multi_tb_per_device": false
}
====================================== END CONF ======================================
====================================== MODEL CONF ======================================
{
    "model_name": "Llama2-13B",
    "n_heads": 40,
    "num_channels": 32,
    "channels_per_block": "N/A",
    "fc_devices": [
        1,
        2,
        4,
        5,
        10,
        20
    ],
    "reuse_size": 32,
    "embedding": false,
    "only-FC": false,
    "only-trace": true,
    "model_parallel": true,
    "pipeline_parallel": false,
    "multi_tb_per_device": false
}
====================================== END CONF ======================================
====================================== MODEL CONF ======================================
{
    "model_name": "Llama2-13B",
    "n_heads": 40,
    "num_channels": 32,
    "channels_per_block": "N/A",
    "fc_devices": [],
    "reuse_size": 32,
    "embedding": false,
    "only-FC": true,
    "only-trace": true,
    "model_parallel": true,
    "pipeline_parallel": false,
    "multi_tb_per_device": false
}
====================================== END CONF ======================================
====================================== MODEL CONF ======================================
{
    "model_name": "Llama2-13B",
    "n_heads": 40,
    "num_channels": 32,
    "channels_per_block": "N/A",
    "fc_devices": [
        1,
        2,
        4,
        5,
        10,
        20
    ],
    "reuse_size": 32,
    "embedding": false,
    "only-FC": false,
    "only-trace": true,
    "model_parallel": true,
    "pipeline_parallel": false,
    "multi_tb_per_device": false
}
====================================== END CONF ======================================
====================================== MODEL CONF ======================================
{
    "model_name": "Llama2-13B",
    "n_heads": 40,
    "num_channels": 32,
    "channels_per_block": "N/A",
    "fc_devices": [],
    "reuse_size": 32,
    "embedding": false,
    "only-FC": true,
    "only-trace": true,
    "model_parallel": true,
    "pipeline_parallel": false,
    "multi_tb_per_device": false
}
====================================== END CONF ======================================
====================================== MODEL CONF ======================================
{
    "model_name": "Llama2-13B",
    "n_heads": 40,
    "num_channels": 32,
    "channels_per_block": "N/A",
    "fc_devices": [
        1,
        2,
        4,
        5,
        10,
        20
    ],
    "reuse_size": 32,
    "embedding": false,
    "only-FC": false,
    "only-trace": true,
    "model_parallel": true,
    "pipeline_parallel": false,
    "multi_tb_per_device": false
}
====================================== END CONF ======================================
====================================== MODEL CONF ======================================
{
    "model_name": "Llama2-13B",
    "n_heads": 40,
    "num_channels": 32,
    "channels_per_block": "N/A",
    "fc_devices": [],
    "reuse_size": 32,
    "embedding": false,
    "only-FC": true,
    "only-trace": true,
    "model_parallel": true,
    "pipeline_parallel": false,
    "multi_tb_per_device": false
}
====================================== END CONF ======================================
====================================== MODEL CONF ======================================
{
    "model_name": "Llama2-13B",
    "n_heads": 40,
    "num_channels": 32,
    "channels_per_block": "N/A",
    "fc_devices": [
        1,
        2,
        4,
        5,
        10,
        20
    ],
    "reuse_size": 32,
    "embedding": false,
    "only-FC": false,
    "only-trace": true,
    "model_parallel": true,
    "pipeline_parallel": false,
    "multi_tb_per_device": false
}
====================================== END CONF ======================================
====================================== MODEL CONF ======================================
{
    "model_name": "Llama2-13B",
    "n_heads": 40,
    "num_channels": 32,
    "channels_per_block": "N/A",
    "fc_devices": [],
    "reuse_size": 32,
    "embedding": false,
    "only-FC": true,
    "only-trace": true,
    "model_parallel": true,
    "pipeline_parallel": false,
    "multi_tb_per_device": false
}
====================================== END CONF ======================================
====================================== MODEL CONF ======================================
{
    "model_name": "Llama2-13B",
    "n_heads": 40,
    "num_channels": 32,
    "channels_per_block": "N/A",
    "fc_devices": [
        1,
        2,
        4,
        5,
        10,
        20
    ],
    "reuse_size": 32,
    "embedding": false,
    "only-FC": false,
    "only-trace": true,
    "model_parallel": true,
    "pipeline_parallel": false,
    "multi_tb_per_device": false
}
====================================== END CONF ======================================
====================================== MODEL CONF ======================================
{
    "model_name": "Llama2-13B",
    "n_heads": 40,
    "num_channels": 32,
    "channels_per_block": "N/A",
    "fc_devices": [],
    "reuse_size": 32,
    "embedding": false,
    "only-FC": true,
    "only-trace": true,
    "model_parallel": true,
    "pipeline_parallel": false,
    "multi_tb_per_device": false
}
====================================== END CONF ======================================
====================================== MODEL CONF ======================================
{
    "model_name": "Llama2-13B",
    "n_heads": 40,
    "num_channels": 32,
    "channels_per_block": "N/A",
    "fc_devices": [
        1,
        2,
        4,
        5,
        10,
        20
    ],
    "reuse_size": 32,
    "embedding": false,
    "only-FC": false,
    "only-trace": true,
    "model_parallel": true,
    "pipeline_parallel": false,
    "multi_tb_per_device": false
}
====================================== END CONF ======================================
====================================== MODEL CONF ======================================
{
    "model_name": "Llama2-13B",
    "n_heads": 40,
    "num_channels": 32,
    "channels_per_block": "N/A",
    "fc_devices": [],
    "reuse_size": 32,
    "embedding": false,
    "only-FC": true,
    "only-trace": true,
    "model_parallel": true,
    "pipeline_parallel": false,
    "multi_tb_per_device": false
}
====================================== END CONF ======================================
====================================== MODEL CONF ======================================
{
    "model_name": "Llama2-13B",
    "n_heads": 40,
    "num_channels": 32,
    "channels_per_block": "N/A",
    "fc_devices": [
        1,
        2,
        4,
        5,
        10,
        20
    ],
    "reuse_size": 32,
    "embedding": false,
    "only-FC": false,
    "only-trace": true,
    "model_parallel": true,
    "pipeline_parallel": false,
    "multi_tb_per_device": false
}
====================================== END CONF ======================================
====================================== MODEL CONF ======================================
{
    "model_name": "Llama2-13B",
    "n_heads": 40,
    "num_channels": 32,
    "channels_per_block": "N/A",
    "fc_devices": [],
    "reuse_size": 32,
    "embedding": false,
    "only-FC": true,
    "only-trace": true,
    "model_parallel": true,
    "pipeline_parallel": false,
    "multi_tb_per_device": false
}
====================================== END CONF ======================================
====================================== MODEL CONF ======================================
{
    "model_name": "Llama2-13B",
    "n_heads": 40,
    "num_channels": 32,
    "channels_per_block": "N/A",
    "fc_devices": [
        1,
        2,
        4,
        5,
        10,
        20
    ],
    "reuse_size": 32,
    "embedding": false,
    "only-FC": false,
    "only-trace": true,
    "model_parallel": true,
    "pipeline_parallel": false,
    "multi_tb_per_device": false
}
====================================== END CONF ======================================
====================================== MODEL CONF ======================================
{
    "model_name": "Llama2-13B",
    "n_heads": 40,
    "num_channels": 32,
    "channels_per_block": "N/A",
    "fc_devices": [],
    "reuse_size": 32,
    "embedding": false,
    "only-FC": true,
    "only-trace": true,
    "model_parallel": true,
    "pipeline_parallel": false,
    "multi_tb_per_device": false
}
====================================== END CONF ======================================
====================================== MODEL CONF ======================================
{
    "model_name": "Llama2-13B",
    "n_heads": 40,
    "num_channels": 32,
    "channels_per_block": "N/A",
    "fc_devices": [
        1,
        2,
        4,
        5,
        10,
        20
    ],
    "reuse_size": 32,
    "embedding": false,
    "only-FC": false,
    "only-trace": true,
    "model_parallel": true,
    "pipeline_parallel": false,
    "multi_tb_per_device": false
}
====================================== END CONF ======================================
====================================== MODEL CONF ======================================
{
    "model_name": "Llama2-13B",
    "n_heads": 40,
    "num_channels": 32,
    "channels_per_block": "N/A",
    "fc_devices": [],
    "reuse_size": 32,
    "embedding": false,
    "only-FC": true,
    "only-trace": true,
    "model_parallel": true,
    "pipeline_parallel": false,
    "multi_tb_per_device": false
}
====================================== END CONF ======================================
====================================== MODEL CONF ======================================
{
    "model_name": "Llama2-13B",
    "n_heads": 40,
    "num_channels": 32,
    "channels_per_block": "N/A",
    "fc_devices": [
        1,
        2,
        4,
        5,
        10,
        20
    ],
    "reuse_size": 32,
    "embedding": false,
    "only-FC": false,
    "only-trace": true,
    "model_parallel": true,
    "pipeline_parallel": false,
    "multi_tb_per_device": false
}
====================================== END CONF ======================================
====================================== MODEL CONF ======================================
{
    "model_name": "Llama2-13B",
    "n_heads": 40,
    "num_channels": 32,
    "channels_per_block": "N/A",
    "fc_devices": [],
    "reuse_size": 32,
    "embedding": false,
    "only-FC": true,
    "only-trace": true,
    "model_parallel": true,
    "pipeline_parallel": false,
    "multi_tb_per_device": false
}
====================================== END CONF ======================================
====================================== MODEL CONF ======================================
{
    "model_name": "Llama2-13B",
    "n_heads": 40,
    "num_channels": 32,
    "channels_per_block": "N/A",
    "fc_devices": [
        1,
        2,
        4,
        5,
        10,
        20
    ],
    "reuse_size": 32,
    "embedding": false,
    "only-FC": false,
    "only-trace": true,
    "model_parallel": true,
    "pipeline_parallel": false,
    "multi_tb_per_device": false
}
====================================== END CONF ======================================
====================================== MODEL CONF ======================================
{
    "model_name": "Llama2-13B",
    "n_heads": 40,
    "num_channels": 32,
    "channels_per_block": "N/A",
    "fc_devices": [],
    "reuse_size": 32,
    "embedding": false,
    "only-FC": true,
    "only-trace": true,
    "model_parallel": true,
    "pipeline_parallel": false,
    "multi_tb_per_device": false
}
====================================== END CONF ======================================
====================================== MODEL CONF ======================================
{
    "model_name": "Llama2-13B",
    "n_heads": 40,
    "num_channels": 32,
    "channels_per_block": "N/A",
    "fc_devices": [
        1,
        2,
        4,
        5,
        10,
        20
    ],
    "reuse_size": 32,
    "embedding": false,
    "only-FC": false,
    "only-trace": true,
    "model_parallel": true,
    "pipeline_parallel": false,
    "multi_tb_per_device": false
}
====================================== END CONF ======================================
====================================== MODEL CONF ======================================
{
    "model_name": "Llama2-13B",
    "n_heads": 40,
    "num_channels": 32,
    "channels_per_block": "N/A",
    "fc_devices": [],
    "reuse_size": 32,
    "embedding": false,
    "only-FC": true,
    "only-trace": true,
    "model_parallel": true,
    "pipeline_parallel": false,
    "multi_tb_per_device": false
}
====================================== END CONF ======================================
====================================== MODEL CONF ======================================
{
    "model_name": "Llama2-13B",
    "n_heads": 40,
    "num_channels": 32,
    "channels_per_block": "N/A",
    "fc_devices": [
        1,
        2,
        4,
        5,
        10,
        20
    ],
    "reuse_size": 32,
    "embedding": false,
    "only-FC": false,
    "only-trace": true,
    "model_parallel": true,
    "pipeline_parallel": false,
    "multi_tb_per_device": false
}
====================================== END CONF ======================================
====================================== MODEL CONF ======================================
{
    "model_name": "Llama2-13B",
    "n_heads": 40,
    "num_channels": 32,
    "channels_per_block": "N/A",
    "fc_devices": [],
    "reuse_size": 32,
    "embedding": false,
    "only-FC": true,
    "only-trace": true,
    "model_parallel": true,
    "pipeline_parallel": false,
    "multi_tb_per_device": false
}
====================================== END CONF ======================================
====================================== MODEL CONF ======================================
{
    "model_name": "Llama2-13B",
    "n_heads": 40,
    "num_channels": 32,
    "channels_per_block": "N/A",
    "fc_devices": [
        1,
        2,
        4,
        5,
        10,
        20
    ],
    "reuse_size": 32,
    "embedding": false,
    "only-FC": false,
    "only-trace": true,
    "model_parallel": true,
    "pipeline_parallel": false,
    "multi_tb_per_device": false
}
====================================== END CONF ======================================
====================================== MODEL CONF ======================================
{
    "model_name": "Llama2-13B",
    "n_heads": 40,
    "num_channels": 32,
    "channels_per_block": "N/A",
    "fc_devices": [],
    "reuse_size": 32,
    "embedding": false,
    "only-FC": true,
    "only-trace": true,
    "model_parallel": true,
    "pipeline_parallel": false,
    "multi_tb_per_device": false
}
====================================== END CONF ======================================
====================================== MODEL CONF ======================================
{
    "model_name": "Llama2-13B",
    "n_heads": 40,
    "num_channels": 32,
    "channels_per_block": "N/A",
    "fc_devices": [
        1,
        2,
        4,
        5,
        10,
        20
    ],
    "reuse_size": 32,
    "embedding": false,
    "only-FC": false,
    "only-trace": true,
    "model_parallel": true,
    "pipeline_parallel": false,
    "multi_tb_per_device": false
}
====================================== END CONF ======================================
====================================== MODEL CONF ======================================
{
    "model_name": "Llama2-13B",
    "n_heads": 40,
    "num_channels": 32,
    "channels_per_block": "N/A",
    "fc_devices": [],
    "reuse_size": 32,
    "embedding": false,
    "only-FC": true,
    "only-trace": true,
    "model_parallel": true,
    "pipeline_parallel": false,
    "multi_tb_per_device": false
}
====================================== END CONF ======================================
====================================== MODEL CONF ======================================
{
    "model_name": "Llama2-13B",
    "n_heads": 40,
    "num_channels": 32,
    "channels_per_block": "N/A",
    "fc_devices": [
        1,
        2,
        4,
        5,
        10,
        20
    ],
    "reuse_size": 32,
    "embedding": false,
    "only-FC": false,
    "only-trace": true,
    "model_parallel": true,
    "pipeline_parallel": false,
    "multi_tb_per_device": false
}
====================================== END CONF ======================================
====================================== MODEL CONF ======================================
{
    "model_name": "Llama2-13B",
    "n_heads": 40,
    "num_channels": 32,
    "channels_per_block": "N/A",
    "fc_devices": [],
    "reuse_size": 32,
    "embedding": false,
    "only-FC": true,
    "only-trace": true,
    "model_parallel": true,
    "pipeline_parallel": false,
    "multi_tb_per_device": false
}
====================================== END CONF ======================================
====================================== MODEL CONF ======================================
{
    "model_name": "Llama2-13B",
    "n_heads": 40,
    "num_channels": 32,
    "channels_per_block": "N/A",
    "fc_devices": [
        1,
        2,
        4,
        5,
        10,
        20
    ],
    "reuse_size": 32,
    "embedding": false,
    "only-FC": false,
    "only-trace": true,
    "model_parallel": true,
    "pipeline_parallel": false,
    "multi_tb_per_device": false
}
====================================== END CONF ======================================
====================================== MODEL CONF ======================================
{
    "model_name": "Llama2-13B",
    "n_heads": 40,
    "num_channels": 32,
    "channels_per_block": "N/A",
    "fc_devices": [],
    "reuse_size": 32,
    "embedding": false,
    "only-FC": true,
    "only-trace": true,
    "model_parallel": true,
    "pipeline_parallel": false,
    "multi_tb_per_device": false
}
====================================== END CONF ======================================
====================================== MODEL CONF ======================================
{
    "model_name": "Llama2-13B",
    "n_heads": 40,
    "num_channels": 32,
    "channels_per_block": "N/A",
    "fc_devices": [
        1,
        2,
        4,
        5,
        10,
        20
    ],
    "reuse_size": 32,
    "embedding": false,
    "only-FC": false,
    "only-trace": true,
    "model_parallel": true,
    "pipeline_parallel": false,
    "multi_tb_per_device": false
}
====================================== END CONF ======================================
====================================== MODEL CONF ======================================
{
    "model_name": "Llama2-13B",
    "n_heads": 40,
    "num_channels": 32,
    "channels_per_block": "N/A",
    "fc_devices": [],
    "reuse_size": 32,
    "embedding": false,
    "only-FC": true,
    "only-trace": true,
    "model_parallel": true,
    "pipeline_parallel": false,
    "multi_tb_per_device": false
}
====================================== END CONF ======================================
====================================== MODEL CONF ======================================
{
    "model_name": "Llama2-13B",
    "n_heads": 40,
    "num_channels": 32,
    "channels_per_block": "N/A",
    "fc_devices": [
        1,
        2,
        4,
        5,
        10,
        20
    ],
    "reuse_size": 32,
    "embedding": false,
    "only-FC": false,
    "only-trace": true,
    "model_parallel": true,
    "pipeline_parallel": false,
    "multi_tb_per_device": false
}
====================================== END CONF ======================================
====================================== MODEL CONF ======================================
{
    "model_name": "Llama2-13B",
    "n_heads": 40,
    "num_channels": 32,
    "channels_per_block": "N/A",
    "fc_devices": [],
    "reuse_size": 32,
    "embedding": false,
    "only-FC": true,
    "only-trace": true,
    "model_parallel": true,
    "pipeline_parallel": false,
    "multi_tb_per_device": false
}
====================================== END CONF ======================================
====================================== MODEL CONF ======================================
{
    "model_name": "Llama2-13B",
    "n_heads": 40,
    "num_channels": 32,
    "channels_per_block": "N/A",
    "fc_devices": [
        1,
        2,
        4,
        5,
        10,
        20
    ],
    "reuse_size": 32,
    "embedding": false,
    "only-FC": false,
    "only-trace": true,
    "model_parallel": true,
    "pipeline_parallel": false,
    "multi_tb_per_device": false
}
====================================== END CONF ======================================
====================================== MODEL CONF ======================================
{
    "model_name": "Llama2-13B",
    "n_heads": 40,
    "num_channels": 32,
    "channels_per_block": "N/A",
    "fc_devices": [],
    "reuse_size": 32,
    "embedding": false,
    "only-FC": true,
    "only-trace": true,
    "model_parallel": true,
    "pipeline_parallel": false,
    "multi_tb_per_device": false
}
====================================== END CONF ======================================
====================================== MODEL CONF ======================================
{
    "model_name": "Llama2-13B",
    "n_heads": 40,
    "num_channels": 32,
    "channels_per_block": "N/A",
    "fc_devices": [
        1,
        2,
        4,
        5,
        10,
        20
    ],
    "reuse_size": 32,
    "embedding": false,
    "only-FC": false,
    "only-trace": true,
    "model_parallel": true,
    "pipeline_parallel": false,
    "multi_tb_per_device": false
}
====================================== END CONF ======================================
====================================== MODEL CONF ======================================
{
    "model_name": "Llama2-13B",
    "n_heads": 40,
    "num_channels": 32,
    "channels_per_block": "N/A",
    "fc_devices": [],
    "reuse_size": 32,
    "embedding": false,
    "only-FC": true,
    "only-trace": true,
    "model_parallel": true,
    "pipeline_parallel": false,
    "multi_tb_per_device": false
}
====================================== END CONF ======================================
====================================== MODEL CONF ======================================
{
    "model_name": "Llama2-13B",
    "n_heads": 40,
    "num_channels": 32,
    "channels_per_block": "N/A",
    "fc_devices": [
        1,
        2,
        4,
        5,
        10,
        20
    ],
    "reuse_size": 32,
    "embedding": false,
    "only-FC": false,
    "only-trace": true,
    "model_parallel": true,
    "pipeline_parallel": false,
    "multi_tb_per_device": false
}
====================================== END CONF ======================================
====================================== MODEL CONF ======================================
{
    "model_name": "Llama2-13B",
    "n_heads": 40,
    "num_channels": 32,
    "channels_per_block": "N/A",
    "fc_devices": [],
    "reuse_size": 32,
    "embedding": false,
    "only-FC": true,
    "only-trace": true,
    "model_parallel": true,
    "pipeline_parallel": false,
    "multi_tb_per_device": false
}
====================================== END CONF ======================================
====================================== MODEL CONF ======================================
{
    "model_name": "Llama2-13B",
    "n_heads": 40,
    "num_channels": 32,
    "channels_per_block": "N/A",
    "fc_devices": [
        1,
        2,
        4,
        5,
        10,
        20
    ],
    "reuse_size": 32,
    "embedding": false,
    "only-FC": false,
    "only-trace": true,
    "model_parallel": true,
    "pipeline_parallel": false,
    "multi_tb_per_device": false
}
====================================== END CONF ======================================
====================================== MODEL CONF ======================================
{
    "model_name": "Llama2-13B",
    "n_heads": 40,
    "num_channels": 32,
    "channels_per_block": "N/A",
    "fc_devices": [],
    "reuse_size": 32,
    "embedding": false,
    "only-FC": true,
    "only-trace": true,
    "model_parallel": true,
    "pipeline_parallel": false,
    "multi_tb_per_device": false
}
====================================== END CONF ======================================
====================================== MODEL CONF ======================================
{
    "model_name": "Llama2-13B",
    "n_heads": 40,
    "num_channels": 32,
    "channels_per_block": "N/A",
    "fc_devices": [
        1,
        2,
        4,
        5,
        10,
        20
    ],
    "reuse_size": 32,
    "embedding": false,
    "only-FC": false,
    "only-trace": true,
    "model_parallel": true,
    "pipeline_parallel": false,
    "multi_tb_per_device": false
}
====================================== END CONF ======================================
====================================== MODEL CONF ======================================
{
    "model_name": "Llama2-13B",
    "n_heads": 40,
    "num_channels": 32,
    "channels_per_block": "N/A",
    "fc_devices": [],
    "reuse_size": 32,
    "embedding": false,
    "only-FC": true,
    "only-trace": true,
    "model_parallel": true,
    "pipeline_parallel": false,
    "multi_tb_per_device": false
}
====================================== END CONF ======================================
====================================== MODEL CONF ======================================
{
    "model_name": "Llama2-13B",
    "n_heads": 40,
    "num_channels": 32,
    "channels_per_block": "N/A",
    "fc_devices": [
        1,
        2,
        4,
        5,
        10,
        20
    ],
    "reuse_size": 32,
    "embedding": false,
    "only-FC": false,
    "only-trace": true,
    "model_parallel": true,
    "pipeline_parallel": false,
    "multi_tb_per_device": false
}
====================================== END CONF ======================================
====================================== MODEL CONF ======================================
{
    "model_name": "Llama2-13B",
    "n_heads": 40,
    "num_channels": 32,
    "channels_per_block": "N/A",
    "fc_devices": [],
    "reuse_size": 32,
    "embedding": false,
    "only-FC": true,
    "only-trace": true,
    "model_parallel": true,
    "pipeline_parallel": false,
    "multi_tb_per_device": false
}
====================================== END CONF ======================================
====================================== MODEL CONF ======================================
{
    "model_name": "Llama2-13B",
    "n_heads": 40,
    "num_channels": 32,
    "channels_per_block": "N/A",
    "fc_devices": [
        1,
        2,
        4,
        5,
        10,
        20
    ],
    "reuse_size": 32,
    "embedding": false,
    "only-FC": false,
    "only-trace": true,
    "model_parallel": true,
    "pipeline_parallel": false,
    "multi_tb_per_device": false
}
====================================== END CONF ======================================
====================================== MODEL CONF ======================================
{
    "model_name": "Llama2-13B",
    "n_heads": 40,
    "num_channels": 32,
    "channels_per_block": "N/A",
    "fc_devices": [],
    "reuse_size": 32,
    "embedding": false,
    "only-FC": true,
    "only-trace": true,
    "model_parallel": true,
    "pipeline_parallel": false,
    "multi_tb_per_device": false
}
====================================== END CONF ======================================
====================================== MODEL CONF ======================================
{
    "model_name": "Llama2-13B",
    "n_heads": 40,
    "num_channels": 32,
    "channels_per_block": "N/A",
    "fc_devices": [
        1,
        2,
        4,
        5,
        10,
        20
    ],
    "reuse_size": 32,
    "embedding": false,
    "only-FC": false,
    "only-trace": true,
    "model_parallel": true,
    "pipeline_parallel": false,
    "multi_tb_per_device": false
}
====================================== END CONF ======================================
====================================== MODEL CONF ======================================
{
    "model_name": "Llama2-13B",
    "n_heads": 40,
    "num_channels": 32,
    "channels_per_block": "N/A",
    "fc_devices": [],
    "reuse_size": 32,
    "embedding": false,
    "only-FC": true,
    "only-trace": true,
    "model_parallel": true,
    "pipeline_parallel": false,
    "multi_tb_per_device": false
}
====================================== END CONF ======================================
====================================== MODEL CONF ======================================
{
    "model_name": "Llama2-13B",
    "n_heads": 40,
    "num_channels": 32,
    "channels_per_block": "N/A",
    "fc_devices": [
        1,
        2,
        4,
        5,
        10,
        20
    ],
    "reuse_size": 32,
    "embedding": false,
    "only-FC": false,
    "only-trace": true,
    "model_parallel": true,
    "pipeline_parallel": false,
    "multi_tb_per_device": false
}
====================================== END CONF ======================================
====================================== MODEL CONF ======================================
{
    "model_name": "Llama2-13B",
    "n_heads": 40,
    "num_channels": 32,
    "channels_per_block": "N/A",
    "fc_devices": [],
    "reuse_size": 32,
    "embedding": false,
    "only-FC": true,
    "only-trace": true,
    "model_parallel": true,
    "pipeline_parallel": false,
    "multi_tb_per_device": false
}
====================================== END CONF ======================================
====================================== MODEL CONF ======================================
{
    "model_name": "Llama2-13B",
    "n_heads": 40,
    "num_channels": 32,
    "channels_per_block": "N/A",
    "fc_devices": [
        1,
        2,
        4,
        5,
        10,
        20
    ],
    "reuse_size": 32,
    "embedding": false,
    "only-FC": false,
    "only-trace": true,
    "model_parallel": true,
    "pipeline_parallel": false,
    "multi_tb_per_device": false
}
====================================== END CONF ======================================
====================================== MODEL CONF ======================================
{
    "model_name": "Llama2-13B",
    "n_heads": 40,
    "num_channels": 32,
    "channels_per_block": "N/A",
    "fc_devices": [],
    "reuse_size": 32,
    "embedding": false,
    "only-FC": true,
    "only-trace": true,
    "model_parallel": true,
    "pipeline_parallel": false,
    "multi_tb_per_device": false
}
====================================== END CONF ======================================
====================================== MODEL CONF ======================================
{
    "model_name": "Llama2-13B",
    "n_heads": 40,
    "num_channels": 32,
    "channels_per_block": "N/A",
    "fc_devices": [
        1,
        2,
        4,
        5,
        10,
        20
    ],
    "reuse_size": 32,
    "embedding": false,
    "only-FC": false,
    "only-trace": true,
    "model_parallel": true,
    "pipeline_parallel": false,
    "multi_tb_per_device": false
}
====================================== END CONF ======================================
====================================== MODEL CONF ======================================
{
    "model_name": "Llama2-13B",
    "n_heads": 40,
    "num_channels": 32,
    "channels_per_block": "N/A",
    "fc_devices": [],
    "reuse_size": 32,
    "embedding": false,
    "only-FC": true,
    "only-trace": true,
    "model_parallel": true,
    "pipeline_parallel": false,
    "multi_tb_per_device": false
}
====================================== END CONF ======================================
====================================== MODEL CONF ======================================
{
    "model_name": "Llama2-13B",
    "n_heads": 40,
    "num_channels": 32,
    "channels_per_block": "N/A",
    "fc_devices": [
        1,
        2,
        4,
        5,
        10,
        20
    ],
    "reuse_size": 32,
    "embedding": false,
    "only-FC": false,
    "only-trace": true,
    "model_parallel": true,
    "pipeline_parallel": false,
    "multi_tb_per_device": false
}
====================================== END CONF ======================================
====================================== MODEL CONF ======================================
{
    "model_name": "Llama2-13B",
    "n_heads": 40,
    "num_channels": 32,
    "channels_per_block": "N/A",
    "fc_devices": [],
    "reuse_size": 32,
    "embedding": false,
    "only-FC": true,
    "only-trace": true,
    "model_parallel": true,
    "pipeline_parallel": false,
    "multi_tb_per_device": false
}
====================================== END CONF ======================================
====================================== MODEL CONF ======================================
{
    "model_name": "Llama2-13B",
    "n_heads": 40,
    "num_channels": 32,
    "channels_per_block": "N/A",
    "fc_devices": [
        1,
        2,
        4,
        5,
        10,
        20
    ],
    "reuse_size": 32,
    "embedding": false,
    "only-FC": false,
    "only-trace": true,
    "model_parallel": true,
    "pipeline_parallel": false,
    "multi_tb_per_device": false
}
====================================== END CONF ======================================
====================================== MODEL CONF ======================================
{
    "model_name": "Llama2-13B",
    "n_heads": 40,
    "num_channels": 32,
    "channels_per_block": "N/A",
    "fc_devices": [],
    "reuse_size": 32,
    "embedding": false,
    "only-FC": true,
    "only-trace": true,
    "model_parallel": true,
    "pipeline_parallel": false,
    "multi_tb_per_device": false
}
====================================== END CONF ======================================
====================================== MODEL CONF ======================================
{
    "model_name": "Llama2-13B",
    "n_heads": 40,
    "num_channels": 32,
    "channels_per_block": "N/A",
    "fc_devices": [
        1,
        2,
        4,
        5,
        10,
        20
    ],
    "reuse_size": 32,
    "embedding": false,
    "only-FC": false,
    "only-trace": true,
    "model_parallel": true,
    "pipeline_parallel": false,
    "multi_tb_per_device": false
}
====================================== END CONF ======================================
====================================== MODEL CONF ======================================
{
    "model_name": "Llama2-13B",
    "n_heads": 40,
    "num_channels": 32,
    "channels_per_block": "N/A",
    "fc_devices": [],
    "reuse_size": 32,
    "embedding": false,
    "only-FC": true,
    "only-trace": true,
    "model_parallel": true,
    "pipeline_parallel": false,
    "multi_tb_per_device": false
}
====================================== END CONF ======================================
====================================== MODEL CONF ======================================
{
    "model_name": "Llama2-13B",
    "n_heads": 40,
    "num_channels": 32,
    "channels_per_block": "N/A",
    "fc_devices": [
        1,
        2,
        4,
        5,
        10,
        20
    ],
    "reuse_size": 32,
    "embedding": false,
    "only-FC": false,
    "only-trace": true,
    "model_parallel": true,
    "pipeline_parallel": false,
    "multi_tb_per_device": false
}
====================================== END CONF ======================================
====================================== MODEL CONF ======================================
{
    "model_name": "Llama2-13B",
    "n_heads": 40,
    "num_channels": 32,
    "channels_per_block": "N/A",
    "fc_devices": [],
    "reuse_size": 32,
    "embedding": false,
    "only-FC": true,
    "only-trace": true,
    "model_parallel": true,
    "pipeline_parallel": false,
    "multi_tb_per_device": false
}
====================================== END CONF ======================================
====================================== MODEL CONF ======================================
{
    "model_name": "Llama2-13B",
    "n_heads": 40,
    "num_channels": 32,
    "channels_per_block": "N/A",
    "fc_devices": [
        1,
        2,
        4,
        5,
        10,
        20
    ],
    "reuse_size": 32,
    "embedding": false,
    "only-FC": false,
    "only-trace": true,
    "model_parallel": true,
    "pipeline_parallel": false,
    "multi_tb_per_device": false
}
====================================== END CONF ======================================
====================================== MODEL CONF ======================================
{
    "model_name": "Llama2-13B",
    "n_heads": 40,
    "num_channels": 32,
    "channels_per_block": "N/A",
    "fc_devices": [],
    "reuse_size": 32,
    "embedding": false,
    "only-FC": true,
    "only-trace": true,
    "model_parallel": true,
    "pipeline_parallel": false,
    "multi_tb_per_device": false
}
====================================== END CONF ======================================
====================================== MODEL CONF ======================================
{
    "model_name": "Llama2-13B",
    "n_heads": 40,
    "num_channels": 32,
    "channels_per_block": "N/A",
    "fc_devices": [
        1,
        2,
        4,
        5,
        10,
        20
    ],
    "reuse_size": 32,
    "embedding": false,
    "only-FC": false,
    "only-trace": true,
    "model_parallel": true,
    "pipeline_parallel": false,
    "multi_tb_per_device": false
}
====================================== END CONF ======================================
====================================== MODEL CONF ======================================
{
    "model_name": "Llama2-13B",
    "n_heads": 40,
    "num_channels": 32,
    "channels_per_block": "N/A",
    "fc_devices": [],
    "reuse_size": 32,
    "embedding": false,
    "only-FC": true,
    "only-trace": true,
    "model_parallel": true,
    "pipeline_parallel": false,
    "multi_tb_per_device": false
}
====================================== END CONF ======================================
====================================== MODEL CONF ======================================
{
    "model_name": "Llama2-13B",
    "n_heads": 40,
    "num_channels": 32,
    "channels_per_block": "N/A",
    "fc_devices": [
        1,
        2,
        4,
        5,
        10,
        20
    ],
    "reuse_size": 32,
    "embedding": false,
    "only-FC": false,
    "only-trace": true,
    "model_parallel": true,
    "pipeline_parallel": false,
    "multi_tb_per_device": false
}
====================================== END CONF ======================================
====================================== MODEL CONF ======================================
{
    "model_name": "Llama2-13B",
    "n_heads": 40,
    "num_channels": 32,
    "channels_per_block": "N/A",
    "fc_devices": [],
    "reuse_size": 32,
    "embedding": false,
    "only-FC": true,
    "only-trace": true,
    "model_parallel": true,
    "pipeline_parallel": false,
    "multi_tb_per_device": false
}
====================================== END CONF ======================================
====================================== MODEL CONF ======================================
{
    "model_name": "Llama2-13B",
    "n_heads": 40,
    "num_channels": 32,
    "channels_per_block": "N/A",
    "fc_devices": [
        1,
        2,
        4,
        5,
        10,
        20
    ],
    "reuse_size": 32,
    "embedding": false,
    "only-FC": false,
    "only-trace": true,
    "model_parallel": true,
    "pipeline_parallel": false,
    "multi_tb_per_device": false
}
====================================== END CONF ======================================
====================================== MODEL CONF ======================================
{
    "model_name": "Llama2-13B",
    "n_heads": 40,
    "num_channels": 32,
    "channels_per_block": "N/A",
    "fc_devices": [],
    "reuse_size": 32,
    "embedding": false,
    "only-FC": true,
    "only-trace": true,
    "model_parallel": true,
    "pipeline_parallel": false,
    "multi_tb_per_device": false
}
====================================== END CONF ======================================
====================================== MODEL CONF ======================================
{
    "model_name": "Llama2-13B",
    "n_heads": 40,
    "num_channels": 32,
    "channels_per_block": "N/A",
    "fc_devices": [
        1,
        2,
        4,
        5,
        10,
        20
    ],
    "reuse_size": 32,
    "embedding": false,
    "only-FC": false,
    "only-trace": true,
    "model_parallel": true,
    "pipeline_parallel": false,
    "multi_tb_per_device": false
}
====================================== END CONF ======================================
====================================== MODEL CONF ======================================
{
    "model_name": "Llama2-13B",
    "n_heads": 40,
    "num_channels": 32,
    "channels_per_block": "N/A",
    "fc_devices": [],
    "reuse_size": 32,
    "embedding": false,
    "only-FC": true,
    "only-trace": true,
    "model_parallel": true,
    "pipeline_parallel": false,
    "multi_tb_per_device": false
}
====================================== END CONF ======================================
====================================== MODEL CONF ======================================
{
    "model_name": "Llama2-13B",
    "n_heads": 40,
    "num_channels": 32,
    "channels_per_block": "N/A",
    "fc_devices": [
        1,
        2,
        4,
        5,
        10,
        20
    ],
    "reuse_size": 32,
    "embedding": false,
    "only-FC": false,
    "only-trace": true,
    "model_parallel": true,
    "pipeline_parallel": false,
    "multi_tb_per_device": false
}
====================================== END CONF ======================================
====================================== MODEL CONF ======================================
{
    "model_name": "Llama2-13B",
    "n_heads": 40,
    "num_channels": 32,
    "channels_per_block": "N/A",
    "fc_devices": [],
    "reuse_size": 32,
    "embedding": false,
    "only-FC": true,
    "only-trace": true,
    "model_parallel": true,
    "pipeline_parallel": false,
    "multi_tb_per_device": false
}
====================================== END CONF ======================================
====================================== MODEL CONF ======================================
{
    "model_name": "Llama2-13B",
    "n_heads": 40,
    "num_channels": 32,
    "channels_per_block": "N/A",
    "fc_devices": [
        1,
        2,
        4,
        5,
        10,
        20
    ],
    "reuse_size": 32,
    "embedding": false,
    "only-FC": false,
    "only-trace": true,
    "model_parallel": true,
    "pipeline_parallel": false,
    "multi_tb_per_device": false
}
====================================== END CONF ======================================
====================================== MODEL CONF ======================================
{
    "model_name": "Llama2-13B",
    "n_heads": 40,
    "num_channels": 32,
    "channels_per_block": "N/A",
    "fc_devices": [],
    "reuse_size": 32,
    "embedding": false,
    "only-FC": true,
    "only-trace": true,
    "model_parallel": true,
    "pipeline_parallel": false,
    "multi_tb_per_device": false
}
====================================== END CONF ======================================
====================================== MODEL CONF ======================================
{
    "model_name": "Llama2-13B",
    "n_heads": 40,
    "num_channels": 32,
    "channels_per_block": "N/A",
    "fc_devices": [
        1,
        2,
        4,
        5,
        10,
        20
    ],
    "reuse_size": 32,
    "embedding": false,
    "only-FC": false,
    "only-trace": true,
    "model_parallel": true,
    "pipeline_parallel": false,
    "multi_tb_per_device": false
}
====================================== END CONF ======================================
====================================== MODEL CONF ======================================
{
    "model_name": "Llama2-13B",
    "n_heads": 40,
    "num_channels": 32,
    "channels_per_block": "N/A",
    "fc_devices": [],
    "reuse_size": 32,
    "embedding": false,
    "only-FC": true,
    "only-trace": true,
    "model_parallel": true,
    "pipeline_parallel": false,
    "multi_tb_per_device": false
}
====================================== END CONF ======================================
====================================== MODEL CONF ======================================
{
    "model_name": "Llama2-13B",
    "n_heads": 40,
    "num_channels": 32,
    "channels_per_block": "N/A",
    "fc_devices": [
        1,
        2,
        4,
        5,
        10,
        20
    ],
    "reuse_size": 32,
    "embedding": false,
    "only-FC": false,
    "only-trace": true,
    "model_parallel": true,
    "pipeline_parallel": false,
    "multi_tb_per_device": false
}
====================================== END CONF ======================================
====================================== MODEL CONF ======================================
{
    "model_name": "Llama2-13B",
    "n_heads": 40,
    "num_channels": 32,
    "channels_per_block": "N/A",
    "fc_devices": [],
    "reuse_size": 32,
    "embedding": false,
    "only-FC": true,
    "only-trace": true,
    "model_parallel": true,
    "pipeline_parallel": false,
    "multi_tb_per_device": false
}
====================================== END CONF ======================================
====================================== MODEL CONF ======================================
{
    "model_name": "Llama2-13B",
    "n_heads": 40,
    "num_channels": 32,
    "channels_per_block": "N/A",
    "fc_devices": [
        1,
        2,
        4,
        5,
        10,
        20
    ],
    "reuse_size": 32,
    "embedding": false,
    "only-FC": false,
    "only-trace": true,
    "model_parallel": true,
    "pipeline_parallel": false,
    "multi_tb_per_device": false
}
====================================== END CONF ======================================
====================================== MODEL CONF ======================================
{
    "model_name": "Llama2-13B",
    "n_heads": 40,
    "num_channels": 32,
    "channels_per_block": "N/A",
    "fc_devices": [],
    "reuse_size": 32,
    "embedding": false,
    "only-FC": true,
    "only-trace": true,
    "model_parallel": true,
    "pipeline_parallel": false,
    "multi_tb_per_device": false
}
====================================== END CONF ======================================
====================================== MODEL CONF ======================================
{
    "model_name": "Llama2-13B",
    "n_heads": 40,
    "num_channels": 32,
    "channels_per_block": "N/A",
    "fc_devices": [
        1,
        2,
        4,
        5,
        10,
        20
    ],
    "reuse_size": 32,
    "embedding": false,
    "only-FC": false,
    "only-trace": true,
    "model_parallel": true,
    "pipeline_parallel": false,
    "multi_tb_per_device": false
}
====================================== END CONF ======================================
====================================== MODEL CONF ======================================
{
    "model_name": "Llama2-13B",
    "n_heads": 40,
    "num_channels": 32,
    "channels_per_block": "N/A",
    "fc_devices": [],
    "reuse_size": 32,
    "embedding": false,
    "only-FC": true,
    "only-trace": true,
    "model_parallel": true,
    "pipeline_parallel": false,
    "multi_tb_per_device": false
}
====================================== END CONF ======================================
====================================== MODEL CONF ======================================
{
    "model_name": "Llama2-13B",
    "n_heads": 40,
    "num_channels": 32,
    "channels_per_block": "N/A",
    "fc_devices": [
        1,
        2,
        4,
        5,
        10,
        20
    ],
    "reuse_size": 32,
    "embedding": false,
    "only-FC": false,
    "only-trace": true,
    "model_parallel": true,
    "pipeline_parallel": false,
    "multi_tb_per_device": false
}
====================================== END CONF ======================================
====================================== MODEL CONF ======================================
{
    "model_name": "Llama2-13B",
    "n_heads": 40,
    "num_channels": 32,
    "channels_per_block": "N/A",
    "fc_devices": [],
    "reuse_size": 32,
    "embedding": false,
    "only-FC": true,
    "only-trace": true,
    "model_parallel": true,
    "pipeline_parallel": false,
    "multi_tb_per_device": false
}
====================================== END CONF ======================================
====================================== MODEL CONF ======================================
{
    "model_name": "Llama2-13B",
    "n_heads": 40,
    "num_channels": 32,
    "channels_per_block": "N/A",
    "fc_devices": [
        1,
        2,
        4,
        5,
        10,
        20
    ],
    "reuse_size": 32,
    "embedding": false,
    "only-FC": false,
    "only-trace": true,
    "model_parallel": true,
    "pipeline_parallel": false,
    "multi_tb_per_device": false
}
====================================== END CONF ======================================
====================================== MODEL CONF ======================================
{
    "model_name": "Llama2-13B",
    "n_heads": 40,
    "num_channels": 32,
    "channels_per_block": "N/A",
    "fc_devices": [],
    "reuse_size": 32,
    "embedding": false,
    "only-FC": true,
    "only-trace": true,
    "model_parallel": true,
    "pipeline_parallel": false,
    "multi_tb_per_device": false
}
====================================== END CONF ======================================
====================================== MODEL CONF ======================================
{
    "model_name": "Llama2-13B",
    "n_heads": 40,
    "num_channels": 32,
    "channels_per_block": "N/A",
    "fc_devices": [
        1,
        2,
        4,
        5,
        10,
        20
    ],
    "reuse_size": 32,
    "embedding": false,
    "only-FC": false,
    "only-trace": true,
    "model_parallel": true,
    "pipeline_parallel": false,
    "multi_tb_per_device": false
}
====================================== END CONF ======================================
====================================== MODEL CONF ======================================
{
    "model_name": "Llama2-13B",
    "n_heads": 40,
    "num_channels": 32,
    "channels_per_block": "N/A",
    "fc_devices": [],
    "reuse_size": 32,
    "embedding": false,
    "only-FC": true,
    "only-trace": true,
    "model_parallel": true,
    "pipeline_parallel": false,
    "multi_tb_per_device": false
}
====================================== END CONF ======================================
====================================== MODEL CONF ======================================
{
    "model_name": "Llama2-13B",
    "n_heads": 40,
    "num_channels": 32,
    "channels_per_block": "N/A",
    "fc_devices": [
        1,
        2,
        4,
        5,
        10,
        20
    ],
    "reuse_size": 32,
    "embedding": false,
    "only-FC": false,
    "only-trace": true,
    "model_parallel": true,
    "pipeline_parallel": false,
    "multi_tb_per_device": false
}
====================================== END CONF ======================================
====================================== MODEL CONF ======================================
{
    "model_name": "Llama2-13B",
    "n_heads": 40,
    "num_channels": 32,
    "channels_per_block": "N/A",
    "fc_devices": [],
    "reuse_size": 32,
    "embedding": false,
    "only-FC": true,
    "only-trace": true,
    "model_parallel": true,
    "pipeline_parallel": false,
    "multi_tb_per_device": false
}
====================================== END CONF ======================================
====================================== MODEL CONF ======================================
{
    "model_name": "Llama2-13B",
    "n_heads": 40,
    "num_channels": 32,
    "channels_per_block": "N/A",
    "fc_devices": [
        1,
        2,
        4,
        5,
        10,
        20
    ],
    "reuse_size": 32,
    "embedding": false,
    "only-FC": false,
    "only-trace": true,
    "model_parallel": true,
    "pipeline_parallel": false,
    "multi_tb_per_device": false
}
====================================== END CONF ======================================
====================================== MODEL CONF ======================================
{
    "model_name": "Llama2-13B",
    "n_heads": 40,
    "num_channels": 32,
    "channels_per_block": "N/A",
    "fc_devices": [],
    "reuse_size": 32,
    "embedding": false,
    "only-FC": true,
    "only-trace": true,
    "model_parallel": true,
    "pipeline_parallel": false,
    "multi_tb_per_device": false
}
====================================== END CONF ======================================
====================================== MODEL CONF ======================================
{
    "model_name": "Llama2-13B",
    "n_heads": 40,
    "num_channels": 32,
    "channels_per_block": "N/A",
    "fc_devices": [
        1,
        2,
        4,
        5,
        10,
        20
    ],
    "reuse_size": 32,
    "embedding": false,
    "only-FC": false,
    "only-trace": true,
    "model_parallel": true,
    "pipeline_parallel": false,
    "multi_tb_per_device": false
}
====================================== END CONF ======================================
====================================== MODEL CONF ======================================
{
    "model_name": "Llama2-13B",
    "n_heads": 40,
    "num_channels": 32,
    "channels_per_block": "N/A",
    "fc_devices": [],
    "reuse_size": 32,
    "embedding": false,
    "only-FC": true,
    "only-trace": true,
    "model_parallel": true,
    "pipeline_parallel": false,
    "multi_tb_per_device": false
}
====================================== END CONF ======================================
====================================== MODEL CONF ======================================
{
    "model_name": "Llama2-13B",
    "n_heads": 40,
    "num_channels": 32,
    "channels_per_block": "N/A",
    "fc_devices": [
        1,
        2,
        4,
        5,
        10,
        20
    ],
    "reuse_size": 32,
    "embedding": false,
    "only-FC": false,
    "only-trace": true,
    "model_parallel": true,
    "pipeline_parallel": false,
    "multi_tb_per_device": false
}
====================================== END CONF ======================================
====================================== MODEL CONF ======================================
{
    "model_name": "Llama2-13B",
    "n_heads": 40,
    "num_channels": 32,
    "channels_per_block": "N/A",
    "fc_devices": [],
    "reuse_size": 32,
    "embedding": false,
    "only-FC": true,
    "only-trace": true,
    "model_parallel": true,
    "pipeline_parallel": false,
    "multi_tb_per_device": false
}
====================================== END CONF ======================================
====================================== MODEL CONF ======================================
{
    "model_name": "Llama2-13B",
    "n_heads": 40,
    "num_channels": 32,
    "channels_per_block": "N/A",
    "fc_devices": [
        1,
        2,
        4,
        5,
        10,
        20
    ],
    "reuse_size": 32,
    "embedding": false,
    "only-FC": false,
    "only-trace": true,
    "model_parallel": true,
    "pipeline_parallel": false,
    "multi_tb_per_device": false
}
====================================== END CONF ======================================
====================================== MODEL CONF ======================================

 generate trace in function_sim, model name=None


 generate trace in function_sim, model name=None


 generate trace in function_sim, model name=None


 generate trace in function_sim, model name=None


 generate trace in function_sim, model name=None


 generate trace in function_sim, model name=None


 generate trace in function_sim, model name=None


 generate trace in function_sim, model name=None


 generate trace in function_sim, model name=None


 generate trace in function_sim, model name=None


 generate trace in function_sim, model name=None


 generate trace in function_sim, model name=None


 generate trace in function_sim, model name=None


 generate trace in function_sim, model name=None


 generate trace in function_sim, model name=None


 generate trace in function_sim, model name=None


 generate trace in function_sim, model name=None


 generate trace in function_sim, model name=None


 generate trace in function_sim, model name=None


 generate trace in function_sim, model name=None


 generate trace in function_sim, model name=None


 generate trace in function_sim, model name=None


 generate trace in function_sim, model name=None


 generate trace in function_sim, model name=None


 generate trace in function_sim, model name=None


 generate trace in function_sim, model name=None


 generate trace in function_sim, model name=None


 generate trace in function_sim, model name=None


 generate trace in function_sim, model name=None


 generate trace in function_sim, model name=None


 generate trace in function_sim, model name=None


 generate trace in function_sim, model name=None


 generate trace in function_sim, model name=None


 generate trace in function_sim, model name=None


 generate trace in function_sim, model name=None


 generate trace in function_sim, model name=None


 generate trace in function_sim, model name=None


 generate trace in function_sim, model name=None


 generate trace in function_sim, model name=None


 generate trace in function_sim, model name=None


 generate trace in function_sim, model name=None


 generate trace in function_sim, model name=None


 generate trace in function_sim, model name=None


 generate trace in function_sim, model name=None


 generate trace in function_sim, model name=None


 generate trace in function_sim, model name=None


 generate trace in function_sim, model name=None


 generate trace in function_sim, model name=None


 generate trace in function_sim, model name=None


 generate trace in function_sim, model name=None


 generate trace in function_sim, model name=None


 generate trace in function_sim, model name=None


 generate trace in function_sim, model name=None


 generate trace in function_sim, model name=None


 generate trace in function_sim, model name=None


 generate trace in function_sim, model name=None


 generate trace in function_sim, model name=None


 generate trace in function_sim, model name=None


 generate trace in function_sim, model name=None


 generate trace in function_sim, model name=None


 generate trace in function_sim, model name=None


 generate trace in function_sim, model name=None


 generate trace in function_sim, model name=None


 generate trace in function_sim, model name=None


 generate trace in function_sim, model name=None


 generate trace in function_sim, model name=None


 generate trace in function_sim, model name=None


 generate trace in function_sim, model name=None


 generate trace in function_sim, model name=None


 generate trace in function_sim, model name=None


 generate trace in function_sim, model name=None


 generate trace in function_sim, model name=None


 generate trace in function_sim, model name=None


 generate trace in function_sim, model name=None


 generate trace in function_sim, model name=None


 generate trace in function_sim, model name=None


 generate trace in function_sim, model name=None


 generate trace in function_sim, model name=None


 generate trace in function_sim, model name=None


 generate trace in function_sim, model name=None


 generate trace in function_sim, model name=None


 generate trace in function_sim, model name=None


 generate trace in function_sim, model name=None


 generate trace in function_sim, model name=None


 generate trace in function_sim, model name=None


 generate trace in function_sim, model name=None


 generate trace in function_sim, model name=None


 generate trace in function_sim, model name=None


 generate trace in function_sim, model name=None


 generate trace in function_sim, model name=None


 generate trace in function_sim, model name=None


 generate trace in function_sim, model name=None


 generate trace in function_sim, model name=None


 generate trace in function_sim, model name=None


 generate trace in function_sim, model name=None


 generate trace in function_sim, model name=None


 generate trace in function_sim, model name=None


 generate trace in function_sim, model name=None


 generate trace in function_sim, model name=None


 generate trace in function_sim, model name=None


 generate trace in function_sim, model name=None


 generate trace in function_sim, model name=None


 generate trace in function_sim, model name=None


 generate trace in function_sim, model name=None


 generate trace in function_sim, model name=None


 generate trace in function_sim, model name=None


 generate trace in function_sim, model name=None


 generate trace in function_sim, model name=None


 generate trace in function_sim, model name=None


 generate trace in function_sim, model name=None


 generate trace in function_sim, model name=None


 generate trace in function_sim, model name=None


 generate trace in function_sim, model name=None


 generate trace in function_sim, model name=None


 generate trace in function_sim, model name=None


 generate trace in function_sim, model name=None


 generate trace in function_sim, model name=None


 generate trace in function_sim, model name=None


 generate trace in function_sim, model name=None


 generate trace in function_sim, model name=None


 generate trace in function_sim, model name=None


 generate trace in function_sim, model name=None


 generate trace in function_sim, model name=None


 generate trace in function_sim, model name=None


 generate trace in function_sim, model name=None


 generate trace in function_sim, model name=None


 generate trace in function_sim, model name=None


 generate trace in function_sim, model name=None


 generate trace in function_sim, model name=None


 generate trace in function_sim, model name=None


 generate trace in function_sim, model name=None


 generate trace in function_sim, model name=None


 generate trace in function_sim, model name=None


 generate trace in function_sim, model name=None


 generate trace in function_sim, model name=None


 generate trace in function_sim, model name=None


 generate trace in function_sim, model name=None


 generate trace in function_sim, model name=None


 generate trace in function_sim, model name=None


 generate trace in function_sim, model name=None


 generate trace in function_sim, model name=None


 generate trace in function_sim, model name=None


 generate trace in function_sim, model name=None


 generate trace in function_sim, model name=None


 generate trace in function_sim, model name=None


 generate trace in function_sim, model name=None


 generate trace in function_sim, model name=None


 generate trace in function_sim, model name=None


 generate trace in function_sim, model name=None


 generate trace in function_sim, model name=None


 generate trace in function_sim, model name=None


 generate trace in function_sim, model name=None


 generate trace in function_sim, model name=None


 generate trace in function_sim, model name=None


 generate trace in function_sim, model name=None


 generate trace in function_sim, model name=None


 generate trace in function_sim, model name=None


 generate trace in function_sim, model name=None


 generate trace in function_sim, model name=None


 generate trace in function_sim, model name=None


 generate trace in function_sim, model name=None


 generate trace in function_sim, model name=None


 generate trace in function_sim, model name=None


 generate trace in function_sim, model name=None


 generate trace in function_sim, model name=None


 generate trace in function_sim, model name=None


 generate trace in function_sim, model name=None


 generate trace in function_sim, model name=None


 generate trace in function_sim, model name=None


 generate trace in function_sim, model name=None


 generate trace in function_sim, model name=None


 generate trace in function_sim, model name=None


 generate trace in function_sim, model name=None


 generate trace in function_sim, model name=None


 generate trace in function_sim, model name=None


 generate trace in function_sim, model name=None


 generate trace in function_sim, model name=None


 generate trace in function_sim, model name=None


 generate trace in function_sim, model name=None


 generate trace in function_sim, model name=None


 generate trace in function_sim, model name=None


 generate trace in function_sim, model name=None


 generate trace in function_sim, model name=None


 generate trace in function_sim, model name=None


 generate trace in function_sim, model name=None


 generate trace in function_sim, model name=None


 generate trace in function_sim, model name=None


 generate trace in function_sim, model name=None


 generate trace in function_sim, model name=None


 generate trace in function_sim, model name=None


 generate trace in function_sim, model name=None


 generate trace in function_sim, model name=None


 generate trace in function_sim, model name=None


 generate trace in function_sim, model name=None


 generate trace in function_sim, model name=None


 generate trace in function_sim, model name=None


 generate trace in function_sim, model name=None


 generate trace in function_sim, model name=None


 generate trace in function_sim, model name=None


 generate trace in function_sim, model name=None


 generate trace in function_sim, model name=None


 generate trace in function_sim, model name=None


 generate trace in function_sim, model name=None


 generate trace in function_sim, model name=None


 generate trace in function_sim, model name=None


 generate trace in function_sim, model name=None


 generate trace in function_sim, model name=None


 generate trace in function_sim, model name=None


 generate trace in function_sim, model name=None


 generate trace in function_sim, model name=None


 generate trace in function_sim, model name=None


 generate trace in function_sim, model name=None


 generate trace in function_sim, model name=None


 generate trace in function_sim, model name=None


 generate trace in function_sim, model name=None


 generate trace in function_sim, model name=None


 generate trace in function_sim, model name=None


 generate trace in function_sim, model name=None


 generate trace in function_sim, model name=None


 generate trace in function_sim, model name=None


 generate trace in function_sim, model name=None


 generate trace in function_sim, model name=None


 generate trace in function_sim, model name=None


 generate trace in function_sim, model name=None


 generate trace in function_sim, model name=None


 generate trace in function_sim, model name=None


 generate trace in function_sim, model name=None


 generate trace in function_sim, model name=None


 generate trace in function_sim, model name=None


 generate trace in function_sim, model name=None


 generate trace in function_sim, model name=None


 generate trace in function_sim, model name=None


 generate trace in function_sim, model name=None


 generate trace in function_sim, model name=None


 generate trace in function_sim, model name=None


 generate trace in function_sim, model name=None


 generate trace in function_sim, model name=None


 generate trace in function_sim, model name=None


 generate trace in function_sim, model name=None


 generate trace in function_sim, model name=None


 generate trace in function_sim, model name=None


 generate trace in function_sim, model name=None


 generate trace in function_sim, model name=None


 generate trace in function_sim, model name=None


 generate trace in function_sim, model name=None


 generate trace in function_sim, model name=None


 generate trace in function_sim, model name=None


 generate trace in function_sim, model name=None


 generate trace in function_sim, model name=None


 generate trace in function_sim, model name=None


 generate trace in function_sim, model name=None


 generate trace in function_sim, model name=None


 generate trace in function_sim, model name=None


 generate trace in function_sim, model name=None


 generate trace in function_sim, model name=None


 generate trace in function_sim, model name=None


 generate trace in function_sim, model name=None


 generate trace in function_sim, model name=None


 generate trace in function_sim, model name=None


 generate trace in function_sim, model name=None


 generate trace in function_sim, model name=None


 generate trace in function_sim, model name=None


 generate trace in function_sim, model name=None


 generate trace in function_sim, model name=None


 generate trace in function_sim, model name=None


 generate trace in function_sim, model name=None


 generate trace in function_sim, model name=None


 generate trace in function_sim, model name=None


 generate trace in function_sim, model name=None


 generate trace in function_sim, model name=None


 generate trace in function_sim, model name=None


 generate trace in function_sim, model name=None


 generate trace in function_sim, model name=None


 generate trace in function_sim, model name=None


 generate trace in function_sim, model name=None


 generate trace in function_sim, model name=None


 generate trace in function_sim, model name=None


 generate trace in function_sim, model name=None


 generate trace in function_sim, model name=None


 generate trace in function_sim, model name=None


 generate trace in function_sim, model name=None


 generate trace in function_sim, model name=None


 generate trace in function_sim, model name=None


 generate trace in function_sim, model name=None


 generate trace in function_sim, model name=None


 generate trace in function_sim, model name=None


 generate trace in function_sim, model name=None


 generate trace in function_sim, model name=None


 generate trace in function_sim, model name=None


 generate trace in function_sim, model name=None


 generate trace in function_sim, model name=None


 generate trace in function_sim, model name=None


 generate trace in function_sim, model name=None


 generate trace in function_sim, model name=None


 generate trace in function_sim, model name=None


 generate trace in function_sim, model name=None


 generate trace in function_sim, model name=None


 generate trace in function_sim, model name=None


 generate trace in function_sim, model name=None


 generate trace in function_sim, model name=None


 generate trace in function_sim, model name=None


 generate trace in function_sim, model name=None


 generate trace in function_sim, model name=None


 generate trace in function_sim, model name=None


 generate trace in function_sim, model name=None


 generate trace in function_sim, model name=None


 generate trace in function_sim, model name=None


 generate trace in function_sim, model name=None


 generate trace in function_sim, model name=None


 generate trace in function_sim, model name=None


 generate trace in function_sim, model name=None


 generate trace in function_sim, model name=None


 generate trace in function_sim, model name=None


 generate trace in function_sim, model name=None


 generate trace in function_sim, model name=None


 generate trace in function_sim, model name=None


 generate trace in function_sim, model name=None


 generate trace in function_sim, model name=None


 generate trace in function_sim, model name=None


 generate trace in function_sim, model name=None


 generate trace in function_sim, model name=None


 generate trace in function_sim, model name=None


 generate trace in function_sim, model name=None


 generate trace in function_sim, model name=None


 generate trace in function_sim, model name=None


 generate trace in function_sim, model name=None


 generate trace in function_sim, model name=None


 generate trace in function_sim, model name=None


 generate trace in function_sim, model name=None


 generate trace in function_sim, model name=None


 generate trace in function_sim, model name=None


 generate trace in function_sim, model name=None


 generate trace in function_sim, model name=None


 generate trace in function_sim, model name=None


 generate trace in function_sim, model name=None


 generate trace in function_sim, model name=None


 generate trace in function_sim, model name=None


 generate trace in function_sim, model name=None


 generate trace in function_sim, model name=None


 generate trace in function_sim, model name=None


 generate trace in function_sim, model name=None


 generate trace in function_sim, model name=None


 generate trace in function_sim, model name=None


 generate trace in function_sim, model name=None


 generate trace in function_sim, model name=None


 generate trace in function_sim, model name=None


 generate trace in function_sim, model name=None


 generate trace in function_sim, model name=None


 generate trace in function_sim, model name=None


 generate trace in function_sim, model name=None


 generate trace in function_sim, model name=None


 generate trace in function_sim, model name=None


 generate trace in function_sim, model name=None


 generate trace in function_sim, model name=None


 generate trace in function_sim, model name=None


 generate trace in function_sim, model name=None


 generate trace in function_sim, model name=None


 generate trace in function_sim, model name=None


 generate trace in function_sim, model name=None


 generate trace in function_sim, model name=None


 generate trace in function_sim, model name=None


 generate trace in function_sim, model name=None


 generate trace in function_sim, model name=None


 generate trace in function_sim, model name=None


 generate trace in function_sim, model name=None


 generate trace in function_sim, model name=None


 generate trace in function_sim, model name=None


 generate trace in function_sim, model name=None


 generate trace in function_sim, model name=None


 generate trace in function_sim, model name=None


 generate trace in function_sim, model name=None


 generate trace in function_sim, model name=None


 generate trace in function_sim, model name=None


 generate trace in function_sim, model name=None


 generate trace in function_sim, model name=None


 generate trace in function_sim, model name=None


 generate trace in function_sim, model name=None


 generate trace in function_sim, model name=None


 generate trace in function_sim, model name=None


 generate trace in function_sim, model name=None


 generate trace in function_sim, model name=None


 generate trace in function_sim, model name=None


 generate trace in function_sim, model name=None


 generate trace in function_sim, model name=None


 generate trace in function_sim, model name=None


 generate trace in function_sim, model name=None


 generate trace in function_sim, model name=None


 generate trace in function_sim, model name=None


 generate trace in function_sim, model name=None


 generate trace in function_sim, model name=None

{
    "model_name": "Llama2-13B",
    "n_heads": 40,
    "num_channels": 32,
    "channels_per_block": "N/A",
    "fc_devices": [],
    "reuse_size": 32,
    "embedding": false,
    "only-FC": true,
    "only-trace": true,
    "model_parallel": true,
    "pipeline_parallel": false,
    "multi_tb_per_device": false
}
====================================== END CONF ======================================
current run_sim.py directory files after trace generation:  /home/mainuddin/flyCENT/CENT/cent_simulation

=== NEW TRACES GENERATED 390 . COMBINED STATS SAVED TO: ../cent_simulation/logs/Llama2-13B_all_traces_burst_stats.json ===
=================================================================

../aim_simulator/build/ramulator2 -f ../aim_simulator/test/example.yaml -t ../trace/32_channels_per_device/model_parallel_embedding/Llama2-13B/trace_1_FC_devices_seqlen_4096.txt
../aim_simulator/build/ramulator2 -f ../aim_simulator/test/example.yaml -t ../trace/32_channels_per_device/model_parallel_embedding/Llama2-13B/trace_2_FC_devices_seqlen_4096.txt
../aim_simulator/build/ramulator2 -f ../aim_simulator/test/example.yaml -t ../trace/32_channels_per_device/model_parallel_embedding/Llama2-13B/trace_4_FC_devices_seqlen_4096.txt
../aim_simulator/build/ramulator2 -f ../aim_simulator/test/example.yaml -t ../trace/32_channels_per_device/model_parallel_embedding/Llama2-13B/trace_5_FC_devices_seqlen_4096.txt
../aim_simulator/build/ramulator2 -f ../aim_simulator/test/example.yaml -t ../trace/32_channels_per_device/model_parallel_embedding/Llama2-13B/trace_10_FC_devices_seqlen_4096.txt
../aim_simulator/build/ramulator2 -f ../aim_simulator/test/example.yaml -t ../trace/32_channels_per_device/model_parallel_embedding/Llama2-13B/trace_20_FC_devices_seqlen_4096.txt
../aim_simulator/build/ramulator2 -f ../aim_simulator/test/example.yaml -t ../trace/32_channels_per_device/model_parallel/Llama2-13B/trace_1_FC_devices_seqlen_128.txt
../aim_simulator/build/ramulator2 -f ../aim_simulator/test/example.yaml -t ../trace/32_channels_per_device/model_parallel_FC/Llama2-13B/trace_1_FC_devices_seqlen_128.txt
../aim_simulator/build/ramulator2 -f ../aim_simulator/test/example.yaml -t ../trace/32_channels_per_device/model_parallel/Llama2-13B/trace_2_FC_devices_seqlen_128.txt
../aim_simulator/build/ramulator2 -f ../aim_simulator/test/example.yaml -t ../trace/32_channels_per_device/model_parallel_FC/Llama2-13B/trace_2_FC_devices_seqlen_128.txt
../aim_simulator/build/ramulator2 -f ../aim_simulator/test/example.yaml -t ../trace/32_channels_per_device/model_parallel/Llama2-13B/trace_4_FC_devices_seqlen_128.txt
../aim_simulator/build/ramulator2 -f ../aim_simulator/test/example.yaml -t ../trace/32_channels_per_device/model_parallel_FC/Llama2-13B/trace_4_FC_devices_seqlen_128.txt
../aim_simulator/build/ramulator2 -f ../aim_simulator/test/example.yaml -t ../trace/32_channels_per_device/model_parallel/Llama2-13B/trace_5_FC_devices_seqlen_128.txt
../aim_simulator/build/ramulator2 -f ../aim_simulator/test/example.yaml -t ../trace/32_channels_per_device/model_parallel_FC/Llama2-13B/trace_5_FC_devices_seqlen_128.txt
../aim_simulator/build/ramulator2 -f ../aim_simulator/test/example.yaml -t ../trace/32_channels_per_device/model_parallel/Llama2-13B/trace_10_FC_devices_seqlen_128.txt
../aim_simulator/build/ramulator2 -f ../aim_simulator/test/example.yaml -t ../trace/32_channels_per_device/model_parallel_FC/Llama2-13B/trace_10_FC_devices_seqlen_128.txt
../aim_simulator/build/ramulator2 -f ../aim_simulator/test/example.yaml -t ../trace/32_channels_per_device/model_parallel/Llama2-13B/trace_20_FC_devices_seqlen_128.txt
../aim_simulator/build/ramulator2 -f ../aim_simulator/test/example.yaml -t ../trace/32_channels_per_device/model_parallel_FC/Llama2-13B/trace_20_FC_devices_seqlen_128.txt
../aim_simulator/build/ramulator2 -f ../aim_simulator/test/example.yaml -t ../trace/32_channels_per_device/model_parallel/Llama2-13B/trace_1_FC_devices_seqlen_256.txt
../aim_simulator/build/ramulator2 -f ../aim_simulator/test/example.yaml -t ../trace/32_channels_per_device/model_parallel_FC/Llama2-13B/trace_1_FC_devices_seqlen_256.txt
../aim_simulator/build/ramulator2 -f ../aim_simulator/test/example.yaml -t ../trace/32_channels_per_device/model_parallel/Llama2-13B/trace_2_FC_devices_seqlen_256.txt
../aim_simulator/build/ramulator2 -f ../aim_simulator/test/example.yaml -t ../trace/32_channels_per_device/model_parallel_FC/Llama2-13B/trace_2_FC_devices_seqlen_256.txt
../aim_simulator/build/ramulator2 -f ../aim_simulator/test/example.yaml -t ../trace/32_channels_per_device/model_parallel/Llama2-13B/trace_4_FC_devices_seqlen_256.txt
../aim_simulator/build/ramulator2 -f ../aim_simulator/test/example.yaml -t ../trace/32_channels_per_device/model_parallel_FC/Llama2-13B/trace_4_FC_devices_seqlen_256.txt
../aim_simulator/build/ramulator2 -f ../aim_simulator/test/example.yaml -t ../trace/32_channels_per_device/model_parallel/Llama2-13B/trace_5_FC_devices_seqlen_256.txt
../aim_simulator/build/ramulator2 -f ../aim_simulator/test/example.yaml -t ../trace/32_channels_per_device/model_parallel_FC/Llama2-13B/trace_5_FC_devices_seqlen_256.txt
../aim_simulator/build/ramulator2 -f ../aim_simulator/test/example.yaml -t ../trace/32_channels_per_device/model_parallel/Llama2-13B/trace_10_FC_devices_seqlen_256.txt
../aim_simulator/build/ramulator2 -f ../aim_simulator/test/example.yaml -t ../trace/32_channels_per_device/model_parallel_FC/Llama2-13B/trace_10_FC_devices_seqlen_256.txt
../aim_simulator/build/ramulator2 -f ../aim_simulator/test/example.yaml -t ../trace/32_channels_per_device/model_parallel/Llama2-13B/trace_20_FC_devices_seqlen_256.txt
../aim_simulator/build/ramulator2 -f ../aim_simulator/test/example.yaml -t ../trace/32_channels_per_device/model_parallel_FC/Llama2-13B/trace_20_FC_devices_seqlen_256.txt
../aim_simulator/build/ramulator2 -f ../aim_simulator/test/example.yaml -t ../trace/32_channels_per_device/model_parallel/Llama2-13B/trace_1_FC_devices_seqlen_384.txt
../aim_simulator/build/ramulator2 -f ../aim_simulator/test/example.yaml -t ../trace/32_channels_per_device/model_parallel_FC/Llama2-13B/trace_1_FC_devices_seqlen_384.txt
../aim_simulator/build/ramulator2 -f ../aim_simulator/test/example.yaml -t ../trace/32_channels_per_device/model_parallel/Llama2-13B/trace_2_FC_devices_seqlen_384.txt
../aim_simulator/build/ramulator2 -f ../aim_simulator/test/example.yaml -t ../trace/32_channels_per_device/model_parallel_FC/Llama2-13B/trace_2_FC_devices_seqlen_384.txt
../aim_simulator/build/ramulator2 -f ../aim_simulator/test/example.yaml -t ../trace/32_channels_per_device/model_parallel/Llama2-13B/trace_4_FC_devices_seqlen_384.txt
../aim_simulator/build/ramulator2 -f ../aim_simulator/test/example.yaml -t ../trace/32_channels_per_device/model_parallel_FC/Llama2-13B/trace_4_FC_devices_seqlen_384.txt
../aim_simulator/build/ramulator2 -f ../aim_simulator/test/example.yaml -t ../trace/32_channels_per_device/model_parallel/Llama2-13B/trace_5_FC_devices_seqlen_384.txt
../aim_simulator/build/ramulator2 -f ../aim_simulator/test/example.yaml -t ../trace/32_channels_per_device/model_parallel_FC/Llama2-13B/trace_5_FC_devices_seqlen_384.txt
../aim_simulator/build/ramulator2 -f ../aim_simulator/test/example.yaml -t ../trace/32_channels_per_device/model_parallel/Llama2-13B/trace_10_FC_devices_seqlen_384.txt
../aim_simulator/build/ramulator2 -f ../aim_simulator/test/example.yaml -t ../trace/32_channels_per_device/model_parallel_FC/Llama2-13B/trace_10_FC_devices_seqlen_384.txt
../aim_simulator/build/ramulator2 -f ../aim_simulator/test/example.yaml -t ../trace/32_channels_per_device/model_parallel/Llama2-13B/trace_20_FC_devices_seqlen_384.txt
../aim_simulator/build/ramulator2 -f ../aim_simulator/test/example.yaml -t ../trace/32_channels_per_device/model_parallel_FC/Llama2-13B/trace_20_FC_devices_seqlen_384.txt
../aim_simulator/build/ramulator2 -f ../aim_simulator/test/example.yaml -t ../trace/32_channels_per_device/model_parallel/Llama2-13B/trace_1_FC_devices_seqlen_512.txt
../aim_simulator/build/ramulator2 -f ../aim_simulator/test/example.yaml -t ../trace/32_channels_per_device/model_parallel_FC/Llama2-13B/trace_1_FC_devices_seqlen_512.txt
../aim_simulator/build/ramulator2 -f ../aim_simulator/test/example.yaml -t ../trace/32_channels_per_device/model_parallel/Llama2-13B/trace_2_FC_devices_seqlen_512.txt
../aim_simulator/build/ramulator2 -f ../aim_simulator/test/example.yaml -t ../trace/32_channels_per_device/model_parallel_FC/Llama2-13B/trace_2_FC_devices_seqlen_512.txt
../aim_simulator/build/ramulator2 -f ../aim_simulator/test/example.yaml -t ../trace/32_channels_per_device/model_parallel/Llama2-13B/trace_4_FC_devices_seqlen_512.txt
../aim_simulator/build/ramulator2 -f ../aim_simulator/test/example.yaml -t ../trace/32_channels_per_device/model_parallel_FC/Llama2-13B/trace_4_FC_devices_seqlen_512.txt
../aim_simulator/build/ramulator2 -f ../aim_simulator/test/example.yaml -t ../trace/32_channels_per_device/model_parallel/Llama2-13B/trace_5_FC_devices_seqlen_512.txt
../aim_simulator/build/ramulator2 -f ../aim_simulator/test/example.yaml -t ../trace/32_channels_per_device/model_parallel_FC/Llama2-13B/trace_5_FC_devices_seqlen_512.txt
../aim_simulator/build/ramulator2 -f ../aim_simulator/test/example.yaml -t ../trace/32_channels_per_device/model_parallel/Llama2-13B/trace_10_FC_devices_seqlen_512.txt
../aim_simulator/build/ramulator2 -f ../aim_simulator/test/example.yaml -t ../trace/32_channels_per_device/model_parallel_FC/Llama2-13B/trace_10_FC_devices_seqlen_512.txt
../aim_simulator/build/ramulator2 -f ../aim_simulator/test/example.yaml -t ../trace/32_channels_per_device/model_parallel/Llama2-13B/trace_20_FC_devices_seqlen_512.txt
../aim_simulator/build/ramulator2 -f ../aim_simulator/test/example.yaml -t ../trace/32_channels_per_device/model_parallel_FC/Llama2-13B/trace_20_FC_devices_seqlen_512.txt
../aim_simulator/build/ramulator2 -f ../aim_simulator/test/example.yaml -t ../trace/32_channels_per_device/model_parallel/Llama2-13B/trace_1_FC_devices_seqlen_640.txt
../aim_simulator/build/ramulator2 -f ../aim_simulator/test/example.yaml -t ../trace/32_channels_per_device/model_parallel_FC/Llama2-13B/trace_1_FC_devices_seqlen_640.txt
../aim_simulator/build/ramulator2 -f ../aim_simulator/test/example.yaml -t ../trace/32_channels_per_device/model_parallel/Llama2-13B/trace_2_FC_devices_seqlen_640.txt
../aim_simulator/build/ramulator2 -f ../aim_simulator/test/example.yaml -t ../trace/32_channels_per_device/model_parallel_FC/Llama2-13B/trace_2_FC_devices_seqlen_640.txt
../aim_simulator/build/ramulator2 -f ../aim_simulator/test/example.yaml -t ../trace/32_channels_per_device/model_parallel/Llama2-13B/trace_4_FC_devices_seqlen_640.txt
../aim_simulator/build/ramulator2 -f ../aim_simulator/test/example.yaml -t ../trace/32_channels_per_device/model_parallel_FC/Llama2-13B/trace_4_FC_devices_seqlen_640.txt
../aim_simulator/build/ramulator2 -f ../aim_simulator/test/example.yaml -t ../trace/32_channels_per_device/model_parallel/Llama2-13B/trace_5_FC_devices_seqlen_640.txt
../aim_simulator/build/ramulator2 -f ../aim_simulator/test/example.yaml -t ../trace/32_channels_per_device/model_parallel_FC/Llama2-13B/trace_5_FC_devices_seqlen_640.txt
../aim_simulator/build/ramulator2 -f ../aim_simulator/test/example.yaml -t ../trace/32_channels_per_device/model_parallel/Llama2-13B/trace_10_FC_devices_seqlen_640.txt
../aim_simulator/build/ramulator2 -f ../aim_simulator/test/example.yaml -t ../trace/32_channels_per_device/model_parallel_FC/Llama2-13B/trace_10_FC_devices_seqlen_640.txt
../aim_simulator/build/ramulator2 -f ../aim_simulator/test/example.yaml -t ../trace/32_channels_per_device/model_parallel/Llama2-13B/trace_20_FC_devices_seqlen_640.txt
../aim_simulator/build/ramulator2 -f ../aim_simulator/test/example.yaml -t ../trace/32_channels_per_device/model_parallel_FC/Llama2-13B/trace_20_FC_devices_seqlen_640.txt
../aim_simulator/build/ramulator2 -f ../aim_simulator/test/example.yaml -t ../trace/32_channels_per_device/model_parallel/Llama2-13B/trace_1_FC_devices_seqlen_768.txt
../aim_simulator/build/ramulator2 -f ../aim_simulator/test/example.yaml -t ../trace/32_channels_per_device/model_parallel_FC/Llama2-13B/trace_1_FC_devices_seqlen_768.txt
../aim_simulator/build/ramulator2 -f ../aim_simulator/test/example.yaml -t ../trace/32_channels_per_device/model_parallel/Llama2-13B/trace_2_FC_devices_seqlen_768.txt
../aim_simulator/build/ramulator2 -f ../aim_simulator/test/example.yaml -t ../trace/32_channels_per_device/model_parallel_FC/Llama2-13B/trace_2_FC_devices_seqlen_768.txt
../aim_simulator/build/ramulator2 -f ../aim_simulator/test/example.yaml -t ../trace/32_channels_per_device/model_parallel/Llama2-13B/trace_4_FC_devices_seqlen_768.txt
../aim_simulator/build/ramulator2 -f ../aim_simulator/test/example.yaml -t ../trace/32_channels_per_device/model_parallel_FC/Llama2-13B/trace_4_FC_devices_seqlen_768.txt
../aim_simulator/build/ramulator2 -f ../aim_simulator/test/example.yaml -t ../trace/32_channels_per_device/model_parallel/Llama2-13B/trace_5_FC_devices_seqlen_768.txt
../aim_simulator/build/ramulator2 -f ../aim_simulator/test/example.yaml -t ../trace/32_channels_per_device/model_parallel_FC/Llama2-13B/trace_5_FC_devices_seqlen_768.txt
../aim_simulator/build/ramulator2 -f ../aim_simulator/test/example.yaml -t ../trace/32_channels_per_device/model_parallel/Llama2-13B/trace_10_FC_devices_seqlen_768.txt
../aim_simulator/build/ramulator2 -f ../aim_simulator/test/example.yaml -t ../trace/32_channels_per_device/model_parallel_FC/Llama2-13B/trace_10_FC_devices_seqlen_768.txt
../aim_simulator/build/ramulator2 -f ../aim_simulator/test/example.yaml -t ../trace/32_channels_per_device/model_parallel/Llama2-13B/trace_20_FC_devices_seqlen_768.txt
../aim_simulator/build/ramulator2 -f ../aim_simulator/test/example.yaml -t ../trace/32_channels_per_device/model_parallel_FC/Llama2-13B/trace_20_FC_devices_seqlen_768.txt
../aim_simulator/build/ramulator2 -f ../aim_simulator/test/example.yaml -t ../trace/32_channels_per_device/model_parallel/Llama2-13B/trace_1_FC_devices_seqlen_896.txt
../aim_simulator/build/ramulator2 -f ../aim_simulator/test/example.yaml -t ../trace/32_channels_per_device/model_parallel_FC/Llama2-13B/trace_1_FC_devices_seqlen_896.txt
../aim_simulator/build/ramulator2 -f ../aim_simulator/test/example.yaml -t ../trace/32_channels_per_device/model_parallel/Llama2-13B/trace_2_FC_devices_seqlen_896.txt
../aim_simulator/build/ramulator2 -f ../aim_simulator/test/example.yaml -t ../trace/32_channels_per_device/model_parallel_FC/Llama2-13B/trace_2_FC_devices_seqlen_896.txt
../aim_simulator/build/ramulator2 -f ../aim_simulator/test/example.yaml -t ../trace/32_channels_per_device/model_parallel/Llama2-13B/trace_4_FC_devices_seqlen_896.txt
../aim_simulator/build/ramulator2 -f ../aim_simulator/test/example.yaml -t ../trace/32_channels_per_device/model_parallel_FC/Llama2-13B/trace_4_FC_devices_seqlen_896.txt
../aim_simulator/build/ramulator2 -f ../aim_simulator/test/example.yaml -t ../trace/32_channels_per_device/model_parallel/Llama2-13B/trace_5_FC_devices_seqlen_896.txt
../aim_simulator/build/ramulator2 -f ../aim_simulator/test/example.yaml -t ../trace/32_channels_per_device/model_parallel_FC/Llama2-13B/trace_5_FC_devices_seqlen_896.txt
../aim_simulator/build/ramulator2 -f ../aim_simulator/test/example.yaml -t ../trace/32_channels_per_device/model_parallel/Llama2-13B/trace_10_FC_devices_seqlen_896.txt
../aim_simulator/build/ramulator2 -f ../aim_simulator/test/example.yaml -t ../trace/32_channels_per_device/model_parallel_FC/Llama2-13B/trace_10_FC_devices_seqlen_896.txt
../aim_simulator/build/ramulator2 -f ../aim_simulator/test/example.yaml -t ../trace/32_channels_per_device/model_parallel/Llama2-13B/trace_20_FC_devices_seqlen_896.txt
../aim_simulator/build/ramulator2 -f ../aim_simulator/test/example.yaml -t ../trace/32_channels_per_device/model_parallel_FC/Llama2-13B/trace_20_FC_devices_seqlen_896.txt
../aim_simulator/build/ramulator2 -f ../aim_simulator/test/example.yaml -t ../trace/32_channels_per_device/model_parallel/Llama2-13B/trace_1_FC_devices_seqlen_1024.txt
../aim_simulator/build/ramulator2 -f ../aim_simulator/test/example.yaml -t ../trace/32_channels_per_device/model_parallel_FC/Llama2-13B/trace_1_FC_devices_seqlen_1024.txt
../aim_simulator/build/ramulator2 -f ../aim_simulator/test/example.yaml -t ../trace/32_channels_per_device/model_parallel/Llama2-13B/trace_2_FC_devices_seqlen_1024.txt
../aim_simulator/build/ramulator2 -f ../aim_simulator/test/example.yaml -t ../trace/32_channels_per_device/model_parallel_FC/Llama2-13B/trace_2_FC_devices_seqlen_1024.txt
../aim_simulator/build/ramulator2 -f ../aim_simulator/test/example.yaml -t ../trace/32_channels_per_device/model_parallel/Llama2-13B/trace_4_FC_devices_seqlen_1024.txt
../aim_simulator/build/ramulator2 -f ../aim_simulator/test/example.yaml -t ../trace/32_channels_per_device/model_parallel_FC/Llama2-13B/trace_4_FC_devices_seqlen_1024.txt
../aim_simulator/build/ramulator2 -f ../aim_simulator/test/example.yaml -t ../trace/32_channels_per_device/model_parallel/Llama2-13B/trace_5_FC_devices_seqlen_1024.txt
../aim_simulator/build/ramulator2 -f ../aim_simulator/test/example.yaml -t ../trace/32_channels_per_device/model_parallel_FC/Llama2-13B/trace_5_FC_devices_seqlen_1024.txt
../aim_simulator/build/ramulator2 -f ../aim_simulator/test/example.yaml -t ../trace/32_channels_per_device/model_parallel/Llama2-13B/trace_10_FC_devices_seqlen_1024.txt
../aim_simulator/build/ramulator2 -f ../aim_simulator/test/example.yaml -t ../trace/32_channels_per_device/model_parallel_FC/Llama2-13B/trace_10_FC_devices_seqlen_1024.txt
../aim_simulator/build/ramulator2 -f ../aim_simulator/test/example.yaml -t ../trace/32_channels_per_device/model_parallel/Llama2-13B/trace_20_FC_devices_seqlen_1024.txt
../aim_simulator/build/ramulator2 -f ../aim_simulator/test/example.yaml -t ../trace/32_channels_per_device/model_parallel_FC/Llama2-13B/trace_20_FC_devices_seqlen_1024.txt
../aim_simulator/build/ramulator2 -f ../aim_simulator/test/example.yaml -t ../trace/32_channels_per_device/model_parallel/Llama2-13B/trace_1_FC_devices_seqlen_1152.txt
../aim_simulator/build/ramulator2 -f ../aim_simulator/test/example.yaml -t ../trace/32_channels_per_device/model_parallel_FC/Llama2-13B/trace_1_FC_devices_seqlen_1152.txt
../aim_simulator/build/ramulator2 -f ../aim_simulator/test/example.yaml -t ../trace/32_channels_per_device/model_parallel/Llama2-13B/trace_2_FC_devices_seqlen_1152.txt
../aim_simulator/build/ramulator2 -f ../aim_simulator/test/example.yaml -t ../trace/32_channels_per_device/model_parallel_FC/Llama2-13B/trace_2_FC_devices_seqlen_1152.txt
../aim_simulator/build/ramulator2 -f ../aim_simulator/test/example.yaml -t ../trace/32_channels_per_device/model_parallel/Llama2-13B/trace_4_FC_devices_seqlen_1152.txt
../aim_simulator/build/ramulator2 -f ../aim_simulator/test/example.yaml -t ../trace/32_channels_per_device/model_parallel_FC/Llama2-13B/trace_4_FC_devices_seqlen_1152.txt
../aim_simulator/build/ramulator2 -f ../aim_simulator/test/example.yaml -t ../trace/32_channels_per_device/model_parallel/Llama2-13B/trace_5_FC_devices_seqlen_1152.txt
../aim_simulator/build/ramulator2 -f ../aim_simulator/test/example.yaml -t ../trace/32_channels_per_device/model_parallel_FC/Llama2-13B/trace_5_FC_devices_seqlen_1152.txt
../aim_simulator/build/ramulator2 -f ../aim_simulator/test/example.yaml -t ../trace/32_channels_per_device/model_parallel/Llama2-13B/trace_10_FC_devices_seqlen_1152.txt
../aim_simulator/build/ramulator2 -f ../aim_simulator/test/example.yaml -t ../trace/32_channels_per_device/model_parallel_FC/Llama2-13B/trace_10_FC_devices_seqlen_1152.txt
../aim_simulator/build/ramulator2 -f ../aim_simulator/test/example.yaml -t ../trace/32_channels_per_device/model_parallel/Llama2-13B/trace_20_FC_devices_seqlen_1152.txt
../aim_simulator/build/ramulator2 -f ../aim_simulator/test/example.yaml -t ../trace/32_channels_per_device/model_parallel_FC/Llama2-13B/trace_20_FC_devices_seqlen_1152.txt
../aim_simulator/build/ramulator2 -f ../aim_simulator/test/example.yaml -t ../trace/32_channels_per_device/model_parallel/Llama2-13B/trace_1_FC_devices_seqlen_1280.txt
../aim_simulator/build/ramulator2 -f ../aim_simulator/test/example.yaml -t ../trace/32_channels_per_device/model_parallel_FC/Llama2-13B/trace_1_FC_devices_seqlen_1280.txt
../aim_simulator/build/ramulator2 -f ../aim_simulator/test/example.yaml -t ../trace/32_channels_per_device/model_parallel/Llama2-13B/trace_2_FC_devices_seqlen_1280.txt
../aim_simulator/build/ramulator2 -f ../aim_simulator/test/example.yaml -t ../trace/32_channels_per_device/model_parallel_FC/Llama2-13B/trace_2_FC_devices_seqlen_1280.txt
../aim_simulator/build/ramulator2 -f ../aim_simulator/test/example.yaml -t ../trace/32_channels_per_device/model_parallel/Llama2-13B/trace_4_FC_devices_seqlen_1280.txt
../aim_simulator/build/ramulator2 -f ../aim_simulator/test/example.yaml -t ../trace/32_channels_per_device/model_parallel_FC/Llama2-13B/trace_4_FC_devices_seqlen_1280.txt
../aim_simulator/build/ramulator2 -f ../aim_simulator/test/example.yaml -t ../trace/32_channels_per_device/model_parallel/Llama2-13B/trace_5_FC_devices_seqlen_1280.txt
../aim_simulator/build/ramulator2 -f ../aim_simulator/test/example.yaml -t ../trace/32_channels_per_device/model_parallel_FC/Llama2-13B/trace_5_FC_devices_seqlen_1280.txt
../aim_simulator/build/ramulator2 -f ../aim_simulator/test/example.yaml -t ../trace/32_channels_per_device/model_parallel/Llama2-13B/trace_10_FC_devices_seqlen_1280.txt
../aim_simulator/build/ramulator2 -f ../aim_simulator/test/example.yaml -t ../trace/32_channels_per_device/model_parallel_FC/Llama2-13B/trace_10_FC_devices_seqlen_1280.txt
../aim_simulator/build/ramulator2 -f ../aim_simulator/test/example.yaml -t ../trace/32_channels_per_device/model_parallel/Llama2-13B/trace_20_FC_devices_seqlen_1280.txt
../aim_simulator/build/ramulator2 -f ../aim_simulator/test/example.yaml -t ../trace/32_channels_per_device/model_parallel_FC/Llama2-13B/trace_20_FC_devices_seqlen_1280.txt
../aim_simulator/build/ramulator2 -f ../aim_simulator/test/example.yaml -t ../trace/32_channels_per_device/model_parallel/Llama2-13B/trace_1_FC_devices_seqlen_1408.txt
../aim_simulator/build/ramulator2 -f ../aim_simulator/test/example.yaml -t ../trace/32_channels_per_device/model_parallel_FC/Llama2-13B/trace_1_FC_devices_seqlen_1408.txt
../aim_simulator/build/ramulator2 -f ../aim_simulator/test/example.yaml -t ../trace/32_channels_per_device/model_parallel/Llama2-13B/trace_2_FC_devices_seqlen_1408.txt
../aim_simulator/build/ramulator2 -f ../aim_simulator/test/example.yaml -t ../trace/32_channels_per_device/model_parallel_FC/Llama2-13B/trace_2_FC_devices_seqlen_1408.txt
../aim_simulator/build/ramulator2 -f ../aim_simulator/test/example.yaml -t ../trace/32_channels_per_device/model_parallel/Llama2-13B/trace_4_FC_devices_seqlen_1408.txt
../aim_simulator/build/ramulator2 -f ../aim_simulator/test/example.yaml -t ../trace/32_channels_per_device/model_parallel_FC/Llama2-13B/trace_4_FC_devices_seqlen_1408.txt
../aim_simulator/build/ramulator2 -f ../aim_simulator/test/example.yaml -t ../trace/32_channels_per_device/model_parallel/Llama2-13B/trace_5_FC_devices_seqlen_1408.txt
../aim_simulator/build/ramulator2 -f ../aim_simulator/test/example.yaml -t ../trace/32_channels_per_device/model_parallel_FC/Llama2-13B/trace_5_FC_devices_seqlen_1408.txt
../aim_simulator/build/ramulator2 -f ../aim_simulator/test/example.yaml -t ../trace/32_channels_per_device/model_parallel/Llama2-13B/trace_10_FC_devices_seqlen_1408.txt
../aim_simulator/build/ramulator2 -f ../aim_simulator/test/example.yaml -t ../trace/32_channels_per_device/model_parallel_FC/Llama2-13B/trace_10_FC_devices_seqlen_1408.txt
../aim_simulator/build/ramulator2 -f ../aim_simulator/test/example.yaml -t ../trace/32_channels_per_device/model_parallel/Llama2-13B/trace_20_FC_devices_seqlen_1408.txt
../aim_simulator/build/ramulator2 -f ../aim_simulator/test/example.yaml -t ../trace/32_channels_per_device/model_parallel_FC/Llama2-13B/trace_20_FC_devices_seqlen_1408.txt
../aim_simulator/build/ramulator2 -f ../aim_simulator/test/example.yaml -t ../trace/32_channels_per_device/model_parallel/Llama2-13B/trace_1_FC_devices_seqlen_1536.txt
../aim_simulator/build/ramulator2 -f ../aim_simulator/test/example.yaml -t ../trace/32_channels_per_device/model_parallel_FC/Llama2-13B/trace_1_FC_devices_seqlen_1536.txt
../aim_simulator/build/ramulator2 -f ../aim_simulator/test/example.yaml -t ../trace/32_channels_per_device/model_parallel/Llama2-13B/trace_2_FC_devices_seqlen_1536.txt
../aim_simulator/build/ramulator2 -f ../aim_simulator/test/example.yaml -t ../trace/32_channels_per_device/model_parallel_FC/Llama2-13B/trace_2_FC_devices_seqlen_1536.txt
../aim_simulator/build/ramulator2 -f ../aim_simulator/test/example.yaml -t ../trace/32_channels_per_device/model_parallel/Llama2-13B/trace_4_FC_devices_seqlen_1536.txt
../aim_simulator/build/ramulator2 -f ../aim_simulator/test/example.yaml -t ../trace/32_channels_per_device/model_parallel_FC/Llama2-13B/trace_4_FC_devices_seqlen_1536.txt
../aim_simulator/build/ramulator2 -f ../aim_simulator/test/example.yaml -t ../trace/32_channels_per_device/model_parallel/Llama2-13B/trace_5_FC_devices_seqlen_1536.txt
../aim_simulator/build/ramulator2 -f ../aim_simulator/test/example.yaml -t ../trace/32_channels_per_device/model_parallel_FC/Llama2-13B/trace_5_FC_devices_seqlen_1536.txt
../aim_simulator/build/ramulator2 -f ../aim_simulator/test/example.yaml -t ../trace/32_channels_per_device/model_parallel/Llama2-13B/trace_10_FC_devices_seqlen_1536.txt
../aim_simulator/build/ramulator2 -f ../aim_simulator/test/example.yaml -t ../trace/32_channels_per_device/model_parallel_FC/Llama2-13B/trace_10_FC_devices_seqlen_1536.txt
../aim_simulator/build/ramulator2 -f ../aim_simulator/test/example.yaml -t ../trace/32_channels_per_device/model_parallel/Llama2-13B/trace_20_FC_devices_seqlen_1536.txt
../aim_simulator/build/ramulator2 -f ../aim_simulator/test/example.yaml -t ../trace/32_channels_per_device/model_parallel_FC/Llama2-13B/trace_20_FC_devices_seqlen_1536.txt
../aim_simulator/build/ramulator2 -f ../aim_simulator/test/example.yaml -t ../trace/32_channels_per_device/model_parallel/Llama2-13B/trace_1_FC_devices_seqlen_1664.txt
../aim_simulator/build/ramulator2 -f ../aim_simulator/test/example.yaml -t ../trace/32_channels_per_device/model_parallel_FC/Llama2-13B/trace_1_FC_devices_seqlen_1664.txt
../aim_simulator/build/ramulator2 -f ../aim_simulator/test/example.yaml -t ../trace/32_channels_per_device/model_parallel/Llama2-13B/trace_2_FC_devices_seqlen_1664.txt
../aim_simulator/build/ramulator2 -f ../aim_simulator/test/example.yaml -t ../trace/32_channels_per_device/model_parallel_FC/Llama2-13B/trace_2_FC_devices_seqlen_1664.txt
../aim_simulator/build/ramulator2 -f ../aim_simulator/test/example.yaml -t ../trace/32_channels_per_device/model_parallel/Llama2-13B/trace_4_FC_devices_seqlen_1664.txt
../aim_simulator/build/ramulator2 -f ../aim_simulator/test/example.yaml -t ../trace/32_channels_per_device/model_parallel_FC/Llama2-13B/trace_4_FC_devices_seqlen_1664.txt
../aim_simulator/build/ramulator2 -f ../aim_simulator/test/example.yaml -t ../trace/32_channels_per_device/model_parallel/Llama2-13B/trace_5_FC_devices_seqlen_1664.txt
../aim_simulator/build/ramulator2 -f ../aim_simulator/test/example.yaml -t ../trace/32_channels_per_device/model_parallel_FC/Llama2-13B/trace_5_FC_devices_seqlen_1664.txt
../aim_simulator/build/ramulator2 -f ../aim_simulator/test/example.yaml -t ../trace/32_channels_per_device/model_parallel/Llama2-13B/trace_10_FC_devices_seqlen_1664.txt
../aim_simulator/build/ramulator2 -f ../aim_simulator/test/example.yaml -t ../trace/32_channels_per_device/model_parallel_FC/Llama2-13B/trace_10_FC_devices_seqlen_1664.txt
../aim_simulator/build/ramulator2 -f ../aim_simulator/test/example.yaml -t ../trace/32_channels_per_device/model_parallel/Llama2-13B/trace_20_FC_devices_seqlen_1664.txt
../aim_simulator/build/ramulator2 -f ../aim_simulator/test/example.yaml -t ../trace/32_channels_per_device/model_parallel_FC/Llama2-13B/trace_20_FC_devices_seqlen_1664.txt
../aim_simulator/build/ramulator2 -f ../aim_simulator/test/example.yaml -t ../trace/32_channels_per_device/model_parallel/Llama2-13B/trace_1_FC_devices_seqlen_1792.txt
../aim_simulator/build/ramulator2 -f ../aim_simulator/test/example.yaml -t ../trace/32_channels_per_device/model_parallel_FC/Llama2-13B/trace_1_FC_devices_seqlen_1792.txt
../aim_simulator/build/ramulator2 -f ../aim_simulator/test/example.yaml -t ../trace/32_channels_per_device/model_parallel/Llama2-13B/trace_2_FC_devices_seqlen_1792.txt
../aim_simulator/build/ramulator2 -f ../aim_simulator/test/example.yaml -t ../trace/32_channels_per_device/model_parallel_FC/Llama2-13B/trace_2_FC_devices_seqlen_1792.txt
../aim_simulator/build/ramulator2 -f ../aim_simulator/test/example.yaml -t ../trace/32_channels_per_device/model_parallel/Llama2-13B/trace_4_FC_devices_seqlen_1792.txt
../aim_simulator/build/ramulator2 -f ../aim_simulator/test/example.yaml -t ../trace/32_channels_per_device/model_parallel_FC/Llama2-13B/trace_4_FC_devices_seqlen_1792.txt
../aim_simulator/build/ramulator2 -f ../aim_simulator/test/example.yaml -t ../trace/32_channels_per_device/model_parallel/Llama2-13B/trace_5_FC_devices_seqlen_1792.txt
../aim_simulator/build/ramulator2 -f ../aim_simulator/test/example.yaml -t ../trace/32_channels_per_device/model_parallel_FC/Llama2-13B/trace_5_FC_devices_seqlen_1792.txt
../aim_simulator/build/ramulator2 -f ../aim_simulator/test/example.yaml -t ../trace/32_channels_per_device/model_parallel/Llama2-13B/trace_10_FC_devices_seqlen_1792.txt
../aim_simulator/build/ramulator2 -f ../aim_simulator/test/example.yaml -t ../trace/32_channels_per_device/model_parallel_FC/Llama2-13B/trace_10_FC_devices_seqlen_1792.txt
../aim_simulator/build/ramulator2 -f ../aim_simulator/test/example.yaml -t ../trace/32_channels_per_device/model_parallel/Llama2-13B/trace_20_FC_devices_seqlen_1792.txt
../aim_simulator/build/ramulator2 -f ../aim_simulator/test/example.yaml -t ../trace/32_channels_per_device/model_parallel_FC/Llama2-13B/trace_20_FC_devices_seqlen_1792.txt
../aim_simulator/build/ramulator2 -f ../aim_simulator/test/example.yaml -t ../trace/32_channels_per_device/model_parallel/Llama2-13B/trace_1_FC_devices_seqlen_1920.txt
../aim_simulator/build/ramulator2 -f ../aim_simulator/test/example.yaml -t ../trace/32_channels_per_device/model_parallel_FC/Llama2-13B/trace_1_FC_devices_seqlen_1920.txt
../aim_simulator/build/ramulator2 -f ../aim_simulator/test/example.yaml -t ../trace/32_channels_per_device/model_parallel/Llama2-13B/trace_2_FC_devices_seqlen_1920.txt
../aim_simulator/build/ramulator2 -f ../aim_simulator/test/example.yaml -t ../trace/32_channels_per_device/model_parallel_FC/Llama2-13B/trace_2_FC_devices_seqlen_1920.txt
../aim_simulator/build/ramulator2 -f ../aim_simulator/test/example.yaml -t ../trace/32_channels_per_device/model_parallel/Llama2-13B/trace_4_FC_devices_seqlen_1920.txt
../aim_simulator/build/ramulator2 -f ../aim_simulator/test/example.yaml -t ../trace/32_channels_per_device/model_parallel_FC/Llama2-13B/trace_4_FC_devices_seqlen_1920.txt
../aim_simulator/build/ramulator2 -f ../aim_simulator/test/example.yaml -t ../trace/32_channels_per_device/model_parallel/Llama2-13B/trace_5_FC_devices_seqlen_1920.txt
../aim_simulator/build/ramulator2 -f ../aim_simulator/test/example.yaml -t ../trace/32_channels_per_device/model_parallel_FC/Llama2-13B/trace_5_FC_devices_seqlen_1920.txt
../aim_simulator/build/ramulator2 -f ../aim_simulator/test/example.yaml -t ../trace/32_channels_per_device/model_parallel/Llama2-13B/trace_10_FC_devices_seqlen_1920.txt
../aim_simulator/build/ramulator2 -f ../aim_simulator/test/example.yaml -t ../trace/32_channels_per_device/model_parallel_FC/Llama2-13B/trace_10_FC_devices_seqlen_1920.txt
../aim_simulator/build/ramulator2 -f ../aim_simulator/test/example.yaml -t ../trace/32_channels_per_device/model_parallel/Llama2-13B/trace_20_FC_devices_seqlen_1920.txt
../aim_simulator/build/ramulator2 -f ../aim_simulator/test/example.yaml -t ../trace/32_channels_per_device/model_parallel_FC/Llama2-13B/trace_20_FC_devices_seqlen_1920.txt
../aim_simulator/build/ramulator2 -f ../aim_simulator/test/example.yaml -t ../trace/32_channels_per_device/model_parallel/Llama2-13B/trace_1_FC_devices_seqlen_2048.txt
../aim_simulator/build/ramulator2 -f ../aim_simulator/test/example.yaml -t ../trace/32_channels_per_device/model_parallel_FC/Llama2-13B/trace_1_FC_devices_seqlen_2048.txt
../aim_simulator/build/ramulator2 -f ../aim_simulator/test/example.yaml -t ../trace/32_channels_per_device/model_parallel/Llama2-13B/trace_2_FC_devices_seqlen_2048.txt
../aim_simulator/build/ramulator2 -f ../aim_simulator/test/example.yaml -t ../trace/32_channels_per_device/model_parallel_FC/Llama2-13B/trace_2_FC_devices_seqlen_2048.txt
../aim_simulator/build/ramulator2 -f ../aim_simulator/test/example.yaml -t ../trace/32_channels_per_device/model_parallel/Llama2-13B/trace_4_FC_devices_seqlen_2048.txt
../aim_simulator/build/ramulator2 -f ../aim_simulator/test/example.yaml -t ../trace/32_channels_per_device/model_parallel_FC/Llama2-13B/trace_4_FC_devices_seqlen_2048.txt
../aim_simulator/build/ramulator2 -f ../aim_simulator/test/example.yaml -t ../trace/32_channels_per_device/model_parallel/Llama2-13B/trace_5_FC_devices_seqlen_2048.txt
../aim_simulator/build/ramulator2 -f ../aim_simulator/test/example.yaml -t ../trace/32_channels_per_device/model_parallel_FC/Llama2-13B/trace_5_FC_devices_seqlen_2048.txt
../aim_simulator/build/ramulator2 -f ../aim_simulator/test/example.yaml -t ../trace/32_channels_per_device/model_parallel/Llama2-13B/trace_10_FC_devices_seqlen_2048.txt
../aim_simulator/build/ramulator2 -f ../aim_simulator/test/example.yaml -t ../trace/32_channels_per_device/model_parallel_FC/Llama2-13B/trace_10_FC_devices_seqlen_2048.txt
../aim_simulator/build/ramulator2 -f ../aim_simulator/test/example.yaml -t ../trace/32_channels_per_device/model_parallel/Llama2-13B/trace_20_FC_devices_seqlen_2048.txt
../aim_simulator/build/ramulator2 -f ../aim_simulator/test/example.yaml -t ../trace/32_channels_per_device/model_parallel_FC/Llama2-13B/trace_20_FC_devices_seqlen_2048.txt
../aim_simulator/build/ramulator2 -f ../aim_simulator/test/example.yaml -t ../trace/32_channels_per_device/model_parallel/Llama2-13B/trace_1_FC_devices_seqlen_2176.txt
../aim_simulator/build/ramulator2 -f ../aim_simulator/test/example.yaml -t ../trace/32_channels_per_device/model_parallel_FC/Llama2-13B/trace_1_FC_devices_seqlen_2176.txt
../aim_simulator/build/ramulator2 -f ../aim_simulator/test/example.yaml -t ../trace/32_channels_per_device/model_parallel/Llama2-13B/trace_2_FC_devices_seqlen_2176.txt
../aim_simulator/build/ramulator2 -f ../aim_simulator/test/example.yaml -t ../trace/32_channels_per_device/model_parallel_FC/Llama2-13B/trace_2_FC_devices_seqlen_2176.txt
../aim_simulator/build/ramulator2 -f ../aim_simulator/test/example.yaml -t ../trace/32_channels_per_device/model_parallel/Llama2-13B/trace_4_FC_devices_seqlen_2176.txt
../aim_simulator/build/ramulator2 -f ../aim_simulator/test/example.yaml -t ../trace/32_channels_per_device/model_parallel_FC/Llama2-13B/trace_4_FC_devices_seqlen_2176.txt
../aim_simulator/build/ramulator2 -f ../aim_simulator/test/example.yaml -t ../trace/32_channels_per_device/model_parallel/Llama2-13B/trace_5_FC_devices_seqlen_2176.txt
../aim_simulator/build/ramulator2 -f ../aim_simulator/test/example.yaml -t ../trace/32_channels_per_device/model_parallel_FC/Llama2-13B/trace_5_FC_devices_seqlen_2176.txt
../aim_simulator/build/ramulator2 -f ../aim_simulator/test/example.yaml -t ../trace/32_channels_per_device/model_parallel/Llama2-13B/trace_10_FC_devices_seqlen_2176.txt
../aim_simulator/build/ramulator2 -f ../aim_simulator/test/example.yaml -t ../trace/32_channels_per_device/model_parallel_FC/Llama2-13B/trace_10_FC_devices_seqlen_2176.txt
../aim_simulator/build/ramulator2 -f ../aim_simulator/test/example.yaml -t ../trace/32_channels_per_device/model_parallel/Llama2-13B/trace_20_FC_devices_seqlen_2176.txt
../aim_simulator/build/ramulator2 -f ../aim_simulator/test/example.yaml -t ../trace/32_channels_per_device/model_parallel_FC/Llama2-13B/trace_20_FC_devices_seqlen_2176.txt
../aim_simulator/build/ramulator2 -f ../aim_simulator/test/example.yaml -t ../trace/32_channels_per_device/model_parallel/Llama2-13B/trace_1_FC_devices_seqlen_2304.txt
../aim_simulator/build/ramulator2 -f ../aim_simulator/test/example.yaml -t ../trace/32_channels_per_device/model_parallel_FC/Llama2-13B/trace_1_FC_devices_seqlen_2304.txt
../aim_simulator/build/ramulator2 -f ../aim_simulator/test/example.yaml -t ../trace/32_channels_per_device/model_parallel/Llama2-13B/trace_2_FC_devices_seqlen_2304.txt
../aim_simulator/build/ramulator2 -f ../aim_simulator/test/example.yaml -t ../trace/32_channels_per_device/model_parallel_FC/Llama2-13B/trace_2_FC_devices_seqlen_2304.txt
../aim_simulator/build/ramulator2 -f ../aim_simulator/test/example.yaml -t ../trace/32_channels_per_device/model_parallel/Llama2-13B/trace_4_FC_devices_seqlen_2304.txt
../aim_simulator/build/ramulator2 -f ../aim_simulator/test/example.yaml -t ../trace/32_channels_per_device/model_parallel_FC/Llama2-13B/trace_4_FC_devices_seqlen_2304.txt
../aim_simulator/build/ramulator2 -f ../aim_simulator/test/example.yaml -t ../trace/32_channels_per_device/model_parallel/Llama2-13B/trace_5_FC_devices_seqlen_2304.txt
../aim_simulator/build/ramulator2 -f ../aim_simulator/test/example.yaml -t ../trace/32_channels_per_device/model_parallel_FC/Llama2-13B/trace_5_FC_devices_seqlen_2304.txt
../aim_simulator/build/ramulator2 -f ../aim_simulator/test/example.yaml -t ../trace/32_channels_per_device/model_parallel/Llama2-13B/trace_10_FC_devices_seqlen_2304.txt
../aim_simulator/build/ramulator2 -f ../aim_simulator/test/example.yaml -t ../trace/32_channels_per_device/model_parallel_FC/Llama2-13B/trace_10_FC_devices_seqlen_2304.txt
../aim_simulator/build/ramulator2 -f ../aim_simulator/test/example.yaml -t ../trace/32_channels_per_device/model_parallel/Llama2-13B/trace_20_FC_devices_seqlen_2304.txt
../aim_simulator/build/ramulator2 -f ../aim_simulator/test/example.yaml -t ../trace/32_channels_per_device/model_parallel_FC/Llama2-13B/trace_20_FC_devices_seqlen_2304.txt
../aim_simulator/build/ramulator2 -f ../aim_simulator/test/example.yaml -t ../trace/32_channels_per_device/model_parallel/Llama2-13B/trace_1_FC_devices_seqlen_2432.txt
../aim_simulator/build/ramulator2 -f ../aim_simulator/test/example.yaml -t ../trace/32_channels_per_device/model_parallel_FC/Llama2-13B/trace_1_FC_devices_seqlen_2432.txt
../aim_simulator/build/ramulator2 -f ../aim_simulator/test/example.yaml -t ../trace/32_channels_per_device/model_parallel/Llama2-13B/trace_2_FC_devices_seqlen_2432.txt
../aim_simulator/build/ramulator2 -f ../aim_simulator/test/example.yaml -t ../trace/32_channels_per_device/model_parallel_FC/Llama2-13B/trace_2_FC_devices_seqlen_2432.txt
../aim_simulator/build/ramulator2 -f ../aim_simulator/test/example.yaml -t ../trace/32_channels_per_device/model_parallel/Llama2-13B/trace_4_FC_devices_seqlen_2432.txt
../aim_simulator/build/ramulator2 -f ../aim_simulator/test/example.yaml -t ../trace/32_channels_per_device/model_parallel_FC/Llama2-13B/trace_4_FC_devices_seqlen_2432.txt
../aim_simulator/build/ramulator2 -f ../aim_simulator/test/example.yaml -t ../trace/32_channels_per_device/model_parallel/Llama2-13B/trace_5_FC_devices_seqlen_2432.txt
../aim_simulator/build/ramulator2 -f ../aim_simulator/test/example.yaml -t ../trace/32_channels_per_device/model_parallel_FC/Llama2-13B/trace_5_FC_devices_seqlen_2432.txt
../aim_simulator/build/ramulator2 -f ../aim_simulator/test/example.yaml -t ../trace/32_channels_per_device/model_parallel/Llama2-13B/trace_10_FC_devices_seqlen_2432.txt
../aim_simulator/build/ramulator2 -f ../aim_simulator/test/example.yaml -t ../trace/32_channels_per_device/model_parallel_FC/Llama2-13B/trace_10_FC_devices_seqlen_2432.txt
../aim_simulator/build/ramulator2 -f ../aim_simulator/test/example.yaml -t ../trace/32_channels_per_device/model_parallel/Llama2-13B/trace_20_FC_devices_seqlen_2432.txt
../aim_simulator/build/ramulator2 -f ../aim_simulator/test/example.yaml -t ../trace/32_channels_per_device/model_parallel_FC/Llama2-13B/trace_20_FC_devices_seqlen_2432.txt
../aim_simulator/build/ramulator2 -f ../aim_simulator/test/example.yaml -t ../trace/32_channels_per_device/model_parallel/Llama2-13B/trace_1_FC_devices_seqlen_2560.txt
../aim_simulator/build/ramulator2 -f ../aim_simulator/test/example.yaml -t ../trace/32_channels_per_device/model_parallel_FC/Llama2-13B/trace_1_FC_devices_seqlen_2560.txt
../aim_simulator/build/ramulator2 -f ../aim_simulator/test/example.yaml -t ../trace/32_channels_per_device/model_parallel/Llama2-13B/trace_2_FC_devices_seqlen_2560.txt
../aim_simulator/build/ramulator2 -f ../aim_simulator/test/example.yaml -t ../trace/32_channels_per_device/model_parallel_FC/Llama2-13B/trace_2_FC_devices_seqlen_2560.txt
../aim_simulator/build/ramulator2 -f ../aim_simulator/test/example.yaml -t ../trace/32_channels_per_device/model_parallel/Llama2-13B/trace_4_FC_devices_seqlen_2560.txt
../aim_simulator/build/ramulator2 -f ../aim_simulator/test/example.yaml -t ../trace/32_channels_per_device/model_parallel_FC/Llama2-13B/trace_4_FC_devices_seqlen_2560.txt
../aim_simulator/build/ramulator2 -f ../aim_simulator/test/example.yaml -t ../trace/32_channels_per_device/model_parallel/Llama2-13B/trace_5_FC_devices_seqlen_2560.txt
../aim_simulator/build/ramulator2 -f ../aim_simulator/test/example.yaml -t ../trace/32_channels_per_device/model_parallel_FC/Llama2-13B/trace_5_FC_devices_seqlen_2560.txt
../aim_simulator/build/ramulator2 -f ../aim_simulator/test/example.yaml -t ../trace/32_channels_per_device/model_parallel/Llama2-13B/trace_10_FC_devices_seqlen_2560.txt
../aim_simulator/build/ramulator2 -f ../aim_simulator/test/example.yaml -t ../trace/32_channels_per_device/model_parallel_FC/Llama2-13B/trace_10_FC_devices_seqlen_2560.txt
../aim_simulator/build/ramulator2 -f ../aim_simulator/test/example.yaml -t ../trace/32_channels_per_device/model_parallel/Llama2-13B/trace_20_FC_devices_seqlen_2560.txt
../aim_simulator/build/ramulator2 -f ../aim_simulator/test/example.yaml -t ../trace/32_channels_per_device/model_parallel_FC/Llama2-13B/trace_20_FC_devices_seqlen_2560.txt
../aim_simulator/build/ramulator2 -f ../aim_simulator/test/example.yaml -t ../trace/32_channels_per_device/model_parallel/Llama2-13B/trace_1_FC_devices_seqlen_2688.txt
../aim_simulator/build/ramulator2 -f ../aim_simulator/test/example.yaml -t ../trace/32_channels_per_device/model_parallel_FC/Llama2-13B/trace_1_FC_devices_seqlen_2688.txt
../aim_simulator/build/ramulator2 -f ../aim_simulator/test/example.yaml -t ../trace/32_channels_per_device/model_parallel/Llama2-13B/trace_2_FC_devices_seqlen_2688.txt
../aim_simulator/build/ramulator2 -f ../aim_simulator/test/example.yaml -t ../trace/32_channels_per_device/model_parallel_FC/Llama2-13B/trace_2_FC_devices_seqlen_2688.txt
../aim_simulator/build/ramulator2 -f ../aim_simulator/test/example.yaml -t ../trace/32_channels_per_device/model_parallel/Llama2-13B/trace_4_FC_devices_seqlen_2688.txt
../aim_simulator/build/ramulator2 -f ../aim_simulator/test/example.yaml -t ../trace/32_channels_per_device/model_parallel_FC/Llama2-13B/trace_4_FC_devices_seqlen_2688.txt
../aim_simulator/build/ramulator2 -f ../aim_simulator/test/example.yaml -t ../trace/32_channels_per_device/model_parallel/Llama2-13B/trace_5_FC_devices_seqlen_2688.txt
../aim_simulator/build/ramulator2 -f ../aim_simulator/test/example.yaml -t ../trace/32_channels_per_device/model_parallel_FC/Llama2-13B/trace_5_FC_devices_seqlen_2688.txt
../aim_simulator/build/ramulator2 -f ../aim_simulator/test/example.yaml -t ../trace/32_channels_per_device/model_parallel/Llama2-13B/trace_10_FC_devices_seqlen_2688.txt
../aim_simulator/build/ramulator2 -f ../aim_simulator/test/example.yaml -t ../trace/32_channels_per_device/model_parallel_FC/Llama2-13B/trace_10_FC_devices_seqlen_2688.txt
../aim_simulator/build/ramulator2 -f ../aim_simulator/test/example.yaml -t ../trace/32_channels_per_device/model_parallel/Llama2-13B/trace_20_FC_devices_seqlen_2688.txt
../aim_simulator/build/ramulator2 -f ../aim_simulator/test/example.yaml -t ../trace/32_channels_per_device/model_parallel_FC/Llama2-13B/trace_20_FC_devices_seqlen_2688.txt
../aim_simulator/build/ramulator2 -f ../aim_simulator/test/example.yaml -t ../trace/32_channels_per_device/model_parallel/Llama2-13B/trace_1_FC_devices_seqlen_2816.txt
../aim_simulator/build/ramulator2 -f ../aim_simulator/test/example.yaml -t ../trace/32_channels_per_device/model_parallel_FC/Llama2-13B/trace_1_FC_devices_seqlen_2816.txt
../aim_simulator/build/ramulator2 -f ../aim_simulator/test/example.yaml -t ../trace/32_channels_per_device/model_parallel/Llama2-13B/trace_2_FC_devices_seqlen_2816.txt
../aim_simulator/build/ramulator2 -f ../aim_simulator/test/example.yaml -t ../trace/32_channels_per_device/model_parallel_FC/Llama2-13B/trace_2_FC_devices_seqlen_2816.txt
../aim_simulator/build/ramulator2 -f ../aim_simulator/test/example.yaml -t ../trace/32_channels_per_device/model_parallel/Llama2-13B/trace_4_FC_devices_seqlen_2816.txt
../aim_simulator/build/ramulator2 -f ../aim_simulator/test/example.yaml -t ../trace/32_channels_per_device/model_parallel_FC/Llama2-13B/trace_4_FC_devices_seqlen_2816.txt
../aim_simulator/build/ramulator2 -f ../aim_simulator/test/example.yaml -t ../trace/32_channels_per_device/model_parallel/Llama2-13B/trace_5_FC_devices_seqlen_2816.txt
../aim_simulator/build/ramulator2 -f ../aim_simulator/test/example.yaml -t ../trace/32_channels_per_device/model_parallel_FC/Llama2-13B/trace_5_FC_devices_seqlen_2816.txt
../aim_simulator/build/ramulator2 -f ../aim_simulator/test/example.yaml -t ../trace/32_channels_per_device/model_parallel/Llama2-13B/trace_10_FC_devices_seqlen_2816.txt
../aim_simulator/build/ramulator2 -f ../aim_simulator/test/example.yaml -t ../trace/32_channels_per_device/model_parallel_FC/Llama2-13B/trace_10_FC_devices_seqlen_2816.txt
../aim_simulator/build/ramulator2 -f ../aim_simulator/test/example.yaml -t ../trace/32_channels_per_device/model_parallel/Llama2-13B/trace_20_FC_devices_seqlen_2816.txt
../aim_simulator/build/ramulator2 -f ../aim_simulator/test/example.yaml -t ../trace/32_channels_per_device/model_parallel_FC/Llama2-13B/trace_20_FC_devices_seqlen_2816.txt
../aim_simulator/build/ramulator2 -f ../aim_simulator/test/example.yaml -t ../trace/32_channels_per_device/model_parallel/Llama2-13B/trace_1_FC_devices_seqlen_2944.txt
../aim_simulator/build/ramulator2 -f ../aim_simulator/test/example.yaml -t ../trace/32_channels_per_device/model_parallel_FC/Llama2-13B/trace_1_FC_devices_seqlen_2944.txt
../aim_simulator/build/ramulator2 -f ../aim_simulator/test/example.yaml -t ../trace/32_channels_per_device/model_parallel/Llama2-13B/trace_2_FC_devices_seqlen_2944.txt
../aim_simulator/build/ramulator2 -f ../aim_simulator/test/example.yaml -t ../trace/32_channels_per_device/model_parallel_FC/Llama2-13B/trace_2_FC_devices_seqlen_2944.txt
../aim_simulator/build/ramulator2 -f ../aim_simulator/test/example.yaml -t ../trace/32_channels_per_device/model_parallel/Llama2-13B/trace_4_FC_devices_seqlen_2944.txt
../aim_simulator/build/ramulator2 -f ../aim_simulator/test/example.yaml -t ../trace/32_channels_per_device/model_parallel_FC/Llama2-13B/trace_4_FC_devices_seqlen_2944.txt
../aim_simulator/build/ramulator2 -f ../aim_simulator/test/example.yaml -t ../trace/32_channels_per_device/model_parallel/Llama2-13B/trace_5_FC_devices_seqlen_2944.txt
../aim_simulator/build/ramulator2 -f ../aim_simulator/test/example.yaml -t ../trace/32_channels_per_device/model_parallel_FC/Llama2-13B/trace_5_FC_devices_seqlen_2944.txt
../aim_simulator/build/ramulator2 -f ../aim_simulator/test/example.yaml -t ../trace/32_channels_per_device/model_parallel/Llama2-13B/trace_10_FC_devices_seqlen_2944.txt
../aim_simulator/build/ramulator2 -f ../aim_simulator/test/example.yaml -t ../trace/32_channels_per_device/model_parallel_FC/Llama2-13B/trace_10_FC_devices_seqlen_2944.txt
../aim_simulator/build/ramulator2 -f ../aim_simulator/test/example.yaml -t ../trace/32_channels_per_device/model_parallel/Llama2-13B/trace_20_FC_devices_seqlen_2944.txt
../aim_simulator/build/ramulator2 -f ../aim_simulator/test/example.yaml -t ../trace/32_channels_per_device/model_parallel_FC/Llama2-13B/trace_20_FC_devices_seqlen_2944.txt
../aim_simulator/build/ramulator2 -f ../aim_simulator/test/example.yaml -t ../trace/32_channels_per_device/model_parallel/Llama2-13B/trace_1_FC_devices_seqlen_3072.txt
../aim_simulator/build/ramulator2 -f ../aim_simulator/test/example.yaml -t ../trace/32_channels_per_device/model_parallel_FC/Llama2-13B/trace_1_FC_devices_seqlen_3072.txt
../aim_simulator/build/ramulator2 -f ../aim_simulator/test/example.yaml -t ../trace/32_channels_per_device/model_parallel/Llama2-13B/trace_2_FC_devices_seqlen_3072.txt
../aim_simulator/build/ramulator2 -f ../aim_simulator/test/example.yaml -t ../trace/32_channels_per_device/model_parallel_FC/Llama2-13B/trace_2_FC_devices_seqlen_3072.txt
../aim_simulator/build/ramulator2 -f ../aim_simulator/test/example.yaml -t ../trace/32_channels_per_device/model_parallel/Llama2-13B/trace_4_FC_devices_seqlen_3072.txt
../aim_simulator/build/ramulator2 -f ../aim_simulator/test/example.yaml -t ../trace/32_channels_per_device/model_parallel_FC/Llama2-13B/trace_4_FC_devices_seqlen_3072.txt
../aim_simulator/build/ramulator2 -f ../aim_simulator/test/example.yaml -t ../trace/32_channels_per_device/model_parallel/Llama2-13B/trace_5_FC_devices_seqlen_3072.txt
../aim_simulator/build/ramulator2 -f ../aim_simulator/test/example.yaml -t ../trace/32_channels_per_device/model_parallel_FC/Llama2-13B/trace_5_FC_devices_seqlen_3072.txt
../aim_simulator/build/ramulator2 -f ../aim_simulator/test/example.yaml -t ../trace/32_channels_per_device/model_parallel/Llama2-13B/trace_10_FC_devices_seqlen_3072.txt
../aim_simulator/build/ramulator2 -f ../aim_simulator/test/example.yaml -t ../trace/32_channels_per_device/model_parallel_FC/Llama2-13B/trace_10_FC_devices_seqlen_3072.txt
../aim_simulator/build/ramulator2 -f ../aim_simulator/test/example.yaml -t ../trace/32_channels_per_device/model_parallel/Llama2-13B/trace_20_FC_devices_seqlen_3072.txt
../aim_simulator/build/ramulator2 -f ../aim_simulator/test/example.yaml -t ../trace/32_channels_per_device/model_parallel_FC/Llama2-13B/trace_20_FC_devices_seqlen_3072.txt
../aim_simulator/build/ramulator2 -f ../aim_simulator/test/example.yaml -t ../trace/32_channels_per_device/model_parallel/Llama2-13B/trace_1_FC_devices_seqlen_3200.txt
../aim_simulator/build/ramulator2 -f ../aim_simulator/test/example.yaml -t ../trace/32_channels_per_device/model_parallel_FC/Llama2-13B/trace_1_FC_devices_seqlen_3200.txt
../aim_simulator/build/ramulator2 -f ../aim_simulator/test/example.yaml -t ../trace/32_channels_per_device/model_parallel/Llama2-13B/trace_2_FC_devices_seqlen_3200.txt
../aim_simulator/build/ramulator2 -f ../aim_simulator/test/example.yaml -t ../trace/32_channels_per_device/model_parallel_FC/Llama2-13B/trace_2_FC_devices_seqlen_3200.txt
../aim_simulator/build/ramulator2 -f ../aim_simulator/test/example.yaml -t ../trace/32_channels_per_device/model_parallel/Llama2-13B/trace_4_FC_devices_seqlen_3200.txt
../aim_simulator/build/ramulator2 -f ../aim_simulator/test/example.yaml -t ../trace/32_channels_per_device/model_parallel_FC/Llama2-13B/trace_4_FC_devices_seqlen_3200.txt
../aim_simulator/build/ramulator2 -f ../aim_simulator/test/example.yaml -t ../trace/32_channels_per_device/model_parallel/Llama2-13B/trace_5_FC_devices_seqlen_3200.txt
../aim_simulator/build/ramulator2 -f ../aim_simulator/test/example.yaml -t ../trace/32_channels_per_device/model_parallel_FC/Llama2-13B/trace_5_FC_devices_seqlen_3200.txt
../aim_simulator/build/ramulator2 -f ../aim_simulator/test/example.yaml -t ../trace/32_channels_per_device/model_parallel/Llama2-13B/trace_10_FC_devices_seqlen_3200.txt
../aim_simulator/build/ramulator2 -f ../aim_simulator/test/example.yaml -t ../trace/32_channels_per_device/model_parallel_FC/Llama2-13B/trace_10_FC_devices_seqlen_3200.txt
../aim_simulator/build/ramulator2 -f ../aim_simulator/test/example.yaml -t ../trace/32_channels_per_device/model_parallel/Llama2-13B/trace_20_FC_devices_seqlen_3200.txt
../aim_simulator/build/ramulator2 -f ../aim_simulator/test/example.yaml -t ../trace/32_channels_per_device/model_parallel_FC/Llama2-13B/trace_20_FC_devices_seqlen_3200.txt
../aim_simulator/build/ramulator2 -f ../aim_simulator/test/example.yaml -t ../trace/32_channels_per_device/model_parallel/Llama2-13B/trace_1_FC_devices_seqlen_3328.txt
../aim_simulator/build/ramulator2 -f ../aim_simulator/test/example.yaml -t ../trace/32_channels_per_device/model_parallel_FC/Llama2-13B/trace_1_FC_devices_seqlen_3328.txt
../aim_simulator/build/ramulator2 -f ../aim_simulator/test/example.yaml -t ../trace/32_channels_per_device/model_parallel/Llama2-13B/trace_2_FC_devices_seqlen_3328.txt
../aim_simulator/build/ramulator2 -f ../aim_simulator/test/example.yaml -t ../trace/32_channels_per_device/model_parallel_FC/Llama2-13B/trace_2_FC_devices_seqlen_3328.txt
../aim_simulator/build/ramulator2 -f ../aim_simulator/test/example.yaml -t ../trace/32_channels_per_device/model_parallel/Llama2-13B/trace_4_FC_devices_seqlen_3328.txt
../aim_simulator/build/ramulator2 -f ../aim_simulator/test/example.yaml -t ../trace/32_channels_per_device/model_parallel_FC/Llama2-13B/trace_4_FC_devices_seqlen_3328.txt
../aim_simulator/build/ramulator2 -f ../aim_simulator/test/example.yaml -t ../trace/32_channels_per_device/model_parallel/Llama2-13B/trace_5_FC_devices_seqlen_3328.txt
../aim_simulator/build/ramulator2 -f ../aim_simulator/test/example.yaml -t ../trace/32_channels_per_device/model_parallel_FC/Llama2-13B/trace_5_FC_devices_seqlen_3328.txt
../aim_simulator/build/ramulator2 -f ../aim_simulator/test/example.yaml -t ../trace/32_channels_per_device/model_parallel/Llama2-13B/trace_10_FC_devices_seqlen_3328.txt
../aim_simulator/build/ramulator2 -f ../aim_simulator/test/example.yaml -t ../trace/32_channels_per_device/model_parallel_FC/Llama2-13B/trace_10_FC_devices_seqlen_3328.txt
../aim_simulator/build/ramulator2 -f ../aim_simulator/test/example.yaml -t ../trace/32_channels_per_device/model_parallel/Llama2-13B/trace_20_FC_devices_seqlen_3328.txt
../aim_simulator/build/ramulator2 -f ../aim_simulator/test/example.yaml -t ../trace/32_channels_per_device/model_parallel_FC/Llama2-13B/trace_20_FC_devices_seqlen_3328.txt
../aim_simulator/build/ramulator2 -f ../aim_simulator/test/example.yaml -t ../trace/32_channels_per_device/model_parallel/Llama2-13B/trace_1_FC_devices_seqlen_3456.txt
../aim_simulator/build/ramulator2 -f ../aim_simulator/test/example.yaml -t ../trace/32_channels_per_device/model_parallel_FC/Llama2-13B/trace_1_FC_devices_seqlen_3456.txt
../aim_simulator/build/ramulator2 -f ../aim_simulator/test/example.yaml -t ../trace/32_channels_per_device/model_parallel/Llama2-13B/trace_2_FC_devices_seqlen_3456.txt
../aim_simulator/build/ramulator2 -f ../aim_simulator/test/example.yaml -t ../trace/32_channels_per_device/model_parallel_FC/Llama2-13B/trace_2_FC_devices_seqlen_3456.txt
../aim_simulator/build/ramulator2 -f ../aim_simulator/test/example.yaml -t ../trace/32_channels_per_device/model_parallel/Llama2-13B/trace_4_FC_devices_seqlen_3456.txt
../aim_simulator/build/ramulator2 -f ../aim_simulator/test/example.yaml -t ../trace/32_channels_per_device/model_parallel_FC/Llama2-13B/trace_4_FC_devices_seqlen_3456.txt
../aim_simulator/build/ramulator2 -f ../aim_simulator/test/example.yaml -t ../trace/32_channels_per_device/model_parallel/Llama2-13B/trace_5_FC_devices_seqlen_3456.txt
../aim_simulator/build/ramulator2 -f ../aim_simulator/test/example.yaml -t ../trace/32_channels_per_device/model_parallel_FC/Llama2-13B/trace_5_FC_devices_seqlen_3456.txt
../aim_simulator/build/ramulator2 -f ../aim_simulator/test/example.yaml -t ../trace/32_channels_per_device/model_parallel/Llama2-13B/trace_10_FC_devices_seqlen_3456.txt
../aim_simulator/build/ramulator2 -f ../aim_simulator/test/example.yaml -t ../trace/32_channels_per_device/model_parallel_FC/Llama2-13B/trace_10_FC_devices_seqlen_3456.txt
../aim_simulator/build/ramulator2 -f ../aim_simulator/test/example.yaml -t ../trace/32_channels_per_device/model_parallel/Llama2-13B/trace_20_FC_devices_seqlen_3456.txt
../aim_simulator/build/ramulator2 -f ../aim_simulator/test/example.yaml -t ../trace/32_channels_per_device/model_parallel_FC/Llama2-13B/trace_20_FC_devices_seqlen_3456.txt
../aim_simulator/build/ramulator2 -f ../aim_simulator/test/example.yaml -t ../trace/32_channels_per_device/model_parallel/Llama2-13B/trace_1_FC_devices_seqlen_3584.txt
../aim_simulator/build/ramulator2 -f ../aim_simulator/test/example.yaml -t ../trace/32_channels_per_device/model_parallel_FC/Llama2-13B/trace_1_FC_devices_seqlen_3584.txt
../aim_simulator/build/ramulator2 -f ../aim_simulator/test/example.yaml -t ../trace/32_channels_per_device/model_parallel/Llama2-13B/trace_2_FC_devices_seqlen_3584.txt
../aim_simulator/build/ramulator2 -f ../aim_simulator/test/example.yaml -t ../trace/32_channels_per_device/model_parallel_FC/Llama2-13B/trace_2_FC_devices_seqlen_3584.txt
../aim_simulator/build/ramulator2 -f ../aim_simulator/test/example.yaml -t ../trace/32_channels_per_device/model_parallel/Llama2-13B/trace_4_FC_devices_seqlen_3584.txt
../aim_simulator/build/ramulator2 -f ../aim_simulator/test/example.yaml -t ../trace/32_channels_per_device/model_parallel_FC/Llama2-13B/trace_4_FC_devices_seqlen_3584.txt
../aim_simulator/build/ramulator2 -f ../aim_simulator/test/example.yaml -t ../trace/32_channels_per_device/model_parallel/Llama2-13B/trace_5_FC_devices_seqlen_3584.txt
../aim_simulator/build/ramulator2 -f ../aim_simulator/test/example.yaml -t ../trace/32_channels_per_device/model_parallel_FC/Llama2-13B/trace_5_FC_devices_seqlen_3584.txt
../aim_simulator/build/ramulator2 -f ../aim_simulator/test/example.yaml -t ../trace/32_channels_per_device/model_parallel/Llama2-13B/trace_10_FC_devices_seqlen_3584.txt
../aim_simulator/build/ramulator2 -f ../aim_simulator/test/example.yaml -t ../trace/32_channels_per_device/model_parallel_FC/Llama2-13B/trace_10_FC_devices_seqlen_3584.txt
../aim_simulator/build/ramulator2 -f ../aim_simulator/test/example.yaml -t ../trace/32_channels_per_device/model_parallel/Llama2-13B/trace_20_FC_devices_seqlen_3584.txt
../aim_simulator/build/ramulator2 -f ../aim_simulator/test/example.yaml -t ../trace/32_channels_per_device/model_parallel_FC/Llama2-13B/trace_20_FC_devices_seqlen_3584.txt
../aim_simulator/build/ramulator2 -f ../aim_simulator/test/example.yaml -t ../trace/32_channels_per_device/model_parallel/Llama2-13B/trace_1_FC_devices_seqlen_3712.txt
../aim_simulator/build/ramulator2 -f ../aim_simulator/test/example.yaml -t ../trace/32_channels_per_device/model_parallel_FC/Llama2-13B/trace_1_FC_devices_seqlen_3712.txt
../aim_simulator/build/ramulator2 -f ../aim_simulator/test/example.yaml -t ../trace/32_channels_per_device/model_parallel/Llama2-13B/trace_2_FC_devices_seqlen_3712.txt
../aim_simulator/build/ramulator2 -f ../aim_simulator/test/example.yaml -t ../trace/32_channels_per_device/model_parallel_FC/Llama2-13B/trace_2_FC_devices_seqlen_3712.txt
../aim_simulator/build/ramulator2 -f ../aim_simulator/test/example.yaml -t ../trace/32_channels_per_device/model_parallel/Llama2-13B/trace_4_FC_devices_seqlen_3712.txt
../aim_simulator/build/ramulator2 -f ../aim_simulator/test/example.yaml -t ../trace/32_channels_per_device/model_parallel_FC/Llama2-13B/trace_4_FC_devices_seqlen_3712.txt
../aim_simulator/build/ramulator2 -f ../aim_simulator/test/example.yaml -t ../trace/32_channels_per_device/model_parallel/Llama2-13B/trace_5_FC_devices_seqlen_3712.txt
../aim_simulator/build/ramulator2 -f ../aim_simulator/test/example.yaml -t ../trace/32_channels_per_device/model_parallel_FC/Llama2-13B/trace_5_FC_devices_seqlen_3712.txt
../aim_simulator/build/ramulator2 -f ../aim_simulator/test/example.yaml -t ../trace/32_channels_per_device/model_parallel/Llama2-13B/trace_10_FC_devices_seqlen_3712.txt
../aim_simulator/build/ramulator2 -f ../aim_simulator/test/example.yaml -t ../trace/32_channels_per_device/model_parallel_FC/Llama2-13B/trace_10_FC_devices_seqlen_3712.txt
../aim_simulator/build/ramulator2 -f ../aim_simulator/test/example.yaml -t ../trace/32_channels_per_device/model_parallel/Llama2-13B/trace_20_FC_devices_seqlen_3712.txt
../aim_simulator/build/ramulator2 -f ../aim_simulator/test/example.yaml -t ../trace/32_channels_per_device/model_parallel_FC/Llama2-13B/trace_20_FC_devices_seqlen_3712.txt
../aim_simulator/build/ramulator2 -f ../aim_simulator/test/example.yaml -t ../trace/32_channels_per_device/model_parallel/Llama2-13B/trace_1_FC_devices_seqlen_3840.txt
../aim_simulator/build/ramulator2 -f ../aim_simulator/test/example.yaml -t ../trace/32_channels_per_device/model_parallel_FC/Llama2-13B/trace_1_FC_devices_seqlen_3840.txt
../aim_simulator/build/ramulator2 -f ../aim_simulator/test/example.yaml -t ../trace/32_channels_per_device/model_parallel/Llama2-13B/trace_2_FC_devices_seqlen_3840.txt
../aim_simulator/build/ramulator2 -f ../aim_simulator/test/example.yaml -t ../trace/32_channels_per_device/model_parallel_FC/Llama2-13B/trace_2_FC_devices_seqlen_3840.txt
../aim_simulator/build/ramulator2 -f ../aim_simulator/test/example.yaml -t ../trace/32_channels_per_device/model_parallel/Llama2-13B/trace_4_FC_devices_seqlen_3840.txt
../aim_simulator/build/ramulator2 -f ../aim_simulator/test/example.yaml -t ../trace/32_channels_per_device/model_parallel_FC/Llama2-13B/trace_4_FC_devices_seqlen_3840.txt
../aim_simulator/build/ramulator2 -f ../aim_simulator/test/example.yaml -t ../trace/32_channels_per_device/model_parallel/Llama2-13B/trace_5_FC_devices_seqlen_3840.txt
../aim_simulator/build/ramulator2 -f ../aim_simulator/test/example.yaml -t ../trace/32_channels_per_device/model_parallel_FC/Llama2-13B/trace_5_FC_devices_seqlen_3840.txt
../aim_simulator/build/ramulator2 -f ../aim_simulator/test/example.yaml -t ../trace/32_channels_per_device/model_parallel/Llama2-13B/trace_10_FC_devices_seqlen_3840.txt
../aim_simulator/build/ramulator2 -f ../aim_simulator/test/example.yaml -t ../trace/32_channels_per_device/model_parallel_FC/Llama2-13B/trace_10_FC_devices_seqlen_3840.txt
../aim_simulator/build/ramulator2 -f ../aim_simulator/test/example.yaml -t ../trace/32_channels_per_device/model_parallel/Llama2-13B/trace_20_FC_devices_seqlen_3840.txt
../aim_simulator/build/ramulator2 -f ../aim_simulator/test/example.yaml -t ../trace/32_channels_per_device/model_parallel_FC/Llama2-13B/trace_20_FC_devices_seqlen_3840.txt
../aim_simulator/build/ramulator2 -f ../aim_simulator/test/example.yaml -t ../trace/32_channels_per_device/model_parallel/Llama2-13B/trace_1_FC_devices_seqlen_3968.txt
../aim_simulator/build/ramulator2 -f ../aim_simulator/test/example.yaml -t ../trace/32_channels_per_device/model_parallel_FC/Llama2-13B/trace_1_FC_devices_seqlen_3968.txt
../aim_simulator/build/ramulator2 -f ../aim_simulator/test/example.yaml -t ../trace/32_channels_per_device/model_parallel/Llama2-13B/trace_2_FC_devices_seqlen_3968.txt
../aim_simulator/build/ramulator2 -f ../aim_simulator/test/example.yaml -t ../trace/32_channels_per_device/model_parallel_FC/Llama2-13B/trace_2_FC_devices_seqlen_3968.txt
../aim_simulator/build/ramulator2 -f ../aim_simulator/test/example.yaml -t ../trace/32_channels_per_device/model_parallel/Llama2-13B/trace_4_FC_devices_seqlen_3968.txt
../aim_simulator/build/ramulator2 -f ../aim_simulator/test/example.yaml -t ../trace/32_channels_per_device/model_parallel_FC/Llama2-13B/trace_4_FC_devices_seqlen_3968.txt
../aim_simulator/build/ramulator2 -f ../aim_simulator/test/example.yaml -t ../trace/32_channels_per_device/model_parallel/Llama2-13B/trace_5_FC_devices_seqlen_3968.txt
../aim_simulator/build/ramulator2 -f ../aim_simulator/test/example.yaml -t ../trace/32_channels_per_device/model_parallel_FC/Llama2-13B/trace_5_FC_devices_seqlen_3968.txt
../aim_simulator/build/ramulator2 -f ../aim_simulator/test/example.yaml -t ../trace/32_channels_per_device/model_parallel/Llama2-13B/trace_10_FC_devices_seqlen_3968.txt
../aim_simulator/build/ramulator2 -f ../aim_simulator/test/example.yaml -t ../trace/32_channels_per_device/model_parallel_FC/Llama2-13B/trace_10_FC_devices_seqlen_3968.txt
../aim_simulator/build/ramulator2 -f ../aim_simulator/test/example.yaml -t ../trace/32_channels_per_device/model_parallel/Llama2-13B/trace_20_FC_devices_seqlen_3968.txt
../aim_simulator/build/ramulator2 -f ../aim_simulator/test/example.yaml -t ../trace/32_channels_per_device/model_parallel_FC/Llama2-13B/trace_20_FC_devices_seqlen_3968.txt
../aim_simulator/build/ramulator2 -f ../aim_simulator/test/example.yaml -t ../trace/32_channels_per_device/model_parallel/Llama2-13B/trace_1_FC_devices_seqlen_4096.txt
../aim_simulator/build/ramulator2 -f ../aim_simulator/test/example.yaml -t ../trace/32_channels_per_device/model_parallel_FC/Llama2-13B/trace_1_FC_devices_seqlen_4096.txt
../aim_simulator/build/ramulator2 -f ../aim_simulator/test/example.yaml -t ../trace/32_channels_per_device/model_parallel/Llama2-13B/trace_2_FC_devices_seqlen_4096.txt
../aim_simulator/build/ramulator2 -f ../aim_simulator/test/example.yaml -t ../trace/32_channels_per_device/model_parallel_FC/Llama2-13B/trace_2_FC_devices_seqlen_4096.txt
../aim_simulator/build/ramulator2 -f ../aim_simulator/test/example.yaml -t ../trace/32_channels_per_device/model_parallel/Llama2-13B/trace_4_FC_devices_seqlen_4096.txt
../aim_simulator/build/ramulator2 -f ../aim_simulator/test/example.yaml -t ../trace/32_channels_per_device/model_parallel_FC/Llama2-13B/trace_4_FC_devices_seqlen_4096.txt
../aim_simulator/build/ramulator2 -f ../aim_simulator/test/example.yaml -t ../trace/32_channels_per_device/model_parallel/Llama2-13B/trace_5_FC_devices_seqlen_4096.txt
../aim_simulator/build/ramulator2 -f ../aim_simulator/test/example.yaml -t ../trace/32_channels_per_device/model_parallel_FC/Llama2-13B/trace_5_FC_devices_seqlen_4096.txt
../aim_simulator/build/ramulator2 -f ../aim_simulator/test/example.yaml -t ../trace/32_channels_per_device/model_parallel/Llama2-13B/trace_10_FC_devices_seqlen_4096.txt
../aim_simulator/build/ramulator2 -f ../aim_simulator/test/example.yaml -t ../trace/32_channels_per_device/model_parallel_FC/Llama2-13B/trace_10_FC_devices_seqlen_4096.txt
../aim_simulator/build/ramulator2 -f ../aim_simulator/test/example.yaml -t ../trace/32_channels_per_device/model_parallel/Llama2-13B/trace_20_FC_devices_seqlen_4096.txt
../aim_simulator/build/ramulator2 -f ../aim_simulator/test/example.yaml -t ../trace/32_channels_per_device/model_parallel_FC/Llama2-13B/trace_20_FC_devices_seqlen_4096.txt
Processing results...
Updating simulation results to CSV file...
Generating traces for Llama2-70B with 2 threads...

Generate trace in run_sim, model name=Llama2-70B sending as model --Llama-GQA

====================================== MODEL CONF ======================================
{
    "model_name": "Llama2-70B",
    "n_heads": 64,
    "num_channels": 32,
    "channels_per_block": "N/A",
    "fc_devices": [
        1,
        2,
        4,
        8,
        16,
        32
    ],
    "reuse_size": 32,
    "embedding": true,
    "only-FC": false,
    "only-trace": true,
    "model_parallel": true,
    "pipeline_parallel": false,
    "multi_tb_per_device": false
}
====================================== END CONF ======================================
====================================== MODEL CONF ======================================
{
    "model_name": "Llama2-70B",
    "n_heads": 64,
    "num_channels": 32,
    "channels_per_block": "N/A",
    "fc_devices": [
        1,
        2,
        4,
        8,
        16,
        32
    ],
    "reuse_size": 32,
    "embedding": true,
    "only-FC": false,
    "only-trace": true,
    "model_parallel": true,
    "pipeline_parallel": false,
    "multi_tb_per_device": false
}
====================================== END CONF ======================================
====================================== MODEL CONF ======================================
{
    "model_name": "Llama2-70B",
    "n_heads": 64,
    "num_channels": 32,
    "channels_per_block": "N/A",
    "fc_devices": [
        1,
        2,
        4,
        8,
        16,
        32
    ],
    "reuse_size": 32,
    "embedding": true,
    "only-FC": false,
    "only-trace": true,
    "model_parallel": true,
    "pipeline_parallel": false,
    "multi_tb_per_device": false
}
====================================== END CONF ======================================
====================================== MODEL CONF ======================================
{
    "model_name": "Llama2-70B",
    "n_heads": 64,
    "num_channels": 32,
    "channels_per_block": "N/A",
    "fc_devices": [
        1,
        2,
        4,
        8,
        16,
        32
    ],
    "reuse_size": 32,
    "embedding": true,
    "only-FC": false,
    "only-trace": true,
    "model_parallel": true,
    "pipeline_parallel": false,
    "multi_tb_per_device": false
}
====================================== END CONF ======================================
====================================== MODEL CONF ======================================
{
    "model_name": "Llama2-70B",
    "n_heads": 64,
    "num_channels": 32,
    "channels_per_block": "N/A",
    "fc_devices": [
        1,
        2,
        4,
        8,
        16,
        32
    ],
    "reuse_size": 32,
    "embedding": true,
    "only-FC": false,
    "only-trace": true,
    "model_parallel": true,
    "pipeline_parallel": false,
    "multi_tb_per_device": false
}
====================================== END CONF ======================================
====================================== MODEL CONF ======================================
{
    "model_name": "Llama2-70B",
    "n_heads": 64,
    "num_channels": 32,
    "channels_per_block": "N/A",
    "fc_devices": [
        1,
        2,
        4,
        8,
        16,
        32
    ],
    "reuse_size": 32,
    "embedding": true,
    "only-FC": false,
    "only-trace": true,
    "model_parallel": true,
    "pipeline_parallel": false,
    "multi_tb_per_device": false
}
====================================== END CONF ======================================
====================================== MODEL CONF ======================================
{
    "model_name": "Llama2-70B",
    "n_heads": 64,
    "num_channels": 32,
    "channels_per_block": "N/A",
    "fc_devices": [
        1,
        2,
        4,
        8,
        16,
        32
    ],
    "reuse_size": 32,
    "embedding": false,
    "only-FC": false,
    "only-trace": true,
    "model_parallel": true,
    "pipeline_parallel": false,
    "multi_tb_per_device": false
}
====================================== END CONF ======================================
====================================== MODEL CONF ======================================
{
    "model_name": "Llama2-70B",
    "n_heads": 64,
    "num_channels": 32,
    "channels_per_block": "N/A",
    "fc_devices": [],
    "reuse_size": 32,
    "embedding": false,
    "only-FC": true,
    "only-trace": true,
    "model_parallel": true,
    "pipeline_parallel": false,
    "multi_tb_per_device": false
}
====================================== END CONF ======================================
====================================== MODEL CONF ======================================
{
    "model_name": "Llama2-70B",
    "n_heads": 64,
    "num_channels": 32,
    "channels_per_block": "N/A",
    "fc_devices": [
        1,
        2,
        4,
        8,
        16,
        32
    ],
    "reuse_size": 32,
    "embedding": false,
    "only-FC": false,
    "only-trace": true,
    "model_parallel": true,
    "pipeline_parallel": false,
    "multi_tb_per_device": false
}
====================================== END CONF ======================================
====================================== MODEL CONF ======================================
{
    "model_name": "Llama2-70B",
    "n_heads": 64,
    "num_channels": 32,
    "channels_per_block": "N/A",
    "fc_devices": [],
    "reuse_size": 32,
    "embedding": false,
    "only-FC": true,
    "only-trace": true,
    "model_parallel": true,
    "pipeline_parallel": false,
    "multi_tb_per_device": false
}
====================================== END CONF ======================================
====================================== MODEL CONF ======================================
{
    "model_name": "Llama2-70B",
    "n_heads": 64,
    "num_channels": 32,
    "channels_per_block": "N/A",
    "fc_devices": [
        1,
        2,
        4,
        8,
        16,
        32
    ],
    "reuse_size": 32,
    "embedding": false,
    "only-FC": false,
    "only-trace": true,
    "model_parallel": true,
    "pipeline_parallel": false,
    "multi_tb_per_device": false
}
====================================== END CONF ======================================
====================================== MODEL CONF ======================================
{
    "model_name": "Llama2-70B",
    "n_heads": 64,
    "num_channels": 32,
    "channels_per_block": "N/A",
    "fc_devices": [],
    "reuse_size": 32,
    "embedding": false,
    "only-FC": true,
    "only-trace": true,
    "model_parallel": true,
    "pipeline_parallel": false,
    "multi_tb_per_device": false
}
====================================== END CONF ======================================
====================================== MODEL CONF ======================================
{
    "model_name": "Llama2-70B",
    "n_heads": 64,
    "num_channels": 32,
    "channels_per_block": "N/A",
    "fc_devices": [
        1,
        2,
        4,
        8,
        16,
        32
    ],
    "reuse_size": 32,
    "embedding": false,
    "only-FC": false,
    "only-trace": true,
    "model_parallel": true,
    "pipeline_parallel": false,
    "multi_tb_per_device": false
}
====================================== END CONF ======================================
====================================== MODEL CONF ======================================
{
    "model_name": "Llama2-70B",
    "n_heads": 64,
    "num_channels": 32,
    "channels_per_block": "N/A",
    "fc_devices": [],
    "reuse_size": 32,
    "embedding": false,
    "only-FC": true,
    "only-trace": true,
    "model_parallel": true,
    "pipeline_parallel": false,
    "multi_tb_per_device": false
}
====================================== END CONF ======================================
====================================== MODEL CONF ======================================
{
    "model_name": "Llama2-70B",
    "n_heads": 64,
    "num_channels": 32,
    "channels_per_block": "N/A",
    "fc_devices": [
        1,
        2,
        4,
        8,
        16,
        32
    ],
    "reuse_size": 32,
    "embedding": false,
    "only-FC": false,
    "only-trace": true,
    "model_parallel": true,
    "pipeline_parallel": false,
    "multi_tb_per_device": false
}
====================================== END CONF ======================================
====================================== MODEL CONF ======================================
{
    "model_name": "Llama2-70B",
    "n_heads": 64,
    "num_channels": 32,
    "channels_per_block": "N/A",
    "fc_devices": [],
    "reuse_size": 32,
    "embedding": false,
    "only-FC": true,
    "only-trace": true,
    "model_parallel": true,
    "pipeline_parallel": false,
    "multi_tb_per_device": false
}
====================================== END CONF ======================================
====================================== MODEL CONF ======================================
{
    "model_name": "Llama2-70B",
    "n_heads": 64,
    "num_channels": 32,
    "channels_per_block": "N/A",
    "fc_devices": [
        1,
        2,
        4,
        8,
        16,
        32
    ],
    "reuse_size": 32,
    "embedding": false,
    "only-FC": false,
    "only-trace": true,
    "model_parallel": true,
    "pipeline_parallel": false,
    "multi_tb_per_device": false
}
====================================== END CONF ======================================
====================================== MODEL CONF ======================================
{
    "model_name": "Llama2-70B",
    "n_heads": 64,
    "num_channels": 32,
    "channels_per_block": "N/A",
    "fc_devices": [],
    "reuse_size": 32,
    "embedding": false,
    "only-FC": true,
    "only-trace": true,
    "model_parallel": true,
    "pipeline_parallel": false,
    "multi_tb_per_device": false
}
====================================== END CONF ======================================
====================================== MODEL CONF ======================================
{
    "model_name": "Llama2-70B",
    "n_heads": 64,
    "num_channels": 32,
    "channels_per_block": "N/A",
    "fc_devices": [
        1,
        2,
        4,
        8,
        16,
        32
    ],
    "reuse_size": 32,
    "embedding": false,
    "only-FC": false,
    "only-trace": true,
    "model_parallel": true,
    "pipeline_parallel": false,
    "multi_tb_per_device": false
}
====================================== END CONF ======================================
====================================== MODEL CONF ======================================
{
    "model_name": "Llama2-70B",
    "n_heads": 64,
    "num_channels": 32,
    "channels_per_block": "N/A",
    "fc_devices": [],
    "reuse_size": 32,
    "embedding": false,
    "only-FC": true,
    "only-trace": true,
    "model_parallel": true,
    "pipeline_parallel": false,
    "multi_tb_per_device": false
}
====================================== END CONF ======================================
====================================== MODEL CONF ======================================
{
    "model_name": "Llama2-70B",
    "n_heads": 64,
    "num_channels": 32,
    "channels_per_block": "N/A",
    "fc_devices": [
        1,
        2,
        4,
        8,
        16,
        32
    ],
    "reuse_size": 32,
    "embedding": false,
    "only-FC": false,
    "only-trace": true,
    "model_parallel": true,
    "pipeline_parallel": false,
    "multi_tb_per_device": false
}
====================================== END CONF ======================================
====================================== MODEL CONF ======================================
{
    "model_name": "Llama2-70B",
    "n_heads": 64,
    "num_channels": 32,
    "channels_per_block": "N/A",
    "fc_devices": [],
    "reuse_size": 32,
    "embedding": false,
    "only-FC": true,
    "only-trace": true,
    "model_parallel": true,
    "pipeline_parallel": false,
    "multi_tb_per_device": false
}
====================================== END CONF ======================================
====================================== MODEL CONF ======================================
{
    "model_name": "Llama2-70B",
    "n_heads": 64,
    "num_channels": 32,
    "channels_per_block": "N/A",
    "fc_devices": [
        1,
        2,
        4,
        8,
        16,
        32
    ],
    "reuse_size": 32,
    "embedding": false,
    "only-FC": false,
    "only-trace": true,
    "model_parallel": true,
    "pipeline_parallel": false,
    "multi_tb_per_device": false
}
====================================== END CONF ======================================
====================================== MODEL CONF ======================================
{
    "model_name": "Llama2-70B",
    "n_heads": 64,
    "num_channels": 32,
    "channels_per_block": "N/A",
    "fc_devices": [],
    "reuse_size": 32,
    "embedding": false,
    "only-FC": true,
    "only-trace": true,
    "model_parallel": true,
    "pipeline_parallel": false,
    "multi_tb_per_device": false
}
====================================== END CONF ======================================
====================================== MODEL CONF ======================================
{
    "model_name": "Llama2-70B",
    "n_heads": 64,
    "num_channels": 32,
    "channels_per_block": "N/A",
    "fc_devices": [
        1,
        2,
        4,
        8,
        16,
        32
    ],
    "reuse_size": 32,
    "embedding": false,
    "only-FC": false,
    "only-trace": true,
    "model_parallel": true,
    "pipeline_parallel": false,
    "multi_tb_per_device": false
}
====================================== END CONF ======================================
====================================== MODEL CONF ======================================
{
    "model_name": "Llama2-70B",
    "n_heads": 64,
    "num_channels": 32,
    "channels_per_block": "N/A",
    "fc_devices": [],
    "reuse_size": 32,
    "embedding": false,
    "only-FC": true,
    "only-trace": true,
    "model_parallel": true,
    "pipeline_parallel": false,
    "multi_tb_per_device": false
}
====================================== END CONF ======================================
====================================== MODEL CONF ======================================
{
    "model_name": "Llama2-70B",
    "n_heads": 64,
    "num_channels": 32,
    "channels_per_block": "N/A",
    "fc_devices": [
        1,
        2,
        4,
        8,
        16,
        32
    ],
    "reuse_size": 32,
    "embedding": false,
    "only-FC": false,
    "only-trace": true,
    "model_parallel": true,
    "pipeline_parallel": false,
    "multi_tb_per_device": false
}
====================================== END CONF ======================================
====================================== MODEL CONF ======================================
{
    "model_name": "Llama2-70B",
    "n_heads": 64,
    "num_channels": 32,
    "channels_per_block": "N/A",
    "fc_devices": [],
    "reuse_size": 32,
    "embedding": false,
    "only-FC": true,
    "only-trace": true,
    "model_parallel": true,
    "pipeline_parallel": false,
    "multi_tb_per_device": false
}
====================================== END CONF ======================================
====================================== MODEL CONF ======================================
{
    "model_name": "Llama2-70B",
    "n_heads": 64,
    "num_channels": 32,
    "channels_per_block": "N/A",
    "fc_devices": [
        1,
        2,
        4,
        8,
        16,
        32
    ],
    "reuse_size": 32,
    "embedding": false,
    "only-FC": false,
    "only-trace": true,
    "model_parallel": true,
    "pipeline_parallel": false,
    "multi_tb_per_device": false
}
====================================== END CONF ======================================
====================================== MODEL CONF ======================================
{
    "model_name": "Llama2-70B",
    "n_heads": 64,
    "num_channels": 32,
    "channels_per_block": "N/A",
    "fc_devices": [],
    "reuse_size": 32,
    "embedding": false,
    "only-FC": true,
    "only-trace": true,
    "model_parallel": true,
    "pipeline_parallel": false,
    "multi_tb_per_device": false
}
====================================== END CONF ======================================
====================================== MODEL CONF ======================================
{
    "model_name": "Llama2-70B",
    "n_heads": 64,
    "num_channels": 32,
    "channels_per_block": "N/A",
    "fc_devices": [
        1,
        2,
        4,
        8,
        16,
        32
    ],
    "reuse_size": 32,
    "embedding": false,
    "only-FC": false,
    "only-trace": true,
    "model_parallel": true,
    "pipeline_parallel": false,
    "multi_tb_per_device": false
}
====================================== END CONF ======================================
====================================== MODEL CONF ======================================
{
    "model_name": "Llama2-70B",
    "n_heads": 64,
    "num_channels": 32,
    "channels_per_block": "N/A",
    "fc_devices": [],
    "reuse_size": 32,
    "embedding": false,
    "only-FC": true,
    "only-trace": true,
    "model_parallel": true,
    "pipeline_parallel": false,
    "multi_tb_per_device": false
}
====================================== END CONF ======================================
====================================== MODEL CONF ======================================
{
    "model_name": "Llama2-70B",
    "n_heads": 64,
    "num_channels": 32,
    "channels_per_block": "N/A",
    "fc_devices": [
        1,
        2,
        4,
        8,
        16,
        32
    ],
    "reuse_size": 32,
    "embedding": false,
    "only-FC": false,
    "only-trace": true,
    "model_parallel": true,
    "pipeline_parallel": false,
    "multi_tb_per_device": false
}
====================================== END CONF ======================================
====================================== MODEL CONF ======================================
{
    "model_name": "Llama2-70B",
    "n_heads": 64,
    "num_channels": 32,
    "channels_per_block": "N/A",
    "fc_devices": [],
    "reuse_size": 32,
    "embedding": false,
    "only-FC": true,
    "only-trace": true,
    "model_parallel": true,
    "pipeline_parallel": false,
    "multi_tb_per_device": false
}
====================================== END CONF ======================================
====================================== MODEL CONF ======================================
{
    "model_name": "Llama2-70B",
    "n_heads": 64,
    "num_channels": 32,
    "channels_per_block": "N/A",
    "fc_devices": [
        1,
        2,
        4,
        8,
        16,
        32
    ],
    "reuse_size": 32,
    "embedding": false,
    "only-FC": false,
    "only-trace": true,
    "model_parallel": true,
    "pipeline_parallel": false,
    "multi_tb_per_device": false
}
====================================== END CONF ======================================
====================================== MODEL CONF ======================================
{
    "model_name": "Llama2-70B",
    "n_heads": 64,
    "num_channels": 32,
    "channels_per_block": "N/A",
    "fc_devices": [],
    "reuse_size": 32,
    "embedding": false,
    "only-FC": true,
    "only-trace": true,
    "model_parallel": true,
    "pipeline_parallel": false,
    "multi_tb_per_device": false
}
====================================== END CONF ======================================
====================================== MODEL CONF ======================================
{
    "model_name": "Llama2-70B",
    "n_heads": 64,
    "num_channels": 32,
    "channels_per_block": "N/A",
    "fc_devices": [
        1,
        2,
        4,
        8,
        16,
        32
    ],
    "reuse_size": 32,
    "embedding": false,
    "only-FC": false,
    "only-trace": true,
    "model_parallel": true,
    "pipeline_parallel": false,
    "multi_tb_per_device": false
}
====================================== END CONF ======================================
====================================== MODEL CONF ======================================
{
    "model_name": "Llama2-70B",
    "n_heads": 64,
    "num_channels": 32,
    "channels_per_block": "N/A",
    "fc_devices": [],
    "reuse_size": 32,
    "embedding": false,
    "only-FC": true,
    "only-trace": true,
    "model_parallel": true,
    "pipeline_parallel": false,
    "multi_tb_per_device": false
}
====================================== END CONF ======================================
====================================== MODEL CONF ======================================
{
    "model_name": "Llama2-70B",
    "n_heads": 64,
    "num_channels": 32,
    "channels_per_block": "N/A",
    "fc_devices": [
        1,
        2,
        4,
        8,
        16,
        32
    ],
    "reuse_size": 32,
    "embedding": false,
    "only-FC": false,
    "only-trace": true,
    "model_parallel": true,
    "pipeline_parallel": false,
    "multi_tb_per_device": false
}
====================================== END CONF ======================================
====================================== MODEL CONF ======================================
{
    "model_name": "Llama2-70B",
    "n_heads": 64,
    "num_channels": 32,
    "channels_per_block": "N/A",
    "fc_devices": [],
    "reuse_size": 32,
    "embedding": false,
    "only-FC": true,
    "only-trace": true,
    "model_parallel": true,
    "pipeline_parallel": false,
    "multi_tb_per_device": false
}
====================================== END CONF ======================================
====================================== MODEL CONF ======================================
{
    "model_name": "Llama2-70B",
    "n_heads": 64,
    "num_channels": 32,
    "channels_per_block": "N/A",
    "fc_devices": [
        1,
        2,
        4,
        8,
        16,
        32
    ],
    "reuse_size": 32,
    "embedding": false,
    "only-FC": false,
    "only-trace": true,
    "model_parallel": true,
    "pipeline_parallel": false,
    "multi_tb_per_device": false
}
====================================== END CONF ======================================
====================================== MODEL CONF ======================================
{
    "model_name": "Llama2-70B",
    "n_heads": 64,
    "num_channels": 32,
    "channels_per_block": "N/A",
    "fc_devices": [],
    "reuse_size": 32,
    "embedding": false,
    "only-FC": true,
    "only-trace": true,
    "model_parallel": true,
    "pipeline_parallel": false,
    "multi_tb_per_device": false
}
====================================== END CONF ======================================
====================================== MODEL CONF ======================================
{
    "model_name": "Llama2-70B",
    "n_heads": 64,
    "num_channels": 32,
    "channels_per_block": "N/A",
    "fc_devices": [
        1,
        2,
        4,
        8,
        16,
        32
    ],
    "reuse_size": 32,
    "embedding": false,
    "only-FC": false,
    "only-trace": true,
    "model_parallel": true,
    "pipeline_parallel": false,
    "multi_tb_per_device": false
}
====================================== END CONF ======================================
====================================== MODEL CONF ======================================
{
    "model_name": "Llama2-70B",
    "n_heads": 64,
    "num_channels": 32,
    "channels_per_block": "N/A",
    "fc_devices": [],
    "reuse_size": 32,
    "embedding": false,
    "only-FC": true,
    "only-trace": true,
    "model_parallel": true,
    "pipeline_parallel": false,
    "multi_tb_per_device": false
}
====================================== END CONF ======================================
====================================== MODEL CONF ======================================
{
    "model_name": "Llama2-70B",
    "n_heads": 64,
    "num_channels": 32,
    "channels_per_block": "N/A",
    "fc_devices": [
        1,
        2,
        4,
        8,
        16,
        32
    ],
    "reuse_size": 32,
    "embedding": false,
    "only-FC": false,
    "only-trace": true,
    "model_parallel": true,
    "pipeline_parallel": false,
    "multi_tb_per_device": false
}
====================================== END CONF ======================================
====================================== MODEL CONF ======================================
{
    "model_name": "Llama2-70B",
    "n_heads": 64,
    "num_channels": 32,
    "channels_per_block": "N/A",
    "fc_devices": [],
    "reuse_size": 32,
    "embedding": false,
    "only-FC": true,
    "only-trace": true,
    "model_parallel": true,
    "pipeline_parallel": false,
    "multi_tb_per_device": false
}
====================================== END CONF ======================================
====================================== MODEL CONF ======================================
{
    "model_name": "Llama2-70B",
    "n_heads": 64,
    "num_channels": 32,
    "channels_per_block": "N/A",
    "fc_devices": [
        1,
        2,
        4,
        8,
        16,
        32
    ],
    "reuse_size": 32,
    "embedding": false,
    "only-FC": false,
    "only-trace": true,
    "model_parallel": true,
    "pipeline_parallel": false,
    "multi_tb_per_device": false
}
====================================== END CONF ======================================
====================================== MODEL CONF ======================================
{
    "model_name": "Llama2-70B",
    "n_heads": 64,
    "num_channels": 32,
    "channels_per_block": "N/A",
    "fc_devices": [],
    "reuse_size": 32,
    "embedding": false,
    "only-FC": true,
    "only-trace": true,
    "model_parallel": true,
    "pipeline_parallel": false,
    "multi_tb_per_device": false
}
====================================== END CONF ======================================
====================================== MODEL CONF ======================================
{
    "model_name": "Llama2-70B",
    "n_heads": 64,
    "num_channels": 32,
    "channels_per_block": "N/A",
    "fc_devices": [
        1,
        2,
        4,
        8,
        16,
        32
    ],
    "reuse_size": 32,
    "embedding": false,
    "only-FC": false,
    "only-trace": true,
    "model_parallel": true,
    "pipeline_parallel": false,
    "multi_tb_per_device": false
}
====================================== END CONF ======================================
====================================== MODEL CONF ======================================
{
    "model_name": "Llama2-70B",
    "n_heads": 64,
    "num_channels": 32,
    "channels_per_block": "N/A",
    "fc_devices": [],
    "reuse_size": 32,
    "embedding": false,
    "only-FC": true,
    "only-trace": true,
    "model_parallel": true,
    "pipeline_parallel": false,
    "multi_tb_per_device": false
}
====================================== END CONF ======================================
====================================== MODEL CONF ======================================
{
    "model_name": "Llama2-70B",
    "n_heads": 64,
    "num_channels": 32,
    "channels_per_block": "N/A",
    "fc_devices": [
        1,
        2,
        4,
        8,
        16,
        32
    ],
    "reuse_size": 32,
    "embedding": false,
    "only-FC": false,
    "only-trace": true,
    "model_parallel": true,
    "pipeline_parallel": false,
    "multi_tb_per_device": false
}
====================================== END CONF ======================================
====================================== MODEL CONF ======================================
{
    "model_name": "Llama2-70B",
    "n_heads": 64,
    "num_channels": 32,
    "channels_per_block": "N/A",
    "fc_devices": [],
    "reuse_size": 32,
    "embedding": false,
    "only-FC": true,
    "only-trace": true,
    "model_parallel": true,
    "pipeline_parallel": false,
    "multi_tb_per_device": false
}
====================================== END CONF ======================================
====================================== MODEL CONF ======================================
{
    "model_name": "Llama2-70B",
    "n_heads": 64,
    "num_channels": 32,
    "channels_per_block": "N/A",
    "fc_devices": [
        1,
        2,
        4,
        8,
        16,
        32
    ],
    "reuse_size": 32,
    "embedding": false,
    "only-FC": false,
    "only-trace": true,
    "model_parallel": true,
    "pipeline_parallel": false,
    "multi_tb_per_device": false
}
====================================== END CONF ======================================
====================================== MODEL CONF ======================================
{
    "model_name": "Llama2-70B",
    "n_heads": 64,
    "num_channels": 32,
    "channels_per_block": "N/A",
    "fc_devices": [],
    "reuse_size": 32,
    "embedding": false,
    "only-FC": true,
    "only-trace": true,
    "model_parallel": true,
    "pipeline_parallel": false,
    "multi_tb_per_device": false
}
====================================== END CONF ======================================
====================================== MODEL CONF ======================================
{
    "model_name": "Llama2-70B",
    "n_heads": 64,
    "num_channels": 32,
    "channels_per_block": "N/A",
    "fc_devices": [
        1,
        2,
        4,
        8,
        16,
        32
    ],
    "reuse_size": 32,
    "embedding": false,
    "only-FC": false,
    "only-trace": true,
    "model_parallel": true,
    "pipeline_parallel": false,
    "multi_tb_per_device": false
}
====================================== END CONF ======================================
====================================== MODEL CONF ======================================
{
    "model_name": "Llama2-70B",
    "n_heads": 64,
    "num_channels": 32,
    "channels_per_block": "N/A",
    "fc_devices": [],
    "reuse_size": 32,
    "embedding": false,
    "only-FC": true,
    "only-trace": true,
    "model_parallel": true,
    "pipeline_parallel": false,
    "multi_tb_per_device": false
}
====================================== END CONF ======================================
====================================== MODEL CONF ======================================
{
    "model_name": "Llama2-70B",
    "n_heads": 64,
    "num_channels": 32,
    "channels_per_block": "N/A",
    "fc_devices": [
        1,
        2,
        4,
        8,
        16,
        32
    ],
    "reuse_size": 32,
    "embedding": false,
    "only-FC": false,
    "only-trace": true,
    "model_parallel": true,
    "pipeline_parallel": false,
    "multi_tb_per_device": false
}
====================================== END CONF ======================================
====================================== MODEL CONF ======================================
{
    "model_name": "Llama2-70B",
    "n_heads": 64,
    "num_channels": 32,
    "channels_per_block": "N/A",
    "fc_devices": [],
    "reuse_size": 32,
    "embedding": false,
    "only-FC": true,
    "only-trace": true,
    "model_parallel": true,
    "pipeline_parallel": false,
    "multi_tb_per_device": false
}
====================================== END CONF ======================================
====================================== MODEL CONF ======================================
{
    "model_name": "Llama2-70B",
    "n_heads": 64,
    "num_channels": 32,
    "channels_per_block": "N/A",
    "fc_devices": [
        1,
        2,
        4,
        8,
        16,
        32
    ],
    "reuse_size": 32,
    "embedding": false,
    "only-FC": false,
    "only-trace": true,
    "model_parallel": true,
    "pipeline_parallel": false,
    "multi_tb_per_device": false
}
====================================== END CONF ======================================
====================================== MODEL CONF ======================================
{
    "model_name": "Llama2-70B",
    "n_heads": 64,
    "num_channels": 32,
    "channels_per_block": "N/A",
    "fc_devices": [],
    "reuse_size": 32,
    "embedding": false,
    "only-FC": true,
    "only-trace": true,
    "model_parallel": true,
    "pipeline_parallel": false,
    "multi_tb_per_device": false
}
====================================== END CONF ======================================
====================================== MODEL CONF ======================================
{
    "model_name": "Llama2-70B",
    "n_heads": 64,
    "num_channels": 32,
    "channels_per_block": "N/A",
    "fc_devices": [
        1,
        2,
        4,
        8,
        16,
        32
    ],
    "reuse_size": 32,
    "embedding": false,
    "only-FC": false,
    "only-trace": true,
    "model_parallel": true,
    "pipeline_parallel": false,
    "multi_tb_per_device": false
}
====================================== END CONF ======================================
====================================== MODEL CONF ======================================
{
    "model_name": "Llama2-70B",
    "n_heads": 64,
    "num_channels": 32,
    "channels_per_block": "N/A",
    "fc_devices": [],
    "reuse_size": 32,
    "embedding": false,
    "only-FC": true,
    "only-trace": true,
    "model_parallel": true,
    "pipeline_parallel": false,
    "multi_tb_per_device": false
}
====================================== END CONF ======================================
====================================== MODEL CONF ======================================
{
    "model_name": "Llama2-70B",
    "n_heads": 64,
    "num_channels": 32,
    "channels_per_block": "N/A",
    "fc_devices": [
        1,
        2,
        4,
        8,
        16,
        32
    ],
    "reuse_size": 32,
    "embedding": false,
    "only-FC": false,
    "only-trace": true,
    "model_parallel": true,
    "pipeline_parallel": false,
    "multi_tb_per_device": false
}
====================================== END CONF ======================================
====================================== MODEL CONF ======================================
{
    "model_name": "Llama2-70B",
    "n_heads": 64,
    "num_channels": 32,
    "channels_per_block": "N/A",
    "fc_devices": [],
    "reuse_size": 32,
    "embedding": false,
    "only-FC": true,
    "only-trace": true,
    "model_parallel": true,
    "pipeline_parallel": false,
    "multi_tb_per_device": false
}
====================================== END CONF ======================================
====================================== MODEL CONF ======================================
{
    "model_name": "Llama2-70B",
    "n_heads": 64,
    "num_channels": 32,
    "channels_per_block": "N/A",
    "fc_devices": [
        1,
        2,
        4,
        8,
        16,
        32
    ],
    "reuse_size": 32,
    "embedding": false,
    "only-FC": false,
    "only-trace": true,
    "model_parallel": true,
    "pipeline_parallel": false,
    "multi_tb_per_device": false
}
====================================== END CONF ======================================
====================================== MODEL CONF ======================================
{
    "model_name": "Llama2-70B",
    "n_heads": 64,
    "num_channels": 32,
    "channels_per_block": "N/A",
    "fc_devices": [],
    "reuse_size": 32,
    "embedding": false,
    "only-FC": true,
    "only-trace": true,
    "model_parallel": true,
    "pipeline_parallel": false,
    "multi_tb_per_device": false
}
====================================== END CONF ======================================
====================================== MODEL CONF ======================================
{
    "model_name": "Llama2-70B",
    "n_heads": 64,
    "num_channels": 32,
    "channels_per_block": "N/A",
    "fc_devices": [
        1,
        2,
        4,
        8,
        16,
        32
    ],
    "reuse_size": 32,
    "embedding": false,
    "only-FC": false,
    "only-trace": true,
    "model_parallel": true,
    "pipeline_parallel": false,
    "multi_tb_per_device": false
}
====================================== END CONF ======================================
====================================== MODEL CONF ======================================
{
    "model_name": "Llama2-70B",
    "n_heads": 64,
    "num_channels": 32,
    "channels_per_block": "N/A",
    "fc_devices": [],
    "reuse_size": 32,
    "embedding": false,
    "only-FC": true,
    "only-trace": true,
    "model_parallel": true,
    "pipeline_parallel": false,
    "multi_tb_per_device": false
}
====================================== END CONF ======================================
====================================== MODEL CONF ======================================
{
    "model_name": "Llama2-70B",
    "n_heads": 64,
    "num_channels": 32,
    "channels_per_block": "N/A",
    "fc_devices": [
        1,
        2,
        4,
        8,
        16,
        32
    ],
    "reuse_size": 32,
    "embedding": false,
    "only-FC": false,
    "only-trace": true,
    "model_parallel": true,
    "pipeline_parallel": false,
    "multi_tb_per_device": false
}
====================================== END CONF ======================================
====================================== MODEL CONF ======================================
{
    "model_name": "Llama2-70B",
    "n_heads": 64,
    "num_channels": 32,
    "channels_per_block": "N/A",
    "fc_devices": [],
    "reuse_size": 32,
    "embedding": false,
    "only-FC": true,
    "only-trace": true,
    "model_parallel": true,
    "pipeline_parallel": false,
    "multi_tb_per_device": false
}
====================================== END CONF ======================================
====================================== MODEL CONF ======================================
{
    "model_name": "Llama2-70B",
    "n_heads": 64,
    "num_channels": 32,
    "channels_per_block": "N/A",
    "fc_devices": [
        1,
        2,
        4,
        8,
        16,
        32
    ],
    "reuse_size": 32,
    "embedding": false,
    "only-FC": false,
    "only-trace": true,
    "model_parallel": true,
    "pipeline_parallel": false,
    "multi_tb_per_device": false
}
====================================== END CONF ======================================
====================================== MODEL CONF ======================================
{
    "model_name": "Llama2-70B",
    "n_heads": 64,
    "num_channels": 32,
    "channels_per_block": "N/A",
    "fc_devices": [],
    "reuse_size": 32,
    "embedding": false,
    "only-FC": true,
    "only-trace": true,
    "model_parallel": true,
    "pipeline_parallel": false,
    "multi_tb_per_device": false
}
====================================== END CONF ======================================
====================================== MODEL CONF ======================================
{
    "model_name": "Llama2-70B",
    "n_heads": 64,
    "num_channels": 32,
    "channels_per_block": "N/A",
    "fc_devices": [
        1,
        2,
        4,
        8,
        16,
        32
    ],
    "reuse_size": 32,
    "embedding": false,
    "only-FC": false,
    "only-trace": true,
    "model_parallel": true,
    "pipeline_parallel": false,
    "multi_tb_per_device": false
}
====================================== END CONF ======================================
====================================== MODEL CONF ======================================
{
    "model_name": "Llama2-70B",
    "n_heads": 64,
    "num_channels": 32,
    "channels_per_block": "N/A",
    "fc_devices": [],
    "reuse_size": 32,
    "embedding": false,
    "only-FC": true,
    "only-trace": true,
    "model_parallel": true,
    "pipeline_parallel": false,
    "multi_tb_per_device": false
}
====================================== END CONF ======================================
====================================== MODEL CONF ======================================
{
    "model_name": "Llama2-70B",
    "n_heads": 64,
    "num_channels": 32,
    "channels_per_block": "N/A",
    "fc_devices": [
        1,
        2,
        4,
        8,
        16,
        32
    ],
    "reuse_size": 32,
    "embedding": false,
    "only-FC": false,
    "only-trace": true,
    "model_parallel": true,
    "pipeline_parallel": false,
    "multi_tb_per_device": false
}
====================================== END CONF ======================================
====================================== MODEL CONF ======================================
{
    "model_name": "Llama2-70B",
    "n_heads": 64,
    "num_channels": 32,
    "channels_per_block": "N/A",
    "fc_devices": [],
    "reuse_size": 32,
    "embedding": false,
    "only-FC": true,
    "only-trace": true,
    "model_parallel": true,
    "pipeline_parallel": false,
    "multi_tb_per_device": false
}
====================================== END CONF ======================================
====================================== MODEL CONF ======================================
{
    "model_name": "Llama2-70B",
    "n_heads": 64,
    "num_channels": 32,
    "channels_per_block": "N/A",
    "fc_devices": [
        1,
        2,
        4,
        8,
        16,
        32
    ],
    "reuse_size": 32,
    "embedding": false,
    "only-FC": false,
    "only-trace": true,
    "model_parallel": true,
    "pipeline_parallel": false,
    "multi_tb_per_device": false
}
====================================== END CONF ======================================
====================================== MODEL CONF ======================================
{
    "model_name": "Llama2-70B",
    "n_heads": 64,
    "num_channels": 32,
    "channels_per_block": "N/A",
    "fc_devices": [],
    "reuse_size": 32,
    "embedding": false,
    "only-FC": true,
    "only-trace": true,
    "model_parallel": true,
    "pipeline_parallel": false,
    "multi_tb_per_device": false
}
====================================== END CONF ======================================
====================================== MODEL CONF ======================================
{
    "model_name": "Llama2-70B",
    "n_heads": 64,
    "num_channels": 32,
    "channels_per_block": "N/A",
    "fc_devices": [
        1,
        2,
        4,
        8,
        16,
        32
    ],
    "reuse_size": 32,
    "embedding": false,
    "only-FC": false,
    "only-trace": true,
    "model_parallel": true,
    "pipeline_parallel": false,
    "multi_tb_per_device": false
}
====================================== END CONF ======================================
====================================== MODEL CONF ======================================
{
    "model_name": "Llama2-70B",
    "n_heads": 64,
    "num_channels": 32,
    "channels_per_block": "N/A",
    "fc_devices": [],
    "reuse_size": 32,
    "embedding": false,
    "only-FC": true,
    "only-trace": true,
    "model_parallel": true,
    "pipeline_parallel": false,
    "multi_tb_per_device": false
}
====================================== END CONF ======================================
====================================== MODEL CONF ======================================
{
    "model_name": "Llama2-70B",
    "n_heads": 64,
    "num_channels": 32,
    "channels_per_block": "N/A",
    "fc_devices": [
        1,
        2,
        4,
        8,
        16,
        32
    ],
    "reuse_size": 32,
    "embedding": false,
    "only-FC": false,
    "only-trace": true,
    "model_parallel": true,
    "pipeline_parallel": false,
    "multi_tb_per_device": false
}
====================================== END CONF ======================================
====================================== MODEL CONF ======================================
{
    "model_name": "Llama2-70B",
    "n_heads": 64,
    "num_channels": 32,
    "channels_per_block": "N/A",
    "fc_devices": [],
    "reuse_size": 32,
    "embedding": false,
    "only-FC": true,
    "only-trace": true,
    "model_parallel": true,
    "pipeline_parallel": false,
    "multi_tb_per_device": false
}
====================================== END CONF ======================================
====================================== MODEL CONF ======================================
{
    "model_name": "Llama2-70B",
    "n_heads": 64,
    "num_channels": 32,
    "channels_per_block": "N/A",
    "fc_devices": [
        1,
        2,
        4,
        8,
        16,
        32
    ],
    "reuse_size": 32,
    "embedding": false,
    "only-FC": false,
    "only-trace": true,
    "model_parallel": true,
    "pipeline_parallel": false,
    "multi_tb_per_device": false
}
====================================== END CONF ======================================
====================================== MODEL CONF ======================================
{
    "model_name": "Llama2-70B",
    "n_heads": 64,
    "num_channels": 32,
    "channels_per_block": "N/A",
    "fc_devices": [],
    "reuse_size": 32,
    "embedding": false,
    "only-FC": true,
    "only-trace": true,
    "model_parallel": true,
    "pipeline_parallel": false,
    "multi_tb_per_device": false
}
====================================== END CONF ======================================
====================================== MODEL CONF ======================================
{
    "model_name": "Llama2-70B",
    "n_heads": 64,
    "num_channels": 32,
    "channels_per_block": "N/A",
    "fc_devices": [
        1,
        2,
        4,
        8,
        16,
        32
    ],
    "reuse_size": 32,
    "embedding": false,
    "only-FC": false,
    "only-trace": true,
    "model_parallel": true,
    "pipeline_parallel": false,
    "multi_tb_per_device": false
}
====================================== END CONF ======================================
====================================== MODEL CONF ======================================
{
    "model_name": "Llama2-70B",
    "n_heads": 64,
    "num_channels": 32,
    "channels_per_block": "N/A",
    "fc_devices": [],
    "reuse_size": 32,
    "embedding": false,
    "only-FC": true,
    "only-trace": true,
    "model_parallel": true,
    "pipeline_parallel": false,
    "multi_tb_per_device": false
}
====================================== END CONF ======================================
====================================== MODEL CONF ======================================
{
    "model_name": "Llama2-70B",
    "n_heads": 64,
    "num_channels": 32,
    "channels_per_block": "N/A",
    "fc_devices": [
        1,
        2,
        4,
        8,
        16,
        32
    ],
    "reuse_size": 32,
    "embedding": false,
    "only-FC": false,
    "only-trace": true,
    "model_parallel": true,
    "pipeline_parallel": false,
    "multi_tb_per_device": false
}
====================================== END CONF ======================================
====================================== MODEL CONF ======================================
{
    "model_name": "Llama2-70B",
    "n_heads": 64,
    "num_channels": 32,
    "channels_per_block": "N/A",
    "fc_devices": [],
    "reuse_size": 32,
    "embedding": false,
    "only-FC": true,
    "only-trace": true,
    "model_parallel": true,
    "pipeline_parallel": false,
    "multi_tb_per_device": false
}
====================================== END CONF ======================================
====================================== MODEL CONF ======================================
{
    "model_name": "Llama2-70B",
    "n_heads": 64,
    "num_channels": 32,
    "channels_per_block": "N/A",
    "fc_devices": [
        1,
        2,
        4,
        8,
        16,
        32
    ],
    "reuse_size": 32,
    "embedding": false,
    "only-FC": false,
    "only-trace": true,
    "model_parallel": true,
    "pipeline_parallel": false,
    "multi_tb_per_device": false
}
====================================== END CONF ======================================
====================================== MODEL CONF ======================================
{
    "model_name": "Llama2-70B",
    "n_heads": 64,
    "num_channels": 32,
    "channels_per_block": "N/A",
    "fc_devices": [],
    "reuse_size": 32,
    "embedding": false,
    "only-FC": true,
    "only-trace": true,
    "model_parallel": true,
    "pipeline_parallel": false,
    "multi_tb_per_device": false
}
====================================== END CONF ======================================
====================================== MODEL CONF ======================================
{
    "model_name": "Llama2-70B",
    "n_heads": 64,
    "num_channels": 32,
    "channels_per_block": "N/A",
    "fc_devices": [
        1,
        2,
        4,
        8,
        16,
        32
    ],
    "reuse_size": 32,
    "embedding": false,
    "only-FC": false,
    "only-trace": true,
    "model_parallel": true,
    "pipeline_parallel": false,
    "multi_tb_per_device": false
}
====================================== END CONF ======================================
====================================== MODEL CONF ======================================
{
    "model_name": "Llama2-70B",
    "n_heads": 64,
    "num_channels": 32,
    "channels_per_block": "N/A",
    "fc_devices": [],
    "reuse_size": 32,
    "embedding": false,
    "only-FC": true,
    "only-trace": true,
    "model_parallel": true,
    "pipeline_parallel": false,
    "multi_tb_per_device": false
}
====================================== END CONF ======================================
====================================== MODEL CONF ======================================
{
    "model_name": "Llama2-70B",
    "n_heads": 64,
    "num_channels": 32,
    "channels_per_block": "N/A",
    "fc_devices": [
        1,
        2,
        4,
        8,
        16,
        32
    ],
    "reuse_size": 32,
    "embedding": false,
    "only-FC": false,
    "only-trace": true,
    "model_parallel": true,
    "pipeline_parallel": false,
    "multi_tb_per_device": false
}
====================================== END CONF ======================================
====================================== MODEL CONF ======================================
{
    "model_name": "Llama2-70B",
    "n_heads": 64,
    "num_channels": 32,
    "channels_per_block": "N/A",
    "fc_devices": [],
    "reuse_size": 32,
    "embedding": false,
    "only-FC": true,
    "only-trace": true,
    "model_parallel": true,
    "pipeline_parallel": false,
    "multi_tb_per_device": false
}
====================================== END CONF ======================================
====================================== MODEL CONF ======================================
{
    "model_name": "Llama2-70B",
    "n_heads": 64,
    "num_channels": 32,
    "channels_per_block": "N/A",
    "fc_devices": [
        1,
        2,
        4,
        8,
        16,
        32
    ],
    "reuse_size": 32,
    "embedding": false,
    "only-FC": false,
    "only-trace": true,
    "model_parallel": true,
    "pipeline_parallel": false,
    "multi_tb_per_device": false
}
====================================== END CONF ======================================
====================================== MODEL CONF ======================================
{
    "model_name": "Llama2-70B",
    "n_heads": 64,
    "num_channels": 32,
    "channels_per_block": "N/A",
    "fc_devices": [],
    "reuse_size": 32,
    "embedding": false,
    "only-FC": true,
    "only-trace": true,
    "model_parallel": true,
    "pipeline_parallel": false,
    "multi_tb_per_device": false
}
====================================== END CONF ======================================
====================================== MODEL CONF ======================================
{
    "model_name": "Llama2-70B",
    "n_heads": 64,
    "num_channels": 32,
    "channels_per_block": "N/A",
    "fc_devices": [
        1,
        2,
        4,
        8,
        16,
        32
    ],
    "reuse_size": 32,
    "embedding": false,
    "only-FC": false,
    "only-trace": true,
    "model_parallel": true,
    "pipeline_parallel": false,
    "multi_tb_per_device": false
}
====================================== END CONF ======================================
====================================== MODEL CONF ======================================
{
    "model_name": "Llama2-70B",
    "n_heads": 64,
    "num_channels": 32,
    "channels_per_block": "N/A",
    "fc_devices": [],
    "reuse_size": 32,
    "embedding": false,
    "only-FC": true,
    "only-trace": true,
    "model_parallel": true,
    "pipeline_parallel": false,
    "multi_tb_per_device": false
}
====================================== END CONF ======================================
====================================== MODEL CONF ======================================
{
    "model_name": "Llama2-70B",
    "n_heads": 64,
    "num_channels": 32,
    "channels_per_block": "N/A",
    "fc_devices": [
        1,
        2,
        4,
        8,
        16,
        32
    ],
    "reuse_size": 32,
    "embedding": false,
    "only-FC": false,
    "only-trace": true,
    "model_parallel": true,
    "pipeline_parallel": false,
    "multi_tb_per_device": false
}
====================================== END CONF ======================================
====================================== MODEL CONF ======================================
{
    "model_name": "Llama2-70B",
    "n_heads": 64,
    "num_channels": 32,
    "channels_per_block": "N/A",
    "fc_devices": [],
    "reuse_size": 32,
    "embedding": false,
    "only-FC": true,
    "only-trace": true,
    "model_parallel": true,
    "pipeline_parallel": false,
    "multi_tb_per_device": false
}
====================================== END CONF ======================================
====================================== MODEL CONF ======================================
{
    "model_name": "Llama2-70B",
    "n_heads": 64,
    "num_channels": 32,
    "channels_per_block": "N/A",
    "fc_devices": [
        1,
        2,
        4,
        8,
        16,
        32
    ],
    "reuse_size": 32,
    "embedding": false,
    "only-FC": false,
    "only-trace": true,
    "model_parallel": true,
    "pipeline_parallel": false,
    "multi_tb_per_device": false
}
====================================== END CONF ======================================
====================================== MODEL CONF ======================================
{
    "model_name": "Llama2-70B",
    "n_heads": 64,
    "num_channels": 32,
    "channels_per_block": "N/A",
    "fc_devices": [],
    "reuse_size": 32,
    "embedding": false,
    "only-FC": true,
    "only-trace": true,
    "model_parallel": true,
    "pipeline_parallel": false,
    "multi_tb_per_device": false
}
====================================== END CONF ======================================
====================================== MODEL CONF ======================================
{
    "model_name": "Llama2-70B",
    "n_heads": 64,
    "num_channels": 32,
    "channels_per_block": "N/A",
    "fc_devices": [
        1,
        2,
        4,
        8,
        16,
        32
    ],
    "reuse_size": 32,
    "embedding": false,
    "only-FC": false,
    "only-trace": true,
    "model_parallel": true,
    "pipeline_parallel": false,
    "multi_tb_per_device": false
}
====================================== END CONF ======================================
====================================== MODEL CONF ======================================
{
    "model_name": "Llama2-70B",
    "n_heads": 64,
    "num_channels": 32,
    "channels_per_block": "N/A",
    "fc_devices": [],
    "reuse_size": 32,
    "embedding": false,
    "only-FC": true,
    "only-trace": true,
    "model_parallel": true,
    "pipeline_parallel": false,
    "multi_tb_per_device": false
}
====================================== END CONF ======================================
====================================== MODEL CONF ======================================
{
    "model_name": "Llama2-70B",
    "n_heads": 64,
    "num_channels": 32,
    "channels_per_block": "N/A",
    "fc_devices": [
        1,
        2,
        4,
        8,
        16,
        32
    ],
    "reuse_size": 32,
    "embedding": false,
    "only-FC": false,
    "only-trace": true,
    "model_parallel": true,
    "pipeline_parallel": false,
    "multi_tb_per_device": false
}
====================================== END CONF ======================================
====================================== MODEL CONF ======================================
{
    "model_name": "Llama2-70B",
    "n_heads": 64,
    "num_channels": 32,
    "channels_per_block": "N/A",
    "fc_devices": [],
    "reuse_size": 32,
    "embedding": false,
    "only-FC": true,
    "only-trace": true,
    "model_parallel": true,
    "pipeline_parallel": false,
    "multi_tb_per_device": false
}
====================================== END CONF ======================================
====================================== MODEL CONF ======================================
{
    "model_name": "Llama2-70B",
    "n_heads": 64,
    "num_channels": 32,
    "channels_per_block": "N/A",
    "fc_devices": [
        1,
        2,
        4,
        8,
        16,
        32
    ],
    "reuse_size": 32,
    "embedding": false,
    "only-FC": false,
    "only-trace": true,
    "model_parallel": true,
    "pipeline_parallel": false,
    "multi_tb_per_device": false
}
====================================== END CONF ======================================
====================================== MODEL CONF ======================================
{
    "model_name": "Llama2-70B",
    "n_heads": 64,
    "num_channels": 32,
    "channels_per_block": "N/A",
    "fc_devices": [],
    "reuse_size": 32,
    "embedding": false,
    "only-FC": true,
    "only-trace": true,
    "model_parallel": true,
    "pipeline_parallel": false,
    "multi_tb_per_device": false
}
====================================== END CONF ======================================
====================================== MODEL CONF ======================================
{
    "model_name": "Llama2-70B",
    "n_heads": 64,
    "num_channels": 32,
    "channels_per_block": "N/A",
    "fc_devices": [
        1,
        2,
        4,
        8,
        16,
        32
    ],
    "reuse_size": 32,
    "embedding": false,
    "only-FC": false,
    "only-trace": true,
    "model_parallel": true,
    "pipeline_parallel": false,
    "multi_tb_per_device": false
}
====================================== END CONF ======================================
====================================== MODEL CONF ======================================
{
    "model_name": "Llama2-70B",
    "n_heads": 64,
    "num_channels": 32,
    "channels_per_block": "N/A",
    "fc_devices": [],
    "reuse_size": 32,
    "embedding": false,
    "only-FC": true,
    "only-trace": true,
    "model_parallel": true,
    "pipeline_parallel": false,
    "multi_tb_per_device": false
}
====================================== END CONF ======================================
====================================== MODEL CONF ======================================
{
    "model_name": "Llama2-70B",
    "n_heads": 64,
    "num_channels": 32,
    "channels_per_block": "N/A",
    "fc_devices": [
        1,
        2,
        4,
        8,
        16,
        32
    ],
    "reuse_size": 32,
    "embedding": false,
    "only-FC": false,
    "only-trace": true,
    "model_parallel": true,
    "pipeline_parallel": false,
    "multi_tb_per_device": false
}
====================================== END CONF ======================================
====================================== MODEL CONF ======================================
{
    "model_name": "Llama2-70B",
    "n_heads": 64,
    "num_channels": 32,
    "channels_per_block": "N/A",
    "fc_devices": [],
    "reuse_size": 32,
    "embedding": false,
    "only-FC": true,
    "only-trace": true,
    "model_parallel": true,
    "pipeline_parallel": false,
    "multi_tb_per_device": false
}
====================================== END CONF ======================================
====================================== MODEL CONF ======================================
{
    "model_name": "Llama2-70B",
    "n_heads": 64,
    "num_channels": 32,
    "channels_per_block": "N/A",
    "fc_devices": [
        1,
        2,
        4,
        8,
        16,
        32
    ],
    "reuse_size": 32,
    "embedding": false,
    "only-FC": false,
    "only-trace": true,
    "model_parallel": true,
    "pipeline_parallel": false,
    "multi_tb_per_device": false
}
====================================== END CONF ======================================
====================================== MODEL CONF ======================================
{
    "model_name": "Llama2-70B",
    "n_heads": 64,
    "num_channels": 32,
    "channels_per_block": "N/A",
    "fc_devices": [],
    "reuse_size": 32,
    "embedding": false,
    "only-FC": true,
    "only-trace": true,
    "model_parallel": true,
    "pipeline_parallel": false,
    "multi_tb_per_device": false
}
====================================== END CONF ======================================
====================================== MODEL CONF ======================================
{
    "model_name": "Llama2-70B",
    "n_heads": 64,
    "num_channels": 32,
    "channels_per_block": "N/A",
    "fc_devices": [
        1,
        2,
        4,
        8,
        16,
        32
    ],
    "reuse_size": 32,
    "embedding": false,
    "only-FC": false,
    "only-trace": true,
    "model_parallel": true,
    "pipeline_parallel": false,
    "multi_tb_per_device": false
}
====================================== END CONF ======================================
====================================== MODEL CONF ======================================
{
    "model_name": "Llama2-70B",
    "n_heads": 64,
    "num_channels": 32,
    "channels_per_block": "N/A",
    "fc_devices": [],
    "reuse_size": 32,
    "embedding": false,
    "only-FC": true,
    "only-trace": true,
    "model_parallel": true,
    "pipeline_parallel": false,
    "multi_tb_per_device": false
}
====================================== END CONF ======================================
====================================== MODEL CONF ======================================
{
    "model_name": "Llama2-70B",
    "n_heads": 64,
    "num_channels": 32,
    "channels_per_block": "N/A",
    "fc_devices": [
        1,
        2,
        4,
        8,
        16,
        32
    ],
    "reuse_size": 32,
    "embedding": false,
    "only-FC": false,
    "only-trace": true,
    "model_parallel": true,
    "pipeline_parallel": false,
    "multi_tb_per_device": false
}
====================================== END CONF ======================================
====================================== MODEL CONF ======================================
{
    "model_name": "Llama2-70B",
    "n_heads": 64,
    "num_channels": 32,
    "channels_per_block": "N/A",
    "fc_devices": [],
    "reuse_size": 32,
    "embedding": false,
    "only-FC": true,
    "only-trace": true,
    "model_parallel": true,
    "pipeline_parallel": false,
    "multi_tb_per_device": false
}
====================================== END CONF ======================================
====================================== MODEL CONF ======================================
{
    "model_name": "Llama2-70B",
    "n_heads": 64,
    "num_channels": 32,
    "channels_per_block": "N/A",
    "fc_devices": [
        1,
        2,
        4,
        8,
        16,
        32
    ],
    "reuse_size": 32,
    "embedding": false,
    "only-FC": false,
    "only-trace": true,
    "model_parallel": true,
    "pipeline_parallel": false,
    "multi_tb_per_device": false
}
====================================== END CONF ======================================
====================================== MODEL CONF ======================================
{
    "model_name": "Llama2-70B",
    "n_heads": 64,
    "num_channels": 32,
    "channels_per_block": "N/A",
    "fc_devices": [],
    "reuse_size": 32,
    "embedding": false,
    "only-FC": true,
    "only-trace": true,
    "model_parallel": true,
    "pipeline_parallel": false,
    "multi_tb_per_device": false
}
====================================== END CONF ======================================
====================================== MODEL CONF ======================================
{
    "model_name": "Llama2-70B",
    "n_heads": 64,
    "num_channels": 32,
    "channels_per_block": "N/A",
    "fc_devices": [
        1,
        2,
        4,
        8,
        16,
        32
    ],
    "reuse_size": 32,
    "embedding": false,
    "only-FC": false,
    "only-trace": true,
    "model_parallel": true,
    "pipeline_parallel": false,
    "multi_tb_per_device": false
}
====================================== END CONF ======================================
====================================== MODEL CONF ======================================
{
    "model_name": "Llama2-70B",
    "n_heads": 64,
    "num_channels": 32,
    "channels_per_block": "N/A",
    "fc_devices": [],
    "reuse_size": 32,
    "embedding": false,
    "only-FC": true,
    "only-trace": true,
    "model_parallel": true,
    "pipeline_parallel": false,
    "multi_tb_per_device": false
}
====================================== END CONF ======================================
====================================== MODEL CONF ======================================
{
    "model_name": "Llama2-70B",
    "n_heads": 64,
    "num_channels": 32,
    "channels_per_block": "N/A",
    "fc_devices": [
        1,
        2,
        4,
        8,
        16,
        32
    ],
    "reuse_size": 32,
    "embedding": false,
    "only-FC": false,
    "only-trace": true,
    "model_parallel": true,
    "pipeline_parallel": false,
    "multi_tb_per_device": false
}
====================================== END CONF ======================================
====================================== MODEL CONF ======================================
{
    "model_name": "Llama2-70B",
    "n_heads": 64,
    "num_channels": 32,
    "channels_per_block": "N/A",
    "fc_devices": [],
    "reuse_size": 32,
    "embedding": false,
    "only-FC": true,
    "only-trace": true,
    "model_parallel": true,
    "pipeline_parallel": false,
    "multi_tb_per_device": false
}
====================================== END CONF ======================================
====================================== MODEL CONF ======================================
{
    "model_name": "Llama2-70B",
    "n_heads": 64,
    "num_channels": 32,
    "channels_per_block": "N/A",
    "fc_devices": [
        1,
        2,
        4,
        8,
        16,
        32
    ],
    "reuse_size": 32,
    "embedding": false,
    "only-FC": false,
    "only-trace": true,
    "model_parallel": true,
    "pipeline_parallel": false,
    "multi_tb_per_device": false
}
====================================== END CONF ======================================
====================================== MODEL CONF ======================================
{
    "model_name": "Llama2-70B",
    "n_heads": 64,
    "num_channels": 32,
    "channels_per_block": "N/A",
    "fc_devices": [],
    "reuse_size": 32,
    "embedding": false,
    "only-FC": true,
    "only-trace": true,
    "model_parallel": true,
    "pipeline_parallel": false,
    "multi_tb_per_device": false
}
====================================== END CONF ======================================
====================================== MODEL CONF ======================================
{
    "model_name": "Llama2-70B",
    "n_heads": 64,
    "num_channels": 32,
    "channels_per_block": "N/A",
    "fc_devices": [
        1,
        2,
        4,
        8,
        16,
        32
    ],
    "reuse_size": 32,
    "embedding": false,
    "only-FC": false,
    "only-trace": true,
    "model_parallel": true,
    "pipeline_parallel": false,
    "multi_tb_per_device": false
}
====================================== END CONF ======================================
====================================== MODEL CONF ======================================
{
    "model_name": "Llama2-70B",
    "n_heads": 64,
    "num_channels": 32,
    "channels_per_block": "N/A",
    "fc_devices": [],
    "reuse_size": 32,
    "embedding": false,
    "only-FC": true,
    "only-trace": true,
    "model_parallel": true,
    "pipeline_parallel": false,
    "multi_tb_per_device": false
}
====================================== END CONF ======================================
====================================== MODEL CONF ======================================
{
    "model_name": "Llama2-70B",
    "n_heads": 64,
    "num_channels": 32,
    "channels_per_block": "N/A",
    "fc_devices": [
        1,
        2,
        4,
        8,
        16,
        32
    ],
    "reuse_size": 32,
    "embedding": false,
    "only-FC": false,
    "only-trace": true,
    "model_parallel": true,
    "pipeline_parallel": false,
    "multi_tb_per_device": false
}
====================================== END CONF ======================================
====================================== MODEL CONF ======================================
{
    "model_name": "Llama2-70B",
    "n_heads": 64,
    "num_channels": 32,
    "channels_per_block": "N/A",
    "fc_devices": [],
    "reuse_size": 32,
    "embedding": false,
    "only-FC": true,
    "only-trace": true,
    "model_parallel": true,
    "pipeline_parallel": false,
    "multi_tb_per_device": false
}
====================================== END CONF ======================================
====================================== MODEL CONF ======================================
{
    "model_name": "Llama2-70B",
    "n_heads": 64,
    "num_channels": 32,
    "channels_per_block": "N/A",
    "fc_devices": [
        1,
        2,
        4,
        8,
        16,
        32
    ],
    "reuse_size": 32,
    "embedding": false,
    "only-FC": false,
    "only-trace": true,
    "model_parallel": true,
    "pipeline_parallel": false,
    "multi_tb_per_device": false
}
====================================== END CONF ======================================
====================================== MODEL CONF ======================================
{
    "model_name": "Llama2-70B",
    "n_heads": 64,
    "num_channels": 32,
    "channels_per_block": "N/A",
    "fc_devices": [],
    "reuse_size": 32,
    "embedding": false,
    "only-FC": true,
    "only-trace": true,
    "model_parallel": true,
    "pipeline_parallel": false,
    "multi_tb_per_device": false
}
====================================== END CONF ======================================
====================================== MODEL CONF ======================================
{
    "model_name": "Llama2-70B",
    "n_heads": 64,
    "num_channels": 32,
    "channels_per_block": "N/A",
    "fc_devices": [
        1,
        2,
        4,
        8,
        16,
        32
    ],
    "reuse_size": 32,
    "embedding": false,
    "only-FC": false,
    "only-trace": true,
    "model_parallel": true,
    "pipeline_parallel": false,
    "multi_tb_per_device": false
}
====================================== END CONF ======================================
====================================== MODEL CONF ======================================
{
    "model_name": "Llama2-70B",
    "n_heads": 64,
    "num_channels": 32,
    "channels_per_block": "N/A",
    "fc_devices": [],
    "reuse_size": 32,
    "embedding": false,
    "only-FC": true,
    "only-trace": true,
    "model_parallel": true,
    "pipeline_parallel": false,
    "multi_tb_per_device": false
}
====================================== END CONF ======================================
====================================== MODEL CONF ======================================
{
    "model_name": "Llama2-70B",
    "n_heads": 64,
    "num_channels": 32,
    "channels_per_block": "N/A",
    "fc_devices": [
        1,
        2,
        4,
        8,
        16,
        32
    ],
    "reuse_size": 32,
    "embedding": false,
    "only-FC": false,
    "only-trace": true,
    "model_parallel": true,
    "pipeline_parallel": false,
    "multi_tb_per_device": false
}
====================================== END CONF ======================================
====================================== MODEL CONF ======================================
{
    "model_name": "Llama2-70B",
    "n_heads": 64,
    "num_channels": 32,
    "channels_per_block": "N/A",
    "fc_devices": [],
    "reuse_size": 32,
    "embedding": false,
    "only-FC": true,
    "only-trace": true,
    "model_parallel": true,
    "pipeline_parallel": false,
    "multi_tb_per_device": false
}
====================================== END CONF ======================================
====================================== MODEL CONF ======================================
{
    "model_name": "Llama2-70B",
    "n_heads": 64,
    "num_channels": 32,
    "channels_per_block": "N/A",
    "fc_devices": [
        1,
        2,
        4,
        8,
        16,
        32
    ],
    "reuse_size": 32,
    "embedding": false,
    "only-FC": false,
    "only-trace": true,
    "model_parallel": true,
    "pipeline_parallel": false,
    "multi_tb_per_device": false
}
====================================== END CONF ======================================
====================================== MODEL CONF ======================================
{
    "model_name": "Llama2-70B",
    "n_heads": 64,
    "num_channels": 32,
    "channels_per_block": "N/A",
    "fc_devices": [],
    "reuse_size": 32,
    "embedding": false,
    "only-FC": true,
    "only-trace": true,
    "model_parallel": true,
    "pipeline_parallel": false,
    "multi_tb_per_device": false
}
====================================== END CONF ======================================
====================================== MODEL CONF ======================================
{
    "model_name": "Llama2-70B",
    "n_heads": 64,
    "num_channels": 32,
    "channels_per_block": "N/A",
    "fc_devices": [
        1,
        2,
        4,
        8,
        16,
        32
    ],
    "reuse_size": 32,
    "embedding": false,
    "only-FC": false,
    "only-trace": true,
    "model_parallel": true,
    "pipeline_parallel": false,
    "multi_tb_per_device": false
}
====================================== END CONF ======================================
====================================== MODEL CONF ======================================
{
    "model_name": "Llama2-70B",
    "n_heads": 64,
    "num_channels": 32,
    "channels_per_block": "N/A",
    "fc_devices": [],
    "reuse_size": 32,
    "embedding": false,
    "only-FC": true,
    "only-trace": true,
    "model_parallel": true,
    "pipeline_parallel": false,
    "multi_tb_per_device": false
}
====================================== END CONF ======================================
====================================== MODEL CONF ======================================
{
    "model_name": "Llama2-70B",
    "n_heads": 64,
    "num_channels": 32,
    "channels_per_block": "N/A",
    "fc_devices": [
        1,
        2,
        4,
        8,
        16,
        32
    ],
    "reuse_size": 32,
    "embedding": false,
    "only-FC": false,
    "only-trace": true,
    "model_parallel": true,
    "pipeline_parallel": false,
    "multi_tb_per_device": false
}
====================================== END CONF ======================================
====================================== MODEL CONF ======================================
{
    "model_name": "Llama2-70B",
    "n_heads": 64,
    "num_channels": 32,
    "channels_per_block": "N/A",
    "fc_devices": [],
    "reuse_size": 32,
    "embedding": false,
    "only-FC": true,
    "only-trace": true,
    "model_parallel": true,
    "pipeline_parallel": false,
    "multi_tb_per_device": false
}
====================================== END CONF ======================================
====================================== MODEL CONF ======================================
{
    "model_name": "Llama2-70B",
    "n_heads": 64,
    "num_channels": 32,
    "channels_per_block": "N/A",
    "fc_devices": [
        1,
        2,
        4,
        8,
        16,
        32
    ],
    "reuse_size": 32,
    "embedding": false,
    "only-FC": false,
    "only-trace": true,
    "model_parallel": true,
    "pipeline_parallel": false,
    "multi_tb_per_device": false
}
====================================== END CONF ======================================
====================================== MODEL CONF ======================================
{
    "model_name": "Llama2-70B",
    "n_heads": 64,
    "num_channels": 32,
    "channels_per_block": "N/A",
    "fc_devices": [],
    "reuse_size": 32,
    "embedding": false,
    "only-FC": true,
    "only-trace": true,
    "model_parallel": true,
    "pipeline_parallel": false,
    "multi_tb_per_device": false
}
====================================== END CONF ======================================
====================================== MODEL CONF ======================================
{
    "model_name": "Llama2-70B",
    "n_heads": 64,
    "num_channels": 32,
    "channels_per_block": "N/A",
    "fc_devices": [
        1,
        2,
        4,
        8,
        16,
        32
    ],
    "reuse_size": 32,
    "embedding": false,
    "only-FC": false,
    "only-trace": true,
    "model_parallel": true,
    "pipeline_parallel": false,
    "multi_tb_per_device": false
}
====================================== END CONF ======================================
====================================== MODEL CONF ======================================
{
    "model_name": "Llama2-70B",
    "n_heads": 64,
    "num_channels": 32,
    "channels_per_block": "N/A",
    "fc_devices": [],
    "reuse_size": 32,
    "embedding": false,
    "only-FC": true,
    "only-trace": true,
    "model_parallel": true,
    "pipeline_parallel": false,
    "multi_tb_per_device": false
}
====================================== END CONF ======================================
====================================== MODEL CONF ======================================
{
    "model_name": "Llama2-70B",
    "n_heads": 64,
    "num_channels": 32,
    "channels_per_block": "N/A",
    "fc_devices": [
        1,
        2,
        4,
        8,
        16,
        32
    ],
    "reuse_size": 32,
    "embedding": false,
    "only-FC": false,
    "only-trace": true,
    "model_parallel": true,
    "pipeline_parallel": false,
    "multi_tb_per_device": false
}
====================================== END CONF ======================================
====================================== MODEL CONF ======================================
{
    "model_name": "Llama2-70B",
    "n_heads": 64,
    "num_channels": 32,
    "channels_per_block": "N/A",
    "fc_devices": [],
    "reuse_size": 32,
    "embedding": false,
    "only-FC": true,
    "only-trace": true,
    "model_parallel": true,
    "pipeline_parallel": false,
    "multi_tb_per_device": false
}
====================================== END CONF ======================================
====================================== MODEL CONF ======================================
{
    "model_name": "Llama2-70B",
    "n_heads": 64,
    "num_channels": 32,
    "channels_per_block": "N/A",
    "fc_devices": [
        1,
        2,
        4,
        8,
        16,
        32
    ],
    "reuse_size": 32,
    "embedding": false,
    "only-FC": false,
    "only-trace": true,
    "model_parallel": true,
    "pipeline_parallel": false,
    "multi_tb_per_device": false
}
====================================== END CONF ======================================
====================================== MODEL CONF ======================================
{
    "model_name": "Llama2-70B",
    "n_heads": 64,
    "num_channels": 32,
    "channels_per_block": "N/A",
    "fc_devices": [],
    "reuse_size": 32,
    "embedding": false,
    "only-FC": true,
    "only-trace": true,
    "model_parallel": true,
    "pipeline_parallel": false,
    "multi_tb_per_device": false
}
====================================== END CONF ======================================
====================================== MODEL CONF ======================================
{
    "model_name": "Llama2-70B",
    "n_heads": 64,
    "num_channels": 32,
    "channels_per_block": "N/A",
    "fc_devices": [
        1,
        2,
        4,
        8,
        16,
        32
    ],
    "reuse_size": 32,
    "embedding": false,
    "only-FC": false,
    "only-trace": true,
    "model_parallel": true,
    "pipeline_parallel": false,
    "multi_tb_per_device": false
}
====================================== END CONF ======================================
====================================== MODEL CONF ======================================
{
    "model_name": "Llama2-70B",
    "n_heads": 64,
    "num_channels": 32,
    "channels_per_block": "N/A",
    "fc_devices": [],
    "reuse_size": 32,
    "embedding": false,
    "only-FC": true,
    "only-trace": true,
    "model_parallel": true,
    "pipeline_parallel": false,
    "multi_tb_per_device": false
}
====================================== END CONF ======================================
====================================== MODEL CONF ======================================
{
    "model_name": "Llama2-70B",
    "n_heads": 64,
    "num_channels": 32,
    "channels_per_block": "N/A",
    "fc_devices": [
        1,
        2,
        4,
        8,
        16,
        32
    ],
    "reuse_size": 32,
    "embedding": false,
    "only-FC": false,
    "only-trace": true,
    "model_parallel": true,
    "pipeline_parallel": false,
    "multi_tb_per_device": false
}
====================================== END CONF ======================================
====================================== MODEL CONF ======================================
{
    "model_name": "Llama2-70B",
    "n_heads": 64,
    "num_channels": 32,
    "channels_per_block": "N/A",
    "fc_devices": [],
    "reuse_size": 32,
    "embedding": false,
    "only-FC": true,
    "only-trace": true,
    "model_parallel": true,
    "pipeline_parallel": false,
    "multi_tb_per_device": false
}
====================================== END CONF ======================================
====================================== MODEL CONF ======================================
{
    "model_name": "Llama2-70B",
    "n_heads": 64,
    "num_channels": 32,
    "channels_per_block": "N/A",
    "fc_devices": [
        1,
        2,
        4,
        8,
        16,
        32
    ],
    "reuse_size": 32,
    "embedding": false,
    "only-FC": false,
    "only-trace": true,
    "model_parallel": true,
    "pipeline_parallel": false,
    "multi_tb_per_device": false
}
====================================== END CONF ======================================
====================================== MODEL CONF ======================================
{
    "model_name": "Llama2-70B",
    "n_heads": 64,
    "num_channels": 32,
    "channels_per_block": "N/A",
    "fc_devices": [],
    "reuse_size": 32,
    "embedding": false,
    "only-FC": true,
    "only-trace": true,
    "model_parallel": true,
    "pipeline_parallel": false,
    "multi_tb_per_device": false
}
====================================== END CONF ======================================
====================================== MODEL CONF ======================================
{
    "model_name": "Llama2-70B",
    "n_heads": 64,
    "num_channels": 32,
    "channels_per_block": "N/A",
    "fc_devices": [
        1,
        2,
        4,
        8,
        16,
        32
    ],
    "reuse_size": 32,
    "embedding": false,
    "only-FC": false,
    "only-trace": true,
    "model_parallel": true,
    "pipeline_parallel": false,
    "multi_tb_per_device": false
}
====================================== END CONF ======================================
====================================== MODEL CONF ======================================
{
    "model_name": "Llama2-70B",
    "n_heads": 64,
    "num_channels": 32,
    "channels_per_block": "N/A",
    "fc_devices": [],
    "reuse_size": 32,
    "embedding": false,
    "only-FC": true,
    "only-trace": true,
    "model_parallel": true,
    "pipeline_parallel": false,
    "multi_tb_per_device": false
}
====================================== END CONF ======================================
====================================== MODEL CONF ======================================
{
    "model_name": "Llama2-70B",
    "n_heads": 64,
    "num_channels": 32,
    "channels_per_block": "N/A",
    "fc_devices": [
        1,
        2,
        4,
        8,
        16,
        32
    ],
    "reuse_size": 32,
    "embedding": false,
    "only-FC": false,
    "only-trace": true,
    "model_parallel": true,
    "pipeline_parallel": false,
    "multi_tb_per_device": false
}
====================================== END CONF ======================================
====================================== MODEL CONF ======================================
{
    "model_name": "Llama2-70B",
    "n_heads": 64,
    "num_channels": 32,
    "channels_per_block": "N/A",
    "fc_devices": [],
    "reuse_size": 32,
    "embedding": false,
    "only-FC": true,
    "only-trace": true,
    "model_parallel": true,
    "pipeline_parallel": false,
    "multi_tb_per_device": false
}
====================================== END CONF ======================================
====================================== MODEL CONF ======================================
{
    "model_name": "Llama2-70B",
    "n_heads": 64,
    "num_channels": 32,
    "channels_per_block": "N/A",
    "fc_devices": [
        1,
        2,
        4,
        8,
        16,
        32
    ],
    "reuse_size": 32,
    "embedding": false,
    "only-FC": false,
    "only-trace": true,
    "model_parallel": true,
    "pipeline_parallel": false,
    "multi_tb_per_device": false
}
====================================== END CONF ======================================
====================================== MODEL CONF ======================================
{
    "model_name": "Llama2-70B",
    "n_heads": 64,
    "num_channels": 32,
    "channels_per_block": "N/A",
    "fc_devices": [],
    "reuse_size": 32,
    "embedding": false,
    "only-FC": true,
    "only-trace": true,
    "model_parallel": true,
    "pipeline_parallel": false,
    "multi_tb_per_device": false
}
====================================== END CONF ======================================
====================================== MODEL CONF ======================================
{
    "model_name": "Llama2-70B",
    "n_heads": 64,
    "num_channels": 32,
    "channels_per_block": "N/A",
    "fc_devices": [
        1,
        2,
        4,
        8,
        16,
        32
    ],
    "reuse_size": 32,
    "embedding": false,
    "only-FC": false,
    "only-trace": true,
    "model_parallel": true,
    "pipeline_parallel": false,
    "multi_tb_per_device": false
}
====================================== END CONF ======================================
====================================== MODEL CONF ======================================
{
    "model_name": "Llama2-70B",
    "n_heads": 64,
    "num_channels": 32,
    "channels_per_block": "N/A",
    "fc_devices": [],
    "reuse_size": 32,
    "embedding": false,
    "only-FC": true,
    "only-trace": true,
    "model_parallel": true,
    "pipeline_parallel": false,
    "multi_tb_per_device": false
}
====================================== END CONF ======================================
====================================== MODEL CONF ======================================
{
    "model_name": "Llama2-70B",
    "n_heads": 64,
    "num_channels": 32,
    "channels_per_block": "N/A",
    "fc_devices": [
        1,
        2,
        4,
        8,
        16,
        32
    ],
    "reuse_size": 32,
    "embedding": false,
    "only-FC": false,
    "only-trace": true,
    "model_parallel": true,
    "pipeline_parallel": false,
    "multi_tb_per_device": false
}
====================================== END CONF ======================================
====================================== MODEL CONF ======================================
{
    "model_name": "Llama2-70B",
    "n_heads": 64,
    "num_channels": 32,
    "channels_per_block": "N/A",
    "fc_devices": [],
    "reuse_size": 32,
    "embedding": false,
    "only-FC": true,
    "only-trace": true,
    "model_parallel": true,
    "pipeline_parallel": false,
    "multi_tb_per_device": false
}
====================================== END CONF ======================================
====================================== MODEL CONF ======================================
{
    "model_name": "Llama2-70B",
    "n_heads": 64,
    "num_channels": 32,
    "channels_per_block": "N/A",
    "fc_devices": [
        1,
        2,
        4,
        8,
        16,
        32
    ],
    "reuse_size": 32,
    "embedding": false,
    "only-FC": false,
    "only-trace": true,
    "model_parallel": true,
    "pipeline_parallel": false,
    "multi_tb_per_device": false
}
====================================== END CONF ======================================
====================================== MODEL CONF ======================================
{
    "model_name": "Llama2-70B",
    "n_heads": 64,
    "num_channels": 32,
    "channels_per_block": "N/A",
    "fc_devices": [],
    "reuse_size": 32,
    "embedding": false,
    "only-FC": true,
    "only-trace": true,
    "model_parallel": true,
    "pipeline_parallel": false,
    "multi_tb_per_device": false
}
====================================== END CONF ======================================
====================================== MODEL CONF ======================================
{
    "model_name": "Llama2-70B",
    "n_heads": 64,
    "num_channels": 32,
    "channels_per_block": "N/A",
    "fc_devices": [
        1,
        2,
        4,
        8,
        16,
        32
    ],
    "reuse_size": 32,
    "embedding": false,
    "only-FC": false,
    "only-trace": true,
    "model_parallel": true,
    "pipeline_parallel": false,
    "multi_tb_per_device": false
}
====================================== END CONF ======================================
====================================== MODEL CONF ======================================
{
    "model_name": "Llama2-70B",
    "n_heads": 64,
    "num_channels": 32,
    "channels_per_block": "N/A",
    "fc_devices": [],
    "reuse_size": 32,
    "embedding": false,
    "only-FC": true,
    "only-trace": true,
    "model_parallel": true,
    "pipeline_parallel": false,
    "multi_tb_per_device": false
}
====================================== END CONF ======================================
====================================== MODEL CONF ======================================
{
    "model_name": "Llama2-70B",
    "n_heads": 64,
    "num_channels": 32,
    "channels_per_block": "N/A",
    "fc_devices": [
        1,
        2,
        4,
        8,
        16,
        32
    ],
    "reuse_size": 32,
    "embedding": false,
    "only-FC": false,
    "only-trace": true,
    "model_parallel": true,
    "pipeline_parallel": false,
    "multi_tb_per_device": false
}
====================================== END CONF ======================================
====================================== MODEL CONF ======================================
{
    "model_name": "Llama2-70B",
    "n_heads": 64,
    "num_channels": 32,
    "channels_per_block": "N/A",
    "fc_devices": [],
    "reuse_size": 32,
    "embedding": false,
    "only-FC": true,
    "only-trace": true,
    "model_parallel": true,
    "pipeline_parallel": false,
    "multi_tb_per_device": false
}
====================================== END CONF ======================================
====================================== MODEL CONF ======================================
{
    "model_name": "Llama2-70B",
    "n_heads": 64,
    "num_channels": 32,
    "channels_per_block": "N/A",
    "fc_devices": [
        1,
        2,
        4,
        8,
        16,
        32
    ],
    "reuse_size": 32,
    "embedding": false,
    "only-FC": false,
    "only-trace": true,
    "model_parallel": true,
    "pipeline_parallel": false,
    "multi_tb_per_device": false
}
====================================== END CONF ======================================
====================================== MODEL CONF ======================================
{
    "model_name": "Llama2-70B",
    "n_heads": 64,
    "num_channels": 32,
    "channels_per_block": "N/A",
    "fc_devices": [],
    "reuse_size": 32,
    "embedding": false,
    "only-FC": true,
    "only-trace": true,
    "model_parallel": true,
    "pipeline_parallel": false,
    "multi_tb_per_device": false
}
====================================== END CONF ======================================
====================================== MODEL CONF ======================================
{
    "model_name": "Llama2-70B",
    "n_heads": 64,
    "num_channels": 32,
    "channels_per_block": "N/A",
    "fc_devices": [
        1,
        2,
        4,
        8,
        16,
        32
    ],
    "reuse_size": 32,
    "embedding": false,
    "only-FC": false,
    "only-trace": true,
    "model_parallel": true,
    "pipeline_parallel": false,
    "multi_tb_per_device": false
}
====================================== END CONF ======================================
====================================== MODEL CONF ======================================
{
    "model_name": "Llama2-70B",
    "n_heads": 64,
    "num_channels": 32,
    "channels_per_block": "N/A",
    "fc_devices": [],
    "reuse_size": 32,
    "embedding": false,
    "only-FC": true,
    "only-trace": true,
    "model_parallel": true,
    "pipeline_parallel": false,
    "multi_tb_per_device": false
}
====================================== END CONF ======================================
====================================== MODEL CONF ======================================
{
    "model_name": "Llama2-70B",
    "n_heads": 64,
    "num_channels": 32,
    "channels_per_block": "N/A",
    "fc_devices": [
        1,
        2,
        4,
        8,
        16,
        32
    ],
    "reuse_size": 32,
    "embedding": false,
    "only-FC": false,
    "only-trace": true,
    "model_parallel": true,
    "pipeline_parallel": false,
    "multi_tb_per_device": false
}
====================================== END CONF ======================================
====================================== MODEL CONF ======================================
{
    "model_name": "Llama2-70B",
    "n_heads": 64,
    "num_channels": 32,
    "channels_per_block": "N/A",
    "fc_devices": [],
    "reuse_size": 32,
    "embedding": false,
    "only-FC": true,
    "only-trace": true,
    "model_parallel": true,
    "pipeline_parallel": false,
    "multi_tb_per_device": false
}
====================================== END CONF ======================================
====================================== MODEL CONF ======================================
{
    "model_name": "Llama2-70B",
    "n_heads": 64,
    "num_channels": 32,
    "channels_per_block": "N/A",
    "fc_devices": [
        1,
        2,
        4,
        8,
        16,
        32
    ],
    "reuse_size": 32,
    "embedding": false,
    "only-FC": false,
    "only-trace": true,
    "model_parallel": true,
    "pipeline_parallel": false,
    "multi_tb_per_device": false
}
====================================== END CONF ======================================
====================================== MODEL CONF ======================================
{
    "model_name": "Llama2-70B",
    "n_heads": 64,
    "num_channels": 32,
    "channels_per_block": "N/A",
    "fc_devices": [],
    "reuse_size": 32,
    "embedding": false,
    "only-FC": true,
    "only-trace": true,
    "model_parallel": true,
    "pipeline_parallel": false,
    "multi_tb_per_device": false
}
====================================== END CONF ======================================
====================================== MODEL CONF ======================================
{
    "model_name": "Llama2-70B",
    "n_heads": 64,
    "num_channels": 32,
    "channels_per_block": "N/A",
    "fc_devices": [
        1,
        2,
        4,
        8,
        16,
        32
    ],
    "reuse_size": 32,
    "embedding": false,
    "only-FC": false,
    "only-trace": true,
    "model_parallel": true,
    "pipeline_parallel": false,
    "multi_tb_per_device": false
}
====================================== END CONF ======================================
====================================== MODEL CONF ======================================
{
    "model_name": "Llama2-70B",
    "n_heads": 64,
    "num_channels": 32,
    "channels_per_block": "N/A",
    "fc_devices": [],
    "reuse_size": 32,
    "embedding": false,
    "only-FC": true,
    "only-trace": true,
    "model_parallel": true,
    "pipeline_parallel": false,
    "multi_tb_per_device": false
}
====================================== END CONF ======================================
====================================== MODEL CONF ======================================
{
    "model_name": "Llama2-70B",
    "n_heads": 64,
    "num_channels": 32,
    "channels_per_block": "N/A",
    "fc_devices": [
        1,
        2,
        4,
        8,
        16,
        32
    ],
    "reuse_size": 32,
    "embedding": false,
    "only-FC": false,
    "only-trace": true,
    "model_parallel": true,
    "pipeline_parallel": false,
    "multi_tb_per_device": false
}
====================================== END CONF ======================================
====================================== MODEL CONF ======================================
{
    "model_name": "Llama2-70B",
    "n_heads": 64,
    "num_channels": 32,
    "channels_per_block": "N/A",
    "fc_devices": [],
    "reuse_size": 32,
    "embedding": false,
    "only-FC": true,
    "only-trace": true,
    "model_parallel": true,
    "pipeline_parallel": false,
    "multi_tb_per_device": false
}
====================================== END CONF ======================================
====================================== MODEL CONF ======================================
{
    "model_name": "Llama2-70B",
    "n_heads": 64,
    "num_channels": 32,
    "channels_per_block": "N/A",
    "fc_devices": [
        1,
        2,
        4,
        8,
        16,
        32
    ],
    "reuse_size": 32,
    "embedding": false,
    "only-FC": false,
    "only-trace": true,
    "model_parallel": true,
    "pipeline_parallel": false,
    "multi_tb_per_device": false
}
====================================== END CONF ======================================
====================================== MODEL CONF ======================================
{
    "model_name": "Llama2-70B",
    "n_heads": 64,
    "num_channels": 32,
    "channels_per_block": "N/A",
    "fc_devices": [],
    "reuse_size": 32,
    "embedding": false,
    "only-FC": true,
    "only-trace": true,
    "model_parallel": true,
    "pipeline_parallel": false,
    "multi_tb_per_device": false
}
====================================== END CONF ======================================
====================================== MODEL CONF ======================================
{
    "model_name": "Llama2-70B",
    "n_heads": 64,
    "num_channels": 32,
    "channels_per_block": "N/A",
    "fc_devices": [
        1,
        2,
        4,
        8,
        16,
        32
    ],
    "reuse_size": 32,
    "embedding": false,
    "only-FC": false,
    "only-trace": true,
    "model_parallel": true,
    "pipeline_parallel": false,
    "multi_tb_per_device": false
}
====================================== END CONF ======================================
====================================== MODEL CONF ======================================
{
    "model_name": "Llama2-70B",
    "n_heads": 64,
    "num_channels": 32,
    "channels_per_block": "N/A",
    "fc_devices": [],
    "reuse_size": 32,
    "embedding": false,
    "only-FC": true,
    "only-trace": true,
    "model_parallel": true,
    "pipeline_parallel": false,
    "multi_tb_per_device": false
}
====================================== END CONF ======================================
====================================== MODEL CONF ======================================
{
    "model_name": "Llama2-70B",
    "n_heads": 64,
    "num_channels": 32,
    "channels_per_block": "N/A",
    "fc_devices": [
        1,
        2,
        4,
        8,
        16,
        32
    ],
    "reuse_size": 32,
    "embedding": false,
    "only-FC": false,
    "only-trace": true,
    "model_parallel": true,
    "pipeline_parallel": false,
    "multi_tb_per_device": false
}
====================================== END CONF ======================================
====================================== MODEL CONF ======================================
{
    "model_name": "Llama2-70B",
    "n_heads": 64,
    "num_channels": 32,
    "channels_per_block": "N/A",
    "fc_devices": [],
    "reuse_size": 32,
    "embedding": false,
    "only-FC": true,
    "only-trace": true,
    "model_parallel": true,
    "pipeline_parallel": false,
    "multi_tb_per_device": false
}
====================================== END CONF ======================================
====================================== MODEL CONF ======================================
{
    "model_name": "Llama2-70B",
    "n_heads": 64,
    "num_channels": 32,
    "channels_per_block": "N/A",
    "fc_devices": [
        1,
        2,
        4,
        8,
        16,
        32
    ],
    "reuse_size": 32,
    "embedding": false,
    "only-FC": false,
    "only-trace": true,
    "model_parallel": true,
    "pipeline_parallel": false,
    "multi_tb_per_device": false
}
====================================== END CONF ======================================
====================================== MODEL CONF ======================================
{
    "model_name": "Llama2-70B",
    "n_heads": 64,
    "num_channels": 32,
    "channels_per_block": "N/A",
    "fc_devices": [],
    "reuse_size": 32,
    "embedding": false,
    "only-FC": true,
    "only-trace": true,
    "model_parallel": true,
    "pipeline_parallel": false,
    "multi_tb_per_device": false
}
====================================== END CONF ======================================
====================================== MODEL CONF ======================================
{
    "model_name": "Llama2-70B",
    "n_heads": 64,
    "num_channels": 32,
    "channels_per_block": "N/A",
    "fc_devices": [
        1,
        2,
        4,
        8,
        16,
        32
    ],
    "reuse_size": 32,
    "embedding": false,
    "only-FC": false,
    "only-trace": true,
    "model_parallel": true,
    "pipeline_parallel": false,
    "multi_tb_per_device": false
}
====================================== END CONF ======================================
====================================== MODEL CONF ======================================
{
    "model_name": "Llama2-70B",
    "n_heads": 64,
    "num_channels": 32,
    "channels_per_block": "N/A",
    "fc_devices": [],
    "reuse_size": 32,
    "embedding": false,
    "only-FC": true,
    "only-trace": true,
    "model_parallel": true,
    "pipeline_parallel": false,
    "multi_tb_per_device": false
}
====================================== END CONF ======================================
====================================== MODEL CONF ======================================
{
    "model_name": "Llama2-70B",
    "n_heads": 64,
    "num_channels": 32,
    "channels_per_block": "N/A",
    "fc_devices": [
        1,
        2,
        4,
        8,
        16,
        32
    ],
    "reuse_size": 32,
    "embedding": false,
    "only-FC": false,
    "only-trace": true,
    "model_parallel": true,
    "pipeline_parallel": false,
    "multi_tb_per_device": false
}
====================================== END CONF ======================================
====================================== MODEL CONF ======================================
{
    "model_name": "Llama2-70B",
    "n_heads": 64,
    "num_channels": 32,
    "channels_per_block": "N/A",
    "fc_devices": [],
    "reuse_size": 32,
    "embedding": false,
    "only-FC": true,
    "only-trace": true,
    "model_parallel": true,
    "pipeline_parallel": false,
    "multi_tb_per_device": false
}
====================================== END CONF ======================================
====================================== MODEL CONF ======================================
{
    "model_name": "Llama2-70B",
    "n_heads": 64,
    "num_channels": 32,
    "channels_per_block": "N/A",
    "fc_devices": [
        1,
        2,
        4,
        8,
        16,
        32
    ],
    "reuse_size": 32,
    "embedding": false,
    "only-FC": false,
    "only-trace": true,
    "model_parallel": true,
    "pipeline_parallel": false,
    "multi_tb_per_device": false
}
====================================== END CONF ======================================
====================================== MODEL CONF ======================================
{
    "model_name": "Llama2-70B",
    "n_heads": 64,
    "num_channels": 32,
    "channels_per_block": "N/A",
    "fc_devices": [],
    "reuse_size": 32,
    "embedding": false,
    "only-FC": true,
    "only-trace": true,
    "model_parallel": true,
    "pipeline_parallel": false,
    "multi_tb_per_device": false
}
====================================== END CONF ======================================
====================================== MODEL CONF ======================================
{
    "model_name": "Llama2-70B",
    "n_heads": 64,
    "num_channels": 32,
    "channels_per_block": "N/A",
    "fc_devices": [
        1,
        2,
        4,
        8,
        16,
        32
    ],
    "reuse_size": 32,
    "embedding": false,
    "only-FC": false,
    "only-trace": true,
    "model_parallel": true,
    "pipeline_parallel": false,
    "multi_tb_per_device": false
}
====================================== END CONF ======================================
====================================== MODEL CONF ======================================
{
    "model_name": "Llama2-70B",
    "n_heads": 64,
    "num_channels": 32,
    "channels_per_block": "N/A",
    "fc_devices": [],
    "reuse_size": 32,
    "embedding": false,
    "only-FC": true,
    "only-trace": true,
    "model_parallel": true,
    "pipeline_parallel": false,
    "multi_tb_per_device": false
}
====================================== END CONF ======================================
====================================== MODEL CONF ======================================
{
    "model_name": "Llama2-70B",
    "n_heads": 64,
    "num_channels": 32,
    "channels_per_block": "N/A",
    "fc_devices": [
        1,
        2,
        4,
        8,
        16,
        32
    ],
    "reuse_size": 32,
    "embedding": false,
    "only-FC": false,
    "only-trace": true,
    "model_parallel": true,
    "pipeline_parallel": false,
    "multi_tb_per_device": false
}
====================================== END CONF ======================================
====================================== MODEL CONF ======================================
{
    "model_name": "Llama2-70B",
    "n_heads": 64,
    "num_channels": 32,
    "channels_per_block": "N/A",
    "fc_devices": [],
    "reuse_size": 32,
    "embedding": false,
    "only-FC": true,
    "only-trace": true,
    "model_parallel": true,
    "pipeline_parallel": false,
    "multi_tb_per_device": false
}
====================================== END CONF ======================================
====================================== MODEL CONF ======================================
{
    "model_name": "Llama2-70B",
    "n_heads": 64,
    "num_channels": 32,
    "channels_per_block": "N/A",
    "fc_devices": [
        1,
        2,
        4,
        8,
        16,
        32
    ],
    "reuse_size": 32,
    "embedding": false,
    "only-FC": false,
    "only-trace": true,
    "model_parallel": true,
    "pipeline_parallel": false,
    "multi_tb_per_device": false
}
====================================== END CONF ======================================
====================================== MODEL CONF ======================================
{
    "model_name": "Llama2-70B",
    "n_heads": 64,
    "num_channels": 32,
    "channels_per_block": "N/A",
    "fc_devices": [],
    "reuse_size": 32,
    "embedding": false,
    "only-FC": true,
    "only-trace": true,
    "model_parallel": true,
    "pipeline_parallel": false,
    "multi_tb_per_device": false
}
====================================== END CONF ======================================
====================================== MODEL CONF ======================================
{
    "model_name": "Llama2-70B",
    "n_heads": 64,
    "num_channels": 32,
    "channels_per_block": "N/A",
    "fc_devices": [
        1,
        2,
        4,
        8,
        16,
        32
    ],
    "reuse_size": 32,
    "embedding": false,
    "only-FC": false,
    "only-trace": true,
    "model_parallel": true,
    "pipeline_parallel": false,
    "multi_tb_per_device": false
}
====================================== END CONF ======================================
====================================== MODEL CONF ======================================
{
    "model_name": "Llama2-70B",
    "n_heads": 64,
    "num_channels": 32,
    "channels_per_block": "N/A",
    "fc_devices": [],
    "reuse_size": 32,
    "embedding": false,
    "only-FC": true,
    "only-trace": true,
    "model_parallel": true,
    "pipeline_parallel": false,
    "multi_tb_per_device": false
}
====================================== END CONF ======================================
====================================== MODEL CONF ======================================
{
    "model_name": "Llama2-70B",
    "n_heads": 64,
    "num_channels": 32,
    "channels_per_block": "N/A",
    "fc_devices": [
        1,
        2,
        4,
        8,
        16,
        32
    ],
    "reuse_size": 32,
    "embedding": false,
    "only-FC": false,
    "only-trace": true,
    "model_parallel": true,
    "pipeline_parallel": false,
    "multi_tb_per_device": false
}
====================================== END CONF ======================================
====================================== MODEL CONF ======================================
{
    "model_name": "Llama2-70B",
    "n_heads": 64,
    "num_channels": 32,
    "channels_per_block": "N/A",
    "fc_devices": [],
    "reuse_size": 32,
    "embedding": false,
    "only-FC": true,
    "only-trace": true,
    "model_parallel": true,
    "pipeline_parallel": false,
    "multi_tb_per_device": false
}
====================================== END CONF ======================================
====================================== MODEL CONF ======================================
{
    "model_name": "Llama2-70B",
    "n_heads": 64,
    "num_channels": 32,
    "channels_per_block": "N/A",
    "fc_devices": [
        1,
        2,
        4,
        8,
        16,
        32
    ],
    "reuse_size": 32,
    "embedding": false,
    "only-FC": false,
    "only-trace": true,
    "model_parallel": true,
    "pipeline_parallel": false,
    "multi_tb_per_device": false
}
====================================== END CONF ======================================
====================================== MODEL CONF ======================================
{
    "model_name": "Llama2-70B",
    "n_heads": 64,
    "num_channels": 32,
    "channels_per_block": "N/A",
    "fc_devices": [],
    "reuse_size": 32,
    "embedding": false,
    "only-FC": true,
    "only-trace": true,
    "model_parallel": true,
    "pipeline_parallel": false,
    "multi_tb_per_device": false
}
====================================== END CONF ======================================
====================================== MODEL CONF ======================================
{
    "model_name": "Llama2-70B",
    "n_heads": 64,
    "num_channels": 32,
    "channels_per_block": "N/A",
    "fc_devices": [
        1,
        2,
        4,
        8,
        16,
        32
    ],
    "reuse_size": 32,
    "embedding": false,
    "only-FC": false,
    "only-trace": true,
    "model_parallel": true,
    "pipeline_parallel": false,
    "multi_tb_per_device": false
}
====================================== END CONF ======================================
====================================== MODEL CONF ======================================
{
    "model_name": "Llama2-70B",
    "n_heads": 64,
    "num_channels": 32,
    "channels_per_block": "N/A",
    "fc_devices": [],
    "reuse_size": 32,
    "embedding": false,
    "only-FC": true,
    "only-trace": true,
    "model_parallel": true,
    "pipeline_parallel": false,
    "multi_tb_per_device": false
}
====================================== END CONF ======================================
====================================== MODEL CONF ======================================
{
    "model_name": "Llama2-70B",
    "n_heads": 64,
    "num_channels": 32,
    "channels_per_block": "N/A",
    "fc_devices": [
        1,
        2,
        4,
        8,
        16,
        32
    ],
    "reuse_size": 32,
    "embedding": false,
    "only-FC": false,
    "only-trace": true,
    "model_parallel": true,
    "pipeline_parallel": false,
    "multi_tb_per_device": false
}
====================================== END CONF ======================================
====================================== MODEL CONF ======================================
{
    "model_name": "Llama2-70B",
    "n_heads": 64,
    "num_channels": 32,
    "channels_per_block": "N/A",
    "fc_devices": [],
    "reuse_size": 32,
    "embedding": false,
    "only-FC": true,
    "only-trace": true,
    "model_parallel": true,
    "pipeline_parallel": false,
    "multi_tb_per_device": false
}
====================================== END CONF ======================================
====================================== MODEL CONF ======================================
{
    "model_name": "Llama2-70B",
    "n_heads": 64,
    "num_channels": 32,
    "channels_per_block": "N/A",
    "fc_devices": [
        1,
        2,
        4,
        8,
        16,
        32
    ],
    "reuse_size": 32,
    "embedding": false,
    "only-FC": false,
    "only-trace": true,
    "model_parallel": true,
    "pipeline_parallel": false,
    "multi_tb_per_device": false
}
====================================== END CONF ======================================
====================================== MODEL CONF ======================================
{
    "model_name": "Llama2-70B",
    "n_heads": 64,
    "num_channels": 32,
    "channels_per_block": "N/A",
    "fc_devices": [],
    "reuse_size": 32,
    "embedding": false,
    "only-FC": true,
    "only-trace": true,
    "model_parallel": true,
    "pipeline_parallel": false,
    "multi_tb_per_device": false
}
====================================== END CONF ======================================
====================================== MODEL CONF ======================================
{
    "model_name": "Llama2-70B",
    "n_heads": 64,
    "num_channels": 32,
    "channels_per_block": "N/A",
    "fc_devices": [
        1,
        2,
        4,
        8,
        16,
        32
    ],
    "reuse_size": 32,
    "embedding": false,
    "only-FC": false,
    "only-trace": true,
    "model_parallel": true,
    "pipeline_parallel": false,
    "multi_tb_per_device": false
}
====================================== END CONF ======================================
====================================== MODEL CONF ======================================
{
    "model_name": "Llama2-70B",
    "n_heads": 64,
    "num_channels": 32,
    "channels_per_block": "N/A",
    "fc_devices": [],
    "reuse_size": 32,
    "embedding": false,
    "only-FC": true,
    "only-trace": true,
    "model_parallel": true,
    "pipeline_parallel": false,
    "multi_tb_per_device": false
}
====================================== END CONF ======================================
====================================== MODEL CONF ======================================
{
    "model_name": "Llama2-70B",
    "n_heads": 64,
    "num_channels": 32,
    "channels_per_block": "N/A",
    "fc_devices": [
        1,
        2,
        4,
        8,
        16,
        32
    ],
    "reuse_size": 32,
    "embedding": false,
    "only-FC": false,
    "only-trace": true,
    "model_parallel": true,
    "pipeline_parallel": false,
    "multi_tb_per_device": false
}
====================================== END CONF ======================================
====================================== MODEL CONF ======================================
{
    "model_name": "Llama2-70B",
    "n_heads": 64,
    "num_channels": 32,
    "channels_per_block": "N/A",
    "fc_devices": [],
    "reuse_size": 32,
    "embedding": false,
    "only-FC": true,
    "only-trace": true,
    "model_parallel": true,
    "pipeline_parallel": false,
    "multi_tb_per_device": false
}
====================================== END CONF ======================================
====================================== MODEL CONF ======================================
{
    "model_name": "Llama2-70B",
    "n_heads": 64,
    "num_channels": 32,
    "channels_per_block": "N/A",
    "fc_devices": [
        1,
        2,
        4,
        8,
        16,
        32
    ],
    "reuse_size": 32,
    "embedding": false,
    "only-FC": false,
    "only-trace": true,
    "model_parallel": true,
    "pipeline_parallel": false,
    "multi_tb_per_device": false
}
====================================== END CONF ======================================
====================================== MODEL CONF ======================================
{
    "model_name": "Llama2-70B",
    "n_heads": 64,
    "num_channels": 32,
    "channels_per_block": "N/A",
    "fc_devices": [],
    "reuse_size": 32,
    "embedding": false,
    "only-FC": true,
    "only-trace": true,
    "model_parallel": true,
    "pipeline_parallel": false,
    "multi_tb_per_device": false
}
====================================== END CONF ======================================
====================================== MODEL CONF ======================================
{
    "model_name": "Llama2-70B",
    "n_heads": 64,
    "num_channels": 32,
    "channels_per_block": "N/A",
    "fc_devices": [
        1,
        2,
        4,
        8,
        16,
        32
    ],
    "reuse_size": 32,
    "embedding": false,
    "only-FC": false,
    "only-trace": true,
    "model_parallel": true,
    "pipeline_parallel": false,
    "multi_tb_per_device": false
}
====================================== END CONF ======================================
====================================== MODEL CONF ======================================
{
    "model_name": "Llama2-70B",
    "n_heads": 64,
    "num_channels": 32,
    "channels_per_block": "N/A",
    "fc_devices": [],
    "reuse_size": 32,
    "embedding": false,
    "only-FC": true,
    "only-trace": true,
    "model_parallel": true,
    "pipeline_parallel": false,
    "multi_tb_per_device": false
}
====================================== END CONF ======================================
====================================== MODEL CONF ======================================
{
    "model_name": "Llama2-70B",
    "n_heads": 64,
    "num_channels": 32,
    "channels_per_block": "N/A",
    "fc_devices": [
        1,
        2,
        4,
        8,
        16,
        32
    ],
    "reuse_size": 32,
    "embedding": false,
    "only-FC": false,
    "only-trace": true,
    "model_parallel": true,
    "pipeline_parallel": false,
    "multi_tb_per_device": false
}
====================================== END CONF ======================================
====================================== MODEL CONF ======================================
{
    "model_name": "Llama2-70B",
    "n_heads": 64,
    "num_channels": 32,
    "channels_per_block": "N/A",
    "fc_devices": [],
    "reuse_size": 32,
    "embedding": false,
    "only-FC": true,
    "only-trace": true,
    "model_parallel": true,
    "pipeline_parallel": false,
    "multi_tb_per_device": false
}
====================================== END CONF ======================================
====================================== MODEL CONF ======================================
{
    "model_name": "Llama2-70B",
    "n_heads": 64,
    "num_channels": 32,
    "channels_per_block": "N/A",
    "fc_devices": [
        1,
        2,
        4,
        8,
        16,
        32
    ],
    "reuse_size": 32,
    "embedding": false,
    "only-FC": false,
    "only-trace": true,
    "model_parallel": true,
    "pipeline_parallel": false,
    "multi_tb_per_device": false
}
====================================== END CONF ======================================
====================================== MODEL CONF ======================================
{
    "model_name": "Llama2-70B",
    "n_heads": 64,
    "num_channels": 32,
    "channels_per_block": "N/A",
    "fc_devices": [],
    "reuse_size": 32,
    "embedding": false,
    "only-FC": true,
    "only-trace": true,
    "model_parallel": true,
    "pipeline_parallel": false,
    "multi_tb_per_device": false
}
====================================== END CONF ======================================
====================================== MODEL CONF ======================================
{
    "model_name": "Llama2-70B",
    "n_heads": 64,
    "num_channels": 32,
    "channels_per_block": "N/A",
    "fc_devices": [
        1,
        2,
        4,
        8,
        16,
        32
    ],
    "reuse_size": 32,
    "embedding": false,
    "only-FC": false,
    "only-trace": true,
    "model_parallel": true,
    "pipeline_parallel": false,
    "multi_tb_per_device": false
}
====================================== END CONF ======================================
====================================== MODEL CONF ======================================
{
    "model_name": "Llama2-70B",
    "n_heads": 64,
    "num_channels": 32,
    "channels_per_block": "N/A",
    "fc_devices": [],
    "reuse_size": 32,
    "embedding": false,
    "only-FC": true,
    "only-trace": true,
    "model_parallel": true,
    "pipeline_parallel": false,
    "multi_tb_per_device": false
}
====================================== END CONF ======================================
====================================== MODEL CONF ======================================
{
    "model_name": "Llama2-70B",
    "n_heads": 64,
    "num_channels": 32,
    "channels_per_block": "N/A",
    "fc_devices": [
        1,
        2,
        4,
        8,
        16,
        32
    ],
    "reuse_size": 32,
    "embedding": false,
    "only-FC": false,
    "only-trace": true,
    "model_parallel": true,
    "pipeline_parallel": false,
    "multi_tb_per_device": false
}
====================================== END CONF ======================================
====================================== MODEL CONF ======================================
{
    "model_name": "Llama2-70B",
    "n_heads": 64,
    "num_channels": 32,
    "channels_per_block": "N/A",
    "fc_devices": [],
    "reuse_size": 32,
    "embedding": false,
    "only-FC": true,
    "only-trace": true,
    "model_parallel": true,
    "pipeline_parallel": false,
    "multi_tb_per_device": false
}
====================================== END CONF ======================================
====================================== MODEL CONF ======================================
{
    "model_name": "Llama2-70B",
    "n_heads": 64,
    "num_channels": 32,
    "channels_per_block": "N/A",
    "fc_devices": [
        1,
        2,
        4,
        8,
        16,
        32
    ],
    "reuse_size": 32,
    "embedding": false,
    "only-FC": false,
    "only-trace": true,
    "model_parallel": true,
    "pipeline_parallel": false,
    "multi_tb_per_device": false
}
====================================== END CONF ======================================
====================================== MODEL CONF ======================================
{
    "model_name": "Llama2-70B",
    "n_heads": 64,
    "num_channels": 32,
    "channels_per_block": "N/A",
    "fc_devices": [],
    "reuse_size": 32,
    "embedding": false,
    "only-FC": true,
    "only-trace": true,
    "model_parallel": true,
    "pipeline_parallel": false,
    "multi_tb_per_device": false
}
====================================== END CONF ======================================
====================================== MODEL CONF ======================================
{
    "model_name": "Llama2-70B",
    "n_heads": 64,
    "num_channels": 32,
    "channels_per_block": "N/A",
    "fc_devices": [
        1,
        2,
        4,
        8,
        16,
        32
    ],
    "reuse_size": 32,
    "embedding": false,
    "only-FC": false,
    "only-trace": true,
    "model_parallel": true,
    "pipeline_parallel": false,
    "multi_tb_per_device": false
}
====================================== END CONF ======================================
====================================== MODEL CONF ======================================
{
    "model_name": "Llama2-70B",
    "n_heads": 64,
    "num_channels": 32,
    "channels_per_block": "N/A",
    "fc_devices": [],
    "reuse_size": 32,
    "embedding": false,
    "only-FC": true,
    "only-trace": true,
    "model_parallel": true,
    "pipeline_parallel": false,
    "multi_tb_per_device": false
}
====================================== END CONF ======================================
====================================== MODEL CONF ======================================
{
    "model_name": "Llama2-70B",
    "n_heads": 64,
    "num_channels": 32,
    "channels_per_block": "N/A",
    "fc_devices": [
        1,
        2,
        4,
        8,
        16,
        32
    ],
    "reuse_size": 32,
    "embedding": false,
    "only-FC": false,
    "only-trace": true,
    "model_parallel": true,
    "pipeline_parallel": false,
    "multi_tb_per_device": false
}
====================================== END CONF ======================================
====================================== MODEL CONF ======================================
{
    "model_name": "Llama2-70B",
    "n_heads": 64,
    "num_channels": 32,
    "channels_per_block": "N/A",
    "fc_devices": [],
    "reuse_size": 32,
    "embedding": false,
    "only-FC": true,
    "only-trace": true,
    "model_parallel": true,
    "pipeline_parallel": false,
    "multi_tb_per_device": false
}
====================================== END CONF ======================================
====================================== MODEL CONF ======================================
{
    "model_name": "Llama2-70B",
    "n_heads": 64,
    "num_channels": 32,
    "channels_per_block": "N/A",
    "fc_devices": [
        1,
        2,
        4,
        8,
        16,
        32
    ],
    "reuse_size": 32,
    "embedding": false,
    "only-FC": false,
    "only-trace": true,
    "model_parallel": true,
    "pipeline_parallel": false,
    "multi_tb_per_device": false
}
====================================== END CONF ======================================
====================================== MODEL CONF ======================================
{
    "model_name": "Llama2-70B",
    "n_heads": 64,
    "num_channels": 32,
    "channels_per_block": "N/A",
    "fc_devices": [],
    "reuse_size": 32,
    "embedding": false,
    "only-FC": true,
    "only-trace": true,
    "model_parallel": true,
    "pipeline_parallel": false,
    "multi_tb_per_device": false
}
====================================== END CONF ======================================
====================================== MODEL CONF ======================================
{
    "model_name": "Llama2-70B",
    "n_heads": 64,
    "num_channels": 32,
    "channels_per_block": "N/A",
    "fc_devices": [
        1,
        2,
        4,
        8,
        16,
        32
    ],
    "reuse_size": 32,
    "embedding": false,
    "only-FC": false,
    "only-trace": true,
    "model_parallel": true,
    "pipeline_parallel": false,
    "multi_tb_per_device": false
}
====================================== END CONF ======================================
====================================== MODEL CONF ======================================
{
    "model_name": "Llama2-70B",
    "n_heads": 64,
    "num_channels": 32,
    "channels_per_block": "N/A",
    "fc_devices": [],
    "reuse_size": 32,
    "embedding": false,
    "only-FC": true,
    "only-trace": true,
    "model_parallel": true,
    "pipeline_parallel": false,
    "multi_tb_per_device": false
}
====================================== END CONF ======================================
====================================== MODEL CONF ======================================
{
    "model_name": "Llama2-70B",
    "n_heads": 64,
    "num_channels": 32,
    "channels_per_block": "N/A",
    "fc_devices": [
        1,
        2,
        4,
        8,
        16,
        32
    ],
    "reuse_size": 32,
    "embedding": false,
    "only-FC": false,
    "only-trace": true,
    "model_parallel": true,
    "pipeline_parallel": false,
    "multi_tb_per_device": false
}
====================================== END CONF ======================================
====================================== MODEL CONF ======================================
{
    "model_name": "Llama2-70B",
    "n_heads": 64,
    "num_channels": 32,
    "channels_per_block": "N/A",
    "fc_devices": [],
    "reuse_size": 32,
    "embedding": false,
    "only-FC": true,
    "only-trace": true,
    "model_parallel": true,
    "pipeline_parallel": false,
    "multi_tb_per_device": false
}
====================================== END CONF ======================================
====================================== MODEL CONF ======================================
{
    "model_name": "Llama2-70B",
    "n_heads": 64,
    "num_channels": 32,
    "channels_per_block": "N/A",
    "fc_devices": [
        1,
        2,
        4,
        8,
        16,
        32
    ],
    "reuse_size": 32,
    "embedding": false,
    "only-FC": false,
    "only-trace": true,
    "model_parallel": true,
    "pipeline_parallel": false,
    "multi_tb_per_device": false
}
====================================== END CONF ======================================
====================================== MODEL CONF ======================================
{
    "model_name": "Llama2-70B",
    "n_heads": 64,
    "num_channels": 32,
    "channels_per_block": "N/A",
    "fc_devices": [],
    "reuse_size": 32,
    "embedding": false,
    "only-FC": true,
    "only-trace": true,
    "model_parallel": true,
    "pipeline_parallel": false,
    "multi_tb_per_device": false
}
====================================== END CONF ======================================
====================================== MODEL CONF ======================================
{
    "model_name": "Llama2-70B",
    "n_heads": 64,
    "num_channels": 32,
    "channels_per_block": "N/A",
    "fc_devices": [
        1,
        2,
        4,
        8,
        16,
        32
    ],
    "reuse_size": 32,
    "embedding": false,
    "only-FC": false,
    "only-trace": true,
    "model_parallel": true,
    "pipeline_parallel": false,
    "multi_tb_per_device": false
}
====================================== END CONF ======================================
====================================== MODEL CONF ======================================
{
    "model_name": "Llama2-70B",
    "n_heads": 64,
    "num_channels": 32,
    "channels_per_block": "N/A",
    "fc_devices": [],
    "reuse_size": 32,
    "embedding": false,
    "only-FC": true,
    "only-trace": true,
    "model_parallel": true,
    "pipeline_parallel": false,
    "multi_tb_per_device": false
}
====================================== END CONF ======================================
====================================== MODEL CONF ======================================
{
    "model_name": "Llama2-70B",
    "n_heads": 64,
    "num_channels": 32,
    "channels_per_block": "N/A",
    "fc_devices": [
        1,
        2,
        4,
        8,
        16,
        32
    ],
    "reuse_size": 32,
    "embedding": false,
    "only-FC": false,
    "only-trace": true,
    "model_parallel": true,
    "pipeline_parallel": false,
    "multi_tb_per_device": false
}
====================================== END CONF ======================================
====================================== MODEL CONF ======================================
{
    "model_name": "Llama2-70B",
    "n_heads": 64,
    "num_channels": 32,
    "channels_per_block": "N/A",
    "fc_devices": [],
    "reuse_size": 32,
    "embedding": false,
    "only-FC": true,
    "only-trace": true,
    "model_parallel": true,
    "pipeline_parallel": false,
    "multi_tb_per_device": false
}
====================================== END CONF ======================================
====================================== MODEL CONF ======================================
{
    "model_name": "Llama2-70B",
    "n_heads": 64,
    "num_channels": 32,
    "channels_per_block": "N/A",
    "fc_devices": [
        1,
        2,
        4,
        8,
        16,
        32
    ],
    "reuse_size": 32,
    "embedding": false,
    "only-FC": false,
    "only-trace": true,
    "model_parallel": true,
    "pipeline_parallel": false,
    "multi_tb_per_device": false
}
====================================== END CONF ======================================
====================================== MODEL CONF ======================================
{
    "model_name": "Llama2-70B",
    "n_heads": 64,
    "num_channels": 32,
    "channels_per_block": "N/A",
    "fc_devices": [],
    "reuse_size": 32,
    "embedding": false,
    "only-FC": true,
    "only-trace": true,
    "model_parallel": true,
    "pipeline_parallel": false,
    "multi_tb_per_device": false
}
====================================== END CONF ======================================
====================================== MODEL CONF ======================================
{
    "model_name": "Llama2-70B",
    "n_heads": 64,
    "num_channels": 32,
    "channels_per_block": "N/A",
    "fc_devices": [
        1,
        2,
        4,
        8,
        16,
        32
    ],
    "reuse_size": 32,
    "embedding": false,
    "only-FC": false,
    "only-trace": true,
    "model_parallel": true,
    "pipeline_parallel": false,
    "multi_tb_per_device": false
}
====================================== END CONF ======================================
====================================== MODEL CONF ======================================
{
    "model_name": "Llama2-70B",
    "n_heads": 64,
    "num_channels": 32,
    "channels_per_block": "N/A",
    "fc_devices": [],
    "reuse_size": 32,
    "embedding": false,
    "only-FC": true,
    "only-trace": true,
    "model_parallel": true,
    "pipeline_parallel": false,
    "multi_tb_per_device": false
}
====================================== END CONF ======================================
====================================== MODEL CONF ======================================
{
    "model_name": "Llama2-70B",
    "n_heads": 64,
    "num_channels": 32,
    "channels_per_block": "N/A",
    "fc_devices": [
        1,
        2,
        4,
        8,
        16,
        32
    ],
    "reuse_size": 32,
    "embedding": false,
    "only-FC": false,
    "only-trace": true,
    "model_parallel": true,
    "pipeline_parallel": false,
    "multi_tb_per_device": false
}
====================================== END CONF ======================================
====================================== MODEL CONF ======================================
{
    "model_name": "Llama2-70B",
    "n_heads": 64,
    "num_channels": 32,
    "channels_per_block": "N/A",
    "fc_devices": [],
    "reuse_size": 32,
    "embedding": false,
    "only-FC": true,
    "only-trace": true,
    "model_parallel": true,
    "pipeline_parallel": false,
    "multi_tb_per_device": false
}
====================================== END CONF ======================================
====================================== MODEL CONF ======================================
{
    "model_name": "Llama2-70B",
    "n_heads": 64,
    "num_channels": 32,
    "channels_per_block": "N/A",
    "fc_devices": [
        1,
        2,
        4,
        8,
        16,
        32
    ],
    "reuse_size": 32,
    "embedding": false,
    "only-FC": false,
    "only-trace": true,
    "model_parallel": true,
    "pipeline_parallel": false,
    "multi_tb_per_device": false
}
====================================== END CONF ======================================
====================================== MODEL CONF ======================================
{
    "model_name": "Llama2-70B",
    "n_heads": 64,
    "num_channels": 32,
    "channels_per_block": "N/A",
    "fc_devices": [],
    "reuse_size": 32,
    "embedding": false,
    "only-FC": true,
    "only-trace": true,
    "model_parallel": true,
    "pipeline_parallel": false,
    "multi_tb_per_device": false
}
====================================== END CONF ======================================
====================================== MODEL CONF ======================================
{
    "model_name": "Llama2-70B",
    "n_heads": 64,
    "num_channels": 32,
    "channels_per_block": "N/A",
    "fc_devices": [
        1,
        2,
        4,
        8,
        16,
        32
    ],
    "reuse_size": 32,
    "embedding": false,
    "only-FC": false,
    "only-trace": true,
    "model_parallel": true,
    "pipeline_parallel": false,
    "multi_tb_per_device": false
}
====================================== END CONF ======================================
====================================== MODEL CONF ======================================
{
    "model_name": "Llama2-70B",
    "n_heads": 64,
    "num_channels": 32,
    "channels_per_block": "N/A",
    "fc_devices": [],
    "reuse_size": 32,
    "embedding": false,
    "only-FC": true,
    "only-trace": true,
    "model_parallel": true,
    "pipeline_parallel": false,
    "multi_tb_per_device": false
}
====================================== END CONF ======================================
====================================== MODEL CONF ======================================
{
    "model_name": "Llama2-70B",
    "n_heads": 64,
    "num_channels": 32,
    "channels_per_block": "N/A",
    "fc_devices": [
        1,
        2,
        4,
        8,
        16,
        32
    ],
    "reuse_size": 32,
    "embedding": false,
    "only-FC": false,
    "only-trace": true,
    "model_parallel": true,
    "pipeline_parallel": false,
    "multi_tb_per_device": false
}
====================================== END CONF ======================================
====================================== MODEL CONF ======================================
{
    "model_name": "Llama2-70B",
    "n_heads": 64,
    "num_channels": 32,
    "channels_per_block": "N/A",
    "fc_devices": [],
    "reuse_size": 32,
    "embedding": false,
    "only-FC": true,
    "only-trace": true,
    "model_parallel": true,
    "pipeline_parallel": false,
    "multi_tb_per_device": false
}
====================================== END CONF ======================================
====================================== MODEL CONF ======================================
{
    "model_name": "Llama2-70B",
    "n_heads": 64,
    "num_channels": 32,
    "channels_per_block": "N/A",
    "fc_devices": [
        1,
        2,
        4,
        8,
        16,
        32
    ],
    "reuse_size": 32,
    "embedding": false,
    "only-FC": false,
    "only-trace": true,
    "model_parallel": true,
    "pipeline_parallel": false,
    "multi_tb_per_device": false
}
====================================== END CONF ======================================
====================================== MODEL CONF ======================================
{
    "model_name": "Llama2-70B",
    "n_heads": 64,
    "num_channels": 32,
    "channels_per_block": "N/A",
    "fc_devices": [],
    "reuse_size": 32,
    "embedding": false,
    "only-FC": true,
    "only-trace": true,
    "model_parallel": true,
    "pipeline_parallel": false,
    "multi_tb_per_device": false
}
====================================== END CONF ======================================
====================================== MODEL CONF ======================================
{
    "model_name": "Llama2-70B",
    "n_heads": 64,
    "num_channels": 32,
    "channels_per_block": "N/A",
    "fc_devices": [
        1,
        2,
        4,
        8,
        16,
        32
    ],
    "reuse_size": 32,
    "embedding": false,
    "only-FC": false,
    "only-trace": true,
    "model_parallel": true,
    "pipeline_parallel": false,
    "multi_tb_per_device": false
}
====================================== END CONF ======================================
====================================== MODEL CONF ======================================
{
    "model_name": "Llama2-70B",
    "n_heads": 64,
    "num_channels": 32,
    "channels_per_block": "N/A",
    "fc_devices": [],
    "reuse_size": 32,
    "embedding": false,
    "only-FC": true,
    "only-trace": true,
    "model_parallel": true,
    "pipeline_parallel": false,
    "multi_tb_per_device": false
}
====================================== END CONF ======================================
====================================== MODEL CONF ======================================
{
    "model_name": "Llama2-70B",
    "n_heads": 64,
    "num_channels": 32,
    "channels_per_block": "N/A",
    "fc_devices": [
        1,
        2,
        4,
        8,
        16,
        32
    ],
    "reuse_size": 32,
    "embedding": false,
    "only-FC": false,
    "only-trace": true,
    "model_parallel": true,
    "pipeline_parallel": false,
    "multi_tb_per_device": false
}
====================================== END CONF ======================================
====================================== MODEL CONF ======================================
{
    "model_name": "Llama2-70B",
    "n_heads": 64,
    "num_channels": 32,
    "channels_per_block": "N/A",
    "fc_devices": [],
    "reuse_size": 32,
    "embedding": false,
    "only-FC": true,
    "only-trace": true,
    "model_parallel": true,
    "pipeline_parallel": false,
    "multi_tb_per_device": false
}
====================================== END CONF ======================================
====================================== MODEL CONF ======================================
{
    "model_name": "Llama2-70B",
    "n_heads": 64,
    "num_channels": 32,
    "channels_per_block": "N/A",
    "fc_devices": [
        1,
        2,
        4,
        8,
        16,
        32
    ],
    "reuse_size": 32,
    "embedding": false,
    "only-FC": false,
    "only-trace": true,
    "model_parallel": true,
    "pipeline_parallel": false,
    "multi_tb_per_device": false
}
====================================== END CONF ======================================
====================================== MODEL CONF ======================================
{
    "model_name": "Llama2-70B",
    "n_heads": 64,
    "num_channels": 32,
    "channels_per_block": "N/A",
    "fc_devices": [],
    "reuse_size": 32,
    "embedding": false,
    "only-FC": true,
    "only-trace": true,
    "model_parallel": true,
    "pipeline_parallel": false,
    "multi_tb_per_device": false
}
====================================== END CONF ======================================
====================================== MODEL CONF ======================================
{
    "model_name": "Llama2-70B",
    "n_heads": 64,
    "num_channels": 32,
    "channels_per_block": "N/A",
    "fc_devices": [
        1,
        2,
        4,
        8,
        16,
        32
    ],
    "reuse_size": 32,
    "embedding": false,
    "only-FC": false,
    "only-trace": true,
    "model_parallel": true,
    "pipeline_parallel": false,
    "multi_tb_per_device": false
}
====================================== END CONF ======================================
====================================== MODEL CONF ======================================
{
    "model_name": "Llama2-70B",
    "n_heads": 64,
    "num_channels": 32,
    "channels_per_block": "N/A",
    "fc_devices": [],
    "reuse_size": 32,
    "embedding": false,
    "only-FC": true,
    "only-trace": true,
    "model_parallel": true,
    "pipeline_parallel": false,
    "multi_tb_per_device": false
}
====================================== END CONF ======================================
====================================== MODEL CONF ======================================
{
    "model_name": "Llama2-70B",
    "n_heads": 64,
    "num_channels": 32,
    "channels_per_block": "N/A",
    "fc_devices": [
        1,
        2,
        4,
        8,
        16,
        32
    ],
    "reuse_size": 32,
    "embedding": false,
    "only-FC": false,
    "only-trace": true,
    "model_parallel": true,
    "pipeline_parallel": false,
    "multi_tb_per_device": false
}
====================================== END CONF ======================================
====================================== MODEL CONF ======================================
{
    "model_name": "Llama2-70B",
    "n_heads": 64,
    "num_channels": 32,
    "channels_per_block": "N/A",
    "fc_devices": [],
    "reuse_size": 32,
    "embedding": false,
    "only-FC": true,
    "only-trace": true,
    "model_parallel": true,
    "pipeline_parallel": false,
    "multi_tb_per_device": false
}
====================================== END CONF ======================================
====================================== MODEL CONF ======================================
{
    "model_name": "Llama2-70B",
    "n_heads": 64,
    "num_channels": 32,
    "channels_per_block": "N/A",
    "fc_devices": [
        1,
        2,
        4,
        8,
        16,
        32
    ],
    "reuse_size": 32,
    "embedding": false,
    "only-FC": false,
    "only-trace": true,
    "model_parallel": true,
    "pipeline_parallel": false,
    "multi_tb_per_device": false
}
====================================== END CONF ======================================
====================================== MODEL CONF ======================================
{
    "model_name": "Llama2-70B",
    "n_heads": 64,
    "num_channels": 32,
    "channels_per_block": "N/A",
    "fc_devices": [],
    "reuse_size": 32,
    "embedding": false,
    "only-FC": true,
    "only-trace": true,
    "model_parallel": true,
    "pipeline_parallel": false,
    "multi_tb_per_device": false
}
====================================== END CONF ======================================
====================================== MODEL CONF ======================================
{
    "model_name": "Llama2-70B",
    "n_heads": 64,
    "num_channels": 32,
    "channels_per_block": "N/A",
    "fc_devices": [
        1,
        2,
        4,
        8,
        16,
        32
    ],
    "reuse_size": 32,
    "embedding": false,
    "only-FC": false,
    "only-trace": true,
    "model_parallel": true,
    "pipeline_parallel": false,
    "multi_tb_per_device": false
}
====================================== END CONF ======================================
====================================== MODEL CONF ======================================
{
    "model_name": "Llama2-70B",
    "n_heads": 64,
    "num_channels": 32,
    "channels_per_block": "N/A",
    "fc_devices": [],
    "reuse_size": 32,
    "embedding": false,
    "only-FC": true,
    "only-trace": true,
    "model_parallel": true,
    "pipeline_parallel": false,
    "multi_tb_per_device": false
}
====================================== END CONF ======================================
====================================== MODEL CONF ======================================
{
    "model_name": "Llama2-70B",
    "n_heads": 64,
    "num_channels": 32,
    "channels_per_block": "N/A",
    "fc_devices": [
        1,
        2,
        4,
        8,
        16,
        32
    ],
    "reuse_size": 32,
    "embedding": false,
    "only-FC": false,
    "only-trace": true,
    "model_parallel": true,
    "pipeline_parallel": false,
    "multi_tb_per_device": false
}
====================================== END CONF ======================================
====================================== MODEL CONF ======================================
{
    "model_name": "Llama2-70B",
    "n_heads": 64,
    "num_channels": 32,
    "channels_per_block": "N/A",
    "fc_devices": [],
    "reuse_size": 32,
    "embedding": false,
    "only-FC": true,
    "only-trace": true,
    "model_parallel": true,
    "pipeline_parallel": false,
    "multi_tb_per_device": false
}
====================================== END CONF ======================================
====================================== MODEL CONF ======================================
{
    "model_name": "Llama2-70B",
    "n_heads": 64,
    "num_channels": 32,
    "channels_per_block": "N/A",
    "fc_devices": [
        1,
        2,
        4,
        8,
        16,
        32
    ],
    "reuse_size": 32,
    "embedding": false,
    "only-FC": false,
    "only-trace": true,
    "model_parallel": true,
    "pipeline_parallel": false,
    "multi_tb_per_device": false
}
====================================== END CONF ======================================
====================================== MODEL CONF ======================================
{
    "model_name": "Llama2-70B",
    "n_heads": 64,
    "num_channels": 32,
    "channels_per_block": "N/A",
    "fc_devices": [],
    "reuse_size": 32,
    "embedding": false,
    "only-FC": true,
    "only-trace": true,
    "model_parallel": true,
    "pipeline_parallel": false,
    "multi_tb_per_device": false
}
====================================== END CONF ======================================
====================================== MODEL CONF ======================================
{
    "model_name": "Llama2-70B",
    "n_heads": 64,
    "num_channels": 32,
    "channels_per_block": "N/A",
    "fc_devices": [
        1,
        2,
        4,
        8,
        16,
        32
    ],
    "reuse_size": 32,
    "embedding": false,
    "only-FC": false,
    "only-trace": true,
    "model_parallel": true,
    "pipeline_parallel": false,
    "multi_tb_per_device": false
}
====================================== END CONF ======================================
====================================== MODEL CONF ======================================
{
    "model_name": "Llama2-70B",
    "n_heads": 64,
    "num_channels": 32,
    "channels_per_block": "N/A",
    "fc_devices": [],
    "reuse_size": 32,
    "embedding": false,
    "only-FC": true,
    "only-trace": true,
    "model_parallel": true,
    "pipeline_parallel": false,
    "multi_tb_per_device": false
}
====================================== END CONF ======================================
====================================== MODEL CONF ======================================
{
    "model_name": "Llama2-70B",
    "n_heads": 64,
    "num_channels": 32,
    "channels_per_block": "N/A",
    "fc_devices": [
        1,
        2,
        4,
        8,
        16,
        32
    ],
    "reuse_size": 32,
    "embedding": false,
    "only-FC": false,
    "only-trace": true,
    "model_parallel": true,
    "pipeline_parallel": false,
    "multi_tb_per_device": false
}
====================================== END CONF ======================================
====================================== MODEL CONF ======================================
{
    "model_name": "Llama2-70B",
    "n_heads": 64,
    "num_channels": 32,
    "channels_per_block": "N/A",
    "fc_devices": [],
    "reuse_size": 32,
    "embedding": false,
    "only-FC": true,
    "only-trace": true,
    "model_parallel": true,
    "pipeline_parallel": false,
    "multi_tb_per_device": false
}
====================================== END CONF ======================================
====================================== MODEL CONF ======================================
{
    "model_name": "Llama2-70B",
    "n_heads": 64,
    "num_channels": 32,
    "channels_per_block": "N/A",
    "fc_devices": [
        1,
        2,
        4,
        8,
        16,
        32
    ],
    "reuse_size": 32,
    "embedding": false,
    "only-FC": false,
    "only-trace": true,
    "model_parallel": true,
    "pipeline_parallel": false,
    "multi_tb_per_device": false
}
====================================== END CONF ======================================
====================================== MODEL CONF ======================================
{
    "model_name": "Llama2-70B",
    "n_heads": 64,
    "num_channels": 32,
    "channels_per_block": "N/A",
    "fc_devices": [],
    "reuse_size": 32,
    "embedding": false,
    "only-FC": true,
    "only-trace": true,
    "model_parallel": true,
    "pipeline_parallel": false,
    "multi_tb_per_device": false
}
====================================== END CONF ======================================
====================================== MODEL CONF ======================================
{
    "model_name": "Llama2-70B",
    "n_heads": 64,
    "num_channels": 32,
    "channels_per_block": "N/A",
    "fc_devices": [
        1,
        2,
        4,
        8,
        16,
        32
    ],
    "reuse_size": 32,
    "embedding": false,
    "only-FC": false,
    "only-trace": true,
    "model_parallel": true,
    "pipeline_parallel": false,
    "multi_tb_per_device": false
}
====================================== END CONF ======================================
====================================== MODEL CONF ======================================
{
    "model_name": "Llama2-70B",
    "n_heads": 64,
    "num_channels": 32,
    "channels_per_block": "N/A",
    "fc_devices": [],
    "reuse_size": 32,
    "embedding": false,
    "only-FC": true,
    "only-trace": true,
    "model_parallel": true,
    "pipeline_parallel": false,
    "multi_tb_per_device": false
}
====================================== END CONF ======================================
====================================== MODEL CONF ======================================
{
    "model_name": "Llama2-70B",
    "n_heads": 64,
    "num_channels": 32,
    "channels_per_block": "N/A",
    "fc_devices": [
        1,
        2,
        4,
        8,
        16,
        32
    ],
    "reuse_size": 32,
    "embedding": false,
    "only-FC": false,
    "only-trace": true,
    "model_parallel": true,
    "pipeline_parallel": false,
    "multi_tb_per_device": false
}
====================================== END CONF ======================================
====================================== MODEL CONF ======================================
{
    "model_name": "Llama2-70B",
    "n_heads": 64,
    "num_channels": 32,
    "channels_per_block": "N/A",
    "fc_devices": [],
    "reuse_size": 32,
    "embedding": false,
    "only-FC": true,
    "only-trace": true,
    "model_parallel": true,
    "pipeline_parallel": false,
    "multi_tb_per_device": false
}
====================================== END CONF ======================================
====================================== MODEL CONF ======================================
{
    "model_name": "Llama2-70B",
    "n_heads": 64,
    "num_channels": 32,
    "channels_per_block": "N/A",
    "fc_devices": [
        1,
        2,
        4,
        8,
        16,
        32
    ],
    "reuse_size": 32,
    "embedding": false,
    "only-FC": false,
    "only-trace": true,
    "model_parallel": true,
    "pipeline_parallel": false,
    "multi_tb_per_device": false
}
====================================== END CONF ======================================
====================================== MODEL CONF ======================================
{
    "model_name": "Llama2-70B",
    "n_heads": 64,
    "num_channels": 32,
    "channels_per_block": "N/A",
    "fc_devices": [],
    "reuse_size": 32,
    "embedding": false,
    "only-FC": true,
    "only-trace": true,
    "model_parallel": true,
    "pipeline_parallel": false,
    "multi_tb_per_device": false
}
====================================== END CONF ======================================
====================================== MODEL CONF ======================================
{
    "model_name": "Llama2-70B",
    "n_heads": 64,
    "num_channels": 32,
    "channels_per_block": "N/A",
    "fc_devices": [
        1,
        2,
        4,
        8,
        16,
        32
    ],
    "reuse_size": 32,
    "embedding": false,
    "only-FC": false,
    "only-trace": true,
    "model_parallel": true,
    "pipeline_parallel": false,
    "multi_tb_per_device": false
}
====================================== END CONF ======================================
====================================== MODEL CONF ======================================
{
    "model_name": "Llama2-70B",
    "n_heads": 64,
    "num_channels": 32,
    "channels_per_block": "N/A",
    "fc_devices": [],
    "reuse_size": 32,
    "embedding": false,
    "only-FC": true,
    "only-trace": true,
    "model_parallel": true,
    "pipeline_parallel": false,
    "multi_tb_per_device": false
}
====================================== END CONF ======================================
====================================== MODEL CONF ======================================
{
    "model_name": "Llama2-70B",
    "n_heads": 64,
    "num_channels": 32,
    "channels_per_block": "N/A",
    "fc_devices": [
        1,
        2,
        4,
        8,
        16,
        32
    ],
    "reuse_size": 32,
    "embedding": false,
    "only-FC": false,
    "only-trace": true,
    "model_parallel": true,
    "pipeline_parallel": false,
    "multi_tb_per_device": false
}
====================================== END CONF ======================================
====================================== MODEL CONF ======================================
{
    "model_name": "Llama2-70B",
    "n_heads": 64,
    "num_channels": 32,
    "channels_per_block": "N/A",
    "fc_devices": [],
    "reuse_size": 32,
    "embedding": false,
    "only-FC": true,
    "only-trace": true,
    "model_parallel": true,
    "pipeline_parallel": false,
    "multi_tb_per_device": false
}
====================================== END CONF ======================================
====================================== MODEL CONF ======================================
{
    "model_name": "Llama2-70B",
    "n_heads": 64,
    "num_channels": 32,
    "channels_per_block": "N/A",
    "fc_devices": [
        1,
        2,
        4,
        8,
        16,
        32
    ],
    "reuse_size": 32,
    "embedding": false,
    "only-FC": false,
    "only-trace": true,
    "model_parallel": true,
    "pipeline_parallel": false,
    "multi_tb_per_device": false
}
====================================== END CONF ======================================
====================================== MODEL CONF ======================================
{
    "model_name": "Llama2-70B",
    "n_heads": 64,
    "num_channels": 32,
    "channels_per_block": "N/A",
    "fc_devices": [],
    "reuse_size": 32,
    "embedding": false,
    "only-FC": true,
    "only-trace": true,
    "model_parallel": true,
    "pipeline_parallel": false,
    "multi_tb_per_device": false
}
====================================== END CONF ======================================
====================================== MODEL CONF ======================================
{
    "model_name": "Llama2-70B",
    "n_heads": 64,
    "num_channels": 32,
    "channels_per_block": "N/A",
    "fc_devices": [
        1,
        2,
        4,
        8,
        16,
        32
    ],
    "reuse_size": 32,
    "embedding": false,
    "only-FC": false,
    "only-trace": true,
    "model_parallel": true,
    "pipeline_parallel": false,
    "multi_tb_per_device": false
}
====================================== END CONF ======================================
====================================== MODEL CONF ======================================
{
    "model_name": "Llama2-70B",
    "n_heads": 64,
    "num_channels": 32,
    "channels_per_block": "N/A",
    "fc_devices": [],
    "reuse_size": 32,
    "embedding": false,
    "only-FC": true,
    "only-trace": true,
    "model_parallel": true,
    "pipeline_parallel": false,
    "multi_tb_per_device": false
}
====================================== END CONF ======================================
====================================== MODEL CONF ======================================
{
    "model_name": "Llama2-70B",
    "n_heads": 64,
    "num_channels": 32,
    "channels_per_block": "N/A",
    "fc_devices": [
        1,
        2,
        4,
        8,
        16,
        32
    ],
    "reuse_size": 32,
    "embedding": false,
    "only-FC": false,
    "only-trace": true,
    "model_parallel": true,
    "pipeline_parallel": false,
    "multi_tb_per_device": false
}
====================================== END CONF ======================================
====================================== MODEL CONF ======================================
{
    "model_name": "Llama2-70B",
    "n_heads": 64,
    "num_channels": 32,
    "channels_per_block": "N/A",
    "fc_devices": [],
    "reuse_size": 32,
    "embedding": false,
    "only-FC": true,
    "only-trace": true,
    "model_parallel": true,
    "pipeline_parallel": false,
    "multi_tb_per_device": false
}
====================================== END CONF ======================================
====================================== MODEL CONF ======================================
{
    "model_name": "Llama2-70B",
    "n_heads": 64,
    "num_channels": 32,
    "channels_per_block": "N/A",
    "fc_devices": [
        1,
        2,
        4,
        8,
        16,
        32
    ],
    "reuse_size": 32,
    "embedding": false,
    "only-FC": false,
    "only-trace": true,
    "model_parallel": true,
    "pipeline_parallel": false,
    "multi_tb_per_device": false
}
====================================== END CONF ======================================
====================================== MODEL CONF ======================================
{
    "model_name": "Llama2-70B",
    "n_heads": 64,
    "num_channels": 32,
    "channels_per_block": "N/A",
    "fc_devices": [],
    "reuse_size": 32,
    "embedding": false,
    "only-FC": true,
    "only-trace": true,
    "model_parallel": true,
    "pipeline_parallel": false,
    "multi_tb_per_device": false
}
====================================== END CONF ======================================
====================================== MODEL CONF ======================================
{
    "model_name": "Llama2-70B",
    "n_heads": 64,
    "num_channels": 32,
    "channels_per_block": "N/A",
    "fc_devices": [
        1,
        2,
        4,
        8,
        16,
        32
    ],
    "reuse_size": 32,
    "embedding": false,
    "only-FC": false,
    "only-trace": true,
    "model_parallel": true,
    "pipeline_parallel": false,
    "multi_tb_per_device": false
}
====================================== END CONF ======================================
====================================== MODEL CONF ======================================
{
    "model_name": "Llama2-70B",
    "n_heads": 64,
    "num_channels": 32,
    "channels_per_block": "N/A",
    "fc_devices": [],
    "reuse_size": 32,
    "embedding": false,
    "only-FC": true,
    "only-trace": true,
    "model_parallel": true,
    "pipeline_parallel": false,
    "multi_tb_per_device": false
}
====================================== END CONF ======================================
====================================== MODEL CONF ======================================
{
    "model_name": "Llama2-70B",
    "n_heads": 64,
    "num_channels": 32,
    "channels_per_block": "N/A",
    "fc_devices": [
        1,
        2,
        4,
        8,
        16,
        32
    ],
    "reuse_size": 32,
    "embedding": false,
    "only-FC": false,
    "only-trace": true,
    "model_parallel": true,
    "pipeline_parallel": false,
    "multi_tb_per_device": false
}
====================================== END CONF ======================================
====================================== MODEL CONF ======================================
{
    "model_name": "Llama2-70B",
    "n_heads": 64,
    "num_channels": 32,
    "channels_per_block": "N/A",
    "fc_devices": [],
    "reuse_size": 32,
    "embedding": false,
    "only-FC": true,
    "only-trace": true,
    "model_parallel": true,
    "pipeline_parallel": false,
    "multi_tb_per_device": false
}
====================================== END CONF ======================================
====================================== MODEL CONF ======================================
{
    "model_name": "Llama2-70B",
    "n_heads": 64,
    "num_channels": 32,
    "channels_per_block": "N/A",
    "fc_devices": [
        1,
        2,
        4,
        8,
        16,
        32
    ],
    "reuse_size": 32,
    "embedding": false,
    "only-FC": false,
    "only-trace": true,
    "model_parallel": true,
    "pipeline_parallel": false,
    "multi_tb_per_device": false
}
====================================== END CONF ======================================
====================================== MODEL CONF ======================================
{
    "model_name": "Llama2-70B",
    "n_heads": 64,
    "num_channels": 32,
    "channels_per_block": "N/A",
    "fc_devices": [],
    "reuse_size": 32,
    "embedding": false,
    "only-FC": true,
    "only-trace": true,
    "model_parallel": true,
    "pipeline_parallel": false,
    "multi_tb_per_device": false
}
====================================== END CONF ======================================
====================================== MODEL CONF ======================================
{
    "model_name": "Llama2-70B",
    "n_heads": 64,
    "num_channels": 32,
    "channels_per_block": "N/A",
    "fc_devices": [
        1,
        2,
        4,
        8,
        16,
        32
    ],
    "reuse_size": 32,
    "embedding": false,
    "only-FC": false,
    "only-trace": true,
    "model_parallel": true,
    "pipeline_parallel": false,
    "multi_tb_per_device": false
}
====================================== END CONF ======================================
====================================== MODEL CONF ======================================
{
    "model_name": "Llama2-70B",
    "n_heads": 64,
    "num_channels": 32,
    "channels_per_block": "N/A",
    "fc_devices": [],
    "reuse_size": 32,
    "embedding": false,
    "only-FC": true,
    "only-trace": true,
    "model_parallel": true,
    "pipeline_parallel": false,
    "multi_tb_per_device": false
}
====================================== END CONF ======================================
====================================== MODEL CONF ======================================
{
    "model_name": "Llama2-70B",
    "n_heads": 64,
    "num_channels": 32,
    "channels_per_block": "N/A",
    "fc_devices": [
        1,
        2,
        4,
        8,
        16,
        32
    ],
    "reuse_size": 32,
    "embedding": false,
    "only-FC": false,
    "only-trace": true,
    "model_parallel": true,
    "pipeline_parallel": false,
    "multi_tb_per_device": false
}
====================================== END CONF ======================================
====================================== MODEL CONF ======================================
{
    "model_name": "Llama2-70B",
    "n_heads": 64,
    "num_channels": 32,
    "channels_per_block": "N/A",
    "fc_devices": [],
    "reuse_size": 32,
    "embedding": false,
    "only-FC": true,
    "only-trace": true,
    "model_parallel": true,
    "pipeline_parallel": false,
    "multi_tb_per_device": false
}
====================================== END CONF ======================================
====================================== MODEL CONF ======================================
{
    "model_name": "Llama2-70B",
    "n_heads": 64,
    "num_channels": 32,
    "channels_per_block": "N/A",
    "fc_devices": [
        1,
        2,
        4,
        8,
        16,
        32
    ],
    "reuse_size": 32,
    "embedding": false,
    "only-FC": false,
    "only-trace": true,
    "model_parallel": true,
    "pipeline_parallel": false,
    "multi_tb_per_device": false
}
====================================== END CONF ======================================
====================================== MODEL CONF ======================================
{
    "model_name": "Llama2-70B",
    "n_heads": 64,
    "num_channels": 32,
    "channels_per_block": "N/A",
    "fc_devices": [],
    "reuse_size": 32,
    "embedding": false,
    "only-FC": true,
    "only-trace": true,
    "model_parallel": true,
    "pipeline_parallel": false,
    "multi_tb_per_device": false
}
====================================== END CONF ======================================
====================================== MODEL CONF ======================================
{
    "model_name": "Llama2-70B",
    "n_heads": 64,
    "num_channels": 32,
    "channels_per_block": "N/A",
    "fc_devices": [
        1,
        2,
        4,
        8,
        16,
        32
    ],
    "reuse_size": 32,
    "embedding": false,
    "only-FC": false,
    "only-trace": true,
    "model_parallel": true,
    "pipeline_parallel": false,
    "multi_tb_per_device": false
}
====================================== END CONF ======================================
====================================== MODEL CONF ======================================
{
    "model_name": "Llama2-70B",
    "n_heads": 64,
    "num_channels": 32,
    "channels_per_block": "N/A",
    "fc_devices": [],
    "reuse_size": 32,
    "embedding": false,
    "only-FC": true,
    "only-trace": true,
    "model_parallel": true,
    "pipeline_parallel": false,
    "multi_tb_per_device": false
}
====================================== END CONF ======================================
====================================== MODEL CONF ======================================
{
    "model_name": "Llama2-70B",
    "n_heads": 64,
    "num_channels": 32,
    "channels_per_block": "N/A",
    "fc_devices": [
        1,
        2,
        4,
        8,
        16,
        32
    ],
    "reuse_size": 32,
    "embedding": false,
    "only-FC": false,
    "only-trace": true,
    "model_parallel": true,
    "pipeline_parallel": false,
    "multi_tb_per_device": false
}
====================================== END CONF ======================================
====================================== MODEL CONF ======================================
{
    "model_name": "Llama2-70B",
    "n_heads": 64,
    "num_channels": 32,
    "channels_per_block": "N/A",
    "fc_devices": [],
    "reuse_size": 32,
    "embedding": false,
    "only-FC": true,
    "only-trace": true,
    "model_parallel": true,
    "pipeline_parallel": false,
    "multi_tb_per_device": false
}
====================================== END CONF ======================================
====================================== MODEL CONF ======================================
{
    "model_name": "Llama2-70B",
    "n_heads": 64,
    "num_channels": 32,
    "channels_per_block": "N/A",
    "fc_devices": [
        1,
        2,
        4,
        8,
        16,
        32
    ],
    "reuse_size": 32,
    "embedding": false,
    "only-FC": false,
    "only-trace": true,
    "model_parallel": true,
    "pipeline_parallel": false,
    "multi_tb_per_device": false
}
====================================== END CONF ======================================
====================================== MODEL CONF ======================================
{
    "model_name": "Llama2-70B",
    "n_heads": 64,
    "num_channels": 32,
    "channels_per_block": "N/A",
    "fc_devices": [],
    "reuse_size": 32,
    "embedding": false,
    "only-FC": true,
    "only-trace": true,
    "model_parallel": true,
    "pipeline_parallel": false,
    "multi_tb_per_device": false
}
====================================== END CONF ======================================
====================================== MODEL CONF ======================================
{
    "model_name": "Llama2-70B",
    "n_heads": 64,
    "num_channels": 32,
    "channels_per_block": "N/A",
    "fc_devices": [
        1,
        2,
        4,
        8,
        16,
        32
    ],
    "reuse_size": 32,
    "embedding": false,
    "only-FC": false,
    "only-trace": true,
    "model_parallel": true,
    "pipeline_parallel": false,
    "multi_tb_per_device": false
}
====================================== END CONF ======================================
====================================== MODEL CONF ======================================
{
    "model_name": "Llama2-70B",
    "n_heads": 64,
    "num_channels": 32,
    "channels_per_block": "N/A",
    "fc_devices": [],
    "reuse_size": 32,
    "embedding": false,
    "only-FC": true,
    "only-trace": true,
    "model_parallel": true,
    "pipeline_parallel": false,
    "multi_tb_per_device": false
}
====================================== END CONF ======================================
====================================== MODEL CONF ======================================
{
    "model_name": "Llama2-70B",
    "n_heads": 64,
    "num_channels": 32,
    "channels_per_block": "N/A",
    "fc_devices": [
        1,
        2,
        4,
        8,
        16,
        32
    ],
    "reuse_size": 32,
    "embedding": false,
    "only-FC": false,
    "only-trace": true,
    "model_parallel": true,
    "pipeline_parallel": false,
    "multi_tb_per_device": false
}
====================================== END CONF ======================================
====================================== MODEL CONF ======================================
{
    "model_name": "Llama2-70B",
    "n_heads": 64,
    "num_channels": 32,
    "channels_per_block": "N/A",
    "fc_devices": [],
    "reuse_size": 32,
    "embedding": false,
    "only-FC": true,
    "only-trace": true,
    "model_parallel": true,
    "pipeline_parallel": false,
    "multi_tb_per_device": false
}
====================================== END CONF ======================================
====================================== MODEL CONF ======================================
{
    "model_name": "Llama2-70B",
    "n_heads": 64,
    "num_channels": 32,
    "channels_per_block": "N/A",
    "fc_devices": [
        1,
        2,
        4,
        8,
        16,
        32
    ],
    "reuse_size": 32,
    "embedding": false,
    "only-FC": false,
    "only-trace": true,
    "model_parallel": true,
    "pipeline_parallel": false,
    "multi_tb_per_device": false
}
====================================== END CONF ======================================
====================================== MODEL CONF ======================================
{
    "model_name": "Llama2-70B",
    "n_heads": 64,
    "num_channels": 32,
    "channels_per_block": "N/A",
    "fc_devices": [],
    "reuse_size": 32,
    "embedding": false,
    "only-FC": true,
    "only-trace": true,
    "model_parallel": true,
    "pipeline_parallel": false,
    "multi_tb_per_device": false
}
====================================== END CONF ======================================
====================================== MODEL CONF ======================================
{
    "model_name": "Llama2-70B",
    "n_heads": 64,
    "num_channels": 32,
    "channels_per_block": "N/A",
    "fc_devices": [
        1,
        2,
        4,
        8,
        16,
        32
    ],
    "reuse_size": 32,
    "embedding": false,
    "only-FC": false,
    "only-trace": true,
    "model_parallel": true,
    "pipeline_parallel": false,
    "multi_tb_per_device": false
}
====================================== END CONF ======================================
====================================== MODEL CONF ======================================
{
    "model_name": "Llama2-70B",
    "n_heads": 64,
    "num_channels": 32,
    "channels_per_block": "N/A",
    "fc_devices": [],
    "reuse_size": 32,
    "embedding": false,
    "only-FC": true,
    "only-trace": true,
    "model_parallel": true,
    "pipeline_parallel": false,
    "multi_tb_per_device": false
}
====================================== END CONF ======================================
====================================== MODEL CONF ======================================
{
    "model_name": "Llama2-70B",
    "n_heads": 64,
    "num_channels": 32,
    "channels_per_block": "N/A",
    "fc_devices": [
        1,
        2,
        4,
        8,
        16,
        32
    ],
    "reuse_size": 32,
    "embedding": false,
    "only-FC": false,
    "only-trace": true,
    "model_parallel": true,
    "pipeline_parallel": false,
    "multi_tb_per_device": false
}
====================================== END CONF ======================================
====================================== MODEL CONF ======================================
{
    "model_name": "Llama2-70B",
    "n_heads": 64,
    "num_channels": 32,
    "channels_per_block": "N/A",
    "fc_devices": [],
    "reuse_size": 32,
    "embedding": false,
    "only-FC": true,
    "only-trace": true,
    "model_parallel": true,
    "pipeline_parallel": false,
    "multi_tb_per_device": false
}
====================================== END CONF ======================================
====================================== MODEL CONF ======================================
{
    "model_name": "Llama2-70B",
    "n_heads": 64,
    "num_channels": 32,
    "channels_per_block": "N/A",
    "fc_devices": [
        1,
        2,
        4,
        8,
        16,
        32
    ],
    "reuse_size": 32,
    "embedding": false,
    "only-FC": false,
    "only-trace": true,
    "model_parallel": true,
    "pipeline_parallel": false,
    "multi_tb_per_device": false
}
====================================== END CONF ======================================
====================================== MODEL CONF ======================================
{
    "model_name": "Llama2-70B",
    "n_heads": 64,
    "num_channels": 32,
    "channels_per_block": "N/A",
    "fc_devices": [],
    "reuse_size": 32,
    "embedding": false,
    "only-FC": true,
    "only-trace": true,
    "model_parallel": true,
    "pipeline_parallel": false,
    "multi_tb_per_device": false
}
====================================== END CONF ======================================
====================================== MODEL CONF ======================================
{
    "model_name": "Llama2-70B",
    "n_heads": 64,
    "num_channels": 32,
    "channels_per_block": "N/A",
    "fc_devices": [
        1,
        2,
        4,
        8,
        16,
        32
    ],
    "reuse_size": 32,
    "embedding": false,
    "only-FC": false,
    "only-trace": true,
    "model_parallel": true,
    "pipeline_parallel": false,
    "multi_tb_per_device": false
}
====================================== END CONF ======================================
====================================== MODEL CONF ======================================
{
    "model_name": "Llama2-70B",
    "n_heads": 64,
    "num_channels": 32,
    "channels_per_block": "N/A",
    "fc_devices": [],
    "reuse_size": 32,
    "embedding": false,
    "only-FC": true,
    "only-trace": true,
    "model_parallel": true,
    "pipeline_parallel": false,
    "multi_tb_per_device": false
}
====================================== END CONF ======================================
====================================== MODEL CONF ======================================
{
    "model_name": "Llama2-70B",
    "n_heads": 64,
    "num_channels": 32,
    "channels_per_block": "N/A",
    "fc_devices": [
        1,
        2,
        4,
        8,
        16,
        32
    ],
    "reuse_size": 32,
    "embedding": false,
    "only-FC": false,
    "only-trace": true,
    "model_parallel": true,
    "pipeline_parallel": false,
    "multi_tb_per_device": false
}
====================================== END CONF ======================================
====================================== MODEL CONF ======================================
{
    "model_name": "Llama2-70B",
    "n_heads": 64,
    "num_channels": 32,
    "channels_per_block": "N/A",
    "fc_devices": [],
    "reuse_size": 32,
    "embedding": false,
    "only-FC": true,
    "only-trace": true,
    "model_parallel": true,
    "pipeline_parallel": false,
    "multi_tb_per_device": false
}
====================================== END CONF ======================================
====================================== MODEL CONF ======================================
{
    "model_name": "Llama2-70B",
    "n_heads": 64,
    "num_channels": 32,
    "channels_per_block": "N/A",
    "fc_devices": [
        1,
        2,
        4,
        8,
        16,
        32
    ],
    "reuse_size": 32,
    "embedding": false,
    "only-FC": false,
    "only-trace": true,
    "model_parallel": true,
    "pipeline_parallel": false,
    "multi_tb_per_device": false
}
====================================== END CONF ======================================
====================================== MODEL CONF ======================================
{
    "model_name": "Llama2-70B",
    "n_heads": 64,
    "num_channels": 32,
    "channels_per_block": "N/A",
    "fc_devices": [],
    "reuse_size": 32,
    "embedding": false,
    "only-FC": true,
    "only-trace": true,
    "model_parallel": true,
    "pipeline_parallel": false,
    "multi_tb_per_device": false
}
====================================== END CONF ======================================
====================================== MODEL CONF ======================================
{
    "model_name": "Llama2-70B",
    "n_heads": 64,
    "num_channels": 32,
    "channels_per_block": "N/A",
    "fc_devices": [
        1,
        2,
        4,
        8,
        16,
        32
    ],
    "reuse_size": 32,
    "embedding": false,
    "only-FC": false,
    "only-trace": true,
    "model_parallel": true,
    "pipeline_parallel": false,
    "multi_tb_per_device": false
}
====================================== END CONF ======================================
====================================== MODEL CONF ======================================
{
    "model_name": "Llama2-70B",
    "n_heads": 64,
    "num_channels": 32,
    "channels_per_block": "N/A",
    "fc_devices": [],
    "reuse_size": 32,
    "embedding": false,
    "only-FC": true,
    "only-trace": true,
    "model_parallel": true,
    "pipeline_parallel": false,
    "multi_tb_per_device": false
}
====================================== END CONF ======================================
====================================== MODEL CONF ======================================
{
    "model_name": "Llama2-70B",
    "n_heads": 64,
    "num_channels": 32,
    "channels_per_block": "N/A",
    "fc_devices": [
        1,
        2,
        4,
        8,
        16,
        32
    ],
    "reuse_size": 32,
    "embedding": false,
    "only-FC": false,
    "only-trace": true,
    "model_parallel": true,
    "pipeline_parallel": false,
    "multi_tb_per_device": false
}
====================================== END CONF ======================================
====================================== MODEL CONF ======================================
{
    "model_name": "Llama2-70B",
    "n_heads": 64,
    "num_channels": 32,
    "channels_per_block": "N/A",
    "fc_devices": [],
    "reuse_size": 32,
    "embedding": false,
    "only-FC": true,
    "only-trace": true,
    "model_parallel": true,
    "pipeline_parallel": false,
    "multi_tb_per_device": false
}
====================================== END CONF ======================================
====================================== MODEL CONF ======================================
{
    "model_name": "Llama2-70B",
    "n_heads": 64,
    "num_channels": 32,
    "channels_per_block": "N/A",
    "fc_devices": [
        1,
        2,
        4,
        8,
        16,
        32
    ],
    "reuse_size": 32,
    "embedding": false,
    "only-FC": false,
    "only-trace": true,
    "model_parallel": true,
    "pipeline_parallel": false,
    "multi_tb_per_device": false
}
====================================== END CONF ======================================
====================================== MODEL CONF ======================================
{
    "model_name": "Llama2-70B",
    "n_heads": 64,
    "num_channels": 32,
    "channels_per_block": "N/A",
    "fc_devices": [],
    "reuse_size": 32,
    "embedding": false,
    "only-FC": true,
    "only-trace": true,
    "model_parallel": true,
    "pipeline_parallel": false,
    "multi_tb_per_device": false
}
====================================== END CONF ======================================
====================================== MODEL CONF ======================================
{
    "model_name": "Llama2-70B",
    "n_heads": 64,
    "num_channels": 32,
    "channels_per_block": "N/A",
    "fc_devices": [
        1,
        2,
        4,
        8,
        16,
        32
    ],
    "reuse_size": 32,
    "embedding": false,
    "only-FC": false,
    "only-trace": true,
    "model_parallel": true,
    "pipeline_parallel": false,
    "multi_tb_per_device": false
}
====================================== END CONF ======================================
====================================== MODEL CONF ======================================
{
    "model_name": "Llama2-70B",
    "n_heads": 64,
    "num_channels": 32,
    "channels_per_block": "N/A",
    "fc_devices": [],
    "reuse_size": 32,
    "embedding": false,
    "only-FC": true,
    "only-trace": true,
    "model_parallel": true,
    "pipeline_parallel": false,
    "multi_tb_per_device": false
}
====================================== END CONF ======================================
====================================== MODEL CONF ======================================
{
    "model_name": "Llama2-70B",
    "n_heads": 64,
    "num_channels": 32,
    "channels_per_block": "N/A",
    "fc_devices": [
        1,
        2,
        4,
        8,
        16,
        32
    ],
    "reuse_size": 32,
    "embedding": false,
    "only-FC": false,
    "only-trace": true,
    "model_parallel": true,
    "pipeline_parallel": false,
    "multi_tb_per_device": false
}
====================================== END CONF ======================================
====================================== MODEL CONF ======================================
{
    "model_name": "Llama2-70B",
    "n_heads": 64,
    "num_channels": 32,
    "channels_per_block": "N/A",
    "fc_devices": [],
    "reuse_size": 32,
    "embedding": false,
    "only-FC": true,
    "only-trace": true,
    "model_parallel": true,
    "pipeline_parallel": false,
    "multi_tb_per_device": false
}
====================================== END CONF ======================================
====================================== MODEL CONF ======================================
{
    "model_name": "Llama2-70B",
    "n_heads": 64,
    "num_channels": 32,
    "channels_per_block": "N/A",
    "fc_devices": [
        1,
        2,
        4,
        8,
        16,
        32
    ],
    "reuse_size": 32,
    "embedding": false,
    "only-FC": false,
    "only-trace": true,
    "model_parallel": true,
    "pipeline_parallel": false,
    "multi_tb_per_device": false
}
====================================== END CONF ======================================
====================================== MODEL CONF ======================================
{
    "model_name": "Llama2-70B",
    "n_heads": 64,
    "num_channels": 32,
    "channels_per_block": "N/A",
    "fc_devices": [],
    "reuse_size": 32,
    "embedding": false,
    "only-FC": true,
    "only-trace": true,
    "model_parallel": true,
    "pipeline_parallel": false,
    "multi_tb_per_device": false
}
====================================== END CONF ======================================
====================================== MODEL CONF ======================================
{
    "model_name": "Llama2-70B",
    "n_heads": 64,
    "num_channels": 32,
    "channels_per_block": "N/A",
    "fc_devices": [
        1,
        2,
        4,
        8,
        16,
        32
    ],
    "reuse_size": 32,
    "embedding": false,
    "only-FC": false,
    "only-trace": true,
    "model_parallel": true,
    "pipeline_parallel": false,
    "multi_tb_per_device": false
}
====================================== END CONF ======================================
====================================== MODEL CONF ======================================
{
    "model_name": "Llama2-70B",
    "n_heads": 64,
    "num_channels": 32,
    "channels_per_block": "N/A",
    "fc_devices": [],
    "reuse_size": 32,
    "embedding": false,
    "only-FC": true,
    "only-trace": true,
    "model_parallel": true,
    "pipeline_parallel": false,
    "multi_tb_per_device": false
}
====================================== END CONF ======================================
====================================== MODEL CONF ======================================
{
    "model_name": "Llama2-70B",
    "n_heads": 64,
    "num_channels": 32,
    "channels_per_block": "N/A",
    "fc_devices": [
        1,
        2,
        4,
        8,
        16,
        32
    ],
    "reuse_size": 32,
    "embedding": false,
    "only-FC": false,
    "only-trace": true,
    "model_parallel": true,
    "pipeline_parallel": false,
    "multi_tb_per_device": false
}
====================================== END CONF ======================================
====================================== MODEL CONF ======================================
{
    "model_name": "Llama2-70B",
    "n_heads": 64,
    "num_channels": 32,
    "channels_per_block": "N/A",
    "fc_devices": [],
    "reuse_size": 32,
    "embedding": false,
    "only-FC": true,
    "only-trace": true,
    "model_parallel": true,
    "pipeline_parallel": false,
    "multi_tb_per_device": false
}
====================================== END CONF ======================================
====================================== MODEL CONF ======================================
{
    "model_name": "Llama2-70B",
    "n_heads": 64,
    "num_channels": 32,
    "channels_per_block": "N/A",
    "fc_devices": [
        1,
        2,
        4,
        8,
        16,
        32
    ],
    "reuse_size": 32,
    "embedding": false,
    "only-FC": false,
    "only-trace": true,
    "model_parallel": true,
    "pipeline_parallel": false,
    "multi_tb_per_device": false
}
====================================== END CONF ======================================
====================================== MODEL CONF ======================================
{
    "model_name": "Llama2-70B",
    "n_heads": 64,
    "num_channels": 32,
    "channels_per_block": "N/A",
    "fc_devices": [],
    "reuse_size": 32,
    "embedding": false,
    "only-FC": true,
    "only-trace": true,
    "model_parallel": true,
    "pipeline_parallel": false,
    "multi_tb_per_device": false
}
====================================== END CONF ======================================
====================================== MODEL CONF ======================================
{
    "model_name": "Llama2-70B",
    "n_heads": 64,
    "num_channels": 32,
    "channels_per_block": "N/A",
    "fc_devices": [
        1,
        2,
        4,
        8,
        16,
        32
    ],
    "reuse_size": 32,
    "embedding": false,
    "only-FC": false,
    "only-trace": true,
    "model_parallel": true,
    "pipeline_parallel": false,
    "multi_tb_per_device": false
}
====================================== END CONF ======================================
====================================== MODEL CONF ======================================
{
    "model_name": "Llama2-70B",
    "n_heads": 64,
    "num_channels": 32,
    "channels_per_block": "N/A",
    "fc_devices": [],
    "reuse_size": 32,
    "embedding": false,
    "only-FC": true,
    "only-trace": true,
    "model_parallel": true,
    "pipeline_parallel": false,
    "multi_tb_per_device": false
}
====================================== END CONF ======================================
====================================== MODEL CONF ======================================
{
    "model_name": "Llama2-70B",
    "n_heads": 64,
    "num_channels": 32,
    "channels_per_block": "N/A",
    "fc_devices": [
        1,
        2,
        4,
        8,
        16,
        32
    ],
    "reuse_size": 32,
    "embedding": false,
    "only-FC": false,
    "only-trace": true,
    "model_parallel": true,
    "pipeline_parallel": false,
    "multi_tb_per_device": false
}
====================================== END CONF ======================================
====================================== MODEL CONF ======================================
{
    "model_name": "Llama2-70B",
    "n_heads": 64,
    "num_channels": 32,
    "channels_per_block": "N/A",
    "fc_devices": [],
    "reuse_size": 32,
    "embedding": false,
    "only-FC": true,
    "only-trace": true,
    "model_parallel": true,
    "pipeline_parallel": false,
    "multi_tb_per_device": false
}
====================================== END CONF ======================================
====================================== MODEL CONF ======================================
{
    "model_name": "Llama2-70B",
    "n_heads": 64,
    "num_channels": 32,
    "channels_per_block": "N/A",
    "fc_devices": [
        1,
        2,
        4,
        8,
        16,
        32
    ],
    "reuse_size": 32,
    "embedding": false,
    "only-FC": false,
    "only-trace": true,
    "model_parallel": true,
    "pipeline_parallel": false,
    "multi_tb_per_device": false
}
====================================== END CONF ======================================
====================================== MODEL CONF ======================================
{
    "model_name": "Llama2-70B",
    "n_heads": 64,
    "num_channels": 32,
    "channels_per_block": "N/A",
    "fc_devices": [],
    "reuse_size": 32,
    "embedding": false,
    "only-FC": true,
    "only-trace": true,
    "model_parallel": true,
    "pipeline_parallel": false,
    "multi_tb_per_device": false
}
====================================== END CONF ======================================
====================================== MODEL CONF ======================================
{
    "model_name": "Llama2-70B",
    "n_heads": 64,
    "num_channels": 32,
    "channels_per_block": "N/A",
    "fc_devices": [
        1,
        2,
        4,
        8,
        16,
        32
    ],
    "reuse_size": 32,
    "embedding": false,
    "only-FC": false,
    "only-trace": true,
    "model_parallel": true,
    "pipeline_parallel": false,
    "multi_tb_per_device": false
}
====================================== END CONF ======================================
====================================== MODEL CONF ======================================
{
    "model_name": "Llama2-70B",
    "n_heads": 64,
    "num_channels": 32,
    "channels_per_block": "N/A",
    "fc_devices": [],
    "reuse_size": 32,
    "embedding": false,
    "only-FC": true,
    "only-trace": true,
    "model_parallel": true,
    "pipeline_parallel": false,
    "multi_tb_per_device": false
}
====================================== END CONF ======================================
====================================== MODEL CONF ======================================
{
    "model_name": "Llama2-70B",
    "n_heads": 64,
    "num_channels": 32,
    "channels_per_block": "N/A",
    "fc_devices": [
        1,
        2,
        4,
        8,
        16,
        32
    ],
    "reuse_size": 32,
    "embedding": false,
    "only-FC": false,
    "only-trace": true,
    "model_parallel": true,
    "pipeline_parallel": false,
    "multi_tb_per_device": false
}
====================================== END CONF ======================================
====================================== MODEL CONF ======================================
{
    "model_name": "Llama2-70B",
    "n_heads": 64,
    "num_channels": 32,
    "channels_per_block": "N/A",
    "fc_devices": [],
    "reuse_size": 32,
    "embedding": false,
    "only-FC": true,
    "only-trace": true,
    "model_parallel": true,
    "pipeline_parallel": false,
    "multi_tb_per_device": false
}
====================================== END CONF ======================================
====================================== MODEL CONF ======================================
{
    "model_name": "Llama2-70B",
    "n_heads": 64,
    "num_channels": 32,
    "channels_per_block": "N/A",
    "fc_devices": [
        1,
        2,
        4,
        8,
        16,
        32
    ],
    "reuse_size": 32,
    "embedding": false,
    "only-FC": false,
    "only-trace": true,
    "model_parallel": true,
    "pipeline_parallel": false,
    "multi_tb_per_device": false
}
====================================== END CONF ======================================
====================================== MODEL CONF ======================================
{
    "model_name": "Llama2-70B",
    "n_heads": 64,
    "num_channels": 32,
    "channels_per_block": "N/A",
    "fc_devices": [],
    "reuse_size": 32,
    "embedding": false,
    "only-FC": true,
    "only-trace": true,
    "model_parallel": true,
    "pipeline_parallel": false,
    "multi_tb_per_device": false
}
====================================== END CONF ======================================
====================================== MODEL CONF ======================================
{
    "model_name": "Llama2-70B",
    "n_heads": 64,
    "num_channels": 32,
    "channels_per_block": "N/A",
    "fc_devices": [
        1,
        2,
        4,
        8,
        16,
        32
    ],
    "reuse_size": 32,
    "embedding": false,
    "only-FC": false,
    "only-trace": true,
    "model_parallel": true,
    "pipeline_parallel": false,
    "multi_tb_per_device": false
}
====================================== END CONF ======================================
====================================== MODEL CONF ======================================
{
    "model_name": "Llama2-70B",
    "n_heads": 64,
    "num_channels": 32,
    "channels_per_block": "N/A",
    "fc_devices": [],
    "reuse_size": 32,
    "embedding": false,
    "only-FC": true,
    "only-trace": true,
    "model_parallel": true,
    "pipeline_parallel": false,
    "multi_tb_per_device": false
}
====================================== END CONF ======================================
====================================== MODEL CONF ======================================
{
    "model_name": "Llama2-70B",
    "n_heads": 64,
    "num_channels": 32,
    "channels_per_block": "N/A",
    "fc_devices": [
        1,
        2,
        4,
        8,
        16,
        32
    ],
    "reuse_size": 32,
    "embedding": false,
    "only-FC": false,
    "only-trace": true,
    "model_parallel": true,
    "pipeline_parallel": false,
    "multi_tb_per_device": false
}
====================================== END CONF ======================================
====================================== MODEL CONF ======================================
{
    "model_name": "Llama2-70B",
    "n_heads": 64,
    "num_channels": 32,
    "channels_per_block": "N/A",
    "fc_devices": [],
    "reuse_size": 32,
    "embedding": false,
    "only-FC": true,
    "only-trace": true,
    "model_parallel": true,
    "pipeline_parallel": false,
    "multi_tb_per_device": false
}
====================================== END CONF ======================================
====================================== MODEL CONF ======================================
{
    "model_name": "Llama2-70B",
    "n_heads": 64,
    "num_channels": 32,
    "channels_per_block": "N/A",
    "fc_devices": [
        1,
        2,
        4,
        8,
        16,
        32
    ],
    "reuse_size": 32,
    "embedding": false,
    "only-FC": false,
    "only-trace": true,
    "model_parallel": true,
    "pipeline_parallel": false,
    "multi_tb_per_device": false
}
====================================== END CONF ======================================
====================================== MODEL CONF ======================================
{
    "model_name": "Llama2-70B",
    "n_heads": 64,
    "num_channels": 32,
    "channels_per_block": "N/A",
    "fc_devices": [],
    "reuse_size": 32,
    "embedding": false,
    "only-FC": true,
    "only-trace": true,
    "model_parallel": true,
    "pipeline_parallel": false,
    "multi_tb_per_device": false
}
====================================== END CONF ======================================
====================================== MODEL CONF ======================================
{
    "model_name": "Llama2-70B",
    "n_heads": 64,
    "num_channels": 32,
    "channels_per_block": "N/A",
    "fc_devices": [
        1,
        2,
        4,
        8,
        16,
        32
    ],
    "reuse_size": 32,
    "embedding": false,
    "only-FC": false,
    "only-trace": true,
    "model_parallel": true,
    "pipeline_parallel": false,
    "multi_tb_per_device": false
}
====================================== END CONF ======================================
====================================== MODEL CONF ======================================
{
    "model_name": "Llama2-70B",
    "n_heads": 64,
    "num_channels": 32,
    "channels_per_block": "N/A",
    "fc_devices": [],
    "reuse_size": 32,
    "embedding": false,
    "only-FC": true,
    "only-trace": true,
    "model_parallel": true,
    "pipeline_parallel": false,
    "multi_tb_per_device": false
}
====================================== END CONF ======================================
====================================== MODEL CONF ======================================
{
    "model_name": "Llama2-70B",
    "n_heads": 64,
    "num_channels": 32,
    "channels_per_block": "N/A",
    "fc_devices": [
        1,
        2,
        4,
        8,
        16,
        32
    ],
    "reuse_size": 32,
    "embedding": false,
    "only-FC": false,
    "only-trace": true,
    "model_parallel": true,
    "pipeline_parallel": false,
    "multi_tb_per_device": false
}
====================================== END CONF ======================================
====================================== MODEL CONF ======================================
{
    "model_name": "Llama2-70B",
    "n_heads": 64,
    "num_channels": 32,
    "channels_per_block": "N/A",
    "fc_devices": [],
    "reuse_size": 32,
    "embedding": false,
    "only-FC": true,
    "only-trace": true,
    "model_parallel": true,
    "pipeline_parallel": false,
    "multi_tb_per_device": false
}
====================================== END CONF ======================================
====================================== MODEL CONF ======================================
{
    "model_name": "Llama2-70B",
    "n_heads": 64,
    "num_channels": 32,
    "channels_per_block": "N/A",
    "fc_devices": [
        1,
        2,
        4,
        8,
        16,
        32
    ],
    "reuse_size": 32,
    "embedding": false,
    "only-FC": false,
    "only-trace": true,
    "model_parallel": true,
    "pipeline_parallel": false,
    "multi_tb_per_device": false
}
====================================== END CONF ======================================
====================================== MODEL CONF ======================================
{
    "model_name": "Llama2-70B",
    "n_heads": 64,
    "num_channels": 32,
    "channels_per_block": "N/A",
    "fc_devices": [],
    "reuse_size": 32,
    "embedding": false,
    "only-FC": true,
    "only-trace": true,
    "model_parallel": true,
    "pipeline_parallel": false,
    "multi_tb_per_device": false
}
====================================== END CONF ======================================
====================================== MODEL CONF ======================================
{
    "model_name": "Llama2-70B",
    "n_heads": 64,
    "num_channels": 32,
    "channels_per_block": "N/A",
    "fc_devices": [
        1,
        2,
        4,
        8,
        16,
        32
    ],
    "reuse_size": 32,
    "embedding": false,
    "only-FC": false,
    "only-trace": true,
    "model_parallel": true,
    "pipeline_parallel": false,
    "multi_tb_per_device": false
}
====================================== END CONF ======================================
====================================== MODEL CONF ======================================
{
    "model_name": "Llama2-70B",
    "n_heads": 64,
    "num_channels": 32,
    "channels_per_block": "N/A",
    "fc_devices": [],
    "reuse_size": 32,
    "embedding": false,
    "only-FC": true,
    "only-trace": true,
    "model_parallel": true,
    "pipeline_parallel": false,
    "multi_tb_per_device": false
}
====================================== END CONF ======================================
====================================== MODEL CONF ======================================
{
    "model_name": "Llama2-70B",
    "n_heads": 64,
    "num_channels": 32,
    "channels_per_block": "N/A",
    "fc_devices": [
        1,
        2,
        4,
        8,
        16,
        32
    ],
    "reuse_size": 32,
    "embedding": false,
    "only-FC": false,
    "only-trace": true,
    "model_parallel": true,
    "pipeline_parallel": false,
    "multi_tb_per_device": false
}
====================================== END CONF ======================================
====================================== MODEL CONF ======================================
{
    "model_name": "Llama2-70B",
    "n_heads": 64,
    "num_channels": 32,
    "channels_per_block": "N/A",
    "fc_devices": [],
    "reuse_size": 32,
    "embedding": false,
    "only-FC": true,
    "only-trace": true,
    "model_parallel": true,
    "pipeline_parallel": false,
    "multi_tb_per_device": false
}
====================================== END CONF ======================================
====================================== MODEL CONF ======================================
{
    "model_name": "Llama2-70B",
    "n_heads": 64,
    "num_channels": 32,
    "channels_per_block": "N/A",
    "fc_devices": [
        1,
        2,
        4,
        8,
        16,
        32
    ],
    "reuse_size": 32,
    "embedding": false,
    "only-FC": false,
    "only-trace": true,
    "model_parallel": true,
    "pipeline_parallel": false,
    "multi_tb_per_device": false
}
====================================== END CONF ======================================
====================================== MODEL CONF ======================================

 generate trace in function_sim, model name=None


 generate trace in function_sim, model name=None


 generate trace in function_sim, model name=None


 generate trace in function_sim, model name=None


 generate trace in function_sim, model name=None


 generate trace in function_sim, model name=None


 generate trace in function_sim, model name=None


 generate trace in function_sim, model name=None


 generate trace in function_sim, model name=None


 generate trace in function_sim, model name=None


 generate trace in function_sim, model name=None


 generate trace in function_sim, model name=None


 generate trace in function_sim, model name=None


 generate trace in function_sim, model name=None


 generate trace in function_sim, model name=None


 generate trace in function_sim, model name=None


 generate trace in function_sim, model name=None


 generate trace in function_sim, model name=None


 generate trace in function_sim, model name=None


 generate trace in function_sim, model name=None


 generate trace in function_sim, model name=None


 generate trace in function_sim, model name=None


 generate trace in function_sim, model name=None


 generate trace in function_sim, model name=None


 generate trace in function_sim, model name=None


 generate trace in function_sim, model name=None


 generate trace in function_sim, model name=None


 generate trace in function_sim, model name=None


 generate trace in function_sim, model name=None


 generate trace in function_sim, model name=None


 generate trace in function_sim, model name=None


 generate trace in function_sim, model name=None


 generate trace in function_sim, model name=None


 generate trace in function_sim, model name=None


 generate trace in function_sim, model name=None


 generate trace in function_sim, model name=None


 generate trace in function_sim, model name=None


 generate trace in function_sim, model name=None


 generate trace in function_sim, model name=None


 generate trace in function_sim, model name=None


 generate trace in function_sim, model name=None


 generate trace in function_sim, model name=None


 generate trace in function_sim, model name=None


 generate trace in function_sim, model name=None


 generate trace in function_sim, model name=None


 generate trace in function_sim, model name=None


 generate trace in function_sim, model name=None


 generate trace in function_sim, model name=None


 generate trace in function_sim, model name=None


 generate trace in function_sim, model name=None


 generate trace in function_sim, model name=None


 generate trace in function_sim, model name=None


 generate trace in function_sim, model name=None


 generate trace in function_sim, model name=None


 generate trace in function_sim, model name=None


 generate trace in function_sim, model name=None


 generate trace in function_sim, model name=None


 generate trace in function_sim, model name=None


 generate trace in function_sim, model name=None


 generate trace in function_sim, model name=None


 generate trace in function_sim, model name=None


 generate trace in function_sim, model name=None


 generate trace in function_sim, model name=None


 generate trace in function_sim, model name=None


 generate trace in function_sim, model name=None


 generate trace in function_sim, model name=None


 generate trace in function_sim, model name=None


 generate trace in function_sim, model name=None


 generate trace in function_sim, model name=None


 generate trace in function_sim, model name=None


 generate trace in function_sim, model name=None


 generate trace in function_sim, model name=None


 generate trace in function_sim, model name=None


 generate trace in function_sim, model name=None


 generate trace in function_sim, model name=None


 generate trace in function_sim, model name=None


 generate trace in function_sim, model name=None


 generate trace in function_sim, model name=None


 generate trace in function_sim, model name=None


 generate trace in function_sim, model name=None


 generate trace in function_sim, model name=None


 generate trace in function_sim, model name=None


 generate trace in function_sim, model name=None


 generate trace in function_sim, model name=None


 generate trace in function_sim, model name=None


 generate trace in function_sim, model name=None


 generate trace in function_sim, model name=None


 generate trace in function_sim, model name=None


 generate trace in function_sim, model name=None


 generate trace in function_sim, model name=None


 generate trace in function_sim, model name=None


 generate trace in function_sim, model name=None


 generate trace in function_sim, model name=None


 generate trace in function_sim, model name=None


 generate trace in function_sim, model name=None


 generate trace in function_sim, model name=None


 generate trace in function_sim, model name=None


 generate trace in function_sim, model name=None


 generate trace in function_sim, model name=None


 generate trace in function_sim, model name=None


 generate trace in function_sim, model name=None


 generate trace in function_sim, model name=None


 generate trace in function_sim, model name=None


 generate trace in function_sim, model name=None


 generate trace in function_sim, model name=None


 generate trace in function_sim, model name=None


 generate trace in function_sim, model name=None


 generate trace in function_sim, model name=None


 generate trace in function_sim, model name=None


 generate trace in function_sim, model name=None


 generate trace in function_sim, model name=None


 generate trace in function_sim, model name=None


 generate trace in function_sim, model name=None


 generate trace in function_sim, model name=None


 generate trace in function_sim, model name=None


 generate trace in function_sim, model name=None


 generate trace in function_sim, model name=None


 generate trace in function_sim, model name=None


 generate trace in function_sim, model name=None


 generate trace in function_sim, model name=None


 generate trace in function_sim, model name=None


 generate trace in function_sim, model name=None


 generate trace in function_sim, model name=None


 generate trace in function_sim, model name=None


 generate trace in function_sim, model name=None


 generate trace in function_sim, model name=None


 generate trace in function_sim, model name=None


 generate trace in function_sim, model name=None


 generate trace in function_sim, model name=None


 generate trace in function_sim, model name=None


 generate trace in function_sim, model name=None


 generate trace in function_sim, model name=None


 generate trace in function_sim, model name=None


 generate trace in function_sim, model name=None


 generate trace in function_sim, model name=None


 generate trace in function_sim, model name=None


 generate trace in function_sim, model name=None


 generate trace in function_sim, model name=None


 generate trace in function_sim, model name=None


 generate trace in function_sim, model name=None


 generate trace in function_sim, model name=None


 generate trace in function_sim, model name=None


 generate trace in function_sim, model name=None


 generate trace in function_sim, model name=None


 generate trace in function_sim, model name=None


 generate trace in function_sim, model name=None


 generate trace in function_sim, model name=None


 generate trace in function_sim, model name=None


 generate trace in function_sim, model name=None


 generate trace in function_sim, model name=None


 generate trace in function_sim, model name=None


 generate trace in function_sim, model name=None


 generate trace in function_sim, model name=None


 generate trace in function_sim, model name=None


 generate trace in function_sim, model name=None


 generate trace in function_sim, model name=None


 generate trace in function_sim, model name=None


 generate trace in function_sim, model name=None


 generate trace in function_sim, model name=None


 generate trace in function_sim, model name=None


 generate trace in function_sim, model name=None


 generate trace in function_sim, model name=None


 generate trace in function_sim, model name=None


 generate trace in function_sim, model name=None


 generate trace in function_sim, model name=None


 generate trace in function_sim, model name=None


 generate trace in function_sim, model name=None


 generate trace in function_sim, model name=None


 generate trace in function_sim, model name=None


 generate trace in function_sim, model name=None


 generate trace in function_sim, model name=None


 generate trace in function_sim, model name=None


 generate trace in function_sim, model name=None


 generate trace in function_sim, model name=None


 generate trace in function_sim, model name=None


 generate trace in function_sim, model name=None


 generate trace in function_sim, model name=None


 generate trace in function_sim, model name=None


 generate trace in function_sim, model name=None


 generate trace in function_sim, model name=None


 generate trace in function_sim, model name=None


 generate trace in function_sim, model name=None


 generate trace in function_sim, model name=None


 generate trace in function_sim, model name=None


 generate trace in function_sim, model name=None


 generate trace in function_sim, model name=None


 generate trace in function_sim, model name=None


 generate trace in function_sim, model name=None


 generate trace in function_sim, model name=None


 generate trace in function_sim, model name=None


 generate trace in function_sim, model name=None


 generate trace in function_sim, model name=None


 generate trace in function_sim, model name=None


 generate trace in function_sim, model name=None


 generate trace in function_sim, model name=None


 generate trace in function_sim, model name=None


 generate trace in function_sim, model name=None


 generate trace in function_sim, model name=None


 generate trace in function_sim, model name=None


 generate trace in function_sim, model name=None


 generate trace in function_sim, model name=None


 generate trace in function_sim, model name=None


 generate trace in function_sim, model name=None


 generate trace in function_sim, model name=None


 generate trace in function_sim, model name=None


 generate trace in function_sim, model name=None


 generate trace in function_sim, model name=None


 generate trace in function_sim, model name=None


 generate trace in function_sim, model name=None


 generate trace in function_sim, model name=None


 generate trace in function_sim, model name=None


 generate trace in function_sim, model name=None


 generate trace in function_sim, model name=None


 generate trace in function_sim, model name=None


 generate trace in function_sim, model name=None


 generate trace in function_sim, model name=None


 generate trace in function_sim, model name=None


 generate trace in function_sim, model name=None


 generate trace in function_sim, model name=None


 generate trace in function_sim, model name=None


 generate trace in function_sim, model name=None


 generate trace in function_sim, model name=None


 generate trace in function_sim, model name=None


 generate trace in function_sim, model name=None


 generate trace in function_sim, model name=None


 generate trace in function_sim, model name=None


 generate trace in function_sim, model name=None


 generate trace in function_sim, model name=None


 generate trace in function_sim, model name=None


 generate trace in function_sim, model name=None


 generate trace in function_sim, model name=None


 generate trace in function_sim, model name=None


 generate trace in function_sim, model name=None


 generate trace in function_sim, model name=None


 generate trace in function_sim, model name=None


 generate trace in function_sim, model name=None


 generate trace in function_sim, model name=None


 generate trace in function_sim, model name=None


 generate trace in function_sim, model name=None


 generate trace in function_sim, model name=None


 generate trace in function_sim, model name=None


 generate trace in function_sim, model name=None


 generate trace in function_sim, model name=None


 generate trace in function_sim, model name=None


 generate trace in function_sim, model name=None


 generate trace in function_sim, model name=None


 generate trace in function_sim, model name=None


 generate trace in function_sim, model name=None


 generate trace in function_sim, model name=None


 generate trace in function_sim, model name=None


 generate trace in function_sim, model name=None


 generate trace in function_sim, model name=None


 generate trace in function_sim, model name=None


 generate trace in function_sim, model name=None


 generate trace in function_sim, model name=None


 generate trace in function_sim, model name=None


 generate trace in function_sim, model name=None


 generate trace in function_sim, model name=None


 generate trace in function_sim, model name=None


 generate trace in function_sim, model name=None


 generate trace in function_sim, model name=None


 generate trace in function_sim, model name=None


 generate trace in function_sim, model name=None


 generate trace in function_sim, model name=None


 generate trace in function_sim, model name=None


 generate trace in function_sim, model name=None


 generate trace in function_sim, model name=None


 generate trace in function_sim, model name=None


 generate trace in function_sim, model name=None


 generate trace in function_sim, model name=None


 generate trace in function_sim, model name=None


 generate trace in function_sim, model name=None


 generate trace in function_sim, model name=None


 generate trace in function_sim, model name=None


 generate trace in function_sim, model name=None


 generate trace in function_sim, model name=None


 generate trace in function_sim, model name=None


 generate trace in function_sim, model name=None


 generate trace in function_sim, model name=None


 generate trace in function_sim, model name=None


 generate trace in function_sim, model name=None


 generate trace in function_sim, model name=None


 generate trace in function_sim, model name=None


 generate trace in function_sim, model name=None


 generate trace in function_sim, model name=None


 generate trace in function_sim, model name=None


 generate trace in function_sim, model name=None


 generate trace in function_sim, model name=None


 generate trace in function_sim, model name=None


 generate trace in function_sim, model name=None


 generate trace in function_sim, model name=None


 generate trace in function_sim, model name=None


 generate trace in function_sim, model name=None


 generate trace in function_sim, model name=None


 generate trace in function_sim, model name=None


 generate trace in function_sim, model name=None


 generate trace in function_sim, model name=None


 generate trace in function_sim, model name=None


 generate trace in function_sim, model name=None


 generate trace in function_sim, model name=None


 generate trace in function_sim, model name=None


 generate trace in function_sim, model name=None


 generate trace in function_sim, model name=None


 generate trace in function_sim, model name=None


 generate trace in function_sim, model name=None


 generate trace in function_sim, model name=None


 generate trace in function_sim, model name=None


 generate trace in function_sim, model name=None


 generate trace in function_sim, model name=None


 generate trace in function_sim, model name=None


 generate trace in function_sim, model name=None


 generate trace in function_sim, model name=None


 generate trace in function_sim, model name=None


 generate trace in function_sim, model name=None


 generate trace in function_sim, model name=None


 generate trace in function_sim, model name=None


 generate trace in function_sim, model name=None


 generate trace in function_sim, model name=None


 generate trace in function_sim, model name=None


 generate trace in function_sim, model name=None


 generate trace in function_sim, model name=None


 generate trace in function_sim, model name=None


 generate trace in function_sim, model name=None


 generate trace in function_sim, model name=None


 generate trace in function_sim, model name=None


 generate trace in function_sim, model name=None


 generate trace in function_sim, model name=None


 generate trace in function_sim, model name=None


 generate trace in function_sim, model name=None


 generate trace in function_sim, model name=None


 generate trace in function_sim, model name=None


 generate trace in function_sim, model name=None


 generate trace in function_sim, model name=None


 generate trace in function_sim, model name=None


 generate trace in function_sim, model name=None


 generate trace in function_sim, model name=None


 generate trace in function_sim, model name=None


 generate trace in function_sim, model name=None


 generate trace in function_sim, model name=None


 generate trace in function_sim, model name=None


 generate trace in function_sim, model name=None


 generate trace in function_sim, model name=None


 generate trace in function_sim, model name=None


 generate trace in function_sim, model name=None


 generate trace in function_sim, model name=None


 generate trace in function_sim, model name=None


 generate trace in function_sim, model name=None


 generate trace in function_sim, model name=None


 generate trace in function_sim, model name=None


 generate trace in function_sim, model name=None


 generate trace in function_sim, model name=None


 generate trace in function_sim, model name=None


 generate trace in function_sim, model name=None


 generate trace in function_sim, model name=None


 generate trace in function_sim, model name=None


 generate trace in function_sim, model name=None


 generate trace in function_sim, model name=None


 generate trace in function_sim, model name=None


 generate trace in function_sim, model name=None


 generate trace in function_sim, model name=None


 generate trace in function_sim, model name=None


 generate trace in function_sim, model name=None


 generate trace in function_sim, model name=None


 generate trace in function_sim, model name=None


 generate trace in function_sim, model name=None


 generate trace in function_sim, model name=None


 generate trace in function_sim, model name=None


 generate trace in function_sim, model name=None


 generate trace in function_sim, model name=None


 generate trace in function_sim, model name=None


 generate trace in function_sim, model name=None


 generate trace in function_sim, model name=None


 generate trace in function_sim, model name=None


 generate trace in function_sim, model name=None


 generate trace in function_sim, model name=None


 generate trace in function_sim, model name=None


 generate trace in function_sim, model name=None


 generate trace in function_sim, model name=None


 generate trace in function_sim, model name=None


 generate trace in function_sim, model name=None


 generate trace in function_sim, model name=None


 generate trace in function_sim, model name=None


 generate trace in function_sim, model name=None


 generate trace in function_sim, model name=None


 generate trace in function_sim, model name=None


 generate trace in function_sim, model name=None


 generate trace in function_sim, model name=None


 generate trace in function_sim, model name=None


 generate trace in function_sim, model name=None


 generate trace in function_sim, model name=None

{
    "model_name": "Llama2-70B",
    "n_heads": 64,
    "num_channels": 32,
    "channels_per_block": "N/A",
    "fc_devices": [],
    "reuse_size": 32,
    "embedding": false,
    "only-FC": true,
    "only-trace": true,
    "model_parallel": true,
    "pipeline_parallel": false,
    "multi_tb_per_device": false
}
====================================== END CONF ======================================
current run_sim.py directory files after trace generation:  /home/mainuddin/flyCENT/CENT/cent_simulation

=== NEW TRACES GENERATED 390 . COMBINED STATS SAVED TO: ../cent_simulation/logs/Llama2-70B_all_traces_burst_stats.json ===
=================================================================

../aim_simulator/build/ramulator2 -f ../aim_simulator/test/example.yaml -t ../trace/32_channels_per_device/model_parallel_embedding/Llama2-70B/trace_1_FC_devices_seqlen_4096.txt
../aim_simulator/build/ramulator2 -f ../aim_simulator/test/example.yaml -t ../trace/32_channels_per_device/model_parallel_embedding/Llama2-70B/trace_2_FC_devices_seqlen_4096.txt
../aim_simulator/build/ramulator2 -f ../aim_simulator/test/example.yaml -t ../trace/32_channels_per_device/model_parallel_embedding/Llama2-70B/trace_4_FC_devices_seqlen_4096.txt
../aim_simulator/build/ramulator2 -f ../aim_simulator/test/example.yaml -t ../trace/32_channels_per_device/model_parallel_embedding/Llama2-70B/trace_8_FC_devices_seqlen_4096.txt
../aim_simulator/build/ramulator2 -f ../aim_simulator/test/example.yaml -t ../trace/32_channels_per_device/model_parallel_embedding/Llama2-70B/trace_16_FC_devices_seqlen_4096.txt
../aim_simulator/build/ramulator2 -f ../aim_simulator/test/example.yaml -t ../trace/32_channels_per_device/model_parallel_embedding/Llama2-70B/trace_32_FC_devices_seqlen_4096.txt
../aim_simulator/build/ramulator2 -f ../aim_simulator/test/example.yaml -t ../trace/32_channels_per_device/model_parallel/Llama2-70B/trace_1_FC_devices_seqlen_128.txt
../aim_simulator/build/ramulator2 -f ../aim_simulator/test/example.yaml -t ../trace/32_channels_per_device/model_parallel_FC/Llama2-70B/trace_1_FC_devices_seqlen_128.txt
../aim_simulator/build/ramulator2 -f ../aim_simulator/test/example.yaml -t ../trace/32_channels_per_device/model_parallel/Llama2-70B/trace_2_FC_devices_seqlen_128.txt
../aim_simulator/build/ramulator2 -f ../aim_simulator/test/example.yaml -t ../trace/32_channels_per_device/model_parallel_FC/Llama2-70B/trace_2_FC_devices_seqlen_128.txt
../aim_simulator/build/ramulator2 -f ../aim_simulator/test/example.yaml -t ../trace/32_channels_per_device/model_parallel/Llama2-70B/trace_4_FC_devices_seqlen_128.txt
../aim_simulator/build/ramulator2 -f ../aim_simulator/test/example.yaml -t ../trace/32_channels_per_device/model_parallel_FC/Llama2-70B/trace_4_FC_devices_seqlen_128.txt
../aim_simulator/build/ramulator2 -f ../aim_simulator/test/example.yaml -t ../trace/32_channels_per_device/model_parallel/Llama2-70B/trace_8_FC_devices_seqlen_128.txt
../aim_simulator/build/ramulator2 -f ../aim_simulator/test/example.yaml -t ../trace/32_channels_per_device/model_parallel_FC/Llama2-70B/trace_8_FC_devices_seqlen_128.txt
../aim_simulator/build/ramulator2 -f ../aim_simulator/test/example.yaml -t ../trace/32_channels_per_device/model_parallel/Llama2-70B/trace_16_FC_devices_seqlen_128.txt
../aim_simulator/build/ramulator2 -f ../aim_simulator/test/example.yaml -t ../trace/32_channels_per_device/model_parallel_FC/Llama2-70B/trace_16_FC_devices_seqlen_128.txt
../aim_simulator/build/ramulator2 -f ../aim_simulator/test/example.yaml -t ../trace/32_channels_per_device/model_parallel/Llama2-70B/trace_32_FC_devices_seqlen_128.txt
../aim_simulator/build/ramulator2 -f ../aim_simulator/test/example.yaml -t ../trace/32_channels_per_device/model_parallel_FC/Llama2-70B/trace_32_FC_devices_seqlen_128.txt
../aim_simulator/build/ramulator2 -f ../aim_simulator/test/example.yaml -t ../trace/32_channels_per_device/model_parallel/Llama2-70B/trace_1_FC_devices_seqlen_256.txt
../aim_simulator/build/ramulator2 -f ../aim_simulator/test/example.yaml -t ../trace/32_channels_per_device/model_parallel_FC/Llama2-70B/trace_1_FC_devices_seqlen_256.txt
../aim_simulator/build/ramulator2 -f ../aim_simulator/test/example.yaml -t ../trace/32_channels_per_device/model_parallel/Llama2-70B/trace_2_FC_devices_seqlen_256.txt
../aim_simulator/build/ramulator2 -f ../aim_simulator/test/example.yaml -t ../trace/32_channels_per_device/model_parallel_FC/Llama2-70B/trace_2_FC_devices_seqlen_256.txt
../aim_simulator/build/ramulator2 -f ../aim_simulator/test/example.yaml -t ../trace/32_channels_per_device/model_parallel/Llama2-70B/trace_4_FC_devices_seqlen_256.txt
../aim_simulator/build/ramulator2 -f ../aim_simulator/test/example.yaml -t ../trace/32_channels_per_device/model_parallel_FC/Llama2-70B/trace_4_FC_devices_seqlen_256.txt
../aim_simulator/build/ramulator2 -f ../aim_simulator/test/example.yaml -t ../trace/32_channels_per_device/model_parallel/Llama2-70B/trace_8_FC_devices_seqlen_256.txt
../aim_simulator/build/ramulator2 -f ../aim_simulator/test/example.yaml -t ../trace/32_channels_per_device/model_parallel_FC/Llama2-70B/trace_8_FC_devices_seqlen_256.txt
../aim_simulator/build/ramulator2 -f ../aim_simulator/test/example.yaml -t ../trace/32_channels_per_device/model_parallel/Llama2-70B/trace_16_FC_devices_seqlen_256.txt
../aim_simulator/build/ramulator2 -f ../aim_simulator/test/example.yaml -t ../trace/32_channels_per_device/model_parallel_FC/Llama2-70B/trace_16_FC_devices_seqlen_256.txt
../aim_simulator/build/ramulator2 -f ../aim_simulator/test/example.yaml -t ../trace/32_channels_per_device/model_parallel/Llama2-70B/trace_32_FC_devices_seqlen_256.txt
../aim_simulator/build/ramulator2 -f ../aim_simulator/test/example.yaml -t ../trace/32_channels_per_device/model_parallel_FC/Llama2-70B/trace_32_FC_devices_seqlen_256.txt
../aim_simulator/build/ramulator2 -f ../aim_simulator/test/example.yaml -t ../trace/32_channels_per_device/model_parallel/Llama2-70B/trace_1_FC_devices_seqlen_384.txt
../aim_simulator/build/ramulator2 -f ../aim_simulator/test/example.yaml -t ../trace/32_channels_per_device/model_parallel_FC/Llama2-70B/trace_1_FC_devices_seqlen_384.txt
../aim_simulator/build/ramulator2 -f ../aim_simulator/test/example.yaml -t ../trace/32_channels_per_device/model_parallel/Llama2-70B/trace_2_FC_devices_seqlen_384.txt
../aim_simulator/build/ramulator2 -f ../aim_simulator/test/example.yaml -t ../trace/32_channels_per_device/model_parallel_FC/Llama2-70B/trace_2_FC_devices_seqlen_384.txt
../aim_simulator/build/ramulator2 -f ../aim_simulator/test/example.yaml -t ../trace/32_channels_per_device/model_parallel/Llama2-70B/trace_4_FC_devices_seqlen_384.txt
../aim_simulator/build/ramulator2 -f ../aim_simulator/test/example.yaml -t ../trace/32_channels_per_device/model_parallel_FC/Llama2-70B/trace_4_FC_devices_seqlen_384.txt
../aim_simulator/build/ramulator2 -f ../aim_simulator/test/example.yaml -t ../trace/32_channels_per_device/model_parallel/Llama2-70B/trace_8_FC_devices_seqlen_384.txt
../aim_simulator/build/ramulator2 -f ../aim_simulator/test/example.yaml -t ../trace/32_channels_per_device/model_parallel_FC/Llama2-70B/trace_8_FC_devices_seqlen_384.txt
../aim_simulator/build/ramulator2 -f ../aim_simulator/test/example.yaml -t ../trace/32_channels_per_device/model_parallel/Llama2-70B/trace_16_FC_devices_seqlen_384.txt
../aim_simulator/build/ramulator2 -f ../aim_simulator/test/example.yaml -t ../trace/32_channels_per_device/model_parallel_FC/Llama2-70B/trace_16_FC_devices_seqlen_384.txt
../aim_simulator/build/ramulator2 -f ../aim_simulator/test/example.yaml -t ../trace/32_channels_per_device/model_parallel/Llama2-70B/trace_32_FC_devices_seqlen_384.txt
../aim_simulator/build/ramulator2 -f ../aim_simulator/test/example.yaml -t ../trace/32_channels_per_device/model_parallel_FC/Llama2-70B/trace_32_FC_devices_seqlen_384.txt
../aim_simulator/build/ramulator2 -f ../aim_simulator/test/example.yaml -t ../trace/32_channels_per_device/model_parallel/Llama2-70B/trace_1_FC_devices_seqlen_512.txt
../aim_simulator/build/ramulator2 -f ../aim_simulator/test/example.yaml -t ../trace/32_channels_per_device/model_parallel_FC/Llama2-70B/trace_1_FC_devices_seqlen_512.txt
../aim_simulator/build/ramulator2 -f ../aim_simulator/test/example.yaml -t ../trace/32_channels_per_device/model_parallel/Llama2-70B/trace_2_FC_devices_seqlen_512.txt
../aim_simulator/build/ramulator2 -f ../aim_simulator/test/example.yaml -t ../trace/32_channels_per_device/model_parallel_FC/Llama2-70B/trace_2_FC_devices_seqlen_512.txt
../aim_simulator/build/ramulator2 -f ../aim_simulator/test/example.yaml -t ../trace/32_channels_per_device/model_parallel/Llama2-70B/trace_4_FC_devices_seqlen_512.txt
../aim_simulator/build/ramulator2 -f ../aim_simulator/test/example.yaml -t ../trace/32_channels_per_device/model_parallel_FC/Llama2-70B/trace_4_FC_devices_seqlen_512.txt
../aim_simulator/build/ramulator2 -f ../aim_simulator/test/example.yaml -t ../trace/32_channels_per_device/model_parallel/Llama2-70B/trace_8_FC_devices_seqlen_512.txt
../aim_simulator/build/ramulator2 -f ../aim_simulator/test/example.yaml -t ../trace/32_channels_per_device/model_parallel_FC/Llama2-70B/trace_8_FC_devices_seqlen_512.txt
../aim_simulator/build/ramulator2 -f ../aim_simulator/test/example.yaml -t ../trace/32_channels_per_device/model_parallel/Llama2-70B/trace_16_FC_devices_seqlen_512.txt
../aim_simulator/build/ramulator2 -f ../aim_simulator/test/example.yaml -t ../trace/32_channels_per_device/model_parallel_FC/Llama2-70B/trace_16_FC_devices_seqlen_512.txt
../aim_simulator/build/ramulator2 -f ../aim_simulator/test/example.yaml -t ../trace/32_channels_per_device/model_parallel/Llama2-70B/trace_32_FC_devices_seqlen_512.txt
../aim_simulator/build/ramulator2 -f ../aim_simulator/test/example.yaml -t ../trace/32_channels_per_device/model_parallel_FC/Llama2-70B/trace_32_FC_devices_seqlen_512.txt
../aim_simulator/build/ramulator2 -f ../aim_simulator/test/example.yaml -t ../trace/32_channels_per_device/model_parallel/Llama2-70B/trace_1_FC_devices_seqlen_640.txt
../aim_simulator/build/ramulator2 -f ../aim_simulator/test/example.yaml -t ../trace/32_channels_per_device/model_parallel_FC/Llama2-70B/trace_1_FC_devices_seqlen_640.txt
../aim_simulator/build/ramulator2 -f ../aim_simulator/test/example.yaml -t ../trace/32_channels_per_device/model_parallel/Llama2-70B/trace_2_FC_devices_seqlen_640.txt
../aim_simulator/build/ramulator2 -f ../aim_simulator/test/example.yaml -t ../trace/32_channels_per_device/model_parallel_FC/Llama2-70B/trace_2_FC_devices_seqlen_640.txt
../aim_simulator/build/ramulator2 -f ../aim_simulator/test/example.yaml -t ../trace/32_channels_per_device/model_parallel/Llama2-70B/trace_4_FC_devices_seqlen_640.txt
../aim_simulator/build/ramulator2 -f ../aim_simulator/test/example.yaml -t ../trace/32_channels_per_device/model_parallel_FC/Llama2-70B/trace_4_FC_devices_seqlen_640.txt
../aim_simulator/build/ramulator2 -f ../aim_simulator/test/example.yaml -t ../trace/32_channels_per_device/model_parallel/Llama2-70B/trace_8_FC_devices_seqlen_640.txt
../aim_simulator/build/ramulator2 -f ../aim_simulator/test/example.yaml -t ../trace/32_channels_per_device/model_parallel_FC/Llama2-70B/trace_8_FC_devices_seqlen_640.txt
../aim_simulator/build/ramulator2 -f ../aim_simulator/test/example.yaml -t ../trace/32_channels_per_device/model_parallel/Llama2-70B/trace_16_FC_devices_seqlen_640.txt
../aim_simulator/build/ramulator2 -f ../aim_simulator/test/example.yaml -t ../trace/32_channels_per_device/model_parallel_FC/Llama2-70B/trace_16_FC_devices_seqlen_640.txt
../aim_simulator/build/ramulator2 -f ../aim_simulator/test/example.yaml -t ../trace/32_channels_per_device/model_parallel/Llama2-70B/trace_32_FC_devices_seqlen_640.txt
../aim_simulator/build/ramulator2 -f ../aim_simulator/test/example.yaml -t ../trace/32_channels_per_device/model_parallel_FC/Llama2-70B/trace_32_FC_devices_seqlen_640.txt
../aim_simulator/build/ramulator2 -f ../aim_simulator/test/example.yaml -t ../trace/32_channels_per_device/model_parallel/Llama2-70B/trace_1_FC_devices_seqlen_768.txt
../aim_simulator/build/ramulator2 -f ../aim_simulator/test/example.yaml -t ../trace/32_channels_per_device/model_parallel_FC/Llama2-70B/trace_1_FC_devices_seqlen_768.txt
../aim_simulator/build/ramulator2 -f ../aim_simulator/test/example.yaml -t ../trace/32_channels_per_device/model_parallel/Llama2-70B/trace_2_FC_devices_seqlen_768.txt
../aim_simulator/build/ramulator2 -f ../aim_simulator/test/example.yaml -t ../trace/32_channels_per_device/model_parallel_FC/Llama2-70B/trace_2_FC_devices_seqlen_768.txt
../aim_simulator/build/ramulator2 -f ../aim_simulator/test/example.yaml -t ../trace/32_channels_per_device/model_parallel/Llama2-70B/trace_4_FC_devices_seqlen_768.txt
../aim_simulator/build/ramulator2 -f ../aim_simulator/test/example.yaml -t ../trace/32_channels_per_device/model_parallel_FC/Llama2-70B/trace_4_FC_devices_seqlen_768.txt
../aim_simulator/build/ramulator2 -f ../aim_simulator/test/example.yaml -t ../trace/32_channels_per_device/model_parallel/Llama2-70B/trace_8_FC_devices_seqlen_768.txt
../aim_simulator/build/ramulator2 -f ../aim_simulator/test/example.yaml -t ../trace/32_channels_per_device/model_parallel_FC/Llama2-70B/trace_8_FC_devices_seqlen_768.txt
../aim_simulator/build/ramulator2 -f ../aim_simulator/test/example.yaml -t ../trace/32_channels_per_device/model_parallel/Llama2-70B/trace_16_FC_devices_seqlen_768.txt
../aim_simulator/build/ramulator2 -f ../aim_simulator/test/example.yaml -t ../trace/32_channels_per_device/model_parallel_FC/Llama2-70B/trace_16_FC_devices_seqlen_768.txt
../aim_simulator/build/ramulator2 -f ../aim_simulator/test/example.yaml -t ../trace/32_channels_per_device/model_parallel/Llama2-70B/trace_32_FC_devices_seqlen_768.txt
../aim_simulator/build/ramulator2 -f ../aim_simulator/test/example.yaml -t ../trace/32_channels_per_device/model_parallel_FC/Llama2-70B/trace_32_FC_devices_seqlen_768.txt
../aim_simulator/build/ramulator2 -f ../aim_simulator/test/example.yaml -t ../trace/32_channels_per_device/model_parallel/Llama2-70B/trace_1_FC_devices_seqlen_896.txt
../aim_simulator/build/ramulator2 -f ../aim_simulator/test/example.yaml -t ../trace/32_channels_per_device/model_parallel_FC/Llama2-70B/trace_1_FC_devices_seqlen_896.txt
../aim_simulator/build/ramulator2 -f ../aim_simulator/test/example.yaml -t ../trace/32_channels_per_device/model_parallel/Llama2-70B/trace_2_FC_devices_seqlen_896.txt
../aim_simulator/build/ramulator2 -f ../aim_simulator/test/example.yaml -t ../trace/32_channels_per_device/model_parallel_FC/Llama2-70B/trace_2_FC_devices_seqlen_896.txt
../aim_simulator/build/ramulator2 -f ../aim_simulator/test/example.yaml -t ../trace/32_channels_per_device/model_parallel/Llama2-70B/trace_4_FC_devices_seqlen_896.txt
../aim_simulator/build/ramulator2 -f ../aim_simulator/test/example.yaml -t ../trace/32_channels_per_device/model_parallel_FC/Llama2-70B/trace_4_FC_devices_seqlen_896.txt
../aim_simulator/build/ramulator2 -f ../aim_simulator/test/example.yaml -t ../trace/32_channels_per_device/model_parallel/Llama2-70B/trace_8_FC_devices_seqlen_896.txt
../aim_simulator/build/ramulator2 -f ../aim_simulator/test/example.yaml -t ../trace/32_channels_per_device/model_parallel_FC/Llama2-70B/trace_8_FC_devices_seqlen_896.txt
../aim_simulator/build/ramulator2 -f ../aim_simulator/test/example.yaml -t ../trace/32_channels_per_device/model_parallel/Llama2-70B/trace_16_FC_devices_seqlen_896.txt
../aim_simulator/build/ramulator2 -f ../aim_simulator/test/example.yaml -t ../trace/32_channels_per_device/model_parallel_FC/Llama2-70B/trace_16_FC_devices_seqlen_896.txt
../aim_simulator/build/ramulator2 -f ../aim_simulator/test/example.yaml -t ../trace/32_channels_per_device/model_parallel/Llama2-70B/trace_32_FC_devices_seqlen_896.txt
../aim_simulator/build/ramulator2 -f ../aim_simulator/test/example.yaml -t ../trace/32_channels_per_device/model_parallel_FC/Llama2-70B/trace_32_FC_devices_seqlen_896.txt
../aim_simulator/build/ramulator2 -f ../aim_simulator/test/example.yaml -t ../trace/32_channels_per_device/model_parallel/Llama2-70B/trace_1_FC_devices_seqlen_1024.txt
../aim_simulator/build/ramulator2 -f ../aim_simulator/test/example.yaml -t ../trace/32_channels_per_device/model_parallel_FC/Llama2-70B/trace_1_FC_devices_seqlen_1024.txt
../aim_simulator/build/ramulator2 -f ../aim_simulator/test/example.yaml -t ../trace/32_channels_per_device/model_parallel/Llama2-70B/trace_2_FC_devices_seqlen_1024.txt
../aim_simulator/build/ramulator2 -f ../aim_simulator/test/example.yaml -t ../trace/32_channels_per_device/model_parallel_FC/Llama2-70B/trace_2_FC_devices_seqlen_1024.txt
../aim_simulator/build/ramulator2 -f ../aim_simulator/test/example.yaml -t ../trace/32_channels_per_device/model_parallel/Llama2-70B/trace_4_FC_devices_seqlen_1024.txt
../aim_simulator/build/ramulator2 -f ../aim_simulator/test/example.yaml -t ../trace/32_channels_per_device/model_parallel_FC/Llama2-70B/trace_4_FC_devices_seqlen_1024.txt
../aim_simulator/build/ramulator2 -f ../aim_simulator/test/example.yaml -t ../trace/32_channels_per_device/model_parallel/Llama2-70B/trace_8_FC_devices_seqlen_1024.txt
../aim_simulator/build/ramulator2 -f ../aim_simulator/test/example.yaml -t ../trace/32_channels_per_device/model_parallel_FC/Llama2-70B/trace_8_FC_devices_seqlen_1024.txt
../aim_simulator/build/ramulator2 -f ../aim_simulator/test/example.yaml -t ../trace/32_channels_per_device/model_parallel/Llama2-70B/trace_16_FC_devices_seqlen_1024.txt
../aim_simulator/build/ramulator2 -f ../aim_simulator/test/example.yaml -t ../trace/32_channels_per_device/model_parallel_FC/Llama2-70B/trace_16_FC_devices_seqlen_1024.txt
../aim_simulator/build/ramulator2 -f ../aim_simulator/test/example.yaml -t ../trace/32_channels_per_device/model_parallel/Llama2-70B/trace_32_FC_devices_seqlen_1024.txt
../aim_simulator/build/ramulator2 -f ../aim_simulator/test/example.yaml -t ../trace/32_channels_per_device/model_parallel_FC/Llama2-70B/trace_32_FC_devices_seqlen_1024.txt
../aim_simulator/build/ramulator2 -f ../aim_simulator/test/example.yaml -t ../trace/32_channels_per_device/model_parallel/Llama2-70B/trace_1_FC_devices_seqlen_1152.txt
../aim_simulator/build/ramulator2 -f ../aim_simulator/test/example.yaml -t ../trace/32_channels_per_device/model_parallel_FC/Llama2-70B/trace_1_FC_devices_seqlen_1152.txt
../aim_simulator/build/ramulator2 -f ../aim_simulator/test/example.yaml -t ../trace/32_channels_per_device/model_parallel/Llama2-70B/trace_2_FC_devices_seqlen_1152.txt
../aim_simulator/build/ramulator2 -f ../aim_simulator/test/example.yaml -t ../trace/32_channels_per_device/model_parallel_FC/Llama2-70B/trace_2_FC_devices_seqlen_1152.txt
../aim_simulator/build/ramulator2 -f ../aim_simulator/test/example.yaml -t ../trace/32_channels_per_device/model_parallel/Llama2-70B/trace_4_FC_devices_seqlen_1152.txt
../aim_simulator/build/ramulator2 -f ../aim_simulator/test/example.yaml -t ../trace/32_channels_per_device/model_parallel_FC/Llama2-70B/trace_4_FC_devices_seqlen_1152.txt
../aim_simulator/build/ramulator2 -f ../aim_simulator/test/example.yaml -t ../trace/32_channels_per_device/model_parallel/Llama2-70B/trace_8_FC_devices_seqlen_1152.txt
../aim_simulator/build/ramulator2 -f ../aim_simulator/test/example.yaml -t ../trace/32_channels_per_device/model_parallel_FC/Llama2-70B/trace_8_FC_devices_seqlen_1152.txt
../aim_simulator/build/ramulator2 -f ../aim_simulator/test/example.yaml -t ../trace/32_channels_per_device/model_parallel/Llama2-70B/trace_16_FC_devices_seqlen_1152.txt
../aim_simulator/build/ramulator2 -f ../aim_simulator/test/example.yaml -t ../trace/32_channels_per_device/model_parallel_FC/Llama2-70B/trace_16_FC_devices_seqlen_1152.txt
../aim_simulator/build/ramulator2 -f ../aim_simulator/test/example.yaml -t ../trace/32_channels_per_device/model_parallel/Llama2-70B/trace_32_FC_devices_seqlen_1152.txt
../aim_simulator/build/ramulator2 -f ../aim_simulator/test/example.yaml -t ../trace/32_channels_per_device/model_parallel_FC/Llama2-70B/trace_32_FC_devices_seqlen_1152.txt
../aim_simulator/build/ramulator2 -f ../aim_simulator/test/example.yaml -t ../trace/32_channels_per_device/model_parallel/Llama2-70B/trace_1_FC_devices_seqlen_1280.txt
../aim_simulator/build/ramulator2 -f ../aim_simulator/test/example.yaml -t ../trace/32_channels_per_device/model_parallel_FC/Llama2-70B/trace_1_FC_devices_seqlen_1280.txt
../aim_simulator/build/ramulator2 -f ../aim_simulator/test/example.yaml -t ../trace/32_channels_per_device/model_parallel/Llama2-70B/trace_2_FC_devices_seqlen_1280.txt
../aim_simulator/build/ramulator2 -f ../aim_simulator/test/example.yaml -t ../trace/32_channels_per_device/model_parallel_FC/Llama2-70B/trace_2_FC_devices_seqlen_1280.txt
../aim_simulator/build/ramulator2 -f ../aim_simulator/test/example.yaml -t ../trace/32_channels_per_device/model_parallel/Llama2-70B/trace_4_FC_devices_seqlen_1280.txt
../aim_simulator/build/ramulator2 -f ../aim_simulator/test/example.yaml -t ../trace/32_channels_per_device/model_parallel_FC/Llama2-70B/trace_4_FC_devices_seqlen_1280.txt
../aim_simulator/build/ramulator2 -f ../aim_simulator/test/example.yaml -t ../trace/32_channels_per_device/model_parallel/Llama2-70B/trace_8_FC_devices_seqlen_1280.txt
../aim_simulator/build/ramulator2 -f ../aim_simulator/test/example.yaml -t ../trace/32_channels_per_device/model_parallel_FC/Llama2-70B/trace_8_FC_devices_seqlen_1280.txt
../aim_simulator/build/ramulator2 -f ../aim_simulator/test/example.yaml -t ../trace/32_channels_per_device/model_parallel/Llama2-70B/trace_16_FC_devices_seqlen_1280.txt
../aim_simulator/build/ramulator2 -f ../aim_simulator/test/example.yaml -t ../trace/32_channels_per_device/model_parallel_FC/Llama2-70B/trace_16_FC_devices_seqlen_1280.txt
../aim_simulator/build/ramulator2 -f ../aim_simulator/test/example.yaml -t ../trace/32_channels_per_device/model_parallel/Llama2-70B/trace_32_FC_devices_seqlen_1280.txt
../aim_simulator/build/ramulator2 -f ../aim_simulator/test/example.yaml -t ../trace/32_channels_per_device/model_parallel_FC/Llama2-70B/trace_32_FC_devices_seqlen_1280.txt
../aim_simulator/build/ramulator2 -f ../aim_simulator/test/example.yaml -t ../trace/32_channels_per_device/model_parallel/Llama2-70B/trace_1_FC_devices_seqlen_1408.txt
../aim_simulator/build/ramulator2 -f ../aim_simulator/test/example.yaml -t ../trace/32_channels_per_device/model_parallel_FC/Llama2-70B/trace_1_FC_devices_seqlen_1408.txt
../aim_simulator/build/ramulator2 -f ../aim_simulator/test/example.yaml -t ../trace/32_channels_per_device/model_parallel/Llama2-70B/trace_2_FC_devices_seqlen_1408.txt
../aim_simulator/build/ramulator2 -f ../aim_simulator/test/example.yaml -t ../trace/32_channels_per_device/model_parallel_FC/Llama2-70B/trace_2_FC_devices_seqlen_1408.txt
../aim_simulator/build/ramulator2 -f ../aim_simulator/test/example.yaml -t ../trace/32_channels_per_device/model_parallel/Llama2-70B/trace_4_FC_devices_seqlen_1408.txt
../aim_simulator/build/ramulator2 -f ../aim_simulator/test/example.yaml -t ../trace/32_channels_per_device/model_parallel_FC/Llama2-70B/trace_4_FC_devices_seqlen_1408.txt
../aim_simulator/build/ramulator2 -f ../aim_simulator/test/example.yaml -t ../trace/32_channels_per_device/model_parallel/Llama2-70B/trace_8_FC_devices_seqlen_1408.txt
../aim_simulator/build/ramulator2 -f ../aim_simulator/test/example.yaml -t ../trace/32_channels_per_device/model_parallel_FC/Llama2-70B/trace_8_FC_devices_seqlen_1408.txt
../aim_simulator/build/ramulator2 -f ../aim_simulator/test/example.yaml -t ../trace/32_channels_per_device/model_parallel/Llama2-70B/trace_16_FC_devices_seqlen_1408.txt
../aim_simulator/build/ramulator2 -f ../aim_simulator/test/example.yaml -t ../trace/32_channels_per_device/model_parallel_FC/Llama2-70B/trace_16_FC_devices_seqlen_1408.txt
../aim_simulator/build/ramulator2 -f ../aim_simulator/test/example.yaml -t ../trace/32_channels_per_device/model_parallel/Llama2-70B/trace_32_FC_devices_seqlen_1408.txt
../aim_simulator/build/ramulator2 -f ../aim_simulator/test/example.yaml -t ../trace/32_channels_per_device/model_parallel_FC/Llama2-70B/trace_32_FC_devices_seqlen_1408.txt
../aim_simulator/build/ramulator2 -f ../aim_simulator/test/example.yaml -t ../trace/32_channels_per_device/model_parallel/Llama2-70B/trace_1_FC_devices_seqlen_1536.txt
../aim_simulator/build/ramulator2 -f ../aim_simulator/test/example.yaml -t ../trace/32_channels_per_device/model_parallel_FC/Llama2-70B/trace_1_FC_devices_seqlen_1536.txt
../aim_simulator/build/ramulator2 -f ../aim_simulator/test/example.yaml -t ../trace/32_channels_per_device/model_parallel/Llama2-70B/trace_2_FC_devices_seqlen_1536.txt
../aim_simulator/build/ramulator2 -f ../aim_simulator/test/example.yaml -t ../trace/32_channels_per_device/model_parallel/Llama2-70B/trace_4_FC_devices_seqlen_1536.txt
../aim_simulator/build/ramulator2 -f ../aim_simulator/test/example.yaml -t ../trace/32_channels_per_device/model_parallel_FC/Llama2-70B/trace_4_FC_devices_seqlen_1536.txt
../aim_simulator/build/ramulator2 -f ../aim_simulator/test/example.yaml -t ../trace/32_channels_per_device/model_parallel/Llama2-70B/trace_8_FC_devices_seqlen_1536.txt
../aim_simulator/build/ramulator2 -f ../aim_simulator/test/example.yaml -t ../trace/32_channels_per_device/model_parallel_FC/Llama2-70B/trace_8_FC_devices_seqlen_1536.txt
../aim_simulator/build/ramulator2 -f ../aim_simulator/test/example.yaml -t ../trace/32_channels_per_device/model_parallel/Llama2-70B/trace_16_FC_devices_seqlen_1536.txt
../aim_simulator/build/ramulator2 -f ../aim_simulator/test/example.yaml -t ../trace/32_channels_per_device/model_parallel_FC/Llama2-70B/trace_16_FC_devices_seqlen_1536.txt
../aim_simulator/build/ramulator2 -f ../aim_simulator/test/example.yaml -t ../trace/32_channels_per_device/model_parallel/Llama2-70B/trace_32_FC_devices_seqlen_1536.txt
../aim_simulator/build/ramulator2 -f ../aim_simulator/test/example.yaml -t ../trace/32_channels_per_device/model_parallel_FC/Llama2-70B/trace_32_FC_devices_seqlen_1536.txt
../aim_simulator/build/ramulator2 -f ../aim_simulator/test/example.yaml -t ../trace/32_channels_per_device/model_parallel/Llama2-70B/trace_1_FC_devices_seqlen_1664.txt
../aim_simulator/build/ramulator2 -f ../aim_simulator/test/example.yaml -t ../trace/32_channels_per_device/model_parallel_FC/Llama2-70B/trace_1_FC_devices_seqlen_1664.txt
../aim_simulator/build/ramulator2 -f ../aim_simulator/test/example.yaml -t ../trace/32_channels_per_device/model_parallel/Llama2-70B/trace_2_FC_devices_seqlen_1664.txt
../aim_simulator/build/ramulator2 -f ../aim_simulator/test/example.yaml -t ../trace/32_channels_per_device/model_parallel_FC/Llama2-70B/trace_2_FC_devices_seqlen_1664.txt
../aim_simulator/build/ramulator2 -f ../aim_simulator/test/example.yaml -t ../trace/32_channels_per_device/model_parallel/Llama2-70B/trace_4_FC_devices_seqlen_1664.txt
../aim_simulator/build/ramulator2 -f ../aim_simulator/test/example.yaml -t ../trace/32_channels_per_device/model_parallel_FC/Llama2-70B/trace_4_FC_devices_seqlen_1664.txt
../aim_simulator/build/ramulator2 -f ../aim_simulator/test/example.yaml -t ../trace/32_channels_per_device/model_parallel/Llama2-70B/trace_8_FC_devices_seqlen_1664.txt
../aim_simulator/build/ramulator2 -f ../aim_simulator/test/example.yaml -t ../trace/32_channels_per_device/model_parallel_FC/Llama2-70B/trace_8_FC_devices_seqlen_1664.txt
../aim_simulator/build/ramulator2 -f ../aim_simulator/test/example.yaml -t ../trace/32_channels_per_device/model_parallel/Llama2-70B/trace_16_FC_devices_seqlen_1664.txt
../aim_simulator/build/ramulator2 -f ../aim_simulator/test/example.yaml -t ../trace/32_channels_per_device/model_parallel_FC/Llama2-70B/trace_16_FC_devices_seqlen_1664.txt
../aim_simulator/build/ramulator2 -f ../aim_simulator/test/example.yaml -t ../trace/32_channels_per_device/model_parallel/Llama2-70B/trace_32_FC_devices_seqlen_1664.txt
../aim_simulator/build/ramulator2 -f ../aim_simulator/test/example.yaml -t ../trace/32_channels_per_device/model_parallel_FC/Llama2-70B/trace_32_FC_devices_seqlen_1664.txt
../aim_simulator/build/ramulator2 -f ../aim_simulator/test/example.yaml -t ../trace/32_channels_per_device/model_parallel/Llama2-70B/trace_1_FC_devices_seqlen_1792.txt
../aim_simulator/build/ramulator2 -f ../aim_simulator/test/example.yaml -t ../trace/32_channels_per_device/model_parallel_FC/Llama2-70B/trace_1_FC_devices_seqlen_1792.txt
../aim_simulator/build/ramulator2 -f ../aim_simulator/test/example.yaml -t ../trace/32_channels_per_device/model_parallel/Llama2-70B/trace_2_FC_devices_seqlen_1792.txt
../aim_simulator/build/ramulator2 -f ../aim_simulator/test/example.yaml -t ../trace/32_channels_per_device/model_parallel_FC/Llama2-70B/trace_2_FC_devices_seqlen_1792.txt
../aim_simulator/build/ramulator2 -f ../aim_simulator/test/example.yaml -t ../trace/32_channels_per_device/model_parallel/Llama2-70B/trace_4_FC_devices_seqlen_1792.txt
../aim_simulator/build/ramulator2 -f ../aim_simulator/test/example.yaml -t ../trace/32_channels_per_device/model_parallel_FC/Llama2-70B/trace_4_FC_devices_seqlen_1792.txt
../aim_simulator/build/ramulator2 -f ../aim_simulator/test/example.yaml -t ../trace/32_channels_per_device/model_parallel/Llama2-70B/trace_8_FC_devices_seqlen_1792.txt
../aim_simulator/build/ramulator2 -f ../aim_simulator/test/example.yaml -t ../trace/32_channels_per_device/model_parallel_FC/Llama2-70B/trace_8_FC_devices_seqlen_1792.txt
../aim_simulator/build/ramulator2 -f ../aim_simulator/test/example.yaml -t ../trace/32_channels_per_device/model_parallel/Llama2-70B/trace_16_FC_devices_seqlen_1792.txt
../aim_simulator/build/ramulator2 -f ../aim_simulator/test/example.yaml -t ../trace/32_channels_per_device/model_parallel_FC/Llama2-70B/trace_16_FC_devices_seqlen_1792.txt
../aim_simulator/build/ramulator2 -f ../aim_simulator/test/example.yaml -t ../trace/32_channels_per_device/model_parallel/Llama2-70B/trace_32_FC_devices_seqlen_1792.txt
../aim_simulator/build/ramulator2 -f ../aim_simulator/test/example.yaml -t ../trace/32_channels_per_device/model_parallel_FC/Llama2-70B/trace_32_FC_devices_seqlen_1792.txt
../aim_simulator/build/ramulator2 -f ../aim_simulator/test/example.yaml -t ../trace/32_channels_per_device/model_parallel/Llama2-70B/trace_1_FC_devices_seqlen_1920.txt
../aim_simulator/build/ramulator2 -f ../aim_simulator/test/example.yaml -t ../trace/32_channels_per_device/model_parallel_FC/Llama2-70B/trace_1_FC_devices_seqlen_1920.txt
../aim_simulator/build/ramulator2 -f ../aim_simulator/test/example.yaml -t ../trace/32_channels_per_device/model_parallel/Llama2-70B/trace_2_FC_devices_seqlen_1920.txt
../aim_simulator/build/ramulator2 -f ../aim_simulator/test/example.yaml -t ../trace/32_channels_per_device/model_parallel_FC/Llama2-70B/trace_2_FC_devices_seqlen_1920.txt
../aim_simulator/build/ramulator2 -f ../aim_simulator/test/example.yaml -t ../trace/32_channels_per_device/model_parallel/Llama2-70B/trace_4_FC_devices_seqlen_1920.txt
../aim_simulator/build/ramulator2 -f ../aim_simulator/test/example.yaml -t ../trace/32_channels_per_device/model_parallel_FC/Llama2-70B/trace_4_FC_devices_seqlen_1920.txt
../aim_simulator/build/ramulator2 -f ../aim_simulator/test/example.yaml -t ../trace/32_channels_per_device/model_parallel/Llama2-70B/trace_8_FC_devices_seqlen_1920.txt
../aim_simulator/build/ramulator2 -f ../aim_simulator/test/example.yaml -t ../trace/32_channels_per_device/model_parallel_FC/Llama2-70B/trace_8_FC_devices_seqlen_1920.txt
../aim_simulator/build/ramulator2 -f ../aim_simulator/test/example.yaml -t ../trace/32_channels_per_device/model_parallel/Llama2-70B/trace_16_FC_devices_seqlen_1920.txt
../aim_simulator/build/ramulator2 -f ../aim_simulator/test/example.yaml -t ../trace/32_channels_per_device/model_parallel_FC/Llama2-70B/trace_16_FC_devices_seqlen_1920.txt
../aim_simulator/build/ramulator2 -f ../aim_simulator/test/example.yaml -t ../trace/32_channels_per_device/model_parallel/Llama2-70B/trace_32_FC_devices_seqlen_1920.txt
../aim_simulator/build/ramulator2 -f ../aim_simulator/test/example.yaml -t ../trace/32_channels_per_device/model_parallel_FC/Llama2-70B/trace_32_FC_devices_seqlen_1920.txt
../aim_simulator/build/ramulator2 -f ../aim_simulator/test/example.yaml -t ../trace/32_channels_per_device/model_parallel/Llama2-70B/trace_1_FC_devices_seqlen_2048.txt
../aim_simulator/build/ramulator2 -f ../aim_simulator/test/example.yaml -t ../trace/32_channels_per_device/model_parallel_FC/Llama2-70B/trace_1_FC_devices_seqlen_2048.txt
cles: 819
    CH1_AiM_ISR_EWMUL_cycles: 690  # total number of AiM ISR_EWMUL cycles
    CH1_num_REFpb_commands: 0  # total number of REFpb commands
    CH1_AiM_ISR_EWADD_c../aim_simulator/build/ramulator2 -f ../aim_simulator/test/example.yaml -t ../trace/32_channels_per_device/model_parallel/Llama2-70B/trace_2_FC_devices_seqlen_2048.txt
../aim_simulator/build/ramulator2 -f ../aim_simulator/test/example.yaml -t ../trace/32_channels_per_device/model_parallel_FC/Llama2-70B/trace_2_FC_devices_seqlen_2048.txt
../aim_simulator/build/ramulator2 -f ../aim_simulator/test/example.yaml -t ../trace/32_channels_per_device/model_parallel/Llama2-70B/trace_4_FC_devices_seqlen_2048.txt
../aim_simulator/build/ramulator2 -f ../aim_simulator/test/example.yaml -t ../trace/32_channels_per_device/model_parallel_FC/Llama2-70B/trace_4_FC_devices_seqlen_2048.txt
../aim_simulator/build/ramulator2 -f ../aim_simulator/test/example.yaml -t ../trace/32_channels_per_device/model_parallel/Llama2-70B/trace_8_FC_devices_seqlen_2048.txt
../aim_simulator/build/ramulator2 -f ../aim_simulator/test/example.yaml -t ../trace/32_channels_per_device/model_parallel_FC/Llama2-70B/trace_8_FC_devices_seqlen_2048.txt
../aim_simulator/build/ramulator2 -f ../aim_simulator/test/example.yaml -t ../trace/32_channels_per_device/model_parallel/Llama2-70B/trace_16_FC_devices_seqlen_2048.txt
../aim_simulator/build/ramulator2 -f ../aim_simulator/test/example.yaml -t ../trace/32_channels_per_device/model_parallel_FC/Llama2-70B/trace_16_FC_devices_seqlen_2048.txt
../aim_simulator/build/ramulator2 -f ../aim_simulator/test/example.yaml -t ../trace/32_channels_per_device/model_parallel/Llama2-70B/trace_32_FC_devices_seqlen_2048.txt
../aim_simulator/build/ramulator2 -f ../aim_simulator/test/example.yaml -t ../trace/32_channels_per_device/model_parallel_FC/Llama2-70B/trace_32_FC_devices_seqlen_2048.txt
../aim_simulator/build/ramulator2 -f ../aim_simulator/test/example.yaml -t ../trace/32_channels_per_device/model_parallel/Llama2-70B/trace_1_FC_devices_seqlen_2176.txt
../aim_simulator/build/ramulator2 -f ../aim_simulator/test/example.yaml -t ../trace/32_channels_per_device/model_parallel_FC/Llama2-70B/trace_1_FC_devices_seqlen_2176.txt
../aim_simulator/build/ramulator2 -f ../aim_simulator/test/example.yaml -t ../trace/32_channels_per_device/model_parallel/Llama2-70B/trace_2_FC_devices_seqlen_2176.txt
../aim_simulator/build/ramulator2 -f ../aim_simulator/test/example.yaml -t ../trace/32_channels_per_device/model_parallel_FC/Llama2-70B/trace_2_FC_devices_seqlen_2176.txt
../aim_simulator/build/ramulator2 -f ../aim_simulator/test/example.yaml -t ../trace/32_channels_per_device/model_parallel/Llama2-70B/trace_4_FC_devices_seqlen_2176.txt
../aim_simulator/build/ramulator2 -f ../aim_simulator/test/example.yaml -t ../trace/32_channels_per_device/model_parallel_FC/Llama2-70B/trace_4_FC_devices_seqlen_2176.txt
../aim_simulator/build/ramulator2 -f ../aim_simulator/test/example.yaml -t ../trace/32_channels_per_device/model_parallel/Llama2-70B/trace_8_FC_devices_seqlen_2176.txt
../aim_simulator/build/ramulator2 -f ../aim_simulator/test/example.yaml -t ../trace/32_channels_per_device/model_parallel_FC/Llama2-70B/trace_8_FC_devices_seqlen_2176.txt
../aim_simulator/build/ramulator2 -f ../aim_simulator/test/example.yaml -t ../trace/32_channels_per_device/model_parallel/Llama2-70B/trace_16_FC_devices_seqlen_2176.txt
../aim_simulator/build/ramulator2 -f ../aim_simulator/test/example.yaml -t ../trace/32_channels_per_device/model_parallel_FC/Llama2-70B/trace_16_FC_devices_seqlen_2176.txt
../aim_simulator/build/ramulator2 -f ../aim_simulator/test/example.yaml -t ../trace/32_channels_per_device/model_parallel/Llama2-70B/trace_32_FC_devices_seqlen_2176.txt
../aim_simulator/build/ramulator2 -f ../aim_simulator/test/example.yaml -t ../trace/32_channels_per_device/model_parallel_FC/Llama2-70B/trace_32_FC_devices_seqlen_2176.txt
../aim_simulator/build/ramulator2 -f ../aim_simulator/test/example.yaml -t ../trace/32_channels_per_device/model_parallel/Llama2-70B/trace_1_FC_devices_seqlen_2304.txt
../aim_simulator/build/ramulator2 -f ../aim_simulator/test/example.yaml -t ../trace/32_channels_per_device/model_parallel_FC/Llama2-70B/trace_1_FC_devices_seqlen_2304.txt
../aim_simulator/build/ramulator2 -f ../aim_simulator/test/example.yaml -t ../trace/32_channels_per_device/model_parallel/Llama2-70B/trace_2_FC_devices_seqlen_2304.txt
../aim_simulator/build/ramulator2 -f ../aim_simulator/test/example.yaml -t ../trace/32_channels_per_device/model_parallel_FC/Llama2-70B/trace_2_FC_devices_seqlen_2304.txt
../aim_simulator/build/ramulator2 -f ../aim_simulator/test/example.yaml -t ../trace/32_channels_per_device/model_parallel/Llama2-70B/trace_4_FC_devices_seqlen_2304.txt
../aim_simulator/build/ramulator2 -f ../aim_simulator/test/example.yaml -t ../trace/32_channels_per_device/model_parallel_FC/Llama2-70B/trace_4_FC_devices_seqlen_2304.txt
../aim_simulator/build/ramulator2 -f ../aim_simulator/test/example.yaml -t ../trace/32_channels_per_device/model_parallel/Llama2-70B/trace_8_FC_devices_seqlen_2304.txt
../aim_simulator/build/ramulator2 -f ../aim_simulator/test/example.yaml -t ../trace/32_channels_per_device/model_parallel_FC/Llama2-70B/trace_8_FC_devices_seqlen_2304.txt
../aim_simulator/build/ramulator2 -f ../aim_simulator/test/example.yaml -t ../trace/32_channels_per_device/model_parallel/Llama2-70B/trace_16_FC_devices_seqlen_2304.txt
../aim_simulator/build/ramulator2 -f ../aim_simulator/test/example.yaml -t ../trace/32_channels_per_device/model_parallel_FC/Llama2-70B/trace_16_FC_devices_seqlen_2304.txt
../aim_simulator/build/ramulator2 -f ../aim_simulator/test/example.yaml -t ../trace/32_channels_per_device/model_parallel/Llama2-70B/trace_32_FC_devices_seqlen_2304.txt
../aim_simulator/build/ramulator2 -f ../aim_simulator/test/example.yaml -t ../trace/32_channels_per_device/model_parallel_FC/Llama2-70B/trace_32_FC_devices_seqlen_2304.txt
../aim_simulator/build/ramulator2 -f ../aim_simulator/test/example.yaml -t ../trace/32_channels_per_device/model_parallel/Llama2-70B/trace_1_FC_devices_seqlen_2432.txt
../aim_simulator/build/ramulator2 -f ../aim_simulator/test/example.yaml -t ../trace/32_channels_per_device/model_parallel_FC/Llama2-70B/trace_1_FC_devices_seqlen_2432.txt
../aim_simulator/build/ramulator2 -f ../aim_simulator/test/example.yaml -t ../trace/32_channels_per_device/model_parallel/Llama2-70B/trace_2_FC_devices_seqlen_2432.txt
../aim_simulator/build/ramulator2 -f ../aim_simulator/test/example.yaml -t ../trace/32_channels_per_device/model_parallel_FC/Llama2-70B/trace_2_FC_devices_seqlen_2432.txt
../aim_simulator/build/ramulator2 -f ../aim_simulator/test/example.yaml -t ../trace/32_channels_per_device/model_parallel/Llama2-70B/trace_4_FC_devices_seqlen_2432.txt
../aim_simulator/build/ramulator2 -f ../aim_simulator/test/example.yaml -t ../trace/32_channels_per_device/model_parallel_FC/Llama2-70B/trace_4_FC_devices_seqlen_2432.txt
../aim_simulator/build/ramulator2 -f ../aim_simulator/test/example.yaml -t ../trace/32_channels_per_device/model_parallel/Llama2-70B/trace_8_FC_devices_seqlen_2432.txt
../aim_simulator/build/ramulator2 -f ../aim_simulator/test/example.yaml -t ../trace/32_channels_per_device/model_parallel_FC/Llama2-70B/trace_8_FC_devices_seqlen_2432.txt
../aim_simulator/build/ramulator2 -f ../aim_simulator/test/example.yaml -t ../trace/32_channels_per_device/model_parallel/Llama2-70B/trace_16_FC_devices_seqlen_2432.txt
../aim_simulator/build/ramulator2 -f ../aim_simulator/test/example.yaml -t ../trace/32_channels_per_device/model_parallel_FC/Llama2-70B/trace_16_FC_devices_seqlen_2432.txt
../aim_simulator/build/ramulator2 -f ../aim_simulator/test/example.yaml -t ../trace/32_channels_per_device/model_parallel/Llama2-70B/trace_32_FC_devices_seqlen_2432.txt
../aim_simulator/build/ramulator2 -f ../aim_simulator/test/example.yaml -t ../trace/32_channels_per_device/model_parallel_FC/Llama2-70B/trace_32_FC_devices_seqlen_2432.txt
../aim_simulator/build/ramulator2 -f ../aim_simulator/test/example.yaml -t ../trace/32_channels_per_device/model_parallel/Llama2-70B/trace_1_FC_devices_seqlen_2560.txt
../aim_simulator/build/ramulator2 -f ../aim_simulator/test/example.yaml -t ../trace/32_channels_per_device/model_parallel_FC/Llama2-70B/trace_1_FC_devices_seqlen_2560.txt
../aim_simulator/build/ramulator2 -f ../aim_simulator/test/example.yaml -t ../trace/32_channels_per_device/model_parallel/Llama2-70B/trace_2_FC_devices_seqlen_2560.txt
../aim_simulator/build/ramulator2 -f ../aim_simulator/test/example.yaml -t ../trace/32_channels_per_device/model_parallel/Llama2-70B/trace_4_FC_devices_seqlen_2560.txt
../aim_simulator/build/ramulator2 -f ../aim_simulator/test/example.yaml -t ../trace/32_channels_per_device/model_parallel_FC/Llama2-70B/trace_4_FC_devices_seqlen_2560.txt
../aim_simulator/build/ramulator2 -f ../aim_simulator/test/example.yaml -t ../trace/32_channels_per_device/model_parallel/Llama2-70B/trace_8_FC_devices_seqlen_2560.txt
../aim_simulator/build/ramulator2 -f ../aim_simulator/test/example.yaml -t ../trace/32_channels_per_device/model_parallel_FC/Llama2-70B/trace_8_FC_devices_seqlen_2560.txt
../aim_simulator/build/ramulator2 -f ../aim_simulator/test/example.yaml -t ../trace/32_channels_per_device/model_parallel/Llama2-70B/trace_16_FC_devices_seqlen_2560.txt
../aim_simulator/build/ramulator2 -f ../aim_simulator/test/example.yaml -t ../trace/32_channels_per_device/model_parallel_FC/Llama2-70B/trace_16_FC_devices_seqlen_2560.txt
../aim_simulator/build/ramulator2 -f ../aim_simulator/test/example.yaml -t ../trace/32_channels_per_device/model_parallel/Llama2-70B/trace_32_FC_devices_seqlen_2560.txt
../aim_simulator/build/ramulator2 -f ../aim_simulator/test/example.yaml -t ../trace/32_channels_per_device/model_parallel_FC/Llama2-70B/trace_32_FC_devices_seqlen_2560.txt
../aim_simulator/build/ramulator2 -f ../aim_simulator/test/example.yaml -t ../trace/32_channels_per_device/model_parallel/Llama2-70B/trace_1_FC_devices_seqlen_2688.txt
../aim_simulator/build/ramulator2 -f ../aim_simulator/test/example.yaml -t ../trace/32_channels_per_device/model_parallel_FC/Llama2-70B/trace_1_FC_devices_seqlen_2688.txt
../aim_simulator/build/ramulator2 -f ../aim_simulator/test/example.yaml -t ../trace/32_channels_per_device/model_parallel/Llama2-70B/trace_2_FC_devices_seqlen_2688.txt
../aim_simulator/build/ramulator2 -f ../aim_simulator/test/example.yaml -t ../trace/32_channels_per_device/model_parallel_FC/Llama2-70B/trace_2_FC_devices_seqlen_2688.txt
../aim_simulator/build/ramulator2 -f ../aim_simulator/test/example.yaml -t ../trace/32_channels_per_device/model_parallel/Llama2-70B/trace_4_FC_devices_seqlen_2688.txt
../aim_simulator/build/ramulator2 -f ../aim_simulator/test/example.yaml -t ../trace/32_channels_per_device/model_parallel_FC/Llama2-70B/trace_4_FC_devices_seqlen_2688.txt
../aim_simulator/build/ramulator2 -f ../aim_simulator/test/example.yaml -t ../trace/32_channels_per_device/model_parallel/Llama2-70B/trace_8_FC_devices_seqlen_2688.txt
../aim_simulator/build/ramulator2 -f ../aim_simulator/test/example.yaml -t ../trace/32_channels_per_device/model_parallel_FC/Llama2-70B/trace_8_FC_devices_seqlen_2688.txt
../aim_simulator/build/ramulator2 -f ../aim_simulator/test/example.yaml -t ../trace/32_channels_per_device/model_parallel/Llama2-70B/trace_16_FC_devices_seqlen_2688.txt
../aim_simulator/build/ramulator2 -f ../aim_simulator/test/example.yaml -t ../trace/32_channels_per_device/model_parallel_FC/Llama2-70B/trace_16_FC_devices_seqlen_2688.txt
../aim_simulator/build/ramulator2 -f ../aim_simulator/test/example.yaml -t ../trace/32_channels_per_device/model_parallel/Llama2-70B/trace_32_FC_devices_seqlen_2688.txt
../aim_simulator/build/ramulator2 -f ../aim_simulator/test/example.yaml -t ../trace/32_channels_per_device/model_parallel_FC/Llama2-70B/trace_32_FC_devices_seqlen_2688.txt
../aim_simulator/build/ramulator2 -f ../aim_simulator/test/example.yaml -t ../trace/32_channels_per_device/model_parallel/Llama2-70B/trace_1_FC_devices_seqlen_2816.txt
../aim_simulator/build/ramulator2 -f ../aim_simulator/test/example.yaml -t ../trace/32_channels_per_device/model_parallel_FC/Llama2-70B/trace_1_FC_devices_seqlen_2816.txt
../aim_simulator/build/ramulator2 -f ../aim_simulator/test/example.yaml -t ../trace/32_channels_per_device/model_parallel/Llama2-70B/trace_2_FC_devices_seqlen_2816.txt
../aim_simulator/build/ramulator2 -f ../aim_simulator/test/example.yaml -t ../trace/32_channels_per_device/model_parallel_FC/Llama2-70B/trace_2_FC_devices_seqlen_2816.txt
../aim_simulator/build/ramulator2 -f ../aim_simulator/test/example.yaml -t ../trace/32_channels_per_device/model_parallel/Llama2-70B/trace_4_FC_devices_seqlen_2816.txt
../aim_simulator/build/ramulator2 -f ../aim_simulator/test/example.yaml -t ../trace/32_channels_per_device/model_parallel_FC/Llama2-70B/trace_4_FC_devices_seqlen_2816.txt
../aim_simulator/build/ramulator2 -f ../aim_simulator/test/example.yaml -t ../trace/32_channels_per_device/model_parallel/Llama2-70B/trace_8_FC_devices_seqlen_2816.txt
../aim_simulator/build/ramulator2 -f ../aim_simulator/test/example.yaml -t ../trace/32_channels_per_device/model_parallel_FC/Llama2-70B/trace_8_FC_devices_seqlen_2816.txt
../aim_simulator/build/ramulator2 -f ../aim_simulator/test/example.yaml -t ../trace/32_channels_per_device/model_parallel/Llama2-70B/trace_16_FC_devices_seqlen_2816.txt
../aim_simulator/build/ramulator2 -f ../aim_simulator/test/example.yaml -t ../trace/32_channels_per_device/model_parallel_FC/Llama2-70B/trace_16_FC_devices_seqlen_2816.txt
../aim_simulator/build/ramulator2 -f ../aim_simulator/test/example.yaml -t ../trace/32_channels_per_device/model_parallel/Llama2-70B/trace_32_FC_devices_seqlen_2816.txt
../aim_simulator/build/ramulator2 -f ../aim_simulator/test/example.yaml -t ../trace/32_channels_per_device/model_parallel_FC/Llama2-70B/trace_32_FC_devices_seqlen_2816.txt
../aim_simulator/build/ramulator2 -f ../aim_simulator/test/example.yaml -t ../trace/32_channels_per_device/model_parallel/Llama2-70B/trace_1_FC_devices_seqlen_2944.txt
../aim_simulator/build/ramulator2 -f ../aim_simulator/test/example.yaml -t ../trace/32_channels_per_device/model_parallel_FC/Llama2-70B/trace_1_FC_devices_seqlen_2944.txt
../aim_simulator/build/ramulator2 -f ../aim_simulator/test/example.yaml -t ../trace/32_channels_per_device/model_parallel/Llama2-70B/trace_2_FC_devices_seqlen_2944.txt
../aim_simulator/build/ramulator2 -f ../aim_simulator/test/example.yaml -t ../trace/32_channels_per_device/model_parallel_FC/Llama2-70B/trace_2_FC_devices_seqlen_2944.txt
../aim_simulator/build/ramulator2 -f ../aim_simulator/test/example.yaml -t ../trace/32_channels_per_device/model_parallel/Llama2-70B/trace_4_FC_devices_seqlen_2944.txt
../aim_simulator/build/ramulator2 -f ../aim_simulator/test/example.yaml -t ../trace/32_channels_per_device/model_parallel_FC/Llama2-70B/trace_4_FC_devices_seqlen_2944.txt
../aim_simulator/build/ramulator2 -f ../aim_simulator/test/example.yaml -t ../trace/32_channels_per_device/model_parallel/Llama2-70B/trace_8_FC_devices_seqlen_2944.txt
../aim_simulator/build/ramulator2 -f ../aim_simulator/test/example.yaml -t ../trace/32_channels_per_device/model_parallel_FC/Llama2-70B/trace_8_FC_devices_seqlen_2944.txt
../aim_simulator/build/ramulator2 -f ../aim_simulator/test/example.yaml -t ../trace/32_channels_per_device/model_parallel/Llama2-70B/trace_16_FC_devices_seqlen_2944.txt
../aim_simulator/build/ramulator2 -f ../aim_simulator/test/example.yaml -t ../trace/32_channels_per_device/model_parallel_FC/Llama2-70B/trace_16_FC_devices_seqlen_2944.txt
../aim_simulator/build/ramulator2 -f ../aim_simulator/test/example.yaml -t ../trace/32_channels_per_device/model_parallel/Llama2-70B/trace_32_FC_devices_seqlen_2944.txt
../aim_simulator/build/ramulator2 -f ../aim_simulator/test/example.yaml -t ../trace/32_channels_per_device/model_parallel_FC/Llama2-70B/trace_32_FC_devices_seqlen_2944.txt
../aim_simulator/build/ramulator2 -f ../aim_simulator/test/example.yaml -t ../trace/32_channels_per_device/model_parallel/Llama2-70B/trace_1_FC_devices_seqlen_3072.txt
../aim_simulator/build/ramulator2 -f ../aim_simulator/test/example.yaml -t ../trace/32_channels_per_device/model_parallel_FC/Llama2-70B/trace_1_FC_devices_seqlen_3072.txt
cles: 819
    CH1_AiM_ISR_EWMUL_cycles: 690  # total number of AiM ISR_EWMUL cycles
    CH1_num_REFpb_commands: 0  # total number of REFpb commands
    CH1_AiM_ISR_EWADD_c../aim_simulator/build/ramulator2 -f ../aim_simulator/test/example.yaml -t ../trace/32_channels_per_device/model_parallel/Llama2-70B/trace_2_FC_devices_seqlen_3072.txt
../aim_simulator/build/ramulator2 -f ../aim_simulator/test/example.yaml -t ../trace/32_channels_per_device/model_parallel_FC/Llama2-70B/trace_2_FC_devices_seqlen_3072.txt
../aim_simulator/build/ramulator2 -f ../aim_simulator/test/example.yaml -t ../trace/32_channels_per_device/model_parallel/Llama2-70B/trace_4_FC_devices_seqlen_3072.txt
../aim_simulator/build/ramulator2 -f ../aim_simulator/test/example.yaml -t ../trace/32_channels_per_device/model_parallel_FC/Llama2-70B/trace_4_FC_devices_seqlen_3072.txt
../aim_simulator/build/ramulator2 -f ../aim_simulator/test/example.yaml -t ../trace/32_channels_per_device/model_parallel/Llama2-70B/trace_8_FC_devices_seqlen_3072.txt
../aim_simulator/build/ramulator2 -f ../aim_simulator/test/example.yaml -t ../trace/32_channels_per_device/model_parallel_FC/Llama2-70B/trace_8_FC_devices_seqlen_3072.txt
../aim_simulator/build/ramulator2 -f ../aim_simulator/test/example.yaml -t ../trace/32_channels_per_device/model_parallel/Llama2-70B/trace_16_FC_devices_seqlen_3072.txt
../aim_simulator/build/ramulator2 -f ../aim_simulator/test/example.yaml -t ../trace/32_channels_per_device/model_parallel_FC/Llama2-70B/trace_16_FC_devices_seqlen_3072.txt
../aim_simulator/build/ramulator2 -f ../aim_simulator/test/example.yaml -t ../trace/32_channels_per_device/model_parallel/Llama2-70B/trace_32_FC_devices_seqlen_3072.txt
../aim_simulator/build/ramulator2 -f ../aim_simulator/test/example.yaml -t ../trace/32_channels_per_device/model_parallel_FC/Llama2-70B/trace_32_FC_devices_seqlen_3072.txt
../aim_simulator/build/ramulator2 -f ../aim_simulator/test/example.yaml -t ../trace/32_channels_per_device/model_parallel/Llama2-70B/trace_1_FC_devices_seqlen_3200.txt
../aim_simulator/build/ramulator2 -f ../aim_simulator/test/example.yaml -t ../trace/32_channels_per_device/model_parallel_FC/Llama2-70B/trace_1_FC_devices_seqlen_3200.txt
../aim_simulator/build/ramulator2 -f ../aim_simulator/test/example.yaml -t ../trace/32_channels_per_device/model_parallel/Llama2-70B/trace_2_FC_devices_seqlen_3200.txt
../aim_simulator/build/ramulator2 -f ../aim_simulator/test/example.yaml -t ../trace/32_channels_per_device/model_parallel_FC/Llama2-70B/trace_2_FC_devices_seqlen_3200.txt
../aim_simulator/build/ramulator2 -f ../aim_simulator/test/example.yaml -t ../trace/32_channels_per_device/model_parallel/Llama2-70B/trace_4_FC_devices_seqlen_3200.txt
../aim_simulator/build/ramulator2 -f ../aim_simulator/test/example.yaml -t ../trace/32_channels_per_device/model_parallel_FC/Llama2-70B/trace_4_FC_devices_seqlen_3200.txt
../aim_simulator/build/ramulator2 -f ../aim_simulator/test/example.yaml -t ../trace/32_channels_per_device/model_parallel/Llama2-70B/trace_8_FC_devices_seqlen_3200.txt
../aim_simulator/build/ramulator2 -f ../aim_simulator/test/example.yaml -t ../trace/32_channels_per_device/model_parallel_FC/Llama2-70B/trace_8_FC_devices_seqlen_3200.txt
../aim_simulator/build/ramulator2 -f ../aim_simulator/test/example.yaml -t ../trace/32_channels_per_device/model_parallel/Llama2-70B/trace_16_FC_devices_seqlen_3200.txt
../aim_simulator/build/ramulator2 -f ../aim_simulator/test/example.yaml -t ../trace/32_channels_per_device/model_parallel_FC/Llama2-70B/trace_16_FC_devices_seqlen_3200.txt
../aim_simulator/build/ramulator2 -f ../aim_simulator/test/example.yaml -t ../trace/32_channels_per_device/model_parallel/Llama2-70B/trace_32_FC_devices_seqlen_3200.txt
../aim_simulator/build/ramulator2 -f ../aim_simulator/test/example.yaml -t ../trace/32_channels_per_device/model_parallel_FC/Llama2-70B/trace_32_FC_devices_seqlen_3200.txt
../aim_simulator/build/ramulator2 -f ../aim_simulator/test/example.yaml -t ../trace/32_channels_per_device/model_parallel/Llama2-70B/trace_1_FC_devices_seqlen_3328.txt
../aim_simulator/build/ramulator2 -f ../aim_simulator/test/example.yaml -t ../trace/32_channels_per_device/model_parallel_FC/Llama2-70B/trace_1_FC_devices_seqlen_3328.txt
../aim_simulator/build/ramulator2 -f ../aim_simulator/test/example.yaml -t ../trace/32_channels_per_device/model_parallel/Llama2-70B/trace_2_FC_devices_seqlen_3328.txt
../aim_simulator/build/ramulator2 -f ../aim_simulator/test/example.yaml -t ../trace/32_channels_per_device/model_parallel_FC/Llama2-70B/trace_2_FC_devices_seqlen_3328.txt
../aim_simulator/build/ramulator2 -f ../aim_simulator/test/example.yaml -t ../trace/32_channels_per_device/model_parallel/Llama2-70B/trace_4_FC_devices_seqlen_3328.txt
../aim_simulator/build/ramulator2 -f ../aim_simulator/test/example.yaml -t ../trace/32_channels_per_device/model_parallel_FC/Llama2-70B/trace_4_FC_devices_seqlen_3328.txt
../aim_simulator/build/ramulator2 -f ../aim_simulator/test/example.yaml -t ../trace/32_channels_per_device/model_parallel/Llama2-70B/trace_8_FC_devices_seqlen_3328.txt
../aim_simulator/build/ramulator2 -f ../aim_simulator/test/example.yaml -t ../trace/32_channels_per_device/model_parallel_FC/Llama2-70B/trace_8_FC_devices_seqlen_3328.txt
../aim_simulator/build/ramulator2 -f ../aim_simulator/test/example.yaml -t ../trace/32_channels_per_device/model_parallel/Llama2-70B/trace_16_FC_devices_seqlen_3328.txt
../aim_simulator/build/ramulator2 -f ../aim_simulator/test/example.yaml -t ../trace/32_channels_per_device/model_parallel_FC/Llama2-70B/trace_16_FC_devices_seqlen_3328.txt
../aim_simulator/build/ramulator2 -f ../aim_simulator/test/example.yaml -t ../trace/32_channels_per_device/model_parallel/Llama2-70B/trace_32_FC_devices_seqlen_3328.txt
../aim_simulator/build/ramulator2 -f ../aim_simulator/test/example.yaml -t ../trace/32_channels_per_device/model_parallel_FC/Llama2-70B/trace_32_FC_devices_seqlen_3328.txt
../aim_simulator/build/ramulator2 -f ../aim_simulator/test/example.yaml -t ../trace/32_channels_per_device/model_parallel/Llama2-70B/trace_1_FC_devices_seqlen_3456.txt
../aim_simulator/build/ramulator2 -f ../aim_simulator/test/example.yaml -t ../trace/32_channels_per_device/model_parallel_FC/Llama2-70B/trace_1_FC_devices_seqlen_3456.txt
../aim_simulator/build/ramulator2 -f ../aim_simulator/test/example.yaml -t ../trace/32_channels_per_device/model_parallel/Llama2-70B/trace_2_FC_devices_seqlen_3456.txt
../aim_simulator/build/ramulator2 -f ../aim_simulator/test/example.yaml -t ../trace/32_channels_per_device/model_parallel_FC/Llama2-70B/trace_2_FC_devices_seqlen_3456.txt
../aim_simulator/build/ramulator2 -f ../aim_simulator/test/example.yaml -t ../trace/32_channels_per_device/model_parallel/Llama2-70B/trace_4_FC_devices_seqlen_3456.txt
../aim_simulator/build/ramulator2 -f ../aim_simulator/test/example.yaml -t ../trace/32_channels_per_device/model_parallel_FC/Llama2-70B/trace_4_FC_devices_seqlen_3456.txt
../aim_simulator/build/ramulator2 -f ../aim_simulator/test/example.yaml -t ../trace/32_channels_per_device/model_parallel/Llama2-70B/trace_8_FC_devices_seqlen_3456.txt
../aim_simulator/build/ramulator2 -f ../aim_simulator/test/example.yaml -t ../trace/32_channels_per_device/model_parallel_FC/Llama2-70B/trace_8_FC_devices_seqlen_3456.txt
../aim_simulator/build/ramulator2 -f ../aim_simulator/test/example.yaml -t ../trace/32_channels_per_device/model_parallel/Llama2-70B/trace_16_FC_devices_seqlen_3456.txt
../aim_simulator/build/ramulator2 -f ../aim_simulator/test/example.yaml -t ../trace/32_channels_per_device/model_parallel_FC/Llama2-70B/trace_16_FC_devices_seqlen_3456.txt
../aim_simulator/build/ramulator2 -f ../aim_simulator/test/example.yaml -t ../trace/32_channels_per_device/model_parallel/Llama2-70B/trace_32_FC_devices_seqlen_3456.txt
../aim_simulator/build/ramulator2 -f ../aim_simulator/test/example.yaml -t ../trace/32_channels_per_device/model_parallel_FC/Llama2-70B/trace_32_FC_devices_seqlen_3456.txt
../aim_simulator/build/ramulator2 -f ../aim_simulator/test/example.yaml -t ../trace/32_channels_per_device/model_parallel/Llama2-70B/trace_1_FC_devices_seqlen_3584.txt
../aim_simulator/build/ramulator2 -f ../aim_simulator/test/example.yaml -t ../trace/32_channels_per_device/model_parallel_FC/Llama2-70B/trace_1_FC_devices_seqlen_3584.txt
../aim_simulator/build/ramulator2 -f ../aim_simulator/test/example.yaml -t ../trace/32_channels_per_device/model_parallel/Llama2-70B/trace_2_FC_devices_seqlen_3584.txt
../aim_simulator/build/ramulator2 -f ../aim_simulator/test/example.yaml -t ../trace/32_channels_per_device/model_parallel_FC/Llama2-70B/trace_2_FC_devices_seqlen_3584.txt
../aim_simulator/build/ramulator2 -f ../aim_simulator/test/example.yaml -t ../trace/32_channels_per_device/model_parallel/Llama2-70B/trace_4_FC_devices_seqlen_3584.txt
../aim_simulator/build/ramulator2 -f ../aim_simulator/test/example.yaml -t ../trace/32_channels_per_device/model_parallel_FC/Llama2-70B/trace_4_FC_devices_seqlen_3584.txt
../aim_simulator/build/ramulator2 -f ../aim_simulator/test/example.yaml -t ../trace/32_channels_per_device/model_parallel/Llama2-70B/trace_8_FC_devices_seqlen_3584.txt
../aim_simulator/build/ramulator2 -f ../aim_simulator/test/example.yaml -t ../trace/32_channels_per_device/model_parallel_FC/Llama2-70B/trace_8_FC_devices_seqlen_3584.txt
../aim_simulator/build/ramulator2 -f ../aim_simulator/test/example.yaml -t ../trace/32_channels_per_device/model_parallel/Llama2-70B/trace_16_FC_devices_seqlen_3584.txt
../aim_simulator/build/ramulator2 -f ../aim_simulator/test/example.yaml -t ../trace/32_channels_per_device/model_parallel_FC/Llama2-70B/trace_16_FC_devices_seqlen_3584.txt
../aim_simulator/build/ramulator2 -f ../aim_simulator/test/example.yaml -t ../trace/32_channels_per_device/model_parallel/Llama2-70B/trace_32_FC_devices_seqlen_3584.txt
../aim_simulator/build/ramulator2 -f ../aim_simulator/test/example.yaml -t ../trace/32_channels_per_device/model_parallel_FC/Llama2-70B/trace_32_FC_devices_seqlen_3584.txt
../aim_simulator/build/ramulator2 -f ../aim_simulator/test/example.yaml -t ../trace/32_channels_per_device/model_parallel/Llama2-70B/trace_1_FC_devices_seqlen_3712.txt
../aim_simulator/build/ramulator2 -f ../aim_simulator/test/example.yaml -t ../trace/32_channels_per_device/model_parallel_FC/Llama2-70B/trace_1_FC_devices_seqlen_3712.txt
../aim_simulator/build/ramulator2 -f ../aim_simulator/test/example.yaml -t ../trace/32_channels_per_device/model_parallel/Llama2-70B/trace_2_FC_devices_seqlen_3712.txt
../aim_simulator/build/ramulator2 -f ../aim_simulator/test/example.yaml -t ../trace/32_channels_per_device/model_parallel_FC/Llama2-70B/trace_2_FC_devices_seqlen_3712.txt
../aim_simulator/build/ramulator2 -f ../aim_simulator/test/example.yaml -t ../trace/32_channels_per_device/model_parallel/Llama2-70B/trace_4_FC_devices_seqlen_3712.txt
../aim_simulator/build/ramulator2 -f ../aim_simulator/test/example.yaml -t ../trace/32_channels_per_device/model_parallel_FC/Llama2-70B/trace_4_FC_devices_seqlen_3712.txt
../aim_simulator/build/ramulator2 -f ../aim_simulator/test/example.yaml -t ../trace/32_channels_per_device/model_parallel/Llama2-70B/trace_8_FC_devices_seqlen_3712.txt
../aim_simulator/build/ramulator2 -f ../aim_simulator/test/example.yaml -t ../trace/32_channels_per_device/model_parallel_FC/Llama2-70B/trace_8_FC_devices_seqlen_3712.txt
../aim_simulator/build/ramulator2 -f ../aim_simulator/test/example.yaml -t ../trace/32_channels_per_device/model_parallel/Llama2-70B/trace_16_FC_devices_seqlen_3712.txt
../aim_simulator/build/ramulator2 -f ../aim_simulator/test/example.yaml -t ../trace/32_channels_per_device/model_parallel_FC/Llama2-70B/trace_16_FC_devices_seqlen_3712.txt
../aim_simulator/build/ramulator2 -f ../aim_simulator/test/example.yaml -t ../trace/32_channels_per_device/model_parallel/Llama2-70B/trace_32_FC_devices_seqlen_3712.txt
../aim_simulator/build/ramulator2 -f ../aim_simulator/test/example.yaml -t ../trace/32_channels_per_device/model_parallel_FC/Llama2-70B/trace_32_FC_devices_seqlen_3712.txt
../aim_simulator/build/ramulator2 -f ../aim_simulator/test/example.yaml -t ../trace/32_channels_per_device/model_parallel/Llama2-70B/trace_1_FC_devices_seqlen_3840.txt
../aim_simulator/build/ramulator2 -f ../aim_simulator/test/example.yaml -t ../trace/32_channels_per_device/model_parallel_FC/Llama2-70B/trace_1_FC_devices_seqlen_3840.txt
../aim_simulator/build/ramulator2 -f ../aim_simulator/test/example.yaml -t ../trace/32_channels_per_device/model_parallel/Llama2-70B/trace_2_FC_devices_seqlen_3840.txt
../aim_simulator/build/ramulator2 -f ../aim_simulator/test/example.yaml -t ../trace/32_channels_per_device/model_parallel_FC/Llama2-70B/trace_2_FC_devices_seqlen_3840.txt
../aim_simulator/build/ramulator2 -f ../aim_simulator/test/example.yaml -t ../trace/32_channels_per_device/model_parallel/Llama2-70B/trace_4_FC_devices_seqlen_3840.txt
../aim_simulator/build/ramulator2 -f ../aim_simulator/test/example.yaml -t ../trace/32_channels_per_device/model_parallel_FC/Llama2-70B/trace_4_FC_devices_seqlen_3840.txt
../aim_simulator/build/ramulator2 -f ../aim_simulator/test/example.yaml -t ../trace/32_channels_per_device/model_parallel/Llama2-70B/trace_8_FC_devices_seqlen_3840.txt
../aim_simulator/build/ramulator2 -f ../aim_simulator/test/example.yaml -t ../trace/32_channels_per_device/model_parallel_FC/Llama2-70B/trace_8_FC_devices_seqlen_3840.txt
../aim_simulator/build/ramulator2 -f ../aim_simulator/test/example.yaml -t ../trace/32_channels_per_device/model_parallel/Llama2-70B/trace_16_FC_devices_seqlen_3840.txt
../aim_simulator/build/ramulator2 -f ../aim_simulator/test/example.yaml -t ../trace/32_channels_per_device/model_parallel_FC/Llama2-70B/trace_16_FC_devices_seqlen_3840.txt
../aim_simulator/build/ramulator2 -f ../aim_simulator/test/example.yaml -t ../trace/32_channels_per_device/model_parallel/Llama2-70B/trace_32_FC_devices_seqlen_3840.txt
../aim_simulator/build/ramulator2 -f ../aim_simulator/test/example.yaml -t ../trace/32_channels_per_device/model_parallel_FC/Llama2-70B/trace_32_FC_devices_seqlen_3840.txt
../aim_simulator/build/ramulator2 -f ../aim_simulator/test/example.yaml -t ../trace/32_channels_per_device/model_parallel/Llama2-70B/trace_1_FC_devices_seqlen_3968.txt
../aim_simulator/build/ramulator2 -f ../aim_simulator/test/example.yaml -t ../trace/32_channels_per_device/model_parallel_FC/Llama2-70B/trace_1_FC_devices_seqlen_3968.txt
../aim_simulator/build/ramulator2 -f ../aim_simulator/test/example.yaml -t ../trace/32_channels_per_device/model_parallel/Llama2-70B/trace_2_FC_devices_seqlen_3968.txt
../aim_simulator/build/ramulator2 -f ../aim_simulator/test/example.yaml -t ../trace/32_channels_per_device/model_parallel_FC/Llama2-70B/trace_2_FC_devices_seqlen_3968.txt
../aim_simulator/build/ramulator2 -f ../aim_simulator/test/example.yaml -t ../trace/32_channels_per_device/model_parallel/Llama2-70B/trace_4_FC_devices_seqlen_3968.txt
../aim_simulator/build/ramulator2 -f ../aim_simulator/test/example.yaml -t ../trace/32_channels_per_device/model_parallel_FC/Llama2-70B/trace_4_FC_devices_seqlen_3968.txt
../aim_simulator/build/ramulator2 -f ../aim_simulator/test/example.yaml -t ../trace/32_channels_per_device/model_parallel/Llama2-70B/trace_8_FC_devices_seqlen_3968.txt
../aim_simulator/build/ramulator2 -f ../aim_simulator/test/example.yaml -t ../trace/32_channels_per_device/model_parallel_FC/Llama2-70B/trace_8_FC_devices_seqlen_3968.txt
../aim_simulator/build/ramulator2 -f ../aim_simulator/test/example.yaml -t ../trace/32_channels_per_device/model_parallel/Llama2-70B/trace_16_FC_devices_seqlen_3968.txt
../aim_simulator/build/ramulator2 -f ../aim_simulator/test/example.yaml -t ../trace/32_channels_per_device/model_parallel_FC/Llama2-70B/trace_16_FC_devices_seqlen_3968.txt
../aim_simulator/build/ramulator2 -f ../aim_simulator/test/example.yaml -t ../trace/32_channels_per_device/model_parallel/Llama2-70B/trace_32_FC_devices_seqlen_3968.txt
../aim_simulator/build/ramulator2 -f ../aim_simulator/test/example.yaml -t ../trace/32_channels_per_device/model_parallel_FC/Llama2-70B/trace_32_FC_devices_seqlen_3968.txt
../aim_simulator/build/ramulator2 -f ../aim_simulator/test/example.yaml -t ../trace/32_channels_per_device/model_parallel/Llama2-70B/trace_1_FC_devices_seqlen_4096.txt
../aim_simulator/build/ramulator2 -f ../aim_simulator/test/example.yaml -t ../trace/32_channels_per_device/model_parallel_FC/Llama2-70B/trace_1_FC_devices_seqlen_4096.txt
../aim_simulator/build/ramulator2 -f ../aim_simulator/test/example.yaml -t ../trace/32_channels_per_device/model_parallel/Llama2-70B/trace_2_FC_devices_seqlen_4096.txt
../aim_simulator/build/ramulator2 -f ../aim_simulator/test/example.yaml -t ../trace/32_channels_per_device/model_parallel_FC/Llama2-70B/trace_2_FC_devices_seqlen_4096.txt
../aim_simulator/build/ramulator2 -f ../aim_simulator/test/example.yaml -t ../trace/32_channels_per_device/model_parallel/Llama2-70B/trace_4_FC_devices_seqlen_4096.txt
../aim_simulator/build/ramulator2 -f ../aim_simulator/test/example.yaml -t ../trace/32_channels_per_device/model_parallel_FC/Llama2-70B/trace_4_FC_devices_seqlen_4096.txt
../aim_simulator/build/ramulator2 -f ../aim_simulator/test/example.yaml -t ../trace/32_channels_per_device/model_parallel/Llama2-70B/trace_8_FC_devices_seqlen_4096.txt
../aim_simulator/build/ramulator2 -f ../aim_simulator/test/example.yaml -t ../trace/32_channels_per_device/model_parallel_FC/Llama2-70B/trace_8_FC_devices_seqlen_4096.txt
../aim_simulator/build/ramulator2 -f ../aim_simulator/test/example.yaml -t ../trace/32_channels_per_device/model_parallel/Llama2-70B/trace_16_FC_devices_seqlen_4096.txt
../aim_simulator/build/ramulator2 -f ../aim_simulator/test/example.yaml -t ../trace/32_channels_per_device/model_parallel_FC/Llama2-70B/trace_16_FC_devices_seqlen_4096.txt
../aim_simulator/build/ramulator2 -f ../aim_simulator/test/example.yaml -t ../trace/32_channels_per_device/model_parallel/Llama2-70B/trace_32_FC_devices_seqlen_4096.txt
../aim_simulator/build/ramulator2 -f ../aim_simulator/test/example.yaml -t ../trace/32_channels_per_device/model_parallel_FC/Llama2-70B/trace_32_FC_devices_seqlen_4096.txt
Processing results...
Updating simulation results to CSV file...
