Model,Device number,Pipeline parallelism,Tensor parallelism,Channels per device,Channels per block,Sequence length,PIM latency,CXL latency,Acc latency,TransformerBlock latency,Embedding latency,Token latency (ms),Throughput (tokens/s),Token energy (mJ),Total power (W),Device utilization
Llama2-13B,20,1,20,32,32,128,0.0016855,0.0094062218148367,0.00290525,0.0139969718148367,0.0016855,0.711564372593471,1405.354228676816,14.479718587885673,214.7688903572483,1.0
Llama2-13B,20,1,20,32,32,256,0.0016855,0.0094062218148367,0.00345525,0.0145469718148367,0.0016855,0.7335643725934711,1363.2068804876146,14.499989962601704,215.06956337291172,1.0
Llama2-13B,20,1,20,32,32,384,0.0016855,0.0094062218148367,0.00400525,0.0150969718148367,0.0016855,0.755564372593471,1323.5139668741988,14.520261337317736,215.3702363885752,1.0
Llama2-13B,20,1,20,32,32,512,0.0016855,0.0094062218148367,0.00455525,0.0156469718148367,0.0016855,0.7775643725934711,1286.067154368997,14.54053271203377,215.67090940423876,1.0
Llama2-13B,20,1,20,32,32,640,0.0016855,0.0094062218148367,0.00510525,0.0161969718148367,0.0016855,0.799564372593471,1250.6810386715892,14.560804086749805,215.9715824199022,1.0
Llama2-13B,20,1,20,32,32,768,0.0016855,0.0094062218148367,0.00565525,0.0167469718148367,0.0016855,0.821564372593471,1217.1900746416898,14.581075461465836,216.27225543556568,1.0
Llama2-13B,20,1,20,32,32,896,0.0016855,0.0094062218148367,0.00620525,0.0172969718148367,0.0016855,0.8435643725934711,1185.4459866833638,14.601346836181866,216.5729284512292,1.0
Llama2-13B,20,1,20,32,32,1024,0.0016855,0.0094062218148367,0.00675525,0.0178469718148367,0.0016855,0.865564372593471,1155.3155740499376,14.621618210897898,216.8736014668927,1.0
Llama2-13B,20,1,20,32,32,1152,0.0016855,0.0094062218148367,0.00730525,0.0183969718148367,0.0016855,0.8875643725934711,1126.6788425474888,14.64188958561393,217.1742744825561,1.0
Llama2-13B,20,1,20,32,32,1280,0.0016855,0.0094062218148367,0.00785525,0.0189469718148367,0.0016855,0.909564372593471,1099.4274073737815,14.66216096032996,217.4749474982196,1.0
Llama2-13B,20,1,20,32,32,1408,0.0016855,0.0094062218148367,0.00840525,0.0194969718148367,0.0016855,0.9315643725934712,1073.4631222703422,14.682432335045991,217.77562051388315,1.0
Llama2-13B,20,1,20,32,32,1536,0.0016855,0.0094062218148367,0.00895525,0.0200469718148367,0.0016855,0.953564372593471,1048.6968984382618,14.702703709762025,218.0762935295466,1.0
Llama2-13B,20,1,20,32,32,1664,0.0016855,0.0094062218148367,0.00950525,0.0205969718148367,0.0016855,0.975564372593471,1025.0476832621189,14.722975084478058,218.37696654521008,1.0
Llama2-13B,20,1,20,32,32,1792,0.0016855,0.0094062218148367,0.01005525,0.0211469718148367,0.0016855,0.997564372593471,1002.4415741714962,14.743246459194088,218.6776395608736,1.0
Llama2-13B,20,1,20,32,32,1920,0.0016855,0.0094062218148367,0.0106052499999999,0.0216969718148367,0.0016855,1.0195643725934709,980.8110472282344,14.763517833910122,218.978312576537,1.0
Llama2-13B,20,1,20,32,32,2048,0.0016855,0.0094062218148367,0.01115525,0.0222469718148367,0.0016855,1.041564372593471,960.0942834767123,14.783789208626152,219.2789855922005,1.0
Llama2-13B,20,1,20,32,32,2176,0.0016855,0.0094062218148367,0.0117052499999999,0.0227969718148367,0.0016855,1.063564372593471,940.2345789014436,14.804060583342183,219.579658607864,1.0
Llama2-13B,20,1,20,32,32,2304,0.0016855,0.0094062218148367,0.01225525,0.0233469718148367,0.0016855,1.085564372593471,921.1798261313116,14.824331958058217,219.88033162352747,1.0
Llama2-13B,20,1,20,32,32,2432,0.0016855,0.0094062218148367,0.0128052499999999,0.0238969718148367,0.0016855,1.107564372593471,902.8820579145224,14.844603332774248,220.18100463919097,1.0
Llama2-13B,20,1,20,32,32,2560,0.0016855,0.0094062218148367,0.01335525,0.0244469718148367,0.0016855,1.129564372593471,885.2970439427085,14.864874707490282,220.48167765485445,1.0
Llama2-13B,20,1,20,32,32,2688,0.0016855,0.0094062218148367,0.01390525,0.0249969718148367,0.0016855,1.1515643725934708,868.38393388975,14.885146082206315,220.7823506705179,1.0
Llama2-13B,20,1,20,32,32,2816,0.0016855,0.0094062218148367,0.01445525,0.0255469718148367,0.0016855,1.173564372593471,852.1049406008216,14.905417456922349,221.08302368618143,1.0
Llama2-13B,20,1,20,32,32,2944,0.0016855,0.0094062218148367,0.01500525,0.0260969718148367,0.0016855,1.1955643725934708,836.4250582599379,14.925688831638375,221.3836967018449,1.0
Llama2-13B,20,1,20,32,32,3072,0.0016855,0.0094062218148367,0.01555525,0.0266469718148367,0.0016855,1.217564372593471,821.3118111118442,14.94596020635441,221.6843697175084,1.0
Llama2-13B,20,1,20,32,32,3200,0.0016855,0.0094062218148367,0.01610525,0.0271969718148367,0.0016855,1.2395643725934709,806.7350289422697,14.96623158107044,221.98504273317187,1.0
Llama2-13B,20,1,20,32,32,3328,0.0016855,0.0094062218148367,0.01665525,0.0277469718148367,0.0016855,1.2615643725934709,792.6666460501275,14.986502955786474,222.28571574883537,1.0
Llama2-13B,20,1,20,32,32,3456,0.0016855,0.0094062218148367,0.01720525,0.0282969718148367,0.0016855,1.2835643725934711,779.0805208931416,15.006774330502504,222.5863887644988,1.0
Llama2-13B,20,1,20,32,32,3584,0.0016855,0.0094062218148367,0.01775525,0.0288469718148367,0.0016855,1.3055643725934711,765.9522739683259,15.02704570521854,222.8870617801623,1.0
Llama2-13B,20,1,20,32,32,3712,0.0016855,0.0094062218148367,0.01830525,0.0293969718148367,0.0016855,1.327564372593471,753.2591418120421,15.047317079934569,223.18773479582575,1.0
Llama2-13B,20,1,20,32,32,3840,0.0016855,0.0094062218148367,0.01885525,0.0299469718148367,0.0016855,1.349564372593471,740.9798452802146,15.067588454650602,223.48840781148928,1.0
Llama2-13B,20,1,20,32,32,3968,0.0016855,0.0094062218148367,0.01940525,0.0304969718148367,0.0016855,1.3715643725934712,729.0944705053213,15.087859829366634,223.7890808271528,1.0
Llama2-13B,20,1,20,32,32,4096,0.0016855,0.0094062218148367,0.01995525,0.0310469718148367,0.0016855,1.393564372593471,717.5843611292715,15.108131204082664,224.08975384281624,1.0
Llama2-13B,20,2,10,32,32,128,0.0016855,0.0091337434387207,0.00290525,0.0137244934387207,0.0016855,0.700665237548828,2854.430179805551,7.239859293942836,214.76889035724835,1.0
Llama2-13B,20,2,10,32,32,256,0.0016855,0.0091337434387207,0.00345525,0.0142744934387207,0.0016855,0.722665237548828,2767.5331482439915,7.249994981300852,215.0695633729118,1.0
Llama2-13B,20,2,10,32,32,384,0.0016855,0.0091337434387207,0.00400525,0.0148244934387207,0.0016855,0.7446652375488281,2685.770597514778,7.260130668658868,215.37023638857528,1.0
Llama2-13B,20,2,10,32,32,512,0.0016855,0.0091337434387207,0.00455525,0.0153744934387207,0.0016855,0.7666652375488281,2608.700514965793,7.270266356016885,215.6709094042388,1.0
Llama2-13B,20,2,10,32,32,640,0.0016855,0.0091337434387207,0.00510525,0.0159244934387207,0.0016855,0.7886652375488282,2535.9302081273427,7.280402043374901,215.97158241990223,1.0
Llama2-13B,20,2,10,32,32,768,0.0016855,0.0091337434387207,0.00565525,0.0164744934387207,0.0016855,0.8106652375488281,2467.109612405868,7.290537730732917,216.2722554355657,1.0
Llama2-13B,20,2,10,32,32,896,0.0016855,0.0091337434387207,0.00620525,0.0170244934387207,0.0016855,0.832665237548828,2401.92565968952,7.300673418090933,216.57292845122925,1.0
Llama2-13B,20,2,10,32,32,1024,0.0016855,0.0091337434387207,0.00675525,0.0175744934387207,0.0016855,0.8546652375488281,2340.0975167025413,7.310809105448949,216.87360146689272,1.0
Llama2-13B,20,2,10,32,32,1152,0.0016855,0.0091337434387207,0.00730525,0.0181244934387207,0.0016855,0.8766652375488281,2281.3725403234157,7.320944792806965,217.17427448255617,1.0
Llama2-13B,20,2,10,32,32,1280,0.0016855,0.0091337434387207,0.00785525,0.0186744934387207,0.0016855,0.8986652375488281,2225.5228270041234,7.331080480164981,217.47494749821968,1.0
Llama2-13B,20,2,10,32,32,1408,0.0016855,0.0091337434387207,0.00840525,0.0192244934387207,0.0016855,0.920665237548828,2172.3422569149934,7.341216167522995,217.7756205138832,1.0
Llama2-13B,20,2,10,32,32,1536,0.0016855,0.0091337434387207,0.00895525,0.0197744934387207,0.0016855,0.942665237548828,2121.6439519935134,7.351351854881012,218.07629352954663,1.0
Llama2-13B,20,2,10,32,32,1664,0.0016855,0.0091337434387207,0.00950525,0.0203244934387207,0.0016855,0.964665237548828,2073.258081821122,7.361487542239029,218.3769665452101,1.0
Llama2-13B,20,2,10,32,32,1792,0.0016855,0.0091337434387207,0.01005525,0.0208744934387207,0.0016855,0.986665237548828,2027.0299630385268,7.371623229597044,218.6776395608736,1.0
Llama2-13B,20,2,10,32,32,1920,0.0016855,0.0091337434387207,0.0106052499999999,0.0214244934387207,0.0016855,1.008665237548828,1982.818407482971,7.381758916955061,218.97831257653704,1.0
Llama2-13B,20,2,10,32,32,2048,0.0016855,0.0091337434387207,0.01115525,0.0219744934387207,0.0016855,1.030665237548828,1940.494281883888,7.391894604313077,219.27898559220057,1.0
Llama2-13B,20,2,10,32,32,2176,0.0016855,0.0091337434387207,0.0117052499999999,0.0225244934387206,0.0016855,1.052665237548828,1899.9392481669463,7.402030291671092,219.57965860786405,1.0
Llama2-13B,20,2,10,32,32,2304,0.0016855,0.0091337434387207,0.01225525,0.0230744934387207,0.0016855,1.074665237548828,1861.0446584852236,7.412165979029108,219.88033162352752,1.0
Llama2-13B,20,2,10,32,32,2432,0.0016855,0.0091337434387207,0.0128052499999999,0.0236244934387207,0.0016855,1.096665237548828,1823.7105832498423,7.422301666387124,220.18100463919103,1.0
Llama2-13B,20,2,10,32,32,2560,0.0016855,0.0091337434387207,0.01335525,0.0241744934387207,0.0016855,1.1186652375488282,1787.844953850819,7.432437353745141,220.4816776548545,1.0
Llama2-13B,20,2,10,32,32,2688,0.0016855,0.0091337434387207,0.01390525,0.0247244934387207,0.0016855,1.140665237548828,1753.3628045839232,7.442573041103158,220.782350670518,1.0
Llama2-13B,20,2,10,32,32,2816,0.0016855,0.0091337434387207,0.01445525,0.0252744934387207,0.0016855,1.162665237548828,1720.1856006432863,7.452708728461173,221.0830236861815,1.0
Llama2-13B,20,2,10,32,32,2944,0.0016855,0.0091337434387207,0.01500525,0.0258244934387207,0.0016855,1.184665237548828,1688.2406409916848,7.462844415819188,221.38369670184497,1.0
Llama2-13B,20,2,10,32,32,3072,0.0016855,0.0091337434387207,0.01555525,0.0263744934387207,0.0016855,1.206665237548828,1657.4605265522696,7.472980103177205,221.68436971750845,1.0
Llama2-13B,20,2,10,32,32,3200,0.0016855,0.0091337434387207,0.01610525,0.0269244934387207,0.0016855,1.228665237548828,1627.7826855344058,7.48311579053522,221.98504273317192,1.0
Llama2-13B,20,2,10,32,32,3328,0.0016855,0.0091337434387207,0.01665525,0.0274744934387207,0.0016855,1.250665237548828,1599.1489488584402,7.493251477893237,222.28571574883543,1.0
Llama2-13B,20,2,10,32,32,3456,0.0016855,0.0091337434387207,0.01720525,0.0280244934387207,0.0016855,1.272665237548828,1571.505169617133,7.503387165251252,222.58638876449888,1.0
Llama2-13B,20,2,10,32,32,3584,0.0016855,0.0091337434387207,0.01775525,0.0285744934387207,0.0016855,1.294665237548828,1544.800881335605,7.513522852609269,222.8870617801624,1.0
Llama2-13B,20,2,10,32,32,3712,0.0016855,0.0091337434387207,0.01830525,0.0291244934387207,0.0016855,1.316665237548828,1518.9889904918452,7.523658539967284,223.18773479582583,1.0
Llama2-13B,20,2,10,32,32,3840,0.0016855,0.0091337434387207,0.01885525,0.0296744934387207,0.0016855,1.3386652375488282,1494.0254993564436,7.533794227325301,223.4884078114893,1.0
Llama2-13B,20,2,10,32,32,3968,0.0016855,0.0091337434387207,0.01940525,0.0302244934387207,0.0016855,1.360665237548828,1469.86925572002,7.543929914683317,223.7890808271528,1.0
Llama2-13B,20,2,10,32,32,4096,0.0016855,0.0091337434387207,0.01995525,0.0307744934387207,0.0016855,1.382665237548828,1446.4817265136248,7.554065602041332,224.0897538428163,1.0
Llama2-13B,20,4,5,32,32,128,0.0016855,0.0085462119402204,0.00290525,0.0131369619402204,0.0016855,0.677163977608817,5906.988753484336,3.619929646971418,214.7688903572483,1.0
Llama2-13B,20,4,5,32,32,256,0.0016855,0.0085462119402204,0.00345525,0.0136869619402204,0.0016855,0.699163977608817,5721.118547440389,3.624997490650426,215.06956337291172,1.0
Llama2-13B,20,4,5,32,32,384,0.0016855,0.0085462119402204,0.00400525,0.0142369619402204,0.0016855,0.721163977608817,5546.588742913795,3.630065334329434,215.3702363885752,1.0
Llama2-13B,20,4,5,32,32,512,0.0016855,0.0085462119402204,0.00455525,0.0147869619402204,0.0016855,0.7431639776088169,5382.392204840559,3.6351331780084415,215.67090940423876,1.0
Llama2-13B,20,4,5,32,32,640,0.0016855,0.0085462119402204,0.00510525,0.0153369619402204,0.0016855,0.7651639776088169,5227.637626774118,3.6402010216874503,215.9715824199022,1.0
Llama2-13B,20,4,5,32,32,768,0.0016855,0.0085462119402204,0.00565525,0.0158869619402204,0.0016855,0.787163977608817,5081.533344743336,3.645268865366458,216.27225543556568,1.0
Llama2-13B,20,4,5,32,32,896,0.0016855,0.0085462119402204,0.00620525,0.0164369619402204,0.0016855,0.809163977608817,4943.3737915774645,3.6503367090454666,216.5729284512292,1.0
Llama2-13B,20,4,5,32,32,1024,0.0016855,0.0085462119402204,0.00675525,0.0169869619402204,0.0016855,0.831163977608817,4812.528102466177,3.6554045527244745,216.8736014668927,1.0
Llama2-13B,20,4,5,32,32,1152,0.0016855,0.0085462119402204,0.00730525,0.0175369619402204,0.0016855,0.8531639776088169,4688.430483446917,3.6604723964034815,217.1742744825561,1.0
Llama2-13B,20,4,5,32,32,1280,0.0016855,0.0085462119402204,0.00785525,0.0180869619402204,0.0016855,0.875163977608817,4570.5720326024775,3.6655402400824895,217.4749474982196,1.0
Llama2-13B,20,4,5,32,32,1408,0.0016855,0.0085462119402204,0.00840525,0.0186369619402204,0.0016855,0.8971639776088169,4458.493764608199,3.6706080837614974,217.77562051388315,1.0
Llama2-13B,20,4,5,32,32,1536,0.0016855,0.0085462119402204,0.00895525,0.0191869619402204,0.0016855,0.9191639776088172,4351.780637015284,3.675675927440506,218.0762935295466,1.0
Llama2-13B,20,4,5,32,32,1664,0.0016855,0.0085462119402204,0.00950525,0.0197369619402204,0.0016855,0.941163977608817,4250.056414359018,3.6807437711195146,218.37696654521008,1.0
Llama2-13B,20,4,5,32,32,1792,0.0016855,0.0085462119402204,0.01005525,0.0202869619402204,0.0016855,0.9631639776088168,4152.979236132287,3.685811614798522,218.6776395608736,1.0
Llama2-13B,20,4,5,32,32,1920,0.0016855,0.0085462119402204,0.0106052499999999,0.0208369619402204,0.0016855,0.9851639776088168,4060.2377785967897,3.6908794584775295,218.978312576537,1.0
Llama2-13B,20,4,5,32,32,2048,0.0016855,0.0085462119402204,0.01115525,0.0213869619402204,0.0016855,1.007163977608817,3971.547919631417,3.6959473021565374,219.2789855922005,1.0
Llama2-13B,20,4,5,32,32,2176,0.0016855,0.0085462119402204,0.0117052499999999,0.0219369619402204,0.0016855,1.0291639776088168,3886.649831345333,3.701015145835546,219.579658607864,1.0
Llama2-13B,20,4,5,32,32,2304,0.0016855,0.0085462119402204,0.01225525,0.0224869619402204,0.0016855,1.0511639776088169,3805.305437786388,3.706082989514554,219.88033162352747,1.0
Llama2-13B,20,4,5,32,32,2432,0.0016855,0.0085462119402204,0.0128052499999999,0.0230369619402204,0.0016855,1.0731639776088169,3727.296185353377,3.711150833193562,220.18100463919097,1.0
Llama2-13B,20,4,5,32,32,2560,0.0016855,0.0085462119402204,0.01335525,0.0235869619402204,0.0016855,1.095163977608817,3652.4210819402656,3.7162186768725705,220.48167765485445,1.0
Llama2-13B,20,4,5,32,32,2688,0.0016855,0.0085462119402204,0.01390525,0.0241369619402204,0.0016855,1.1171639776088167,3580.4949677679547,3.721286520551579,220.7823506705179,1.0
Llama2-13B,20,4,5,32,32,2816,0.0016855,0.0085462119402204,0.01445525,0.0246869619402204,0.0016855,1.139163977608817,3511.3469865824527,3.7263543642305863,221.08302368618143,1.0
Llama2-13B,20,4,5,32,32,2944,0.0016855,0.0085462119402204,0.01500525,0.0252369619402204,0.0016855,1.161163977608817,3444.8192306457813,3.731422207909594,221.3836967018449,1.0
Llama2-13B,20,4,5,32,32,3072,0.0016855,0.0085462119402204,0.01555525,0.0257869619402204,0.0016855,1.183163977608817,3380.7655368988067,3.7364900515886026,221.6843697175084,1.0
Llama2-13B,20,4,5,32,32,3200,0.0016855,0.0085462119402204,0.01610525,0.0263369619402204,0.0016855,1.205163977608817,3319.0504149787625,3.74155789526761,221.98504273317187,1.0
Llama2-13B,20,4,5,32,32,3328,0.0016855,0.0085462119402204,0.01665525,0.0268869619402204,0.0016855,1.2271639776088168,3259.548090544653,3.7466257389466175,222.28571574883537,1.0
Llama2-13B,20,4,5,32,32,3456,0.0016855,0.0085462119402204,0.01720525,0.0274369619402204,0.0016855,1.249163977608817,3202.141649695108,3.751693582625626,222.5863887644988,1.0
Llama2-13B,20,4,5,32,32,3584,0.0016855,0.0085462119402204,0.01775525,0.0279869619402204,0.0016855,1.271163977608817,3146.722272231462,3.7567614263046343,222.8870617801623,1.0
Llama2-13B,20,4,5,32,32,3712,0.0016855,0.0085462119402204,0.01830525,0.0285369619402204,0.0016855,1.2931639776088169,3093.188543185668,3.761829269983642,223.18773479582575,1.0
Llama2-13B,20,4,5,32,32,3840,0.0016855,0.0085462119402204,0.01885525,0.0290869619402204,0.0016855,1.315163977608817,3041.445833448581,3.7668971136626506,223.48840781148928,1.0
Llama2-13B,20,4,5,32,32,3968,0.0016855,0.0085462119402204,0.01940525,0.0296369619402204,0.0016855,1.337163977608817,2991.40574154039,3.7719649573416585,223.7890808271528,1.0
Llama2-13B,20,4,5,32,32,4096,0.0016855,0.0085462119402204,0.01995525,0.0301869619402204,0.0016855,1.359163977608817,2942.985589595464,3.777032801020666,224.08975384281624,1.0
Llama2-13B,20,5,4,32,32,128,0.0016855,0.0083929428536551,0.00290525,0.0129836928536551,0.0016855,0.6710332141462053,7451.195998340844,2.8959437175771354,214.7688903572483,1.0
Llama2-13B,20,5,4,32,32,256,0.0016855,0.0083929428536551,0.00345525,0.0135336928536551,0.0016855,0.6930332141462053,7214.661430274795,2.899997992520342,215.06956337291172,1.0
Llama2-13B,20,5,4,32,32,384,0.0016855,0.0083929428536551,0.00400525,0.0140836928536551,0.0016855,0.7150332141462054,6992.682159485857,2.9040522674635483,215.3702363885752,1.0
Llama2-13B,20,5,4,32,32,512,0.0016855,0.0083929428536551,0.00455525,0.0146336928536551,0.0016855,0.7370332141462054,6783.954785256326,2.9081065424067547,215.67090940423876,1.0
Llama2-13B,20,5,4,32,32,640,0.0016855,0.0083929428536551,0.00510525,0.0151836928536551,0.0016855,0.7590332141462054,6587.327019179556,2.9121608173499616,215.9715824199022,1.0
Llama2-13B,20,5,4,32,32,768,0.0016855,0.0083929428536551,0.00565525,0.0157336928536551,0.0016855,0.7810332141462054,6401.776402640958,2.916215092293167,216.27225543556568,1.0
Llama2-13B,20,5,4,32,32,896,0.0016855,0.0083929428536551,0.00620525,0.0162836928536551,0.0016855,0.8030332141462053,6226.392522650586,2.920269367236373,216.5729284512292,1.0
Llama2-13B,20,5,4,32,32,1024,0.0016855,0.0083929428536551,0.00675525,0.0168336928536551,0.0016855,0.8250332141462053,6060.362073027938,2.92432364217958,216.8736014668927,1.0
Llama2-13B,20,5,4,32,32,1152,0.0016855,0.0083929428536551,0.00730525,0.0173836928536551,0.0016855,0.8470332141462052,5902.956243622528,2.928377917122787,217.1742744825561,1.0
Llama2-13B,20,5,4,32,32,1280,0.0016855,0.0083929428536551,0.00785525,0.0179336928536551,0.0016855,0.8690332141462054,5753.520025022663,2.932432192065993,217.4749474982196,1.0
Llama2-13B,20,5,4,32,32,1408,0.0016855,0.0083929428536551,0.00840525,0.0184836928536551,0.0016855,0.8910332141462053,5611.463097692758,2.9364864670091992,217.77562051388315,1.0
Llama2-13B,20,5,4,32,32,1536,0.0016855,0.0083929428536551,0.00895525,0.0190336928536551,0.0016855,0.9130332141462052,5476.252038295885,2.940540741952406,218.0762935295466,1.0
Llama2-13B,20,5,4,32,32,1664,0.0016855,0.0083929428536551,0.00950525,0.0195836928536551,0.0016855,0.9350332141462052,5347.403626261111,2.9445950168956125,218.37696654521008,1.0
Llama2-13B,20,5,4,32,32,1792,0.0016855,0.0083929428536551,0.01005525,0.0201336928536551,0.0016855,0.9570332141462052,5224.479073550892,2.9486492918388185,218.6776395608736,1.0
Llama2-13B,20,5,4,32,32,1920,0.0016855,0.0083929428536551,0.0106052499999999,0.0206836928536551,0.0016855,0.9790332141462053,5107.079032410967,2.9527035667820254,218.978312576537,1.0
Llama2-13B,20,5,4,32,32,2048,0.0016855,0.0083929428536551,0.01115525,0.0212336928536551,0.0016855,1.0010332141462053,4994.8392614170825,2.956757841725232,219.2789855922005,1.0
Llama2-13B,20,5,4,32,32,2176,0.0016855,0.0083929428536551,0.0117052499999999,0.0217836928536551,0.0016855,1.0230332141462053,4887.426850723375,2.9608121166684382,219.579658607864,1.0
Llama2-13B,20,5,4,32,32,2304,0.0016855,0.0083929428536551,0.01225525,0.0223336928536551,0.0016855,1.045033214146205,4784.536924106295,2.9648663916116447,219.88033162352747,1.0
Llama2-13B,20,5,4,32,32,2432,0.0016855,0.0083929428536551,0.0128052499999999,0.0228836928536551,0.0016855,1.0670332141462051,4685.8897489904175,2.9689206665548507,220.18100463919097,1.0
Llama2-13B,20,5,4,32,32,2560,0.0016855,0.0083929428536551,0.01335525,0.0234336928536551,0.0016855,1.0890332141462051,4591.228196763464,2.972974941498057,220.48167765485445,1.0
Llama2-13B,20,5,4,32,32,2688,0.0016855,0.0083929428536551,0.01390525,0.0239836928536551,0.0016855,1.1110332141462054,4500.31550482705,2.9770292164412635,220.7823506705179,1.0
Llama2-13B,20,5,4,32,32,2816,0.0016855,0.0083929428536551,0.01445525,0.0245336928536551,0.0016855,1.1330332141462054,4412.933299371756,2.9810834913844704,221.08302368618143,1.0
Llama2-13B,20,5,4,32,32,2944,0.0016855,0.0083929428536551,0.01500525,0.0250836928536551,0.0016855,1.1550332141462052,4328.879844114245,2.9851377663276764,221.3836967018449,1.0
Llama2-13B,20,5,4,32,32,3072,0.0016855,0.0083929428536551,0.01555525,0.0256336928536551,0.0016855,1.1770332141462052,4247.968485432158,2.989192041270883,221.6843697175084,1.0
Llama2-13B,20,5,4,32,32,3200,0.0016855,0.0083929428536551,0.01610525,0.0261836928536551,0.0016855,1.1990332141462052,4170.026268672087,2.9932463162140897,221.98504273317187,1.0
Llama2-13B,20,5,4,32,32,3328,0.0016855,0.0083929428536551,0.01665525,0.0267336928536551,0.0016855,1.2210332141462052,4094.892704041796,2.997300591157296,222.28571574883537,1.0
Llama2-13B,20,5,4,32,32,3456,0.0016855,0.0083929428536551,0.01720525,0.0272836928536551,0.0016855,1.2430332141462053,4022.418663554634,3.0013548661005016,222.5863887644988,1.0
Llama2-13B,20,5,4,32,32,3584,0.0016855,0.0083929428536551,0.01775525,0.0278336928536551,0.0016855,1.2650332141462053,3952.465393072382,3.005409141043708,222.8870617801623,1.0
Llama2-13B,20,5,4,32,32,3712,0.0016855,0.0083929428536551,0.01830525,0.0283836928536551,0.0016855,1.2870332141462053,3884.903625674424,3.009463415986915,223.18773479582575,1.0
Llama2-13B,20,5,4,32,32,3840,0.0016855,0.0083929428536551,0.01885525,0.0289336928536551,0.0016855,1.309033214146205,3819.6127844327966,3.0135176909301213,223.48840781148928,1.0
Llama2-13B,20,5,4,32,32,3968,0.0016855,0.0083929428536551,0.01940525,0.0294836928536551,0.0016855,1.3310332141462051,3756.4802642488994,3.0175719658733278,223.7890808271528,1.0
Llama2-13B,20,5,4,32,32,4096,0.0016855,0.0083929428536551,0.01995525,0.0300336928536551,0.0016855,1.3530332141462054,3695.400783753201,3.021626240816534,224.08975384281624,1.0
Llama2-13B,20,10,2,32,32,128,0.0016855,0.0074477834865025,0.00290525,0.0120385334865025,0.0016855,0.6332268394601004,15792.12910262326,1.4479718587885675,214.7688903572483,1.0
Llama2-13B,20,10,2,32,32,256,0.0016855,0.0074477834865025,0.00345525,0.0125885334865025,0.0016855,0.6552268394601005,15261.890078007007,1.449998996260171,215.06956337291172,1.0
Llama2-13B,20,10,2,32,32,384,0.0016855,0.0074477834865025,0.00400525,0.0131385334865025,0.0016855,0.6772268394601004,14766.101130859211,1.452026133731774,215.3702363885752,1.0
Llama2-13B,20,10,2,32,32,512,0.0016855,0.0074477834865025,0.00455525,0.0136885334865025,0.0016855,0.6992268394601004,14301.510519420824,1.4540532712033774,215.67090940423876,1.0
Llama2-13B,20,10,2,32,32,640,0.0016855,0.0074477834865025,0.00510525,0.0142385334865025,0.0016855,0.7212268394601005,13865.263260981592,1.4560804086749808,215.9715824199022,1.0
Llama2-13B,20,10,2,32,32,768,0.0016855,0.0074477834865025,0.00565525,0.0147885334865025,0.0016855,0.7432268394601005,13454.842410244848,1.4581075461465836,216.27225543556568,1.0
Llama2-13B,20,10,2,32,32,896,0.0016855,0.0074477834865025,0.00620525,0.0153385334865025,0.0016855,0.7652268394601004,13068.020467049246,1.4601346836181868,216.5729284512292,1.0
Llama2-13B,20,10,2,32,32,1024,0.0016855,0.0074477834865025,0.00675525,0.0158885334865025,0.0016855,0.7872268394601005,12702.81893190817,1.46216182108979,216.8736014668927,1.0
Llama2-13B,20,10,2,32,32,1152,0.0016855,0.0074477834865025,0.00730525,0.0164385334865025,0.0016855,0.8092268394601004,12357.474458795505,1.4641889585613934,217.1742744825561,1.0
Llama2-13B,20,10,2,32,32,1280,0.0016855,0.0074477834865025,0.00785525,0.0169885334865025,0.0016855,0.8312268394601005,12030.410382916907,1.4662160960329964,217.4749474982196,1.0
Llama2-13B,20,10,2,32,32,1408,0.0016855,0.0074477834865025,0.00840525,0.0175385334865025,0.0016855,0.8532268394601005,11720.212653328788,1.4682432335045996,217.77562051388315,1.0
Llama2-13B,20,10,2,32,32,1536,0.0016855,0.0074477834865025,0.00895525,0.0180885334865025,0.0016855,0.8752268394601004,11425.609395352503,1.470270370976203,218.0762935295466,1.0
Llama2-13B,20,10,2,32,32,1664,0.0016855,0.0074477834865025,0.00950525,0.0186385334865025,0.0016855,0.8972268394601005,11145.453479765967,1.4722975084478065,218.37696654521008,1.0
Llama2-13B,20,10,2,32,32,1792,0.0016855,0.0074477834865025,0.01005525,0.0191885334865025,0.0016855,0.9192268394601004,10878.70759504086,1.4743246459194093,218.6776395608736,1.0
Llama2-13B,20,10,2,32,32,1920,0.0016855,0.0074477834865025,0.0106052499999999,0.0197385334865025,0.0016855,0.9412268394601004,10624.431413086486,1.4763517833910127,218.978312576537,1.0
Llama2-13B,20,10,2,32,32,2048,0.0016855,0.0074477834865025,0.01115525,0.0202885334865025,0.0016855,0.9632268394601003,10381.770513792071,1.478378920862616,219.2789855922005,1.0
Llama2-13B,20,10,2,32,32,2176,0.0016855,0.0074477834865025,0.0117052499999999,0.0208385334865025,0.0016855,0.9852268394601004,10149.946793451092,1.4804060583342191,219.579658607864,1.0
Llama2-13B,20,10,2,32,32,2304,0.0016855,0.0074477834865025,0.01225525,0.0213885334865025,0.0016855,1.0072268394601005,9928.2501301894,1.4824331958058223,219.88033162352747,1.0
Llama2-13B,20,10,2,32,32,2432,0.0016855,0.0074477834865025,0.0128052499999999,0.0219385334865025,0.0016855,1.0292268394601003,9716.03111831565,1.484460333277425,220.18100463919097,1.0
Llama2-13B,20,10,2,32,32,2560,0.0016855,0.0074477834865025,0.01335525,0.0224885334865025,0.0016855,1.0512268394601003,9512.694715001664,1.4864874707490283,220.48167765485445,1.0
Llama2-13B,20,10,2,32,32,2688,0.0016855,0.0074477834865025,0.01390525,0.0230385334865025,0.0016855,1.0732268394601003,9317.694668380283,1.4885146082206318,220.7823506705179,1.0
Llama2-13B,20,10,2,32,32,2816,0.0016855,0.0074477834865025,0.01445525,0.0235885334865025,0.0016855,1.0952268394601006,9130.52861718543,1.4905417456922352,221.08302368618143,1.0
Llama2-13B,20,10,2,32,32,2944,0.0016855,0.0074477834865025,0.01500525,0.0241385334865025,0.0016855,1.1172268394601004,8950.733769368178,1.4925688831638382,221.3836967018449,1.0
Llama2-13B,20,10,2,32,32,3072,0.0016855,0.0074477834865025,0.01555525,0.0246885334865025,0.0016855,1.1392268394601004,8777.883081423166,1.4945960206354414,221.6843697175084,1.0
Llama2-13B,20,10,2,32,32,3200,0.0016855,0.0074477834865025,0.01610525,0.0252385334865025,0.0016855,1.1612268394601004,8611.581872022,1.4966231581070448,221.98504273317187,1.0
Llama2-13B,20,10,2,32,32,3328,0.0016855,0.0074477834865025,0.01665525,0.0257885334865025,0.0016855,1.1832268394601004,8451.464813427443,1.4986502955786478,222.28571574883537,1.0
Llama2-13B,20,10,2,32,32,3456,0.0016855,0.0074477834865025,0.01720525,0.0263385334865025,0.0016855,1.2052268394601005,8297.193252416822,1.5006774330502508,222.5863887644988,1.0
Llama2-13B,20,10,2,32,32,3584,0.0016855,0.0074477834865025,0.01775525,0.0268885334865025,0.0016855,1.2272268394601005,8148.452819365771,1.502704570521854,222.8870617801623,1.0
Llama2-13B,20,10,2,32,32,3712,0.0016855,0.0074477834865025,0.01830525,0.0274385334865025,0.0016855,1.2492268394601005,8004.951289968977,1.5047317079934577,223.18773479582575,1.0
Llama2-13B,20,10,2,32,32,3840,0.0016855,0.0074477834865025,0.01885525,0.0279885334865025,0.0016855,1.2712268394601005,7866.416668992824,1.506758845465061,223.48840781148928,1.0
Llama2-13B,20,10,2,32,32,3968,0.0016855,0.0074477834865025,0.01940525,0.0285385334865025,0.0016855,1.2932268394601003,7732.595469619873,1.5087859829366637,223.7890808271528,1.0
Llama2-13B,20,10,2,32,32,4096,0.0016855,0.0074477834865025,0.01995525,0.0290885334865025,0.0016855,1.3152268394601003,7603.251165483357,1.510813120408267,224.08975384281624,1.0
Llama2-13B,20,20,1,32,32,128,0.0016855,0.0056851889910016,0.00290525,0.0102759389910016,0.0016855,0.562723059640067,35541.461572220884,0.7239859293942839,214.7688903572483,1.0
Llama2-13B,20,20,1,32,32,256,0.0016855,0.0056851889910016,0.00345525,0.0108259389910016,0.0016855,0.584723059640067,34204.2265483958,0.7249994981300855,215.06956337291172,1.0
Llama2-13B,20,20,1,32,32,384,0.0016855,0.0056851889910016,0.00400525,0.0113759389910016,0.0016855,0.6067230596400669,32963.96878645889,0.7260130668658871,215.3702363885752,1.0
Llama2-13B,20,20,1,32,32,512,0.0016855,0.0056851889910016,0.00455525,0.0119259389910016,0.0016855,0.6287230596400669,31810.508129683767,0.7270266356016887,215.67090940423876,1.0
Llama2-13B,20,20,1,32,32,640,0.0016855,0.0056851889910016,0.00510525,0.0124759389910016,0.0016855,0.6507230596400669,30735.041126500968,0.7280402043374904,215.9715824199022,1.0
Llama2-13B,20,20,1,32,32,768,0.0016855,0.0056851889910016,0.00565525,0.0130259389910016,0.0016855,0.672723059640067,29729.915919190847,0.7290537730732918,216.27225543556568,1.0
Llama2-13B,20,20,1,32,32,896,0.0016855,0.0056851889910016,0.00620525,0.0135759389910016,0.0016855,0.694723059640067,28788.44990457336,0.7300673418090934,216.5729284512292,1.0
Llama2-13B,20,20,1,32,32,1024,0.0016855,0.0056851889910016,0.00675525,0.0141259389910016,0.0016855,0.716723059640067,27904.78097641208,0.731080910544895,216.8736014668927,1.0
Llama2-13B,20,20,1,32,32,1152,0.0016855,0.0056851889910016,0.00730525,0.0146759389910016,0.0016855,0.7387230596400669,27073.74534882496,0.7320944792806967,217.1742744825561,1.0
Llama2-13B,20,20,1,32,32,1280,0.0016855,0.0056851889910016,0.00785525,0.0152259389910016,0.0016855,0.760723059640067,26290.776579670022,0.7331080480164982,217.4749474982196,1.0
Llama2-13B,20,20,1,32,32,1408,0.0016855,0.0056851889910016,0.00840525,0.0157759389910016,0.0016855,0.7827230596400669,25551.82162283164,0.7341216167522998,217.77562051388315,1.0
Llama2-13B,20,20,1,32,32,1536,0.0016855,0.0056851889910016,0.00895525,0.0163259389910016,0.0016855,0.8047230596400671,24853.27065058321,0.7351351854881015,218.0762935295466,1.0
Llama2-13B,20,20,1,32,32,1664,0.0016855,0.0056851889910016,0.00950525,0.0168759389910016,0.0016855,0.826723059640067,24191.89808096977,0.7361487542239031,218.37696654521008,1.0
Llama2-13B,20,20,1,32,32,1792,0.0016855,0.0056851889910016,0.01005525,0.0174259389910016,0.0016855,0.8487230596400669,23564.812777069776,0.7371623229597046,218.6776395608736,1.0
Llama2-13B,20,20,1,32,32,1920,0.0016855,0.0056851889910016,0.0106052499999999,0.0179759389910016,0.0016855,0.8707230596400669,22969.41579595636,0.7381758916955063,218.978312576537,1.0
Llama2-13B,20,20,1,32,32,2048,0.0016855,0.0056851889910016,0.01115525,0.0185259389910016,0.0016855,0.892723059640067,22403.36438499047,0.739189460431308,219.2789855922005,1.0
Llama2-13B,20,20,1,32,32,2176,0.0016855,0.0056851889910016,0.0117052499999999,0.0190759389910016,0.0016855,0.9147230596400668,21864.541173663834,0.7402030291671096,219.579658607864,1.0
Llama2-13B,20,20,1,32,32,2304,0.0016855,0.0056851889910016,0.01225525,0.0196259389910016,0.0016855,0.936723059640067,21351.02770682825,0.7412165979029112,219.88033162352747,1.0
Llama2-13B,20,20,1,32,32,2432,0.0016855,0.0056851889910016,0.0128052499999999,0.0201759389910016,0.0016855,0.958723059640067,20861.08162195305,0.7422301666387127,220.18100463919097,1.0
Llama2-13B,20,20,1,32,32,2560,0.0016855,0.0056851889910016,0.01335525,0.0207259389910016,0.0016855,0.980723059640067,20393.116898199736,0.7432437353745143,220.48167765485445,1.0
Llama2-13B,20,20,1,32,32,2688,0.0016855,0.0056851889910016,0.01390525,0.0212759389910016,0.0016855,1.0027230596400667,19945.686705538734,0.7442573041103159,220.7823506705179,1.0
Llama2-13B,20,20,1,32,32,2816,0.0016855,0.0056851889910016,0.01445525,0.0218259389910016,0.0016855,1.024723059640067,19517.46846316212,0.7452708728461176,221.08302368618143,1.0
Llama2-13B,20,20,1,32,32,2944,0.0016855,0.0056851889910016,0.01500525,0.0223759389910016,0.0016855,1.046723059640067,19107.250782147985,0.7462844415819191,221.3836967018449,1.0
Llama2-13B,20,20,1,32,32,3072,0.0016855,0.0056851889910016,0.01555525,0.0229259389910016,0.0016855,1.068723059640067,18713.922020860817,0.7472980103177207,221.6843697175084,1.0
Llama2-13B,20,20,1,32,32,3200,0.0016855,0.0056851889910016,0.01610525,0.0234759389910016,0.0016855,1.090723059640067,18336.460225384708,0.7483115790535224,221.98504273317187,1.0
Llama2-13B,20,20,1,32,32,3328,0.0016855,0.0056851889910016,0.01665525,0.0240259389910016,0.0016855,1.1127230596400668,17973.92426330179,0.7493251477893239,222.28571574883537,1.0
Llama2-13B,20,20,1,32,32,3456,0.0016855,0.0056851889910016,0.01720525,0.0245759389910016,0.0016855,1.134723059640067,17625.445988860032,0.7503387165251254,222.5863887644988,1.0
Llama2-13B,20,20,1,32,32,3584,0.0016855,0.0056851889910016,0.01775525,0.0251259389910016,0.0016855,1.156723059640067,17290.223302216626,0.751352285260927,222.8870617801623,1.0
Llama2-13B,20,20,1,32,32,3712,0.0016855,0.0056851889910016,0.01830525,0.0256759389910016,0.0016855,1.1787230596400669,16967.51398594609,0.7523658539967287,223.18773479582575,1.0
Llama2-13B,20,20,1,32,32,3840,0.0016855,0.0056851889910016,0.01885525,0.0262259389910016,0.0016855,1.200723059640067,16656.630219124192,0.7533794227325303,223.48840781148928,1.0
Llama2-13B,20,20,1,32,32,3968,0.0016855,0.0056851889910016,0.01940525,0.0267759389910016,0.0016855,1.222723059640067,16356.933683648203,0.7543929914683318,223.7890808271528,1.0
Llama2-13B,20,20,1,32,32,4096,0.0016855,0.0056851889910016,0.01995525,0.0273259389910016,0.0016855,1.244723059640067,16067.831189520455,0.7554065602041335,224.08975384281624,1.0
Llama2-13B,20,40,1,32,16,128,0.0018455,0.0006398072596958,0.0058105,0.0082958072596958,0.0018455,0.4836777903878347,82699.68312567378,0.4001517529185943,216.82565858498745,1.0
Llama2-13B,20,40,1,32,16,256,0.0018455,0.0006398072596958,0.0069105,0.0093958072596958,0.0018455,0.5276777903878348,75803.83470488805,0.4006585372864951,217.1002640403659,1.0
Llama2-13B,20,40,1,32,16,384,0.0018455,0.0006398072596958,0.0080105,0.0104958072596958,0.0018455,0.5716777903878348,69969.48398653619,0.4011653216543959,217.37486949574424,1.0
Llama2-13B,20,40,1,32,16,512,0.0018455,0.0006398072596958,0.0091105,0.0115958072596958,0.0018455,0.6156777903878348,64969.04813604328,0.4016721060222966,217.6494749511226,1.0
Llama2-13B,20,40,1,32,16,640,0.0018455,0.0006398072596958,0.0102105,0.0126958072596958,0.0018455,0.6596777903878349,60635.662717223466,0.4021788903901975,217.92408040650105,1.0
Llama2-13B,20,40,1,32,16,768,0.0018455,0.0006398072596958,0.0113105,0.0137958072596958,0.0018455,0.7036777903878347,56844.19850448008,0.4026856747580982,218.1986858618794,1.0
Llama2-13B,20,40,1,32,16,896,0.0018455,0.0006398072596958,0.0124105,0.0148958072596958,0.0018455,0.7476777903878348,53498.981130964494,0.403192459125999,218.4732913172577,1.0
Llama2-13B,20,40,1,32,16,1024,0.0018455,0.0006398072596958,0.0135105,0.0159958072596958,0.0018455,0.7916777903878348,50525.605853366695,0.4036992434938998,218.74789677263607,1.0
Llama2-13B,20,40,1,32,16,1152,0.0018455,0.0006398072596958,0.0146105,0.0170958072596958,0.0018455,0.8356777903878349,47865.33812444166,0.4042060278618007,219.02250222801453,1.0
Llama2-13B,20,40,1,32,16,1280,0.0018455,0.0006398072596958,0.0157105,0.0181958072596958,0.0018455,0.8796777903878349,45471.19460906781,0.4047128122297014,219.2971076833929,1.0
Llama2-13B,20,40,1,32,16,1408,0.0018455,0.0006398072596958,0.0168105,0.0192958072596958,0.0018455,0.9236777903878348,43305.14430059507,0.4052195965976022,219.5717131387713,1.0
Llama2-13B,20,40,1,32,16,1536,0.0018455,0.0006398072596958,0.0179105,0.0203958072596958,0.0018455,0.9676777903878347,41336.07322326622,0.405726380965503,219.8463185941497,1.0
Llama2-13B,20,40,1,32,16,1664,0.0018455,0.0006398072596958,0.0190105,0.0214958072596958,0.0018455,1.011677790387835,39538.28025093413,0.4062331653334039,220.12092404952804,1.0
Llama2-13B,20,40,1,32,16,1792,0.0018455,0.0006398072596958,0.0201105,0.0225958072596958,0.0018455,1.0556777903878347,37890.349085874775,0.4067399497013046,220.3955295049064,1.0
Llama2-13B,20,40,1,32,16,1920,0.0018455,0.0006398072596958,0.0212104999999999,0.0236958072596958,0.0018455,1.0996777903878343,36374.29104200858,0.4072467340692055,220.6701349602848,1.0
Llama2-13B,20,40,1,32,16,2048,0.0018455,0.0006398072596958,0.0223105,0.0247958072596958,0.0018455,1.1436777903878348,34974.88570311007,0.4077535184371063,220.9447404156632,1.0
Llama2-13B,20,40,1,32,16,2176,0.0018455,0.0006398072596958,0.0234104999999999,0.0258958072596958,0.0018455,1.1876777903878346,33679.168141165675,0.4082603028050071,221.21934587104155,1.0
Llama2-13B,20,40,1,32,16,2304,0.0018455,0.0006398072596958,0.0245105,0.0269958072596958,0.0018455,1.2316777903878346,32476.02604525708,0.4087670871729079,221.49395132642,1.0
Llama2-13B,20,40,1,32,16,2432,0.0018455,0.0006398072596958,0.0256104999999999,0.0280958072596958,0.0018455,1.275677790387835,31355.88022414273,0.4092738715408087,221.7685567817984,1.0
Llama2-13B,20,40,1,32,16,2560,0.0018455,0.0006398072596958,0.0267105,0.0291958072596958,0.0018455,1.3196777903878347,30310.42902392452,0.4097806559087095,222.0431622371767,1.0
Llama2-13B,20,40,1,32,16,2688,0.0018455,0.0006398072596958,0.0278105,0.0302958072596958,0.0018455,1.3636777903878348,29332.442224950995,0.4102874402766103,222.3177676925551,1.0
Llama2-13B,20,40,1,32,16,2816,0.0018455,0.0006398072596958,0.0289105,0.0313958072596958,0.0018455,1.4076777903878348,28415.593591896795,0.4107942246445111,222.59237314793344,1.0
Llama2-13B,20,40,1,32,16,2944,0.0018455,0.0006398072596958,0.0300105,0.0324958072596958,0.0018455,1.4516777903878346,27554.323876039653,0.4113010090124119,222.86697860331185,1.0
Llama2-13B,20,40,1,32,16,3072,0.0018455,0.0006398072596958,0.0311105,0.0335958072596958,0.0018455,1.4956777903878349,26743.7279988144,0.4118077933803126,223.14158405869023,1.0
Llama2-13B,20,40,1,32,16,3200,0.0018455,0.0006398072596958,0.0322105,0.0346958072596958,0.0018455,1.5396777903878347,25979.461579376468,0.4123145777482135,223.4161895140686,1.0
Llama2-13B,20,40,1,32,16,3328,0.0018455,0.0006398072596958,0.0333105,0.0357958072596958,0.0018455,1.5836777903878343,25257.663044074267,0.4128213621161143,223.69079496944696,1.0
Llama2-13B,20,40,1,32,16,3456,0.0018455,0.0006398072596958,0.0344105,0.0368958072596958,0.0018455,1.6276777903878348,24574.88836931848,0.413328146484015,223.9654004248254,1.0
Llama2-13B,20,40,1,32,16,3584,0.0018455,0.0006398072596958,0.0355105,0.0379958072596958,0.0018455,1.6716777903878348,23928.056130194724,0.4138349308519158,224.2400058802037,1.0
Llama2-13B,20,40,1,32,16,3712,0.0018455,0.0006398072596958,0.0366105,0.0390958072596958,0.0018455,1.7156777903878346,23314.401004723542,0.4143417152198167,224.5146113355821,1.0
Llama2-13B,20,40,1,32,16,3840,0.0018455,0.0006398072596958,0.0377105,0.0401958072596958,0.0018455,1.759677790387835,22731.434253758445,0.4148484995877175,224.7892167909605,1.0
Llama2-13B,20,40,1,32,16,3968,0.0018455,0.0006398072596958,0.0388105,0.0412958072596958,0.0018455,1.8036777903878347,22176.90998534668,0.4153552839556182,225.0638222463389,1.0
Llama2-13B,20,40,1,32,16,4096,0.0018455,0.0006398072596958,0.0399105,0.0423958072596958,0.0018455,1.8476777903878348,21648.79623930742,0.4158620683235191,225.33842770171725,1.0
Llama2-70B,32,1,32,32,32,128,0.00162,0.024571346435546874,0.003287,0.029478346435546872,0.00162,2.5098877148437495,398.4241980571047,43.78824258921681,337.87224220074717,1.0
Llama2-70B,32,1,32,32,32,256,0.00162,0.024571346435546874,0.0041670000000000006,0.030358346435546874,0.00162,2.5802877148437497,387.5536802532718,43.892032027762895,338.6730866339731,1.0
Llama2-70B,32,1,32,32,32,384,0.00162,0.024571346435546874,0.005046999999999999,0.031238346435546873,0.00162,2.6506877148437495,377.26058577177474,43.99582146630898,339.47393106719903,1.0
Llama2-70B,32,1,32,32,32,512,0.00162,0.024571346435546874,0.005927,0.032118346435546875,0.00162,2.72108771484375,367.5000973121596,44.09961090485507,340.274775500425,1.0
Llama2-70B,32,1,32,32,32,640,0.00162,0.024571346435546874,0.006806999999999999,0.032998346435546874,0.00162,2.79148771484375,358.2319186584612,44.20340034340115,341.075619933651,1.0
Llama2-70B,32,1,32,32,32,768,0.00162,0.024571346435546874,0.007686999999999999,0.03387834643554687,0.00162,2.86188771484375,349.4197186050665,44.30718978194723,341.87646436687686,1.0
Llama2-70B,32,1,32,32,32,896,0.00162,0.024571346435546874,0.008567,0.03475834643554687,0.00162,2.9322877148437496,341.0306549858073,44.41097922049331,342.67730880010294,1.0
Llama2-70B,32,1,32,32,32,1024,0.00162,0.024571346435546874,0.009446999999999999,0.03563834643554687,0.00162,3.0026877148437494,333.03496565976957,44.5147686590394,343.4781532333288,1.0
Llama2-70B,32,1,32,32,32,1152,0.00162,0.024571346435546874,0.010327,0.03651834643554687,0.00162,3.073087714843749,325.405615716649,44.61855809758548,344.2789976665548,1.0
Llama2-70B,32,1,32,32,32,1280,0.00162,0.024571346435546874,0.011207,0.037398346435546875,0.00162,3.14348771484375,318.1179920881943,44.72234753613157,345.0798420997807,1.0
Llama2-70B,32,1,32,32,32,1408,0.00162,0.024571346435546874,0.012087,0.038278346435546874,0.00162,3.2138877148437497,311.14963829674963,44.82613697467765,345.88068653300667,1.0
Llama2-70B,32,1,32,32,32,1536,0.00162,0.024571346435546874,0.012967,0.03915834643554687,0.00162,3.28428771484375,304.4800233184123,44.92992641322374,346.6815309662327,1.0
Llama2-70B,32,1,32,32,32,1664,0.00162,0.024571346435546874,0.013847,0.04003834643554687,0.00162,3.3546877148437497,298.0903395494077,45.03371585176981,347.4823753994586,1.0
Llama2-70B,32,1,32,32,32,1792,0.00162,0.024571346435546874,0.014727,0.04091834643554687,0.00162,3.4250877148437495,291.9633256883231,45.13750529031589,348.2832198326846,1.0
Llama2-70B,32,1,32,32,32,1920,0.00162,0.024571346435546874,0.015607,0.041798346435546876,0.00162,3.4954877148437498,286.08311102151896,45.24129472886198,349.0840642659105,1.0
Llama2-70B,32,1,32,32,32,2048,0.00162,0.024571346435546874,0.016486999999999998,0.04267834643554687,0.00162,3.565887714843749,280.43507815383305,45.34508416740806,349.8849086991365,1.0
Llama2-70B,32,1,32,32,32,2176,0.00162,0.024571346435546874,0.017367,0.043558346435546874,0.00162,3.63628771484375,275.0057416848187,45.448873605954155,350.6857531323624,1.0
Llama2-70B,32,1,32,32,32,2304,0.00162,0.024571346435546874,0.018247000000000003,0.04443834643554688,0.00162,3.7066877148437505,269.7826407105767,45.552663044500235,351.4865975655884,1.0
Llama2-70B,32,1,32,32,32,2432,0.00162,0.024571346435546874,0.019127,0.04531834643554687,0.00162,3.77708771484375,264.75424334734254,45.656452483046316,352.2874419988143,1.0
Llama2-70B,32,1,32,32,32,2560,0.00162,0.024571346435546874,0.020007,0.04619834643554688,0.00162,3.84748771484375,259.9098617370402,45.7602419215924,353.0882864320403,1.0
Llama2-70B,32,1,32,32,32,2688,0.00162,0.024571346435546874,0.020887000000000003,0.047078346435546876,0.00162,3.91788771484375,255.23957621635955,45.864031360138476,353.8891308652663,1.0
Llama2-70B,32,1,32,32,32,2816,0.00162,0.024571346435546874,0.021767,0.047958346435546875,0.00162,3.9882877148437497,250.73416751709382,45.96782079868457,354.6899752984922,1.0
Llama2-70B,32,1,32,32,32,2944,0.00162,0.024571346435546874,0.022647,0.048838346435546874,0.00162,4.05868771484375,246.3850560225961,46.07161023723066,355.4908197317182,1.0
Llama2-70B,32,1,32,32,32,3072,0.00162,0.024571346435546874,0.023527000000000003,0.04971834643554687,0.00162,4.12908771484375,242.18424723821624,46.175399675776745,356.29166416494405,1.0
Llama2-70B,32,1,32,32,32,3200,0.00162,0.024571346435546874,0.024407,0.05059834643554688,0.00162,4.199487714843751,238.12428274652225,46.279189114322826,357.09250859817007,1.0
Llama2-70B,32,1,32,32,32,3328,0.00162,0.024571346435546874,0.025287,0.05147834643554687,0.00162,4.26988771484375,234.19819601429342,46.382978552868906,357.8933530313961,1.0
Llama2-70B,32,1,32,32,32,3456,0.00162,0.024571346435546874,0.026167000000000003,0.052358346435546876,0.00162,4.34028771484375,230.39947250040768,46.48676799141499,358.694197464622,1.0
Llama2-70B,32,1,32,32,32,3584,0.00162,0.024571346435546874,0.027047,0.053238346435546875,0.00162,4.410687714843751,226.7220135840937,46.59055742996108,359.49504189784795,1.0
Llama2-70B,32,1,32,32,32,3712,0.00162,0.024571346435546874,0.027927,0.054118346435546874,0.00162,4.48108771484375,223.16010389340678,46.69434686850717,360.29588633107386,1.0
Llama2-70B,32,1,32,32,32,3840,0.00162,0.024571346435546874,0.028807000000000003,0.05499834643554688,0.00162,4.551487714843751,219.70838166578005,46.79813630705324,361.0967307642998,1.0
Llama2-70B,32,1,32,32,32,3968,0.00162,0.024571346435546874,0.029687,0.05587834643554687,0.00162,4.6218877148437505,216.36181181736183,46.90192574559932,361.8975751975258,1.0
Llama2-70B,32,1,32,32,32,4096,0.00162,0.024571346435546874,0.030567,0.05675834643554688,0.00162,4.692287714843751,213.11566143665152,47.00571518414541,362.6984196307518,1.0
Llama2-70B,32,2,16,32,32,128,0.00162,0.023975299987792967,0.003287,0.028882299987792966,0.00162,2.462203999023437,812.2803800145085,21.894121294608404,337.87224220074717,1.0
Llama2-70B,32,2,16,32,32,256,0.00162,0.023975299987792967,0.0041670000000000006,0.029762299987792968,0.00162,2.5326039990234372,789.7010352866822,21.946016013881447,338.6730866339731,1.0
Llama2-70B,32,2,16,32,32,384,0.00162,0.023975299987792967,0.005046999999999999,0.030642299987792967,0.00162,2.603003999023437,768.3430377941545,21.99791073315449,339.47393106719903,1.0
Llama2-70B,32,2,16,32,32,512,0.00162,0.023975299987792967,0.005927,0.03152229998779297,0.00162,2.6734039990234373,748.1099006100748,22.049805452427535,340.274775500425,1.0
Llama2-70B,32,2,16,32,32,640,0.00162,0.023975299987792967,0.006806999999999999,0.03240229998779297,0.00162,2.7438039990234375,728.9150393803023,22.101700171700575,341.075619933651,1.0
Llama2-70B,32,2,16,32,32,768,0.00162,0.023975299987792967,0.007686999999999999,0.03328229998779297,0.00162,2.8142039990234373,710.6805337118503,22.153594890973615,341.87646436687686,1.0
Llama2-70B,32,2,16,32,32,896,0.00162,0.023975299987792967,0.008567,0.034162299987792966,0.00162,2.884603999023437,693.3360699344125,22.205489610246655,342.67730880010294,1.0
Llama2-70B,32,2,16,32,32,1024,0.00162,0.023975299987792967,0.009446999999999999,0.035042299987792964,0.00162,2.955003999023437,676.8180349877548,22.2573843295197,343.4781532333288,1.0
Llama2-70B,32,2,16,32,32,1152,0.00162,0.023975299987792967,0.010327,0.03592229998779296,0.00162,3.0254039990234367,661.0687368184796,22.30927904879274,344.2789976665548,1.0
Llama2-70B,32,2,16,32,32,1280,0.00162,0.023975299987792967,0.011207,0.03680229998779297,0.00162,3.0958039990234374,646.0357311479972,22.361173768065786,345.0798420997807,1.0
Llama2-70B,32,2,16,32,32,1408,0.00162,0.023975299987792967,0.012087,0.03768229998779297,0.00162,3.166203999023437,631.6712380556864,22.413068487338826,345.88068653300667,1.0
Llama2-70B,32,2,16,32,32,1536,0.00162,0.023975299987792967,0.012967,0.03856229998779297,0.00162,3.2366039990234374,617.9316347021288,22.46496320661187,346.6815309662327,1.0
Llama2-70B,32,2,16,32,32,1664,0.00162,0.023975299987792967,0.013847,0.039442299987792966,0.00162,3.3070039990234372,604.7770128462507,22.516857925884906,347.4823753994586,1.0
Llama2-70B,32,2,16,32,32,1792,0.00162,0.023975299987792967,0.014727,0.040322299987792964,0.00162,3.377403999023437,592.170791702234,22.568752645157947,348.2832198326846,1.0
Llama2-70B,32,2,16,32,32,1920,0.00162,0.023975299987792967,0.015607,0.04120229998779297,0.00162,3.4478039990234373,580.0793782263968,22.62064736443099,349.0840642659105,1.0
Llama2-70B,32,2,16,32,32,2048,0.00162,0.023975299987792967,0.016486999999999998,0.04208229998779296,0.00162,3.5182039990234366,568.4718681904599,22.67254208370403,349.8849086991365,1.0
Llama2-70B,32,2,16,32,32,2176,0.00162,0.023975299987792967,0.017367,0.04296229998779297,0.00162,3.5886039990234373,557.319782440263,22.724436802977078,350.6857531323624,1.0
Llama2-70B,32,2,16,32,32,2304,0.00162,0.023975299987792967,0.018247000000000003,0.043842299987792974,0.00162,3.659003999023438,546.5968336011072,22.776331522250118,351.4865975655884,1.0
Llama2-70B,32,2,16,32,32,2432,0.00162,0.023975299987792967,0.019127,0.044722299987792966,0.00162,3.7294039990234373,536.27871920653,22.828226241523158,352.2874419988143,1.0
Llama2-70B,32,2,16,32,32,2560,0.00162,0.023975299987792967,0.020007,0.04560229998779297,0.00162,3.7998039990234376,526.3429378236369,22.8801209607962,353.0882864320403,1.0
Llama2-70B,32,2,16,32,32,2688,0.00162,0.023975299987792967,0.020887000000000003,0.04648229998779297,0.00162,3.8702039990234374,516.7686252467976,22.932015680069238,353.8891308652663,1.0
Llama2-70B,32,2,16,32,32,2816,0.00162,0.023975299987792967,0.021767,0.04736229998779297,0.00162,3.940603999023437,507.53640825001474,22.983910399342285,354.6899752984922,1.0
Llama2-70B,32,2,16,32,32,2944,0.00162,0.023975299987792967,0.022647,0.04824229998779297,0.00162,4.011003999023438,498.6282737406748,23.03580511861533,355.4908197317182,1.0
Llama2-70B,32,2,16,32,32,3072,0.00162,0.023975299987792967,0.023527000000000003,0.04912229998779297,0.00162,4.081403999023437,490.02745145507345,23.087699837888373,356.29166416494405,1.0
Llama2-70B,32,2,16,32,32,3200,0.00162,0.023975299987792967,0.024407,0.05000229998779297,0.00162,4.151803999023438,481.71830858836967,23.139594557161413,357.09250859817007,1.0
Llama2-70B,32,2,16,32,32,3328,0.00162,0.023975299987792967,0.025287,0.050882299987792964,0.00162,4.222203999023438,473.68625496602823,23.191489276434453,357.8933530313961,1.0
Llama2-70B,32,2,16,32,32,3456,0.00162,0.023975299987792967,0.026167000000000003,0.05176229998779297,0.00162,4.292603999023438,465.9176575465609,23.243383995707497,358.694197464622,1.0
Llama2-70B,32,2,16,32,32,3584,0.00162,0.023975299987792967,0.027047,0.05264229998779297,0.00162,4.363003999023438,458.3997632016051,23.29527871498054,359.49504189784795,1.0
Llama2-70B,32,2,16,32,32,3712,0.00162,0.023975299987792967,0.027927,0.05352229998779297,0.00162,4.4334039990234375,451.1206288532576,23.347173434253584,360.29588633107386,1.0
Llama2-70B,32,2,16,32,32,3840,0.00162,0.023975299987792967,0.028807000000000003,0.054402299987792974,0.00162,4.503803999023439,444.0690581636458,23.39906815352662,361.0967307642998,1.0
Llama2-70B,32,2,16,32,32,3968,0.00162,0.023975299987792967,0.029687,0.055282299987792966,0.00162,4.574203999023438,437.2345440708343,23.45096287279966,361.8975751975258,1.0
Llama2-70B,32,2,16,32,32,4096,0.00162,0.023975299987792967,0.030567,0.05616229998779297,0.00162,4.644603999023438,430.6072165507575,23.502857592072704,362.6984196307518,1.0
Llama2-70B,32,4,8,32,32,128,0.00162,0.022723602447509764,0.003287,0.027630602447509763,0.00162,2.3620681958007808,1693.431208764882,10.947060647304202,337.87224220074717,1.0
Llama2-70B,32,4,8,32,32,256,0.00162,0.022723602447509764,0.0041670000000000006,0.028510602447509765,0.00162,2.432468195800781,1644.4202669968226,10.973008006940724,338.6730866339731,1.0
Llama2-70B,32,4,8,32,32,384,0.00162,0.022723602447509764,0.005046999999999999,0.029390602447509764,0.00162,2.502868195800781,1598.1664582701762,10.998955366577245,339.47393106719903,1.0
Llama2-70B,32,4,8,32,32,512,0.00162,0.022723602447509764,0.005927,0.030270602447509766,0.00162,2.573268195800781,1554.4434919482737,11.024902726213767,340.274775500425,1.0
Llama2-70B,32,4,8,32,32,640,0.00162,0.022723602447509764,0.006806999999999999,0.031150602447509765,0.00162,2.6436681958007813,1513.0491815703742,11.050850085850287,341.075619933651,1.0
Llama2-70B,32,4,8,32,32,768,0.00162,0.022723602447509764,0.007686999999999999,0.032030602447509764,0.00162,2.714068195800781,1473.8023186701125,11.076797445486807,341.87646436687686,1.0
Llama2-70B,32,4,8,32,32,896,0.00162,0.022723602447509764,0.008567,0.03291060244750976,0.00162,2.784468195800781,1436.5400208313913,11.102744805123328,342.67730880010294,1.0
Llama2-70B,32,4,8,32,32,1024,0.00162,0.022723602447509764,0.009446999999999999,0.03379060244750976,0.00162,2.8548681958007807,1401.1154721200758,11.12869216475985,343.4781532333288,1.0
Llama2-70B,32,4,8,32,32,1152,0.00162,0.022723602447509764,0.010327,0.03467060244750976,0.00162,2.9252681958007805,1367.39598979061,11.15463952439637,344.2789976665548,1.0
Llama2-70B,32,4,8,32,32,1280,0.00162,0.022723602447509764,0.011207,0.035550602447509766,0.00162,2.995668195800781,1335.261363593957,11.180586884032893,345.0798420997807,1.0
Llama2-70B,32,4,8,32,32,1408,0.00162,0.022723602447509764,0.012087,0.036430602447509765,0.00162,3.066068195800781,1304.6024238724733,11.206534243669413,345.88068653300667,1.0
Llama2-70B,32,4,8,32,32,1536,0.00162,0.022723602447509764,0.012967,0.037310602447509764,0.00162,3.136468195800781,1275.3198024948401,11.232481603305935,346.6815309662327,1.0
Llama2-70B,32,4,8,32,32,1664,0.00162,0.022723602447509764,0.013847,0.03819060244750976,0.00162,3.206868195800781,1247.3228569972978,11.258428962942453,347.4823753994586,1.0
Llama2-70B,32,4,8,32,32,1792,0.00162,0.022723602447509764,0.014727,0.03907060244750976,0.00162,3.2772681958007808,1220.5287333899826,11.284376322578973,348.2832198326846,1.0
Llama2-70B,32,4,8,32,32,1920,0.00162,0.022723602447509764,0.015607,0.03995060244750977,0.00162,3.347668195800781,1194.8615472159054,11.310323682215495,349.0840642659105,1.0
Llama2-70B,32,4,8,32,32,2048,0.00162,0.022723602447509764,0.016486999999999998,0.04083060244750976,0.00162,3.4180681958007804,1170.2516658134978,11.336271041852015,349.8849086991365,1.0
Llama2-70B,32,4,8,32,32,2176,0.00162,0.022723602447509764,0.017367,0.041710602447509765,0.00162,3.488468195800781,1146.6350774861505,11.362218401488539,350.6857531323624,1.0
Llama2-70B,32,4,8,32,32,2304,0.00162,0.022723602447509764,0.018247000000000003,0.04259060244750977,0.00162,3.5588681958007817,1123.952835544661,11.388165761125059,351.4865975655884,1.0
Llama2-70B,32,4,8,32,32,2432,0.00162,0.022723602447509764,0.019127,0.04347060244750976,0.00162,3.629268195800781,1102.1505670559623,11.414113120761579,352.2874419988143,1.0
Llama2-70B,32,4,8,32,32,2560,0.00162,0.022723602447509764,0.020007,0.04435060244750977,0.00162,3.6996681958007813,1081.1780376791905,11.4400604803981,353.0882864320403,1.0
Llama2-70B,32,4,8,32,32,2688,0.00162,0.022723602447509764,0.020887000000000003,0.04523060244750977,0.00162,3.770068195800781,1060.9887652577013,11.466007840034619,353.8891308652663,1.0
Llama2-70B,32,4,8,32,32,2816,0.00162,0.022723602447509764,0.021767,0.046110602447509766,0.00162,3.840468195800781,1041.5396759107791,11.491955199671143,354.6899752984922,1.0
Llama2-70B,32,4,8,32,32,2944,0.00162,0.022723602447509764,0.022647,0.046990602447509765,0.00162,3.910868195800781,1022.7907972697526,11.517902559307664,355.4908197317182,1.0
Llama2-70B,32,4,8,32,32,3072,0.00162,0.022723602447509764,0.023527000000000003,0.047870602447509764,0.00162,3.981268195800781,1004.7049842607881,11.543849918944186,356.29166416494405,1.0
Llama2-70B,32,4,8,32,32,3200,0.00162,0.022723602447509764,0.024407,0.04875060244750977,0.00162,4.051668195800782,987.2476734757471,11.569797278580706,357.09250859817007,1.0
Llama2-70B,32,4,8,32,32,3328,0.00162,0.022723602447509764,0.025287,0.04963060244750976,0.00162,4.122068195800781,970.3866627133597,11.595744638217226,357.8933530313961,1.0
Llama2-70B,32,4,8,32,32,3456,0.00162,0.022723602447509764,0.026167000000000003,0.05051060244750977,0.00162,4.192468195800782,954.0919127320847,11.621691997853748,358.694197464622,1.0
Llama2-70B,32,4,8,32,32,3584,0.00162,0.022723602447509764,0.027047,0.051390602447509766,0.00162,4.262868195800782,938.33536864693,11.64763935749027,359.49504189784795,1.0
Llama2-70B,32,4,8,32,32,3712,0.00162,0.022723602447509764,0.027927,0.052270602447509765,0.00162,4.333268195800781,923.0907987362195,11.673586717126792,360.29588633107386,1.0
Llama2-70B,32,4,8,32,32,3840,0.00162,0.022723602447509764,0.028807000000000003,0.05315060244750977,0.00162,4.403668195800782,908.3336487100211,11.69953407676331,361.0967307642998,1.0
Llama2-70B,32,4,8,32,32,3968,0.00162,0.022723602447509764,0.029687,0.05403060244750976,0.00162,4.474068195800782,894.0409097371991,11.72548143639983,361.8975751975258,1.0
Llama2-70B,32,4,8,32,32,4096,0.00162,0.022723602447509764,0.030567,0.05491060244750977,0.00162,4.544468195800782,880.1909987391075,11.751428796036352,362.6984196307518,1.0
Llama2-70B,32,8,4,32,32,128,0.00162,0.02129309097290039,0.003287,0.026200090972900388,0.00162,2.2476272778320308,3559.3090006081757,5.473530323652101,337.87224220074717,1.0
Llama2-70B,32,8,4,32,32,256,0.00162,0.02129309097290039,0.0041670000000000006,0.02708009097290039,0.00162,2.318027277832031,3451.2104652547996,5.486504003470362,338.6730866339731,1.0
Llama2-70B,32,8,4,32,32,384,0.00162,0.02129309097290039,0.005046999999999999,0.02796009097290039,0.00162,2.388427277832031,3349.48443867279,5.499477683288623,339.47393106719903,1.0
Llama2-70B,32,8,4,32,32,512,0.00162,0.02129309097290039,0.005927,0.02884009097290039,0.00162,2.458827277832031,3253.5835567326503,5.512451363106884,340.274775500425,1.0
Llama2-70B,32,8,4,32,32,640,0.00162,0.02129309097290039,0.006806999999999999,0.02972009097290039,0.00162,2.5292272778320313,3163.021397925667,5.525425042925144,341.075619933651,1.0
Llama2-70B,32,8,4,32,32,768,0.00162,0.02129309097290039,0.007686999999999999,0.03060009097290039,0.00162,2.599627277832031,3077.3642314876884,5.538398722743404,341.87646436687686,1.0
Llama2-70B,32,8,4,32,32,896,0.00162,0.02129309097290039,0.008567,0.03148009097290039,0.00162,2.670027277832031,2996.224070974931,5.551372402561664,342.67730880010294,1.0
Llama2-70B,32,8,4,32,32,1024,0.00162,0.02129309097290039,0.009446999999999999,0.032360090972900386,0.00162,2.7404272778320307,2919.2527985376246,5.564346082379925,343.4781532333288,1.0
Llama2-70B,32,8,4,32,32,1152,0.00162,0.02129309097290039,0.010327,0.033240090972900385,0.00162,2.8108272778320305,2846.13717217457,5.577319762198185,344.2789976665548,1.0
Llama2-70B,32,8,4,32,32,1280,0.00162,0.02129309097290039,0.011207,0.03412009097290039,0.00162,2.881227277832031,2776.594564945106,5.5902934420164465,345.0798420997807,1.0
Llama2-70B,32,8,4,32,32,1408,0.00162,0.02129309097290039,0.012087,0.03500009097290039,0.00162,2.951627277832031,2710.369313931804,5.6032671218347065,345.88068653300667,1.0
Llama2-70B,32,8,4,32,32,1536,0.00162,0.02129309097290039,0.012967,0.03588009097290039,0.00162,3.022027277832031,2647.229579522231,5.6162408016529675,346.6815309662327,1.0
Llama2-70B,32,8,4,32,32,1664,0.00162,0.02129309097290039,0.013847,0.03676009097290039,0.00162,3.092427277832031,2586.9646336868623,5.629214481471227,347.4823753994586,1.0
Llama2-70B,32,8,4,32,32,1792,0.00162,0.02129309097290039,0.014727,0.037640090972900386,0.00162,3.1628272778320308,2529.382510411262,5.642188161289487,348.2832198326846,1.0
Llama2-70B,32,8,4,32,32,1920,0.00162,0.02129309097290039,0.015607,0.03852009097290039,0.00162,3.233227277832031,2474.3079630839384,5.6551618411077476,349.0840642659105,1.0
Llama2-70B,32,8,4,32,32,2048,0.00162,0.02129309097290039,0.016486999999999998,0.039400090972900384,0.00162,3.3036272778320304,2421.580683051483,5.668135520926008,349.8849086991365,1.0
Llama2-70B,32,8,4,32,32,2176,0.00162,0.02129309097290039,0.017367,0.04028009097290039,0.00162,3.374027277832031,2371.0537411957057,5.681109200744269,350.6857531323624,1.0
Llama2-70B,32,8,4,32,32,2304,0.00162,0.02129309097290039,0.018247000000000003,0.041160090972900396,0.00162,3.4444272778320317,2322.592220624645,5.694082880562529,351.4865975655884,1.0
Llama2-70B,32,8,4,32,32,2432,0.00162,0.02129309097290039,0.019127,0.04204009097290039,0.00162,3.514827277832031,2276.0720136821215,5.7070565603807895,352.2874419988143,1.0
Llama2-70B,32,8,4,32,32,2560,0.00162,0.02129309097290039,0.020007,0.04292009097290039,0.00162,3.5852272778320313,2231.3787606897713,5.72003024019905,353.0882864320403,1.0
Llama2-70B,32,8,4,32,32,2688,0.00162,0.02129309097290039,0.020887000000000003,0.04380009097290039,0.00162,3.655627277832031,2188.406911315203,5.7330039200173095,353.8891308652663,1.0
Llama2-70B,32,8,4,32,32,2816,0.00162,0.02129309097290039,0.021767,0.04468009097290039,0.00162,3.726027277832031,2147.0588923478726,5.745977599835571,354.6899752984922,1.0
Llama2-70B,32,8,4,32,32,2944,0.00162,0.02129309097290039,0.022647,0.04556009097290039,0.00162,3.796427277832031,2107.244368070298,5.758951279653832,355.4908197317182,1.0
Llama2-70B,32,8,4,32,32,3072,0.00162,0.02129309097290039,0.023527000000000003,0.04644009097290039,0.00162,3.866827277832031,2068.87958142399,5.771924959472093,356.29166416494405,1.0
Llama2-70B,32,8,4,32,32,3200,0.00162,0.02129309097290039,0.024407,0.047320090972900394,0.00162,3.9372272778320316,2031.886765857486,5.784898639290353,357.09250859817007,1.0
Llama2-70B,32,8,4,32,32,3328,0.00162,0.02129309097290039,0.025287,0.048200090972900386,0.00162,4.007627277832031,1996.193619165025,5.797872319108613,357.8933530313961,1.0
Llama2-70B,32,8,4,32,32,3456,0.00162,0.02129309097290039,0.026167000000000003,0.04908009097290039,0.00162,4.078027277832032,1961.732831824748,5.810845998926874,358.694197464622,1.0
Llama2-70B,32,8,4,32,32,3584,0.00162,0.02129309097290039,0.027047,0.04996009097290039,0.00162,4.148427277832031,1928.4416633623143,5.823819678745135,359.49504189784795,1.0
Llama2-70B,32,8,4,32,32,3712,0.00162,0.02129309097290039,0.027927,0.05084009097290039,0.00162,4.218827277832031,1896.2615611300957,5.836793358563396,360.29588633107386,1.0
Llama2-70B,32,8,4,32,32,3840,0.00162,0.02129309097290039,0.028807000000000003,0.051720090972900395,0.00162,4.289227277832032,1865.1378166287234,5.849767038381655,361.0967307642998,1.0
Llama2-70B,32,8,4,32,32,3968,0.00162,0.02129309097290039,0.029687,0.05260009097290039,0.00162,4.359627277832032,1835.0192551273014,5.862740718199915,361.8975751975258,1.0
Llama2-70B,32,8,4,32,32,4096,0.00162,0.02129309097290039,0.030567,0.05348009097290039,0.00162,4.430027277832032,1805.8579548781113,5.875714398018176,362.6984196307518,1.0
Llama2-70B,32,16,2,32,32,128,0.00162,0.018461870346069335,0.003287,0.023368870346069333,0.00162,2.0211296276855464,7916.365076653722,2.7367651618260505,337.87224220074717,1.0
Llama2-70B,32,16,2,32,32,256,0.00162,0.018461870346069335,0.0041670000000000006,0.024248870346069335,0.00162,2.0915296276855466,7649.903586450911,2.743252001735181,338.6730866339731,1.0
Llama2-70B,32,16,2,32,32,384,0.00162,0.018461870346069335,0.005046999999999999,0.025128870346069334,0.00162,2.1619296276855464,7400.7959348467775,2.7497388416443114,339.47393106719903,1.0
Llama2-70B,32,16,2,32,32,512,0.00162,0.018461870346069335,0.005927,0.026008870346069336,0.00162,2.2323296276855467,7167.4002806604385,2.756225681553442,340.274775500425,1.0
Llama2-70B,32,16,2,32,32,640,0.00162,0.018461870346069335,0.006806999999999999,0.026888870346069335,0.00162,2.302729627685547,6948.275562894224,2.762712521462572,341.075619933651,1.0
Llama2-70B,32,16,2,32,32,768,0.00162,0.018461870346069335,0.007686999999999999,0.027768870346069334,0.00162,2.3731296276855467,6742.151719543612,2.769199361371702,341.87646436687686,1.0
Llama2-70B,32,16,2,32,32,896,0.00162,0.018461870346069335,0.008567,0.028648870346069333,0.00162,2.4435296276855465,6547.905054523452,2.775686201280832,342.67730880010294,1.0
Llama2-70B,32,16,2,32,32,1024,0.00162,0.018461870346069335,0.009446999999999999,0.02952887034606933,0.00162,2.5139296276855463,6364.53774353677,2.7821730411899623,343.4781532333288,1.0
Llama2-70B,32,16,2,32,32,1152,0.00162,0.018461870346069335,0.010327,0.030408870346069334,0.00162,2.5843296276855465,6191.16068964049,2.7886598810990924,344.2789976665548,1.0
Llama2-70B,32,16,2,32,32,1280,0.00162,0.018461870346069335,0.011207,0.031288870346069336,0.00162,2.6547296276855468,6026.979106700655,2.7951467210082233,345.0798420997807,1.0
Llama2-70B,32,16,2,32,32,1408,0.00162,0.018461870346069335,0.012087,0.032168870346069335,0.00162,2.7251296276855466,5871.280337438041,2.8016335609173533,345.88068653300667,1.0
Llama2-70B,32,16,2,32,32,1536,0.00162,0.018461870346069335,0.012967,0.033048870346069334,0.00162,2.795529627685547,5723.423512147355,2.8081204008264837,346.6815309662327,1.0
Llama2-70B,32,16,2,32,32,1664,0.00162,0.018461870346069335,0.013847,0.03392887034606933,0.00162,2.8659296276855466,5582.830731584014,2.8146072407356133,347.4823753994586,1.0
Llama2-70B,32,16,2,32,32,1792,0.00162,0.018461870346069335,0.014727,0.03480887034606933,0.00162,2.9363296276855464,5448.979518219625,2.8210940806447433,348.2832198326846,1.0
Llama2-70B,32,16,2,32,32,1920,0.00162,0.018461870346069335,0.015607,0.03568887034606934,0.00162,3.0067296276855466,5321.396327981815,2.8275809205538738,349.0840642659105,1.0
Llama2-70B,32,16,2,32,32,2048,0.00162,0.018461870346069335,0.016486999999999998,0.03656887034606933,0.00162,3.077129627685546,5199.650952642626,2.834067760463004,349.8849086991365,1.0
Llama2-70B,32,16,2,32,32,2176,0.00162,0.018461870346069335,0.017367,0.037448870346069335,0.00162,3.1475296276855467,5083.351673409085,2.8405546003721347,350.6857531323624,1.0
Llama2-70B,32,16,2,32,32,2304,0.00162,0.018461870346069335,0.018247000000000003,0.03832887034606934,0.00162,3.2179296276855474,4972.141050675426,2.8470414402812647,351.4865975655884,1.0
Llama2-70B,32,16,2,32,32,2432,0.00162,0.018461870346069335,0.019127,0.03920887034606933,0.00162,3.2883296276855467,4865.692254599615,2.8535282801903947,352.2874419988143,1.0
Llama2-70B,32,16,2,32,32,2560,0.00162,0.018461870346069335,0.020007,0.04008887034606934,0.00162,3.358729627685547,4763.705857153311,2.860015120099525,353.0882864320403,1.0
Llama2-70B,32,16,2,32,32,2688,0.00162,0.018461870346069335,0.020887000000000003,0.04096887034606934,0.00162,3.4291296276855467,4665.907019326949,2.8665019600086548,353.8891308652663,1.0
Llama2-70B,32,16,2,32,32,2816,0.00162,0.018461870346069335,0.021767,0.041848870346069336,0.00162,3.4995296276855465,4572.043017844596,2.8729887999177857,354.6899752984922,1.0
Llama2-70B,32,16,2,32,32,2944,0.00162,0.018461870346069335,0.022647,0.042728870346069335,0.00162,3.569929627685547,4481.881064522021,2.879475639826916,355.4908197317182,1.0
Llama2-70B,32,16,2,32,32,3072,0.00162,0.018461870346069335,0.023527000000000003,0.043608870346069334,0.00162,3.6403296276855466,4395.206378652172,2.8859624797360466,356.29166416494405,1.0
Llama2-70B,32,16,2,32,32,3200,0.00162,0.018461870346069335,0.024407,0.04448887034606934,0.00162,3.7107296276855473,4311.820478814972,2.8924493196451766,357.09250859817007,1.0
Llama2-70B,32,16,2,32,32,3328,0.00162,0.018461870346069335,0.025287,0.04536887034606933,0.00162,3.7811296276855466,4231.539665513584,2.8989361595543066,357.8933530313961,1.0
Llama2-70B,32,16,2,32,32,3456,0.00162,0.018461870346069335,0.026167000000000003,0.04624887034606934,0.00162,3.851529627685547,4154.193670221015,2.905422999463437,358.694197464622,1.0
Llama2-70B,32,16,2,32,32,3584,0.00162,0.018461870346069335,0.027047,0.047128870346069336,0.00162,3.9219296276855466,4079.6244499272416,2.9119098393725675,359.49504189784795,1.0
Llama2-70B,32,16,2,32,32,3712,0.00162,0.018461870346069335,0.027927,0.048008870346069335,0.00162,3.9923296276855464,4007.685109226715,2.918396679281698,360.29588633107386,1.0
Llama2-70B,32,16,2,32,32,3840,0.00162,0.018461870346069335,0.028807000000000003,0.04888887034606934,0.00162,4.062729627685547,3938.2389344759004,2.9248835191908276,361.0967307642998,1.0
Llama2-70B,32,16,2,32,32,3968,0.00162,0.018461870346069335,0.029687,0.04976887034606933,0.00162,4.1331296276855465,3871.1585266585544,2.9313703590999576,361.8975751975258,1.0
Llama2-70B,32,16,2,32,32,4096,0.00162,0.018461870346069335,0.030567,0.05064887034606934,0.00162,4.203529627685548,3806.325021386743,2.937857199009088,362.6984196307518,1.0
Llama2-70B,32,32,1,32,32,128,0.00162,0.01302294651031494,0.003287,0.01792994651031494,0.00162,1.5860157208251948,20176.344773777266,1.3683825809130252,337.87224220074717,1.0
Llama2-70B,32,32,1,32,32,256,0.00162,0.01302294651031494,0.0041670000000000006,0.01880994651031494,0.00162,1.656415720825195,19318.821717085735,1.3716260008675905,338.6730866339731,1.0
Llama2-70B,32,32,1,32,32,384,0.00162,0.01302294651031494,0.005046999999999999,0.01968994651031494,0.00162,1.726815720825195,18531.218829017915,1.3748694208221557,339.47393106719903,1.0
Llama2-70B,32,32,1,32,32,512,0.00162,0.01302294651031494,0.005927,0.020569946510314942,0.00162,1.797215720825195,17805.319433388406,1.378112840776721,340.274775500425,1.0
Llama2-70B,32,32,1,32,32,640,0.00162,0.01302294651031494,0.006806999999999999,0.02144994651031494,0.00162,1.8676157208251951,17134.145768413742,1.381356260731286,341.075619933651,1.0
Llama2-70B,32,32,1,32,32,768,0.00162,0.01302294651031494,0.007686999999999999,0.02232994651031494,0.00162,1.9380157208251951,16511.733963837298,1.384599680685851,341.87646436687686,1.0
Llama2-70B,32,32,1,32,32,896,0.00162,0.01302294651031494,0.008567,0.02320994651031494,0.00162,2.008415720825195,15932.956343745509,1.387843100640416,342.67730880010294,1.0
Llama2-70B,32,32,1,32,32,1024,0.00162,0.01302294651031494,0.009446999999999999,0.024089946510314937,0.00162,2.0788157208251947,15393.379836139331,1.3910865205949812,343.4781532333288,1.0
Llama2-70B,32,32,1,32,32,1152,0.00162,0.01302294651031494,0.010327,0.02496994651031494,0.00162,2.149215720825195,14889.15221023674,1.3943299405495462,344.2789976665548,1.0
Llama2-70B,32,32,1,32,32,1280,0.00162,0.01302294651031494,0.011207,0.02584994651031494,0.00162,2.219615720825195,14416.909963181932,1.3975733605041116,345.0798420997807,1.0
Llama2-70B,32,32,1,32,32,1408,0.00162,0.01302294651031494,0.012087,0.02672994651031494,0.00162,2.290015720825195,13973.703197316467,1.4008167804586766,345.88068653300667,1.0
Llama2-70B,32,32,1,32,32,1536,0.00162,0.01302294651031494,0.012967,0.02760994651031494,0.00162,2.3604157208251952,13556.933940777551,1.4040602004132419,346.6815309662327,1.0
Llama2-70B,32,32,1,32,32,1664,0.00162,0.01302294651031494,0.013847,0.028489946510314938,0.00162,2.430815720825195,13164.305186053709,1.4073036203678067,347.4823753994586,1.0
Llama2-70B,32,32,1,32,32,1792,0.00162,0.01302294651031494,0.014727,0.02936994651031494,0.00162,2.5012157208251953,12793.778534800922,1.4105470403223717,348.2832198326846,1.0
Llama2-70B,32,32,1,32,32,1920,0.00162,0.01302294651031494,0.015607,0.03024994651031494,0.00162,2.571615720825195,12443.538799697357,1.4137904602769369,349.0840642659105,1.0
Llama2-70B,32,32,1,32,32,2048,0.00162,0.01302294651031494,0.016486999999999998,0.031129946510314938,0.00162,2.642015720825195,12111.964265680172,1.417033880231502,349.8849086991365,1.0
Llama2-70B,32,32,1,32,32,2176,0.00162,0.01302294651031494,0.017367,0.03200994651031494,0.00162,2.712415720825195,11797.601582350613,1.4202773001860673,350.6857531323624,1.0
Llama2-70B,32,32,1,32,32,2304,0.00162,0.01302294651031494,0.018247000000000003,0.032889946510314946,0.00162,2.782815720825196,11499.144467428463,1.4235207201406324,351.4865975655884,1.0
Llama2-70B,32,32,1,32,32,2432,0.00162,0.01302294651031494,0.019127,0.03376994651031494,0.00162,2.853215720825195,11215.415563021324,1.4267641400951974,352.2874419988143,1.0
Llama2-70B,32,32,1,32,32,2560,0.00162,0.01302294651031494,0.020007,0.034649946510314944,0.00162,2.9236157208251954,10945.350913275273,1.4300075600497626,353.0882864320403,1.0
Llama2-70B,32,32,1,32,32,2688,0.00162,0.01302294651031494,0.020887000000000003,0.03552994651031494,0.00162,2.994015720825195,10687.986631940705,1.4332509800043274,353.8891308652663,1.0
Llama2-70B,32,32,1,32,32,2816,0.00162,0.01302294651031494,0.021767,0.03640994651031494,0.00162,3.064415720825195,10442.44740768493,1.4364943999588928,354.6899752984922,1.0
Llama2-70B,32,32,1,32,32,2944,0.00162,0.01302294651031494,0.022647,0.03728994651031494,0.00162,3.134815720825195,10207.936558253721,1.439737819913458,355.4908197317182,1.0
Llama2-70B,32,32,1,32,32,3072,0.00162,0.01302294651031494,0.023527000000000003,0.03816994651031494,0.00162,3.205215720825195,9983.727395347192,1.4429812398680233,356.29166416494405,1.0
Llama2-70B,32,32,1,32,32,3200,0.00162,0.01302294651031494,0.024407,0.039049946510314945,0.00162,3.2756157208251957,9769.155703019564,1.4462246598225883,357.09250859817007,1.0
Llama2-70B,32,32,1,32,32,3328,0.00162,0.01302294651031494,0.025287,0.03992994651031494,0.00162,3.346015720825195,9563.613165603463,1.4494680797771533,357.8933530313961,1.0
Llama2-70B,32,32,1,32,32,3456,0.00162,0.01302294651031494,0.026167000000000003,0.04080994651031494,0.00162,3.4164157208251953,9366.541608194793,1.4527114997317185,358.694197464622,1.0
Llama2-70B,32,32,1,32,32,3584,0.00162,0.01302294651031494,0.027047,0.04168994651031494,0.00162,3.486815720825195,9177.427934857089,1.4559549196862838,359.49504189784795,1.0
Llama2-70B,32,32,1,32,32,3712,0.00162,0.01302294651031494,0.027927,0.04256994651031494,0.00162,3.557215720825195,8995.799667886522,1.459198339640849,360.29588633107386,1.0
Llama2-70B,32,32,1,32,32,3840,0.00162,0.01302294651031494,0.028807000000000003,0.043449946510314946,0.00162,3.6276157208251956,8821.22100648543,1.4624417595954138,361.0967307642998,1.0
Llama2-70B,32,32,1,32,32,3968,0.00162,0.01302294651031494,0.029687,0.04432994651031494,0.00162,3.698015720825195,8653.289335627635,1.4656851795499788,361.8975751975258,1.0
Llama2-70B,32,32,1,32,32,4096,0.00162,0.01302294651031494,0.030567,0.045209946510314944,0.00162,3.7684157208251956,8491.632126243423,1.468928599504544,362.6984196307518,1.0
Llama2-70B,32,80,1,32,10,128,0.0019415,0.0014614998626708,0.009861,0.0132639998626708,0.0019415,1.213061489013672,65948.84160822481,0.5383148794198975,277.2675145093472,0.84375
Llama2-70B,32,80,1,32,10,256,0.0019415,0.0014614998626708,0.012501,0.0159039998626709,0.0019415,1.4242614890136722,56169.46088699028,0.5394095336545632,277.8313333270993,0.84375
Llama2-70B,32,80,1,32,10,384,0.0019415,0.0014614998626708,0.0151409999999999,0.0185439998626709,0.0019415,1.6354614890136718,48915.85680091256,0.540504187889229,278.39515214485147,0.84375
Llama2-70B,32,80,1,32,10,512,0.0019415,0.0014614998626708,0.0177809999999999,0.0211839998626708,0.0019415,1.846661489013672,43321.4211028623,0.5415988421238948,278.9589709626036,0.84375
Llama2-70B,32,80,1,32,10,640,0.0019415,0.0014614998626708,0.0204209999999999,0.0238239998626708,0.0019415,2.057861489013672,38875.30838547537,0.5426934963585605,279.52278978035565,0.84375
Llama2-70B,32,80,1,32,10,768,0.0019415,0.0014614998626708,0.0230609999999999,0.0264639998626708,0.0019415,2.269061489013672,35256.867382106444,0.5437881505932262,280.0866085981078,0.84375
Llama2-70B,32,80,1,32,10,896,0.0019415,0.0014614998626708,0.025701,0.0291039998626709,0.0019415,2.480261489013672,32254.663612832886,0.544882804827892,280.6504274158599,0.84375
Llama2-70B,32,80,1,32,10,1024,0.0019415,0.0014614998626708,0.0283409999999999,0.0317439998626708,0.0019415,2.691461489013672,29723.62797184858,0.5459774590625577,281.214246233612,0.84375
Llama2-70B,32,80,1,32,10,1152,0.0019415,0.0014614998626708,0.0309809999999999,0.0343839998626709,0.0019415,2.902661489013672,27560.912735705915,0.5470721132972234,281.7780650513641,0.84375
Llama2-70B,32,80,1,32,10,1280,0.0019415,0.0014614998626708,0.033621,0.0370239998626708,0.0019415,3.113861489013672,25691.573078075584,0.548166767531889,282.34188386911626,0.84375
Llama2-70B,32,80,1,32,10,1408,0.0019415,0.0014614998626708,0.036261,0.0396639998626709,0.0019415,3.325061489013672,24059.705441336297,0.5492614217665549,282.9057026868684,0.84375
Llama2-70B,32,80,1,32,10,1536,0.0019415,0.0014614998626708,0.038901,0.0423039998626708,0.0019415,3.5362614890136714,22622.761424329365,0.5503560760012206,283.4695215046205,0.84375
Llama2-70B,32,80,1,32,10,1664,0.0019415,0.0014614998626708,0.041541,0.0449439998626709,0.0019415,3.747461489013672,21347.78442274424,0.5514507302358863,284.0333403223725,0.84375
Llama2-70B,32,80,1,32,10,1792,0.0019415,0.0014614998626708,0.044181,0.0475839998626708,0.0019415,3.958661489013672,20208.850951772733,0.5525453844705519,284.5971591401247,0.84375
Llama2-70B,32,80,1,32,10,1920,0.0019415,0.0014614998626708,0.046821,0.0502239998626709,0.0019415,4.169861489013672,19185.28953798007,0.5536400387052177,285.16097795787675,0.84375
Llama2-70B,32,80,1,32,10,2048,0.0019415,0.0014614998626708,0.0494609999999999,0.0528639998626708,0.0019415,4.381061489013671,18260.41478774377,0.5547346929398834,285.72479677562893,0.84375
Llama2-70B,32,80,1,32,10,2176,0.0019415,0.0014614998626708,0.052101,0.0555039998626709,0.0019415,4.592261489013672,17420.61077998031,0.5558293471745492,286.288615593381,0.84375
Llama2-70B,32,80,1,32,10,2304,0.0019415,0.0014614998626708,0.054741,0.0581439998626709,0.0019415,4.8034614890136735,16654.65626881229,0.556924001409215,286.8524344111332,0.84375
Llama2-70B,32,80,1,32,10,2432,0.0019415,0.0014614998626708,0.057381,0.0607839998626709,0.0019415,5.0146614890136725,15953.220406854442,0.5580186556438806,287.41625322888524,0.84375
Llama2-70B,32,80,1,32,10,2560,0.0019415,0.0014614998626708,0.060021,0.0634239998626709,0.0019415,5.225861489013672,15308.480748711763,0.5591133098785463,287.98007204663736,0.84375
Llama2-70B,32,80,1,32,10,2688,0.0019415,0.0014614998626708,0.062661,0.0660639998626709,0.0019415,5.437061489013673,14713.830285283871,0.5602079641132122,288.5438908643894,0.84375
Llama2-70B,32,80,1,32,10,2816,0.0019415,0.0014614998626708,0.065301,0.0687039998626709,0.0019415,5.648261489013672,14163.650205573256,0.5613026183478779,289.1077096821416,0.84375
Llama2-70B,32,80,1,32,10,2944,0.0019415,0.0014614998626708,0.067941,0.0713439998626709,0.0019415,5.859461489013673,13653.131802299198,0.5623972725825435,289.67152849989367,0.84375
Llama2-70B,32,80,1,32,10,3072,0.0019415,0.0014614998626708,0.070581,0.0739839998626709,0.0019415,6.0706614890136725,13178.135553230784,0.5634919268172093,290.23534731764585,0.84375
Llama2-70B,32,80,1,32,10,3200,0.0019415,0.0014614998626708,0.073221,0.0766239998626709,0.0019415,6.281861489013672,12735.078629147069,0.564586581051875,290.799166135398,0.84375
Llama2-70B,32,80,1,32,10,3328,0.0019415,0.0014614998626708,0.075861,0.0792639998626709,0.0019415,6.493061489013672,12320.84435598844,0.5656812352865408,291.36298495315003,0.84375
Llama2-70B,32,80,1,32,10,3456,0.0019415,0.0014614998626708,0.078501,0.0819039998626709,0.0019415,6.704261489013674,11932.708789938551,0.5667758895212065,291.9268037709021,0.84375
Llama2-70B,32,80,1,32,10,3584,0.0019415,0.0014614998626708,0.081141,0.0845439998626709,0.0019415,6.915461489013673,11568.280747003351,0.5678705437558721,292.4906225886542,0.84375
Llama2-70B,32,80,1,32,10,3712,0.0019415,0.0014614998626708,0.083781,0.0871839998626708,0.0019415,7.126661489013672,11225.452496000618,0.568965197990538,293.0544414064064,0.84375
Llama2-70B,32,80,1,32,10,3840,0.0019415,0.0014614998626708,0.086421,0.0898239998626709,0.0019415,7.337861489013673,10902.358966543165,0.5700598522252037,293.6182602241585,0.84375
Llama2-70B,32,80,1,32,10,3968,0.0019415,0.0014614998626708,0.089061,0.0924639998626709,0.0019415,7.549061489013672,10597.343804448526,0.5711545064598694,294.1820790419106,0.84375
Llama2-70B,32,80,1,32,10,4096,0.0019415,0.0014614998626708,0.091701,0.0951039998626709,0.0019415,7.760261489013673,10308.930970078429,0.5722491606945351,294.7458978596627,0.84375
Llama2-7B,8,1,8,32,32,128,0.0015255,0.0042958331044514,0.00233,0.0081513331044514,0.0015255,0.4123681593424479,2425.0174930930048,3.9567076222627984,81.05349930889051,1.0
Llama2-7B,8,1,8,32,32,256,0.0015255,0.0042958331044514,0.00277,0.0085913331044514,0.0015255,0.4264481593424479,2344.950911599495,3.961897094190103,81.15980609206208,1.0
Llama2-7B,8,1,8,32,32,384,0.0015255,0.0042958331044514,0.00321,0.0090313331044514,0.0015255,0.4405281593424479,2270.0024477269394,3.9670865661174073,81.26611287523366,1.0
Llama2-7B,8,1,8,32,32,512,0.0015255,0.0042958331044514,0.00365,0.0094713331044514,0.0015255,0.4546081593424479,2199.6965506435586,3.972276038044711,81.37241965840526,1.0
Llama2-7B,8,1,8,32,32,640,0.0015255,0.0042958331044514,0.00409,0.0099113331044514,0.0015255,0.4686881593424479,2133.614814171885,3.977465509972016,81.47872644157685,1.0
Llama2-7B,8,1,8,32,32,768,0.0015255,0.0042958331044514,0.00453,0.0103513331044514,0.0015255,0.4827681593424479,2071.387643630113,3.98265498189932,81.58503322474843,1.0
Llama2-7B,8,1,8,32,32,896,0.0015255,0.0042958331044514,0.00497,0.0107913331044514,0.0015255,0.4968481593424479,2012.6873395756293,3.9878444538266233,81.69134000792003,1.0
Llama2-7B,8,1,8,32,32,1024,0.0015255,0.0042958331044514,0.00541,0.0112313331044514,0.0015255,0.510928159342448,1957.2223251248777,3.993033925753928,81.79764679109162,1.0
Llama2-7B,8,1,8,32,32,1152,0.0015255,0.0042958331044514,0.00585,0.0116713331044514,0.0015255,0.5250081593424479,1904.732302165476,3.998223397681232,81.90395357426321,1.0
Llama2-7B,8,1,8,32,32,1280,0.0015255,0.0042958331044514,0.00629,0.0121113331044514,0.0015255,0.5390881593424479,1854.9841666338,4.003412869608537,82.01026035743479,1.0
Llama2-7B,8,1,8,32,32,1408,0.0015255,0.0042958331044514,0.00673,0.0125513331044514,0.0015255,0.5531681593424479,1807.7685476125416,4.00860234153584,82.11656714060638,1.0
Llama2-7B,8,1,8,32,32,1536,0.0015255,0.0042958331044514,0.00717,0.0129913331044514,0.0015255,0.5672481593424479,1762.896861858832,4.013791813463144,82.22287392377797,1.0
Llama2-7B,8,1,8,32,32,1664,0.0015255,0.0042958331044514,0.00761,0.0134313331044514,0.0015255,0.581328159342448,1720.1987963753902,4.018981285390449,82.32918070694956,1.0
Llama2-7B,8,1,8,32,32,1792,0.0015255,0.0042958331044514,0.00805,0.0138713331044514,0.0015255,0.595408159342448,1679.5201481692357,4.024170757317753,82.43548749012113,1.0
Llama2-7B,8,1,8,32,32,1920,0.0015255,0.0042958331044514,0.00849,0.0143113331044514,0.0015255,0.6094881593424479,1640.7209634373528,4.029360229245057,82.54179427329274,1.0
Llama2-7B,8,1,8,32,32,2048,0.0015255,0.0042958331044514,0.00893,0.0147513331044514,0.0015255,0.6235681593424479,1603.6739288524595,4.034549701172361,82.64810105646431,1.0
Llama2-7B,8,1,8,32,32,2176,0.0015255,0.0042958331044514,0.00937,0.0151913331044514,0.0015255,0.6376481593424479,1568.2629759822637,4.039739173099666,82.75440783963589,1.0
Llama2-7B,8,1,8,32,32,2304,0.0015255,0.0042958331044514,0.00981,0.0156313331044514,0.0015255,0.6517281593424479,1534.3820666103122,4.04492864502697,82.86071462280749,1.0
Llama2-7B,8,1,8,32,32,2432,0.0015255,0.0042958331044514,0.0102499999999999,0.0160713331044514,0.0015255,0.6658081593424479,1501.9341321794554,4.050118116954273,82.96702140597907,1.0
Llama2-7B,8,1,8,32,32,2560,0.0015255,0.0042958331044514,0.0106899999999999,0.0165113331044514,0.0015255,0.6798881593424478,1470.8301450155384,4.055307588881578,83.07332818915067,1.0
Llama2-7B,8,1,8,32,32,2688,0.0015255,0.0042958331044514,0.01113,0.0169513331044515,0.0015255,0.6939681593424479,1440.988302615389,4.060497060808883,83.17963497232223,1.0
Llama2-7B,8,1,8,32,32,2816,0.0015255,0.0042958331044514,0.01157,0.0173913331044514,0.0015255,0.7080481593424479,1412.3333092606056,4.065686532736187,83.28594175549384,1.0
Llama2-7B,8,1,8,32,32,2944,0.0015255,0.0042958331044514,0.01201,0.0178313331044514,0.0015255,0.7221281593424479,1384.795741673577,4.07087600466349,83.39224853866543,1.0
Llama2-7B,8,1,8,32,32,3072,0.0015255,0.0042958331044514,0.01245,0.0182713331044514,0.0015255,0.7362081593424479,1358.3114874645787,4.076065476590795,83.498555321837,1.0
Llama2-7B,8,1,8,32,32,3200,0.0015255,0.0042958331044514,0.0128899999999999,0.0187113331044514,0.0015255,0.7502881593424479,1332.8212468078923,4.081254948518099,83.60486210500859,1.0
Llama2-7B,8,1,8,32,32,3328,0.0015255,0.0042958331044514,0.0133299999999999,0.0191513331044514,0.0015255,0.7643681593424478,1308.2700891940028,4.086444420445403,83.71116888818017,1.0
Llama2-7B,8,1,8,32,32,3456,0.0015255,0.0042958331044514,0.01377,0.0195913331044515,0.0015255,0.7784481593424479,1284.6070582846469,4.091633892372708,83.81747567135177,1.0
Llama2-7B,8,1,8,32,32,3584,0.0015255,0.0042958331044514,0.01421,0.0200313331044514,0.0015255,0.7925281593424479,1261.784818888567,4.096823364300012,83.92378245452335,1.0
Llama2-7B,8,1,8,32,32,3712,0.0015255,0.0042958331044514,0.01465,0.0204713331044514,0.0015255,0.8066081593424479,1239.7593409112133,4.102012836227316,84.03008923769494,1.0
Llama2-7B,8,1,8,32,32,3840,0.0015255,0.0042958331044514,0.01509,0.0209113331044514,0.0015255,0.8206881593424479,1218.4896158380309,4.10720230815462,84.13639602086653,1.0
Llama2-7B,8,1,8,32,32,3968,0.0015255,0.0042958331044514,0.0155299999999999,0.0213513331044514,0.0015255,0.8347681593424479,1197.937401910138,4.112391780081924,84.24270280403812,1.0
Llama2-7B,8,1,8,32,32,4096,0.0015255,0.0042958331044514,0.0159699999999999,0.0217913331044514,0.0015255,0.8488481593424478,1178.0669946609066,4.117581252009228,84.3490095872097,1.0
Llama2-7B,8,2,4,32,32,128,0.0015255,0.0040872168477376,0.00233,0.0079427168477376,0.0015255,0.4056924391276041,4929.842923128601,1.9783538111313992,81.05349930889051,1.0
Llama2-7B,8,2,4,32,32,256,0.0015255,0.0040872168477376,0.00277,0.0083827168477376,0.0015255,0.4197724391276041,4764.486215809018,1.980948547095052,81.15980609206208,1.0
Llama2-7B,8,2,4,32,32,384,0.0015255,0.0040872168477376,0.00321,0.0088227168477376,0.0015255,0.4338524391276042,4609.862293321721,1.983543283058704,81.26611287523366,1.0
Llama2-7B,8,2,4,32,32,512,0.0015255,0.0040872168477376,0.00365,0.0092627168477376,0.0015255,0.4479324391276041,4464.959054752122,1.986138019022356,81.37241965840526,1.0
Llama2-7B,8,2,4,32,32,640,0.0015255,0.0040872168477376,0.00409,0.0097027168477376,0.0015255,0.4620124391276041,4328.88777578479,1.988732754986008,81.47872644157685,1.0
Llama2-7B,8,2,4,32,32,768,0.0015255,0.0040872168477376,0.00453,0.0101427168477376,0.0015255,0.4760924391276041,4200.864864951052,1.99132749094966,81.58503322474843,1.0
Llama2-7B,8,2,4,32,32,896,0.0015255,0.0040872168477376,0.00497,0.0105827168477376,0.0015255,0.4901724391276041,4080.196764141914,1.993922226913312,81.69134000792003,1.0
Llama2-7B,8,2,4,32,32,1024,0.0015255,0.0040872168477376,0.00541,0.0110227168477376,0.0015255,0.5042524391276041,3966.26737881557,1.996516962876964,81.79764679109162,1.0
Llama2-7B,8,2,4,32,32,1152,0.0015255,0.0040872168477376,0.00585,0.0114627168477376,0.0015255,0.5183324391276042,3858.527556882536,1.999111698840616,81.90395357426321,1.0
Llama2-7B,8,2,4,32,32,1280,0.0015255,0.0040872168477376,0.00629,0.0119027168477376,0.0015255,0.5324124391276042,3756.4862370179458,2.001706434804269,82.01026035743479,1.0
Llama2-7B,8,2,4,32,32,1408,0.0015255,0.0040872168477376,0.00673,0.0123427168477376,0.0015255,0.5464924391276041,3659.702965319538,2.00430117076792,82.11656714060638,1.0
Llama2-7B,8,2,4,32,32,1536,0.0015255,0.0040872168477376,0.00717,0.0127827168477376,0.0015255,0.5605724391276041,3567.781539728421,2.006895906731572,82.22287392377797,1.0
Llama2-7B,8,2,4,32,32,1664,0.0015255,0.0040872168477376,0.00761,0.0132227168477376,0.0015255,0.5746524391276041,3480.3645887873645,2.0094906426952246,82.32918070694956,1.0
Llama2-7B,8,2,4,32,32,1792,0.0015255,0.0040872168477376,0.00805,0.0136627168477376,0.0015255,0.5887324391276042,3397.128928318679,2.0120853786588766,82.43548749012113,1.0
Llama2-7B,8,2,4,32,32,1920,0.0015255,0.0040872168477376,0.00849,0.0141027168477376,0.0015255,0.6028124391276042,3317.781568831623,2.0146801146225286,82.54179427329274,1.0
Llama2-7B,8,2,4,32,32,2048,0.0015255,0.0040872168477376,0.00893,0.0145427168477376,0.0015255,0.6168924391276042,3242.056269693233,2.0172748505861806,82.64810105646431,1.0
Llama2-7B,8,2,4,32,32,2176,0.0015255,0.0040872168477376,0.00937,0.0149827168477376,0.0015255,0.6309724391276041,3169.710554656305,2.019869586549833,82.75440783963589,1.0
Llama2-7B,8,2,4,32,32,2304,0.0015255,0.0040872168477376,0.00981,0.0154227168477376,0.0015255,0.6450524391276041,3100.5231182520347,2.022464322513485,82.86071462280749,1.0
Llama2-7B,8,2,4,32,32,2432,0.0015255,0.0040872168477376,0.0102499999999999,0.0158627168477376,0.0015255,0.6591324391276041,3034.291564601347,2.0250590584771366,82.96702140597907,1.0
Llama2-7B,8,2,4,32,32,2560,0.0015255,0.0040872168477376,0.0106899999999999,0.0163027168477376,0.0015255,0.6732124391276041,2970.8304299780025,2.027653794440789,83.07332818915067,1.0
Llama2-7B,8,2,4,32,32,2688,0.0015255,0.0040872168477376,0.01113,0.0167427168477376,0.0015255,0.6872924391276042,2909.9694484325264,2.030248530404441,83.17963497232223,1.0
Llama2-7B,8,2,4,32,32,2816,0.0015255,0.0040872168477376,0.01157,0.0171827168477376,0.0015255,0.7013724391276042,2851.5520263209687,2.032843266368093,83.28594175549384,1.0
Llama2-7B,8,2,4,32,32,2944,0.0015255,0.0040872168477376,0.01201,0.0176227168477376,0.0015255,0.7154524391276041,2795.433896959978,2.035438002331745,83.39224853866543,1.0
Llama2-7B,8,2,4,32,32,3072,0.0015255,0.0040872168477376,0.01245,0.0180627168477376,0.0015255,0.7295324391276041,2741.4819310730823,2.0380327382953976,83.498555321837,1.0
Llama2-7B,8,2,4,32,32,3200,0.0015255,0.0040872168477376,0.0128899999999999,0.0185027168477376,0.0015255,0.7436124391276041,2689.5730823792733,2.0406274742590496,83.60486210500859,1.0
Llama2-7B,8,2,4,32,32,3328,0.0015255,0.0040872168477376,0.0133299999999999,0.0189427168477376,0.0015255,0.7576924391276041,2639.5934507446987,2.0432222102227016,83.71116888818017,1.0
Llama2-7B,8,2,4,32,32,3456,0.0015255,0.0040872168477376,0.01377,0.0193827168477376,0.0015255,0.7717724391276042,2591.437447883937,2.045816946186354,83.81747567135177,1.0
Llama2-7B,8,2,4,32,32,3584,0.0015255,0.0040872168477376,0.01421,0.0198227168477376,0.0015255,0.7858524391276042,2545.0070527493094,2.048411682150006,83.92378245452335,1.0
Llama2-7B,8,2,4,32,32,3712,0.0015255,0.0040872168477376,0.01465,0.0202627168477376,0.0015255,0.7999324391276041,2500.2111455577096,2.051006418113658,84.03008923769494,1.0
Llama2-7B,8,2,4,32,32,3840,0.0015255,0.0040872168477376,0.01509,0.0207027168477376,0.0015255,0.8140124391276041,2456.9649109336046,2.05360115407731,84.13639602086653,1.0
Llama2-7B,8,2,4,32,32,3968,0.0015255,0.0040872168477376,0.0155299999999999,0.0211427168477376,0.0015255,0.8280924391276041,2415.189301941944,2.056195890040962,84.24270280403812,1.0
Llama2-7B,8,2,4,32,32,4096,0.0015255,0.0040872168477376,0.0159699999999999,0.0215827168477376,0.0015255,0.8421724391276041,2374.810557885004,2.058790626004614,84.3490095872097,1.0
Llama2-7B,8,4,2,32,32,128,0.0015255,0.0038090618387858,0.00233,0.0076645618387858,0.0015255,0.3967914788411458,10080.861644716384,0.9891769055656996,81.05349930889051,1.0
Llama2-7B,8,4,2,32,32,256,0.0015255,0.0038090618387858,0.00277,0.0081045618387858,0.0015255,0.4108714788411458,9735.404392833289,0.9904742735475256,81.15980609206208,1.0
Llama2-7B,8,4,2,32,32,384,0.0015255,0.0038090618387858,0.00321,0.0085445618387858,0.0015255,0.4249514788411458,9412.839345583896,0.9917716415293518,81.26611287523366,1.0
Llama2-7B,8,4,2,32,32,512,0.0015255,0.0038090618387858,0.00365,0.0089845618387858,0.0015255,0.4390314788411459,9110.964003215164,0.9930690095111776,81.37241965840526,1.0
Llama2-7B,8,4,2,32,32,640,0.0015255,0.0038090618387858,0.00409,0.0094245618387858,0.0015255,0.4531114788411459,8827.849628153737,0.994366377493004,81.47872644157685,1.0
Llama2-7B,8,4,2,32,32,768,0.0015255,0.0038090618387858,0.00453,0.0098645618387858,0.0015255,0.4671914788411458,8561.799992418264,0.99566374547483,81.58503322474843,1.0
Llama2-7B,8,4,2,32,32,896,0.0015255,0.0038090618387858,0.00497,0.0103045618387858,0.0015255,0.4812714788411458,8311.317366305613,0.9969611134566558,81.69134000792003,1.0
Llama2-7B,8,4,2,32,32,1024,0.0015255,0.0038090618387858,0.00541,0.0107445618387858,0.0015255,0.4953514788411458,8075.074307555988,0.998258481438482,81.79764679109162,1.0
Llama2-7B,8,4,2,32,32,1152,0.0015255,0.0038090618387858,0.00585,0.0111845618387858,0.0015255,0.5094314788411458,7851.890128774916,0.999555849420308,81.90395357426321,1.0
Llama2-7B,8,4,2,32,32,1280,0.0015255,0.0038090618387858,0.00629,0.0116245618387858,0.0015255,0.5235114788411459,7640.711162350192,1.0008532174021345,82.01026035743479,1.0
Llama2-7B,8,4,2,32,32,1408,0.0015255,0.0038090618387858,0.00673,0.0120645618387858,0.0015255,0.5375914788411459,7440.594126645316,1.00215058538396,82.11656714060638,1.0
Llama2-7B,8,4,2,32,32,1536,0.0015255,0.0038090618387858,0.00717,0.0125045618387858,0.0015255,0.5516714788411459,7250.692039404492,1.003447953365786,82.22287392377797,1.0
Llama2-7B,8,4,2,32,32,1664,0.0015255,0.0038090618387858,0.00761,0.0129445618387858,0.0015255,0.5657514788411458,7070.242234617538,1.0047453213476123,82.32918070694956,1.0
Llama2-7B,8,4,2,32,32,1792,0.0015255,0.0038090618387858,0.00805,0.0133845618387858,0.0015255,0.5798314788411459,6898.556125297681,1.0060426893294383,82.43548749012113,1.0
Llama2-7B,8,4,2,32,32,1920,0.0015255,0.0038090618387858,0.00849,0.0138245618387858,0.0015255,0.5939114788411459,6735.010422436849,1.0073400573112643,82.54179427329274,1.0
Llama2-7B,8,4,2,32,32,2048,0.0015255,0.0038090618387858,0.00893,0.0142645618387858,0.0015255,0.6079914788411459,6579.039574081116,1.0086374252930903,82.64810105646431,1.0
Llama2-7B,8,4,2,32,32,2176,0.0015255,0.0038090618387858,0.00937,0.0147045618387858,0.0015255,0.6220714788411459,6430.129231212435,1.0099347932749163,82.75440783963589,1.0
Llama2-7B,8,4,2,32,32,2304,0.0015255,0.0038090618387858,0.00981,0.0151445618387858,0.0015255,0.6361514788411459,6287.810581351874,1.0112321612567423,82.86071462280749,1.0
Llama2-7B,8,4,2,32,32,2432,0.0015255,0.0038090618387858,0.0102499999999999,0.0155845618387858,0.0015255,0.6502314788411458,6151.655418357892,1.0125295292385683,82.96702140597907,1.0
Llama2-7B,8,4,2,32,32,2560,0.0015255,0.0038090618387858,0.0106899999999999,0.0160245618387858,0.0015255,0.6643114788411457,6021.271839194736,1.0138268972203943,83.07332818915067,1.0
Llama2-7B,8,4,2,32,32,2688,0.0015255,0.0038090618387858,0.01113,0.0164645618387858,0.0015255,0.6783914788411458,5896.300476581682,1.0151242652022208,83.17963497232223,1.0
Llama2-7B,8,4,2,32,32,2816,0.0015255,0.0038090618387858,0.01157,0.0169045618387858,0.0015255,0.6924714788411459,5776.411191250819,1.0164216331840468,83.28594175549384,1.0
Llama2-7B,8,4,2,32,32,2944,0.0015255,0.0038090618387858,0.01201,0.0173445618387858,0.0015255,0.7065514788411458,5661.300159700496,1.0177190011658723,83.39224853866543,1.0
Llama2-7B,8,4,2,32,32,3072,0.0015255,0.0038090618387858,0.01245,0.0177845618387858,0.0015255,0.7206314788411459,5550.687303352938,1.0190163691476988,83.498555321837,1.0
Llama2-7B,8,4,2,32,32,3200,0.0015255,0.0038090618387858,0.0128899999999999,0.0182245618387858,0.0015255,0.7347114788411457,5444.3140133174,1.0203137371295248,83.60486210500859,1.0
Llama2-7B,8,4,2,32,32,3328,0.0015255,0.0038090618387858,0.0133299999999999,0.0186645618387858,0.0015255,0.7487914788411458,5341.941131849591,1.0216111051113508,83.71116888818017,1.0
Llama2-7B,8,4,2,32,32,3456,0.0015255,0.0038090618387858,0.01377,0.0191045618387858,0.0015255,0.7628714788411459,5243.347157343297,1.022908473093177,83.81747567135177,1.0
Llama2-7B,8,4,2,32,32,3584,0.0015255,0.0038090618387858,0.01421,0.0195445618387858,0.0015255,0.7769514788411458,5148.326644498006,1.024205841075003,83.92378245452335,1.0
Llama2-7B,8,4,2,32,32,3712,0.0015255,0.0038090618387858,0.01465,0.0199845618387858,0.0015255,0.7910314788411459,5056.688775344269,1.025503209056829,84.03008923769494,1.0
Llama2-7B,8,4,2,32,32,3840,0.0015255,0.0038090618387858,0.01509,0.0204245618387858,0.0015255,0.8051114788411458,4968.256080210761,1.026800577038655,84.13639602086653,1.0
Llama2-7B,8,4,2,32,32,3968,0.0015255,0.0038090618387858,0.0155299999999999,0.0208645618387858,0.0015255,0.8191914788411458,4882.863290592972,1.028097945020481,84.24270280403812,1.0
Llama2-7B,8,4,2,32,32,4096,0.0015255,0.0038090618387858,0.0159699999999999,0.0213045618387858,0.0015255,0.8332714788411457,4800.356308322125,1.029395313002307,84.3490095872097,1.0
Llama2-7B,8,8,1,32,32,128,0.0015255,0.0032527518208821,0.00233,0.0071082518208821,0.0015255,0.3789895582682292,21108.7609815836,0.4945884527828498,81.05349930889051,1.0
Llama2-7B,8,8,1,32,32,256,0.0015255,0.0032527518208821,0.00277,0.0075482518208821,0.0015255,0.3930695582682292,20352.631822332143,0.4952371367737628,81.15980609206208,1.0
Llama2-7B,8,8,1,32,32,384,0.0015255,0.0032527518208821,0.00321,0.0079882518208821,0.0015255,0.4071495582682292,19648.799409306048,0.4958858207646759,81.26611287523366,1.0
Llama2-7B,8,8,1,32,32,512,0.0015255,0.0032527518208821,0.00365,0.0084282518208821,0.0015255,0.4212295582682291,18992.019536543983,0.4965345047555888,81.37241965840526,1.0
Llama2-7B,8,8,1,32,32,640,0.0015255,0.0032527518208821,0.00409,0.0088682518208821,0.0015255,0.4353095582682291,18377.7264892276,0.4971831887465019,81.47872644157685,1.0
Llama2-7B,8,8,1,32,32,768,0.0015255,0.0032527518208821,0.00453,0.0093082518208821,0.0015255,0.4493895582682291,17801.926753324795,0.4978318727374149,81.58503322474843,1.0
Llama2-7B,8,8,1,32,32,896,0.0015255,0.0032527518208821,0.00497,0.0097482518208821,0.0015255,0.4634695582682292,17261.11209955685,0.4984805567283279,81.69134000792003,1.0
Llama2-7B,8,8,1,32,32,1024,0.0015255,0.0032527518208821,0.00541,0.0101882518208821,0.0015255,0.4775495582682292,16752.188043081747,0.499129240719241,81.79764679109162,1.0
Llama2-7B,8,8,1,32,32,1152,0.0015255,0.0032527518208821,0.00585,0.0106282518208821,0.0015255,0.4916295582682292,16272.414596429257,0.499777924710154,81.90395357426321,1.0
Llama2-7B,8,8,1,32,32,1280,0.0015255,0.0032527518208821,0.00629,0.0110682518208821,0.0015255,0.5057095582682292,15819.356919800965,0.5004266087010671,82.01026035743479,1.0
Llama2-7B,8,8,1,32,32,1408,0.0015255,0.0032527518208821,0.00673,0.0115082518208821,0.0015255,0.5197895582682291,15390.843992044423,0.50107529269198,82.11656714060638,1.0
Llama2-7B,8,8,1,32,32,1536,0.0015255,0.0032527518208821,0.00717,0.0119482518208821,0.0015255,0.5338695582682291,14984.933821569584,0.501723976682893,82.22287392377797,1.0
Llama2-7B,8,8,1,32,32,1664,0.0015255,0.0032527518208821,0.00761,0.0123882518208821,0.0015255,0.5479495582682292,14599.884020864352,0.5023726606738061,82.32918070694956,1.0
Llama2-7B,8,8,1,32,32,1792,0.0015255,0.0032527518208821,0.00805,0.0128282518208821,0.0015255,0.5620295582682292,14234.126804024763,0.5030213446647191,82.43548749012113,1.0
Llama2-7B,8,8,1,32,32,1920,0.0015255,0.0032527518208821,0.00849,0.0132682518208821,0.0015255,0.5761095582682292,13886.24765061666,0.5036700286556322,82.54179427329274,1.0
Llama2-7B,8,8,1,32,32,2048,0.0015255,0.0032527518208821,0.00893,0.0137082518208821,0.0015255,0.5901895582682292,13554.967023601868,0.5043187126465452,82.64810105646431,1.0
Llama2-7B,8,8,1,32,32,2176,0.0015255,0.0032527518208821,0.00937,0.0141482518208821,0.0015255,0.6042695582682291,13239.124643192568,0.5049673966374583,82.75440783963589,1.0
Llama2-7B,8,8,1,32,32,2304,0.0015255,0.0032527518208821,0.00981,0.0145882518208821,0.0015255,0.6183495582682291,12937.665909239222,0.5056160806283713,82.86071462280749,1.0
Llama2-7B,8,8,1,32,32,2432,0.0015255,0.0032527518208821,0.0102499999999999,0.0150282518208821,0.0015255,0.6324295582682291,12649.630137317208,0.5062647646192842,82.96702140597907,1.0
Llama2-7B,8,8,1,32,32,2560,0.0015255,0.0032527518208821,0.0106899999999999,0.0154682518208821,0.0015255,0.6465095582682291,12374.140332014853,0.5069134486101973,83.07332818915067,1.0
Llama2-7B,8,8,1,32,32,2688,0.0015255,0.0032527518208821,0.01113,0.0159082518208821,0.0015255,0.6605895582682292,12110.394268072338,0.5075621326011104,83.17963497232223,1.0
Llama2-7B,8,8,1,32,32,2816,0.0015255,0.0032527518208821,0.01157,0.0163482518208821,0.0015255,0.6746695582682292,11857.65668831234,0.5082108165920234,83.28594175549384,1.0
Llama2-7B,8,8,1,32,32,2944,0.0015255,0.0032527518208821,0.01201,0.0167882518208821,0.0015255,0.6887495582682291,11615.2524585496,0.5088595005829363,83.39224853866543,1.0
Llama2-7B,8,8,1,32,32,3072,0.0015255,0.0032527518208821,0.01245,0.0172282518208821,0.0015255,0.7028295582682291,11382.560545279266,0.5095081845738494,83.498555321837,1.0
Llama2-7B,8,8,1,32,32,3200,0.0015255,0.0032527518208821,0.0128899999999999,0.0176682518208821,0.0015255,0.7169095582682291,11159.008703029216,0.5101568685647624,83.60486210500859,1.0
Llama2-7B,8,8,1,32,32,3328,0.0015255,0.0032527518208821,0.0133299999999999,0.0181082518208821,0.0015255,0.7309895582682291,10944.068775691709,0.5108055525556754,83.71116888818017,1.0
Llama2-7B,8,8,1,32,32,3456,0.0015255,0.0032527518208821,0.01377,0.0185482518208821,0.0015255,0.7450695582682292,10737.252530615344,0.5114542365465885,83.81747567135177,1.0
Llama2-7B,8,8,1,32,32,3584,0.0015255,0.0032527518208821,0.01421,0.0189882518208821,0.0015255,0.7591495582682292,10538.107956289388,0.5121029205375015,83.92378245452335,1.0
Llama2-7B,8,8,1,32,32,3712,0.0015255,0.0032527518208821,0.01465,0.0194282518208821,0.0015255,0.7732295582682291,10346.215964528406,0.5127516045284145,84.03008923769494,1.0
Llama2-7B,8,8,1,32,32,3840,0.0015255,0.0032527518208821,0.01509,0.0198682518208821,0.0015255,0.7873095582682291,10161.187446519572,0.5134002885193275,84.13639602086653,1.0
Llama2-7B,8,8,1,32,32,3968,0.0015255,0.0032527518208821,0.0155299999999999,0.0203082518208821,0.0015255,0.8013895582682291,9982.66063921232,0.5140489725102405,84.24270280403812,1.0
Llama2-7B,8,8,1,32,32,4096,0.0015255,0.0032527518208821,0.0159699999999999,0.0207482518208821,0.0015255,0.8154695582682291,9810.298764541489,0.5146976565011535,84.3490095872097,1.0
Llama2-7B,8,32,1,32,8,128,0.0019095,0.00032238887363,0.00932,0.0115518888736301,0.0019095,0.5215699439561632,61353.228595337794,0.1644382084227793,86.11584625440139,1.0
Llama2-7B,8,32,1,32,8,256,0.0019095,0.00032238887363,0.01108,0.0133118888736301,0.0019095,0.5778899439561632,55373.86544734098,0.1646003794205076,86.20077476852983,1.0
Llama2-7B,8,32,1,32,8,384,0.0019095,0.00032238887363,0.01284,0.0150718888736301,0.0019095,0.6342099439561633,50456.4778665972,0.1647625504182359,86.28570328265826,1.0
Llama2-7B,8,32,1,32,8,512,0.0019095,0.00032238887363,0.0146,0.0168318888736301,0.0019095,0.6905299439561632,46341.21992837352,0.1649247214159641,86.3706317967867,1.0
Llama2-7B,8,32,1,32,8,640,0.0019095,0.00032238887363,0.01636,0.0185918888736301,0.0019095,0.7468499439561632,42846.62569631024,0.1650868924136924,86.45556031091515,1.0
Llama2-7B,8,32,1,32,8,768,0.0019095,0.00032238887363,0.01812,0.0203518888736301,0.0019095,0.8031699439561633,39842.12835751552,0.1652490634114206,86.54048882504358,1.0
Llama2-7B,8,32,1,32,8,896,0.0019095,0.00032238887363,0.01988,0.0221118888736301,0.0019095,0.8594899439561633,37231.383828304686,0.1654112344091489,86.62541733917202,1.0
Llama2-7B,8,32,1,32,8,1024,0.0019095,0.00032238887363,0.02164,0.0238718888736301,0.0019095,0.9158099439561632,34941.74769686901,0.1655734054068771,86.71034585330047,1.0
Llama2-7B,8,32,1,32,8,1152,0.0019095,0.00032238887363,0.0234,0.0256318888736301,0.0019095,0.9721299439561631,32917.41006328161,0.1657355764046054,86.7952743674289,1.0
Llama2-7B,8,32,1,32,8,1280,0.0019095,0.00032238887363,0.02516,0.0273918888736301,0.0019095,1.0284499439561632,31114.78607982108,0.1658977474023337,86.88020288155735,1.0
Llama2-7B,8,32,1,32,8,1408,0.0019095,0.00032238887363,0.02692,0.0291518888736301,0.0019095,1.084769943956163,29499.342398163968,0.1660599184000619,86.96513139568579,1.0
Llama2-7B,8,32,1,32,8,1536,0.0019095,0.00032238887363,0.02868,0.0309118888736301,0.0019095,1.1410899439561633,28043.363425897765,0.1662220893977901,87.05005990981421,1.0
Llama2-7B,8,32,1,32,8,1664,0.0019095,0.00032238887363,0.03044,0.0326718888736301,0.0019095,1.1974099439561632,26724.34796580536,0.1663842603955184,87.13498842394267,1.0
Llama2-7B,8,32,1,32,8,1792,0.0019095,0.00032238887363,0.0322,0.0344318888736301,0.0019095,1.253729943956163,25523.83801173603,0.1665464313932467,87.2199169380711,1.0
Llama2-7B,8,32,1,32,8,1920,0.0019095,0.00032238887363,0.03396,0.0361918888736301,0.0019095,1.3100499439561633,24426.549649980963,0.1667086023909749,87.30484545219954,1.0
Llama2-7B,8,32,1,32,8,2048,0.0019095,0.00032238887363,0.03572,0.0379518888736301,0.0019095,1.3663699439561632,23419.71889936906,0.1668707733887032,87.38977396632798,1.0
Llama2-7B,8,32,1,32,8,2176,0.0019095,0.00032238887363,0.03748,0.0397118888736301,0.0019095,1.422689943956163,22492.60292865752,0.1670329443864315,87.47470248045641,1.0
Llama2-7B,8,32,1,32,8,2304,0.0019095,0.00032238887363,0.03924,0.0414718888736301,0.0019095,1.479009943956163,21636.09523435933,0.1671951153841597,87.55963099458485,1.0
Llama2-7B,8,32,1,32,8,2432,0.0019095,0.00032238887363,0.0409999999999999,0.04323188887363,0.0019095,1.535329943956163,20842.4255163968,0.167357286381888,87.6445595087133,1.0
Llama2-7B,8,32,1,32,8,2560,0.0019095,0.00032238887363,0.0427599999999999,0.04499188887363,0.0019095,1.5916499439561629,20104.923272551783,0.1675194573796162,87.72948802284174,1.0
Llama2-7B,8,32,1,32,8,2688,0.0019095,0.00032238887363,0.04452,0.0467518888736301,0.0019095,1.6479699439561633,19417.829868413675,0.1676816283773445,87.81441653697017,1.0
Llama2-7B,8,32,1,32,8,2816,0.0019095,0.00032238887363,0.04628,0.0485118888736301,0.0019095,1.7042899439561632,18776.14786936928,0.1678437993750727,87.89934505109863,1.0
Llama2-7B,8,32,1,32,8,2944,0.0019095,0.00032238887363,0.04804,0.0502718888736301,0.0019095,1.760609943956163,18175.51929082865,0.168005970372801,87.98427356522706,1.0
Llama2-7B,8,32,1,32,8,3072,0.0019095,0.00032238887363,0.0498,0.0520318888736301,0.0019095,1.816929943956163,17612.12649196785,0.1681681413705292,88.0692020793555,1.0
Llama2-7B,8,32,1,32,8,3200,0.0019095,0.00032238887363,0.0515599999999999,0.05379188887363,0.0019095,1.873249943956163,17082.610947484354,0.1683303123682575,88.15413059348394,1.0
Llama2-7B,8,32,1,32,8,3328,0.0019095,0.00032238887363,0.0533199999999999,0.05555188887363,0.0019095,1.9295699439561629,16584.006244619963,0.1684924833659858,88.23905910761238,1.0
Llama2-7B,8,32,1,32,8,3456,0.0019095,0.00032238887363,0.05508,0.0573118888736301,0.0019095,1.985889943956164,16113.682481442876,0.168654654363714,88.32398762174081,1.0
Llama2-7B,8,32,1,32,8,3584,0.0019095,0.00032238887363,0.05684,0.0590718888736301,0.0019095,2.042209943956163,15669.299865424067,0.1688168253614423,88.40891613586926,1.0
Llama2-7B,8,32,1,32,8,3712,0.0019095,0.00032238887363,0.0586,0.0608318888736301,0.0019095,2.098529943956163,15248.76978389614,0.1689789963591705,88.4938446499977,1.0
Llama2-7B,8,32,1,32,8,3840,0.0019095,0.00032238887363,0.06036,0.0625918888736301,0.0019095,2.154849943956163,14850.221979378342,0.1691411673568988,88.57877316412613,1.0
Llama2-7B,8,32,1,32,8,3968,0.0019095,0.00032238887363,0.0621199999999999,0.0643518888736301,0.0019095,2.211169943956163,14471.976741302164,0.169303338354627,88.66370167825458,1.0
Llama2-7B,8,32,1,32,8,4096,0.0019095,0.00032238887363,0.0638799999999999,0.06611188887363,0.0019095,2.267489943956163,14112.521241954692,0.1694655093523553,88.74863019238302,1.0
