nohup: ignoring input
Generating traces for Llama2-7B with 2 threads...

Generate trace in run_sim, model name=Llama2-7B sending as model --Llama

====================================== MODEL CONF ======================================
{
    "model_name": "Llama2-7B",
    "n_heads": 32,
    "num_channels": 32,
    "channels_per_block": 8,
    "fc_devices": [],
    "reuse_size": 32,
    "embedding": true,
    "only-FC": false,
    "only-trace": true,
    "model_parallel": false,
    "pipeline_parallel": true,
    "multi_tb_per_device": true
}
====================================== END CONF ======================================
====================================== MODEL CONF ======================================
{
    "model_name": "Llama2-7B",
    "n_heads": 32,
    "num_channels": 32,
    "channels_per_block": 8,
    "fc_devices": [],
    "reuse_size": 32,
    "embedding": false,
    "only-FC": false,
    "only-trace": true,
    "model_parallel": false,
    "pipeline_parallel": true,
    "multi_tb_per_device": true
}
====================================== END CONF ======================================
====================================== MODEL CONF ======================================
{
    "model_name": "Llama2-7B",
    "n_heads": 32,
    "num_channels": 32,
    "channels_per_block": 8,
    "fc_devices": [],
    "reuse_size": 32,
    "embedding": false,
    "only-FC": false,
    "only-trace": true,
    "model_parallel": false,
    "pipeline_parallel": true,
    "multi_tb_per_device": true
}
====================================== END CONF ======================================
====================================== MODEL CONF ======================================
{
    "model_name": "Llama2-7B",
    "n_heads": 32,
    "num_channels": 32,
    "channels_per_block": 8,
    "fc_devices": [],
    "reuse_size": 32,
    "embedding": false,
    "only-FC": false,
    "only-trace": true,
    "model_parallel": false,
    "pipeline_parallel": true,
    "multi_tb_per_device": true
}
====================================== END CONF ======================================
====================================== MODEL CONF ======================================
{
    "model_name": "Llama2-7B",
    "n_heads": 32,
    "num_channels": 32,
    "channels_per_block": 8,
    "fc_devices": [],
    "reuse_size": 32,
    "embedding": false,
    "only-FC": false,
    "only-trace": true,
    "model_parallel": false,
    "pipeline_parallel": true,
    "multi_tb_per_device": true
}
====================================== END CONF ======================================
====================================== MODEL CONF ======================================
{
    "model_name": "Llama2-7B",
    "n_heads": 32,
    "num_channels": 32,
    "channels_per_block": 8,
    "fc_devices": [],
    "reuse_size": 32,
    "embedding": false,
    "only-FC": false,
    "only-trace": true,
    "model_parallel": false,
    "pipeline_parallel": true,
    "multi_tb_per_device": true
}
====================================== END CONF ======================================
====================================== MODEL CONF ======================================
{
    "model_name": "Llama2-7B",
    "n_heads": 32,
    "num_channels": 32,
    "channels_per_block": 8,
    "fc_devices": [],
    "reuse_size": 32,
    "embedding": false,
    "only-FC": false,
    "only-trace": true,
    "model_parallel": false,
    "pipeline_parallel": true,
    "multi_tb_per_device": true
}
====================================== END CONF ======================================
====================================== MODEL CONF ======================================
{
    "model_name": "Llama2-7B",
    "n_heads": 32,
    "num_channels": 32,
    "channels_per_block": 8,
    "fc_devices": [],
    "reuse_size": 32,
    "embedding": false,
    "only-FC": false,
    "only-trace": true,
    "model_parallel": false,
    "pipeline_parallel": true,
    "multi_tb_per_device": true
}
====================================== END CONF ======================================
====================================== MODEL CONF ======================================
{
    "model_name": "Llama2-7B",
    "n_heads": 32,
    "num_channels": 32,
    "channels_per_block": 8,
    "fc_devices": [],
    "reuse_size": 32,
    "embedding": false,
    "only-FC": false,
    "only-trace": true,
    "model_parallel": false,
    "pipeline_parallel": true,
    "multi_tb_per_device": true
}
====================================== END CONF ======================================
====================================== MODEL CONF ======================================
{
    "model_name": "Llama2-7B",
    "n_heads": 32,
    "num_channels": 32,
    "channels_per_block": 8,
    "fc_devices": [],
    "reuse_size": 32,
    "embedding": false,
    "only-FC": false,
    "only-trace": true,
    "model_parallel": false,
    "pipeline_parallel": true,
    "multi_tb_per_device": true
}
====================================== END CONF ======================================
====================================== MODEL CONF ======================================
{
    "model_name": "Llama2-7B",
    "n_heads": 32,
    "num_channels": 32,
    "channels_per_block": 8,
    "fc_devices": [],
    "reuse_size": 32,
    "embedding": false,
    "only-FC": false,
    "only-trace": true,
    "model_parallel": false,
    "pipeline_parallel": true,
    "multi_tb_per_device": true
}
====================================== END CONF ======================================
====================================== MODEL CONF ======================================
{
    "model_name": "Llama2-7B",
    "n_heads": 32,
    "num_channels": 32,
    "channels_per_block": 8,
    "fc_devices": [],
    "reuse_size": 32,
    "embedding": false,
    "only-FC": false,
    "only-trace": true,
    "model_parallel": false,
    "pipeline_parallel": true,
    "multi_tb_per_device": true
}
====================================== END CONF ======================================
====================================== MODEL CONF ======================================
{
    "model_name": "Llama2-7B",
    "n_heads": 32,
    "num_channels": 32,
    "channels_per_block": 8,
    "fc_devices": [],
    "reuse_size": 32,
    "embedding": false,
    "only-FC": false,
    "only-trace": true,
    "model_parallel": false,
    "pipeline_parallel": true,
    "multi_tb_per_device": true
}
====================================== END CONF ======================================
====================================== MODEL CONF ======================================
{
    "model_name": "Llama2-7B",
    "n_heads": 32,
    "num_channels": 32,
    "channels_per_block": 8,
    "fc_devices": [],
    "reuse_size": 32,
    "embedding": false,
    "only-FC": false,
    "only-trace": true,
    "model_parallel": false,
    "pipeline_parallel": true,
    "multi_tb_per_device": true
}
====================================== END CONF ======================================
====================================== MODEL CONF ======================================
{
    "model_name": "Llama2-7B",
    "n_heads": 32,
    "num_channels": 32,
    "channels_per_block": 8,
    "fc_devices": [],
    "reuse_size": 32,
    "embedding": false,
    "only-FC": false,
    "only-trace": true,
    "model_parallel": false,
    "pipeline_parallel": true,
    "multi_tb_per_device": true
}
====================================== END CONF ======================================
====================================== MODEL CONF ======================================
{
    "model_name": "Llama2-7B",
    "n_heads": 32,
    "num_channels": 32,
    "channels_per_block": 8,
    "fc_devices": [],
    "reuse_size": 32,
    "embedding": false,
    "only-FC": false,
    "only-trace": true,
    "model_parallel": false,
    "pipeline_parallel": true,
    "multi_tb_per_device": true
}
====================================== END CONF ======================================
====================================== MODEL CONF ======================================
{
    "model_name": "Llama2-7B",
    "n_heads": 32,
    "num_channels": 32,
    "channels_per_block": 8,
    "fc_devices": [],
    "reuse_size": 32,
    "embedding": false,
    "only-FC": false,
    "only-trace": true,
    "model_parallel": false,
    "pipeline_parallel": true,
    "multi_tb_per_device": true
}
====================================== END CONF ======================================
====================================== MODEL CONF ======================================
{
    "model_name": "Llama2-7B",
    "n_heads": 32,
    "num_channels": 32,
    "channels_per_block": 8,
    "fc_devices": [],
    "reuse_size": 32,
    "embedding": false,
    "only-FC": false,
    "only-trace": true,
    "model_parallel": false,
    "pipeline_parallel": true,
    "multi_tb_per_device": true
}
====================================== END CONF ======================================
====================================== MODEL CONF ======================================
{
    "model_name": "Llama2-7B",
    "n_heads": 32,
    "num_channels": 32,
    "channels_per_block": 8,
    "fc_devices": [],
    "reuse_size": 32,
    "embedding": false,
    "only-FC": false,
    "only-trace": true,
    "model_parallel": false,
    "pipeline_parallel": true,
    "multi_tb_per_device": true
}
====================================== END CONF ======================================
====================================== MODEL CONF ======================================
{
    "model_name": "Llama2-7B",
    "n_heads": 32,
    "num_channels": 32,
    "channels_per_block": 8,
    "fc_devices": [],
    "reuse_size": 32,
    "embedding": false,
    "only-FC": false,
    "only-trace": true,
    "model_parallel": false,
    "pipeline_parallel": true,
    "multi_tb_per_device": true
}
====================================== END CONF ======================================
====================================== MODEL CONF ======================================
{
    "model_name": "Llama2-7B",
    "n_heads": 32,
    "num_channels": 32,
    "channels_per_block": 8,
    "fc_devices": [],
    "reuse_size": 32,
    "embedding": false,
    "only-FC": false,
    "only-trace": true,
    "model_parallel": false,
    "pipeline_parallel": true,
    "multi_tb_per_device": true
}
====================================== END CONF ======================================
====================================== MODEL CONF ======================================
{
    "model_name": "Llama2-7B",
    "n_heads": 32,
    "num_channels": 32,
    "channels_per_block": 8,
    "fc_devices": [],
    "reuse_size": 32,
    "embedding": false,
    "only-FC": false,
    "only-trace": true,
    "model_parallel": false,
    "pipeline_parallel": true,
    "multi_tb_per_device": true
}
====================================== END CONF ======================================
====================================== MODEL CONF ======================================
{
    "model_name": "Llama2-7B",
    "n_heads": 32,
    "num_channels": 32,
    "channels_per_block": 8,
    "fc_devices": [],
    "reuse_size": 32,
    "embedding": false,
    "only-FC": false,
    "only-trace": true,
    "model_parallel": false,
    "pipeline_parallel": true,
    "multi_tb_per_device": true
}
====================================== END CONF ======================================
====================================== MODEL CONF ======================================
{
    "model_name": "Llama2-7B",
    "n_heads": 32,
    "num_channels": 32,
    "channels_per_block": 8,
    "fc_devices": [],
    "reuse_size": 32,
    "embedding": false,
    "only-FC": false,
    "only-trace": true,
    "model_parallel": false,
    "pipeline_parallel": true,
    "multi_tb_per_device": true
}
====================================== END CONF ======================================
====================================== MODEL CONF ======================================
{
    "model_name": "Llama2-7B",
    "n_heads": 32,
    "num_channels": 32,
    "channels_per_block": 8,
    "fc_devices": [],
    "reuse_size": 32,
    "embedding": false,
    "only-FC": false,
    "only-trace": true,
    "model_parallel": false,
    "pipeline_parallel": true,
    "multi_tb_per_device": true
}
====================================== END CONF ======================================
====================================== MODEL CONF ======================================
{
    "model_name": "Llama2-7B",
    "n_heads": 32,
    "num_channels": 32,
    "channels_per_block": 8,
    "fc_devices": [],
    "reuse_size": 32,
    "embedding": false,
    "only-FC": false,
    "only-trace": true,
    "model_parallel": false,
    "pipeline_parallel": true,
    "multi_tb_per_device": true
}
====================================== END CONF ======================================
====================================== MODEL CONF ======================================
{
    "model_name": "Llama2-7B",
    "n_heads": 32,
    "num_channels": 32,
    "channels_per_block": 8,
    "fc_devices": [],
    "reuse_size": 32,
    "embedding": false,
    "only-FC": false,
    "only-trace": true,
    "model_parallel": false,
    "pipeline_parallel": true,
    "multi_tb_per_device": true
}
====================================== END CONF ======================================
====================================== MODEL CONF ======================================
{
    "model_name": "Llama2-7B",
    "n_heads": 32,
    "num_channels": 32,
    "channels_per_block": 8,
    "fc_devices": [],
    "reuse_size": 32,
    "embedding": false,
    "only-FC": false,
    "only-trace": true,
    "model_parallel": false,
    "pipeline_parallel": true,
    "multi_tb_per_device": true
}
====================================== END CONF ======================================
====================================== MODEL CONF ======================================
{
    "model_name": "Llama2-7B",
    "n_heads": 32,
    "num_channels": 32,
    "channels_per_block": 8,
    "fc_devices": [],
    "reuse_size": 32,
    "embedding": false,
    "only-FC": false,
    "only-trace": true,
    "model_parallel": false,
    "pipeline_parallel": true,
    "multi_tb_per_device": true
}
====================================== END CONF ======================================
====================================== MODEL CONF ======================================
{
    "model_name": "Llama2-7B",
    "n_heads": 32,
    "num_channels": 32,
    "channels_per_block": 8,
    "fc_devices": [],
    "reuse_size": 32,
    "embedding": false,
    "only-FC": false,
    "only-trace": true,
    "model_parallel": false,
    "pipeline_parallel": true,
    "multi_tb_per_device": true
}
====================================== END CONF ======================================
====================================== MODEL CONF ======================================
{
    "model_name": "Llama2-7B",
    "n_heads": 32,
    "num_channels": 32,
    "channels_per_block": 8,
    "fc_devices": [],
    "reuse_size": 32,
    "embedding": false,
    "only-FC": false,
    "only-trace": true,
    "model_parallel": false,
    "pipeline_parallel": true,
    "multi_tb_per_device": true
}
====================================== END CONF ======================================
====================================== MODEL CONF ======================================
{
    "model_name": "Llama2-7B",
    "n_heads": 32,
    "num_channels": 32,
    "channels_per_block": 8,
    "fc_devices": [],
    "reuse_size": 32,
    "embedding": false,
    "only-FC": false,
    "only-trace": true,
    "model_parallel": false,
    "pipeline_parallel": true,
    "multi_tb_per_device": true
}
====================================== END CONF ======================================
====================================== MODEL CONF ======================================
{
    "model_name": "Llama2-7B",
    "n_heads": 32,
    "num_channels": 32,
    "channels_per_block": 8,
    "fc_devices": [],
    "reuse_size": 32,
    "embedding": false,
    "only-FC": false,
    "only-trace": true,
    "model_parallel": false,
    "pipeline_parallel": true,
    "multi_tb_per_device": true
}

 generate trace in function_sim, model name=None

How COPY_GB_BK_only_trace hexadecimal channel mask looks for [0, 1, 2, 3, 4, 5, 6, 7, 8, 9, 10, 11, 12, 13, 14, 15, 16, 17, 18, 19, 20, 21, 22, 23, 24, 25, 26, 27, 28, 29, 30, 31] channels: 0xffffffff
How COPY_GB_BK_only_trace hexadecimal channel mask looks for [0, 1, 2, 3, 4, 5, 6, 7, 8, 9, 10, 11, 12, 13, 14, 15, 16, 17, 18, 19, 20, 21, 22, 23, 24, 25, 26, 27, 28, 29, 30, 31] channels: 0xffffffff
How COPY_GB_BK_only_trace hexadecimal channel mask looks for [0, 1, 2, 3, 4, 5, 6, 7, 8, 9, 10, 11, 12, 13, 14, 15, 16, 17, 18, 19, 20, 21, 22, 23, 24, 25, 26, 27, 28, 29, 30, 31] channels: 0xffffffff
How COPY_GB_BK_only_trace hexadecimal channel mask looks for [0, 1, 2, 3, 4, 5, 6, 7, 8, 9, 10, 11, 12, 13, 14, 15, 16, 17, 18, 19, 20, 21, 22, 23, 24, 25, 26, 27, 28, 29, 30, 31] channels: 0xffffffff

 generate trace in function_sim, model name=None

Entered trace only in Llama.py
How COPY_GB_BK_only_trace hexadecimal channel mask looks for [0, 1, 2, 3, 4, 5, 6, 7, 8, 9, 10, 11, 12, 13, 14, 15, 16, 17, 18, 19, 20, 21, 22, 23, 24, 25, 26, 27, 28, 29, 30, 31] channels: 0xffffffff
How COPY_GB_BK_only_trace hexadecimal channel mask looks for [0, 1, 2, 3, 4, 5, 6, 7, 8, 9, 10, 11, 12, 13, 14, 15, 16, 17, 18, 19, 20, 21, 22, 23, 24, 25, 26, 27, 28, 29, 30, 31] channels: 0xffffffff
How COPY_GB_BK_only_trace hexadecimal channel mask looks for [0, 1, 2, 3, 4, 5, 6, 7, 8, 9, 10, 11, 12, 13, 14, 15, 16, 17, 18, 19, 20, 21, 22, 23, 24, 25, 26, 27, 28, 29, 30, 31] channels: 0xffffffff
How COPY_GB_BK_only_trace hexadecimal channel mask looks for [0, 1, 2, 3, 4, 5, 6, 7, 8, 9, 10, 11, 12, 13, 14, 15, 16, 17, 18, 19, 20, 21, 22, 23, 24, 25, 26, 27, 28, 29, 30, 31] channels: 0xffffffff
Entered trace only in Llama.py: trace_fc_kqvo is true, model name =None 
Model name =None with model parallel enable: False,  Dimension =4096, Total banks =128
============================== ROT EMB ==== None ====================================

EQUIVALENCE author=128, intermediate=128, mine=128

Number of banks per device:  16
Number of blocks per device:  4
Channels required for rotation of single block:  8
Channels required for rotation of all blocks:  32
All channels list for multi transformer blocks for rotation:  [0, 1, 2, 3, 4, 5, 6, 7, 8, 9, 10, 11, 12, 13, 14, 15, 16, 17, 18, 19, 20, 21, 22, 23, 24, 25, 26, 27, 28, 29, 30, 31]
EWMUL length=128 and utilized banks=32

Total banks: 128, Channels per block: 8, Banks per device: 16
EWMUL length=128 and utilized banks=32 and per channel banks=4

CopyGB RD Q: Bank 0, Row index 387, Op size 16
How COPY_MIN_GB_only_trace hexadecimal channel mask looks for [0, 1, 2, 3, 4, 5, 6, 7, 8, 9, 10, 11, 12, 13, 14, 15, 16, 17, 18, 19, 20, 21, 22, 23, 24, 25, 26, 27, 28, 29, 30, 31] channels: 0xffffffff
CopyGB RD Q: Bank 0, Total burst till now: 16
CopyGB RD Q: Bank 4, Row index 387, Op size 16
How COPY_MIN_GB_only_trace hexadecimal channel mask looks for [0, 1, 2, 3, 4, 5, 6, 7, 8, 9, 10, 11, 12, 13, 14, 15, 16, 17, 18, 19, 20, 21, 22, 23, 24, 25, 26, 27, 28, 29, 30, 31] channels: 0xffffffff
CopyGB RD Q: Bank 4, Total burst till now: 32
CopyGB RD Q: Bank 8, Row index 387, Op size 16
How COPY_MIN_GB_only_trace hexadecimal channel mask looks for [0, 1, 2, 3, 4, 5, 6, 7, 8, 9, 10, 11, 12, 13, 14, 15, 16, 17, 18, 19, 20, 21, 22, 23, 24, 25, 26, 27, 28, 29, 30, 31] channels: 0xffffffff
CopyGB RD Q: Bank 8, Total burst till now: 48
CopyGB RD Q: Bank 12, Row index 387, Op size 16
How COPY_MIN_GB_only_trace hexadecimal channel mask looks for [0, 1, 2, 3, 4, 5, 6, 7, 8, 9, 10, 11, 12, 13, 14, 15, 16, 17, 18, 19, 20, 21, 22, 23, 24, 25, 26, 27, 28, 29, 30, 31] channels: 0xffffffff
CopyGB RD Q: Bank 12, Total burst till now: 64
CopyGB RD K: Bank 0, Row index 388, Op size 16
How COPY_MIN_GB_only_trace hexadecimal channel mask looks for [0, 1, 2, 3, 4, 5, 6, 7, 8, 9, 10, 11, 12, 13, 14, 15, 16, 17, 18, 19, 20, 21, 22, 23, 24, 25, 26, 27, 28, 29, 30, 31] channels: 0xffffffff
CopyGB RD K: Bank 0, Total burst till now: 16
CopyGB RD K: Bank 4, Row index 388, Op size 16
How COPY_MIN_GB_only_trace hexadecimal channel mask looks for [0, 1, 2, 3, 4, 5, 6, 7, 8, 9, 10, 11, 12, 13, 14, 15, 16, 17, 18, 19, 20, 21, 22, 23, 24, 25, 26, 27, 28, 29, 30, 31] channels: 0xffffffff
CopyGB RD K: Bank 4, Total burst till now: 32
CopyGB RD K: Bank 8, Row index 388, Op size 16
How COPY_MIN_GB_only_trace hexadecimal channel mask looks for [0, 1, 2, 3, 4, 5, 6, 7, 8, 9, 10, 11, 12, 13, 14, 15, 16, 17, 18, 19, 20, 21, 22, 23, 24, 25, 26, 27, 28, 29, 30, 31] channels: 0xffffffff
CopyGB RD K: Bank 8, Total burst till now: 48
CopyGB RD K: Bank 12, Row index 388, Op size 16
How COPY_MIN_GB_only_trace hexadecimal channel mask looks for [0, 1, 2, 3, 4, 5, 6, 7, 8, 9, 10, 11, 12, 13, 14, 15, 16, 17, 18, 19, 20, 21, 22, 23, 24, 25, 26, 27, 28, 29, 30, 31] channels: 0xffffffff
CopyGB RD K: Bank 12, Total burst till now: 64
CopyGB RD INV Q: Bank 2, Row index 387, Op size 16
How COPY_MIN_GB_only_trace hexadecimal channel mask looks for [0, 1, 2, 3, 4, 5, 6, 7, 8, 9, 10, 11, 12, 13, 14, 15, 16, 17, 18, 19, 20, 21, 22, 23, 24, 25, 26, 27, 28, 29, 30, 31] channels: 0xffffffff
CopyGB RD INV Q: Bank 2, Total burst till now: 16
CopyGB RD INV Q: Bank 6, Row index 387, Op size 16
How COPY_MIN_GB_only_trace hexadecimal channel mask looks for [0, 1, 2, 3, 4, 5, 6, 7, 8, 9, 10, 11, 12, 13, 14, 15, 16, 17, 18, 19, 20, 21, 22, 23, 24, 25, 26, 27, 28, 29, 30, 31] channels: 0xffffffff
CopyGB RD INV Q: Bank 6, Total burst till now: 32
CopyGB RD INV Q: Bank 10, Row index 387, Op size 16
How COPY_MIN_GB_only_trace hexadecimal channel mask looks for [0, 1, 2, 3, 4, 5, 6, 7, 8, 9, 10, 11, 12, 13, 14, 15, 16, 17, 18, 19, 20, 21, 22, 23, 24, 25, 26, 27, 28, 29, 30, 31] channels: 0xffffffff
CopyGB RD INV Q: Bank 10, Total burst till now: 48
CopyGB RD INV Q: Bank 14, Row index 387, Op size 16
How COPY_MIN_GB_only_trace hexadecimal channel mask looks for [0, 1, 2, 3, 4, 5, 6, 7, 8, 9, 10, 11, 12, 13, 14, 15, 16, 17, 18, 19, 20, 21, 22, 23, 24, 25, 26, 27, 28, 29, 30, 31] channels: 0xffffffff
CopyGB RD INV Q: Bank 14, Total burst till now: 64
CopyGB RD INV K: Bank 2, Row index 388, Op size 16
How COPY_MIN_GB_only_trace hexadecimal channel mask looks for [0, 1, 2, 3, 4, 5, 6, 7, 8, 9, 10, 11, 12, 13, 14, 15, 16, 17, 18, 19, 20, 21, 22, 23, 24, 25, 26, 27, 28, 29, 30, 31] channels: 0xffffffff
CopyGB RD INV K: Bank 2, Total burst till now: 16
CopyGB RD INV K: Bank 6, Row index 388, Op size 16
How COPY_MIN_GB_only_trace hexadecimal channel mask looks for [0, 1, 2, 3, 4, 5, 6, 7, 8, 9, 10, 11, 12, 13, 14, 15, 16, 17, 18, 19, 20, 21, 22, 23, 24, 25, 26, 27, 28, 29, 30, 31] channels: 0xffffffff
CopyGB RD INV K: Bank 6, Total burst till now: 32
CopyGB RD INV K: Bank 10, Row index 388, Op size 16
How COPY_MIN_GB_only_trace hexadecimal channel mask looks for [0, 1, 2, 3, 4, 5, 6, 7, 8, 9, 10, 11, 12, 13, 14, 15, 16, 17, 18, 19, 20, 21, 22, 23, 24, 25, 26, 27, 28, 29, 30, 31] channels: 0xffffffff
CopyGB RD INV K: Bank 10, Total burst till now: 48
CopyGB RD INV K: Bank 14, Row index 388, Op size 16
How COPY_MIN_GB_only_trace hexadecimal channel mask looks for [0, 1, 2, 3, 4, 5, 6, 7, 8, 9, 10, 11, 12, 13, 14, 15, 16, 17, 18, 19, 20, 21, 22, 23, 24, 25, 26, 27, 28, 29, 30, 31] channels: 0xffffffff
CopyGB RD INV K: Bank 14, Total burst till now: 64
dim=4096 and burst_length=16
Total elements turned number of block * dimension =16384
Model: None, RD-WR SBK for Q and K is same=8192, ewmul_q_burst=4096, ewmul_k_burst=4096
================================ END OF ROT EMB TRACE ==================================
How COPY_GB_BK_only_trace hexadecimal channel mask looks for [0, 1, 2, 3, 4, 5, 6, 7, 8, 9, 10, 11, 12, 13, 14, 15, 16, 17, 18, 19, 20, 21, 22, 23, 24, 25, 26, 27, 28, 29, 30, 31] channels: 0xffffffff
How COPY_GB_BK_only_trace hexadecimal channel mask looks for [0, 1, 2, 3, 4, 5, 6, 7, 8, 9, 10, 11, 12, 13, 14, 15, 16, 17, 18, 19, 20, 21, 22, 23, 24, 25, 26, 27, 28, 29, 30, 31] channels: 0xffffffff
How COPY_GB_BK_only_trace hexadecimal channel mask looks for [0, 1, 2, 3, 4, 5, 6, 7, 8, 9, 10, 11, 12, 13, 14, 15, 16, 17, 18, 19, 20, 21, 22, 23, 24, 25, 26, 27, 28, 29, 30, 31] channels: 0xffffffff
How COPY_GB_BK_only_trace hexadecimal channel mask looks for [0, 1, 2, 3, 4, 5, 6, 7, 8, 9, 10, 11, 12, 13, 14, 15, 16, 17, 18, 19, 20, 21, 22, 23, 24, 25, 26, 27, 28, 29, 30, 31] channels: 0xffffffff
How COPY_GB_BK_only_trace hexadecimal channel mask looks for [0, 1, 2, 3, 4, 5, 6, 7, 8, 9, 10, 11, 12, 13, 14, 15, 16, 17, 18, 19, 20, 21, 22, 23, 24, 25, 26, 27, 28, 29, 30, 31] channels: 0xffffffff
How COPY_GB_BK_only_trace hexadecimal channel mask looks for [0, 1, 2, 3, 4, 5, 6, 7, 8, 9, 10, 11, 12, 13, 14, 15, 16, 17, 18, 19, 20, 21, 22, 23, 24, 25, 26, 27, 28, 29, 30, 31] channels: 0xffffffff
How COPY_GB_BK_only_trace hexadecimal channel mask looks for [0, 1, 2, 3, 4, 5, 6, 7, 8, 9, 10, 11, 12, 13, 14, 15, 16, 17, 18, 19, 20, 21, 22, 23, 24, 25, 26, 27, 28, 29, 30, 31] channels: 0xffffffff
How COPY_GB_BK_only_trace hexadecimal channel mask looks for [0, 1, 2, 3, 4, 5, 6, 7, 8, 9, 10, 11, 12, 13, 14, 15, 16, 17, 18, 19, 20, 21, 22, 23, 24, 25, 26, 27, 28, 29, 30, 31] channels: 0xffffffff

 generate trace in function_sim, model name=None

Entered trace only in Llama.py
How COPY_GB_BK_only_trace hexadecimal channel mask looks for [0, 1, 2, 3, 4, 5, 6, 7, 8, 9, 10, 11, 12, 13, 14, 15, 16, 17, 18, 19, 20, 21, 22, 23, 24, 25, 26, 27, 28, 29, 30, 31] channels: 0xffffffff
How COPY_GB_BK_only_trace hexadecimal channel mask looks for [0, 1, 2, 3, 4, 5, 6, 7, 8, 9, 10, 11, 12, 13, 14, 15, 16, 17, 18, 19, 20, 21, 22, 23, 24, 25, 26, 27, 28, 29, 30, 31] channels: 0xffffffff
How COPY_GB_BK_only_trace hexadecimal channel mask looks for [0, 1, 2, 3, 4, 5, 6, 7, 8, 9, 10, 11, 12, 13, 14, 15, 16, 17, 18, 19, 20, 21, 22, 23, 24, 25, 26, 27, 28, 29, 30, 31] channels: 0xffffffff
How COPY_GB_BK_only_trace hexadecimal channel mask looks for [0, 1, 2, 3, 4, 5, 6, 7, 8, 9, 10, 11, 12, 13, 14, 15, 16, 17, 18, 19, 20, 21, 22, 23, 24, 25, 26, 27, 28, 29, 30, 31] channels: 0xffffffff
Entered trace only in Llama.py: trace_fc_kqvo is true, model name =None 
Model name =None with model parallel enable: False,  Dimension =4096, Total banks =128
============================== ROT EMB ==== None ====================================

EQUIVALENCE author=128, intermediate=128, mine=128

Number of banks per device:  16
Number of blocks per device:  4
Channels required for rotation of single block:  8
Channels required for rotation of all blocks:  32
All channels list for multi transformer blocks for rotation:  [0, 1, 2, 3, 4, 5, 6, 7, 8, 9, 10, 11, 12, 13, 14, 15, 16, 17, 18, 19, 20, 21, 22, 23, 24, 25, 26, 27, 28, 29, 30, 31]
EWMUL length=128 and utilized banks=32

Total banks: 128, Channels per block: 8, Banks per device: 16
EWMUL length=128 and utilized banks=32 and per channel banks=4

CopyGB RD Q: Bank 0, Row index 387, Op size 16
How COPY_MIN_GB_only_trace hexadecimal channel mask looks for [0, 1, 2, 3, 4, 5, 6, 7, 8, 9, 10, 11, 12, 13, 14, 15, 16, 17, 18, 19, 20, 21, 22, 23, 24, 25, 26, 27, 28, 29, 30, 31] channels: 0xffffffff
CopyGB RD Q: Bank 0, Total burst till now: 16
CopyGB RD Q: Bank 4, Row index 387, Op size 16
How COPY_MIN_GB_only_trace hexadecimal channel mask looks for [0, 1, 2, 3, 4, 5, 6, 7, 8, 9, 10, 11, 12, 13, 14, 15, 16, 17, 18, 19, 20, 21, 22, 23, 24, 25, 26, 27, 28, 29, 30, 31] channels: 0xffffffff
CopyGB RD Q: Bank 4, Total burst till now: 32
CopyGB RD Q: Bank 8, Row index 387, Op size 16
How COPY_MIN_GB_only_trace hexadecimal channel mask looks for [0, 1, 2, 3, 4, 5, 6, 7, 8, 9, 10, 11, 12, 13, 14, 15, 16, 17, 18, 19, 20, 21, 22, 23, 24, 25, 26, 27, 28, 29, 30, 31] channels: 0xffffffff
CopyGB RD Q: Bank 8, Total burst till now: 48
CopyGB RD Q: Bank 12, Row index 387, Op size 16
How COPY_MIN_GB_only_trace hexadecimal channel mask looks for [0, 1, 2, 3, 4, 5, 6, 7, 8, 9, 10, 11, 12, 13, 14, 15, 16, 17, 18, 19, 20, 21, 22, 23, 24, 25, 26, 27, 28, 29, 30, 31] channels: 0xffffffff
CopyGB RD Q: Bank 12, Total burst till now: 64
CopyGB RD K: Bank 0, Row index 388, Op size 16
How COPY_MIN_GB_only_trace hexadecimal channel mask looks for [0, 1, 2, 3, 4, 5, 6, 7, 8, 9, 10, 11, 12, 13, 14, 15, 16, 17, 18, 19, 20, 21, 22, 23, 24, 25, 26, 27, 28, 29, 30, 31] channels: 0xffffffff
CopyGB RD K: Bank 0, Total burst till now: 16
CopyGB RD K: Bank 4, Row index 388, Op size 16
How COPY_MIN_GB_only_trace hexadecimal channel mask looks for [0, 1, 2, 3, 4, 5, 6, 7, 8, 9, 10, 11, 12, 13, 14, 15, 16, 17, 18, 19, 20, 21, 22, 23, 24, 25, 26, 27, 28, 29, 30, 31] channels: 0xffffffff
CopyGB RD K: Bank 4, Total burst till now: 32
CopyGB RD K: Bank 8, Row index 388, Op size 16
How COPY_MIN_GB_only_trace hexadecimal channel mask looks for [0, 1, 2, 3, 4, 5, 6, 7, 8, 9, 10, 11, 12, 13, 14, 15, 16, 17, 18, 19, 20, 21, 22, 23, 24, 25, 26, 27, 28, 29, 30, 31] channels: 0xffffffff
CopyGB RD K: Bank 8, Total burst till now: 48
CopyGB RD K: Bank 12, Row index 388, Op size 16
How COPY_MIN_GB_only_trace hexadecimal channel mask looks for [0, 1, 2, 3, 4, 5, 6, 7, 8, 9, 10, 11, 12, 13, 14, 15, 16, 17, 18, 19, 20, 21, 22, 23, 24, 25, 26, 27, 28, 29, 30, 31] channels: 0xffffffff
CopyGB RD K: Bank 12, Total burst till now: 64
CopyGB RD INV Q: Bank 2, Row index 387, Op size 16
How COPY_MIN_GB_only_trace hexadecimal channel mask looks for [0, 1, 2, 3, 4, 5, 6, 7, 8, 9, 10, 11, 12, 13, 14, 15, 16, 17, 18, 19, 20, 21, 22, 23, 24, 25, 26, 27, 28, 29, 30, 31] channels: 0xffffffff
CopyGB RD INV Q: Bank 2, Total burst till now: 16
CopyGB RD INV Q: Bank 6, Row index 387, Op size 16
How COPY_MIN_GB_only_trace hexadecimal channel mask looks for [0, 1, 2, 3, 4, 5, 6, 7, 8, 9, 10, 11, 12, 13, 14, 15, 16, 17, 18, 19, 20, 21, 22, 23, 24, 25, 26, 27, 28, 29, 30, 31] channels: 0xffffffff
CopyGB RD INV Q: Bank 6, Total burst till now: 32
CopyGB RD INV Q: Bank 10, Row index 387, Op size 16
How COPY_MIN_GB_only_trace hexadecimal channel mask looks for [0, 1, 2, 3, 4, 5, 6, 7, 8, 9, 10, 11, 12, 13, 14, 15, 16, 17, 18, 19, 20, 21, 22, 23, 24, 25, 26, 27, 28, 29, 30, 31] channels: 0xffffffff
CopyGB RD INV Q: Bank 10, Total burst till now: 48
CopyGB RD INV Q: Bank 14, Row index 387, Op size 16
How COPY_MIN_GB_only_trace hexadecimal channel mask looks for [0, 1, 2, 3, 4, 5, 6, 7, 8, 9, 10, 11, 12, 13, 14, 15, 16, 17, 18, 19, 20, 21, 22, 23, 24, 25, 26, 27, 28, 29, 30, 31] channels: 0xffffffff
CopyGB RD INV Q: Bank 14, Total burst till now: 64
CopyGB RD INV K: Bank 2, Row index 388, Op size 16
How COPY_MIN_GB_only_trace hexadecimal channel mask looks for [0, 1, 2, 3, 4, 5, 6, 7, 8, 9, 10, 11, 12, 13, 14, 15, 16, 17, 18, 19, 20, 21, 22, 23, 24, 25, 26, 27, 28, 29, 30, 31] channels: 0xffffffff
CopyGB RD INV K: Bank 2, Total burst till now: 16
CopyGB RD INV K: Bank 6, Row index 388, Op size 16
How COPY_MIN_GB_only_trace hexadecimal channel mask looks for [0, 1, 2, 3, 4, 5, 6, 7, 8, 9, 10, 11, 12, 13, 14, 15, 16, 17, 18, 19, 20, 21, 22, 23, 24, 25, 26, 27, 28, 29, 30, 31] channels: 0xffffffff
CopyGB RD INV K: Bank 6, Total burst till now: 32
CopyGB RD INV K: Bank 10, Row index 388, Op size 16
How COPY_MIN_GB_only_trace hexadecimal channel mask looks for [0, 1, 2, 3, 4, 5, 6, 7, 8, 9, 10, 11, 12, 13, 14, 15, 16, 17, 18, 19, 20, 21, 22, 23, 24, 25, 26, 27, 28, 29, 30, 31] channels: 0xffffffff
CopyGB RD INV K: Bank 10, Total burst till now: 48
CopyGB RD INV K: Bank 14, Row index 388, Op size 16
How COPY_MIN_GB_only_trace hexadecimal channel mask looks for [0, 1, 2, 3, 4, 5, 6, 7, 8, 9, 10, 11, 12, 13, 14, 15, 16, 17, 18, 19, 20, 21, 22, 23, 24, 25, 26, 27, 28, 29, 30, 31] channels: 0xffffffff
CopyGB RD INV K: Bank 14, Total burst till now: 64
dim=4096 and burst_length=16
Total elements turned number of block * dimension =16384
Model: None, RD-WR SBK for Q and K is same=8192, ewmul_q_burst=4096, ewmul_k_burst=4096
================================ END OF ROT EMB TRACE ==================================
How COPY_GB_BK_only_trace hexadecimal channel mask looks for [0, 1, 2, 3, 4, 5, 6, 7, 8, 9, 10, 11, 12, 13, 14, 15, 16, 17, 18, 19, 20, 21, 22, 23, 24, 25, 26, 27, 28, 29, 30, 31] channels: 0xffffffff
How COPY_GB_BK_only_trace hexadecimal channel mask looks for [0, 1, 2, 3, 4, 5, 6, 7, 8, 9, 10, 11, 12, 13, 14, 15, 16, 17, 18, 19, 20, 21, 22, 23, 24, 25, 26, 27, 28, 29, 30, 31] channels: 0xffffffff
How COPY_GB_BK_only_trace hexadecimal channel mask looks for [0, 1, 2, 3, 4, 5, 6, 7, 8, 9, 10, 11, 12, 13, 14, 15, 16, 17, 18, 19, 20, 21, 22, 23, 24, 25, 26, 27, 28, 29, 30, 31] channels: 0xffffffff
How COPY_GB_BK_only_trace hexadecimal channel mask looks for [0, 1, 2, 3, 4, 5, 6, 7, 8, 9, 10, 11, 12, 13, 14, 15, 16, 17, 18, 19, 20, 21, 22, 23, 24, 25, 26, 27, 28, 29, 30, 31] channels: 0xffffffff
How COPY_GB_BK_only_trace hexadecimal channel mask looks for [0, 1, 2, 3, 4, 5, 6, 7, 8, 9, 10, 11, 12, 13, 14, 15, 16, 17, 18, 19, 20, 21, 22, 23, 24, 25, 26, 27, 28, 29, 30, 31] channels: 0xffffffff
How COPY_GB_BK_only_trace hexadecimal channel mask looks for [0, 1, 2, 3, 4, 5, 6, 7, 8, 9, 10, 11, 12, 13, 14, 15, 16, 17, 18, 19, 20, 21, 22, 23, 24, 25, 26, 27, 28, 29, 30, 31] channels: 0xffffffff
How COPY_GB_BK_only_trace hexadecimal channel mask looks for [0, 1, 2, 3, 4, 5, 6, 7, 8, 9, 10, 11, 12, 13, 14, 15, 16, 17, 18, 19, 20, 21, 22, 23, 24, 25, 26, 27, 28, 29, 30, 31] channels: 0xffffffff
How COPY_GB_BK_only_trace hexadecimal channel mask looks for [0, 1, 2, 3, 4, 5, 6, 7, 8, 9, 10, 11, 12, 13, 14, 15, 16, 17, 18, 19, 20, 21, 22, 23, 24, 25, 26, 27, 28, 29, 30, 31] channels: 0xffffffff

 generate trace in function_sim, model name=None

Entered trace only in Llama.py
How COPY_GB_BK_only_trace hexadecimal channel mask looks for [0, 1, 2, 3, 4, 5, 6, 7, 8, 9, 10, 11, 12, 13, 14, 15, 16, 17, 18, 19, 20, 21, 22, 23, 24, 25, 26, 27, 28, 29, 30, 31] channels: 0xffffffff
How COPY_GB_BK_only_trace hexadecimal channel mask looks for [0, 1, 2, 3, 4, 5, 6, 7, 8, 9, 10, 11, 12, 13, 14, 15, 16, 17, 18, 19, 20, 21, 22, 23, 24, 25, 26, 27, 28, 29, 30, 31] channels: 0xffffffff
How COPY_GB_BK_only_trace hexadecimal channel mask looks for [0, 1, 2, 3, 4, 5, 6, 7, 8, 9, 10, 11, 12, 13, 14, 15, 16, 17, 18, 19, 20, 21, 22, 23, 24, 25, 26, 27, 28, 29, 30, 31] channels: 0xffffffff
How COPY_GB_BK_only_trace hexadecimal channel mask looks for [0, 1, 2, 3, 4, 5, 6, 7, 8, 9, 10, 11, 12, 13, 14, 15, 16, 17, 18, 19, 20, 21, 22, 23, 24, 25, 26, 27, 28, 29, 30, 31] channels: 0xffffffff
Entered trace only in Llama.py: trace_fc_kqvo is true, model name =None 
Model name =None with model parallel enable: False,  Dimension =4096, Total banks =128
============================== ROT EMB ==== None ====================================

EQUIVALENCE author=128, intermediate=128, mine=128

Number of banks per device:  16
Number of blocks per device:  4
Channels required for rotation of single block:  8
Channels required for rotation of all blocks:  32
All channels list for multi transformer blocks for rotation:  [0, 1, 2, 3, 4, 5, 6, 7, 8, 9, 10, 11, 12, 13, 14, 15, 16, 17, 18, 19, 20, 21, 22, 23, 24, 25, 26, 27, 28, 29, 30, 31]
EWMUL length=128 and utilized banks=32

Total banks: 128, Channels per block: 8, Banks per device: 16
EWMUL length=128 and utilized banks=32 and per channel banks=4

CopyGB RD Q: Bank 0, Row index 387, Op size 16
How COPY_MIN_GB_only_trace hexadecimal channel mask looks for [0, 1, 2, 3, 4, 5, 6, 7, 8, 9, 10, 11, 12, 13, 14, 15, 16, 17, 18, 19, 20, 21, 22, 23, 24, 25, 26, 27, 28, 29, 30, 31] channels: 0xffffffff
CopyGB RD Q: Bank 0, Total burst till now: 16
CopyGB RD Q: Bank 4, Row index 387, Op size 16
How COPY_MIN_GB_only_trace hexadecimal channel mask looks for [0, 1, 2, 3, 4, 5, 6, 7, 8, 9, 10, 11, 12, 13, 14, 15, 16, 17, 18, 19, 20, 21, 22, 23, 24, 25, 26, 27, 28, 29, 30, 31] channels: 0xffffffff
CopyGB RD Q: Bank 4, Total burst till now: 32
CopyGB RD Q: Bank 8, Row index 387, Op size 16
How COPY_MIN_GB_only_trace hexadecimal channel mask looks for [0, 1, 2, 3, 4, 5, 6, 7, 8, 9, 10, 11, 12, 13, 14, 15, 16, 17, 18, 19, 20, 21, 22, 23, 24, 25, 26, 27, 28, 29, 30, 31] channels: 0xffffffff
CopyGB RD Q: Bank 8, Total burst till now: 48
CopyGB RD Q: Bank 12, Row index 387, Op size 16
How COPY_MIN_GB_only_trace hexadecimal channel mask looks for [0, 1, 2, 3, 4, 5, 6, 7, 8, 9, 10, 11, 12, 13, 14, 15, 16, 17, 18, 19, 20, 21, 22, 23, 24, 25, 26, 27, 28, 29, 30, 31] channels: 0xffffffff
CopyGB RD Q: Bank 12, Total burst till now: 64
CopyGB RD K: Bank 0, Row index 388, Op size 16
How COPY_MIN_GB_only_trace hexadecimal channel mask looks for [0, 1, 2, 3, 4, 5, 6, 7, 8, 9, 10, 11, 12, 13, 14, 15, 16, 17, 18, 19, 20, 21, 22, 23, 24, 25, 26, 27, 28, 29, 30, 31] channels: 0xffffffff
CopyGB RD K: Bank 0, Total burst till now: 16
CopyGB RD K: Bank 4, Row index 388, Op size 16
How COPY_MIN_GB_only_trace hexadecimal channel mask looks for [0, 1, 2, 3, 4, 5, 6, 7, 8, 9, 10, 11, 12, 13, 14, 15, 16, 17, 18, 19, 20, 21, 22, 23, 24, 25, 26, 27, 28, 29, 30, 31] channels: 0xffffffff
CopyGB RD K: Bank 4, Total burst till now: 32
CopyGB RD K: Bank 8, Row index 388, Op size 16
How COPY_MIN_GB_only_trace hexadecimal channel mask looks for [0, 1, 2, 3, 4, 5, 6, 7, 8, 9, 10, 11, 12, 13, 14, 15, 16, 17, 18, 19, 20, 21, 22, 23, 24, 25, 26, 27, 28, 29, 30, 31] channels: 0xffffffff
CopyGB RD K: Bank 8, Total burst till now: 48
CopyGB RD K: Bank 12, Row index 388, Op size 16
How COPY_MIN_GB_only_trace hexadecimal channel mask looks for [0, 1, 2, 3, 4, 5, 6, 7, 8, 9, 10, 11, 12, 13, 14, 15, 16, 17, 18, 19, 20, 21, 22, 23, 24, 25, 26, 27, 28, 29, 30, 31] channels: 0xffffffff
CopyGB RD K: Bank 12, Total burst till now: 64
CopyGB RD INV Q: Bank 2, Row index 387, Op size 16
How COPY_MIN_GB_only_trace hexadecimal channel mask looks for [0, 1, 2, 3, 4, 5, 6, 7, 8, 9, 10, 11, 12, 13, 14, 15, 16, 17, 18, 19, 20, 21, 22, 23, 24, 25, 26, 27, 28, 29, 30, 31] channels: 0xffffffff
CopyGB RD INV Q: Bank 2, Total burst till now: 16
CopyGB RD INV Q: Bank 6, Row index 387, Op size 16
How COPY_MIN_GB_only_trace hexadecimal channel mask looks for [0, 1, 2, 3, 4, 5, 6, 7, 8, 9, 10, 11, 12, 13, 14, 15, 16, 17, 18, 19, 20, 21, 22, 23, 24, 25, 26, 27, 28, 29, 30, 31] channels: 0xffffffff
CopyGB RD INV Q: Bank 6, Total burst till now: 32
CopyGB RD INV Q: Bank 10, Row index 387, Op size 16
How COPY_MIN_GB_only_trace hexadecimal channel mask looks for [0, 1, 2, 3, 4, 5, 6, 7, 8, 9, 10, 11, 12, 13, 14, 15, 16, 17, 18, 19, 20, 21, 22, 23, 24, 25, 26, 27, 28, 29, 30, 31] channels: 0xffffffff
CopyGB RD INV Q: Bank 10, Total burst till now: 48
CopyGB RD INV Q: Bank 14, Row index 387, Op size 16
How COPY_MIN_GB_only_trace hexadecimal channel mask looks for [0, 1, 2, 3, 4, 5, 6, 7, 8, 9, 10, 11, 12, 13, 14, 15, 16, 17, 18, 19, 20, 21, 22, 23, 24, 25, 26, 27, 28, 29, 30, 31] channels: 0xffffffff
CopyGB RD INV Q: Bank 14, Total burst till now: 64
CopyGB RD INV K: Bank 2, Row index 388, Op size 16
How COPY_MIN_GB_only_trace hexadecimal channel mask looks for [0, 1, 2, 3, 4, 5, 6, 7, 8, 9, 10, 11, 12, 13, 14, 15, 16, 17, 18, 19, 20, 21, 22, 23, 24, 25, 26, 27, 28, 29, 30, 31] channels: 0xffffffff
CopyGB RD INV K: Bank 2, Total burst till now: 16
CopyGB RD INV K: Bank 6, Row index 388, Op size 16
How COPY_MIN_GB_only_trace hexadecimal channel mask looks for [0, 1, 2, 3, 4, 5, 6, 7, 8, 9, 10, 11, 12, 13, 14, 15, 16, 17, 18, 19, 20, 21, 22, 23, 24, 25, 26, 27, 28, 29, 30, 31] channels: 0xffffffff
CopyGB RD INV K: Bank 6, Total burst till now: 32
CopyGB RD INV K: Bank 10, Row index 388, Op size 16
How COPY_MIN_GB_only_trace hexadecimal channel mask looks for [0, 1, 2, 3, 4, 5, 6, 7, 8, 9, 10, 11, 12, 13, 14, 15, 16, 17, 18, 19, 20, 21, 22, 23, 24, 25, 26, 27, 28, 29, 30, 31] channels: 0xffffffff
CopyGB RD INV K: Bank 10, Total burst till now: 48
CopyGB RD INV K: Bank 14, Row index 388, Op size 16
How COPY_MIN_GB_only_trace hexadecimal channel mask looks for [0, 1, 2, 3, 4, 5, 6, 7, 8, 9, 10, 11, 12, 13, 14, 15, 16, 17, 18, 19, 20, 21, 22, 23, 24, 25, 26, 27, 28, 29, 30, 31] channels: 0xffffffff
CopyGB RD INV K: Bank 14, Total burst till now: 64
dim=4096 and burst_length=16
Total elements turned number of block * dimension =16384
Model: None, RD-WR SBK for Q and K is same=8192, ewmul_q_burst=4096, ewmul_k_burst=4096
================================ END OF ROT EMB TRACE ==================================
How COPY_GB_BK_only_trace hexadecimal channel mask looks for [0, 1, 2, 3, 4, 5, 6, 7, 8, 9, 10, 11, 12, 13, 14, 15, 16, 17, 18, 19, 20, 21, 22, 23, 24, 25, 26, 27, 28, 29, 30, 31] channels: 0xffffffff
How COPY_GB_BK_only_trace hexadecimal channel mask looks for [0, 1, 2, 3, 4, 5, 6, 7, 8, 9, 10, 11, 12, 13, 14, 15, 16, 17, 18, 19, 20, 21, 22, 23, 24, 25, 26, 27, 28, 29, 30, 31] channels: 0xffffffff
How COPY_GB_BK_only_trace hexadecimal channel mask looks for [0, 1, 2, 3, 4, 5, 6, 7, 8, 9, 10, 11, 12, 13, 14, 15, 16, 17, 18, 19, 20, 21, 22, 23, 24, 25, 26, 27, 28, 29, 30, 31] channels: 0xffffffff
How COPY_GB_BK_only_trace hexadecimal channel mask looks for [0, 1, 2, 3, 4, 5, 6, 7, 8, 9, 10, 11, 12, 13, 14, 15, 16, 17, 18, 19, 20, 21, 22, 23, 24, 25, 26, 27, 28, 29, 30, 31] channels: 0xffffffff
How COPY_GB_BK_only_trace hexadecimal channel mask looks for [0, 1, 2, 3, 4, 5, 6, 7, 8, 9, 10, 11, 12, 13, 14, 15, 16, 17, 18, 19, 20, 21, 22, 23, 24, 25, 26, 27, 28, 29, 30, 31] channels: 0xffffffff
How COPY_GB_BK_only_trace hexadecimal channel mask looks for [0, 1, 2, 3, 4, 5, 6, 7, 8, 9, 10, 11, 12, 13, 14, 15, 16, 17, 18, 19, 20, 21, 22, 23, 24, 25, 26, 27, 28, 29, 30, 31] channels: 0xffffffff
How COPY_GB_BK_only_trace hexadecimal channel mask looks for [0, 1, 2, 3, 4, 5, 6, 7, 8, 9, 10, 11, 12, 13, 14, 15, 16, 17, 18, 19, 20, 21, 22, 23, 24, 25, 26, 27, 28, 29, 30, 31] channels: 0xffffffff
How COPY_GB_BK_only_trace hexadecimal channel mask looks for [0, 1, 2, 3, 4, 5, 6, 7, 8, 9, 10, 11, 12, 13, 14, 15, 16, 17, 18, 19, 20, 21, 22, 23, 24, 25, 26, 27, 28, 29, 30, 31] channels: 0xffffffff

 generate trace in function_sim, model name=None

Entered trace only in Llama.py
How COPY_GB_BK_only_trace hexadecimal channel mask looks for [0, 1, 2, 3, 4, 5, 6, 7, 8, 9, 10, 11, 12, 13, 14, 15, 16, 17, 18, 19, 20, 21, 22, 23, 24, 25, 26, 27, 28, 29, 30, 31] channels: 0xffffffff
How COPY_GB_BK_only_trace hexadecimal channel mask looks for [0, 1, 2, 3, 4, 5, 6, 7, 8, 9, 10, 11, 12, 13, 14, 15, 16, 17, 18, 19, 20, 21, 22, 23, 24, 25, 26, 27, 28, 29, 30, 31] channels: 0xffffffff
How COPY_GB_BK_only_trace hexadecimal channel mask looks for [0, 1, 2, 3, 4, 5, 6, 7, 8, 9, 10, 11, 12, 13, 14, 15, 16, 17, 18, 19, 20, 21, 22, 23, 24, 25, 26, 27, 28, 29, 30, 31] channels: 0xffffffff
How COPY_GB_BK_only_trace hexadecimal channel mask looks for [0, 1, 2, 3, 4, 5, 6, 7, 8, 9, 10, 11, 12, 13, 14, 15, 16, 17, 18, 19, 20, 21, 22, 23, 24, 25, 26, 27, 28, 29, 30, 31] channels: 0xffffffff
Entered trace only in Llama.py: trace_fc_kqvo is true, model name =None 
Model name =None with model parallel enable: False,  Dimension =4096, Total banks =128
============================== ROT EMB ==== None ====================================

EQUIVALENCE author=128, intermediate=128, mine=128

Number of banks per device:  16
Number of blocks per device:  4
Channels required for rotation of single block:  8
Channels required for rotation of all blocks:  32
All channels list for multi transformer blocks for rotation:  [0, 1, 2, 3, 4, 5, 6, 7, 8, 9, 10, 11, 12, 13, 14, 15, 16, 17, 18, 19, 20, 21, 22, 23, 24, 25, 26, 27, 28, 29, 30, 31]
EWMUL length=128 and utilized banks=32

Total banks: 128, Channels per block: 8, Banks per device: 16
EWMUL length=128 and utilized banks=32 and per channel banks=4

CopyGB RD Q: Bank 0, Row index 387, Op size 16
How COPY_MIN_GB_only_trace hexadecimal channel mask looks for [0, 1, 2, 3, 4, 5, 6, 7, 8, 9, 10, 11, 12, 13, 14, 15, 16, 17, 18, 19, 20, 21, 22, 23, 24, 25, 26, 27, 28, 29, 30, 31] channels: 0xffffffff
CopyGB RD Q: Bank 0, Total burst till now: 16
CopyGB RD Q: Bank 4, Row index 387, Op size 16
How COPY_MIN_GB_only_trace hexadecimal channel mask looks for [0, 1, 2, 3, 4, 5, 6, 7, 8, 9, 10, 11, 12, 13, 14, 15, 16, 17, 18, 19, 20, 21, 22, 23, 24, 25, 26, 27, 28, 29, 30, 31] channels: 0xffffffff
CopyGB RD Q: Bank 4, Total burst till now: 32
CopyGB RD Q: Bank 8, Row index 387, Op size 16
How COPY_MIN_GB_only_trace hexadecimal channel mask looks for [0, 1, 2, 3, 4, 5, 6, 7, 8, 9, 10, 11, 12, 13, 14, 15, 16, 17, 18, 19, 20, 21, 22, 23, 24, 25, 26, 27, 28, 29, 30, 31] channels: 0xffffffff
CopyGB RD Q: Bank 8, Total burst till now: 48
CopyGB RD Q: Bank 12, Row index 387, Op size 16
How COPY_MIN_GB_only_trace hexadecimal channel mask looks for [0, 1, 2, 3, 4, 5, 6, 7, 8, 9, 10, 11, 12, 13, 14, 15, 16, 17, 18, 19, 20, 21, 22, 23, 24, 25, 26, 27, 28, 29, 30, 31] channels: 0xffffffff
CopyGB RD Q: Bank 12, Total burst till now: 64
CopyGB RD K: Bank 0, Row index 388, Op size 16
How COPY_MIN_GB_only_trace hexadecimal channel mask looks for [0, 1, 2, 3, 4, 5, 6, 7, 8, 9, 10, 11, 12, 13, 14, 15, 16, 17, 18, 19, 20, 21, 22, 23, 24, 25, 26, 27, 28, 29, 30, 31] channels: 0xffffffff
CopyGB RD K: Bank 0, Total burst till now: 16
CopyGB RD K: Bank 4, Row index 388, Op size 16
How COPY_MIN_GB_only_trace hexadecimal channel mask looks for [0, 1, 2, 3, 4, 5, 6, 7, 8, 9, 10, 11, 12, 13, 14, 15, 16, 17, 18, 19, 20, 21, 22, 23, 24, 25, 26, 27, 28, 29, 30, 31] channels: 0xffffffff
CopyGB RD K: Bank 4, Total burst till now: 32
CopyGB RD K: Bank 8, Row index 388, Op size 16
How COPY_MIN_GB_only_trace hexadecimal channel mask looks for [0, 1, 2, 3, 4, 5, 6, 7, 8, 9, 10, 11, 12, 13, 14, 15, 16, 17, 18, 19, 20, 21, 22, 23, 24, 25, 26, 27, 28, 29, 30, 31] channels: 0xffffffff
CopyGB RD K: Bank 8, Total burst till now: 48
CopyGB RD K: Bank 12, Row index 388, Op size 16
How COPY_MIN_GB_only_trace hexadecimal channel mask looks for [0, 1, 2, 3, 4, 5, 6, 7, 8, 9, 10, 11, 12, 13, 14, 15, 16, 17, 18, 19, 20, 21, 22, 23, 24, 25, 26, 27, 28, 29, 30, 31] channels: 0xffffffff
CopyGB RD K: Bank 12, Total burst till now: 64
CopyGB RD INV Q: Bank 2, Row index 387, Op size 16
How COPY_MIN_GB_only_trace hexadecimal channel mask looks for [0, 1, 2, 3, 4, 5, 6, 7, 8, 9, 10, 11, 12, 13, 14, 15, 16, 17, 18, 19, 20, 21, 22, 23, 24, 25, 26, 27, 28, 29, 30, 31] channels: 0xffffffff
CopyGB RD INV Q: Bank 2, Total burst till now: 16
CopyGB RD INV Q: Bank 6, Row index 387, Op size 16
How COPY_MIN_GB_only_trace hexadecimal channel mask looks for [0, 1, 2, 3, 4, 5, 6, 7, 8, 9, 10, 11, 12, 13, 14, 15, 16, 17, 18, 19, 20, 21, 22, 23, 24, 25, 26, 27, 28, 29, 30, 31] channels: 0xffffffff
CopyGB RD INV Q: Bank 6, Total burst till now: 32
CopyGB RD INV Q: Bank 10, Row index 387, Op size 16
How COPY_MIN_GB_only_trace hexadecimal channel mask looks for [0, 1, 2, 3, 4, 5, 6, 7, 8, 9, 10, 11, 12, 13, 14, 15, 16, 17, 18, 19, 20, 21, 22, 23, 24, 25, 26, 27, 28, 29, 30, 31] channels: 0xffffffff
CopyGB RD INV Q: Bank 10, Total burst till now: 48
CopyGB RD INV Q: Bank 14, Row index 387, Op size 16
How COPY_MIN_GB_only_trace hexadecimal channel mask looks for [0, 1, 2, 3, 4, 5, 6, 7, 8, 9, 10, 11, 12, 13, 14, 15, 16, 17, 18, 19, 20, 21, 22, 23, 24, 25, 26, 27, 28, 29, 30, 31] channels: 0xffffffff
CopyGB RD INV Q: Bank 14, Total burst till now: 64
CopyGB RD INV K: Bank 2, Row index 388, Op size 16
How COPY_MIN_GB_only_trace hexadecimal channel mask looks for [0, 1, 2, 3, 4, 5, 6, 7, 8, 9, 10, 11, 12, 13, 14, 15, 16, 17, 18, 19, 20, 21, 22, 23, 24, 25, 26, 27, 28, 29, 30, 31] channels: 0xffffffff
CopyGB RD INV K: Bank 2, Total burst till now: 16
CopyGB RD INV K: Bank 6, Row index 388, Op size 16
How COPY_MIN_GB_only_trace hexadecimal channel mask looks for [0, 1, 2, 3, 4, 5, 6, 7, 8, 9, 10, 11, 12, 13, 14, 15, 16, 17, 18, 19, 20, 21, 22, 23, 24, 25, 26, 27, 28, 29, 30, 31] channels: 0xffffffff
CopyGB RD INV K: Bank 6, Total burst till now: 32
CopyGB RD INV K: Bank 10, Row index 388, Op size 16
How COPY_MIN_GB_only_trace hexadecimal channel mask looks for [0, 1, 2, 3, 4, 5, 6, 7, 8, 9, 10, 11, 12, 13, 14, 15, 16, 17, 18, 19, 20, 21, 22, 23, 24, 25, 26, 27, 28, 29, 30, 31] channels: 0xffffffff
CopyGB RD INV K: Bank 10, Total burst till now: 48
CopyGB RD INV K: Bank 14, Row index 388, Op size 16
How COPY_MIN_GB_only_trace hexadecimal channel mask looks for [0, 1, 2, 3, 4, 5, 6, 7, 8, 9, 10, 11, 12, 13, 14, 15, 16, 17, 18, 19, 20, 21, 22, 23, 24, 25, 26, 27, 28, 29, 30, 31] channels: 0xffffffff
CopyGB RD INV K: Bank 14, Total burst till now: 64
dim=4096 and burst_length=16
Total elements turned number of block * dimension =16384
Model: None, RD-WR SBK for Q and K is same=8192, ewmul_q_burst=4096, ewmul_k_burst=4096
================================ END OF ROT EMB TRACE ==================================
How COPY_GB_BK_only_trace hexadecimal channel mask looks for [0, 1, 2, 3, 4, 5, 6, 7, 8, 9, 10, 11, 12, 13, 14, 15, 16, 17, 18, 19, 20, 21, 22, 23, 24, 25, 26, 27, 28, 29, 30, 31] channels: 0xffffffff
How COPY_GB_BK_only_trace hexadecimal channel mask looks for [0, 1, 2, 3, 4, 5, 6, 7, 8, 9, 10, 11, 12, 13, 14, 15, 16, 17, 18, 19, 20, 21, 22, 23, 24, 25, 26, 27, 28, 29, 30, 31] channels: 0xffffffff
How COPY_GB_BK_only_trace hexadecimal channel mask looks for [0, 1, 2, 3, 4, 5, 6, 7, 8, 9, 10, 11, 12, 13, 14, 15, 16, 17, 18, 19, 20, 21, 22, 23, 24, 25, 26, 27, 28, 29, 30, 31] channels: 0xffffffff
How COPY_GB_BK_only_trace hexadecimal channel mask looks for [0, 1, 2, 3, 4, 5, 6, 7, 8, 9, 10, 11, 12, 13, 14, 15, 16, 17, 18, 19, 20, 21, 22, 23, 24, 25, 26, 27, 28, 29, 30, 31] channels: 0xffffffff
How COPY_GB_BK_only_trace hexadecimal channel mask looks for [0, 1, 2, 3, 4, 5, 6, 7, 8, 9, 10, 11, 12, 13, 14, 15, 16, 17, 18, 19, 20, 21, 22, 23, 24, 25, 26, 27, 28, 29, 30, 31] channels: 0xffffffff
How COPY_GB_BK_only_trace hexadecimal channel mask looks for [0, 1, 2, 3, 4, 5, 6, 7, 8, 9, 10, 11, 12, 13, 14, 15, 16, 17, 18, 19, 20, 21, 22, 23, 24, 25, 26, 27, 28, 29, 30, 31] channels: 0xffffffff
How COPY_GB_BK_only_trace hexadecimal channel mask looks for [0, 1, 2, 3, 4, 5, 6, 7, 8, 9, 10, 11, 12, 13, 14, 15, 16, 17, 18, 19, 20, 21, 22, 23, 24, 25, 26, 27, 28, 29, 30, 31] channels: 0xffffffff
How COPY_GB_BK_only_trace hexadecimal channel mask looks for [0, 1, 2, 3, 4, 5, 6, 7, 8, 9, 10, 11, 12, 13, 14, 15, 16, 17, 18, 19, 20, 21, 22, 23, 24, 25, 26, 27, 28, 29, 30, 31] channels: 0xffffffff

 generate trace in function_sim, model name=None

Entered trace only in Llama.py
How COPY_GB_BK_only_trace hexadecimal channel mask looks for [0, 1, 2, 3, 4, 5, 6, 7, 8, 9, 10, 11, 12, 13, 14, 15, 16, 17, 18, 19, 20, 21, 22, 23, 24, 25, 26, 27, 28, 29, 30, 31] channels: 0xffffffff
How COPY_GB_BK_only_trace hexadecimal channel mask looks for [0, 1, 2, 3, 4, 5, 6, 7, 8, 9, 10, 11, 12, 13, 14, 15, 16, 17, 18, 19, 20, 21, 22, 23, 24, 25, 26, 27, 28, 29, 30, 31] channels: 0xffffffff
How COPY_GB_BK_only_trace hexadecimal channel mask looks for [0, 1, 2, 3, 4, 5, 6, 7, 8, 9, 10, 11, 12, 13, 14, 15, 16, 17, 18, 19, 20, 21, 22, 23, 24, 25, 26, 27, 28, 29, 30, 31] channels: 0xffffffff
How COPY_GB_BK_only_trace hexadecimal channel mask looks for [0, 1, 2, 3, 4, 5, 6, 7, 8, 9, 10, 11, 12, 13, 14, 15, 16, 17, 18, 19, 20, 21, 22, 23, 24, 25, 26, 27, 28, 29, 30, 31] channels: 0xffffffff
Entered trace only in Llama.py: trace_fc_kqvo is true, model name =None 
Model name =None with model parallel enable: False,  Dimension =4096, Total banks =128
============================== ROT EMB ==== None ====================================

EQUIVALENCE author=128, intermediate=128, mine=128

Number of banks per device:  16
Number of blocks per device:  4
Channels required for rotation of single block:  8
Channels required for rotation of all blocks:  32
All channels list for multi transformer blocks for rotation:  [0, 1, 2, 3, 4, 5, 6, 7, 8, 9, 10, 11, 12, 13, 14, 15, 16, 17, 18, 19, 20, 21, 22, 23, 24, 25, 26, 27, 28, 29, 30, 31]
EWMUL length=128 and utilized banks=32

Total banks: 128, Channels per block: 8, Banks per device: 16
EWMUL length=128 and utilized banks=32 and per channel banks=4

CopyGB RD Q: Bank 0, Row index 387, Op size 16
How COPY_MIN_GB_only_trace hexadecimal channel mask looks for [0, 1, 2, 3, 4, 5, 6, 7, 8, 9, 10, 11, 12, 13, 14, 15, 16, 17, 18, 19, 20, 21, 22, 23, 24, 25, 26, 27, 28, 29, 30, 31] channels: 0xffffffff
CopyGB RD Q: Bank 0, Total burst till now: 16
CopyGB RD Q: Bank 4, Row index 387, Op size 16
How COPY_MIN_GB_only_trace hexadecimal channel mask looks for [0, 1, 2, 3, 4, 5, 6, 7, 8, 9, 10, 11, 12, 13, 14, 15, 16, 17, 18, 19, 20, 21, 22, 23, 24, 25, 26, 27, 28, 29, 30, 31] channels: 0xffffffff
CopyGB RD Q: Bank 4, Total burst till now: 32
CopyGB RD Q: Bank 8, Row index 387, Op size 16
How COPY_MIN_GB_only_trace hexadecimal channel mask looks for [0, 1, 2, 3, 4, 5, 6, 7, 8, 9, 10, 11, 12, 13, 14, 15, 16, 17, 18, 19, 20, 21, 22, 23, 24, 25, 26, 27, 28, 29, 30, 31] channels: 0xffffffff
CopyGB RD Q: Bank 8, Total burst till now: 48
CopyGB RD Q: Bank 12, Row index 387, Op size 16
How COPY_MIN_GB_only_trace hexadecimal channel mask looks for [0, 1, 2, 3, 4, 5, 6, 7, 8, 9, 10, 11, 12, 13, 14, 15, 16, 17, 18, 19, 20, 21, 22, 23, 24, 25, 26, 27, 28, 29, 30, 31] channels: 0xffffffff
CopyGB RD Q: Bank 12, Total burst till now: 64
CopyGB RD K: Bank 0, Row index 388, Op size 16
How COPY_MIN_GB_only_trace hexadecimal channel mask looks for [0, 1, 2, 3, 4, 5, 6, 7, 8, 9, 10, 11, 12, 13, 14, 15, 16, 17, 18, 19, 20, 21, 22, 23, 24, 25, 26, 27, 28, 29, 30, 31] channels: 0xffffffff
CopyGB RD K: Bank 0, Total burst till now: 16
CopyGB RD K: Bank 4, Row index 388, Op size 16
How COPY_MIN_GB_only_trace hexadecimal channel mask looks for [0, 1, 2, 3, 4, 5, 6, 7, 8, 9, 10, 11, 12, 13, 14, 15, 16, 17, 18, 19, 20, 21, 22, 23, 24, 25, 26, 27, 28, 29, 30, 31] channels: 0xffffffff
CopyGB RD K: Bank 4, Total burst till now: 32
CopyGB RD K: Bank 8, Row index 388, Op size 16
How COPY_MIN_GB_only_trace hexadecimal channel mask looks for [0, 1, 2, 3, 4, 5, 6, 7, 8, 9, 10, 11, 12, 13, 14, 15, 16, 17, 18, 19, 20, 21, 22, 23, 24, 25, 26, 27, 28, 29, 30, 31] channels: 0xffffffff
CopyGB RD K: Bank 8, Total burst till now: 48
CopyGB RD K: Bank 12, Row index 388, Op size 16
How COPY_MIN_GB_only_trace hexadecimal channel mask looks for [0, 1, 2, 3, 4, 5, 6, 7, 8, 9, 10, 11, 12, 13, 14, 15, 16, 17, 18, 19, 20, 21, 22, 23, 24, 25, 26, 27, 28, 29, 30, 31] channels: 0xffffffff
CopyGB RD K: Bank 12, Total burst till now: 64
CopyGB RD INV Q: Bank 2, Row index 387, Op size 16
How COPY_MIN_GB_only_trace hexadecimal channel mask looks for [0, 1, 2, 3, 4, 5, 6, 7, 8, 9, 10, 11, 12, 13, 14, 15, 16, 17, 18, 19, 20, 21, 22, 23, 24, 25, 26, 27, 28, 29, 30, 31] channels: 0xffffffff
CopyGB RD INV Q: Bank 2, Total burst till now: 16
CopyGB RD INV Q: Bank 6, Row index 387, Op size 16
How COPY_MIN_GB_only_trace hexadecimal channel mask looks for [0, 1, 2, 3, 4, 5, 6, 7, 8, 9, 10, 11, 12, 13, 14, 15, 16, 17, 18, 19, 20, 21, 22, 23, 24, 25, 26, 27, 28, 29, 30, 31] channels: 0xffffffff
CopyGB RD INV Q: Bank 6, Total burst till now: 32
CopyGB RD INV Q: Bank 10, Row index 387, Op size 16
How COPY_MIN_GB_only_trace hexadecimal channel mask looks for [0, 1, 2, 3, 4, 5, 6, 7, 8, 9, 10, 11, 12, 13, 14, 15, 16, 17, 18, 19, 20, 21, 22, 23, 24, 25, 26, 27, 28, 29, 30, 31] channels: 0xffffffff
CopyGB RD INV Q: Bank 10, Total burst till now: 48
CopyGB RD INV Q: Bank 14, Row index 387, Op size 16
How COPY_MIN_GB_only_trace hexadecimal channel mask looks for [0, 1, 2, 3, 4, 5, 6, 7, 8, 9, 10, 11, 12, 13, 14, 15, 16, 17, 18, 19, 20, 21, 22, 23, 24, 25, 26, 27, 28, 29, 30, 31] channels: 0xffffffff
CopyGB RD INV Q: Bank 14, Total burst till now: 64
CopyGB RD INV K: Bank 2, Row index 388, Op size 16
How COPY_MIN_GB_only_trace hexadecimal channel mask looks for [0, 1, 2, 3, 4, 5, 6, 7, 8, 9, 10, 11, 12, 13, 14, 15, 16, 17, 18, 19, 20, 21, 22, 23, 24, 25, 26, 27, 28, 29, 30, 31] channels: 0xffffffff
CopyGB RD INV K: Bank 2, Total burst till now: 16
CopyGB RD INV K: Bank 6, Row index 388, Op size 16
How COPY_MIN_GB_only_trace hexadecimal channel mask looks for [0, 1, 2, 3, 4, 5, 6, 7, 8, 9, 10, 11, 12, 13, 14, 15, 16, 17, 18, 19, 20, 21, 22, 23, 24, 25, 26, 27, 28, 29, 30, 31] channels: 0xffffffff
CopyGB RD INV K: Bank 6, Total burst till now: 32
CopyGB RD INV K: Bank 10, Row index 388, Op size 16
How COPY_MIN_GB_only_trace hexadecimal channel mask looks for [0, 1, 2, 3, 4, 5, 6, 7, 8, 9, 10, 11, 12, 13, 14, 15, 16, 17, 18, 19, 20, 21, 22, 23, 24, 25, 26, 27, 28, 29, 30, 31] channels: 0xffffffff
CopyGB RD INV K: Bank 10, Total burst till now: 48
CopyGB RD INV K: Bank 14, Row index 388, Op size 16
How COPY_MIN_GB_only_trace hexadecimal channel mask looks for [0, 1, 2, 3, 4, 5, 6, 7, 8, 9, 10, 11, 12, 13, 14, 15, 16, 17, 18, 19, 20, 21, 22, 23, 24, 25, 26, 27, 28, 29, 30, 31] channels: 0xffffffff
CopyGB RD INV K: Bank 14, Total burst till now: 64
dim=4096 and burst_length=16
Total elements turned number of block * dimension =16384
Model: None, RD-WR SBK for Q and K is same=8192, ewmul_q_burst=4096, ewmul_k_burst=4096
================================ END OF ROT EMB TRACE ==================================
How COPY_GB_BK_only_trace hexadecimal channel mask looks for [0, 1, 2, 3, 4, 5, 6, 7, 8, 9, 10, 11, 12, 13, 14, 15, 16, 17, 18, 19, 20, 21, 22, 23, 24, 25, 26, 27, 28, 29, 30, 31] channels: 0xffffffff
How COPY_GB_BK_only_trace hexadecimal channel mask looks for [0, 1, 2, 3, 4, 5, 6, 7, 8, 9, 10, 11, 12, 13, 14, 15, 16, 17, 18, 19, 20, 21, 22, 23, 24, 25, 26, 27, 28, 29, 30, 31] channels: 0xffffffff
How COPY_GB_BK_only_trace hexadecimal channel mask looks for [0, 1, 2, 3, 4, 5, 6, 7, 8, 9, 10, 11, 12, 13, 14, 15, 16, 17, 18, 19, 20, 21, 22, 23, 24, 25, 26, 27, 28, 29, 30, 31] channels: 0xffffffff
How COPY_GB_BK_only_trace hexadecimal channel mask looks for [0, 1, 2, 3, 4, 5, 6, 7, 8, 9, 10, 11, 12, 13, 14, 15, 16, 17, 18, 19, 20, 21, 22, 23, 24, 25, 26, 27, 28, 29, 30, 31] channels: 0xffffffff
How COPY_GB_BK_only_trace hexadecimal channel mask looks for [0, 1, 2, 3, 4, 5, 6, 7, 8, 9, 10, 11, 12, 13, 14, 15, 16, 17, 18, 19, 20, 21, 22, 23, 24, 25, 26, 27, 28, 29, 30, 31] channels: 0xffffffff
How COPY_GB_BK_only_trace hexadecimal channel mask looks for [0, 1, 2, 3, 4, 5, 6, 7, 8, 9, 10, 11, 12, 13, 14, 15, 16, 17, 18, 19, 20, 21, 22, 23, 24, 25, 26, 27, 28, 29, 30, 31] channels: 0xffffffff
How COPY_GB_BK_only_trace hexadecimal channel mask looks for [0, 1, 2, 3, 4, 5, 6, 7, 8, 9, 10, 11, 12, 13, 14, 15, 16, 17, 18, 19, 20, 21, 22, 23, 24, 25, 26, 27, 28, 29, 30, 31] channels: 0xffffffff
How COPY_GB_BK_only_trace hexadecimal channel mask looks for [0, 1, 2, 3, 4, 5, 6, 7, 8, 9, 10, 11, 12, 13, 14, 15, 16, 17, 18, 19, 20, 21, 22, 23, 24, 25, 26, 27, 28, 29, 30, 31] channels: 0xffffffff

 generate trace in function_sim, model name=None

Entered trace only in Llama.py
How COPY_GB_BK_only_trace hexadecimal channel mask looks for [0, 1, 2, 3, 4, 5, 6, 7, 8, 9, 10, 11, 12, 13, 14, 15, 16, 17, 18, 19, 20, 21, 22, 23, 24, 25, 26, 27, 28, 29, 30, 31] channels: 0xffffffff
How COPY_GB_BK_only_trace hexadecimal channel mask looks for [0, 1, 2, 3, 4, 5, 6, 7, 8, 9, 10, 11, 12, 13, 14, 15, 16, 17, 18, 19, 20, 21, 22, 23, 24, 25, 26, 27, 28, 29, 30, 31] channels: 0xffffffff
How COPY_GB_BK_only_trace hexadecimal channel mask looks for [0, 1, 2, 3, 4, 5, 6, 7, 8, 9, 10, 11, 12, 13, 14, 15, 16, 17, 18, 19, 20, 21, 22, 23, 24, 25, 26, 27, 28, 29, 30, 31] channels: 0xffffffff
How COPY_GB_BK_only_trace hexadecimal channel mask looks for [0, 1, 2, 3, 4, 5, 6, 7, 8, 9, 10, 11, 12, 13, 14, 15, 16, 17, 18, 19, 20, 21, 22, 23, 24, 25, 26, 27, 28, 29, 30, 31] channels: 0xffffffff
Entered trace only in Llama.py: trace_fc_kqvo is true, model name =None 
Model name =None with model parallel enable: False,  Dimension =4096, Total banks =128
============================== ROT EMB ==== None ====================================

EQUIVALENCE author=128, intermediate=128, mine=128

Number of banks per device:  16
Number of blocks per device:  4
Channels required for rotation of single block:  8
Channels required for rotation of all blocks:  32
All channels list for multi transformer blocks for rotation:  [0, 1, 2, 3, 4, 5, 6, 7, 8, 9, 10, 11, 12, 13, 14, 15, 16, 17, 18, 19, 20, 21, 22, 23, 24, 25, 26, 27, 28, 29, 30, 31]
EWMUL length=128 and utilized banks=32

Total banks: 128, Channels per block: 8, Banks per device: 16
EWMUL length=128 and utilized banks=32 and per channel banks=4

CopyGB RD Q: Bank 0, Row index 387, Op size 16
How COPY_MIN_GB_only_trace hexadecimal channel mask looks for [0, 1, 2, 3, 4, 5, 6, 7, 8, 9, 10, 11, 12, 13, 14, 15, 16, 17, 18, 19, 20, 21, 22, 23, 24, 25, 26, 27, 28, 29, 30, 31] channels: 0xffffffff
CopyGB RD Q: Bank 0, Total burst till now: 16
CopyGB RD Q: Bank 4, Row index 387, Op size 16
How COPY_MIN_GB_only_trace hexadecimal channel mask looks for [0, 1, 2, 3, 4, 5, 6, 7, 8, 9, 10, 11, 12, 13, 14, 15, 16, 17, 18, 19, 20, 21, 22, 23, 24, 25, 26, 27, 28, 29, 30, 31] channels: 0xffffffff
CopyGB RD Q: Bank 4, Total burst till now: 32
CopyGB RD Q: Bank 8, Row index 387, Op size 16
How COPY_MIN_GB_only_trace hexadecimal channel mask looks for [0, 1, 2, 3, 4, 5, 6, 7, 8, 9, 10, 11, 12, 13, 14, 15, 16, 17, 18, 19, 20, 21, 22, 23, 24, 25, 26, 27, 28, 29, 30, 31] channels: 0xffffffff
CopyGB RD Q: Bank 8, Total burst till now: 48
CopyGB RD Q: Bank 12, Row index 387, Op size 16
How COPY_MIN_GB_only_trace hexadecimal channel mask looks for [0, 1, 2, 3, 4, 5, 6, 7, 8, 9, 10, 11, 12, 13, 14, 15, 16, 17, 18, 19, 20, 21, 22, 23, 24, 25, 26, 27, 28, 29, 30, 31] channels: 0xffffffff
CopyGB RD Q: Bank 12, Total burst till now: 64
CopyGB RD K: Bank 0, Row index 388, Op size 16
How COPY_MIN_GB_only_trace hexadecimal channel mask looks for [0, 1, 2, 3, 4, 5, 6, 7, 8, 9, 10, 11, 12, 13, 14, 15, 16, 17, 18, 19, 20, 21, 22, 23, 24, 25, 26, 27, 28, 29, 30, 31] channels: 0xffffffff
CopyGB RD K: Bank 0, Total burst till now: 16
CopyGB RD K: Bank 4, Row index 388, Op size 16
How COPY_MIN_GB_only_trace hexadecimal channel mask looks for [0, 1, 2, 3, 4, 5, 6, 7, 8, 9, 10, 11, 12, 13, 14, 15, 16, 17, 18, 19, 20, 21, 22, 23, 24, 25, 26, 27, 28, 29, 30, 31] channels: 0xffffffff
CopyGB RD K: Bank 4, Total burst till now: 32
CopyGB RD K: Bank 8, Row index 388, Op size 16
How COPY_MIN_GB_only_trace hexadecimal channel mask looks for [0, 1, 2, 3, 4, 5, 6, 7, 8, 9, 10, 11, 12, 13, 14, 15, 16, 17, 18, 19, 20, 21, 22, 23, 24, 25, 26, 27, 28, 29, 30, 31] channels: 0xffffffff
CopyGB RD K: Bank 8, Total burst till now: 48
CopyGB RD K: Bank 12, Row index 388, Op size 16
How COPY_MIN_GB_only_trace hexadecimal channel mask looks for [0, 1, 2, 3, 4, 5, 6, 7, 8, 9, 10, 11, 12, 13, 14, 15, 16, 17, 18, 19, 20, 21, 22, 23, 24, 25, 26, 27, 28, 29, 30, 31] channels: 0xffffffff
CopyGB RD K: Bank 12, Total burst till now: 64
CopyGB RD INV Q: Bank 2, Row index 387, Op size 16
How COPY_MIN_GB_only_trace hexadecimal channel mask looks for [0, 1, 2, 3, 4, 5, 6, 7, 8, 9, 10, 11, 12, 13, 14, 15, 16, 17, 18, 19, 20, 21, 22, 23, 24, 25, 26, 27, 28, 29, 30, 31] channels: 0xffffffff
CopyGB RD INV Q: Bank 2, Total burst till now: 16
CopyGB RD INV Q: Bank 6, Row index 387, Op size 16
How COPY_MIN_GB_only_trace hexadecimal channel mask looks for [0, 1, 2, 3, 4, 5, 6, 7, 8, 9, 10, 11, 12, 13, 14, 15, 16, 17, 18, 19, 20, 21, 22, 23, 24, 25, 26, 27, 28, 29, 30, 31] channels: 0xffffffff
CopyGB RD INV Q: Bank 6, Total burst till now: 32
CopyGB RD INV Q: Bank 10, Row index 387, Op size 16
How COPY_MIN_GB_only_trace hexadecimal channel mask looks for [0, 1, 2, 3, 4, 5, 6, 7, 8, 9, 10, 11, 12, 13, 14, 15, 16, 17, 18, 19, 20, 21, 22, 23, 24, 25, 26, 27, 28, 29, 30, 31] channels: 0xffffffff
CopyGB RD INV Q: Bank 10, Total burst till now: 48
CopyGB RD INV Q: Bank 14, Row index 387, Op size 16
How COPY_MIN_GB_only_trace hexadecimal channel mask looks for [0, 1, 2, 3, 4, 5, 6, 7, 8, 9, 10, 11, 12, 13, 14, 15, 16, 17, 18, 19, 20, 21, 22, 23, 24, 25, 26, 27, 28, 29, 30, 31] channels: 0xffffffff
CopyGB RD INV Q: Bank 14, Total burst till now: 64
CopyGB RD INV K: Bank 2, Row index 388, Op size 16
How COPY_MIN_GB_only_trace hexadecimal channel mask looks for [0, 1, 2, 3, 4, 5, 6, 7, 8, 9, 10, 11, 12, 13, 14, 15, 16, 17, 18, 19, 20, 21, 22, 23, 24, 25, 26, 27, 28, 29, 30, 31] channels: 0xffffffff
CopyGB RD INV K: Bank 2, Total burst till now: 16
CopyGB RD INV K: Bank 6, Row index 388, Op size 16
How COPY_MIN_GB_only_trace hexadecimal channel mask looks for [0, 1, 2, 3, 4, 5, 6, 7, 8, 9, 10, 11, 12, 13, 14, 15, 16, 17, 18, 19, 20, 21, 22, 23, 24, 25, 26, 27, 28, 29, 30, 31] channels: 0xffffffff
CopyGB RD INV K: Bank 6, Total burst till now: 32
CopyGB RD INV K: Bank 10, Row index 388, Op size 16
How COPY_MIN_GB_only_trace hexadecimal channel mask looks for [0, 1, 2, 3, 4, 5, 6, 7, 8, 9, 10, 11, 12, 13, 14, 15, 16, 17, 18, 19, 20, 21, 22, 23, 24, 25, 26, 27, 28, 29, 30, 31] channels: 0xffffffff
CopyGB RD INV K: Bank 10, Total burst till now: 48
CopyGB RD INV K: Bank 14, Row index 388, Op size 16
How COPY_MIN_GB_only_trace hexadecimal channel mask looks for [0, 1, 2, 3, 4, 5, 6, 7, 8, 9, 10, 11, 12, 13, 14, 15, 16, 17, 18, 19, 20, 21, 22, 23, 24, 25, 26, 27, 28, 29, 30, 31] channels: 0xffffffff
CopyGB RD INV K: Bank 14, Total burst till now: 64
dim=4096 and burst_length=16
Total elements turned number of block * dimension =16384
Model: None, RD-WR SBK for Q and K is same=8192, ewmul_q_burst=4096, ewmul_k_burst=4096
================================ END OF ROT EMB TRACE ==================================
How COPY_GB_BK_only_trace hexadecimal channel mask looks for [0, 1, 2, 3, 4, 5, 6, 7, 8, 9, 10, 11, 12, 13, 14, 15, 16, 17, 18, 19, 20, 21, 22, 23, 24, 25, 26, 27, 28, 29, 30, 31] channels: 0xffffffff
How COPY_GB_BK_only_trace hexadecimal channel mask looks for [0, 1, 2, 3, 4, 5, 6, 7, 8, 9, 10, 11, 12, 13, 14, 15, 16, 17, 18, 19, 20, 21, 22, 23, 24, 25, 26, 27, 28, 29, 30, 31] channels: 0xffffffff
How COPY_GB_BK_only_trace hexadecimal channel mask looks for [0, 1, 2, 3, 4, 5, 6, 7, 8, 9, 10, 11, 12, 13, 14, 15, 16, 17, 18, 19, 20, 21, 22, 23, 24, 25, 26, 27, 28, 29, 30, 31] channels: 0xffffffff
How COPY_GB_BK_only_trace hexadecimal channel mask looks for [0, 1, 2, 3, 4, 5, 6, 7, 8, 9, 10, 11, 12, 13, 14, 15, 16, 17, 18, 19, 20, 21, 22, 23, 24, 25, 26, 27, 28, 29, 30, 31] channels: 0xffffffff
How COPY_GB_BK_only_trace hexadecimal channel mask looks for [0, 1, 2, 3, 4, 5, 6, 7, 8, 9, 10, 11, 12, 13, 14, 15, 16, 17, 18, 19, 20, 21, 22, 23, 24, 25, 26, 27, 28, 29, 30, 31] channels: 0xffffffff
How COPY_GB_BK_only_trace hexadecimal channel mask looks for [0, 1, 2, 3, 4, 5, 6, 7, 8, 9, 10, 11, 12, 13, 14, 15, 16, 17, 18, 19, 20, 21, 22, 23, 24, 25, 26, 27, 28, 29, 30, 31] channels: 0xffffffff
How COPY_GB_BK_only_trace hexadecimal channel mask looks for [0, 1, 2, 3, 4, 5, 6, 7, 8, 9, 10, 11, 12, 13, 14, 15, 16, 17, 18, 19, 20, 21, 22, 23, 24, 25, 26, 27, 28, 29, 30, 31] channels: 0xffffffff
How COPY_GB_BK_only_trace hexadecimal channel mask looks for [0, 1, 2, 3, 4, 5, 6, 7, 8, 9, 10, 11, 12, 13, 14, 15, 16, 17, 18, 19, 20, 21, 22, 23, 24, 25, 26, 27, 28, 29, 30, 31] channels: 0xffffffff

 generate trace in function_sim, model name=None

Entered trace only in Llama.py
How COPY_GB_BK_only_trace hexadecimal channel mask looks for [0, 1, 2, 3, 4, 5, 6, 7, 8, 9, 10, 11, 12, 13, 14, 15, 16, 17, 18, 19, 20, 21, 22, 23, 24, 25, 26, 27, 28, 29, 30, 31] channels: 0xffffffff
How COPY_GB_BK_only_trace hexadecimal channel mask looks for [0, 1, 2, 3, 4, 5, 6, 7, 8, 9, 10, 11, 12, 13, 14, 15, 16, 17, 18, 19, 20, 21, 22, 23, 24, 25, 26, 27, 28, 29, 30, 31] channels: 0xffffffff
How COPY_GB_BK_only_trace hexadecimal channel mask looks for [0, 1, 2, 3, 4, 5, 6, 7, 8, 9, 10, 11, 12, 13, 14, 15, 16, 17, 18, 19, 20, 21, 22, 23, 24, 25, 26, 27, 28, 29, 30, 31] channels: 0xffffffff
How COPY_GB_BK_only_trace hexadecimal channel mask looks for [0, 1, 2, 3, 4, 5, 6, 7, 8, 9, 10, 11, 12, 13, 14, 15, 16, 17, 18, 19, 20, 21, 22, 23, 24, 25, 26, 27, 28, 29, 30, 31] channels: 0xffffffff
Entered trace only in Llama.py: trace_fc_kqvo is true, model name =None 
Model name =None with model parallel enable: False,  Dimension =4096, Total banks =128
============================== ROT EMB ==== None ====================================

EQUIVALENCE author=128, intermediate=128, mine=128

Number of banks per device:  16
Number of blocks per device:  4
Channels required for rotation of single block:  8
Channels required for rotation of all blocks:  32
All channels list for multi transformer blocks for rotation:  [0, 1, 2, 3, 4, 5, 6, 7, 8, 9, 10, 11, 12, 13, 14, 15, 16, 17, 18, 19, 20, 21, 22, 23, 24, 25, 26, 27, 28, 29, 30, 31]
EWMUL length=128 and utilized banks=32

Total banks: 128, Channels per block: 8, Banks per device: 16
EWMUL length=128 and utilized banks=32 and per channel banks=4

CopyGB RD Q: Bank 0, Row index 387, Op size 16
How COPY_MIN_GB_only_trace hexadecimal channel mask looks for [0, 1, 2, 3, 4, 5, 6, 7, 8, 9, 10, 11, 12, 13, 14, 15, 16, 17, 18, 19, 20, 21, 22, 23, 24, 25, 26, 27, 28, 29, 30, 31] channels: 0xffffffff
CopyGB RD Q: Bank 0, Total burst till now: 16
CopyGB RD Q: Bank 4, Row index 387, Op size 16
How COPY_MIN_GB_only_trace hexadecimal channel mask looks for [0, 1, 2, 3, 4, 5, 6, 7, 8, 9, 10, 11, 12, 13, 14, 15, 16, 17, 18, 19, 20, 21, 22, 23, 24, 25, 26, 27, 28, 29, 30, 31] channels: 0xffffffff
CopyGB RD Q: Bank 4, Total burst till now: 32
CopyGB RD Q: Bank 8, Row index 387, Op size 16
How COPY_MIN_GB_only_trace hexadecimal channel mask looks for [0, 1, 2, 3, 4, 5, 6, 7, 8, 9, 10, 11, 12, 13, 14, 15, 16, 17, 18, 19, 20, 21, 22, 23, 24, 25, 26, 27, 28, 29, 30, 31] channels: 0xffffffff
CopyGB RD Q: Bank 8, Total burst till now: 48
CopyGB RD Q: Bank 12, Row index 387, Op size 16
How COPY_MIN_GB_only_trace hexadecimal channel mask looks for [0, 1, 2, 3, 4, 5, 6, 7, 8, 9, 10, 11, 12, 13, 14, 15, 16, 17, 18, 19, 20, 21, 22, 23, 24, 25, 26, 27, 28, 29, 30, 31] channels: 0xffffffff
CopyGB RD Q: Bank 12, Total burst till now: 64
CopyGB RD K: Bank 0, Row index 388, Op size 16
How COPY_MIN_GB_only_trace hexadecimal channel mask looks for [0, 1, 2, 3, 4, 5, 6, 7, 8, 9, 10, 11, 12, 13, 14, 15, 16, 17, 18, 19, 20, 21, 22, 23, 24, 25, 26, 27, 28, 29, 30, 31] channels: 0xffffffff
CopyGB RD K: Bank 0, Total burst till now: 16
CopyGB RD K: Bank 4, Row index 388, Op size 16
How COPY_MIN_GB_only_trace hexadecimal channel mask looks for [0, 1, 2, 3, 4, 5, 6, 7, 8, 9, 10, 11, 12, 13, 14, 15, 16, 17, 18, 19, 20, 21, 22, 23, 24, 25, 26, 27, 28, 29, 30, 31] channels: 0xffffffff
CopyGB RD K: Bank 4, Total burst till now: 32
CopyGB RD K: Bank 8, Row index 388, Op size 16
How COPY_MIN_GB_only_trace hexadecimal channel mask looks for [0, 1, 2, 3, 4, 5, 6, 7, 8, 9, 10, 11, 12, 13, 14, 15, 16, 17, 18, 19, 20, 21, 22, 23, 24, 25, 26, 27, 28, 29, 30, 31] channels: 0xffffffff
CopyGB RD K: Bank 8, Total burst till now: 48
CopyGB RD K: Bank 12, Row index 388, Op size 16
How COPY_MIN_GB_only_trace hexadecimal channel mask looks for [0, 1, 2, 3, 4, 5, 6, 7, 8, 9, 10, 11, 12, 13, 14, 15, 16, 17, 18, 19, 20, 21, 22, 23, 24, 25, 26, 27, 28, 29, 30, 31] channels: 0xffffffff
CopyGB RD K: Bank 12, Total burst till now: 64
CopyGB RD INV Q: Bank 2, Row index 387, Op size 16
How COPY_MIN_GB_only_trace hexadecimal channel mask looks for [0, 1, 2, 3, 4, 5, 6, 7, 8, 9, 10, 11, 12, 13, 14, 15, 16, 17, 18, 19, 20, 21, 22, 23, 24, 25, 26, 27, 28, 29, 30, 31] channels: 0xffffffff
CopyGB RD INV Q: Bank 2, Total burst till now: 16
CopyGB RD INV Q: Bank 6, Row index 387, Op size 16
How COPY_MIN_GB_only_trace hexadecimal channel mask looks for [0, 1, 2, 3, 4, 5, 6, 7, 8, 9, 10, 11, 12, 13, 14, 15, 16, 17, 18, 19, 20, 21, 22, 23, 24, 25, 26, 27, 28, 29, 30, 31] channels: 0xffffffff
CopyGB RD INV Q: Bank 6, Total burst till now: 32
CopyGB RD INV Q: Bank 10, Row index 387, Op size 16
How COPY_MIN_GB_only_trace hexadecimal channel mask looks for [0, 1, 2, 3, 4, 5, 6, 7, 8, 9, 10, 11, 12, 13, 14, 15, 16, 17, 18, 19, 20, 21, 22, 23, 24, 25, 26, 27, 28, 29, 30, 31] channels: 0xffffffff
CopyGB RD INV Q: Bank 10, Total burst till now: 48
CopyGB RD INV Q: Bank 14, Row index 387, Op size 16
How COPY_MIN_GB_only_trace hexadecimal channel mask looks for [0, 1, 2, 3, 4, 5, 6, 7, 8, 9, 10, 11, 12, 13, 14, 15, 16, 17, 18, 19, 20, 21, 22, 23, 24, 25, 26, 27, 28, 29, 30, 31] channels: 0xffffffff
CopyGB RD INV Q: Bank 14, Total burst till now: 64
CopyGB RD INV K: Bank 2, Row index 388, Op size 16
How COPY_MIN_GB_only_trace hexadecimal channel mask looks for [0, 1, 2, 3, 4, 5, 6, 7, 8, 9, 10, 11, 12, 13, 14, 15, 16, 17, 18, 19, 20, 21, 22, 23, 24, 25, 26, 27, 28, 29, 30, 31] channels: 0xffffffff
CopyGB RD INV K: Bank 2, Total burst till now: 16
CopyGB RD INV K: Bank 6, Row index 388, Op size 16
How COPY_MIN_GB_only_trace hexadecimal channel mask looks for [0, 1, 2, 3, 4, 5, 6, 7, 8, 9, 10, 11, 12, 13, 14, 15, 16, 17, 18, 19, 20, 21, 22, 23, 24, 25, 26, 27, 28, 29, 30, 31] channels: 0xffffffff
CopyGB RD INV K: Bank 6, Total burst till now: 32
CopyGB RD INV K: Bank 10, Row index 388, Op size 16
How COPY_MIN_GB_only_trace hexadecimal channel mask looks for [0, 1, 2, 3, 4, 5, 6, 7, 8, 9, 10, 11, 12, 13, 14, 15, 16, 17, 18, 19, 20, 21, 22, 23, 24, 25, 26, 27, 28, 29, 30, 31] channels: 0xffffffff
CopyGB RD INV K: Bank 10, Total burst till now: 48
CopyGB RD INV K: Bank 14, Row index 388, Op size 16
How COPY_MIN_GB_only_trace hexadecimal channel mask looks for [0, 1, 2, 3, 4, 5, 6, 7, 8, 9, 10, 11, 12, 13, 14, 15, 16, 17, 18, 19, 20, 21, 22, 23, 24, 25, 26, 27, 28, 29, 30, 31] channels: 0xffffffff
CopyGB RD INV K: Bank 14, Total burst till now: 64
dim=4096 and burst_length=16
Total elements turned number of block * dimension =16384
Model: None, RD-WR SBK for Q and K is same=8192, ewmul_q_burst=4096, ewmul_k_burst=4096
================================ END OF ROT EMB TRACE ==================================
How COPY_GB_BK_only_trace hexadecimal channel mask looks for [0, 1, 2, 3, 4, 5, 6, 7, 8, 9, 10, 11, 12, 13, 14, 15, 16, 17, 18, 19, 20, 21, 22, 23, 24, 25, 26, 27, 28, 29, 30, 31] channels: 0xffffffff
How COPY_GB_BK_only_trace hexadecimal channel mask looks for [0, 1, 2, 3, 4, 5, 6, 7, 8, 9, 10, 11, 12, 13, 14, 15, 16, 17, 18, 19, 20, 21, 22, 23, 24, 25, 26, 27, 28, 29, 30, 31] channels: 0xffffffff
How COPY_GB_BK_only_trace hexadecimal channel mask looks for [0, 1, 2, 3, 4, 5, 6, 7, 8, 9, 10, 11, 12, 13, 14, 15, 16, 17, 18, 19, 20, 21, 22, 23, 24, 25, 26, 27, 28, 29, 30, 31] channels: 0xffffffff
How COPY_GB_BK_only_trace hexadecimal channel mask looks for [0, 1, 2, 3, 4, 5, 6, 7, 8, 9, 10, 11, 12, 13, 14, 15, 16, 17, 18, 19, 20, 21, 22, 23, 24, 25, 26, 27, 28, 29, 30, 31] channels: 0xffffffff
How COPY_GB_BK_only_trace hexadecimal channel mask looks for [0, 1, 2, 3, 4, 5, 6, 7, 8, 9, 10, 11, 12, 13, 14, 15, 16, 17, 18, 19, 20, 21, 22, 23, 24, 25, 26, 27, 28, 29, 30, 31] channels: 0xffffffff
How COPY_GB_BK_only_trace hexadecimal channel mask looks for [0, 1, 2, 3, 4, 5, 6, 7, 8, 9, 10, 11, 12, 13, 14, 15, 16, 17, 18, 19, 20, 21, 22, 23, 24, 25, 26, 27, 28, 29, 30, 31] channels: 0xffffffff
How COPY_GB_BK_only_trace hexadecimal channel mask looks for [0, 1, 2, 3, 4, 5, 6, 7, 8, 9, 10, 11, 12, 13, 14, 15, 16, 17, 18, 19, 20, 21, 22, 23, 24, 25, 26, 27, 28, 29, 30, 31] channels: 0xffffffff
How COPY_GB_BK_only_trace hexadecimal channel mask looks for [0, 1, 2, 3, 4, 5, 6, 7, 8, 9, 10, 11, 12, 13, 14, 15, 16, 17, 18, 19, 20, 21, 22, 23, 24, 25, 26, 27, 28, 29, 30, 31] channels: 0xffffffff

 generate trace in function_sim, model name=None

Entered trace only in Llama.py
How COPY_GB_BK_only_trace hexadecimal channel mask looks for [0, 1, 2, 3, 4, 5, 6, 7, 8, 9, 10, 11, 12, 13, 14, 15, 16, 17, 18, 19, 20, 21, 22, 23, 24, 25, 26, 27, 28, 29, 30, 31] channels: 0xffffffff
How COPY_GB_BK_only_trace hexadecimal channel mask looks for [0, 1, 2, 3, 4, 5, 6, 7, 8, 9, 10, 11, 12, 13, 14, 15, 16, 17, 18, 19, 20, 21, 22, 23, 24, 25, 26, 27, 28, 29, 30, 31] channels: 0xffffffff
How COPY_GB_BK_only_trace hexadecimal channel mask looks for [0, 1, 2, 3, 4, 5, 6, 7, 8, 9, 10, 11, 12, 13, 14, 15, 16, 17, 18, 19, 20, 21, 22, 23, 24, 25, 26, 27, 28, 29, 30, 31] channels: 0xffffffff
How COPY_GB_BK_only_trace hexadecimal channel mask looks for [0, 1, 2, 3, 4, 5, 6, 7, 8, 9, 10, 11, 12, 13, 14, 15, 16, 17, 18, 19, 20, 21, 22, 23, 24, 25, 26, 27, 28, 29, 30, 31] channels: 0xffffffff
Entered trace only in Llama.py: trace_fc_kqvo is true, model name =None 
Model name =None with model parallel enable: False,  Dimension =4096, Total banks =128
============================== ROT EMB ==== None ====================================

EQUIVALENCE author=128, intermediate=128, mine=128

Number of banks per device:  16
Number of blocks per device:  4
Channels required for rotation of single block:  8
Channels required for rotation of all blocks:  32
All channels list for multi transformer blocks for rotation:  [0, 1, 2, 3, 4, 5, 6, 7, 8, 9, 10, 11, 12, 13, 14, 15, 16, 17, 18, 19, 20, 21, 22, 23, 24, 25, 26, 27, 28, 29, 30, 31]
EWMUL length=128 and utilized banks=32

Total banks: 128, Channels per block: 8, Banks per device: 16
EWMUL length=128 and utilized banks=32 and per channel banks=4

CopyGB RD Q: Bank 0, Row index 387, Op size 16
How COPY_MIN_GB_only_trace hexadecimal channel mask looks for [0, 1, 2, 3, 4, 5, 6, 7, 8, 9, 10, 11, 12, 13, 14, 15, 16, 17, 18, 19, 20, 21, 22, 23, 24, 25, 26, 27, 28, 29, 30, 31] channels: 0xffffffff
CopyGB RD Q: Bank 0, Total burst till now: 16
CopyGB RD Q: Bank 4, Row index 387, Op size 16
How COPY_MIN_GB_only_trace hexadecimal channel mask looks for [0, 1, 2, 3, 4, 5, 6, 7, 8, 9, 10, 11, 12, 13, 14, 15, 16, 17, 18, 19, 20, 21, 22, 23, 24, 25, 26, 27, 28, 29, 30, 31] channels: 0xffffffff
CopyGB RD Q: Bank 4, Total burst till now: 32
CopyGB RD Q: Bank 8, Row index 387, Op size 16
How COPY_MIN_GB_only_trace hexadecimal channel mask looks for [0, 1, 2, 3, 4, 5, 6, 7, 8, 9, 10, 11, 12, 13, 14, 15, 16, 17, 18, 19, 20, 21, 22, 23, 24, 25, 26, 27, 28, 29, 30, 31] channels: 0xffffffff
CopyGB RD Q: Bank 8, Total burst till now: 48
CopyGB RD Q: Bank 12, Row index 387, Op size 16
How COPY_MIN_GB_only_trace hexadecimal channel mask looks for [0, 1, 2, 3, 4, 5, 6, 7, 8, 9, 10, 11, 12, 13, 14, 15, 16, 17, 18, 19, 20, 21, 22, 23, 24, 25, 26, 27, 28, 29, 30, 31] channels: 0xffffffff
CopyGB RD Q: Bank 12, Total burst till now: 64
CopyGB RD K: Bank 0, Row index 388, Op size 16
How COPY_MIN_GB_only_trace hexadecimal channel mask looks for [0, 1, 2, 3, 4, 5, 6, 7, 8, 9, 10, 11, 12, 13, 14, 15, 16, 17, 18, 19, 20, 21, 22, 23, 24, 25, 26, 27, 28, 29, 30, 31] channels: 0xffffffff
CopyGB RD K: Bank 0, Total burst till now: 16
CopyGB RD K: Bank 4, Row index 388, Op size 16
How COPY_MIN_GB_only_trace hexadecimal channel mask looks for [0, 1, 2, 3, 4, 5, 6, 7, 8, 9, 10, 11, 12, 13, 14, 15, 16, 17, 18, 19, 20, 21, 22, 23, 24, 25, 26, 27, 28, 29, 30, 31] channels: 0xffffffff
CopyGB RD K: Bank 4, Total burst till now: 32
CopyGB RD K: Bank 8, Row index 388, Op size 16
How COPY_MIN_GB_only_trace hexadecimal channel mask looks for [0, 1, 2, 3, 4, 5, 6, 7, 8, 9, 10, 11, 12, 13, 14, 15, 16, 17, 18, 19, 20, 21, 22, 23, 24, 25, 26, 27, 28, 29, 30, 31] channels: 0xffffffff
CopyGB RD K: Bank 8, Total burst till now: 48
CopyGB RD K: Bank 12, Row index 388, Op size 16
How COPY_MIN_GB_only_trace hexadecimal channel mask looks for [0, 1, 2, 3, 4, 5, 6, 7, 8, 9, 10, 11, 12, 13, 14, 15, 16, 17, 18, 19, 20, 21, 22, 23, 24, 25, 26, 27, 28, 29, 30, 31] channels: 0xffffffff
CopyGB RD K: Bank 12, Total burst till now: 64
CopyGB RD INV Q: Bank 2, Row index 387, Op size 16
How COPY_MIN_GB_only_trace hexadecimal channel mask looks for [0, 1, 2, 3, 4, 5, 6, 7, 8, 9, 10, 11, 12, 13, 14, 15, 16, 17, 18, 19, 20, 21, 22, 23, 24, 25, 26, 27, 28, 29, 30, 31] channels: 0xffffffff
CopyGB RD INV Q: Bank 2, Total burst till now: 16
CopyGB RD INV Q: Bank 6, Row index 387, Op size 16
How COPY_MIN_GB_only_trace hexadecimal channel mask looks for [0, 1, 2, 3, 4, 5, 6, 7, 8, 9, 10, 11, 12, 13, 14, 15, 16, 17, 18, 19, 20, 21, 22, 23, 24, 25, 26, 27, 28, 29, 30, 31] channels: 0xffffffff
CopyGB RD INV Q: Bank 6, Total burst till now: 32
CopyGB RD INV Q: Bank 10, Row index 387, Op size 16
How COPY_MIN_GB_only_trace hexadecimal channel mask looks for [0, 1, 2, 3, 4, 5, 6, 7, 8, 9, 10, 11, 12, 13, 14, 15, 16, 17, 18, 19, 20, 21, 22, 23, 24, 25, 26, 27, 28, 29, 30, 31] channels: 0xffffffff
CopyGB RD INV Q: Bank 10, Total burst till now: 48
CopyGB RD INV Q: Bank 14, Row index 387, Op size 16
How COPY_MIN_GB_only_trace hexadecimal channel mask looks for [0, 1, 2, 3, 4, 5, 6, 7, 8, 9, 10, 11, 12, 13, 14, 15, 16, 17, 18, 19, 20, 21, 22, 23, 24, 25, 26, 27, 28, 29, 30, 31] channels: 0xffffffff
CopyGB RD INV Q: Bank 14, Total burst till now: 64
CopyGB RD INV K: Bank 2, Row index 388, Op size 16
How COPY_MIN_GB_only_trace hexadecimal channel mask looks for [0, 1, 2, 3, 4, 5, 6, 7, 8, 9, 10, 11, 12, 13, 14, 15, 16, 17, 18, 19, 20, 21, 22, 23, 24, 25, 26, 27, 28, 29, 30, 31] channels: 0xffffffff
CopyGB RD INV K: Bank 2, Total burst till now: 16
CopyGB RD INV K: Bank 6, Row index 388, Op size 16
How COPY_MIN_GB_only_trace hexadecimal channel mask looks for [0, 1, 2, 3, 4, 5, 6, 7, 8, 9, 10, 11, 12, 13, 14, 15, 16, 17, 18, 19, 20, 21, 22, 23, 24, 25, 26, 27, 28, 29, 30, 31] channels: 0xffffffff
CopyGB RD INV K: Bank 6, Total burst till now: 32
CopyGB RD INV K: Bank 10, Row index 388, Op size 16
How COPY_MIN_GB_only_trace hexadecimal channel mask looks for [0, 1, 2, 3, 4, 5, 6, 7, 8, 9, 10, 11, 12, 13, 14, 15, 16, 17, 18, 19, 20, 21, 22, 23, 24, 25, 26, 27, 28, 29, 30, 31] channels: 0xffffffff
CopyGB RD INV K: Bank 10, Total burst till now: 48
CopyGB RD INV K: Bank 14, Row index 388, Op size 16
How COPY_MIN_GB_only_trace hexadecimal channel mask looks for [0, 1, 2, 3, 4, 5, 6, 7, 8, 9, 10, 11, 12, 13, 14, 15, 16, 17, 18, 19, 20, 21, 22, 23, 24, 25, 26, 27, 28, 29, 30, 31] channels: 0xffffffff
CopyGB RD INV K: Bank 14, Total burst till now: 64
dim=4096 and burst_length=16
Total elements turned number of block * dimension =16384
Model: None, RD-WR SBK for Q and K is same=8192, ewmul_q_burst=4096, ewmul_k_burst=4096
================================ END OF ROT EMB TRACE ==================================
How COPY_GB_BK_only_trace hexadecimal channel mask looks for [0, 1, 2, 3, 4, 5, 6, 7, 8, 9, 10, 11, 12, 13, 14, 15, 16, 17, 18, 19, 20, 21, 22, 23, 24, 25, 26, 27, 28, 29, 30, 31] channels: 0xffffffff
How COPY_GB_BK_only_trace hexadecimal channel mask looks for [0, 1, 2, 3, 4, 5, 6, 7, 8, 9, 10, 11, 12, 13, 14, 15, 16, 17, 18, 19, 20, 21, 22, 23, 24, 25, 26, 27, 28, 29, 30, 31] channels: 0xffffffff
How COPY_GB_BK_only_trace hexadecimal channel mask looks for [0, 1, 2, 3, 4, 5, 6, 7, 8, 9, 10, 11, 12, 13, 14, 15, 16, 17, 18, 19, 20, 21, 22, 23, 24, 25, 26, 27, 28, 29, 30, 31] channels: 0xffffffff
How COPY_GB_BK_only_trace hexadecimal channel mask looks for [0, 1, 2, 3, 4, 5, 6, 7, 8, 9, 10, 11, 12, 13, 14, 15, 16, 17, 18, 19, 20, 21, 22, 23, 24, 25, 26, 27, 28, 29, 30, 31] channels: 0xffffffff
How COPY_GB_BK_only_trace hexadecimal channel mask looks for [0, 1, 2, 3, 4, 5, 6, 7, 8, 9, 10, 11, 12, 13, 14, 15, 16, 17, 18, 19, 20, 21, 22, 23, 24, 25, 26, 27, 28, 29, 30, 31] channels: 0xffffffff
How COPY_GB_BK_only_trace hexadecimal channel mask looks for [0, 1, 2, 3, 4, 5, 6, 7, 8, 9, 10, 11, 12, 13, 14, 15, 16, 17, 18, 19, 20, 21, 22, 23, 24, 25, 26, 27, 28, 29, 30, 31] channels: 0xffffffff
How COPY_GB_BK_only_trace hexadecimal channel mask looks for [0, 1, 2, 3, 4, 5, 6, 7, 8, 9, 10, 11, 12, 13, 14, 15, 16, 17, 18, 19, 20, 21, 22, 23, 24, 25, 26, 27, 28, 29, 30, 31] channels: 0xffffffff
How COPY_GB_BK_only_trace hexadecimal channel mask looks for [0, 1, 2, 3, 4, 5, 6, 7, 8, 9, 10, 11, 12, 13, 14, 15, 16, 17, 18, 19, 20, 21, 22, 23, 24, 25, 26, 27, 28, 29, 30, 31] channels: 0xffffffff

 generate trace in function_sim, model name=None

Entered trace only in Llama.py
How COPY_GB_BK_only_trace hexadecimal channel mask looks for [0, 1, 2, 3, 4, 5, 6, 7, 8, 9, 10, 11, 12, 13, 14, 15, 16, 17, 18, 19, 20, 21, 22, 23, 24, 25, 26, 27, 28, 29, 30, 31] channels: 0xffffffff
How COPY_GB_BK_only_trace hexadecimal channel mask looks for [0, 1, 2, 3, 4, 5, 6, 7, 8, 9, 10, 11, 12, 13, 14, 15, 16, 17, 18, 19, 20, 21, 22, 23, 24, 25, 26, 27, 28, 29, 30, 31] channels: 0xffffffff
How COPY_GB_BK_only_trace hexadecimal channel mask looks for [0, 1, 2, 3, 4, 5, 6, 7, 8, 9, 10, 11, 12, 13, 14, 15, 16, 17, 18, 19, 20, 21, 22, 23, 24, 25, 26, 27, 28, 29, 30, 31] channels: 0xffffffff
How COPY_GB_BK_only_trace hexadecimal channel mask looks for [0, 1, 2, 3, 4, 5, 6, 7, 8, 9, 10, 11, 12, 13, 14, 15, 16, 17, 18, 19, 20, 21, 22, 23, 24, 25, 26, 27, 28, 29, 30, 31] channels: 0xffffffff
Entered trace only in Llama.py: trace_fc_kqvo is true, model name =None 
Model name =None with model parallel enable: False,  Dimension =4096, Total banks =128
============================== ROT EMB ==== None ====================================

EQUIVALENCE author=128, intermediate=128, mine=128

Number of banks per device:  16
Number of blocks per device:  4
Channels required for rotation of single block:  8
Channels required for rotation of all blocks:  32
All channels list for multi transformer blocks for rotation:  [0, 1, 2, 3, 4, 5, 6, 7, 8, 9, 10, 11, 12, 13, 14, 15, 16, 17, 18, 19, 20, 21, 22, 23, 24, 25, 26, 27, 28, 29, 30, 31]
EWMUL length=128 and utilized banks=32

Total banks: 128, Channels per block: 8, Banks per device: 16
EWMUL length=128 and utilized banks=32 and per channel banks=4

CopyGB RD Q: Bank 0, Row index 387, Op size 16
How COPY_MIN_GB_only_trace hexadecimal channel mask looks for [0, 1, 2, 3, 4, 5, 6, 7, 8, 9, 10, 11, 12, 13, 14, 15, 16, 17, 18, 19, 20, 21, 22, 23, 24, 25, 26, 27, 28, 29, 30, 31] channels: 0xffffffff
CopyGB RD Q: Bank 0, Total burst till now: 16
CopyGB RD Q: Bank 4, Row index 387, Op size 16
How COPY_MIN_GB_only_trace hexadecimal channel mask looks for [0, 1, 2, 3, 4, 5, 6, 7, 8, 9, 10, 11, 12, 13, 14, 15, 16, 17, 18, 19, 20, 21, 22, 23, 24, 25, 26, 27, 28, 29, 30, 31] channels: 0xffffffff
CopyGB RD Q: Bank 4, Total burst till now: 32
CopyGB RD Q: Bank 8, Row index 387, Op size 16
How COPY_MIN_GB_only_trace hexadecimal channel mask looks for [0, 1, 2, 3, 4, 5, 6, 7, 8, 9, 10, 11, 12, 13, 14, 15, 16, 17, 18, 19, 20, 21, 22, 23, 24, 25, 26, 27, 28, 29, 30, 31] channels: 0xffffffff
CopyGB RD Q: Bank 8, Total burst till now: 48
CopyGB RD Q: Bank 12, Row index 387, Op size 16
How COPY_MIN_GB_only_trace hexadecimal channel mask looks for [0, 1, 2, 3, 4, 5, 6, 7, 8, 9, 10, 11, 12, 13, 14, 15, 16, 17, 18, 19, 20, 21, 22, 23, 24, 25, 26, 27, 28, 29, 30, 31] channels: 0xffffffff
CopyGB RD Q: Bank 12, Total burst till now: 64
CopyGB RD K: Bank 0, Row index 388, Op size 16
How COPY_MIN_GB_only_trace hexadecimal channel mask looks for [0, 1, 2, 3, 4, 5, 6, 7, 8, 9, 10, 11, 12, 13, 14, 15, 16, 17, 18, 19, 20, 21, 22, 23, 24, 25, 26, 27, 28, 29, 30, 31] channels: 0xffffffff
CopyGB RD K: Bank 0, Total burst till now: 16
CopyGB RD K: Bank 4, Row index 388, Op size 16
How COPY_MIN_GB_only_trace hexadecimal channel mask looks for [0, 1, 2, 3, 4, 5, 6, 7, 8, 9, 10, 11, 12, 13, 14, 15, 16, 17, 18, 19, 20, 21, 22, 23, 24, 25, 26, 27, 28, 29, 30, 31] channels: 0xffffffff
CopyGB RD K: Bank 4, Total burst till now: 32
CopyGB RD K: Bank 8, Row index 388, Op size 16
How COPY_MIN_GB_only_trace hexadecimal channel mask looks for [0, 1, 2, 3, 4, 5, 6, 7, 8, 9, 10, 11, 12, 13, 14, 15, 16, 17, 18, 19, 20, 21, 22, 23, 24, 25, 26, 27, 28, 29, 30, 31] channels: 0xffffffff
CopyGB RD K: Bank 8, Total burst till now: 48
CopyGB RD K: Bank 12, Row index 388, Op size 16
How COPY_MIN_GB_only_trace hexadecimal channel mask looks for [0, 1, 2, 3, 4, 5, 6, 7, 8, 9, 10, 11, 12, 13, 14, 15, 16, 17, 18, 19, 20, 21, 22, 23, 24, 25, 26, 27, 28, 29, 30, 31] channels: 0xffffffff
CopyGB RD K: Bank 12, Total burst till now: 64
CopyGB RD INV Q: Bank 2, Row index 387, Op size 16
How COPY_MIN_GB_only_trace hexadecimal channel mask looks for [0, 1, 2, 3, 4, 5, 6, 7, 8, 9, 10, 11, 12, 13, 14, 15, 16, 17, 18, 19, 20, 21, 22, 23, 24, 25, 26, 27, 28, 29, 30, 31] channels: 0xffffffff
CopyGB RD INV Q: Bank 2, Total burst till now: 16
CopyGB RD INV Q: Bank 6, Row index 387, Op size 16
How COPY_MIN_GB_only_trace hexadecimal channel mask looks for [0, 1, 2, 3, 4, 5, 6, 7, 8, 9, 10, 11, 12, 13, 14, 15, 16, 17, 18, 19, 20, 21, 22, 23, 24, 25, 26, 27, 28, 29, 30, 31] channels: 0xffffffff
CopyGB RD INV Q: Bank 6, Total burst till now: 32
CopyGB RD INV Q: Bank 10, Row index 387, Op size 16
How COPY_MIN_GB_only_trace hexadecimal channel mask looks for [0, 1, 2, 3, 4, 5, 6, 7, 8, 9, 10, 11, 12, 13, 14, 15, 16, 17, 18, 19, 20, 21, 22, 23, 24, 25, 26, 27, 28, 29, 30, 31] channels: 0xffffffff
CopyGB RD INV Q: Bank 10, Total burst till now: 48
CopyGB RD INV Q: Bank 14, Row index 387, Op size 16
How COPY_MIN_GB_only_trace hexadecimal channel mask looks for [0, 1, 2, 3, 4, 5, 6, 7, 8, 9, 10, 11, 12, 13, 14, 15, 16, 17, 18, 19, 20, 21, 22, 23, 24, 25, 26, 27, 28, 29, 30, 31] channels: 0xffffffff
CopyGB RD INV Q: Bank 14, Total burst till now: 64
CopyGB RD INV K: Bank 2, Row index 388, Op size 16
How COPY_MIN_GB_only_trace hexadecimal channel mask looks for [0, 1, 2, 3, 4, 5, 6, 7, 8, 9, 10, 11, 12, 13, 14, 15, 16, 17, 18, 19, 20, 21, 22, 23, 24, 25, 26, 27, 28, 29, 30, 31] channels: 0xffffffff
CopyGB RD INV K: Bank 2, Total burst till now: 16
CopyGB RD INV K: Bank 6, Row index 388, Op size 16
How COPY_MIN_GB_only_trace hexadecimal channel mask looks for [0, 1, 2, 3, 4, 5, 6, 7, 8, 9, 10, 11, 12, 13, 14, 15, 16, 17, 18, 19, 20, 21, 22, 23, 24, 25, 26, 27, 28, 29, 30, 31] channels: 0xffffffff
CopyGB RD INV K: Bank 6, Total burst till now: 32
CopyGB RD INV K: Bank 10, Row index 388, Op size 16
How COPY_MIN_GB_only_trace hexadecimal channel mask looks for [0, 1, 2, 3, 4, 5, 6, 7, 8, 9, 10, 11, 12, 13, 14, 15, 16, 17, 18, 19, 20, 21, 22, 23, 24, 25, 26, 27, 28, 29, 30, 31] channels: 0xffffffff
CopyGB RD INV K: Bank 10, Total burst till now: 48
CopyGB RD INV K: Bank 14, Row index 388, Op size 16
How COPY_MIN_GB_only_trace hexadecimal channel mask looks for [0, 1, 2, 3, 4, 5, 6, 7, 8, 9, 10, 11, 12, 13, 14, 15, 16, 17, 18, 19, 20, 21, 22, 23, 24, 25, 26, 27, 28, 29, 30, 31] channels: 0xffffffff
CopyGB RD INV K: Bank 14, Total burst till now: 64
dim=4096 and burst_length=16
Total elements turned number of block * dimension =16384
Model: None, RD-WR SBK for Q and K is same=8192, ewmul_q_burst=4096, ewmul_k_burst=4096
================================ END OF ROT EMB TRACE ==================================
How COPY_GB_BK_only_trace hexadecimal channel mask looks for [0, 1, 2, 3, 4, 5, 6, 7, 8, 9, 10, 11, 12, 13, 14, 15, 16, 17, 18, 19, 20, 21, 22, 23, 24, 25, 26, 27, 28, 29, 30, 31] channels: 0xffffffff
How COPY_GB_BK_only_trace hexadecimal channel mask looks for [0, 1, 2, 3, 4, 5, 6, 7, 8, 9, 10, 11, 12, 13, 14, 15, 16, 17, 18, 19, 20, 21, 22, 23, 24, 25, 26, 27, 28, 29, 30, 31] channels: 0xffffffff
How COPY_GB_BK_only_trace hexadecimal channel mask looks for [0, 1, 2, 3, 4, 5, 6, 7, 8, 9, 10, 11, 12, 13, 14, 15, 16, 17, 18, 19, 20, 21, 22, 23, 24, 25, 26, 27, 28, 29, 30, 31] channels: 0xffffffff
How COPY_GB_BK_only_trace hexadecimal channel mask looks for [0, 1, 2, 3, 4, 5, 6, 7, 8, 9, 10, 11, 12, 13, 14, 15, 16, 17, 18, 19, 20, 21, 22, 23, 24, 25, 26, 27, 28, 29, 30, 31] channels: 0xffffffff
How COPY_GB_BK_only_trace hexadecimal channel mask looks for [0, 1, 2, 3, 4, 5, 6, 7, 8, 9, 10, 11, 12, 13, 14, 15, 16, 17, 18, 19, 20, 21, 22, 23, 24, 25, 26, 27, 28, 29, 30, 31] channels: 0xffffffff
How COPY_GB_BK_only_trace hexadecimal channel mask looks for [0, 1, 2, 3, 4, 5, 6, 7, 8, 9, 10, 11, 12, 13, 14, 15, 16, 17, 18, 19, 20, 21, 22, 23, 24, 25, 26, 27, 28, 29, 30, 31] channels: 0xffffffff
How COPY_GB_BK_only_trace hexadecimal channel mask looks for [0, 1, 2, 3, 4, 5, 6, 7, 8, 9, 10, 11, 12, 13, 14, 15, 16, 17, 18, 19, 20, 21, 22, 23, 24, 25, 26, 27, 28, 29, 30, 31] channels: 0xffffffff
How COPY_GB_BK_only_trace hexadecimal channel mask looks for [0, 1, 2, 3, 4, 5, 6, 7, 8, 9, 10, 11, 12, 13, 14, 15, 16, 17, 18, 19, 20, 21, 22, 23, 24, 25, 26, 27, 28, 29, 30, 31] channels: 0xffffffff

 generate trace in function_sim, model name=None

Entered trace only in Llama.py
How COPY_GB_BK_only_trace hexadecimal channel mask looks for [0, 1, 2, 3, 4, 5, 6, 7, 8, 9, 10, 11, 12, 13, 14, 15, 16, 17, 18, 19, 20, 21, 22, 23, 24, 25, 26, 27, 28, 29, 30, 31] channels: 0xffffffff
How COPY_GB_BK_only_trace hexadecimal channel mask looks for [0, 1, 2, 3, 4, 5, 6, 7, 8, 9, 10, 11, 12, 13, 14, 15, 16, 17, 18, 19, 20, 21, 22, 23, 24, 25, 26, 27, 28, 29, 30, 31] channels: 0xffffffff
How COPY_GB_BK_only_trace hexadecimal channel mask looks for [0, 1, 2, 3, 4, 5, 6, 7, 8, 9, 10, 11, 12, 13, 14, 15, 16, 17, 18, 19, 20, 21, 22, 23, 24, 25, 26, 27, 28, 29, 30, 31] channels: 0xffffffff
How COPY_GB_BK_only_trace hexadecimal channel mask looks for [0, 1, 2, 3, 4, 5, 6, 7, 8, 9, 10, 11, 12, 13, 14, 15, 16, 17, 18, 19, 20, 21, 22, 23, 24, 25, 26, 27, 28, 29, 30, 31] channels: 0xffffffff
Entered trace only in Llama.py: trace_fc_kqvo is true, model name =None 
Model name =None with model parallel enable: False,  Dimension =4096, Total banks =128
============================== ROT EMB ==== None ====================================

EQUIVALENCE author=128, intermediate=128, mine=128

Number of banks per device:  16
Number of blocks per device:  4
Channels required for rotation of single block:  8
Channels required for rotation of all blocks:  32
All channels list for multi transformer blocks for rotation:  [0, 1, 2, 3, 4, 5, 6, 7, 8, 9, 10, 11, 12, 13, 14, 15, 16, 17, 18, 19, 20, 21, 22, 23, 24, 25, 26, 27, 28, 29, 30, 31]
EWMUL length=128 and utilized banks=32

Total banks: 128, Channels per block: 8, Banks per device: 16
EWMUL length=128 and utilized banks=32 and per channel banks=4

CopyGB RD Q: Bank 0, Row index 387, Op size 16
How COPY_MIN_GB_only_trace hexadecimal channel mask looks for [0, 1, 2, 3, 4, 5, 6, 7, 8, 9, 10, 11, 12, 13, 14, 15, 16, 17, 18, 19, 20, 21, 22, 23, 24, 25, 26, 27, 28, 29, 30, 31] channels: 0xffffffff
CopyGB RD Q: Bank 0, Total burst till now: 16
CopyGB RD Q: Bank 4, Row index 387, Op size 16
How COPY_MIN_GB_only_trace hexadecimal channel mask looks for [0, 1, 2, 3, 4, 5, 6, 7, 8, 9, 10, 11, 12, 13, 14, 15, 16, 17, 18, 19, 20, 21, 22, 23, 24, 25, 26, 27, 28, 29, 30, 31] channels: 0xffffffff
CopyGB RD Q: Bank 4, Total burst till now: 32
CopyGB RD Q: Bank 8, Row index 387, Op size 16
How COPY_MIN_GB_only_trace hexadecimal channel mask looks for [0, 1, 2, 3, 4, 5, 6, 7, 8, 9, 10, 11, 12, 13, 14, 15, 16, 17, 18, 19, 20, 21, 22, 23, 24, 25, 26, 27, 28, 29, 30, 31] channels: 0xffffffff
CopyGB RD Q: Bank 8, Total burst till now: 48
CopyGB RD Q: Bank 12, Row index 387, Op size 16
How COPY_MIN_GB_only_trace hexadecimal channel mask looks for [0, 1, 2, 3, 4, 5, 6, 7, 8, 9, 10, 11, 12, 13, 14, 15, 16, 17, 18, 19, 20, 21, 22, 23, 24, 25, 26, 27, 28, 29, 30, 31] channels: 0xffffffff
CopyGB RD Q: Bank 12, Total burst till now: 64
CopyGB RD K: Bank 0, Row index 388, Op size 16
How COPY_MIN_GB_only_trace hexadecimal channel mask looks for [0, 1, 2, 3, 4, 5, 6, 7, 8, 9, 10, 11, 12, 13, 14, 15, 16, 17, 18, 19, 20, 21, 22, 23, 24, 25, 26, 27, 28, 29, 30, 31] channels: 0xffffffff
CopyGB RD K: Bank 0, Total burst till now: 16
CopyGB RD K: Bank 4, Row index 388, Op size 16
How COPY_MIN_GB_only_trace hexadecimal channel mask looks for [0, 1, 2, 3, 4, 5, 6, 7, 8, 9, 10, 11, 12, 13, 14, 15, 16, 17, 18, 19, 20, 21, 22, 23, 24, 25, 26, 27, 28, 29, 30, 31] channels: 0xffffffff
CopyGB RD K: Bank 4, Total burst till now: 32
CopyGB RD K: Bank 8, Row index 388, Op size 16
How COPY_MIN_GB_only_trace hexadecimal channel mask looks for [0, 1, 2, 3, 4, 5, 6, 7, 8, 9, 10, 11, 12, 13, 14, 15, 16, 17, 18, 19, 20, 21, 22, 23, 24, 25, 26, 27, 28, 29, 30, 31] channels: 0xffffffff
CopyGB RD K: Bank 8, Total burst till now: 48
CopyGB RD K: Bank 12, Row index 388, Op size 16
How COPY_MIN_GB_only_trace hexadecimal channel mask looks for [0, 1, 2, 3, 4, 5, 6, 7, 8, 9, 10, 11, 12, 13, 14, 15, 16, 17, 18, 19, 20, 21, 22, 23, 24, 25, 26, 27, 28, 29, 30, 31] channels: 0xffffffff
CopyGB RD K: Bank 12, Total burst till now: 64
CopyGB RD INV Q: Bank 2, Row index 387, Op size 16
How COPY_MIN_GB_only_trace hexadecimal channel mask looks for [0, 1, 2, 3, 4, 5, 6, 7, 8, 9, 10, 11, 12, 13, 14, 15, 16, 17, 18, 19, 20, 21, 22, 23, 24, 25, 26, 27, 28, 29, 30, 31] channels: 0xffffffff
CopyGB RD INV Q: Bank 2, Total burst till now: 16
CopyGB RD INV Q: Bank 6, Row index 387, Op size 16
How COPY_MIN_GB_only_trace hexadecimal channel mask looks for [0, 1, 2, 3, 4, 5, 6, 7, 8, 9, 10, 11, 12, 13, 14, 15, 16, 17, 18, 19, 20, 21, 22, 23, 24, 25, 26, 27, 28, 29, 30, 31] channels: 0xffffffff
CopyGB RD INV Q: Bank 6, Total burst till now: 32
CopyGB RD INV Q: Bank 10, Row index 387, Op size 16
How COPY_MIN_GB_only_trace hexadecimal channel mask looks for [0, 1, 2, 3, 4, 5, 6, 7, 8, 9, 10, 11, 12, 13, 14, 15, 16, 17, 18, 19, 20, 21, 22, 23, 24, 25, 26, 27, 28, 29, 30, 31] channels: 0xffffffff
CopyGB RD INV Q: Bank 10, Total burst till now: 48
CopyGB RD INV Q: Bank 14, Row index 387, Op size 16
How COPY_MIN_GB_only_trace hexadecimal channel mask looks for [0, 1, 2, 3, 4, 5, 6, 7, 8, 9, 10, 11, 12, 13, 14, 15, 16, 17, 18, 19, 20, 21, 22, 23, 24, 25, 26, 27, 28, 29, 30, 31] channels: 0xffffffff
CopyGB RD INV Q: Bank 14, Total burst till now: 64
CopyGB RD INV K: Bank 2, Row index 388, Op size 16
How COPY_MIN_GB_only_trace hexadecimal channel mask looks for [0, 1, 2, 3, 4, 5, 6, 7, 8, 9, 10, 11, 12, 13, 14, 15, 16, 17, 18, 19, 20, 21, 22, 23, 24, 25, 26, 27, 28, 29, 30, 31] channels: 0xffffffff
CopyGB RD INV K: Bank 2, Total burst till now: 16
CopyGB RD INV K: Bank 6, Row index 388, Op size 16
How COPY_MIN_GB_only_trace hexadecimal channel mask looks for [0, 1, 2, 3, 4, 5, 6, 7, 8, 9, 10, 11, 12, 13, 14, 15, 16, 17, 18, 19, 20, 21, 22, 23, 24, 25, 26, 27, 28, 29, 30, 31] channels: 0xffffffff
CopyGB RD INV K: Bank 6, Total burst till now: 32
CopyGB RD INV K: Bank 10, Row index 388, Op size 16
How COPY_MIN_GB_only_trace hexadecimal channel mask looks for [0, 1, 2, 3, 4, 5, 6, 7, 8, 9, 10, 11, 12, 13, 14, 15, 16, 17, 18, 19, 20, 21, 22, 23, 24, 25, 26, 27, 28, 29, 30, 31] channels: 0xffffffff
CopyGB RD INV K: Bank 10, Total burst till now: 48
CopyGB RD INV K: Bank 14, Row index 388, Op size 16
How COPY_MIN_GB_only_trace hexadecimal channel mask looks for [0, 1, 2, 3, 4, 5, 6, 7, 8, 9, 10, 11, 12, 13, 14, 15, 16, 17, 18, 19, 20, 21, 22, 23, 24, 25, 26, 27, 28, 29, 30, 31] channels: 0xffffffff
CopyGB RD INV K: Bank 14, Total burst till now: 64
dim=4096 and burst_length=16
Total elements turned number of block * dimension =16384
Model: None, RD-WR SBK for Q and K is same=8192, ewmul_q_burst=4096, ewmul_k_burst=4096
================================ END OF ROT EMB TRACE ==================================
How COPY_GB_BK_only_trace hexadecimal channel mask looks for [0, 1, 2, 3, 4, 5, 6, 7, 8, 9, 10, 11, 12, 13, 14, 15, 16, 17, 18, 19, 20, 21, 22, 23, 24, 25, 26, 27, 28, 29, 30, 31] channels: 0xffffffff
How COPY_GB_BK_only_trace hexadecimal channel mask looks for [0, 1, 2, 3, 4, 5, 6, 7, 8, 9, 10, 11, 12, 13, 14, 15, 16, 17, 18, 19, 20, 21, 22, 23, 24, 25, 26, 27, 28, 29, 30, 31] channels: 0xffffffff
How COPY_GB_BK_only_trace hexadecimal channel mask looks for [0, 1, 2, 3, 4, 5, 6, 7, 8, 9, 10, 11, 12, 13, 14, 15, 16, 17, 18, 19, 20, 21, 22, 23, 24, 25, 26, 27, 28, 29, 30, 31] channels: 0xffffffff
How COPY_GB_BK_only_trace hexadecimal channel mask looks for [0, 1, 2, 3, 4, 5, 6, 7, 8, 9, 10, 11, 12, 13, 14, 15, 16, 17, 18, 19, 20, 21, 22, 23, 24, 25, 26, 27, 28, 29, 30, 31] channels: 0xffffffff
How COPY_GB_BK_only_trace hexadecimal channel mask looks for [0, 1, 2, 3, 4, 5, 6, 7, 8, 9, 10, 11, 12, 13, 14, 15, 16, 17, 18, 19, 20, 21, 22, 23, 24, 25, 26, 27, 28, 29, 30, 31] channels: 0xffffffff
How COPY_GB_BK_only_trace hexadecimal channel mask looks for [0, 1, 2, 3, 4, 5, 6, 7, 8, 9, 10, 11, 12, 13, 14, 15, 16, 17, 18, 19, 20, 21, 22, 23, 24, 25, 26, 27, 28, 29, 30, 31] channels: 0xffffffff
How COPY_GB_BK_only_trace hexadecimal channel mask looks for [0, 1, 2, 3, 4, 5, 6, 7, 8, 9, 10, 11, 12, 13, 14, 15, 16, 17, 18, 19, 20, 21, 22, 23, 24, 25, 26, 27, 28, 29, 30, 31] channels: 0xffffffff
How COPY_GB_BK_only_trace hexadecimal channel mask looks for [0, 1, 2, 3, 4, 5, 6, 7, 8, 9, 10, 11, 12, 13, 14, 15, 16, 17, 18, 19, 20, 21, 22, 23, 24, 25, 26, 27, 28, 29, 30, 31] channels: 0xffffffff

 generate trace in function_sim, model name=None

Entered trace only in Llama.py
How COPY_GB_BK_only_trace hexadecimal channel mask looks for [0, 1, 2, 3, 4, 5, 6, 7, 8, 9, 10, 11, 12, 13, 14, 15, 16, 17, 18, 19, 20, 21, 22, 23, 24, 25, 26, 27, 28, 29, 30, 31] channels: 0xffffffff
How COPY_GB_BK_only_trace hexadecimal channel mask looks for [0, 1, 2, 3, 4, 5, 6, 7, 8, 9, 10, 11, 12, 13, 14, 15, 16, 17, 18, 19, 20, 21, 22, 23, 24, 25, 26, 27, 28, 29, 30, 31] channels: 0xffffffff
How COPY_GB_BK_only_trace hexadecimal channel mask looks for [0, 1, 2, 3, 4, 5, 6, 7, 8, 9, 10, 11, 12, 13, 14, 15, 16, 17, 18, 19, 20, 21, 22, 23, 24, 25, 26, 27, 28, 29, 30, 31] channels: 0xffffffff
How COPY_GB_BK_only_trace hexadecimal channel mask looks for [0, 1, 2, 3, 4, 5, 6, 7, 8, 9, 10, 11, 12, 13, 14, 15, 16, 17, 18, 19, 20, 21, 22, 23, 24, 25, 26, 27, 28, 29, 30, 31] channels: 0xffffffff
Entered trace only in Llama.py: trace_fc_kqvo is true, model name =None 
Model name =None with model parallel enable: False,  Dimension =4096, Total banks =128
============================== ROT EMB ==== None ====================================

EQUIVALENCE author=128, intermediate=128, mine=128

Number of banks per device:  16
Number of blocks per device:  4
Channels required for rotation of single block:  8
Channels required for rotation of all blocks:  32
All channels list for multi transformer blocks for rotation:  [0, 1, 2, 3, 4, 5, 6, 7, 8, 9, 10, 11, 12, 13, 14, 15, 16, 17, 18, 19, 20, 21, 22, 23, 24, 25, 26, 27, 28, 29, 30, 31]
EWMUL length=128 and utilized banks=32

Total banks: 128, Channels per block: 8, Banks per device: 16
EWMUL length=128 and utilized banks=32 and per channel banks=4

CopyGB RD Q: Bank 0, Row index 387, Op size 16
How COPY_MIN_GB_only_trace hexadecimal channel mask looks for [0, 1, 2, 3, 4, 5, 6, 7, 8, 9, 10, 11, 12, 13, 14, 15, 16, 17, 18, 19, 20, 21, 22, 23, 24, 25, 26, 27, 28, 29, 30, 31] channels: 0xffffffff
CopyGB RD Q: Bank 0, Total burst till now: 16
CopyGB RD Q: Bank 4, Row index 387, Op size 16
How COPY_MIN_GB_only_trace hexadecimal channel mask looks for [0, 1, 2, 3, 4, 5, 6, 7, 8, 9, 10, 11, 12, 13, 14, 15, 16, 17, 18, 19, 20, 21, 22, 23, 24, 25, 26, 27, 28, 29, 30, 31] channels: 0xffffffff
CopyGB RD Q: Bank 4, Total burst till now: 32
CopyGB RD Q: Bank 8, Row index 387, Op size 16
How COPY_MIN_GB_only_trace hexadecimal channel mask looks for [0, 1, 2, 3, 4, 5, 6, 7, 8, 9, 10, 11, 12, 13, 14, 15, 16, 17, 18, 19, 20, 21, 22, 23, 24, 25, 26, 27, 28, 29, 30, 31] channels: 0xffffffff
CopyGB RD Q: Bank 8, Total burst till now: 48
CopyGB RD Q: Bank 12, Row index 387, Op size 16
How COPY_MIN_GB_only_trace hexadecimal channel mask looks for [0, 1, 2, 3, 4, 5, 6, 7, 8, 9, 10, 11, 12, 13, 14, 15, 16, 17, 18, 19, 20, 21, 22, 23, 24, 25, 26, 27, 28, 29, 30, 31] channels: 0xffffffff
CopyGB RD Q: Bank 12, Total burst till now: 64
CopyGB RD K: Bank 0, Row index 388, Op size 16
How COPY_MIN_GB_only_trace hexadecimal channel mask looks for [0, 1, 2, 3, 4, 5, 6, 7, 8, 9, 10, 11, 12, 13, 14, 15, 16, 17, 18, 19, 20, 21, 22, 23, 24, 25, 26, 27, 28, 29, 30, 31] channels: 0xffffffff
CopyGB RD K: Bank 0, Total burst till now: 16
CopyGB RD K: Bank 4, Row index 388, Op size 16
How COPY_MIN_GB_only_trace hexadecimal channel mask looks for [0, 1, 2, 3, 4, 5, 6, 7, 8, 9, 10, 11, 12, 13, 14, 15, 16, 17, 18, 19, 20, 21, 22, 23, 24, 25, 26, 27, 28, 29, 30, 31] channels: 0xffffffff
CopyGB RD K: Bank 4, Total burst till now: 32
CopyGB RD K: Bank 8, Row index 388, Op size 16
How COPY_MIN_GB_only_trace hexadecimal channel mask looks for [0, 1, 2, 3, 4, 5, 6, 7, 8, 9, 10, 11, 12, 13, 14, 15, 16, 17, 18, 19, 20, 21, 22, 23, 24, 25, 26, 27, 28, 29, 30, 31] channels: 0xffffffff
CopyGB RD K: Bank 8, Total burst till now: 48
CopyGB RD K: Bank 12, Row index 388, Op size 16
How COPY_MIN_GB_only_trace hexadecimal channel mask looks for [0, 1, 2, 3, 4, 5, 6, 7, 8, 9, 10, 11, 12, 13, 14, 15, 16, 17, 18, 19, 20, 21, 22, 23, 24, 25, 26, 27, 28, 29, 30, 31] channels: 0xffffffff
CopyGB RD K: Bank 12, Total burst till now: 64
CopyGB RD INV Q: Bank 2, Row index 387, Op size 16
How COPY_MIN_GB_only_trace hexadecimal channel mask looks for [0, 1, 2, 3, 4, 5, 6, 7, 8, 9, 10, 11, 12, 13, 14, 15, 16, 17, 18, 19, 20, 21, 22, 23, 24, 25, 26, 27, 28, 29, 30, 31] channels: 0xffffffff
CopyGB RD INV Q: Bank 2, Total burst till now: 16
CopyGB RD INV Q: Bank 6, Row index 387, Op size 16
How COPY_MIN_GB_only_trace hexadecimal channel mask looks for [0, 1, 2, 3, 4, 5, 6, 7, 8, 9, 10, 11, 12, 13, 14, 15, 16, 17, 18, 19, 20, 21, 22, 23, 24, 25, 26, 27, 28, 29, 30, 31] channels: 0xffffffff
CopyGB RD INV Q: Bank 6, Total burst till now: 32
CopyGB RD INV Q: Bank 10, Row index 387, Op size 16
How COPY_MIN_GB_only_trace hexadecimal channel mask looks for [0, 1, 2, 3, 4, 5, 6, 7, 8, 9, 10, 11, 12, 13, 14, 15, 16, 17, 18, 19, 20, 21, 22, 23, 24, 25, 26, 27, 28, 29, 30, 31] channels: 0xffffffff
CopyGB RD INV Q: Bank 10, Total burst till now: 48
CopyGB RD INV Q: Bank 14, Row index 387, Op size 16
How COPY_MIN_GB_only_trace hexadecimal channel mask looks for [0, 1, 2, 3, 4, 5, 6, 7, 8, 9, 10, 11, 12, 13, 14, 15, 16, 17, 18, 19, 20, 21, 22, 23, 24, 25, 26, 27, 28, 29, 30, 31] channels: 0xffffffff
CopyGB RD INV Q: Bank 14, Total burst till now: 64
CopyGB RD INV K: Bank 2, Row index 388, Op size 16
How COPY_MIN_GB_only_trace hexadecimal channel mask looks for [0, 1, 2, 3, 4, 5, 6, 7, 8, 9, 10, 11, 12, 13, 14, 15, 16, 17, 18, 19, 20, 21, 22, 23, 24, 25, 26, 27, 28, 29, 30, 31] channels: 0xffffffff
CopyGB RD INV K: Bank 2, Total burst till now: 16
CopyGB RD INV K: Bank 6, Row index 388, Op size 16
How COPY_MIN_GB_only_trace hexadecimal channel mask looks for [0, 1, 2, 3, 4, 5, 6, 7, 8, 9, 10, 11, 12, 13, 14, 15, 16, 17, 18, 19, 20, 21, 22, 23, 24, 25, 26, 27, 28, 29, 30, 31] channels: 0xffffffff
CopyGB RD INV K: Bank 6, Total burst till now: 32
CopyGB RD INV K: Bank 10, Row index 388, Op size 16
How COPY_MIN_GB_only_trace hexadecimal channel mask looks for [0, 1, 2, 3, 4, 5, 6, 7, 8, 9, 10, 11, 12, 13, 14, 15, 16, 17, 18, 19, 20, 21, 22, 23, 24, 25, 26, 27, 28, 29, 30, 31] channels: 0xffffffff
CopyGB RD INV K: Bank 10, Total burst till now: 48
CopyGB RD INV K: Bank 14, Row index 388, Op size 16
How COPY_MIN_GB_only_trace hexadecimal channel mask looks for [0, 1, 2, 3, 4, 5, 6, 7, 8, 9, 10, 11, 12, 13, 14, 15, 16, 17, 18, 19, 20, 21, 22, 23, 24, 25, 26, 27, 28, 29, 30, 31] channels: 0xffffffff
CopyGB RD INV K: Bank 14, Total burst till now: 64
dim=4096 and burst_length=16
Total elements turned number of block * dimension =16384
Model: None, RD-WR SBK for Q and K is same=8192, ewmul_q_burst=4096, ewmul_k_burst=4096
================================ END OF ROT EMB TRACE ==================================
How COPY_GB_BK_only_trace hexadecimal channel mask looks for [0, 1, 2, 3, 4, 5, 6, 7, 8, 9, 10, 11, 12, 13, 14, 15, 16, 17, 18, 19, 20, 21, 22, 23, 24, 25, 26, 27, 28, 29, 30, 31] channels: 0xffffffff
How COPY_GB_BK_only_trace hexadecimal channel mask looks for [0, 1, 2, 3, 4, 5, 6, 7, 8, 9, 10, 11, 12, 13, 14, 15, 16, 17, 18, 19, 20, 21, 22, 23, 24, 25, 26, 27, 28, 29, 30, 31] channels: 0xffffffff
How COPY_GB_BK_only_trace hexadecimal channel mask looks for [0, 1, 2, 3, 4, 5, 6, 7, 8, 9, 10, 11, 12, 13, 14, 15, 16, 17, 18, 19, 20, 21, 22, 23, 24, 25, 26, 27, 28, 29, 30, 31] channels: 0xffffffff
How COPY_GB_BK_only_trace hexadecimal channel mask looks for [0, 1, 2, 3, 4, 5, 6, 7, 8, 9, 10, 11, 12, 13, 14, 15, 16, 17, 18, 19, 20, 21, 22, 23, 24, 25, 26, 27, 28, 29, 30, 31] channels: 0xffffffff
How COPY_GB_BK_only_trace hexadecimal channel mask looks for [0, 1, 2, 3, 4, 5, 6, 7, 8, 9, 10, 11, 12, 13, 14, 15, 16, 17, 18, 19, 20, 21, 22, 23, 24, 25, 26, 27, 28, 29, 30, 31] channels: 0xffffffff
How COPY_GB_BK_only_trace hexadecimal channel mask looks for [0, 1, 2, 3, 4, 5, 6, 7, 8, 9, 10, 11, 12, 13, 14, 15, 16, 17, 18, 19, 20, 21, 22, 23, 24, 25, 26, 27, 28, 29, 30, 31] channels: 0xffffffff
How COPY_GB_BK_only_trace hexadecimal channel mask looks for [0, 1, 2, 3, 4, 5, 6, 7, 8, 9, 10, 11, 12, 13, 14, 15, 16, 17, 18, 19, 20, 21, 22, 23, 24, 25, 26, 27, 28, 29, 30, 31] channels: 0xffffffff
How COPY_GB_BK_only_trace hexadecimal channel mask looks for [0, 1, 2, 3, 4, 5, 6, 7, 8, 9, 10, 11, 12, 13, 14, 15, 16, 17, 18, 19, 20, 21, 22, 23, 24, 25, 26, 27, 28, 29, 30, 31] channels: 0xffffffff

 generate trace in function_sim, model name=None

Entered trace only in Llama.py
How COPY_GB_BK_only_trace hexadecimal channel mask looks for [0, 1, 2, 3, 4, 5, 6, 7, 8, 9, 10, 11, 12, 13, 14, 15, 16, 17, 18, 19, 20, 21, 22, 23, 24, 25, 26, 27, 28, 29, 30, 31] channels: 0xffffffff
How COPY_GB_BK_only_trace hexadecimal channel mask looks for [0, 1, 2, 3, 4, 5, 6, 7, 8, 9, 10, 11, 12, 13, 14, 15, 16, 17, 18, 19, 20, 21, 22, 23, 24, 25, 26, 27, 28, 29, 30, 31] channels: 0xffffffff
How COPY_GB_BK_only_trace hexadecimal channel mask looks for [0, 1, 2, 3, 4, 5, 6, 7, 8, 9, 10, 11, 12, 13, 14, 15, 16, 17, 18, 19, 20, 21, 22, 23, 24, 25, 26, 27, 28, 29, 30, 31] channels: 0xffffffff
How COPY_GB_BK_only_trace hexadecimal channel mask looks for [0, 1, 2, 3, 4, 5, 6, 7, 8, 9, 10, 11, 12, 13, 14, 15, 16, 17, 18, 19, 20, 21, 22, 23, 24, 25, 26, 27, 28, 29, 30, 31] channels: 0xffffffff
Entered trace only in Llama.py: trace_fc_kqvo is true, model name =None 
Model name =None with model parallel enable: False,  Dimension =4096, Total banks =128
============================== ROT EMB ==== None ====================================

EQUIVALENCE author=128, intermediate=128, mine=128

Number of banks per device:  16
Number of blocks per device:  4
Channels required for rotation of single block:  8
Channels required for rotation of all blocks:  32
All channels list for multi transformer blocks for rotation:  [0, 1, 2, 3, 4, 5, 6, 7, 8, 9, 10, 11, 12, 13, 14, 15, 16, 17, 18, 19, 20, 21, 22, 23, 24, 25, 26, 27, 28, 29, 30, 31]
EWMUL length=128 and utilized banks=32

Total banks: 128, Channels per block: 8, Banks per device: 16
EWMUL length=128 and utilized banks=32 and per channel banks=4

CopyGB RD Q: Bank 0, Row index 387, Op size 16
How COPY_MIN_GB_only_trace hexadecimal channel mask looks for [0, 1, 2, 3, 4, 5, 6, 7, 8, 9, 10, 11, 12, 13, 14, 15, 16, 17, 18, 19, 20, 21, 22, 23, 24, 25, 26, 27, 28, 29, 30, 31] channels: 0xffffffff
CopyGB RD Q: Bank 0, Total burst till now: 16
CopyGB RD Q: Bank 4, Row index 387, Op size 16
How COPY_MIN_GB_only_trace hexadecimal channel mask looks for [0, 1, 2, 3, 4, 5, 6, 7, 8, 9, 10, 11, 12, 13, 14, 15, 16, 17, 18, 19, 20, 21, 22, 23, 24, 25, 26, 27, 28, 29, 30, 31] channels: 0xffffffff
CopyGB RD Q: Bank 4, Total burst till now: 32
CopyGB RD Q: Bank 8, Row index 387, Op size 16
How COPY_MIN_GB_only_trace hexadecimal channel mask looks for [0, 1, 2, 3, 4, 5, 6, 7, 8, 9, 10, 11, 12, 13, 14, 15, 16, 17, 18, 19, 20, 21, 22, 23, 24, 25, 26, 27, 28, 29, 30, 31] channels: 0xffffffff
CopyGB RD Q: Bank 8, Total burst till now: 48
CopyGB RD Q: Bank 12, Row index 387, Op size 16
How COPY_MIN_GB_only_trace hexadecimal channel mask looks for [0, 1, 2, 3, 4, 5, 6, 7, 8, 9, 10, 11, 12, 13, 14, 15, 16, 17, 18, 19, 20, 21, 22, 23, 24, 25, 26, 27, 28, 29, 30, 31] channels: 0xffffffff
CopyGB RD Q: Bank 12, Total burst till now: 64
CopyGB RD K: Bank 0, Row index 388, Op size 16
How COPY_MIN_GB_only_trace hexadecimal channel mask looks for [0, 1, 2, 3, 4, 5, 6, 7, 8, 9, 10, 11, 12, 13, 14, 15, 16, 17, 18, 19, 20, 21, 22, 23, 24, 25, 26, 27, 28, 29, 30, 31] channels: 0xffffffff
CopyGB RD K: Bank 0, Total burst till now: 16
CopyGB RD K: Bank 4, Row index 388, Op size 16
How COPY_MIN_GB_only_trace hexadecimal channel mask looks for [0, 1, 2, 3, 4, 5, 6, 7, 8, 9, 10, 11, 12, 13, 14, 15, 16, 17, 18, 19, 20, 21, 22, 23, 24, 25, 26, 27, 28, 29, 30, 31] channels: 0xffffffff
CopyGB RD K: Bank 4, Total burst till now: 32
CopyGB RD K: Bank 8, Row index 388, Op size 16
How COPY_MIN_GB_only_trace hexadecimal channel mask looks for [0, 1, 2, 3, 4, 5, 6, 7, 8, 9, 10, 11, 12, 13, 14, 15, 16, 17, 18, 19, 20, 21, 22, 23, 24, 25, 26, 27, 28, 29, 30, 31] channels: 0xffffffff
CopyGB RD K: Bank 8, Total burst till now: 48
CopyGB RD K: Bank 12, Row index 388, Op size 16
How COPY_MIN_GB_only_trace hexadecimal channel mask looks for [0, 1, 2, 3, 4, 5, 6, 7, 8, 9, 10, 11, 12, 13, 14, 15, 16, 17, 18, 19, 20, 21, 22, 23, 24, 25, 26, 27, 28, 29, 30, 31] channels: 0xffffffff
CopyGB RD K: Bank 12, Total burst till now: 64
CopyGB RD INV Q: Bank 2, Row index 387, Op size 16
How COPY_MIN_GB_only_trace hexadecimal channel mask looks for [0, 1, 2, 3, 4, 5, 6, 7, 8, 9, 10, 11, 12, 13, 14, 15, 16, 17, 18, 19, 20, 21, 22, 23, 24, 25, 26, 27, 28, 29, 30, 31] channels: 0xffffffff
CopyGB RD INV Q: Bank 2, Total burst till now: 16
CopyGB RD INV Q: Bank 6, Row index 387, Op size 16
How COPY_MIN_GB_only_trace hexadecimal channel mask looks for [0, 1, 2, 3, 4, 5, 6, 7, 8, 9, 10, 11, 12, 13, 14, 15, 16, 17, 18, 19, 20, 21, 22, 23, 24, 25, 26, 27, 28, 29, 30, 31] channels: 0xffffffff
CopyGB RD INV Q: Bank 6, Total burst till now: 32
CopyGB RD INV Q: Bank 10, Row index 387, Op size 16
How COPY_MIN_GB_only_trace hexadecimal channel mask looks for [0, 1, 2, 3, 4, 5, 6, 7, 8, 9, 10, 11, 12, 13, 14, 15, 16, 17, 18, 19, 20, 21, 22, 23, 24, 25, 26, 27, 28, 29, 30, 31] channels: 0xffffffff
CopyGB RD INV Q: Bank 10, Total burst till now: 48
CopyGB RD INV Q: Bank 14, Row index 387, Op size 16
How COPY_MIN_GB_only_trace hexadecimal channel mask looks for [0, 1, 2, 3, 4, 5, 6, 7, 8, 9, 10, 11, 12, 13, 14, 15, 16, 17, 18, 19, 20, 21, 22, 23, 24, 25, 26, 27, 28, 29, 30, 31] channels: 0xffffffff
CopyGB RD INV Q: Bank 14, Total burst till now: 64
CopyGB RD INV K: Bank 2, Row index 388, Op size 16
How COPY_MIN_GB_only_trace hexadecimal channel mask looks for [0, 1, 2, 3, 4, 5, 6, 7, 8, 9, 10, 11, 12, 13, 14, 15, 16, 17, 18, 19, 20, 21, 22, 23, 24, 25, 26, 27, 28, 29, 30, 31] channels: 0xffffffff
CopyGB RD INV K: Bank 2, Total burst till now: 16
CopyGB RD INV K: Bank 6, Row index 388, Op size 16
How COPY_MIN_GB_only_trace hexadecimal channel mask looks for [0, 1, 2, 3, 4, 5, 6, 7, 8, 9, 10, 11, 12, 13, 14, 15, 16, 17, 18, 19, 20, 21, 22, 23, 24, 25, 26, 27, 28, 29, 30, 31] channels: 0xffffffff
CopyGB RD INV K: Bank 6, Total burst till now: 32
CopyGB RD INV K: Bank 10, Row index 388, Op size 16
How COPY_MIN_GB_only_trace hexadecimal channel mask looks for [0, 1, 2, 3, 4, 5, 6, 7, 8, 9, 10, 11, 12, 13, 14, 15, 16, 17, 18, 19, 20, 21, 22, 23, 24, 25, 26, 27, 28, 29, 30, 31] channels: 0xffffffff
CopyGB RD INV K: Bank 10, Total burst till now: 48
CopyGB RD INV K: Bank 14, Row index 388, Op size 16
How COPY_MIN_GB_only_trace hexadecimal channel mask looks for [0, 1, 2, 3, 4, 5, 6, 7, 8, 9, 10, 11, 12, 13, 14, 15, 16, 17, 18, 19, 20, 21, 22, 23, 24, 25, 26, 27, 28, 29, 30, 31] channels: 0xffffffff
CopyGB RD INV K: Bank 14, Total burst till now: 64
dim=4096 and burst_length=16
Total elements turned number of block * dimension =16384
Model: None, RD-WR SBK for Q and K is same=8192, ewmul_q_burst=4096, ewmul_k_burst=4096
================================ END OF ROT EMB TRACE ==================================
How COPY_GB_BK_only_trace hexadecimal channel mask looks for [0, 1, 2, 3, 4, 5, 6, 7, 8, 9, 10, 11, 12, 13, 14, 15, 16, 17, 18, 19, 20, 21, 22, 23, 24, 25, 26, 27, 28, 29, 30, 31] channels: 0xffffffff
How COPY_GB_BK_only_trace hexadecimal channel mask looks for [0, 1, 2, 3, 4, 5, 6, 7, 8, 9, 10, 11, 12, 13, 14, 15, 16, 17, 18, 19, 20, 21, 22, 23, 24, 25, 26, 27, 28, 29, 30, 31] channels: 0xffffffff
How COPY_GB_BK_only_trace hexadecimal channel mask looks for [0, 1, 2, 3, 4, 5, 6, 7, 8, 9, 10, 11, 12, 13, 14, 15, 16, 17, 18, 19, 20, 21, 22, 23, 24, 25, 26, 27, 28, 29, 30, 31] channels: 0xffffffff
How COPY_GB_BK_only_trace hexadecimal channel mask looks for [0, 1, 2, 3, 4, 5, 6, 7, 8, 9, 10, 11, 12, 13, 14, 15, 16, 17, 18, 19, 20, 21, 22, 23, 24, 25, 26, 27, 28, 29, 30, 31] channels: 0xffffffff
How COPY_GB_BK_only_trace hexadecimal channel mask looks for [0, 1, 2, 3, 4, 5, 6, 7, 8, 9, 10, 11, 12, 13, 14, 15, 16, 17, 18, 19, 20, 21, 22, 23, 24, 25, 26, 27, 28, 29, 30, 31] channels: 0xffffffff
How COPY_GB_BK_only_trace hexadecimal channel mask looks for [0, 1, 2, 3, 4, 5, 6, 7, 8, 9, 10, 11, 12, 13, 14, 15, 16, 17, 18, 19, 20, 21, 22, 23, 24, 25, 26, 27, 28, 29, 30, 31] channels: 0xffffffff
How COPY_GB_BK_only_trace hexadecimal channel mask looks for [0, 1, 2, 3, 4, 5, 6, 7, 8, 9, 10, 11, 12, 13, 14, 15, 16, 17, 18, 19, 20, 21, 22, 23, 24, 25, 26, 27, 28, 29, 30, 31] channels: 0xffffffff
How COPY_GB_BK_only_trace hexadecimal channel mask looks for [0, 1, 2, 3, 4, 5, 6, 7, 8, 9, 10, 11, 12, 13, 14, 15, 16, 17, 18, 19, 20, 21, 22, 23, 24, 25, 26, 27, 28, 29, 30, 31] channels: 0xffffffff

 generate trace in function_sim, model name=None

Entered trace only in Llama.py
How COPY_GB_BK_only_trace hexadecimal channel mask looks for [0, 1, 2, 3, 4, 5, 6, 7, 8, 9, 10, 11, 12, 13, 14, 15, 16, 17, 18, 19, 20, 21, 22, 23, 24, 25, 26, 27, 28, 29, 30, 31] channels: 0xffffffff
How COPY_GB_BK_only_trace hexadecimal channel mask looks for [0, 1, 2, 3, 4, 5, 6, 7, 8, 9, 10, 11, 12, 13, 14, 15, 16, 17, 18, 19, 20, 21, 22, 23, 24, 25, 26, 27, 28, 29, 30, 31] channels: 0xffffffff
How COPY_GB_BK_only_trace hexadecimal channel mask looks for [0, 1, 2, 3, 4, 5, 6, 7, 8, 9, 10, 11, 12, 13, 14, 15, 16, 17, 18, 19, 20, 21, 22, 23, 24, 25, 26, 27, 28, 29, 30, 31] channels: 0xffffffff
How COPY_GB_BK_only_trace hexadecimal channel mask looks for [0, 1, 2, 3, 4, 5, 6, 7, 8, 9, 10, 11, 12, 13, 14, 15, 16, 17, 18, 19, 20, 21, 22, 23, 24, 25, 26, 27, 28, 29, 30, 31] channels: 0xffffffff
Entered trace only in Llama.py: trace_fc_kqvo is true, model name =None 
Model name =None with model parallel enable: False,  Dimension =4096, Total banks =128
============================== ROT EMB ==== None ====================================

EQUIVALENCE author=128, intermediate=128, mine=128

Number of banks per device:  16
Number of blocks per device:  4
Channels required for rotation of single block:  8
Channels required for rotation of all blocks:  32
All channels list for multi transformer blocks for rotation:  [0, 1, 2, 3, 4, 5, 6, 7, 8, 9, 10, 11, 12, 13, 14, 15, 16, 17, 18, 19, 20, 21, 22, 23, 24, 25, 26, 27, 28, 29, 30, 31]
EWMUL length=128 and utilized banks=32

Total banks: 128, Channels per block: 8, Banks per device: 16
EWMUL length=128 and utilized banks=32 and per channel banks=4

CopyGB RD Q: Bank 0, Row index 387, Op size 16
How COPY_MIN_GB_only_trace hexadecimal channel mask looks for [0, 1, 2, 3, 4, 5, 6, 7, 8, 9, 10, 11, 12, 13, 14, 15, 16, 17, 18, 19, 20, 21, 22, 23, 24, 25, 26, 27, 28, 29, 30, 31] channels: 0xffffffff
CopyGB RD Q: Bank 0, Total burst till now: 16
CopyGB RD Q: Bank 4, Row index 387, Op size 16
How COPY_MIN_GB_only_trace hexadecimal channel mask looks for [0, 1, 2, 3, 4, 5, 6, 7, 8, 9, 10, 11, 12, 13, 14, 15, 16, 17, 18, 19, 20, 21, 22, 23, 24, 25, 26, 27, 28, 29, 30, 31] channels: 0xffffffff
CopyGB RD Q: Bank 4, Total burst till now: 32
CopyGB RD Q: Bank 8, Row index 387, Op size 16
How COPY_MIN_GB_only_trace hexadecimal channel mask looks for [0, 1, 2, 3, 4, 5, 6, 7, 8, 9, 10, 11, 12, 13, 14, 15, 16, 17, 18, 19, 20, 21, 22, 23, 24, 25, 26, 27, 28, 29, 30, 31] channels: 0xffffffff
CopyGB RD Q: Bank 8, Total burst till now: 48
CopyGB RD Q: Bank 12, Row index 387, Op size 16
How COPY_MIN_GB_only_trace hexadecimal channel mask looks for [0, 1, 2, 3, 4, 5, 6, 7, 8, 9, 10, 11, 12, 13, 14, 15, 16, 17, 18, 19, 20, 21, 22, 23, 24, 25, 26, 27, 28, 29, 30, 31] channels: 0xffffffff
CopyGB RD Q: Bank 12, Total burst till now: 64
CopyGB RD K: Bank 0, Row index 388, Op size 16
How COPY_MIN_GB_only_trace hexadecimal channel mask looks for [0, 1, 2, 3, 4, 5, 6, 7, 8, 9, 10, 11, 12, 13, 14, 15, 16, 17, 18, 19, 20, 21, 22, 23, 24, 25, 26, 27, 28, 29, 30, 31] channels: 0xffffffff
CopyGB RD K: Bank 0, Total burst till now: 16
CopyGB RD K: Bank 4, Row index 388, Op size 16
How COPY_MIN_GB_only_trace hexadecimal channel mask looks for [0, 1, 2, 3, 4, 5, 6, 7, 8, 9, 10, 11, 12, 13, 14, 15, 16, 17, 18, 19, 20, 21, 22, 23, 24, 25, 26, 27, 28, 29, 30, 31] channels: 0xffffffff
CopyGB RD K: Bank 4, Total burst till now: 32
CopyGB RD K: Bank 8, Row index 388, Op size 16
How COPY_MIN_GB_only_trace hexadecimal channel mask looks for [0, 1, 2, 3, 4, 5, 6, 7, 8, 9, 10, 11, 12, 13, 14, 15, 16, 17, 18, 19, 20, 21, 22, 23, 24, 25, 26, 27, 28, 29, 30, 31] channels: 0xffffffff
CopyGB RD K: Bank 8, Total burst till now: 48
CopyGB RD K: Bank 12, Row index 388, Op size 16
How COPY_MIN_GB_only_trace hexadecimal channel mask looks for [0, 1, 2, 3, 4, 5, 6, 7, 8, 9, 10, 11, 12, 13, 14, 15, 16, 17, 18, 19, 20, 21, 22, 23, 24, 25, 26, 27, 28, 29, 30, 31] channels: 0xffffffff
CopyGB RD K: Bank 12, Total burst till now: 64
CopyGB RD INV Q: Bank 2, Row index 387, Op size 16
How COPY_MIN_GB_only_trace hexadecimal channel mask looks for [0, 1, 2, 3, 4, 5, 6, 7, 8, 9, 10, 11, 12, 13, 14, 15, 16, 17, 18, 19, 20, 21, 22, 23, 24, 25, 26, 27, 28, 29, 30, 31] channels: 0xffffffff
CopyGB RD INV Q: Bank 2, Total burst till now: 16
CopyGB RD INV Q: Bank 6, Row index 387, Op size 16
How COPY_MIN_GB_only_trace hexadecimal channel mask looks for [0, 1, 2, 3, 4, 5, 6, 7, 8, 9, 10, 11, 12, 13, 14, 15, 16, 17, 18, 19, 20, 21, 22, 23, 24, 25, 26, 27, 28, 29, 30, 31] channels: 0xffffffff
CopyGB RD INV Q: Bank 6, Total burst till now: 32
CopyGB RD INV Q: Bank 10, Row index 387, Op size 16
How COPY_MIN_GB_only_trace hexadecimal channel mask looks for [0, 1, 2, 3, 4, 5, 6, 7, 8, 9, 10, 11, 12, 13, 14, 15, 16, 17, 18, 19, 20, 21, 22, 23, 24, 25, 26, 27, 28, 29, 30, 31] channels: 0xffffffff
CopyGB RD INV Q: Bank 10, Total burst till now: 48
CopyGB RD INV Q: Bank 14, Row index 387, Op size 16
How COPY_MIN_GB_only_trace hexadecimal channel mask looks for [0, 1, 2, 3, 4, 5, 6, 7, 8, 9, 10, 11, 12, 13, 14, 15, 16, 17, 18, 19, 20, 21, 22, 23, 24, 25, 26, 27, 28, 29, 30, 31] channels: 0xffffffff
CopyGB RD INV Q: Bank 14, Total burst till now: 64
CopyGB RD INV K: Bank 2, Row index 388, Op size 16
How COPY_MIN_GB_only_trace hexadecimal channel mask looks for [0, 1, 2, 3, 4, 5, 6, 7, 8, 9, 10, 11, 12, 13, 14, 15, 16, 17, 18, 19, 20, 21, 22, 23, 24, 25, 26, 27, 28, 29, 30, 31] channels: 0xffffffff
CopyGB RD INV K: Bank 2, Total burst till now: 16
CopyGB RD INV K: Bank 6, Row index 388, Op size 16
How COPY_MIN_GB_only_trace hexadecimal channel mask looks for [0, 1, 2, 3, 4, 5, 6, 7, 8, 9, 10, 11, 12, 13, 14, 15, 16, 17, 18, 19, 20, 21, 22, 23, 24, 25, 26, 27, 28, 29, 30, 31] channels: 0xffffffff
CopyGB RD INV K: Bank 6, Total burst till now: 32
CopyGB RD INV K: Bank 10, Row index 388, Op size 16
How COPY_MIN_GB_only_trace hexadecimal channel mask looks for [0, 1, 2, 3, 4, 5, 6, 7, 8, 9, 10, 11, 12, 13, 14, 15, 16, 17, 18, 19, 20, 21, 22, 23, 24, 25, 26, 27, 28, 29, 30, 31] channels: 0xffffffff
CopyGB RD INV K: Bank 10, Total burst till now: 48
CopyGB RD INV K: Bank 14, Row index 388, Op size 16
How COPY_MIN_GB_only_trace hexadecimal channel mask looks for [0, 1, 2, 3, 4, 5, 6, 7, 8, 9, 10, 11, 12, 13, 14, 15, 16, 17, 18, 19, 20, 21, 22, 23, 24, 25, 26, 27, 28, 29, 30, 31] channels: 0xffffffff
CopyGB RD INV K: Bank 14, Total burst till now: 64
dim=4096 and burst_length=16
Total elements turned number of block * dimension =16384
Model: None, RD-WR SBK for Q and K is same=8192, ewmul_q_burst=4096, ewmul_k_burst=4096
================================ END OF ROT EMB TRACE ==================================
How COPY_GB_BK_only_trace hexadecimal channel mask looks for [0, 1, 2, 3, 4, 5, 6, 7, 8, 9, 10, 11, 12, 13, 14, 15, 16, 17, 18, 19, 20, 21, 22, 23, 24, 25, 26, 27, 28, 29, 30, 31] channels: 0xffffffff
How COPY_GB_BK_only_trace hexadecimal channel mask looks for [0, 1, 2, 3, 4, 5, 6, 7, 8, 9, 10, 11, 12, 13, 14, 15, 16, 17, 18, 19, 20, 21, 22, 23, 24, 25, 26, 27, 28, 29, 30, 31] channels: 0xffffffff
How COPY_GB_BK_only_trace hexadecimal channel mask looks for [0, 1, 2, 3, 4, 5, 6, 7, 8, 9, 10, 11, 12, 13, 14, 15, 16, 17, 18, 19, 20, 21, 22, 23, 24, 25, 26, 27, 28, 29, 30, 31] channels: 0xffffffff
How COPY_GB_BK_only_trace hexadecimal channel mask looks for [0, 1, 2, 3, 4, 5, 6, 7, 8, 9, 10, 11, 12, 13, 14, 15, 16, 17, 18, 19, 20, 21, 22, 23, 24, 25, 26, 27, 28, 29, 30, 31] channels: 0xffffffff
How COPY_GB_BK_only_trace hexadecimal channel mask looks for [0, 1, 2, 3, 4, 5, 6, 7, 8, 9, 10, 11, 12, 13, 14, 15, 16, 17, 18, 19, 20, 21, 22, 23, 24, 25, 26, 27, 28, 29, 30, 31] channels: 0xffffffff
How COPY_GB_BK_only_trace hexadecimal channel mask looks for [0, 1, 2, 3, 4, 5, 6, 7, 8, 9, 10, 11, 12, 13, 14, 15, 16, 17, 18, 19, 20, 21, 22, 23, 24, 25, 26, 27, 28, 29, 30, 31] channels: 0xffffffff
How COPY_GB_BK_only_trace hexadecimal channel mask looks for [0, 1, 2, 3, 4, 5, 6, 7, 8, 9, 10, 11, 12, 13, 14, 15, 16, 17, 18, 19, 20, 21, 22, 23, 24, 25, 26, 27, 28, 29, 30, 31] channels: 0xffffffff
How COPY_GB_BK_only_trace hexadecimal channel mask looks for [0, 1, 2, 3, 4, 5, 6, 7, 8, 9, 10, 11, 12, 13, 14, 15, 16, 17, 18, 19, 20, 21, 22, 23, 24, 25, 26, 27, 28, 29, 30, 31] channels: 0xffffffff

 generate trace in function_sim, model name=None

Entered trace only in Llama.py
How COPY_GB_BK_only_trace hexadecimal channel mask looks for [0, 1, 2, 3, 4, 5, 6, 7, 8, 9, 10, 11, 12, 13, 14, 15, 16, 17, 18, 19, 20, 21, 22, 23, 24, 25, 26, 27, 28, 29, 30, 31] channels: 0xffffffff
How COPY_GB_BK_only_trace hexadecimal channel mask looks for [0, 1, 2, 3, 4, 5, 6, 7, 8, 9, 10, 11, 12, 13, 14, 15, 16, 17, 18, 19, 20, 21, 22, 23, 24, 25, 26, 27, 28, 29, 30, 31] channels: 0xffffffff
How COPY_GB_BK_only_trace hexadecimal channel mask looks for [0, 1, 2, 3, 4, 5, 6, 7, 8, 9, 10, 11, 12, 13, 14, 15, 16, 17, 18, 19, 20, 21, 22, 23, 24, 25, 26, 27, 28, 29, 30, 31] channels: 0xffffffff
How COPY_GB_BK_only_trace hexadecimal channel mask looks for [0, 1, 2, 3, 4, 5, 6, 7, 8, 9, 10, 11, 12, 13, 14, 15, 16, 17, 18, 19, 20, 21, 22, 23, 24, 25, 26, 27, 28, 29, 30, 31] channels: 0xffffffff
Entered trace only in Llama.py: trace_fc_kqvo is true, model name =None 
Model name =None with model parallel enable: False,  Dimension =4096, Total banks =128
============================== ROT EMB ==== None ====================================

EQUIVALENCE author=128, intermediate=128, mine=128

Number of banks per device:  16
Number of blocks per device:  4
Channels required for rotation of single block:  8
Channels required for rotation of all blocks:  32
All channels list for multi transformer blocks for rotation:  [0, 1, 2, 3, 4, 5, 6, 7, 8, 9, 10, 11, 12, 13, 14, 15, 16, 17, 18, 19, 20, 21, 22, 23, 24, 25, 26, 27, 28, 29, 30, 31]
EWMUL length=128 and utilized banks=32

Total banks: 128, Channels per block: 8, Banks per device: 16
EWMUL length=128 and utilized banks=32 and per channel banks=4

CopyGB RD Q: Bank 0, Row index 387, Op size 16
How COPY_MIN_GB_only_trace hexadecimal channel mask looks for [0, 1, 2, 3, 4, 5, 6, 7, 8, 9, 10, 11, 12, 13, 14, 15, 16, 17, 18, 19, 20, 21, 22, 23, 24, 25, 26, 27, 28, 29, 30, 31] channels: 0xffffffff
CopyGB RD Q: Bank 0, Total burst till now: 16
CopyGB RD Q: Bank 4, Row index 387, Op size 16
How COPY_MIN_GB_only_trace hexadecimal channel mask looks for [0, 1, 2, 3, 4, 5, 6, 7, 8, 9, 10, 11, 12, 13, 14, 15, 16, 17, 18, 19, 20, 21, 22, 23, 24, 25, 26, 27, 28, 29, 30, 31] channels: 0xffffffff
CopyGB RD Q: Bank 4, Total burst till now: 32
CopyGB RD Q: Bank 8, Row index 387, Op size 16
How COPY_MIN_GB_only_trace hexadecimal channel mask looks for [0, 1, 2, 3, 4, 5, 6, 7, 8, 9, 10, 11, 12, 13, 14, 15, 16, 17, 18, 19, 20, 21, 22, 23, 24, 25, 26, 27, 28, 29, 30, 31] channels: 0xffffffff
CopyGB RD Q: Bank 8, Total burst till now: 48
CopyGB RD Q: Bank 12, Row index 387, Op size 16
How COPY_MIN_GB_only_trace hexadecimal channel mask looks for [0, 1, 2, 3, 4, 5, 6, 7, 8, 9, 10, 11, 12, 13, 14, 15, 16, 17, 18, 19, 20, 21, 22, 23, 24, 25, 26, 27, 28, 29, 30, 31] channels: 0xffffffff
CopyGB RD Q: Bank 12, Total burst till now: 64
CopyGB RD K: Bank 0, Row index 388, Op size 16
How COPY_MIN_GB_only_trace hexadecimal channel mask looks for [0, 1, 2, 3, 4, 5, 6, 7, 8, 9, 10, 11, 12, 13, 14, 15, 16, 17, 18, 19, 20, 21, 22, 23, 24, 25, 26, 27, 28, 29, 30, 31] channels: 0xffffffff
CopyGB RD K: Bank 0, Total burst till now: 16
CopyGB RD K: Bank 4, Row index 388, Op size 16
How COPY_MIN_GB_only_trace hexadecimal channel mask looks for [0, 1, 2, 3, 4, 5, 6, 7, 8, 9, 10, 11, 12, 13, 14, 15, 16, 17, 18, 19, 20, 21, 22, 23, 24, 25, 26, 27, 28, 29, 30, 31] channels: 0xffffffff
CopyGB RD K: Bank 4, Total burst till now: 32
CopyGB RD K: Bank 8, Row index 388, Op size 16
How COPY_MIN_GB_only_trace hexadecimal channel mask looks for [0, 1, 2, 3, 4, 5, 6, 7, 8, 9, 10, 11, 12, 13, 14, 15, 16, 17, 18, 19, 20, 21, 22, 23, 24, 25, 26, 27, 28, 29, 30, 31] channels: 0xffffffff
CopyGB RD K: Bank 8, Total burst till now: 48
CopyGB RD K: Bank 12, Row index 388, Op size 16
How COPY_MIN_GB_only_trace hexadecimal channel mask looks for [0, 1, 2, 3, 4, 5, 6, 7, 8, 9, 10, 11, 12, 13, 14, 15, 16, 17, 18, 19, 20, 21, 22, 23, 24, 25, 26, 27, 28, 29, 30, 31] channels: 0xffffffff
CopyGB RD K: Bank 12, Total burst till now: 64
CopyGB RD INV Q: Bank 2, Row index 387, Op size 16
How COPY_MIN_GB_only_trace hexadecimal channel mask looks for [0, 1, 2, 3, 4, 5, 6, 7, 8, 9, 10, 11, 12, 13, 14, 15, 16, 17, 18, 19, 20, 21, 22, 23, 24, 25, 26, 27, 28, 29, 30, 31] channels: 0xffffffff
CopyGB RD INV Q: Bank 2, Total burst till now: 16
CopyGB RD INV Q: Bank 6, Row index 387, Op size 16
How COPY_MIN_GB_only_trace hexadecimal channel mask looks for [0, 1, 2, 3, 4, 5, 6, 7, 8, 9, 10, 11, 12, 13, 14, 15, 16, 17, 18, 19, 20, 21, 22, 23, 24, 25, 26, 27, 28, 29, 30, 31] channels: 0xffffffff
CopyGB RD INV Q: Bank 6, Total burst till now: 32
CopyGB RD INV Q: Bank 10, Row index 387, Op size 16
How COPY_MIN_GB_only_trace hexadecimal channel mask looks for [0, 1, 2, 3, 4, 5, 6, 7, 8, 9, 10, 11, 12, 13, 14, 15, 16, 17, 18, 19, 20, 21, 22, 23, 24, 25, 26, 27, 28, 29, 30, 31] channels: 0xffffffff
CopyGB RD INV Q: Bank 10, Total burst till now: 48
CopyGB RD INV Q: Bank 14, Row index 387, Op size 16
How COPY_MIN_GB_only_trace hexadecimal channel mask looks for [0, 1, 2, 3, 4, 5, 6, 7, 8, 9, 10, 11, 12, 13, 14, 15, 16, 17, 18, 19, 20, 21, 22, 23, 24, 25, 26, 27, 28, 29, 30, 31] channels: 0xffffffff
CopyGB RD INV Q: Bank 14, Total burst till now: 64
CopyGB RD INV K: Bank 2, Row index 388, Op size 16
How COPY_MIN_GB_only_trace hexadecimal channel mask looks for [0, 1, 2, 3, 4, 5, 6, 7, 8, 9, 10, 11, 12, 13, 14, 15, 16, 17, 18, 19, 20, 21, 22, 23, 24, 25, 26, 27, 28, 29, 30, 31] channels: 0xffffffff
CopyGB RD INV K: Bank 2, Total burst till now: 16
CopyGB RD INV K: Bank 6, Row index 388, Op size 16
How COPY_MIN_GB_only_trace hexadecimal channel mask looks for [0, 1, 2, 3, 4, 5, 6, 7, 8, 9, 10, 11, 12, 13, 14, 15, 16, 17, 18, 19, 20, 21, 22, 23, 24, 25, 26, 27, 28, 29, 30, 31] channels: 0xffffffff
CopyGB RD INV K: Bank 6, Total burst till now: 32
CopyGB RD INV K: Bank 10, Row index 388, Op size 16
How COPY_MIN_GB_only_trace hexadecimal channel mask looks for [0, 1, 2, 3, 4, 5, 6, 7, 8, 9, 10, 11, 12, 13, 14, 15, 16, 17, 18, 19, 20, 21, 22, 23, 24, 25, 26, 27, 28, 29, 30, 31] channels: 0xffffffff
CopyGB RD INV K: Bank 10, Total burst till now: 48
CopyGB RD INV K: Bank 14, Row index 388, Op size 16
How COPY_MIN_GB_only_trace hexadecimal channel mask looks for [0, 1, 2, 3, 4, 5, 6, 7, 8, 9, 10, 11, 12, 13, 14, 15, 16, 17, 18, 19, 20, 21, 22, 23, 24, 25, 26, 27, 28, 29, 30, 31] channels: 0xffffffff
CopyGB RD INV K: Bank 14, Total burst till now: 64
dim=4096 and burst_length=16
Total elements turned number of block * dimension =16384
Model: None, RD-WR SBK for Q and K is same=8192, ewmul_q_burst=4096, ewmul_k_burst=4096
================================ END OF ROT EMB TRACE ==================================
How COPY_GB_BK_only_trace hexadecimal channel mask looks for [0, 1, 2, 3, 4, 5, 6, 7, 8, 9, 10, 11, 12, 13, 14, 15, 16, 17, 18, 19, 20, 21, 22, 23, 24, 25, 26, 27, 28, 29, 30, 31] channels: 0xffffffff
How COPY_GB_BK_only_trace hexadecimal channel mask looks for [0, 1, 2, 3, 4, 5, 6, 7, 8, 9, 10, 11, 12, 13, 14, 15, 16, 17, 18, 19, 20, 21, 22, 23, 24, 25, 26, 27, 28, 29, 30, 31] channels: 0xffffffff
How COPY_GB_BK_only_trace hexadecimal channel mask looks for [0, 1, 2, 3, 4, 5, 6, 7, 8, 9, 10, 11, 12, 13, 14, 15, 16, 17, 18, 19, 20, 21, 22, 23, 24, 25, 26, 27, 28, 29, 30, 31] channels: 0xffffffff
How COPY_GB_BK_only_trace hexadecimal channel mask looks for [0, 1, 2, 3, 4, 5, 6, 7, 8, 9, 10, 11, 12, 13, 14, 15, 16, 17, 18, 19, 20, 21, 22, 23, 24, 25, 26, 27, 28, 29, 30, 31] channels: 0xffffffff
How COPY_GB_BK_only_trace hexadecimal channel mask looks for [0, 1, 2, 3, 4, 5, 6, 7, 8, 9, 10, 11, 12, 13, 14, 15, 16, 17, 18, 19, 20, 21, 22, 23, 24, 25, 26, 27, 28, 29, 30, 31] channels: 0xffffffff
How COPY_GB_BK_only_trace hexadecimal channel mask looks for [0, 1, 2, 3, 4, 5, 6, 7, 8, 9, 10, 11, 12, 13, 14, 15, 16, 17, 18, 19, 20, 21, 22, 23, 24, 25, 26, 27, 28, 29, 30, 31] channels: 0xffffffff
How COPY_GB_BK_only_trace hexadecimal channel mask looks for [0, 1, 2, 3, 4, 5, 6, 7, 8, 9, 10, 11, 12, 13, 14, 15, 16, 17, 18, 19, 20, 21, 22, 23, 24, 25, 26, 27, 28, 29, 30, 31] channels: 0xffffffff
How COPY_GB_BK_only_trace hexadecimal channel mask looks for [0, 1, 2, 3, 4, 5, 6, 7, 8, 9, 10, 11, 12, 13, 14, 15, 16, 17, 18, 19, 20, 21, 22, 23, 24, 25, 26, 27, 28, 29, 30, 31] channels: 0xffffffff

 generate trace in function_sim, model name=None

Entered trace only in Llama.py
How COPY_GB_BK_only_trace hexadecimal channel mask looks for [0, 1, 2, 3, 4, 5, 6, 7, 8, 9, 10, 11, 12, 13, 14, 15, 16, 17, 18, 19, 20, 21, 22, 23, 24, 25, 26, 27, 28, 29, 30, 31] channels: 0xffffffff
How COPY_GB_BK_only_trace hexadecimal channel mask looks for [0, 1, 2, 3, 4, 5, 6, 7, 8, 9, 10, 11, 12, 13, 14, 15, 16, 17, 18, 19, 20, 21, 22, 23, 24, 25, 26, 27, 28, 29, 30, 31] channels: 0xffffffff
How COPY_GB_BK_only_trace hexadecimal channel mask looks for [0, 1, 2, 3, 4, 5, 6, 7, 8, 9, 10, 11, 12, 13, 14, 15, 16, 17, 18, 19, 20, 21, 22, 23, 24, 25, 26, 27, 28, 29, 30, 31] channels: 0xffffffff
How COPY_GB_BK_only_trace hexadecimal channel mask looks for [0, 1, 2, 3, 4, 5, 6, 7, 8, 9, 10, 11, 12, 13, 14, 15, 16, 17, 18, 19, 20, 21, 22, 23, 24, 25, 26, 27, 28, 29, 30, 31] channels: 0xffffffff
Entered trace only in Llama.py: trace_fc_kqvo is true, model name =None 
Model name =None with model parallel enable: False,  Dimension =4096, Total banks =128
============================== ROT EMB ==== None ====================================

EQUIVALENCE author=128, intermediate=128, mine=128

Number of banks per device:  16
Number of blocks per device:  4
Channels required for rotation of single block:  8
Channels required for rotation of all blocks:  32
All channels list for multi transformer blocks for rotation:  [0, 1, 2, 3, 4, 5, 6, 7, 8, 9, 10, 11, 12, 13, 14, 15, 16, 17, 18, 19, 20, 21, 22, 23, 24, 25, 26, 27, 28, 29, 30, 31]
EWMUL length=128 and utilized banks=32

Total banks: 128, Channels per block: 8, Banks per device: 16
EWMUL length=128 and utilized banks=32 and per channel banks=4

CopyGB RD Q: Bank 0, Row index 387, Op size 16
How COPY_MIN_GB_only_trace hexadecimal channel mask looks for [0, 1, 2, 3, 4, 5, 6, 7, 8, 9, 10, 11, 12, 13, 14, 15, 16, 17, 18, 19, 20, 21, 22, 23, 24, 25, 26, 27, 28, 29, 30, 31] channels: 0xffffffff
CopyGB RD Q: Bank 0, Total burst till now: 16
CopyGB RD Q: Bank 4, Row index 387, Op size 16
How COPY_MIN_GB_only_trace hexadecimal channel mask looks for [0, 1, 2, 3, 4, 5, 6, 7, 8, 9, 10, 11, 12, 13, 14, 15, 16, 17, 18, 19, 20, 21, 22, 23, 24, 25, 26, 27, 28, 29, 30, 31] channels: 0xffffffff
CopyGB RD Q: Bank 4, Total burst till now: 32
CopyGB RD Q: Bank 8, Row index 387, Op size 16
How COPY_MIN_GB_only_trace hexadecimal channel mask looks for [0, 1, 2, 3, 4, 5, 6, 7, 8, 9, 10, 11, 12, 13, 14, 15, 16, 17, 18, 19, 20, 21, 22, 23, 24, 25, 26, 27, 28, 29, 30, 31] channels: 0xffffffff
CopyGB RD Q: Bank 8, Total burst till now: 48
CopyGB RD Q: Bank 12, Row index 387, Op size 16
How COPY_MIN_GB_only_trace hexadecimal channel mask looks for [0, 1, 2, 3, 4, 5, 6, 7, 8, 9, 10, 11, 12, 13, 14, 15, 16, 17, 18, 19, 20, 21, 22, 23, 24, 25, 26, 27, 28, 29, 30, 31] channels: 0xffffffff
CopyGB RD Q: Bank 12, Total burst till now: 64
CopyGB RD K: Bank 0, Row index 388, Op size 16
How COPY_MIN_GB_only_trace hexadecimal channel mask looks for [0, 1, 2, 3, 4, 5, 6, 7, 8, 9, 10, 11, 12, 13, 14, 15, 16, 17, 18, 19, 20, 21, 22, 23, 24, 25, 26, 27, 28, 29, 30, 31] channels: 0xffffffff
CopyGB RD K: Bank 0, Total burst till now: 16
CopyGB RD K: Bank 4, Row index 388, Op size 16
How COPY_MIN_GB_only_trace hexadecimal channel mask looks for [0, 1, 2, 3, 4, 5, 6, 7, 8, 9, 10, 11, 12, 13, 14, 15, 16, 17, 18, 19, 20, 21, 22, 23, 24, 25, 26, 27, 28, 29, 30, 31] channels: 0xffffffff
CopyGB RD K: Bank 4, Total burst till now: 32
CopyGB RD K: Bank 8, Row index 388, Op size 16
How COPY_MIN_GB_only_trace hexadecimal channel mask looks for [0, 1, 2, 3, 4, 5, 6, 7, 8, 9, 10, 11, 12, 13, 14, 15, 16, 17, 18, 19, 20, 21, 22, 23, 24, 25, 26, 27, 28, 29, 30, 31] channels: 0xffffffff
CopyGB RD K: Bank 8, Total burst till now: 48
CopyGB RD K: Bank 12, Row index 388, Op size 16
How COPY_MIN_GB_only_trace hexadecimal channel mask looks for [0, 1, 2, 3, 4, 5, 6, 7, 8, 9, 10, 11, 12, 13, 14, 15, 16, 17, 18, 19, 20, 21, 22, 23, 24, 25, 26, 27, 28, 29, 30, 31] channels: 0xffffffff
CopyGB RD K: Bank 12, Total burst till now: 64
CopyGB RD INV Q: Bank 2, Row index 387, Op size 16
How COPY_MIN_GB_only_trace hexadecimal channel mask looks for [0, 1, 2, 3, 4, 5, 6, 7, 8, 9, 10, 11, 12, 13, 14, 15, 16, 17, 18, 19, 20, 21, 22, 23, 24, 25, 26, 27, 28, 29, 30, 31] channels: 0xffffffff
CopyGB RD INV Q: Bank 2, Total burst till now: 16
CopyGB RD INV Q: Bank 6, Row index 387, Op size 16
How COPY_MIN_GB_only_trace hexadecimal channel mask looks for [0, 1, 2, 3, 4, 5, 6, 7, 8, 9, 10, 11, 12, 13, 14, 15, 16, 17, 18, 19, 20, 21, 22, 23, 24, 25, 26, 27, 28, 29, 30, 31] channels: 0xffffffff
CopyGB RD INV Q: Bank 6, Total burst till now: 32
CopyGB RD INV Q: Bank 10, Row index 387, Op size 16
How COPY_MIN_GB_only_trace hexadecimal channel mask looks for [0, 1, 2, 3, 4, 5, 6, 7, 8, 9, 10, 11, 12, 13, 14, 15, 16, 17, 18, 19, 20, 21, 22, 23, 24, 25, 26, 27, 28, 29, 30, 31] channels: 0xffffffff
CopyGB RD INV Q: Bank 10, Total burst till now: 48
CopyGB RD INV Q: Bank 14, Row index 387, Op size 16
How COPY_MIN_GB_only_trace hexadecimal channel mask looks for [0, 1, 2, 3, 4, 5, 6, 7, 8, 9, 10, 11, 12, 13, 14, 15, 16, 17, 18, 19, 20, 21, 22, 23, 24, 25, 26, 27, 28, 29, 30, 31] channels: 0xffffffff
CopyGB RD INV Q: Bank 14, Total burst till now: 64
CopyGB RD INV K: Bank 2, Row index 388, Op size 16
How COPY_MIN_GB_only_trace hexadecimal channel mask looks for [0, 1, 2, 3, 4, 5, 6, 7, 8, 9, 10, 11, 12, 13, 14, 15, 16, 17, 18, 19, 20, 21, 22, 23, 24, 25, 26, 27, 28, 29, 30, 31] channels: 0xffffffff
CopyGB RD INV K: Bank 2, Total burst till now: 16
CopyGB RD INV K: Bank 6, Row index 388, Op size 16
How COPY_MIN_GB_only_trace hexadecimal channel mask looks for [0, 1, 2, 3, 4, 5, 6, 7, 8, 9, 10, 11, 12, 13, 14, 15, 16, 17, 18, 19, 20, 21, 22, 23, 24, 25, 26, 27, 28, 29, 30, 31] channels: 0xffffffff
CopyGB RD INV K: Bank 6, Total burst till now: 32
CopyGB RD INV K: Bank 10, Row index 388, Op size 16
How COPY_MIN_GB_only_trace hexadecimal channel mask looks for [0, 1, 2, 3, 4, 5, 6, 7, 8, 9, 10, 11, 12, 13, 14, 15, 16, 17, 18, 19, 20, 21, 22, 23, 24, 25, 26, 27, 28, 29, 30, 31] channels: 0xffffffff
CopyGB RD INV K: Bank 10, Total burst till now: 48
CopyGB RD INV K: Bank 14, Row index 388, Op size 16
How COPY_MIN_GB_only_trace hexadecimal channel mask looks for [0, 1, 2, 3, 4, 5, 6, 7, 8, 9, 10, 11, 12, 13, 14, 15, 16, 17, 18, 19, 20, 21, 22, 23, 24, 25, 26, 27, 28, 29, 30, 31] channels: 0xffffffff
CopyGB RD INV K: Bank 14, Total burst till now: 64
dim=4096 and burst_length=16
Total elements turned number of block * dimension =16384
Model: None, RD-WR SBK for Q and K is same=8192, ewmul_q_burst=4096, ewmul_k_burst=4096
================================ END OF ROT EMB TRACE ==================================
How COPY_GB_BK_only_trace hexadecimal channel mask looks for [0, 1, 2, 3, 4, 5, 6, 7, 8, 9, 10, 11, 12, 13, 14, 15, 16, 17, 18, 19, 20, 21, 22, 23, 24, 25, 26, 27, 28, 29, 30, 31] channels: 0xffffffff
How COPY_GB_BK_only_trace hexadecimal channel mask looks for [0, 1, 2, 3, 4, 5, 6, 7, 8, 9, 10, 11, 12, 13, 14, 15, 16, 17, 18, 19, 20, 21, 22, 23, 24, 25, 26, 27, 28, 29, 30, 31] channels: 0xffffffff
How COPY_GB_BK_only_trace hexadecimal channel mask looks for [0, 1, 2, 3, 4, 5, 6, 7, 8, 9, 10, 11, 12, 13, 14, 15, 16, 17, 18, 19, 20, 21, 22, 23, 24, 25, 26, 27, 28, 29, 30, 31] channels: 0xffffffff
How COPY_GB_BK_only_trace hexadecimal channel mask looks for [0, 1, 2, 3, 4, 5, 6, 7, 8, 9, 10, 11, 12, 13, 14, 15, 16, 17, 18, 19, 20, 21, 22, 23, 24, 25, 26, 27, 28, 29, 30, 31] channels: 0xffffffff
How COPY_GB_BK_only_trace hexadecimal channel mask looks for [0, 1, 2, 3, 4, 5, 6, 7, 8, 9, 10, 11, 12, 13, 14, 15, 16, 17, 18, 19, 20, 21, 22, 23, 24, 25, 26, 27, 28, 29, 30, 31] channels: 0xffffffff
How COPY_GB_BK_only_trace hexadecimal channel mask looks for [0, 1, 2, 3, 4, 5, 6, 7, 8, 9, 10, 11, 12, 13, 14, 15, 16, 17, 18, 19, 20, 21, 22, 23, 24, 25, 26, 27, 28, 29, 30, 31] channels: 0xffffffff
How COPY_GB_BK_only_trace hexadecimal channel mask looks for [0, 1, 2, 3, 4, 5, 6, 7, 8, 9, 10, 11, 12, 13, 14, 15, 16, 17, 18, 19, 20, 21, 22, 23, 24, 25, 26, 27, 28, 29, 30, 31] channels: 0xffffffff
How COPY_GB_BK_only_trace hexadecimal channel mask looks for [0, 1, 2, 3, 4, 5, 6, 7, 8, 9, 10, 11, 12, 13, 14, 15, 16, 17, 18, 19, 20, 21, 22, 23, 24, 25, 26, 27, 28, 29, 30, 31] channels: 0xffffffff

 generate trace in function_sim, model name=None

Entered trace only in Llama.py
How COPY_GB_BK_only_trace hexadecimal channel mask looks for [0, 1, 2, 3, 4, 5, 6, 7, 8, 9, 10, 11, 12, 13, 14, 15, 16, 17, 18, 19, 20, 21, 22, 23, 24, 25, 26, 27, 28, 29, 30, 31] channels: 0xffffffff
How COPY_GB_BK_only_trace hexadecimal channel mask looks for [0, 1, 2, 3, 4, 5, 6, 7, 8, 9, 10, 11, 12, 13, 14, 15, 16, 17, 18, 19, 20, 21, 22, 23, 24, 25, 26, 27, 28, 29, 30, 31] channels: 0xffffffff
How COPY_GB_BK_only_trace hexadecimal channel mask looks for [0, 1, 2, 3, 4, 5, 6, 7, 8, 9, 10, 11, 12, 13, 14, 15, 16, 17, 18, 19, 20, 21, 22, 23, 24, 25, 26, 27, 28, 29, 30, 31] channels: 0xffffffff
How COPY_GB_BK_only_trace hexadecimal channel mask looks for [0, 1, 2, 3, 4, 5, 6, 7, 8, 9, 10, 11, 12, 13, 14, 15, 16, 17, 18, 19, 20, 21, 22, 23, 24, 25, 26, 27, 28, 29, 30, 31] channels: 0xffffffff
Entered trace only in Llama.py: trace_fc_kqvo is true, model name =None 
Model name =None with model parallel enable: False,  Dimension =4096, Total banks =128
============================== ROT EMB ==== None ====================================

EQUIVALENCE author=128, intermediate=128, mine=128

Number of banks per device:  16
Number of blocks per device:  4
Channels required for rotation of single block:  8
Channels required for rotation of all blocks:  32
All channels list for multi transformer blocks for rotation:  [0, 1, 2, 3, 4, 5, 6, 7, 8, 9, 10, 11, 12, 13, 14, 15, 16, 17, 18, 19, 20, 21, 22, 23, 24, 25, 26, 27, 28, 29, 30, 31]
EWMUL length=128 and utilized banks=32

Total banks: 128, Channels per block: 8, Banks per device: 16
EWMUL length=128 and utilized banks=32 and per channel banks=4

CopyGB RD Q: Bank 0, Row index 387, Op size 16
How COPY_MIN_GB_only_trace hexadecimal channel mask looks for [0, 1, 2, 3, 4, 5, 6, 7, 8, 9, 10, 11, 12, 13, 14, 15, 16, 17, 18, 19, 20, 21, 22, 23, 24, 25, 26, 27, 28, 29, 30, 31] channels: 0xffffffff
CopyGB RD Q: Bank 0, Total burst till now: 16
CopyGB RD Q: Bank 4, Row index 387, Op size 16
How COPY_MIN_GB_only_trace hexadecimal channel mask looks for [0, 1, 2, 3, 4, 5, 6, 7, 8, 9, 10, 11, 12, 13, 14, 15, 16, 17, 18, 19, 20, 21, 22, 23, 24, 25, 26, 27, 28, 29, 30, 31] channels: 0xffffffff
CopyGB RD Q: Bank 4, Total burst till now: 32
CopyGB RD Q: Bank 8, Row index 387, Op size 16
How COPY_MIN_GB_only_trace hexadecimal channel mask looks for [0, 1, 2, 3, 4, 5, 6, 7, 8, 9, 10, 11, 12, 13, 14, 15, 16, 17, 18, 19, 20, 21, 22, 23, 24, 25, 26, 27, 28, 29, 30, 31] channels: 0xffffffff
CopyGB RD Q: Bank 8, Total burst till now: 48
CopyGB RD Q: Bank 12, Row index 387, Op size 16
How COPY_MIN_GB_only_trace hexadecimal channel mask looks for [0, 1, 2, 3, 4, 5, 6, 7, 8, 9, 10, 11, 12, 13, 14, 15, 16, 17, 18, 19, 20, 21, 22, 23, 24, 25, 26, 27, 28, 29, 30, 31] channels: 0xffffffff
CopyGB RD Q: Bank 12, Total burst till now: 64
CopyGB RD K: Bank 0, Row index 388, Op size 16
How COPY_MIN_GB_only_trace hexadecimal channel mask looks for [0, 1, 2, 3, 4, 5, 6, 7, 8, 9, 10, 11, 12, 13, 14, 15, 16, 17, 18, 19, 20, 21, 22, 23, 24, 25, 26, 27, 28, 29, 30, 31] channels: 0xffffffff
CopyGB RD K: Bank 0, Total burst till now: 16
CopyGB RD K: Bank 4, Row index 388, Op size 16
How COPY_MIN_GB_only_trace hexadecimal channel mask looks for [0, 1, 2, 3, 4, 5, 6, 7, 8, 9, 10, 11, 12, 13, 14, 15, 16, 17, 18, 19, 20, 21, 22, 23, 24, 25, 26, 27, 28, 29, 30, 31] channels: 0xffffffff
CopyGB RD K: Bank 4, Total burst till now: 32
CopyGB RD K: Bank 8, Row index 388, Op size 16
How COPY_MIN_GB_only_trace hexadecimal channel mask looks for [0, 1, 2, 3, 4, 5, 6, 7, 8, 9, 10, 11, 12, 13, 14, 15, 16, 17, 18, 19, 20, 21, 22, 23, 24, 25, 26, 27, 28, 29, 30, 31] channels: 0xffffffff
CopyGB RD K: Bank 8, Total burst till now: 48
CopyGB RD K: Bank 12, Row index 388, Op size 16
How COPY_MIN_GB_only_trace hexadecimal channel mask looks for [0, 1, 2, 3, 4, 5, 6, 7, 8, 9, 10, 11, 12, 13, 14, 15, 16, 17, 18, 19, 20, 21, 22, 23, 24, 25, 26, 27, 28, 29, 30, 31] channels: 0xffffffff
CopyGB RD K: Bank 12, Total burst till now: 64
CopyGB RD INV Q: Bank 2, Row index 387, Op size 16
How COPY_MIN_GB_only_trace hexadecimal channel mask looks for [0, 1, 2, 3, 4, 5, 6, 7, 8, 9, 10, 11, 12, 13, 14, 15, 16, 17, 18, 19, 20, 21, 22, 23, 24, 25, 26, 27, 28, 29, 30, 31] channels: 0xffffffff
CopyGB RD INV Q: Bank 2, Total burst till now: 16
CopyGB RD INV Q: Bank 6, Row index 387, Op size 16
How COPY_MIN_GB_only_trace hexadecimal channel mask looks for [0, 1, 2, 3, 4, 5, 6, 7, 8, 9, 10, 11, 12, 13, 14, 15, 16, 17, 18, 19, 20, 21, 22, 23, 24, 25, 26, 27, 28, 29, 30, 31] channels: 0xffffffff
CopyGB RD INV Q: Bank 6, Total burst till now: 32
CopyGB RD INV Q: Bank 10, Row index 387, Op size 16
How COPY_MIN_GB_only_trace hexadecimal channel mask looks for [0, 1, 2, 3, 4, 5, 6, 7, 8, 9, 10, 11, 12, 13, 14, 15, 16, 17, 18, 19, 20, 21, 22, 23, 24, 25, 26, 27, 28, 29, 30, 31] channels: 0xffffffff
CopyGB RD INV Q: Bank 10, Total burst till now: 48
CopyGB RD INV Q: Bank 14, Row index 387, Op size 16
How COPY_MIN_GB_only_trace hexadecimal channel mask looks for [0, 1, 2, 3, 4, 5, 6, 7, 8, 9, 10, 11, 12, 13, 14, 15, 16, 17, 18, 19, 20, 21, 22, 23, 24, 25, 26, 27, 28, 29, 30, 31] channels: 0xffffffff
CopyGB RD INV Q: Bank 14, Total burst till now: 64
CopyGB RD INV K: Bank 2, Row index 388, Op size 16
How COPY_MIN_GB_only_trace hexadecimal channel mask looks for [0, 1, 2, 3, 4, 5, 6, 7, 8, 9, 10, 11, 12, 13, 14, 15, 16, 17, 18, 19, 20, 21, 22, 23, 24, 25, 26, 27, 28, 29, 30, 31] channels: 0xffffffff
CopyGB RD INV K: Bank 2, Total burst till now: 16
CopyGB RD INV K: Bank 6, Row index 388, Op size 16
How COPY_MIN_GB_only_trace hexadecimal channel mask looks for [0, 1, 2, 3, 4, 5, 6, 7, 8, 9, 10, 11, 12, 13, 14, 15, 16, 17, 18, 19, 20, 21, 22, 23, 24, 25, 26, 27, 28, 29, 30, 31] channels: 0xffffffff
CopyGB RD INV K: Bank 6, Total burst till now: 32
CopyGB RD INV K: Bank 10, Row index 388, Op size 16
How COPY_MIN_GB_only_trace hexadecimal channel mask looks for [0, 1, 2, 3, 4, 5, 6, 7, 8, 9, 10, 11, 12, 13, 14, 15, 16, 17, 18, 19, 20, 21, 22, 23, 24, 25, 26, 27, 28, 29, 30, 31] channels: 0xffffffff
CopyGB RD INV K: Bank 10, Total burst till now: 48
CopyGB RD INV K: Bank 14, Row index 388, Op size 16
How COPY_MIN_GB_only_trace hexadecimal channel mask looks for [0, 1, 2, 3, 4, 5, 6, 7, 8, 9, 10, 11, 12, 13, 14, 15, 16, 17, 18, 19, 20, 21, 22, 23, 24, 25, 26, 27, 28, 29, 30, 31] channels: 0xffffffff
CopyGB RD INV K: Bank 14, Total burst till now: 64
dim=4096 and burst_length=16
Total elements turned number of block * dimension =16384
Model: None, RD-WR SBK for Q and K is same=8192, ewmul_q_burst=4096, ewmul_k_burst=4096
================================ END OF ROT EMB TRACE ==================================
How COPY_GB_BK_only_trace hexadecimal channel mask looks for [0, 1, 2, 3, 4, 5, 6, 7, 8, 9, 10, 11, 12, 13, 14, 15, 16, 17, 18, 19, 20, 21, 22, 23, 24, 25, 26, 27, 28, 29, 30, 31] channels: 0xffffffff
How COPY_GB_BK_only_trace hexadecimal channel mask looks for [0, 1, 2, 3, 4, 5, 6, 7, 8, 9, 10, 11, 12, 13, 14, 15, 16, 17, 18, 19, 20, 21, 22, 23, 24, 25, 26, 27, 28, 29, 30, 31] channels: 0xffffffff
How COPY_GB_BK_only_trace hexadecimal channel mask looks for [0, 1, 2, 3, 4, 5, 6, 7, 8, 9, 10, 11, 12, 13, 14, 15, 16, 17, 18, 19, 20, 21, 22, 23, 24, 25, 26, 27, 28, 29, 30, 31] channels: 0xffffffff
How COPY_GB_BK_only_trace hexadecimal channel mask looks for [0, 1, 2, 3, 4, 5, 6, 7, 8, 9, 10, 11, 12, 13, 14, 15, 16, 17, 18, 19, 20, 21, 22, 23, 24, 25, 26, 27, 28, 29, 30, 31] channels: 0xffffffff
How COPY_GB_BK_only_trace hexadecimal channel mask looks for [0, 1, 2, 3, 4, 5, 6, 7, 8, 9, 10, 11, 12, 13, 14, 15, 16, 17, 18, 19, 20, 21, 22, 23, 24, 25, 26, 27, 28, 29, 30, 31] channels: 0xffffffff
How COPY_GB_BK_only_trace hexadecimal channel mask looks for [0, 1, 2, 3, 4, 5, 6, 7, 8, 9, 10, 11, 12, 13, 14, 15, 16, 17, 18, 19, 20, 21, 22, 23, 24, 25, 26, 27, 28, 29, 30, 31] channels: 0xffffffff
How COPY_GB_BK_only_trace hexadecimal channel mask looks for [0, 1, 2, 3, 4, 5, 6, 7, 8, 9, 10, 11, 12, 13, 14, 15, 16, 17, 18, 19, 20, 21, 22, 23, 24, 25, 26, 27, 28, 29, 30, 31] channels: 0xffffffff
How COPY_GB_BK_only_trace hexadecimal channel mask looks for [0, 1, 2, 3, 4, 5, 6, 7, 8, 9, 10, 11, 12, 13, 14, 15, 16, 17, 18, 19, 20, 21, 22, 23, 24, 25, 26, 27, 28, 29, 30, 31] channels: 0xffffffff

 generate trace in function_sim, model name=None

Entered trace only in Llama.py
How COPY_GB_BK_only_trace hexadecimal channel mask looks for [0, 1, 2, 3, 4, 5, 6, 7, 8, 9, 10, 11, 12, 13, 14, 15, 16, 17, 18, 19, 20, 21, 22, 23, 24, 25, 26, 27, 28, 29, 30, 31] channels: 0xffffffff
How COPY_GB_BK_only_trace hexadecimal channel mask looks for [0, 1, 2, 3, 4, 5, 6, 7, 8, 9, 10, 11, 12, 13, 14, 15, 16, 17, 18, 19, 20, 21, 22, 23, 24, 25, 26, 27, 28, 29, 30, 31] channels: 0xffffffff
How COPY_GB_BK_only_trace hexadecimal channel mask looks for [0, 1, 2, 3, 4, 5, 6, 7, 8, 9, 10, 11, 12, 13, 14, 15, 16, 17, 18, 19, 20, 21, 22, 23, 24, 25, 26, 27, 28, 29, 30, 31] channels: 0xffffffff
How COPY_GB_BK_only_trace hexadecimal channel mask looks for [0, 1, 2, 3, 4, 5, 6, 7, 8, 9, 10, 11, 12, 13, 14, 15, 16, 17, 18, 19, 20, 21, 22, 23, 24, 25, 26, 27, 28, 29, 30, 31] channels: 0xffffffff
Entered trace only in Llama.py: trace_fc_kqvo is true, model name =None 
Model name =None with model parallel enable: False,  Dimension =4096, Total banks =128
============================== ROT EMB ==== None ====================================

EQUIVALENCE author=128, intermediate=128, mine=128

Number of banks per device:  16
Number of blocks per device:  4
Channels required for rotation of single block:  8
Channels required for rotation of all blocks:  32
All channels list for multi transformer blocks for rotation:  [0, 1, 2, 3, 4, 5, 6, 7, 8, 9, 10, 11, 12, 13, 14, 15, 16, 17, 18, 19, 20, 21, 22, 23, 24, 25, 26, 27, 28, 29, 30, 31]
EWMUL length=128 and utilized banks=32

Total banks: 128, Channels per block: 8, Banks per device: 16
EWMUL length=128 and utilized banks=32 and per channel banks=4

CopyGB RD Q: Bank 0, Row index 387, Op size 16
How COPY_MIN_GB_only_trace hexadecimal channel mask looks for [0, 1, 2, 3, 4, 5, 6, 7, 8, 9, 10, 11, 12, 13, 14, 15, 16, 17, 18, 19, 20, 21, 22, 23, 24, 25, 26, 27, 28, 29, 30, 31] channels: 0xffffffff
CopyGB RD Q: Bank 0, Total burst till now: 16
CopyGB RD Q: Bank 4, Row index 387, Op size 16
How COPY_MIN_GB_only_trace hexadecimal channel mask looks for [0, 1, 2, 3, 4, 5, 6, 7, 8, 9, 10, 11, 12, 13, 14, 15, 16, 17, 18, 19, 20, 21, 22, 23, 24, 25, 26, 27, 28, 29, 30, 31] channels: 0xffffffff
CopyGB RD Q: Bank 4, Total burst till now: 32
CopyGB RD Q: Bank 8, Row index 387, Op size 16
How COPY_MIN_GB_only_trace hexadecimal channel mask looks for [0, 1, 2, 3, 4, 5, 6, 7, 8, 9, 10, 11, 12, 13, 14, 15, 16, 17, 18, 19, 20, 21, 22, 23, 24, 25, 26, 27, 28, 29, 30, 31] channels: 0xffffffff
CopyGB RD Q: Bank 8, Total burst till now: 48
CopyGB RD Q: Bank 12, Row index 387, Op size 16
How COPY_MIN_GB_only_trace hexadecimal channel mask looks for [0, 1, 2, 3, 4, 5, 6, 7, 8, 9, 10, 11, 12, 13, 14, 15, 16, 17, 18, 19, 20, 21, 22, 23, 24, 25, 26, 27, 28, 29, 30, 31] channels: 0xffffffff
CopyGB RD Q: Bank 12, Total burst till now: 64
CopyGB RD K: Bank 0, Row index 388, Op size 16
How COPY_MIN_GB_only_trace hexadecimal channel mask looks for [0, 1, 2, 3, 4, 5, 6, 7, 8, 9, 10, 11, 12, 13, 14, 15, 16, 17, 18, 19, 20, 21, 22, 23, 24, 25, 26, 27, 28, 29, 30, 31] channels: 0xffffffff
CopyGB RD K: Bank 0, Total burst till now: 16
CopyGB RD K: Bank 4, Row index 388, Op size 16
How COPY_MIN_GB_only_trace hexadecimal channel mask looks for [0, 1, 2, 3, 4, 5, 6, 7, 8, 9, 10, 11, 12, 13, 14, 15, 16, 17, 18, 19, 20, 21, 22, 23, 24, 25, 26, 27, 28, 29, 30, 31] channels: 0xffffffff
CopyGB RD K: Bank 4, Total burst till now: 32
CopyGB RD K: Bank 8, Row index 388, Op size 16
How COPY_MIN_GB_only_trace hexadecimal channel mask looks for [0, 1, 2, 3, 4, 5, 6, 7, 8, 9, 10, 11, 12, 13, 14, 15, 16, 17, 18, 19, 20, 21, 22, 23, 24, 25, 26, 27, 28, 29, 30, 31] channels: 0xffffffff
CopyGB RD K: Bank 8, Total burst till now: 48
CopyGB RD K: Bank 12, Row index 388, Op size 16
How COPY_MIN_GB_only_trace hexadecimal channel mask looks for [0, 1, 2, 3, 4, 5, 6, 7, 8, 9, 10, 11, 12, 13, 14, 15, 16, 17, 18, 19, 20, 21, 22, 23, 24, 25, 26, 27, 28, 29, 30, 31] channels: 0xffffffff
CopyGB RD K: Bank 12, Total burst till now: 64
CopyGB RD INV Q: Bank 2, Row index 387, Op size 16
How COPY_MIN_GB_only_trace hexadecimal channel mask looks for [0, 1, 2, 3, 4, 5, 6, 7, 8, 9, 10, 11, 12, 13, 14, 15, 16, 17, 18, 19, 20, 21, 22, 23, 24, 25, 26, 27, 28, 29, 30, 31] channels: 0xffffffff
CopyGB RD INV Q: Bank 2, Total burst till now: 16
CopyGB RD INV Q: Bank 6, Row index 387, Op size 16
How COPY_MIN_GB_only_trace hexadecimal channel mask looks for [0, 1, 2, 3, 4, 5, 6, 7, 8, 9, 10, 11, 12, 13, 14, 15, 16, 17, 18, 19, 20, 21, 22, 23, 24, 25, 26, 27, 28, 29, 30, 31] channels: 0xffffffff
CopyGB RD INV Q: Bank 6, Total burst till now: 32
CopyGB RD INV Q: Bank 10, Row index 387, Op size 16
How COPY_MIN_GB_only_trace hexadecimal channel mask looks for [0, 1, 2, 3, 4, 5, 6, 7, 8, 9, 10, 11, 12, 13, 14, 15, 16, 17, 18, 19, 20, 21, 22, 23, 24, 25, 26, 27, 28, 29, 30, 31] channels: 0xffffffff
CopyGB RD INV Q: Bank 10, Total burst till now: 48
CopyGB RD INV Q: Bank 14, Row index 387, Op size 16
How COPY_MIN_GB_only_trace hexadecimal channel mask looks for [0, 1, 2, 3, 4, 5, 6, 7, 8, 9, 10, 11, 12, 13, 14, 15, 16, 17, 18, 19, 20, 21, 22, 23, 24, 25, 26, 27, 28, 29, 30, 31] channels: 0xffffffff
CopyGB RD INV Q: Bank 14, Total burst till now: 64
CopyGB RD INV K: Bank 2, Row index 388, Op size 16
How COPY_MIN_GB_only_trace hexadecimal channel mask looks for [0, 1, 2, 3, 4, 5, 6, 7, 8, 9, 10, 11, 12, 13, 14, 15, 16, 17, 18, 19, 20, 21, 22, 23, 24, 25, 26, 27, 28, 29, 30, 31] channels: 0xffffffff
CopyGB RD INV K: Bank 2, Total burst till now: 16
CopyGB RD INV K: Bank 6, Row index 388, Op size 16
How COPY_MIN_GB_only_trace hexadecimal channel mask looks for [0, 1, 2, 3, 4, 5, 6, 7, 8, 9, 10, 11, 12, 13, 14, 15, 16, 17, 18, 19, 20, 21, 22, 23, 24, 25, 26, 27, 28, 29, 30, 31] channels: 0xffffffff
CopyGB RD INV K: Bank 6, Total burst till now: 32
CopyGB RD INV K: Bank 10, Row index 388, Op size 16
How COPY_MIN_GB_only_trace hexadecimal channel mask looks for [0, 1, 2, 3, 4, 5, 6, 7, 8, 9, 10, 11, 12, 13, 14, 15, 16, 17, 18, 19, 20, 21, 22, 23, 24, 25, 26, 27, 28, 29, 30, 31] channels: 0xffffffff
CopyGB RD INV K: Bank 10, Total burst till now: 48
CopyGB RD INV K: Bank 14, Row index 388, Op size 16
How COPY_MIN_GB_only_trace hexadecimal channel mask looks for [0, 1, 2, 3, 4, 5, 6, 7, 8, 9, 10, 11, 12, 13, 14, 15, 16, 17, 18, 19, 20, 21, 22, 23, 24, 25, 26, 27, 28, 29, 30, 31] channels: 0xffffffff
CopyGB RD INV K: Bank 14, Total burst till now: 64
dim=4096 and burst_length=16
Total elements turned number of block * dimension =16384
Model: None, RD-WR SBK for Q and K is same=8192, ewmul_q_burst=4096, ewmul_k_burst=4096
================================ END OF ROT EMB TRACE ==================================
How COPY_GB_BK_only_trace hexadecimal channel mask looks for [0, 1, 2, 3, 4, 5, 6, 7, 8, 9, 10, 11, 12, 13, 14, 15, 16, 17, 18, 19, 20, 21, 22, 23, 24, 25, 26, 27, 28, 29, 30, 31] channels: 0xffffffff
How COPY_GB_BK_only_trace hexadecimal channel mask looks for [0, 1, 2, 3, 4, 5, 6, 7, 8, 9, 10, 11, 12, 13, 14, 15, 16, 17, 18, 19, 20, 21, 22, 23, 24, 25, 26, 27, 28, 29, 30, 31] channels: 0xffffffff
How COPY_GB_BK_only_trace hexadecimal channel mask looks for [0, 1, 2, 3, 4, 5, 6, 7, 8, 9, 10, 11, 12, 13, 14, 15, 16, 17, 18, 19, 20, 21, 22, 23, 24, 25, 26, 27, 28, 29, 30, 31] channels: 0xffffffff
How COPY_GB_BK_only_trace hexadecimal channel mask looks for [0, 1, 2, 3, 4, 5, 6, 7, 8, 9, 10, 11, 12, 13, 14, 15, 16, 17, 18, 19, 20, 21, 22, 23, 24, 25, 26, 27, 28, 29, 30, 31] channels: 0xffffffff
How COPY_GB_BK_only_trace hexadecimal channel mask looks for [0, 1, 2, 3, 4, 5, 6, 7, 8, 9, 10, 11, 12, 13, 14, 15, 16, 17, 18, 19, 20, 21, 22, 23, 24, 25, 26, 27, 28, 29, 30, 31] channels: 0xffffffff
How COPY_GB_BK_only_trace hexadecimal channel mask looks for [0, 1, 2, 3, 4, 5, 6, 7, 8, 9, 10, 11, 12, 13, 14, 15, 16, 17, 18, 19, 20, 21, 22, 23, 24, 25, 26, 27, 28, 29, 30, 31] channels: 0xffffffff
How COPY_GB_BK_only_trace hexadecimal channel mask looks for [0, 1, 2, 3, 4, 5, 6, 7, 8, 9, 10, 11, 12, 13, 14, 15, 16, 17, 18, 19, 20, 21, 22, 23, 24, 25, 26, 27, 28, 29, 30, 31] channels: 0xffffffff
How COPY_GB_BK_only_trace hexadecimal channel mask looks for [0, 1, 2, 3, 4, 5, 6, 7, 8, 9, 10, 11, 12, 13, 14, 15, 16, 17, 18, 19, 20, 21, 22, 23, 24, 25, 26, 27, 28, 29, 30, 31] channels: 0xffffffff

 generate trace in function_sim, model name=None

Entered trace only in Llama.py
How COPY_GB_BK_only_trace hexadecimal channel mask looks for [0, 1, 2, 3, 4, 5, 6, 7, 8, 9, 10, 11, 12, 13, 14, 15, 16, 17, 18, 19, 20, 21, 22, 23, 24, 25, 26, 27, 28, 29, 30, 31] channels: 0xffffffff
How COPY_GB_BK_only_trace hexadecimal channel mask looks for [0, 1, 2, 3, 4, 5, 6, 7, 8, 9, 10, 11, 12, 13, 14, 15, 16, 17, 18, 19, 20, 21, 22, 23, 24, 25, 26, 27, 28, 29, 30, 31] channels: 0xffffffff
How COPY_GB_BK_only_trace hexadecimal channel mask looks for [0, 1, 2, 3, 4, 5, 6, 7, 8, 9, 10, 11, 12, 13, 14, 15, 16, 17, 18, 19, 20, 21, 22, 23, 24, 25, 26, 27, 28, 29, 30, 31] channels: 0xffffffff
How COPY_GB_BK_only_trace hexadecimal channel mask looks for [0, 1, 2, 3, 4, 5, 6, 7, 8, 9, 10, 11, 12, 13, 14, 15, 16, 17, 18, 19, 20, 21, 22, 23, 24, 25, 26, 27, 28, 29, 30, 31] channels: 0xffffffff
Entered trace only in Llama.py: trace_fc_kqvo is true, model name =None 
Model name =None with model parallel enable: False,  Dimension =4096, Total banks =128
============================== ROT EMB ==== None ====================================

EQUIVALENCE author=128, intermediate=128, mine=128

Number of banks per device:  16
Number of blocks per device:  4
Channels required for rotation of single block:  8
Channels required for rotation of all blocks:  32
All channels list for multi transformer blocks for rotation:  [0, 1, 2, 3, 4, 5, 6, 7, 8, 9, 10, 11, 12, 13, 14, 15, 16, 17, 18, 19, 20, 21, 22, 23, 24, 25, 26, 27, 28, 29, 30, 31]
EWMUL length=128 and utilized banks=32

Total banks: 128, Channels per block: 8, Banks per device: 16
EWMUL length=128 and utilized banks=32 and per channel banks=4

CopyGB RD Q: Bank 0, Row index 387, Op size 16
How COPY_MIN_GB_only_trace hexadecimal channel mask looks for [0, 1, 2, 3, 4, 5, 6, 7, 8, 9, 10, 11, 12, 13, 14, 15, 16, 17, 18, 19, 20, 21, 22, 23, 24, 25, 26, 27, 28, 29, 30, 31] channels: 0xffffffff
CopyGB RD Q: Bank 0, Total burst till now: 16
CopyGB RD Q: Bank 4, Row index 387, Op size 16
How COPY_MIN_GB_only_trace hexadecimal channel mask looks for [0, 1, 2, 3, 4, 5, 6, 7, 8, 9, 10, 11, 12, 13, 14, 15, 16, 17, 18, 19, 20, 21, 22, 23, 24, 25, 26, 27, 28, 29, 30, 31] channels: 0xffffffff
CopyGB RD Q: Bank 4, Total burst till now: 32
CopyGB RD Q: Bank 8, Row index 387, Op size 16
How COPY_MIN_GB_only_trace hexadecimal channel mask looks for [0, 1, 2, 3, 4, 5, 6, 7, 8, 9, 10, 11, 12, 13, 14, 15, 16, 17, 18, 19, 20, 21, 22, 23, 24, 25, 26, 27, 28, 29, 30, 31] channels: 0xffffffff
CopyGB RD Q: Bank 8, Total burst till now: 48
CopyGB RD Q: Bank 12, Row index 387, Op size 16
How COPY_MIN_GB_only_trace hexadecimal channel mask looks for [0, 1, 2, 3, 4, 5, 6, 7, 8, 9, 10, 11, 12, 13, 14, 15, 16, 17, 18, 19, 20, 21, 22, 23, 24, 25, 26, 27, 28, 29, 30, 31] channels: 0xffffffff
CopyGB RD Q: Bank 12, Total burst till now: 64
CopyGB RD K: Bank 0, Row index 388, Op size 16
How COPY_MIN_GB_only_trace hexadecimal channel mask looks for [0, 1, 2, 3, 4, 5, 6, 7, 8, 9, 10, 11, 12, 13, 14, 15, 16, 17, 18, 19, 20, 21, 22, 23, 24, 25, 26, 27, 28, 29, 30, 31] channels: 0xffffffff
CopyGB RD K: Bank 0, Total burst till now: 16
CopyGB RD K: Bank 4, Row index 388, Op size 16
How COPY_MIN_GB_only_trace hexadecimal channel mask looks for [0, 1, 2, 3, 4, 5, 6, 7, 8, 9, 10, 11, 12, 13, 14, 15, 16, 17, 18, 19, 20, 21, 22, 23, 24, 25, 26, 27, 28, 29, 30, 31] channels: 0xffffffff
CopyGB RD K: Bank 4, Total burst till now: 32
CopyGB RD K: Bank 8, Row index 388, Op size 16
How COPY_MIN_GB_only_trace hexadecimal channel mask looks for [0, 1, 2, 3, 4, 5, 6, 7, 8, 9, 10, 11, 12, 13, 14, 15, 16, 17, 18, 19, 20, 21, 22, 23, 24, 25, 26, 27, 28, 29, 30, 31] channels: 0xffffffff
CopyGB RD K: Bank 8, Total burst till now: 48
CopyGB RD K: Bank 12, Row index 388, Op size 16
How COPY_MIN_GB_only_trace hexadecimal channel mask looks for [0, 1, 2, 3, 4, 5, 6, 7, 8, 9, 10, 11, 12, 13, 14, 15, 16, 17, 18, 19, 20, 21, 22, 23, 24, 25, 26, 27, 28, 29, 30, 31] channels: 0xffffffff
CopyGB RD K: Bank 12, Total burst till now: 64
CopyGB RD INV Q: Bank 2, Row index 387, Op size 16
How COPY_MIN_GB_only_trace hexadecimal channel mask looks for [0, 1, 2, 3, 4, 5, 6, 7, 8, 9, 10, 11, 12, 13, 14, 15, 16, 17, 18, 19, 20, 21, 22, 23, 24, 25, 26, 27, 28, 29, 30, 31] channels: 0xffffffff
CopyGB RD INV Q: Bank 2, Total burst till now: 16
CopyGB RD INV Q: Bank 6, Row index 387, Op size 16
How COPY_MIN_GB_only_trace hexadecimal channel mask looks for [0, 1, 2, 3, 4, 5, 6, 7, 8, 9, 10, 11, 12, 13, 14, 15, 16, 17, 18, 19, 20, 21, 22, 23, 24, 25, 26, 27, 28, 29, 30, 31] channels: 0xffffffff
CopyGB RD INV Q: Bank 6, Total burst till now: 32
CopyGB RD INV Q: Bank 10, Row index 387, Op size 16
How COPY_MIN_GB_only_trace hexadecimal channel mask looks for [0, 1, 2, 3, 4, 5, 6, 7, 8, 9, 10, 11, 12, 13, 14, 15, 16, 17, 18, 19, 20, 21, 22, 23, 24, 25, 26, 27, 28, 29, 30, 31] channels: 0xffffffff
CopyGB RD INV Q: Bank 10, Total burst till now: 48
CopyGB RD INV Q: Bank 14, Row index 387, Op size 16
How COPY_MIN_GB_only_trace hexadecimal channel mask looks for [0, 1, 2, 3, 4, 5, 6, 7, 8, 9, 10, 11, 12, 13, 14, 15, 16, 17, 18, 19, 20, 21, 22, 23, 24, 25, 26, 27, 28, 29, 30, 31] channels: 0xffffffff
CopyGB RD INV Q: Bank 14, Total burst till now: 64
CopyGB RD INV K: Bank 2, Row index 388, Op size 16
How COPY_MIN_GB_only_trace hexadecimal channel mask looks for [0, 1, 2, 3, 4, 5, 6, 7, 8, 9, 10, 11, 12, 13, 14, 15, 16, 17, 18, 19, 20, 21, 22, 23, 24, 25, 26, 27, 28, 29, 30, 31] channels: 0xffffffff
CopyGB RD INV K: Bank 2, Total burst till now: 16
CopyGB RD INV K: Bank 6, Row index 388, Op size 16
How COPY_MIN_GB_only_trace hexadecimal channel mask looks for [0, 1, 2, 3, 4, 5, 6, 7, 8, 9, 10, 11, 12, 13, 14, 15, 16, 17, 18, 19, 20, 21, 22, 23, 24, 25, 26, 27, 28, 29, 30, 31] channels: 0xffffffff
CopyGB RD INV K: Bank 6, Total burst till now: 32
CopyGB RD INV K: Bank 10, Row index 388, Op size 16
How COPY_MIN_GB_only_trace hexadecimal channel mask looks for [0, 1, 2, 3, 4, 5, 6, 7, 8, 9, 10, 11, 12, 13, 14, 15, 16, 17, 18, 19, 20, 21, 22, 23, 24, 25, 26, 27, 28, 29, 30, 31] channels: 0xffffffff
CopyGB RD INV K: Bank 10, Total burst till now: 48
CopyGB RD INV K: Bank 14, Row index 388, Op size 16
How COPY_MIN_GB_only_trace hexadecimal channel mask looks for [0, 1, 2, 3, 4, 5, 6, 7, 8, 9, 10, 11, 12, 13, 14, 15, 16, 17, 18, 19, 20, 21, 22, 23, 24, 25, 26, 27, 28, 29, 30, 31] channels: 0xffffffff
CopyGB RD INV K: Bank 14, Total burst till now: 64
dim=4096 and burst_length=16
Total elements turned number of block * dimension =16384
Model: None, RD-WR SBK for Q and K is same=8192, ewmul_q_burst=4096, ewmul_k_burst=4096
================================ END OF ROT EMB TRACE ==================================
How COPY_GB_BK_only_trace hexadecimal channel mask looks for [0, 1, 2, 3, 4, 5, 6, 7, 8, 9, 10, 11, 12, 13, 14, 15, 16, 17, 18, 19, 20, 21, 22, 23, 24, 25, 26, 27, 28, 29, 30, 31] channels: 0xffffffff
How COPY_GB_BK_only_trace hexadecimal channel mask looks for [0, 1, 2, 3, 4, 5, 6, 7, 8, 9, 10, 11, 12, 13, 14, 15, 16, 17, 18, 19, 20, 21, 22, 23, 24, 25, 26, 27, 28, 29, 30, 31] channels: 0xffffffff
How COPY_GB_BK_only_trace hexadecimal channel mask looks for [0, 1, 2, 3, 4, 5, 6, 7, 8, 9, 10, 11, 12, 13, 14, 15, 16, 17, 18, 19, 20, 21, 22, 23, 24, 25, 26, 27, 28, 29, 30, 31] channels: 0xffffffff
How COPY_GB_BK_only_trace hexadecimal channel mask looks for [0, 1, 2, 3, 4, 5, 6, 7, 8, 9, 10, 11, 12, 13, 14, 15, 16, 17, 18, 19, 20, 21, 22, 23, 24, 25, 26, 27, 28, 29, 30, 31] channels: 0xffffffff
How COPY_GB_BK_only_trace hexadecimal channel mask looks for [0, 1, 2, 3, 4, 5, 6, 7, 8, 9, 10, 11, 12, 13, 14, 15, 16, 17, 18, 19, 20, 21, 22, 23, 24, 25, 26, 27, 28, 29, 30, 31] channels: 0xffffffff
How COPY_GB_BK_only_trace hexadecimal channel mask looks for [0, 1, 2, 3, 4, 5, 6, 7, 8, 9, 10, 11, 12, 13, 14, 15, 16, 17, 18, 19, 20, 21, 22, 23, 24, 25, 26, 27, 28, 29, 30, 31] channels: 0xffffffff
How COPY_GB_BK_only_trace hexadecimal channel mask looks for [0, 1, 2, 3, 4, 5, 6, 7, 8, 9, 10, 11, 12, 13, 14, 15, 16, 17, 18, 19, 20, 21, 22, 23, 24, 25, 26, 27, 28, 29, 30, 31] channels: 0xffffffff
How COPY_GB_BK_only_trace hexadecimal channel mask looks for [0, 1, 2, 3, 4, 5, 6, 7, 8, 9, 10, 11, 12, 13, 14, 15, 16, 17, 18, 19, 20, 21, 22, 23, 24, 25, 26, 27, 28, 29, 30, 31] channels: 0xffffffff

 generate trace in function_sim, model name=None

Entered trace only in Llama.py
How COPY_GB_BK_only_trace hexadecimal channel mask looks for [0, 1, 2, 3, 4, 5, 6, 7, 8, 9, 10, 11, 12, 13, 14, 15, 16, 17, 18, 19, 20, 21, 22, 23, 24, 25, 26, 27, 28, 29, 30, 31] channels: 0xffffffff
How COPY_GB_BK_only_trace hexadecimal channel mask looks for [0, 1, 2, 3, 4, 5, 6, 7, 8, 9, 10, 11, 12, 13, 14, 15, 16, 17, 18, 19, 20, 21, 22, 23, 24, 25, 26, 27, 28, 29, 30, 31] channels: 0xffffffff
How COPY_GB_BK_only_trace hexadecimal channel mask looks for [0, 1, 2, 3, 4, 5, 6, 7, 8, 9, 10, 11, 12, 13, 14, 15, 16, 17, 18, 19, 20, 21, 22, 23, 24, 25, 26, 27, 28, 29, 30, 31] channels: 0xffffffff
How COPY_GB_BK_only_trace hexadecimal channel mask looks for [0, 1, 2, 3, 4, 5, 6, 7, 8, 9, 10, 11, 12, 13, 14, 15, 16, 17, 18, 19, 20, 21, 22, 23, 24, 25, 26, 27, 28, 29, 30, 31] channels: 0xffffffff
Entered trace only in Llama.py: trace_fc_kqvo is true, model name =None 
Model name =None with model parallel enable: False,  Dimension =4096, Total banks =128
============================== ROT EMB ==== None ====================================

EQUIVALENCE author=128, intermediate=128, mine=128

Number of banks per device:  16
Number of blocks per device:  4
Channels required for rotation of single block:  8
Channels required for rotation of all blocks:  32
All channels list for multi transformer blocks for rotation:  [0, 1, 2, 3, 4, 5, 6, 7, 8, 9, 10, 11, 12, 13, 14, 15, 16, 17, 18, 19, 20, 21, 22, 23, 24, 25, 26, 27, 28, 29, 30, 31]
EWMUL length=128 and utilized banks=32

Total banks: 128, Channels per block: 8, Banks per device: 16
EWMUL length=128 and utilized banks=32 and per channel banks=4

CopyGB RD Q: Bank 0, Row index 387, Op size 16
How COPY_MIN_GB_only_trace hexadecimal channel mask looks for [0, 1, 2, 3, 4, 5, 6, 7, 8, 9, 10, 11, 12, 13, 14, 15, 16, 17, 18, 19, 20, 21, 22, 23, 24, 25, 26, 27, 28, 29, 30, 31] channels: 0xffffffff
CopyGB RD Q: Bank 0, Total burst till now: 16
CopyGB RD Q: Bank 4, Row index 387, Op size 16
How COPY_MIN_GB_only_trace hexadecimal channel mask looks for [0, 1, 2, 3, 4, 5, 6, 7, 8, 9, 10, 11, 12, 13, 14, 15, 16, 17, 18, 19, 20, 21, 22, 23, 24, 25, 26, 27, 28, 29, 30, 31] channels: 0xffffffff
CopyGB RD Q: Bank 4, Total burst till now: 32
CopyGB RD Q: Bank 8, Row index 387, Op size 16
How COPY_MIN_GB_only_trace hexadecimal channel mask looks for [0, 1, 2, 3, 4, 5, 6, 7, 8, 9, 10, 11, 12, 13, 14, 15, 16, 17, 18, 19, 20, 21, 22, 23, 24, 25, 26, 27, 28, 29, 30, 31] channels: 0xffffffff
CopyGB RD Q: Bank 8, Total burst till now: 48
CopyGB RD Q: Bank 12, Row index 387, Op size 16
How COPY_MIN_GB_only_trace hexadecimal channel mask looks for [0, 1, 2, 3, 4, 5, 6, 7, 8, 9, 10, 11, 12, 13, 14, 15, 16, 17, 18, 19, 20, 21, 22, 23, 24, 25, 26, 27, 28, 29, 30, 31] channels: 0xffffffff
CopyGB RD Q: Bank 12, Total burst till now: 64
CopyGB RD K: Bank 0, Row index 388, Op size 16
How COPY_MIN_GB_only_trace hexadecimal channel mask looks for [0, 1, 2, 3, 4, 5, 6, 7, 8, 9, 10, 11, 12, 13, 14, 15, 16, 17, 18, 19, 20, 21, 22, 23, 24, 25, 26, 27, 28, 29, 30, 31] channels: 0xffffffff
CopyGB RD K: Bank 0, Total burst till now: 16
CopyGB RD K: Bank 4, Row index 388, Op size 16
How COPY_MIN_GB_only_trace hexadecimal channel mask looks for [0, 1, 2, 3, 4, 5, 6, 7, 8, 9, 10, 11, 12, 13, 14, 15, 16, 17, 18, 19, 20, 21, 22, 23, 24, 25, 26, 27, 28, 29, 30, 31] channels: 0xffffffff
CopyGB RD K: Bank 4, Total burst till now: 32
CopyGB RD K: Bank 8, Row index 388, Op size 16
How COPY_MIN_GB_only_trace hexadecimal channel mask looks for [0, 1, 2, 3, 4, 5, 6, 7, 8, 9, 10, 11, 12, 13, 14, 15, 16, 17, 18, 19, 20, 21, 22, 23, 24, 25, 26, 27, 28, 29, 30, 31] channels: 0xffffffff
CopyGB RD K: Bank 8, Total burst till now: 48
CopyGB RD K: Bank 12, Row index 388, Op size 16
How COPY_MIN_GB_only_trace hexadecimal channel mask looks for [0, 1, 2, 3, 4, 5, 6, 7, 8, 9, 10, 11, 12, 13, 14, 15, 16, 17, 18, 19, 20, 21, 22, 23, 24, 25, 26, 27, 28, 29, 30, 31] channels: 0xffffffff
CopyGB RD K: Bank 12, Total burst till now: 64
CopyGB RD INV Q: Bank 2, Row index 387, Op size 16
How COPY_MIN_GB_only_trace hexadecimal channel mask looks for [0, 1, 2, 3, 4, 5, 6, 7, 8, 9, 10, 11, 12, 13, 14, 15, 16, 17, 18, 19, 20, 21, 22, 23, 24, 25, 26, 27, 28, 29, 30, 31] channels: 0xffffffff
CopyGB RD INV Q: Bank 2, Total burst till now: 16
CopyGB RD INV Q: Bank 6, Row index 387, Op size 16
How COPY_MIN_GB_only_trace hexadecimal channel mask looks for [0, 1, 2, 3, 4, 5, 6, 7, 8, 9, 10, 11, 12, 13, 14, 15, 16, 17, 18, 19, 20, 21, 22, 23, 24, 25, 26, 27, 28, 29, 30, 31] channels: 0xffffffff
CopyGB RD INV Q: Bank 6, Total burst till now: 32
CopyGB RD INV Q: Bank 10, Row index 387, Op size 16
How COPY_MIN_GB_only_trace hexadecimal channel mask looks for [0, 1, 2, 3, 4, 5, 6, 7, 8, 9, 10, 11, 12, 13, 14, 15, 16, 17, 18, 19, 20, 21, 22, 23, 24, 25, 26, 27, 28, 29, 30, 31] channels: 0xffffffff
CopyGB RD INV Q: Bank 10, Total burst till now: 48
CopyGB RD INV Q: Bank 14, Row index 387, Op size 16
How COPY_MIN_GB_only_trace hexadecimal channel mask looks for [0, 1, 2, 3, 4, 5, 6, 7, 8, 9, 10, 11, 12, 13, 14, 15, 16, 17, 18, 19, 20, 21, 22, 23, 24, 25, 26, 27, 28, 29, 30, 31] channels: 0xffffffff
CopyGB RD INV Q: Bank 14, Total burst till now: 64
CopyGB RD INV K: Bank 2, Row index 388, Op size 16
How COPY_MIN_GB_only_trace hexadecimal channel mask looks for [0, 1, 2, 3, 4, 5, 6, 7, 8, 9, 10, 11, 12, 13, 14, 15, 16, 17, 18, 19, 20, 21, 22, 23, 24, 25, 26, 27, 28, 29, 30, 31] channels: 0xffffffff
CopyGB RD INV K: Bank 2, Total burst till now: 16
CopyGB RD INV K: Bank 6, Row index 388, Op size 16
How COPY_MIN_GB_only_trace hexadecimal channel mask looks for [0, 1, 2, 3, 4, 5, 6, 7, 8, 9, 10, 11, 12, 13, 14, 15, 16, 17, 18, 19, 20, 21, 22, 23, 24, 25, 26, 27, 28, 29, 30, 31] channels: 0xffffffff
CopyGB RD INV K: Bank 6, Total burst till now: 32
CopyGB RD INV K: Bank 10, Row index 388, Op size 16
How COPY_MIN_GB_only_trace hexadecimal channel mask looks for [0, 1, 2, 3, 4, 5, 6, 7, 8, 9, 10, 11, 12, 13, 14, 15, 16, 17, 18, 19, 20, 21, 22, 23, 24, 25, 26, 27, 28, 29, 30, 31] channels: 0xffffffff
CopyGB RD INV K: Bank 10, Total burst till now: 48
CopyGB RD INV K: Bank 14, Row index 388, Op size 16
How COPY_MIN_GB_only_trace hexadecimal channel mask looks for [0, 1, 2, 3, 4, 5, 6, 7, 8, 9, 10, 11, 12, 13, 14, 15, 16, 17, 18, 19, 20, 21, 22, 23, 24, 25, 26, 27, 28, 29, 30, 31] channels: 0xffffffff
CopyGB RD INV K: Bank 14, Total burst till now: 64
dim=4096 and burst_length=16
Total elements turned number of block * dimension =16384
Model: None, RD-WR SBK for Q and K is same=8192, ewmul_q_burst=4096, ewmul_k_burst=4096
================================ END OF ROT EMB TRACE ==================================
How COPY_GB_BK_only_trace hexadecimal channel mask looks for [0, 1, 2, 3, 4, 5, 6, 7, 8, 9, 10, 11, 12, 13, 14, 15, 16, 17, 18, 19, 20, 21, 22, 23, 24, 25, 26, 27, 28, 29, 30, 31] channels: 0xffffffff
How COPY_GB_BK_only_trace hexadecimal channel mask looks for [0, 1, 2, 3, 4, 5, 6, 7, 8, 9, 10, 11, 12, 13, 14, 15, 16, 17, 18, 19, 20, 21, 22, 23, 24, 25, 26, 27, 28, 29, 30, 31] channels: 0xffffffff
How COPY_GB_BK_only_trace hexadecimal channel mask looks for [0, 1, 2, 3, 4, 5, 6, 7, 8, 9, 10, 11, 12, 13, 14, 15, 16, 17, 18, 19, 20, 21, 22, 23, 24, 25, 26, 27, 28, 29, 30, 31] channels: 0xffffffff
How COPY_GB_BK_only_trace hexadecimal channel mask looks for [0, 1, 2, 3, 4, 5, 6, 7, 8, 9, 10, 11, 12, 13, 14, 15, 16, 17, 18, 19, 20, 21, 22, 23, 24, 25, 26, 27, 28, 29, 30, 31] channels: 0xffffffff
How COPY_GB_BK_only_trace hexadecimal channel mask looks for [0, 1, 2, 3, 4, 5, 6, 7, 8, 9, 10, 11, 12, 13, 14, 15, 16, 17, 18, 19, 20, 21, 22, 23, 24, 25, 26, 27, 28, 29, 30, 31] channels: 0xffffffff
How COPY_GB_BK_only_trace hexadecimal channel mask looks for [0, 1, 2, 3, 4, 5, 6, 7, 8, 9, 10, 11, 12, 13, 14, 15, 16, 17, 18, 19, 20, 21, 22, 23, 24, 25, 26, 27, 28, 29, 30, 31] channels: 0xffffffff
How COPY_GB_BK_only_trace hexadecimal channel mask looks for [0, 1, 2, 3, 4, 5, 6, 7, 8, 9, 10, 11, 12, 13, 14, 15, 16, 17, 18, 19, 20, 21, 22, 23, 24, 25, 26, 27, 28, 29, 30, 31] channels: 0xffffffff
How COPY_GB_BK_only_trace hexadecimal channel mask looks for [0, 1, 2, 3, 4, 5, 6, 7, 8, 9, 10, 11, 12, 13, 14, 15, 16, 17, 18, 19, 20, 21, 22, 23, 24, 25, 26, 27, 28, 29, 30, 31] channels: 0xffffffff

 generate trace in function_sim, model name=None

Entered trace only in Llama.py
How COPY_GB_BK_only_trace hexadecimal channel mask looks for [0, 1, 2, 3, 4, 5, 6, 7, 8, 9, 10, 11, 12, 13, 14, 15, 16, 17, 18, 19, 20, 21, 22, 23, 24, 25, 26, 27, 28, 29, 30, 31] channels: 0xffffffff
How COPY_GB_BK_only_trace hexadecimal channel mask looks for [0, 1, 2, 3, 4, 5, 6, 7, 8, 9, 10, 11, 12, 13, 14, 15, 16, 17, 18, 19, 20, 21, 22, 23, 24, 25, 26, 27, 28, 29, 30, 31] channels: 0xffffffff
How COPY_GB_BK_only_trace hexadecimal channel mask looks for [0, 1, 2, 3, 4, 5, 6, 7, 8, 9, 10, 11, 12, 13, 14, 15, 16, 17, 18, 19, 20, 21, 22, 23, 24, 25, 26, 27, 28, 29, 30, 31] channels: 0xffffffff
How COPY_GB_BK_only_trace hexadecimal channel mask looks for [0, 1, 2, 3, 4, 5, 6, 7, 8, 9, 10, 11, 12, 13, 14, 15, 16, 17, 18, 19, 20, 21, 22, 23, 24, 25, 26, 27, 28, 29, 30, 31] channels: 0xffffffff
Entered trace only in Llama.py: trace_fc_kqvo is true, model name =None 
Model name =None with model parallel enable: False,  Dimension =4096, Total banks =128
============================== ROT EMB ==== None ====================================

EQUIVALENCE author=128, intermediate=128, mine=128

Number of banks per device:  16
Number of blocks per device:  4
Channels required for rotation of single block:  8
Channels required for rotation of all blocks:  32
All channels list for multi transformer blocks for rotation:  [0, 1, 2, 3, 4, 5, 6, 7, 8, 9, 10, 11, 12, 13, 14, 15, 16, 17, 18, 19, 20, 21, 22, 23, 24, 25, 26, 27, 28, 29, 30, 31]
EWMUL length=128 and utilized banks=32

Total banks: 128, Channels per block: 8, Banks per device: 16
EWMUL length=128 and utilized banks=32 and per channel banks=4

CopyGB RD Q: Bank 0, Row index 387, Op size 16
How COPY_MIN_GB_only_trace hexadecimal channel mask looks for [0, 1, 2, 3, 4, 5, 6, 7, 8, 9, 10, 11, 12, 13, 14, 15, 16, 17, 18, 19, 20, 21, 22, 23, 24, 25, 26, 27, 28, 29, 30, 31] channels: 0xffffffff
CopyGB RD Q: Bank 0, Total burst till now: 16
CopyGB RD Q: Bank 4, Row index 387, Op size 16
How COPY_MIN_GB_only_trace hexadecimal channel mask looks for [0, 1, 2, 3, 4, 5, 6, 7, 8, 9, 10, 11, 12, 13, 14, 15, 16, 17, 18, 19, 20, 21, 22, 23, 24, 25, 26, 27, 28, 29, 30, 31] channels: 0xffffffff
CopyGB RD Q: Bank 4, Total burst till now: 32
CopyGB RD Q: Bank 8, Row index 387, Op size 16
How COPY_MIN_GB_only_trace hexadecimal channel mask looks for [0, 1, 2, 3, 4, 5, 6, 7, 8, 9, 10, 11, 12, 13, 14, 15, 16, 17, 18, 19, 20, 21, 22, 23, 24, 25, 26, 27, 28, 29, 30, 31] channels: 0xffffffff
CopyGB RD Q: Bank 8, Total burst till now: 48
CopyGB RD Q: Bank 12, Row index 387, Op size 16
How COPY_MIN_GB_only_trace hexadecimal channel mask looks for [0, 1, 2, 3, 4, 5, 6, 7, 8, 9, 10, 11, 12, 13, 14, 15, 16, 17, 18, 19, 20, 21, 22, 23, 24, 25, 26, 27, 28, 29, 30, 31] channels: 0xffffffff
CopyGB RD Q: Bank 12, Total burst till now: 64
CopyGB RD K: Bank 0, Row index 388, Op size 16
How COPY_MIN_GB_only_trace hexadecimal channel mask looks for [0, 1, 2, 3, 4, 5, 6, 7, 8, 9, 10, 11, 12, 13, 14, 15, 16, 17, 18, 19, 20, 21, 22, 23, 24, 25, 26, 27, 28, 29, 30, 31] channels: 0xffffffff
CopyGB RD K: Bank 0, Total burst till now: 16
CopyGB RD K: Bank 4, Row index 388, Op size 16
How COPY_MIN_GB_only_trace hexadecimal channel mask looks for [0, 1, 2, 3, 4, 5, 6, 7, 8, 9, 10, 11, 12, 13, 14, 15, 16, 17, 18, 19, 20, 21, 22, 23, 24, 25, 26, 27, 28, 29, 30, 31] channels: 0xffffffff
CopyGB RD K: Bank 4, Total burst till now: 32
CopyGB RD K: Bank 8, Row index 388, Op size 16
How COPY_MIN_GB_only_trace hexadecimal channel mask looks for [0, 1, 2, 3, 4, 5, 6, 7, 8, 9, 10, 11, 12, 13, 14, 15, 16, 17, 18, 19, 20, 21, 22, 23, 24, 25, 26, 27, 28, 29, 30, 31] channels: 0xffffffff
CopyGB RD K: Bank 8, Total burst till now: 48
CopyGB RD K: Bank 12, Row index 388, Op size 16
How COPY_MIN_GB_only_trace hexadecimal channel mask looks for [0, 1, 2, 3, 4, 5, 6, 7, 8, 9, 10, 11, 12, 13, 14, 15, 16, 17, 18, 19, 20, 21, 22, 23, 24, 25, 26, 27, 28, 29, 30, 31] channels: 0xffffffff
CopyGB RD K: Bank 12, Total burst till now: 64
CopyGB RD INV Q: Bank 2, Row index 387, Op size 16
How COPY_MIN_GB_only_trace hexadecimal channel mask looks for [0, 1, 2, 3, 4, 5, 6, 7, 8, 9, 10, 11, 12, 13, 14, 15, 16, 17, 18, 19, 20, 21, 22, 23, 24, 25, 26, 27, 28, 29, 30, 31] channels: 0xffffffff
CopyGB RD INV Q: Bank 2, Total burst till now: 16
CopyGB RD INV Q: Bank 6, Row index 387, Op size 16
How COPY_MIN_GB_only_trace hexadecimal channel mask looks for [0, 1, 2, 3, 4, 5, 6, 7, 8, 9, 10, 11, 12, 13, 14, 15, 16, 17, 18, 19, 20, 21, 22, 23, 24, 25, 26, 27, 28, 29, 30, 31] channels: 0xffffffff
CopyGB RD INV Q: Bank 6, Total burst till now: 32
CopyGB RD INV Q: Bank 10, Row index 387, Op size 16
How COPY_MIN_GB_only_trace hexadecimal channel mask looks for [0, 1, 2, 3, 4, 5, 6, 7, 8, 9, 10, 11, 12, 13, 14, 15, 16, 17, 18, 19, 20, 21, 22, 23, 24, 25, 26, 27, 28, 29, 30, 31] channels: 0xffffffff
CopyGB RD INV Q: Bank 10, Total burst till now: 48
CopyGB RD INV Q: Bank 14, Row index 387, Op size 16
How COPY_MIN_GB_only_trace hexadecimal channel mask looks for [0, 1, 2, 3, 4, 5, 6, 7, 8, 9, 10, 11, 12, 13, 14, 15, 16, 17, 18, 19, 20, 21, 22, 23, 24, 25, 26, 27, 28, 29, 30, 31] channels: 0xffffffff
CopyGB RD INV Q: Bank 14, Total burst till now: 64
CopyGB RD INV K: Bank 2, Row index 388, Op size 16
How COPY_MIN_GB_only_trace hexadecimal channel mask looks for [0, 1, 2, 3, 4, 5, 6, 7, 8, 9, 10, 11, 12, 13, 14, 15, 16, 17, 18, 19, 20, 21, 22, 23, 24, 25, 26, 27, 28, 29, 30, 31] channels: 0xffffffff
CopyGB RD INV K: Bank 2, Total burst till now: 16
CopyGB RD INV K: Bank 6, Row index 388, Op size 16
How COPY_MIN_GB_only_trace hexadecimal channel mask looks for [0, 1, 2, 3, 4, 5, 6, 7, 8, 9, 10, 11, 12, 13, 14, 15, 16, 17, 18, 19, 20, 21, 22, 23, 24, 25, 26, 27, 28, 29, 30, 31] channels: 0xffffffff
CopyGB RD INV K: Bank 6, Total burst till now: 32
CopyGB RD INV K: Bank 10, Row index 388, Op size 16
How COPY_MIN_GB_only_trace hexadecimal channel mask looks for [0, 1, 2, 3, 4, 5, 6, 7, 8, 9, 10, 11, 12, 13, 14, 15, 16, 17, 18, 19, 20, 21, 22, 23, 24, 25, 26, 27, 28, 29, 30, 31] channels: 0xffffffff
CopyGB RD INV K: Bank 10, Total burst till now: 48
CopyGB RD INV K: Bank 14, Row index 388, Op size 16
How COPY_MIN_GB_only_trace hexadecimal channel mask looks for [0, 1, 2, 3, 4, 5, 6, 7, 8, 9, 10, 11, 12, 13, 14, 15, 16, 17, 18, 19, 20, 21, 22, 23, 24, 25, 26, 27, 28, 29, 30, 31] channels: 0xffffffff
CopyGB RD INV K: Bank 14, Total burst till now: 64
dim=4096 and burst_length=16
Total elements turned number of block * dimension =16384
Model: None, RD-WR SBK for Q and K is same=8192, ewmul_q_burst=4096, ewmul_k_burst=4096
================================ END OF ROT EMB TRACE ==================================
How COPY_GB_BK_only_trace hexadecimal channel mask looks for [0, 1, 2, 3, 4, 5, 6, 7, 8, 9, 10, 11, 12, 13, 14, 15, 16, 17, 18, 19, 20, 21, 22, 23, 24, 25, 26, 27, 28, 29, 30, 31] channels: 0xffffffff
How COPY_GB_BK_only_trace hexadecimal channel mask looks for [0, 1, 2, 3, 4, 5, 6, 7, 8, 9, 10, 11, 12, 13, 14, 15, 16, 17, 18, 19, 20, 21, 22, 23, 24, 25, 26, 27, 28, 29, 30, 31] channels: 0xffffffff
How COPY_GB_BK_only_trace hexadecimal channel mask looks for [0, 1, 2, 3, 4, 5, 6, 7, 8, 9, 10, 11, 12, 13, 14, 15, 16, 17, 18, 19, 20, 21, 22, 23, 24, 25, 26, 27, 28, 29, 30, 31] channels: 0xffffffff
How COPY_GB_BK_only_trace hexadecimal channel mask looks for [0, 1, 2, 3, 4, 5, 6, 7, 8, 9, 10, 11, 12, 13, 14, 15, 16, 17, 18, 19, 20, 21, 22, 23, 24, 25, 26, 27, 28, 29, 30, 31] channels: 0xffffffff
How COPY_GB_BK_only_trace hexadecimal channel mask looks for [0, 1, 2, 3, 4, 5, 6, 7, 8, 9, 10, 11, 12, 13, 14, 15, 16, 17, 18, 19, 20, 21, 22, 23, 24, 25, 26, 27, 28, 29, 30, 31] channels: 0xffffffff
How COPY_GB_BK_only_trace hexadecimal channel mask looks for [0, 1, 2, 3, 4, 5, 6, 7, 8, 9, 10, 11, 12, 13, 14, 15, 16, 17, 18, 19, 20, 21, 22, 23, 24, 25, 26, 27, 28, 29, 30, 31] channels: 0xffffffff
How COPY_GB_BK_only_trace hexadecimal channel mask looks for [0, 1, 2, 3, 4, 5, 6, 7, 8, 9, 10, 11, 12, 13, 14, 15, 16, 17, 18, 19, 20, 21, 22, 23, 24, 25, 26, 27, 28, 29, 30, 31] channels: 0xffffffff
How COPY_GB_BK_only_trace hexadecimal channel mask looks for [0, 1, 2, 3, 4, 5, 6, 7, 8, 9, 10, 11, 12, 13, 14, 15, 16, 17, 18, 19, 20, 21, 22, 23, 24, 25, 26, 27, 28, 29, 30, 31] channels: 0xffffffff

 generate trace in function_sim, model name=None

Entered trace only in Llama.py
How COPY_GB_BK_only_trace hexadecimal channel mask looks for [0, 1, 2, 3, 4, 5, 6, 7, 8, 9, 10, 11, 12, 13, 14, 15, 16, 17, 18, 19, 20, 21, 22, 23, 24, 25, 26, 27, 28, 29, 30, 31] channels: 0xffffffff
How COPY_GB_BK_only_trace hexadecimal channel mask looks for [0, 1, 2, 3, 4, 5, 6, 7, 8, 9, 10, 11, 12, 13, 14, 15, 16, 17, 18, 19, 20, 21, 22, 23, 24, 25, 26, 27, 28, 29, 30, 31] channels: 0xffffffff
How COPY_GB_BK_only_trace hexadecimal channel mask looks for [0, 1, 2, 3, 4, 5, 6, 7, 8, 9, 10, 11, 12, 13, 14, 15, 16, 17, 18, 19, 20, 21, 22, 23, 24, 25, 26, 27, 28, 29, 30, 31] channels: 0xffffffff
How COPY_GB_BK_only_trace hexadecimal channel mask looks for [0, 1, 2, 3, 4, 5, 6, 7, 8, 9, 10, 11, 12, 13, 14, 15, 16, 17, 18, 19, 20, 21, 22, 23, 24, 25, 26, 27, 28, 29, 30, 31] channels: 0xffffffff
Entered trace only in Llama.py: trace_fc_kqvo is true, model name =None 
Model name =None with model parallel enable: False,  Dimension =4096, Total banks =128
============================== ROT EMB ==== None ====================================

EQUIVALENCE author=128, intermediate=128, mine=128

Number of banks per device:  16
Number of blocks per device:  4
Channels required for rotation of single block:  8
Channels required for rotation of all blocks:  32
All channels list for multi transformer blocks for rotation:  [0, 1, 2, 3, 4, 5, 6, 7, 8, 9, 10, 11, 12, 13, 14, 15, 16, 17, 18, 19, 20, 21, 22, 23, 24, 25, 26, 27, 28, 29, 30, 31]
EWMUL length=128 and utilized banks=32

Total banks: 128, Channels per block: 8, Banks per device: 16
EWMUL length=128 and utilized banks=32 and per channel banks=4

CopyGB RD Q: Bank 0, Row index 387, Op size 16
How COPY_MIN_GB_only_trace hexadecimal channel mask looks for [0, 1, 2, 3, 4, 5, 6, 7, 8, 9, 10, 11, 12, 13, 14, 15, 16, 17, 18, 19, 20, 21, 22, 23, 24, 25, 26, 27, 28, 29, 30, 31] channels: 0xffffffff
CopyGB RD Q: Bank 0, Total burst till now: 16
CopyGB RD Q: Bank 4, Row index 387, Op size 16
How COPY_MIN_GB_only_trace hexadecimal channel mask looks for [0, 1, 2, 3, 4, 5, 6, 7, 8, 9, 10, 11, 12, 13, 14, 15, 16, 17, 18, 19, 20, 21, 22, 23, 24, 25, 26, 27, 28, 29, 30, 31] channels: 0xffffffff
CopyGB RD Q: Bank 4, Total burst till now: 32
CopyGB RD Q: Bank 8, Row index 387, Op size 16
How COPY_MIN_GB_only_trace hexadecimal channel mask looks for [0, 1, 2, 3, 4, 5, 6, 7, 8, 9, 10, 11, 12, 13, 14, 15, 16, 17, 18, 19, 20, 21, 22, 23, 24, 25, 26, 27, 28, 29, 30, 31] channels: 0xffffffff
CopyGB RD Q: Bank 8, Total burst till now: 48
CopyGB RD Q: Bank 12, Row index 387, Op size 16
How COPY_MIN_GB_only_trace hexadecimal channel mask looks for [0, 1, 2, 3, 4, 5, 6, 7, 8, 9, 10, 11, 12, 13, 14, 15, 16, 17, 18, 19, 20, 21, 22, 23, 24, 25, 26, 27, 28, 29, 30, 31] channels: 0xffffffff
CopyGB RD Q: Bank 12, Total burst till now: 64
CopyGB RD K: Bank 0, Row index 388, Op size 16
How COPY_MIN_GB_only_trace hexadecimal channel mask looks for [0, 1, 2, 3, 4, 5, 6, 7, 8, 9, 10, 11, 12, 13, 14, 15, 16, 17, 18, 19, 20, 21, 22, 23, 24, 25, 26, 27, 28, 29, 30, 31] channels: 0xffffffff
CopyGB RD K: Bank 0, Total burst till now: 16
CopyGB RD K: Bank 4, Row index 388, Op size 16
How COPY_MIN_GB_only_trace hexadecimal channel mask looks for [0, 1, 2, 3, 4, 5, 6, 7, 8, 9, 10, 11, 12, 13, 14, 15, 16, 17, 18, 19, 20, 21, 22, 23, 24, 25, 26, 27, 28, 29, 30, 31] channels: 0xffffffff
CopyGB RD K: Bank 4, Total burst till now: 32
CopyGB RD K: Bank 8, Row index 388, Op size 16
How COPY_MIN_GB_only_trace hexadecimal channel mask looks for [0, 1, 2, 3, 4, 5, 6, 7, 8, 9, 10, 11, 12, 13, 14, 15, 16, 17, 18, 19, 20, 21, 22, 23, 24, 25, 26, 27, 28, 29, 30, 31] channels: 0xffffffff
CopyGB RD K: Bank 8, Total burst till now: 48
CopyGB RD K: Bank 12, Row index 388, Op size 16
How COPY_MIN_GB_only_trace hexadecimal channel mask looks for [0, 1, 2, 3, 4, 5, 6, 7, 8, 9, 10, 11, 12, 13, 14, 15, 16, 17, 18, 19, 20, 21, 22, 23, 24, 25, 26, 27, 28, 29, 30, 31] channels: 0xffffffff
CopyGB RD K: Bank 12, Total burst till now: 64
CopyGB RD INV Q: Bank 2, Row index 387, Op size 16
How COPY_MIN_GB_only_trace hexadecimal channel mask looks for [0, 1, 2, 3, 4, 5, 6, 7, 8, 9, 10, 11, 12, 13, 14, 15, 16, 17, 18, 19, 20, 21, 22, 23, 24, 25, 26, 27, 28, 29, 30, 31] channels: 0xffffffff
CopyGB RD INV Q: Bank 2, Total burst till now: 16
CopyGB RD INV Q: Bank 6, Row index 387, Op size 16
How COPY_MIN_GB_only_trace hexadecimal channel mask looks for [0, 1, 2, 3, 4, 5, 6, 7, 8, 9, 10, 11, 12, 13, 14, 15, 16, 17, 18, 19, 20, 21, 22, 23, 24, 25, 26, 27, 28, 29, 30, 31] channels: 0xffffffff
CopyGB RD INV Q: Bank 6, Total burst till now: 32
CopyGB RD INV Q: Bank 10, Row index 387, Op size 16
How COPY_MIN_GB_only_trace hexadecimal channel mask looks for [0, 1, 2, 3, 4, 5, 6, 7, 8, 9, 10, 11, 12, 13, 14, 15, 16, 17, 18, 19, 20, 21, 22, 23, 24, 25, 26, 27, 28, 29, 30, 31] channels: 0xffffffff
CopyGB RD INV Q: Bank 10, Total burst till now: 48
CopyGB RD INV Q: Bank 14, Row index 387, Op size 16
How COPY_MIN_GB_only_trace hexadecimal channel mask looks for [0, 1, 2, 3, 4, 5, 6, 7, 8, 9, 10, 11, 12, 13, 14, 15, 16, 17, 18, 19, 20, 21, 22, 23, 24, 25, 26, 27, 28, 29, 30, 31] channels: 0xffffffff
CopyGB RD INV Q: Bank 14, Total burst till now: 64
CopyGB RD INV K: Bank 2, Row index 388, Op size 16
How COPY_MIN_GB_only_trace hexadecimal channel mask looks for [0, 1, 2, 3, 4, 5, 6, 7, 8, 9, 10, 11, 12, 13, 14, 15, 16, 17, 18, 19, 20, 21, 22, 23, 24, 25, 26, 27, 28, 29, 30, 31] channels: 0xffffffff
CopyGB RD INV K: Bank 2, Total burst till now: 16
CopyGB RD INV K: Bank 6, Row index 388, Op size 16
How COPY_MIN_GB_only_trace hexadecimal channel mask looks for [0, 1, 2, 3, 4, 5, 6, 7, 8, 9, 10, 11, 12, 13, 14, 15, 16, 17, 18, 19, 20, 21, 22, 23, 24, 25, 26, 27, 28, 29, 30, 31] channels: 0xffffffff
CopyGB RD INV K: Bank 6, Total burst till now: 32
CopyGB RD INV K: Bank 10, Row index 388, Op size 16
How COPY_MIN_GB_only_trace hexadecimal channel mask looks for [0, 1, 2, 3, 4, 5, 6, 7, 8, 9, 10, 11, 12, 13, 14, 15, 16, 17, 18, 19, 20, 21, 22, 23, 24, 25, 26, 27, 28, 29, 30, 31] channels: 0xffffffff
CopyGB RD INV K: Bank 10, Total burst till now: 48
CopyGB RD INV K: Bank 14, Row index 388, Op size 16
How COPY_MIN_GB_only_trace hexadecimal channel mask looks for [0, 1, 2, 3, 4, 5, 6, 7, 8, 9, 10, 11, 12, 13, 14, 15, 16, 17, 18, 19, 20, 21, 22, 23, 24, 25, 26, 27, 28, 29, 30, 31] channels: 0xffffffff
CopyGB RD INV K: Bank 14, Total burst till now: 64
dim=4096 and burst_length=16
Total elements turned number of block * dimension =16384
Model: None, RD-WR SBK for Q and K is same=8192, ewmul_q_burst=4096, ewmul_k_burst=4096
================================ END OF ROT EMB TRACE ==================================
How COPY_GB_BK_only_trace hexadecimal channel mask looks for [0, 1, 2, 3, 4, 5, 6, 7, 8, 9, 10, 11, 12, 13, 14, 15, 16, 17, 18, 19, 20, 21, 22, 23, 24, 25, 26, 27, 28, 29, 30, 31] channels: 0xffffffff
How COPY_GB_BK_only_trace hexadecimal channel mask looks for [0, 1, 2, 3, 4, 5, 6, 7, 8, 9, 10, 11, 12, 13, 14, 15, 16, 17, 18, 19, 20, 21, 22, 23, 24, 25, 26, 27, 28, 29, 30, 31] channels: 0xffffffff
How COPY_GB_BK_only_trace hexadecimal channel mask looks for [0, 1, 2, 3, 4, 5, 6, 7, 8, 9, 10, 11, 12, 13, 14, 15, 16, 17, 18, 19, 20, 21, 22, 23, 24, 25, 26, 27, 28, 29, 30, 31] channels: 0xffffffff
How COPY_GB_BK_only_trace hexadecimal channel mask looks for [0, 1, 2, 3, 4, 5, 6, 7, 8, 9, 10, 11, 12, 13, 14, 15, 16, 17, 18, 19, 20, 21, 22, 23, 24, 25, 26, 27, 28, 29, 30, 31] channels: 0xffffffff
How COPY_GB_BK_only_trace hexadecimal channel mask looks for [0, 1, 2, 3, 4, 5, 6, 7, 8, 9, 10, 11, 12, 13, 14, 15, 16, 17, 18, 19, 20, 21, 22, 23, 24, 25, 26, 27, 28, 29, 30, 31] channels: 0xffffffff
How COPY_GB_BK_only_trace hexadecimal channel mask looks for [0, 1, 2, 3, 4, 5, 6, 7, 8, 9, 10, 11, 12, 13, 14, 15, 16, 17, 18, 19, 20, 21, 22, 23, 24, 25, 26, 27, 28, 29, 30, 31] channels: 0xffffffff
How COPY_GB_BK_only_trace hexadecimal channel mask looks for [0, 1, 2, 3, 4, 5, 6, 7, 8, 9, 10, 11, 12, 13, 14, 15, 16, 17, 18, 19, 20, 21, 22, 23, 24, 25, 26, 27, 28, 29, 30, 31] channels: 0xffffffff
How COPY_GB_BK_only_trace hexadecimal channel mask looks for [0, 1, 2, 3, 4, 5, 6, 7, 8, 9, 10, 11, 12, 13, 14, 15, 16, 17, 18, 19, 20, 21, 22, 23, 24, 25, 26, 27, 28, 29, 30, 31] channels: 0xffffffff

 generate trace in function_sim, model name=None

Entered trace only in Llama.py
How COPY_GB_BK_only_trace hexadecimal channel mask looks for [0, 1, 2, 3, 4, 5, 6, 7, 8, 9, 10, 11, 12, 13, 14, 15, 16, 17, 18, 19, 20, 21, 22, 23, 24, 25, 26, 27, 28, 29, 30, 31] channels: 0xffffffff
How COPY_GB_BK_only_trace hexadecimal channel mask looks for [0, 1, 2, 3, 4, 5, 6, 7, 8, 9, 10, 11, 12, 13, 14, 15, 16, 17, 18, 19, 20, 21, 22, 23, 24, 25, 26, 27, 28, 29, 30, 31] channels: 0xffffffff
How COPY_GB_BK_only_trace hexadecimal channel mask looks for [0, 1, 2, 3, 4, 5, 6, 7, 8, 9, 10, 11, 12, 13, 14, 15, 16, 17, 18, 19, 20, 21, 22, 23, 24, 25, 26, 27, 28, 29, 30, 31] channels: 0xffffffff
How COPY_GB_BK_only_trace hexadecimal channel mask looks for [0, 1, 2, 3, 4, 5, 6, 7, 8, 9, 10, 11, 12, 13, 14, 15, 16, 17, 18, 19, 20, 21, 22, 23, 24, 25, 26, 27, 28, 29, 30, 31] channels: 0xffffffff
Entered trace only in Llama.py: trace_fc_kqvo is true, model name =None 
Model name =None with model parallel enable: False,  Dimension =4096, Total banks =128
============================== ROT EMB ==== None ====================================

EQUIVALENCE author=128, intermediate=128, mine=128

Number of banks per device:  16
Number of blocks per device:  4
Channels required for rotation of single block:  8
Channels required for rotation of all blocks:  32
All channels list for multi transformer blocks for rotation:  [0, 1, 2, 3, 4, 5, 6, 7, 8, 9, 10, 11, 12, 13, 14, 15, 16, 17, 18, 19, 20, 21, 22, 23, 24, 25, 26, 27, 28, 29, 30, 31]
EWMUL length=128 and utilized banks=32

Total banks: 128, Channels per block: 8, Banks per device: 16
EWMUL length=128 and utilized banks=32 and per channel banks=4

CopyGB RD Q: Bank 0, Row index 387, Op size 16
How COPY_MIN_GB_only_trace hexadecimal channel mask looks for [0, 1, 2, 3, 4, 5, 6, 7, 8, 9, 10, 11, 12, 13, 14, 15, 16, 17, 18, 19, 20, 21, 22, 23, 24, 25, 26, 27, 28, 29, 30, 31] channels: 0xffffffff
CopyGB RD Q: Bank 0, Total burst till now: 16
CopyGB RD Q: Bank 4, Row index 387, Op size 16
How COPY_MIN_GB_only_trace hexadecimal channel mask looks for [0, 1, 2, 3, 4, 5, 6, 7, 8, 9, 10, 11, 12, 13, 14, 15, 16, 17, 18, 19, 20, 21, 22, 23, 24, 25, 26, 27, 28, 29, 30, 31] channels: 0xffffffff
CopyGB RD Q: Bank 4, Total burst till now: 32
CopyGB RD Q: Bank 8, Row index 387, Op size 16
How COPY_MIN_GB_only_trace hexadecimal channel mask looks for [0, 1, 2, 3, 4, 5, 6, 7, 8, 9, 10, 11, 12, 13, 14, 15, 16, 17, 18, 19, 20, 21, 22, 23, 24, 25, 26, 27, 28, 29, 30, 31] channels: 0xffffffff
CopyGB RD Q: Bank 8, Total burst till now: 48
CopyGB RD Q: Bank 12, Row index 387, Op size 16
How COPY_MIN_GB_only_trace hexadecimal channel mask looks for [0, 1, 2, 3, 4, 5, 6, 7, 8, 9, 10, 11, 12, 13, 14, 15, 16, 17, 18, 19, 20, 21, 22, 23, 24, 25, 26, 27, 28, 29, 30, 31] channels: 0xffffffff
CopyGB RD Q: Bank 12, Total burst till now: 64
CopyGB RD K: Bank 0, Row index 388, Op size 16
How COPY_MIN_GB_only_trace hexadecimal channel mask looks for [0, 1, 2, 3, 4, 5, 6, 7, 8, 9, 10, 11, 12, 13, 14, 15, 16, 17, 18, 19, 20, 21, 22, 23, 24, 25, 26, 27, 28, 29, 30, 31] channels: 0xffffffff
CopyGB RD K: Bank 0, Total burst till now: 16
CopyGB RD K: Bank 4, Row index 388, Op size 16
How COPY_MIN_GB_only_trace hexadecimal channel mask looks for [0, 1, 2, 3, 4, 5, 6, 7, 8, 9, 10, 11, 12, 13, 14, 15, 16, 17, 18, 19, 20, 21, 22, 23, 24, 25, 26, 27, 28, 29, 30, 31] channels: 0xffffffff
CopyGB RD K: Bank 4, Total burst till now: 32
CopyGB RD K: Bank 8, Row index 388, Op size 16
How COPY_MIN_GB_only_trace hexadecimal channel mask looks for [0, 1, 2, 3, 4, 5, 6, 7, 8, 9, 10, 11, 12, 13, 14, 15, 16, 17, 18, 19, 20, 21, 22, 23, 24, 25, 26, 27, 28, 29, 30, 31] channels: 0xffffffff
CopyGB RD K: Bank 8, Total burst till now: 48
CopyGB RD K: Bank 12, Row index 388, Op size 16
How COPY_MIN_GB_only_trace hexadecimal channel mask looks for [0, 1, 2, 3, 4, 5, 6, 7, 8, 9, 10, 11, 12, 13, 14, 15, 16, 17, 18, 19, 20, 21, 22, 23, 24, 25, 26, 27, 28, 29, 30, 31] channels: 0xffffffff
CopyGB RD K: Bank 12, Total burst till now: 64
CopyGB RD INV Q: Bank 2, Row index 387, Op size 16
How COPY_MIN_GB_only_trace hexadecimal channel mask looks for [0, 1, 2, 3, 4, 5, 6, 7, 8, 9, 10, 11, 12, 13, 14, 15, 16, 17, 18, 19, 20, 21, 22, 23, 24, 25, 26, 27, 28, 29, 30, 31] channels: 0xffffffff
CopyGB RD INV Q: Bank 2, Total burst till now: 16
CopyGB RD INV Q: Bank 6, Row index 387, Op size 16
How COPY_MIN_GB_only_trace hexadecimal channel mask looks for [0, 1, 2, 3, 4, 5, 6, 7, 8, 9, 10, 11, 12, 13, 14, 15, 16, 17, 18, 19, 20, 21, 22, 23, 24, 25, 26, 27, 28, 29, 30, 31] channels: 0xffffffff
CopyGB RD INV Q: Bank 6, Total burst till now: 32
CopyGB RD INV Q: Bank 10, Row index 387, Op size 16
How COPY_MIN_GB_only_trace hexadecimal channel mask looks for [0, 1, 2, 3, 4, 5, 6, 7, 8, 9, 10, 11, 12, 13, 14, 15, 16, 17, 18, 19, 20, 21, 22, 23, 24, 25, 26, 27, 28, 29, 30, 31] channels: 0xffffffff
CopyGB RD INV Q: Bank 10, Total burst till now: 48
CopyGB RD INV Q: Bank 14, Row index 387, Op size 16
How COPY_MIN_GB_only_trace hexadecimal channel mask looks for [0, 1, 2, 3, 4, 5, 6, 7, 8, 9, 10, 11, 12, 13, 14, 15, 16, 17, 18, 19, 20, 21, 22, 23, 24, 25, 26, 27, 28, 29, 30, 31] channels: 0xffffffff
CopyGB RD INV Q: Bank 14, Total burst till now: 64
CopyGB RD INV K: Bank 2, Row index 388, Op size 16
How COPY_MIN_GB_only_trace hexadecimal channel mask looks for [0, 1, 2, 3, 4, 5, 6, 7, 8, 9, 10, 11, 12, 13, 14, 15, 16, 17, 18, 19, 20, 21, 22, 23, 24, 25, 26, 27, 28, 29, 30, 31] channels: 0xffffffff
CopyGB RD INV K: Bank 2, Total burst till now: 16
CopyGB RD INV K: Bank 6, Row index 388, Op size 16
How COPY_MIN_GB_only_trace hexadecimal channel mask looks for [0, 1, 2, 3, 4, 5, 6, 7, 8, 9, 10, 11, 12, 13, 14, 15, 16, 17, 18, 19, 20, 21, 22, 23, 24, 25, 26, 27, 28, 29, 30, 31] channels: 0xffffffff
CopyGB RD INV K: Bank 6, Total burst till now: 32
CopyGB RD INV K: Bank 10, Row index 388, Op size 16
How COPY_MIN_GB_only_trace hexadecimal channel mask looks for [0, 1, 2, 3, 4, 5, 6, 7, 8, 9, 10, 11, 12, 13, 14, 15, 16, 17, 18, 19, 20, 21, 22, 23, 24, 25, 26, 27, 28, 29, 30, 31] channels: 0xffffffff
CopyGB RD INV K: Bank 10, Total burst till now: 48
CopyGB RD INV K: Bank 14, Row index 388, Op size 16
How COPY_MIN_GB_only_trace hexadecimal channel mask looks for [0, 1, 2, 3, 4, 5, 6, 7, 8, 9, 10, 11, 12, 13, 14, 15, 16, 17, 18, 19, 20, 21, 22, 23, 24, 25, 26, 27, 28, 29, 30, 31] channels: 0xffffffff
CopyGB RD INV K: Bank 14, Total burst till now: 64
dim=4096 and burst_length=16
Total elements turned number of block * dimension =16384
Model: None, RD-WR SBK for Q and K is same=8192, ewmul_q_burst=4096, ewmul_k_burst=4096
================================ END OF ROT EMB TRACE ==================================
How COPY_GB_BK_only_trace hexadecimal channel mask looks for [0, 1, 2, 3, 4, 5, 6, 7, 8, 9, 10, 11, 12, 13, 14, 15, 16, 17, 18, 19, 20, 21, 22, 23, 24, 25, 26, 27, 28, 29, 30, 31] channels: 0xffffffff
How COPY_GB_BK_only_trace hexadecimal channel mask looks for [0, 1, 2, 3, 4, 5, 6, 7, 8, 9, 10, 11, 12, 13, 14, 15, 16, 17, 18, 19, 20, 21, 22, 23, 24, 25, 26, 27, 28, 29, 30, 31] channels: 0xffffffff
How COPY_GB_BK_only_trace hexadecimal channel mask looks for [0, 1, 2, 3, 4, 5, 6, 7, 8, 9, 10, 11, 12, 13, 14, 15, 16, 17, 18, 19, 20, 21, 22, 23, 24, 25, 26, 27, 28, 29, 30, 31] channels: 0xffffffff
How COPY_GB_BK_only_trace hexadecimal channel mask looks for [0, 1, 2, 3, 4, 5, 6, 7, 8, 9, 10, 11, 12, 13, 14, 15, 16, 17, 18, 19, 20, 21, 22, 23, 24, 25, 26, 27, 28, 29, 30, 31] channels: 0xffffffff
How COPY_GB_BK_only_trace hexadecimal channel mask looks for [0, 1, 2, 3, 4, 5, 6, 7, 8, 9, 10, 11, 12, 13, 14, 15, 16, 17, 18, 19, 20, 21, 22, 23, 24, 25, 26, 27, 28, 29, 30, 31] channels: 0xffffffff
How COPY_GB_BK_only_trace hexadecimal channel mask looks for [0, 1, 2, 3, 4, 5, 6, 7, 8, 9, 10, 11, 12, 13, 14, 15, 16, 17, 18, 19, 20, 21, 22, 23, 24, 25, 26, 27, 28, 29, 30, 31] channels: 0xffffffff
How COPY_GB_BK_only_trace hexadecimal channel mask looks for [0, 1, 2, 3, 4, 5, 6, 7, 8, 9, 10, 11, 12, 13, 14, 15, 16, 17, 18, 19, 20, 21, 22, 23, 24, 25, 26, 27, 28, 29, 30, 31] channels: 0xffffffff

 generate trace in function_sim, model name=None

Entered trace only in Llama.py
How COPY_GB_BK_only_trace hexadecimal channel mask looks for [0, 1, 2, 3, 4, 5, 6, 7, 8, 9, 10, 11, 12, 13, 14, 15, 16, 17, 18, 19, 20, 21, 22, 23, 24, 25, 26, 27, 28, 29, 30, 31] channels: 0xffffffff
How COPY_GB_BK_only_trace hexadecimal channel mask looks for [0, 1, 2, 3, 4, 5, 6, 7, 8, 9, 10, 11, 12, 13, 14, 15, 16, 17, 18, 19, 20, 21, 22, 23, 24, 25, 26, 27, 28, 29, 30, 31] channels: 0xffffffff
How COPY_GB_BK_only_trace hexadecimal channel mask looks for [0, 1, 2, 3, 4, 5, 6, 7, 8, 9, 10, 11, 12, 13, 14, 15, 16, 17, 18, 19, 20, 21, 22, 23, 24, 25, 26, 27, 28, 29, 30, 31] channels: 0xffffffff
How COPY_GB_BK_only_trace hexadecimal channel mask looks for [0, 1, 2, 3, 4, 5, 6, 7, 8, 9, 10, 11, 12, 13, 14, 15, 16, 17, 18, 19, 20, 21, 22, 23, 24, 25, 26, 27, 28, 29, 30, 31] channels: 0xffffffff
Entered trace only in Llama.py: trace_fc_kqvo is true, model name =None 
Model name =None with model parallel enable: False,  Dimension =4096, Total banks =128
============================== ROT EMB ==== None ====================================

EQUIVALENCE author=128, intermediate=128, mine=128

Number of banks per device:  16
Number of blocks per device:  4
Channels required for rotation of single block:  8
Channels required for rotation of all blocks:  32
All channels list for multi transformer blocks for rotation:  [0, 1, 2, 3, 4, 5, 6, 7, 8, 9, 10, 11, 12, 13, 14, 15, 16, 17, 18, 19, 20, 21, 22, 23, 24, 25, 26, 27, 28, 29, 30, 31]
EWMUL length=128 and utilized banks=32

Total banks: 128, Channels per block: 8, Banks per device: 16
EWMUL length=128 and utilized banks=32 and per channel banks=4

CopyGB RD Q: Bank 0, Row index 387, Op size 16
How COPY_MIN_GB_only_trace hexadecimal channel mask looks for [0, 1, 2, 3, 4, 5, 6, 7, 8, 9, 10, 11, 12, 13, 14, 15, 16, 17, 18, 19, 20, 21, 22, 23, 24, 25, 26, 27, 28, 29, 30, 31] channels: 0xffffffff
CopyGB RD Q: Bank 0, Total burst till now: 16
CopyGB RD Q: Bank 4, Row index 387, Op size 16
How COPY_MIN_GB_only_trace hexadecimal channel mask looks for [0, 1, 2, 3, 4, 5, 6, 7, 8, 9, 10, 11, 12, 13, 14, 15, 16, 17, 18, 19, 20, 21, 22, 23, 24, 25, 26, 27, 28, 29, 30, 31] channels: 0xffffffff
CopyGB RD Q: Bank 4, Total burst till now: 32
CopyGB RD Q: Bank 8, Row index 387, Op size 16
How COPY_MIN_GB_only_trace hexadecimal channel mask looks for [0, 1, 2, 3, 4, 5, 6, 7, 8, 9, 10, 11, 12, 13, 14, 15, 16, 17, 18, 19, 20, 21, 22, 23, 24, 25, 26, 27, 28, 29, 30, 31] channels: 0xffffffff
CopyGB RD Q: Bank 8, Total burst till now: 48
CopyGB RD Q: Bank 12, Row index 387, Op size 16
How COPY_MIN_GB_only_trace hexadecimal channel mask looks for [0, 1, 2, 3, 4, 5, 6, 7, 8, 9, 10, 11, 12, 13, 14, 15, 16, 17, 18, 19, 20, 21, 22, 23, 24, 25, 26, 27, 28, 29, 30, 31] channels: 0xffffffff
CopyGB RD Q: Bank 12, Total burst till now: 64
CopyGB RD K: Bank 0, Row index 388, Op size 16
How COPY_MIN_GB_only_trace hexadecimal channel mask looks for [0, 1, 2, 3, 4, 5, 6, 7, 8, 9, 10, 11, 12, 13, 14, 15, 16, 17, 18, 19, 20, 21, 22, 23, 24, 25, 26, 27, 28, 29, 30, 31] channels: 0xffffffff
CopyGB RD K: Bank 0, Total burst till now: 16
CopyGB RD K: Bank 4, Row index 388, Op size 16
How COPY_MIN_GB_only_trace hexadecimal channel mask looks for [0, 1, 2, 3, 4, 5, 6, 7, 8, 9, 10, 11, 12, 13, 14, 15, 16, 17, 18, 19, 20, 21, 22, 23, 24, 25, 26, 27, 28, 29, 30, 31] channels: 0xffffffff
CopyGB RD K: Bank 4, Total burst till now: 32
CopyGB RD K: Bank 8, Row index 388, Op size 16
How COPY_MIN_GB_only_trace hexadecimal channel mask looks for [0, 1, 2, 3, 4, 5, 6, 7, 8, 9, 10, 11, 12, 13, 14, 15, 16, 17, 18, 19, 20, 21, 22, 23, 24, 25, 26, 27, 28, 29, 30, 31] channels: 0xffffffff
CopyGB RD K: Bank 8, Total burst till now: 48
CopyGB RD K: Bank 12, Row index 388, Op size 16
How COPY_MIN_GB_only_trace hexadecimal channel mask looks for [0, 1, 2, 3, 4, 5, 6, 7, 8, 9, 10, 11, 12, 13, 14, 15, 16, 17, 18, 19, 20, 21, 22, 23, 24, 25, 26, 27, 28, 29, 30, 31] channels: 0xffffffff
CopyGB RD K: Bank 12, Total burst till now: 64
CopyGB RD INV Q: Bank 2, Row index 387, Op size 16
How COPY_MIN_GB_only_trace hexadecimal channel mask looks for [0, 1, 2, 3, 4, 5, 6, 7, 8, 9, 10, 11, 12, 13, 14, 15, 16, 17, 18, 19, 20, 21, 22, 23, 24, 25, 26, 27, 28, 29, 30, 31] channels: 0xffffffff
CopyGB RD INV Q: Bank 2, Total burst till now: 16
CopyGB RD INV Q: Bank 6, Row index 387, Op size 16
How COPY_MIN_GB_only_trace hexadecimal channel mask looks for [0, 1, 2, 3, 4, 5, 6, 7, 8, 9, 10, 11, 12, 13, 14, 15, 16, 17, 18, 19, 20, 21, 22, 23, 24, 25, 26, 27, 28, 29, 30, 31] channels: 0xffffffff
CopyGB RD INV Q: Bank 6, Total burst till now: 32
CopyGB RD INV Q: Bank 10, Row index 387, Op size 16
How COPY_MIN_GB_only_trace hexadecimal channel mask looks for [0, 1, 2, 3, 4, 5, 6, 7, 8, 9, 10, 11, 12, 13, 14, 15, 16, 17, 18, 19, 20, 21, 22, 23, 24, 25, 26, 27, 28, 29, 30, 31] channels: 0xffffffff
CopyGB RD INV Q: Bank 10, Total burst till now: 48
CopyGB RD INV Q: Bank 14, Row index 387, Op size 16
How COPY_MIN_GB_only_trace hexadecimal channel mask looks for [0, 1, 2, 3, 4, 5, 6, 7, 8, 9, 10, 11, 12, 13, 14, 15, 16, 17, 18, 19, 20, 21, 22, 23, 24, 25, 26, 27, 28, 29, 30, 31] channels: 0xffffffff
CopyGB RD INV Q: Bank 14, Total burst till now: 64
CopyGB RD INV K: Bank 2, Row index 388, Op size 16
How COPY_MIN_GB_only_trace hexadecimal channel mask looks for [0, 1, 2, 3, 4, 5, 6, 7, 8, 9, 10, 11, 12, 13, 14, 15, 16, 17, 18, 19, 20, 21, 22, 23, 24, 25, 26, 27, 28, 29, 30, 31] channels: 0xffffffff
CopyGB RD INV K: Bank 2, Total burst till now: 16
CopyGB RD INV K: Bank 6, Row index 388, Op size 16
How COPY_MIN_GB_only_trace hexadecimal channel mask looks for [0, 1, 2, 3, 4, 5, 6, 7, 8, 9, 10, 11, 12, 13, 14, 15, 16, 17, 18, 19, 20, 21, 22, 23, 24, 25, 26, 27, 28, 29, 30, 31] channels: 0xffffffff
CopyGB RD INV K: Bank 6, Total burst till now: 32
CopyGB RD INV K: Bank 10, Row index 388, Op size 16
How COPY_MIN_GB_only_trace hexadecimal channel mask looks for [0, 1, 2, 3, 4, 5, 6, 7, 8, 9, 10, 11, 12, 13, 14, 15, 16, 17, 18, 19, 20, 21, 22, 23, 24, 25, 26, 27, 28, 29, 30, 31] channels: 0xffffffff
CopyGB RD INV K: Bank 10, Total burst till now: 48
CopyGB RD INV K: Bank 14, Row index 388, Op size 16
How COPY_MIN_GB_only_trace hexadecimal channel mask looks for [0, 1, 2, 3, 4, 5, 6, 7, 8, 9, 10, 11, 12, 13, 14, 15, 16, 17, 18, 19, 20, 21, 22, 23, 24, 25, 26, 27, 28, 29, 30, 31] channels: 0xffffffff
CopyGB RD INV K: Bank 14, Total burst till now: 64
dim=4096 and burst_length=16
Total elements turned number of block * dimension =16384
Model: None, RD-WR SBK for Q and K is same=8192, ewmul_q_burst=4096, ewmul_k_burst=4096
================================ END OF ROT EMB TRACE ==================================
How COPY_GB_BK_only_trace hexadecimal channel mask looks for [0, 1, 2, 3, 4, 5, 6, 7, 8, 9, 10, 11, 12, 13, 14, 15, 16, 17, 18, 19, 20, 21, 22, 23, 24, 25, 26, 27, 28, 29, 30, 31] channels: 0xffffffff
How COPY_GB_BK_only_trace hexadecimal channel mask looks for [0, 1, 2, 3, 4, 5, 6, 7, 8, 9, 10, 11, 12, 13, 14, 15, 16, 17, 18, 19, 20, 21, 22, 23, 24, 25, 26, 27, 28, 29, 30, 31] channels: 0xffffffff
How COPY_GB_BK_only_trace hexadecimal channel mask looks for [0, 1, 2, 3, 4, 5, 6, 7, 8, 9, 10, 11, 12, 13, 14, 15, 16, 17, 18, 19, 20, 21, 22, 23, 24, 25, 26, 27, 28, 29, 30, 31] channels: 0xffffffff
How COPY_GB_BK_only_trace hexadecimal channel mask looks for [0, 1, 2, 3, 4, 5, 6, 7, 8, 9, 10, 11, 12, 13, 14, 15, 16, 17, 18, 19, 20, 21, 22, 23, 24, 25, 26, 27, 28, 29, 30, 31] channels: 0xffffffff
How COPY_GB_BK_only_trace hexadecimal channel mask looks for [0, 1, 2, 3, 4, 5, 6, 7, 8, 9, 10, 11, 12, 13, 14, 15, 16, 17, 18, 19, 20, 21, 22, 23, 24, 25, 26, 27, 28, 29, 30, 31] channels: 0xffffffff
How COPY_GB_BK_only_trace hexadecimal channel mask looks for [0, 1, 2, 3, 4, 5, 6, 7, 8, 9, 10, 11, 12, 13, 14, 15, 16, 17, 18, 19, 20, 21, 22, 23, 24, 25, 26, 27, 28, 29, 30, 31] channels: 0xffffffff
How COPY_GB_BK_only_trace hexadecimal channel mask looks for [0, 1, 2, 3, 4, 5, 6, 7, 8, 9, 10, 11, 12, 13, 14, 15, 16, 17, 18, 19, 20, 21, 22, 23, 24, 25, 26, 27, 28, 29, 30, 31] channels: 0xffffffff
How COPY_GB_BK_only_trace hexadecimal channel mask looks for [0, 1, 2, 3, 4, 5, 6, 7, 8, 9, 10, 11, 12, 13, 14, 15, 16, 17, 18, 19, 20, 21, 22, 23, 24, 25, 26, 27, 28, 29, 30, 31] channels: 0xffffffff
How COPY_GB_BK_only_trace hexadecimal channel mask looks for [0, 1, 2, 3, 4, 5, 6, 7, 8, 9, 10, 11, 12, 13, 14, 15, 16, 17, 18, 19, 20, 21, 22, 23, 24, 25, 26, 27, 28, 29, 30, 31] channels: 0xffffffff

 generate trace in function_sim, model name=None

Entered trace only in Llama.py
How COPY_GB_BK_only_trace hexadecimal channel mask looks for [0, 1, 2, 3, 4, 5, 6, 7, 8, 9, 10, 11, 12, 13, 14, 15, 16, 17, 18, 19, 20, 21, 22, 23, 24, 25, 26, 27, 28, 29, 30, 31] channels: 0xffffffff
How COPY_GB_BK_only_trace hexadecimal channel mask looks for [0, 1, 2, 3, 4, 5, 6, 7, 8, 9, 10, 11, 12, 13, 14, 15, 16, 17, 18, 19, 20, 21, 22, 23, 24, 25, 26, 27, 28, 29, 30, 31] channels: 0xffffffff
How COPY_GB_BK_only_trace hexadecimal channel mask looks for [0, 1, 2, 3, 4, 5, 6, 7, 8, 9, 10, 11, 12, 13, 14, 15, 16, 17, 18, 19, 20, 21, 22, 23, 24, 25, 26, 27, 28, 29, 30, 31] channels: 0xffffffff
How COPY_GB_BK_only_trace hexadecimal channel mask looks for [0, 1, 2, 3, 4, 5, 6, 7, 8, 9, 10, 11, 12, 13, 14, 15, 16, 17, 18, 19, 20, 21, 22, 23, 24, 25, 26, 27, 28, 29, 30, 31] channels: 0xffffffff
Entered trace only in Llama.py: trace_fc_kqvo is true, model name =None 
Model name =None with model parallel enable: False,  Dimension =4096, Total banks =128
============================== ROT EMB ==== None ====================================

EQUIVALENCE author=128, intermediate=128, mine=128

Number of banks per device:  16
Number of blocks per device:  4
Channels required for rotation of single block:  8
Channels required for rotation of all blocks:  32
All channels list for multi transformer blocks for rotation:  [0, 1, 2, 3, 4, 5, 6, 7, 8, 9, 10, 11, 12, 13, 14, 15, 16, 17, 18, 19, 20, 21, 22, 23, 24, 25, 26, 27, 28, 29, 30, 31]
EWMUL length=128 and utilized banks=32

Total banks: 128, Channels per block: 8, Banks per device: 16
EWMUL length=128 and utilized banks=32 and per channel banks=4

CopyGB RD Q: Bank 0, Row index 387, Op size 16
How COPY_MIN_GB_only_trace hexadecimal channel mask looks for [0, 1, 2, 3, 4, 5, 6, 7, 8, 9, 10, 11, 12, 13, 14, 15, 16, 17, 18, 19, 20, 21, 22, 23, 24, 25, 26, 27, 28, 29, 30, 31] channels: 0xffffffff
CopyGB RD Q: Bank 0, Total burst till now: 16
CopyGB RD Q: Bank 4, Row index 387, Op size 16
How COPY_MIN_GB_only_trace hexadecimal channel mask looks for [0, 1, 2, 3, 4, 5, 6, 7, 8, 9, 10, 11, 12, 13, 14, 15, 16, 17, 18, 19, 20, 21, 22, 23, 24, 25, 26, 27, 28, 29, 30, 31] channels: 0xffffffff
CopyGB RD Q: Bank 4, Total burst till now: 32
CopyGB RD Q: Bank 8, Row index 387, Op size 16
How COPY_MIN_GB_only_trace hexadecimal channel mask looks for [0, 1, 2, 3, 4, 5, 6, 7, 8, 9, 10, 11, 12, 13, 14, 15, 16, 17, 18, 19, 20, 21, 22, 23, 24, 25, 26, 27, 28, 29, 30, 31] channels: 0xffffffff
CopyGB RD Q: Bank 8, Total burst till now: 48
CopyGB RD Q: Bank 12, Row index 387, Op size 16
How COPY_MIN_GB_only_trace hexadecimal channel mask looks for [0, 1, 2, 3, 4, 5, 6, 7, 8, 9, 10, 11, 12, 13, 14, 15, 16, 17, 18, 19, 20, 21, 22, 23, 24, 25, 26, 27, 28, 29, 30, 31] channels: 0xffffffff
CopyGB RD Q: Bank 12, Total burst till now: 64
CopyGB RD K: Bank 0, Row index 388, Op size 16
How COPY_MIN_GB_only_trace hexadecimal channel mask looks for [0, 1, 2, 3, 4, 5, 6, 7, 8, 9, 10, 11, 12, 13, 14, 15, 16, 17, 18, 19, 20, 21, 22, 23, 24, 25, 26, 27, 28, 29, 30, 31] channels: 0xffffffff
CopyGB RD K: Bank 0, Total burst till now: 16
CopyGB RD K: Bank 4, Row index 388, Op size 16
How COPY_MIN_GB_only_trace hexadecimal channel mask looks for [0, 1, 2, 3, 4, 5, 6, 7, 8, 9, 10, 11, 12, 13, 14, 15, 16, 17, 18, 19, 20, 21, 22, 23, 24, 25, 26, 27, 28, 29, 30, 31] channels: 0xffffffff
CopyGB RD K: Bank 4, Total burst till now: 32
CopyGB RD K: Bank 8, Row index 388, Op size 16
How COPY_MIN_GB_only_trace hexadecimal channel mask looks for [0, 1, 2, 3, 4, 5, 6, 7, 8, 9, 10, 11, 12, 13, 14, 15, 16, 17, 18, 19, 20, 21, 22, 23, 24, 25, 26, 27, 28, 29, 30, 31] channels: 0xffffffff
CopyGB RD K: Bank 8, Total burst till now: 48
CopyGB RD K: Bank 12, Row index 388, Op size 16
How COPY_MIN_GB_only_trace hexadecimal channel mask looks for [0, 1, 2, 3, 4, 5, 6, 7, 8, 9, 10, 11, 12, 13, 14, 15, 16, 17, 18, 19, 20, 21, 22, 23, 24, 25, 26, 27, 28, 29, 30, 31] channels: 0xffffffff
CopyGB RD K: Bank 12, Total burst till now: 64
CopyGB RD INV Q: Bank 2, Row index 387, Op size 16
How COPY_MIN_GB_only_trace hexadecimal channel mask looks for [0, 1, 2, 3, 4, 5, 6, 7, 8, 9, 10, 11, 12, 13, 14, 15, 16, 17, 18, 19, 20, 21, 22, 23, 24, 25, 26, 27, 28, 29, 30, 31] channels: 0xffffffff
CopyGB RD INV Q: Bank 2, Total burst till now: 16
CopyGB RD INV Q: Bank 6, Row index 387, Op size 16
How COPY_MIN_GB_only_trace hexadecimal channel mask looks for [0, 1, 2, 3, 4, 5, 6, 7, 8, 9, 10, 11, 12, 13, 14, 15, 16, 17, 18, 19, 20, 21, 22, 23, 24, 25, 26, 27, 28, 29, 30, 31] channels: 0xffffffff
CopyGB RD INV Q: Bank 6, Total burst till now: 32
CopyGB RD INV Q: Bank 10, Row index 387, Op size 16
How COPY_MIN_GB_only_trace hexadecimal channel mask looks for [0, 1, 2, 3, 4, 5, 6, 7, 8, 9, 10, 11, 12, 13, 14, 15, 16, 17, 18, 19, 20, 21, 22, 23, 24, 25, 26, 27, 28, 29, 30, 31] channels: 0xffffffff
CopyGB RD INV Q: Bank 10, Total burst till now: 48
CopyGB RD INV Q: Bank 14, Row index 387, Op size 16
How COPY_MIN_GB_only_trace hexadecimal channel mask looks for [0, 1, 2, 3, 4, 5, 6, 7, 8, 9, 10, 11, 12, 13, 14, 15, 16, 17, 18, 19, 20, 21, 22, 23, 24, 25, 26, 27, 28, 29, 30, 31] channels: 0xffffffff
CopyGB RD INV Q: Bank 14, Total burst till now: 64
CopyGB RD INV K: Bank 2, Row index 388, Op size 16
How COPY_MIN_GB_only_trace hexadecimal channel mask looks for [0, 1, 2, 3, 4, 5, 6, 7, 8, 9, 10, 11, 12, 13, 14, 15, 16, 17, 18, 19, 20, 21, 22, 23, 24, 25, 26, 27, 28, 29, 30, 31] channels: 0xffffffff
CopyGB RD INV K: Bank 2, Total burst till now: 16
CopyGB RD INV K: Bank 6, Row index 388, Op size 16
How COPY_MIN_GB_only_trace hexadecimal channel mask looks for [0, 1, 2, 3, 4, 5, 6, 7, 8, 9, 10, 11, 12, 13, 14, 15, 16, 17, 18, 19, 20, 21, 22, 23, 24, 25, 26, 27, 28, 29, 30, 31] channels: 0xffffffff
CopyGB RD INV K: Bank 6, Total burst till now: 32
CopyGB RD INV K: Bank 10, Row index 388, Op size 16
How COPY_MIN_GB_only_trace hexadecimal channel mask looks for [0, 1, 2, 3, 4, 5, 6, 7, 8, 9, 10, 11, 12, 13, 14, 15, 16, 17, 18, 19, 20, 21, 22, 23, 24, 25, 26, 27, 28, 29, 30, 31] channels: 0xffffffff
CopyGB RD INV K: Bank 10, Total burst till now: 48
CopyGB RD INV K: Bank 14, Row index 388, Op size 16
How COPY_MIN_GB_only_trace hexadecimal channel mask looks for [0, 1, 2, 3, 4, 5, 6, 7, 8, 9, 10, 11, 12, 13, 14, 15, 16, 17, 18, 19, 20, 21, 22, 23, 24, 25, 26, 27, 28, 29, 30, 31] channels: 0xffffffff
CopyGB RD INV K: Bank 14, Total burst till now: 64
dim=4096 and burst_length=16
Total elements turned number of block * dimension =16384
Model: None, RD-WR SBK for Q and K is same=8192, ewmul_q_burst=4096, ewmul_k_burst=4096
================================ END OF ROT EMB TRACE ==================================
How COPY_GB_BK_only_trace hexadecimal channel mask looks for [0, 1, 2, 3, 4, 5, 6, 7, 8, 9, 10, 11, 12, 13, 14, 15, 16, 17, 18, 19, 20, 21, 22, 23, 24, 25, 26, 27, 28, 29, 30, 31] channels: 0xffffffff
How COPY_GB_BK_only_trace hexadecimal channel mask looks for [0, 1, 2, 3, 4, 5, 6, 7, 8, 9, 10, 11, 12, 13, 14, 15, 16, 17, 18, 19, 20, 21, 22, 23, 24, 25, 26, 27, 28, 29, 30, 31] channels: 0xffffffff
How COPY_GB_BK_only_trace hexadecimal channel mask looks for [0, 1, 2, 3, 4, 5, 6, 7, 8, 9, 10, 11, 12, 13, 14, 15, 16, 17, 18, 19, 20, 21, 22, 23, 24, 25, 26, 27, 28, 29, 30, 31] channels: 0xffffffff
How COPY_GB_BK_only_trace hexadecimal channel mask looks for [0, 1, 2, 3, 4, 5, 6, 7, 8, 9, 10, 11, 12, 13, 14, 15, 16, 17, 18, 19, 20, 21, 22, 23, 24, 25, 26, 27, 28, 29, 30, 31] channels: 0xffffffff
How COPY_GB_BK_only_trace hexadecimal channel mask looks for [0, 1, 2, 3, 4, 5, 6, 7, 8, 9, 10, 11, 12, 13, 14, 15, 16, 17, 18, 19, 20, 21, 22, 23, 24, 25, 26, 27, 28, 29, 30, 31] channels: 0xffffffff
How COPY_GB_BK_only_trace hexadecimal channel mask looks for [0, 1, 2, 3, 4, 5, 6, 7, 8, 9, 10, 11, 12, 13, 14, 15, 16, 17, 18, 19, 20, 21, 22, 23, 24, 25, 26, 27, 28, 29, 30, 31] channels: 0xffffffff
How COPY_GB_BK_only_trace hexadecimal channel mask looks for [0, 1, 2, 3, 4, 5, 6, 7, 8, 9, 10, 11, 12, 13, 14, 15, 16, 17, 18, 19, 20, 21, 22, 23, 24, 25, 26, 27, 28, 29, 30, 31] channels: 0xffffffff
How COPY_GB_BK_only_trace hexadecimal channel mask looks for [0, 1, 2, 3, 4, 5, 6, 7, 8, 9, 10, 11, 12, 13, 14, 15, 16, 17, 18, 19, 20, 21, 22, 23, 24, 25, 26, 27, 28, 29, 30, 31] channels: 0xffffffff

 generate trace in function_sim, model name=None

Entered trace only in Llama.py
How COPY_GB_BK_only_trace hexadecimal channel mask looks for [0, 1, 2, 3, 4, 5, 6, 7, 8, 9, 10, 11, 12, 13, 14, 15, 16, 17, 18, 19, 20, 21, 22, 23, 24, 25, 26, 27, 28, 29, 30, 31] channels: 0xffffffff
How COPY_GB_BK_only_trace hexadecimal channel mask looks for [0, 1, 2, 3, 4, 5, 6, 7, 8, 9, 10, 11, 12, 13, 14, 15, 16, 17, 18, 19, 20, 21, 22, 23, 24, 25, 26, 27, 28, 29, 30, 31] channels: 0xffffffff
How COPY_GB_BK_only_trace hexadecimal channel mask looks for [0, 1, 2, 3, 4, 5, 6, 7, 8, 9, 10, 11, 12, 13, 14, 15, 16, 17, 18, 19, 20, 21, 22, 23, 24, 25, 26, 27, 28, 29, 30, 31] channels: 0xffffffff
How COPY_GB_BK_only_trace hexadecimal channel mask looks for [0, 1, 2, 3, 4, 5, 6, 7, 8, 9, 10, 11, 12, 13, 14, 15, 16, 17, 18, 19, 20, 21, 22, 23, 24, 25, 26, 27, 28, 29, 30, 31] channels: 0xffffffff
Entered trace only in Llama.py: trace_fc_kqvo is true, model name =None 
Model name =None with model parallel enable: False,  Dimension =4096, Total banks =128
============================== ROT EMB ==== None ====================================

EQUIVALENCE author=128, intermediate=128, mine=128

Number of banks per device:  16
Number of blocks per device:  4
Channels required for rotation of single block:  8
Channels required for rotation of all blocks:  32
All channels list for multi transformer blocks for rotation:  [0, 1, 2, 3, 4, 5, 6, 7, 8, 9, 10, 11, 12, 13, 14, 15, 16, 17, 18, 19, 20, 21, 22, 23, 24, 25, 26, 27, 28, 29, 30, 31]
EWMUL length=128 and utilized banks=32

Total banks: 128, Channels per block: 8, Banks per device: 16
EWMUL length=128 and utilized banks=32 and per channel banks=4

CopyGB RD Q: Bank 0, Row index 387, Op size 16
How COPY_MIN_GB_only_trace hexadecimal channel mask looks for [0, 1, 2, 3, 4, 5, 6, 7, 8, 9, 10, 11, 12, 13, 14, 15, 16, 17, 18, 19, 20, 21, 22, 23, 24, 25, 26, 27, 28, 29, 30, 31] channels: 0xffffffff
CopyGB RD Q: Bank 0, Total burst till now: 16
CopyGB RD Q: Bank 4, Row index 387, Op size 16
How COPY_MIN_GB_only_trace hexadecimal channel mask looks for [0, 1, 2, 3, 4, 5, 6, 7, 8, 9, 10, 11, 12, 13, 14, 15, 16, 17, 18, 19, 20, 21, 22, 23, 24, 25, 26, 27, 28, 29, 30, 31] channels: 0xffffffff
CopyGB RD Q: Bank 4, Total burst till now: 32
CopyGB RD Q: Bank 8, Row index 387, Op size 16
How COPY_MIN_GB_only_trace hexadecimal channel mask looks for [0, 1, 2, 3, 4, 5, 6, 7, 8, 9, 10, 11, 12, 13, 14, 15, 16, 17, 18, 19, 20, 21, 22, 23, 24, 25, 26, 27, 28, 29, 30, 31] channels: 0xffffffff
CopyGB RD Q: Bank 8, Total burst till now: 48
CopyGB RD Q: Bank 12, Row index 387, Op size 16
How COPY_MIN_GB_only_trace hexadecimal channel mask looks for [0, 1, 2, 3, 4, 5, 6, 7, 8, 9, 10, 11, 12, 13, 14, 15, 16, 17, 18, 19, 20, 21, 22, 23, 24, 25, 26, 27, 28, 29, 30, 31] channels: 0xffffffff
CopyGB RD Q: Bank 12, Total burst till now: 64
CopyGB RD K: Bank 0, Row index 388, Op size 16
How COPY_MIN_GB_only_trace hexadecimal channel mask looks for [0, 1, 2, 3, 4, 5, 6, 7, 8, 9, 10, 11, 12, 13, 14, 15, 16, 17, 18, 19, 20, 21, 22, 23, 24, 25, 26, 27, 28, 29, 30, 31] channels: 0xffffffff
CopyGB RD K: Bank 0, Total burst till now: 16
CopyGB RD K: Bank 4, Row index 388, Op size 16
How COPY_MIN_GB_only_trace hexadecimal channel mask looks for [0, 1, 2, 3, 4, 5, 6, 7, 8, 9, 10, 11, 12, 13, 14, 15, 16, 17, 18, 19, 20, 21, 22, 23, 24, 25, 26, 27, 28, 29, 30, 31] channels: 0xffffffff
CopyGB RD K: Bank 4, Total burst till now: 32
CopyGB RD K: Bank 8, Row index 388, Op size 16
How COPY_MIN_GB_only_trace hexadecimal channel mask looks for [0, 1, 2, 3, 4, 5, 6, 7, 8, 9, 10, 11, 12, 13, 14, 15, 16, 17, 18, 19, 20, 21, 22, 23, 24, 25, 26, 27, 28, 29, 30, 31] channels: 0xffffffff
CopyGB RD K: Bank 8, Total burst till now: 48
CopyGB RD K: Bank 12, Row index 388, Op size 16
How COPY_MIN_GB_only_trace hexadecimal channel mask looks for [0, 1, 2, 3, 4, 5, 6, 7, 8, 9, 10, 11, 12, 13, 14, 15, 16, 17, 18, 19, 20, 21, 22, 23, 24, 25, 26, 27, 28, 29, 30, 31] channels: 0xffffffff
CopyGB RD K: Bank 12, Total burst till now: 64
CopyGB RD INV Q: Bank 2, Row index 387, Op size 16
How COPY_MIN_GB_only_trace hexadecimal channel mask looks for [0, 1, 2, 3, 4, 5, 6, 7, 8, 9, 10, 11, 12, 13, 14, 15, 16, 17, 18, 19, 20, 21, 22, 23, 24, 25, 26, 27, 28, 29, 30, 31] channels: 0xffffffff
CopyGB RD INV Q: Bank 2, Total burst till now: 16
CopyGB RD INV Q: Bank 6, Row index 387, Op size 16
How COPY_MIN_GB_only_trace hexadecimal channel mask looks for [0, 1, 2, 3, 4, 5, 6, 7, 8, 9, 10, 11, 12, 13, 14, 15, 16, 17, 18, 19, 20, 21, 22, 23, 24, 25, 26, 27, 28, 29, 30, 31] channels: 0xffffffff
CopyGB RD INV Q: Bank 6, Total burst till now: 32
CopyGB RD INV Q: Bank 10, Row index 387, Op size 16
How COPY_MIN_GB_only_trace hexadecimal channel mask looks for [0, 1, 2, 3, 4, 5, 6, 7, 8, 9, 10, 11, 12, 13, 14, 15, 16, 17, 18, 19, 20, 21, 22, 23, 24, 25, 26, 27, 28, 29, 30, 31] channels: 0xffffffff
CopyGB RD INV Q: Bank 10, Total burst till now: 48
CopyGB RD INV Q: Bank 14, Row index 387, Op size 16
How COPY_MIN_GB_only_trace hexadecimal channel mask looks for [0, 1, 2, 3, 4, 5, 6, 7, 8, 9, 10, 11, 12, 13, 14, 15, 16, 17, 18, 19, 20, 21, 22, 23, 24, 25, 26, 27, 28, 29, 30, 31] channels: 0xffffffff
CopyGB RD INV Q: Bank 14, Total burst till now: 64
CopyGB RD INV K: Bank 2, Row index 388, Op size 16
How COPY_MIN_GB_only_trace hexadecimal channel mask looks for [0, 1, 2, 3, 4, 5, 6, 7, 8, 9, 10, 11, 12, 13, 14, 15, 16, 17, 18, 19, 20, 21, 22, 23, 24, 25, 26, 27, 28, 29, 30, 31] channels: 0xffffffff
CopyGB RD INV K: Bank 2, Total burst till now: 16
CopyGB RD INV K: Bank 6, Row index 388, Op size 16
How COPY_MIN_GB_only_trace hexadecimal channel mask looks for [0, 1, 2, 3, 4, 5, 6, 7, 8, 9, 10, 11, 12, 13, 14, 15, 16, 17, 18, 19, 20, 21, 22, 23, 24, 25, 26, 27, 28, 29, 30, 31] channels: 0xffffffff
CopyGB RD INV K: Bank 6, Total burst till now: 32
CopyGB RD INV K: Bank 10, Row index 388, Op size 16
How COPY_MIN_GB_only_trace hexadecimal channel mask looks for [0, 1, 2, 3, 4, 5, 6, 7, 8, 9, 10, 11, 12, 13, 14, 15, 16, 17, 18, 19, 20, 21, 22, 23, 24, 25, 26, 27, 28, 29, 30, 31] channels: 0xffffffff
CopyGB RD INV K: Bank 10, Total burst till now: 48
CopyGB RD INV K: Bank 14, Row index 388, Op size 16
How COPY_MIN_GB_only_trace hexadecimal channel mask looks for [0, 1, 2, 3, 4, 5, 6, 7, 8, 9, 10, 11, 12, 13, 14, 15, 16, 17, 18, 19, 20, 21, 22, 23, 24, 25, 26, 27, 28, 29, 30, 31] channels: 0xffffffff
CopyGB RD INV K: Bank 14, Total burst till now: 64
dim=4096 and burst_length=16
Total elements turned number of block * dimension =16384
Model: None, RD-WR SBK for Q and K is same=8192, ewmul_q_burst=4096, ewmul_k_burst=4096
================================ END OF ROT EMB TRACE ==================================
How COPY_GB_BK_only_trace hexadecimal channel mask looks for [0, 1, 2, 3, 4, 5, 6, 7, 8, 9, 10, 11, 12, 13, 14, 15, 16, 17, 18, 19, 20, 21, 22, 23, 24, 25, 26, 27, 28, 29, 30, 31] channels: 0xffffffff
How COPY_GB_BK_only_trace hexadecimal channel mask looks for [0, 1, 2, 3, 4, 5, 6, 7, 8, 9, 10, 11, 12, 13, 14, 15, 16, 17, 18, 19, 20, 21, 22, 23, 24, 25, 26, 27, 28, 29, 30, 31] channels: 0xffffffff
How COPY_GB_BK_only_trace hexadecimal channel mask looks for [0, 1, 2, 3, 4, 5, 6, 7, 8, 9, 10, 11, 12, 13, 14, 15, 16, 17, 18, 19, 20, 21, 22, 23, 24, 25, 26, 27, 28, 29, 30, 31] channels: 0xffffffff
How COPY_GB_BK_only_trace hexadecimal channel mask looks for [0, 1, 2, 3, 4, 5, 6, 7, 8, 9, 10, 11, 12, 13, 14, 15, 16, 17, 18, 19, 20, 21, 22, 23, 24, 25, 26, 27, 28, 29, 30, 31] channels: 0xffffffff
How COPY_GB_BK_only_trace hexadecimal channel mask looks for [0, 1, 2, 3, 4, 5, 6, 7, 8, 9, 10, 11, 12, 13, 14, 15, 16, 17, 18, 19, 20, 21, 22, 23, 24, 25, 26, 27, 28, 29, 30, 31] channels: 0xffffffff
How COPY_GB_BK_only_trace hexadecimal channel mask looks for [0, 1, 2, 3, 4, 5, 6, 7, 8, 9, 10, 11, 12, 13, 14, 15, 16, 17, 18, 19, 20, 21, 22, 23, 24, 25, 26, 27, 28, 29, 30, 31] channels: 0xffffffff
How COPY_GB_BK_only_trace hexadecimal channel mask looks for [0, 1, 2, 3, 4, 5, 6, 7, 8, 9, 10, 11, 12, 13, 14, 15, 16, 17, 18, 19, 20, 21, 22, 23, 24, 25, 26, 27, 28, 29, 30, 31] channels: 0xffffffff
How COPY_GB_BK_only_trace hexadecimal channel mask looks for [0, 1, 2, 3, 4, 5, 6, 7, 8, 9, 10, 11, 12, 13, 14, 15, 16, 17, 18, 19, 20, 21, 22, 23, 24, 25, 26, 27, 28, 29, 30, 31] channels: 0xffffffff

 generate trace in function_sim, model name=None

Entered trace only in Llama.py
How COPY_GB_BK_only_trace hexadecimal channel mask looks for [0, 1, 2, 3, 4, 5, 6, 7, 8, 9, 10, 11, 12, 13, 14, 15, 16, 17, 18, 19, 20, 21, 22, 23, 24, 25, 26, 27, 28, 29, 30, 31] channels: 0xffffffff
How COPY_GB_BK_only_trace hexadecimal channel mask looks for [0, 1, 2, 3, 4, 5, 6, 7, 8, 9, 10, 11, 12, 13, 14, 15, 16, 17, 18, 19, 20, 21, 22, 23, 24, 25, 26, 27, 28, 29, 30, 31] channels: 0xffffffff
How COPY_GB_BK_only_trace hexadecimal channel mask looks for [0, 1, 2, 3, 4, 5, 6, 7, 8, 9, 10, 11, 12, 13, 14, 15, 16, 17, 18, 19, 20, 21, 22, 23, 24, 25, 26, 27, 28, 29, 30, 31] channels: 0xffffffff
How COPY_GB_BK_only_trace hexadecimal channel mask looks for [0, 1, 2, 3, 4, 5, 6, 7, 8, 9, 10, 11, 12, 13, 14, 15, 16, 17, 18, 19, 20, 21, 22, 23, 24, 25, 26, 27, 28, 29, 30, 31] channels: 0xffffffff
Entered trace only in Llama.py: trace_fc_kqvo is true, model name =None 
Model name =None with model parallel enable: False,  Dimension =4096, Total banks =128
============================== ROT EMB ==== None ====================================

EQUIVALENCE author=128, intermediate=128, mine=128

Number of banks per device:  16
Number of blocks per device:  4
Channels required for rotation of single block:  8
Channels required for rotation of all blocks:  32
All channels list for multi transformer blocks for rotation:  [0, 1, 2, 3, 4, 5, 6, 7, 8, 9, 10, 11, 12, 13, 14, 15, 16, 17, 18, 19, 20, 21, 22, 23, 24, 25, 26, 27, 28, 29, 30, 31]
EWMUL length=128 and utilized banks=32

Total banks: 128, Channels per block: 8, Banks per device: 16
EWMUL length=128 and utilized banks=32 and per channel banks=4

CopyGB RD Q: Bank 0, Row index 387, Op size 16
How COPY_MIN_GB_only_trace hexadecimal channel mask looks for [0, 1, 2, 3, 4, 5, 6, 7, 8, 9, 10, 11, 12, 13, 14, 15, 16, 17, 18, 19, 20, 21, 22, 23, 24, 25, 26, 27, 28, 29, 30, 31] channels: 0xffffffff
CopyGB RD Q: Bank 0, Total burst till now: 16
CopyGB RD Q: Bank 4, Row index 387, Op size 16
How COPY_MIN_GB_only_trace hexadecimal channel mask looks for [0, 1, 2, 3, 4, 5, 6, 7, 8, 9, 10, 11, 12, 13, 14, 15, 16, 17, 18, 19, 20, 21, 22, 23, 24, 25, 26, 27, 28, 29, 30, 31] channels: 0xffffffff
CopyGB RD Q: Bank 4, Total burst till now: 32
CopyGB RD Q: Bank 8, Row index 387, Op size 16
How COPY_MIN_GB_only_trace hexadecimal channel mask looks for [0, 1, 2, 3, 4, 5, 6, 7, 8, 9, 10, 11, 12, 13, 14, 15, 16, 17, 18, 19, 20, 21, 22, 23, 24, 25, 26, 27, 28, 29, 30, 31] channels: 0xffffffff
CopyGB RD Q: Bank 8, Total burst till now: 48
CopyGB RD Q: Bank 12, Row index 387, Op size 16
How COPY_MIN_GB_only_trace hexadecimal channel mask looks for [0, 1, 2, 3, 4, 5, 6, 7, 8, 9, 10, 11, 12, 13, 14, 15, 16, 17, 18, 19, 20, 21, 22, 23, 24, 25, 26, 27, 28, 29, 30, 31] channels: 0xffffffff
CopyGB RD Q: Bank 12, Total burst till now: 64
CopyGB RD K: Bank 0, Row index 388, Op size 16
How COPY_MIN_GB_only_trace hexadecimal channel mask looks for [0, 1, 2, 3, 4, 5, 6, 7, 8, 9, 10, 11, 12, 13, 14, 15, 16, 17, 18, 19, 20, 21, 22, 23, 24, 25, 26, 27, 28, 29, 30, 31] channels: 0xffffffff
CopyGB RD K: Bank 0, Total burst till now: 16
CopyGB RD K: Bank 4, Row index 388, Op size 16
How COPY_MIN_GB_only_trace hexadecimal channel mask looks for [0, 1, 2, 3, 4, 5, 6, 7, 8, 9, 10, 11, 12, 13, 14, 15, 16, 17, 18, 19, 20, 21, 22, 23, 24, 25, 26, 27, 28, 29, 30, 31] channels: 0xffffffff
CopyGB RD K: Bank 4, Total burst till now: 32
CopyGB RD K: Bank 8, Row index 388, Op size 16
How COPY_MIN_GB_only_trace hexadecimal channel mask looks for [0, 1, 2, 3, 4, 5, 6, 7, 8, 9, 10, 11, 12, 13, 14, 15, 16, 17, 18, 19, 20, 21, 22, 23, 24, 25, 26, 27, 28, 29, 30, 31] channels: 0xffffffff
CopyGB RD K: Bank 8, Total burst till now: 48
CopyGB RD K: Bank 12, Row index 388, Op size 16
How COPY_MIN_GB_only_trace hexadecimal channel mask looks for [0, 1, 2, 3, 4, 5, 6, 7, 8, 9, 10, 11, 12, 13, 14, 15, 16, 17, 18, 19, 20, 21, 22, 23, 24, 25, 26, 27, 28, 29, 30, 31] channels: 0xffffffff
CopyGB RD K: Bank 12, Total burst till now: 64
CopyGB RD INV Q: Bank 2, Row index 387, Op size 16
How COPY_MIN_GB_only_trace hexadecimal channel mask looks for [0, 1, 2, 3, 4, 5, 6, 7, 8, 9, 10, 11, 12, 13, 14, 15, 16, 17, 18, 19, 20, 21, 22, 23, 24, 25, 26, 27, 28, 29, 30, 31] channels: 0xffffffff
CopyGB RD INV Q: Bank 2, Total burst till now: 16
CopyGB RD INV Q: Bank 6, Row index 387, Op size 16
How COPY_MIN_GB_only_trace hexadecimal channel mask looks for [0, 1, 2, 3, 4, 5, 6, 7, 8, 9, 10, 11, 12, 13, 14, 15, 16, 17, 18, 19, 20, 21, 22, 23, 24, 25, 26, 27, 28, 29, 30, 31] channels: 0xffffffff
CopyGB RD INV Q: Bank 6, Total burst till now: 32
CopyGB RD INV Q: Bank 10, Row index 387, Op size 16
How COPY_MIN_GB_only_trace hexadecimal channel mask looks for [0, 1, 2, 3, 4, 5, 6, 7, 8, 9, 10, 11, 12, 13, 14, 15, 16, 17, 18, 19, 20, 21, 22, 23, 24, 25, 26, 27, 28, 29, 30, 31] channels: 0xffffffff
CopyGB RD INV Q: Bank 10, Total burst till now: 48
CopyGB RD INV Q: Bank 14, Row index 387, Op size 16
How COPY_MIN_GB_only_trace hexadecimal channel mask looks for [0, 1, 2, 3, 4, 5, 6, 7, 8, 9, 10, 11, 12, 13, 14, 15, 16, 17, 18, 19, 20, 21, 22, 23, 24, 25, 26, 27, 28, 29, 30, 31] channels: 0xffffffff
CopyGB RD INV Q: Bank 14, Total burst till now: 64
CopyGB RD INV K: Bank 2, Row index 388, Op size 16
How COPY_MIN_GB_only_trace hexadecimal channel mask looks for [0, 1, 2, 3, 4, 5, 6, 7, 8, 9, 10, 11, 12, 13, 14, 15, 16, 17, 18, 19, 20, 21, 22, 23, 24, 25, 26, 27, 28, 29, 30, 31] channels: 0xffffffff
CopyGB RD INV K: Bank 2, Total burst till now: 16
CopyGB RD INV K: Bank 6, Row index 388, Op size 16
How COPY_MIN_GB_only_trace hexadecimal channel mask looks for [0, 1, 2, 3, 4, 5, 6, 7, 8, 9, 10, 11, 12, 13, 14, 15, 16, 17, 18, 19, 20, 21, 22, 23, 24, 25, 26, 27, 28, 29, 30, 31] channels: 0xffffffff
CopyGB RD INV K: Bank 6, Total burst till now: 32
CopyGB RD INV K: Bank 10, Row index 388, Op size 16
How COPY_MIN_GB_only_trace hexadecimal channel mask looks for [0, 1, 2, 3, 4, 5, 6, 7, 8, 9, 10, 11, 12, 13, 14, 15, 16, 17, 18, 19, 20, 21, 22, 23, 24, 25, 26, 27, 28, 29, 30, 31] channels: 0xffffffff
CopyGB RD INV K: Bank 10, Total burst till now: 48
CopyGB RD INV K: Bank 14, Row index 388, Op size 16
How COPY_MIN_GB_only_trace hexadecimal channel mask looks for [0, 1, 2, 3, 4, 5, 6, 7, 8, 9, 10, 11, 12, 13, 14, 15, 16, 17, 18, 19, 20, 21, 22, 23, 24, 25, 26, 27, 28, 29, 30, 31] channels: 0xffffffff
CopyGB RD INV K: Bank 14, Total burst till now: 64
dim=4096 and burst_length=16
Total elements turned number of block * dimension =16384
Model: None, RD-WR SBK for Q and K is same=8192, ewmul_q_burst=4096, ewmul_k_burst=4096
================================ END OF ROT EMB TRACE ==================================
How COPY_GB_BK_only_trace hexadecimal channel mask looks for [0, 1, 2, 3, 4, 5, 6, 7, 8, 9, 10, 11, 12, 13, 14, 15, 16, 17, 18, 19, 20, 21, 22, 23, 24, 25, 26, 27, 28, 29, 30, 31] channels: 0xffffffff
How COPY_GB_BK_only_trace hexadecimal channel mask looks for [0, 1, 2, 3, 4, 5, 6, 7, 8, 9, 10, 11, 12, 13, 14, 15, 16, 17, 18, 19, 20, 21, 22, 23, 24, 25, 26, 27, 28, 29, 30, 31] channels: 0xffffffff
How COPY_GB_BK_only_trace hexadecimal channel mask looks for [0, 1, 2, 3, 4, 5, 6, 7, 8, 9, 10, 11, 12, 13, 14, 15, 16, 17, 18, 19, 20, 21, 22, 23, 24, 25, 26, 27, 28, 29, 30, 31] channels: 0xffffffff
How COPY_GB_BK_only_trace hexadecimal channel mask looks for [0, 1, 2, 3, 4, 5, 6, 7, 8, 9, 10, 11, 12, 13, 14, 15, 16, 17, 18, 19, 20, 21, 22, 23, 24, 25, 26, 27, 28, 29, 30, 31] channels: 0xffffffff
How COPY_GB_BK_only_trace hexadecimal channel mask looks for [0, 1, 2, 3, 4, 5, 6, 7, 8, 9, 10, 11, 12, 13, 14, 15, 16, 17, 18, 19, 20, 21, 22, 23, 24, 25, 26, 27, 28, 29, 30, 31] channels: 0xffffffff
How COPY_GB_BK_only_trace hexadecimal channel mask looks for [0, 1, 2, 3, 4, 5, 6, 7, 8, 9, 10, 11, 12, 13, 14, 15, 16, 17, 18, 19, 20, 21, 22, 23, 24, 25, 26, 27, 28, 29, 30, 31] channels: 0xffffffff
How COPY_GB_BK_only_trace hexadecimal channel mask looks for [0, 1, 2, 3, 4, 5, 6, 7, 8, 9, 10, 11, 12, 13, 14, 15, 16, 17, 18, 19, 20, 21, 22, 23, 24, 25, 26, 27, 28, 29, 30, 31] channels: 0xffffffff
How COPY_GB_BK_only_trace hexadecimal channel mask looks for [0, 1, 2, 3, 4, 5, 6, 7, 8, 9, 10, 11, 12, 13, 14, 15, 16, 17, 18, 19, 20, 21, 22, 23, 24, 25, 26, 27, 28, 29, 30, 31] channels: 0xffffffff

 generate trace in function_sim, model name=None

Entered trace only in Llama.py
How COPY_GB_BK_only_trace hexadecimal channel mask looks for [0, 1, 2, 3, 4, 5, 6, 7, 8, 9, 10, 11, 12, 13, 14, 15, 16, 17, 18, 19, 20, 21, 22, 23, 24, 25, 26, 27, 28, 29, 30, 31] channels: 0xffffffff
How COPY_GB_BK_only_trace hexadecimal channel mask looks for [0, 1, 2, 3, 4, 5, 6, 7, 8, 9, 10, 11, 12, 13, 14, 15, 16, 17, 18, 19, 20, 21, 22, 23, 24, 25, 26, 27, 28, 29, 30, 31] channels: 0xffffffff
How COPY_GB_BK_only_trace hexadecimal channel mask looks for [0, 1, 2, 3, 4, 5, 6, 7, 8, 9, 10, 11, 12, 13, 14, 15, 16, 17, 18, 19, 20, 21, 22, 23, 24, 25, 26, 27, 28, 29, 30, 31] channels: 0xffffffff
How COPY_GB_BK_only_trace hexadecimal channel mask looks for [0, 1, 2, 3, 4, 5, 6, 7, 8, 9, 10, 11, 12, 13, 14, 15, 16, 17, 18, 19, 20, 21, 22, 23, 24, 25, 26, 27, 28, 29, 30, 31] channels: 0xffffffff
Entered trace only in Llama.py: trace_fc_kqvo is true, model name =None 
Model name =None with model parallel enable: False,  Dimension =4096, Total banks =128
============================== ROT EMB ==== None ====================================

EQUIVALENCE author=128, intermediate=128, mine=128

Number of banks per device:  16
Number of blocks per device:  4
Channels required for rotation of single block:  8
Channels required for rotation of all blocks:  32
All channels list for multi transformer blocks for rotation:  [0, 1, 2, 3, 4, 5, 6, 7, 8, 9, 10, 11, 12, 13, 14, 15, 16, 17, 18, 19, 20, 21, 22, 23, 24, 25, 26, 27, 28, 29, 30, 31]
EWMUL length=128 and utilized banks=32

Total banks: 128, Channels per block: 8, Banks per device: 16
EWMUL length=128 and utilized banks=32 and per channel banks=4

CopyGB RD Q: Bank 0, Row index 387, Op size 16
How COPY_MIN_GB_only_trace hexadecimal channel mask looks for [0, 1, 2, 3, 4, 5, 6, 7, 8, 9, 10, 11, 12, 13, 14, 15, 16, 17, 18, 19, 20, 21, 22, 23, 24, 25, 26, 27, 28, 29, 30, 31] channels: 0xffffffff
CopyGB RD Q: Bank 0, Total burst till now: 16
CopyGB RD Q: Bank 4, Row index 387, Op size 16
How COPY_MIN_GB_only_trace hexadecimal channel mask looks for [0, 1, 2, 3, 4, 5, 6, 7, 8, 9, 10, 11, 12, 13, 14, 15, 16, 17, 18, 19, 20, 21, 22, 23, 24, 25, 26, 27, 28, 29, 30, 31] channels: 0xffffffff
CopyGB RD Q: Bank 4, Total burst till now: 32
CopyGB RD Q: Bank 8, Row index 387, Op size 16
How COPY_MIN_GB_only_trace hexadecimal channel mask looks for [0, 1, 2, 3, 4, 5, 6, 7, 8, 9, 10, 11, 12, 13, 14, 15, 16, 17, 18, 19, 20, 21, 22, 23, 24, 25, 26, 27, 28, 29, 30, 31] channels: 0xffffffff
CopyGB RD Q: Bank 8, Total burst till now: 48
CopyGB RD Q: Bank 12, Row index 387, Op size 16
How COPY_MIN_GB_only_trace hexadecimal channel mask looks for [0, 1, 2, 3, 4, 5, 6, 7, 8, 9, 10, 11, 12, 13, 14, 15, 16, 17, 18, 19, 20, 21, 22, 23, 24, 25, 26, 27, 28, 29, 30, 31] channels: 0xffffffff
CopyGB RD Q: Bank 12, Total burst till now: 64
CopyGB RD K: Bank 0, Row index 388, Op size 16
How COPY_MIN_GB_only_trace hexadecimal channel mask looks for [0, 1, 2, 3, 4, 5, 6, 7, 8, 9, 10, 11, 12, 13, 14, 15, 16, 17, 18, 19, 20, 21, 22, 23, 24, 25, 26, 27, 28, 29, 30, 31] channels: 0xffffffff
CopyGB RD K: Bank 0, Total burst till now: 16
CopyGB RD K: Bank 4, Row index 388, Op size 16
How COPY_MIN_GB_only_trace hexadecimal channel mask looks for [0, 1, 2, 3, 4, 5, 6, 7, 8, 9, 10, 11, 12, 13, 14, 15, 16, 17, 18, 19, 20, 21, 22, 23, 24, 25, 26, 27, 28, 29, 30, 31] channels: 0xffffffff
CopyGB RD K: Bank 4, Total burst till now: 32
CopyGB RD K: Bank 8, Row index 388, Op size 16
How COPY_MIN_GB_only_trace hexadecimal channel mask looks for [0, 1, 2, 3, 4, 5, 6, 7, 8, 9, 10, 11, 12, 13, 14, 15, 16, 17, 18, 19, 20, 21, 22, 23, 24, 25, 26, 27, 28, 29, 30, 31] channels: 0xffffffff
CopyGB RD K: Bank 8, Total burst till now: 48
CopyGB RD K: Bank 12, Row index 388, Op size 16
How COPY_MIN_GB_only_trace hexadecimal channel mask looks for [0, 1, 2, 3, 4, 5, 6, 7, 8, 9, 10, 11, 12, 13, 14, 15, 16, 17, 18, 19, 20, 21, 22, 23, 24, 25, 26, 27, 28, 29, 30, 31] channels: 0xffffffff
CopyGB RD K: Bank 12, Total burst till now: 64
CopyGB RD INV Q: Bank 2, Row index 387, Op size 16
How COPY_MIN_GB_only_trace hexadecimal channel mask looks for [0, 1, 2, 3, 4, 5, 6, 7, 8, 9, 10, 11, 12, 13, 14, 15, 16, 17, 18, 19, 20, 21, 22, 23, 24, 25, 26, 27, 28, 29, 30, 31] channels: 0xffffffff
CopyGB RD INV Q: Bank 2, Total burst till now: 16
CopyGB RD INV Q: Bank 6, Row index 387, Op size 16
How COPY_MIN_GB_only_trace hexadecimal channel mask looks for [0, 1, 2, 3, 4, 5, 6, 7, 8, 9, 10, 11, 12, 13, 14, 15, 16, 17, 18, 19, 20, 21, 22, 23, 24, 25, 26, 27, 28, 29, 30, 31] channels: 0xffffffff
CopyGB RD INV Q: Bank 6, Total burst till now: 32
CopyGB RD INV Q: Bank 10, Row index 387, Op size 16
How COPY_MIN_GB_only_trace hexadecimal channel mask looks for [0, 1, 2, 3, 4, 5, 6, 7, 8, 9, 10, 11, 12, 13, 14, 15, 16, 17, 18, 19, 20, 21, 22, 23, 24, 25, 26, 27, 28, 29, 30, 31] channels: 0xffffffff
CopyGB RD INV Q: Bank 10, Total burst till now: 48
CopyGB RD INV Q: Bank 14, Row index 387, Op size 16
How COPY_MIN_GB_only_trace hexadecimal channel mask looks for [0, 1, 2, 3, 4, 5, 6, 7, 8, 9, 10, 11, 12, 13, 14, 15, 16, 17, 18, 19, 20, 21, 22, 23, 24, 25, 26, 27, 28, 29, 30, 31] channels: 0xffffffff
CopyGB RD INV Q: Bank 14, Total burst till now: 64
CopyGB RD INV K: Bank 2, Row index 388, Op size 16
How COPY_MIN_GB_only_trace hexadecimal channel mask looks for [0, 1, 2, 3, 4, 5, 6, 7, 8, 9, 10, 11, 12, 13, 14, 15, 16, 17, 18, 19, 20, 21, 22, 23, 24, 25, 26, 27, 28, 29, 30, 31] channels: 0xffffffff
CopyGB RD INV K: Bank 2, Total burst till now: 16
CopyGB RD INV K: Bank 6, Row index 388, Op size 16
How COPY_MIN_GB_only_trace hexadecimal channel mask looks for [0, 1, 2, 3, 4, 5, 6, 7, 8, 9, 10, 11, 12, 13, 14, 15, 16, 17, 18, 19, 20, 21, 22, 23, 24, 25, 26, 27, 28, 29, 30, 31] channels: 0xffffffff
CopyGB RD INV K: Bank 6, Total burst till now: 32
CopyGB RD INV K: Bank 10, Row index 388, Op size 16
How COPY_MIN_GB_only_trace hexadecimal channel mask looks for [0, 1, 2, 3, 4, 5, 6, 7, 8, 9, 10, 11, 12, 13, 14, 15, 16, 17, 18, 19, 20, 21, 22, 23, 24, 25, 26, 27, 28, 29, 30, 31] channels: 0xffffffff
CopyGB RD INV K: Bank 10, Total burst till now: 48
CopyGB RD INV K: Bank 14, Row index 388, Op size 16
How COPY_MIN_GB_only_trace hexadecimal channel mask looks for [0, 1, 2, 3, 4, 5, 6, 7, 8, 9, 10, 11, 12, 13, 14, 15, 16, 17, 18, 19, 20, 21, 22, 23, 24, 25, 26, 27, 28, 29, 30, 31] channels: 0xffffffff
CopyGB RD INV K: Bank 14, Total burst till now: 64
dim=4096 and burst_length=16
Total elements turned number of block * dimension =16384
Model: None, RD-WR SBK for Q and K is same=8192, ewmul_q_burst=4096, ewmul_k_burst=4096
================================ END OF ROT EMB TRACE ==================================
How COPY_GB_BK_only_trace hexadecimal channel mask looks for [0, 1, 2, 3, 4, 5, 6, 7, 8, 9, 10, 11, 12, 13, 14, 15, 16, 17, 18, 19, 20, 21, 22, 23, 24, 25, 26, 27, 28, 29, 30, 31] channels: 0xffffffff
How COPY_GB_BK_only_trace hexadecimal channel mask looks for [0, 1, 2, 3, 4, 5, 6, 7, 8, 9, 10, 11, 12, 13, 14, 15, 16, 17, 18, 19, 20, 21, 22, 23, 24, 25, 26, 27, 28, 29, 30, 31] channels: 0xffffffff
How COPY_GB_BK_only_trace hexadecimal channel mask looks for [0, 1, 2, 3, 4, 5, 6, 7, 8, 9, 10, 11, 12, 13, 14, 15, 16, 17, 18, 19, 20, 21, 22, 23, 24, 25, 26, 27, 28, 29, 30, 31] channels: 0xffffffff
How COPY_GB_BK_only_trace hexadecimal channel mask looks for [0, 1, 2, 3, 4, 5, 6, 7, 8, 9, 10, 11, 12, 13, 14, 15, 16, 17, 18, 19, 20, 21, 22, 23, 24, 25, 26, 27, 28, 29, 30, 31] channels: 0xffffffff
How COPY_GB_BK_only_trace hexadecimal channel mask looks for [0, 1, 2, 3, 4, 5, 6, 7, 8, 9, 10, 11, 12, 13, 14, 15, 16, 17, 18, 19, 20, 21, 22, 23, 24, 25, 26, 27, 28, 29, 30, 31] channels: 0xffffffff
How COPY_GB_BK_only_trace hexadecimal channel mask looks for [0, 1, 2, 3, 4, 5, 6, 7, 8, 9, 10, 11, 12, 13, 14, 15, 16, 17, 18, 19, 20, 21, 22, 23, 24, 25, 26, 27, 28, 29, 30, 31] channels: 0xffffffff
How COPY_GB_BK_only_trace hexadecimal channel mask looks for [0, 1, 2, 3, 4, 5, 6, 7, 8, 9, 10, 11, 12, 13, 14, 15, 16, 17, 18, 19, 20, 21, 22, 23, 24, 25, 26, 27, 28, 29, 30, 31] channels: 0xffffffff
How COPY_GB_BK_only_trace hexadecimal channel mask looks for [0, 1, 2, 3, 4, 5, 6, 7, 8, 9, 10, 11, 12, 13, 14, 15, 16, 17, 18, 19, 20, 21, 22, 23, 24, 25, 26, 27, 28, 29, 30, 31] channels: 0xffffffff

 generate trace in function_sim, model name=None

Entered trace only in Llama.py
How COPY_GB_BK_only_trace hexadecimal channel mask looks for [0, 1, 2, 3, 4, 5, 6, 7, 8, 9, 10, 11, 12, 13, 14, 15, 16, 17, 18, 19, 20, 21, 22, 23, 24, 25, 26, 27, 28, 29, 30, 31] channels: 0xffffffff
How COPY_GB_BK_only_trace hexadecimal channel mask looks for [0, 1, 2, 3, 4, 5, 6, 7, 8, 9, 10, 11, 12, 13, 14, 15, 16, 17, 18, 19, 20, 21, 22, 23, 24, 25, 26, 27, 28, 29, 30, 31] channels: 0xffffffff
How COPY_GB_BK_only_trace hexadecimal channel mask looks for [0, 1, 2, 3, 4, 5, 6, 7, 8, 9, 10, 11, 12, 13, 14, 15, 16, 17, 18, 19, 20, 21, 22, 23, 24, 25, 26, 27, 28, 29, 30, 31] channels: 0xffffffff
How COPY_GB_BK_only_trace hexadecimal channel mask looks for [0, 1, 2, 3, 4, 5, 6, 7, 8, 9, 10, 11, 12, 13, 14, 15, 16, 17, 18, 19, 20, 21, 22, 23, 24, 25, 26, 27, 28, 29, 30, 31] channels: 0xffffffff
Entered trace only in Llama.py: trace_fc_kqvo is true, model name =None 
Model name =None with model parallel enable: False,  Dimension =4096, Total banks =128
============================== ROT EMB ==== None ====================================

EQUIVALENCE author=128, intermediate=128, mine=128

Number of banks per device:  16
Number of blocks per device:  4
Channels required for rotation of single block:  8
Channels required for rotation of all blocks:  32
All channels list for multi transformer blocks for rotation:  [0, 1, 2, 3, 4, 5, 6, 7, 8, 9, 10, 11, 12, 13, 14, 15, 16, 17, 18, 19, 20, 21, 22, 23, 24, 25, 26, 27, 28, 29, 30, 31]
EWMUL length=128 and utilized banks=32

Total banks: 128, Channels per block: 8, Banks per device: 16
EWMUL length=128 and utilized banks=32 and per channel banks=4

CopyGB RD Q: Bank 0, Row index 387, Op size 16
How COPY_MIN_GB_only_trace hexadecimal channel mask looks for [0, 1, 2, 3, 4, 5, 6, 7, 8, 9, 10, 11, 12, 13, 14, 15, 16, 17, 18, 19, 20, 21, 22, 23, 24, 25, 26, 27, 28, 29, 30, 31] channels: 0xffffffff
CopyGB RD Q: Bank 0, Total burst till now: 16
CopyGB RD Q: Bank 4, Row index 387, Op size 16
How COPY_MIN_GB_only_trace hexadecimal channel mask looks for [0, 1, 2, 3, 4, 5, 6, 7, 8, 9, 10, 11, 12, 13, 14, 15, 16, 17, 18, 19, 20, 21, 22, 23, 24, 25, 26, 27, 28, 29, 30, 31] channels: 0xffffffff
CopyGB RD Q: Bank 4, Total burst till now: 32
CopyGB RD Q: Bank 8, Row index 387, Op size 16
How COPY_MIN_GB_only_trace hexadecimal channel mask looks for [0, 1, 2, 3, 4, 5, 6, 7, 8, 9, 10, 11, 12, 13, 14, 15, 16, 17, 18, 19, 20, 21, 22, 23, 24, 25, 26, 27, 28, 29, 30, 31] channels: 0xffffffff
CopyGB RD Q: Bank 8, Total burst till now: 48
CopyGB RD Q: Bank 12, Row index 387, Op size 16
How COPY_MIN_GB_only_trace hexadecimal channel mask looks for [0, 1, 2, 3, 4, 5, 6, 7, 8, 9, 10, 11, 12, 13, 14, 15, 16, 17, 18, 19, 20, 21, 22, 23, 24, 25, 26, 27, 28, 29, 30, 31] channels: 0xffffffff
CopyGB RD Q: Bank 12, Total burst till now: 64
CopyGB RD K: Bank 0, Row index 388, Op size 16
How COPY_MIN_GB_only_trace hexadecimal channel mask looks for [0, 1, 2, 3, 4, 5, 6, 7, 8, 9, 10, 11, 12, 13, 14, 15, 16, 17, 18, 19, 20, 21, 22, 23, 24, 25, 26, 27, 28, 29, 30, 31] channels: 0xffffffff
CopyGB RD K: Bank 0, Total burst till now: 16
CopyGB RD K: Bank 4, Row index 388, Op size 16
How COPY_MIN_GB_only_trace hexadecimal channel mask looks for [0, 1, 2, 3, 4, 5, 6, 7, 8, 9, 10, 11, 12, 13, 14, 15, 16, 17, 18, 19, 20, 21, 22, 23, 24, 25, 26, 27, 28, 29, 30, 31] channels: 0xffffffff
CopyGB RD K: Bank 4, Total burst till now: 32
CopyGB RD K: Bank 8, Row index 388, Op size 16
How COPY_MIN_GB_only_trace hexadecimal channel mask looks for [0, 1, 2, 3, 4, 5, 6, 7, 8, 9, 10, 11, 12, 13, 14, 15, 16, 17, 18, 19, 20, 21, 22, 23, 24, 25, 26, 27, 28, 29, 30, 31] channels: 0xffffffff
CopyGB RD K: Bank 8, Total burst till now: 48
CopyGB RD K: Bank 12, Row index 388, Op size 16
How COPY_MIN_GB_only_trace hexadecimal channel mask looks for [0, 1, 2, 3, 4, 5, 6, 7, 8, 9, 10, 11, 12, 13, 14, 15, 16, 17, 18, 19, 20, 21, 22, 23, 24, 25, 26, 27, 28, 29, 30, 31] channels: 0xffffffff
CopyGB RD K: Bank 12, Total burst till now: 64
CopyGB RD INV Q: Bank 2, Row index 387, Op size 16
How COPY_MIN_GB_only_trace hexadecimal channel mask looks for [0, 1, 2, 3, 4, 5, 6, 7, 8, 9, 10, 11, 12, 13, 14, 15, 16, 17, 18, 19, 20, 21, 22, 23, 24, 25, 26, 27, 28, 29, 30, 31] channels: 0xffffffff
CopyGB RD INV Q: Bank 2, Total burst till now: 16
CopyGB RD INV Q: Bank 6, Row index 387, Op size 16
How COPY_MIN_GB_only_trace hexadecimal channel mask looks for [0, 1, 2, 3, 4, 5, 6, 7, 8, 9, 10, 11, 12, 13, 14, 15, 16, 17, 18, 19, 20, 21, 22, 23, 24, 25, 26, 27, 28, 29, 30, 31] channels: 0xffffffff
CopyGB RD INV Q: Bank 6, Total burst till now: 32
CopyGB RD INV Q: Bank 10, Row index 387, Op size 16
How COPY_MIN_GB_only_trace hexadecimal channel mask looks for [0, 1, 2, 3, 4, 5, 6, 7, 8, 9, 10, 11, 12, 13, 14, 15, 16, 17, 18, 19, 20, 21, 22, 23, 24, 25, 26, 27, 28, 29, 30, 31] channels: 0xffffffff
CopyGB RD INV Q: Bank 10, Total burst till now: 48
CopyGB RD INV Q: Bank 14, Row index 387, Op size 16
How COPY_MIN_GB_only_trace hexadecimal channel mask looks for [0, 1, 2, 3, 4, 5, 6, 7, 8, 9, 10, 11, 12, 13, 14, 15, 16, 17, 18, 19, 20, 21, 22, 23, 24, 25, 26, 27, 28, 29, 30, 31] channels: 0xffffffff
CopyGB RD INV Q: Bank 14, Total burst till now: 64
CopyGB RD INV K: Bank 2, Row index 388, Op size 16
How COPY_MIN_GB_only_trace hexadecimal channel mask looks for [0, 1, 2, 3, 4, 5, 6, 7, 8, 9, 10, 11, 12, 13, 14, 15, 16, 17, 18, 19, 20, 21, 22, 23, 24, 25, 26, 27, 28, 29, 30, 31] channels: 0xffffffff
CopyGB RD INV K: Bank 2, Total burst till now: 16
CopyGB RD INV K: Bank 6, Row index 388, Op size 16
How COPY_MIN_GB_only_trace hexadecimal channel mask looks for [0, 1, 2, 3, 4, 5, 6, 7, 8, 9, 10, 11, 12, 13, 14, 15, 16, 17, 18, 19, 20, 21, 22, 23, 24, 25, 26, 27, 28, 29, 30, 31] channels: 0xffffffff
CopyGB RD INV K: Bank 6, Total burst till now: 32
CopyGB RD INV K: Bank 10, Row index 388, Op size 16
How COPY_MIN_GB_only_trace hexadecimal channel mask looks for [0, 1, 2, 3, 4, 5, 6, 7, 8, 9, 10, 11, 12, 13, 14, 15, 16, 17, 18, 19, 20, 21, 22, 23, 24, 25, 26, 27, 28, 29, 30, 31] channels: 0xffffffff
CopyGB RD INV K: Bank 10, Total burst till now: 48
CopyGB RD INV K: Bank 14, Row index 388, Op size 16
How COPY_MIN_GB_only_trace hexadecimal channel mask looks for [0, 1, 2, 3, 4, 5, 6, 7, 8, 9, 10, 11, 12, 13, 14, 15, 16, 17, 18, 19, 20, 21, 22, 23, 24, 25, 26, 27, 28, 29, 30, 31] channels: 0xffffffff
CopyGB RD INV K: Bank 14, Total burst till now: 64
dim=4096 and burst_length=16
Total elements turned number of block * dimension =16384
Model: None, RD-WR SBK for Q and K is same=8192, ewmul_q_burst=4096, ewmul_k_burst=4096
================================ END OF ROT EMB TRACE ==================================
How COPY_GB_BK_only_trace hexadecimal channel mask looks for [0, 1, 2, 3, 4, 5, 6, 7, 8, 9, 10, 11, 12, 13, 14, 15, 16, 17, 18, 19, 20, 21, 22, 23, 24, 25, 26, 27, 28, 29, 30, 31] channels: 0xffffffff
How COPY_GB_BK_only_trace hexadecimal channel mask looks for [0, 1, 2, 3, 4, 5, 6, 7, 8, 9, 10, 11, 12, 13, 14, 15, 16, 17, 18, 19, 20, 21, 22, 23, 24, 25, 26, 27, 28, 29, 30, 31] channels: 0xffffffff
How COPY_GB_BK_only_trace hexadecimal channel mask looks for [0, 1, 2, 3, 4, 5, 6, 7, 8, 9, 10, 11, 12, 13, 14, 15, 16, 17, 18, 19, 20, 21, 22, 23, 24, 25, 26, 27, 28, 29, 30, 31] channels: 0xffffffff
How COPY_GB_BK_only_trace hexadecimal channel mask looks for [0, 1, 2, 3, 4, 5, 6, 7, 8, 9, 10, 11, 12, 13, 14, 15, 16, 17, 18, 19, 20, 21, 22, 23, 24, 25, 26, 27, 28, 29, 30, 31] channels: 0xffffffff
How COPY_GB_BK_only_trace hexadecimal channel mask looks for [0, 1, 2, 3, 4, 5, 6, 7, 8, 9, 10, 11, 12, 13, 14, 15, 16, 17, 18, 19, 20, 21, 22, 23, 24, 25, 26, 27, 28, 29, 30, 31] channels: 0xffffffff
How COPY_GB_BK_only_trace hexadecimal channel mask looks for [0, 1, 2, 3, 4, 5, 6, 7, 8, 9, 10, 11, 12, 13, 14, 15, 16, 17, 18, 19, 20, 21, 22, 23, 24, 25, 26, 27, 28, 29, 30, 31] channels: 0xffffffff
How COPY_GB_BK_only_trace hexadecimal channel mask looks for [0, 1, 2, 3, 4, 5, 6, 7, 8, 9, 10, 11, 12, 13, 14, 15, 16, 17, 18, 19, 20, 21, 22, 23, 24, 25, 26, 27, 28, 29, 30, 31] channels: 0xffffffff
How COPY_GB_BK_only_trace hexadecimal channel mask looks for [0, 1, 2, 3, 4, 5, 6, 7, 8, 9, 10, 11, 12, 13, 14, 15, 16, 17, 18, 19, 20, 21, 22, 23, 24, 25, 26, 27, 28, 29, 30, 31] channels: 0xffffffff

 generate trace in function_sim, model name=None

Entered trace only in Llama.py
How COPY_GB_BK_only_trace hexadecimal channel mask looks for [0, 1, 2, 3, 4, 5, 6, 7, 8, 9, 10, 11, 12, 13, 14, 15, 16, 17, 18, 19, 20, 21, 22, 23, 24, 25, 26, 27, 28, 29, 30, 31] channels: 0xffffffff
How COPY_GB_BK_only_trace hexadecimal channel mask looks for [0, 1, 2, 3, 4, 5, 6, 7, 8, 9, 10, 11, 12, 13, 14, 15, 16, 17, 18, 19, 20, 21, 22, 23, 24, 25, 26, 27, 28, 29, 30, 31] channels: 0xffffffff
How COPY_GB_BK_only_trace hexadecimal channel mask looks for [0, 1, 2, 3, 4, 5, 6, 7, 8, 9, 10, 11, 12, 13, 14, 15, 16, 17, 18, 19, 20, 21, 22, 23, 24, 25, 26, 27, 28, 29, 30, 31] channels: 0xffffffff
How COPY_GB_BK_only_trace hexadecimal channel mask looks for [0, 1, 2, 3, 4, 5, 6, 7, 8, 9, 10, 11, 12, 13, 14, 15, 16, 17, 18, 19, 20, 21, 22, 23, 24, 25, 26, 27, 28, 29, 30, 31] channels: 0xffffffff
Entered trace only in Llama.py: trace_fc_kqvo is true, model name =None 
Model name =None with model parallel enable: False,  Dimension =4096, Total banks =128
============================== ROT EMB ==== None ====================================

EQUIVALENCE author=128, intermediate=128, mine=128

Number of banks per device:  16
Number of blocks per device:  4
Channels required for rotation of single block:  8
Channels required for rotation of all blocks:  32
All channels list for multi transformer blocks for rotation:  [0, 1, 2, 3, 4, 5, 6, 7, 8, 9, 10, 11, 12, 13, 14, 15, 16, 17, 18, 19, 20, 21, 22, 23, 24, 25, 26, 27, 28, 29, 30, 31]
EWMUL length=128 and utilized banks=32

Total banks: 128, Channels per block: 8, Banks per device: 16
EWMUL length=128 and utilized banks=32 and per channel banks=4

CopyGB RD Q: Bank 0, Row index 387, Op size 16
How COPY_MIN_GB_only_trace hexadecimal channel mask looks for [0, 1, 2, 3, 4, 5, 6, 7, 8, 9, 10, 11, 12, 13, 14, 15, 16, 17, 18, 19, 20, 21, 22, 23, 24, 25, 26, 27, 28, 29, 30, 31] channels: 0xffffffff
CopyGB RD Q: Bank 0, Total burst till now: 16
CopyGB RD Q: Bank 4, Row index 387, Op size 16
How COPY_MIN_GB_only_trace hexadecimal channel mask looks for [0, 1, 2, 3, 4, 5, 6, 7, 8, 9, 10, 11, 12, 13, 14, 15, 16, 17, 18, 19, 20, 21, 22, 23, 24, 25, 26, 27, 28, 29, 30, 31] channels: 0xffffffff
CopyGB RD Q: Bank 4, Total burst till now: 32
CopyGB RD Q: Bank 8, Row index 387, Op size 16
How COPY_MIN_GB_only_trace hexadecimal channel mask looks for [0, 1, 2, 3, 4, 5, 6, 7, 8, 9, 10, 11, 12, 13, 14, 15, 16, 17, 18, 19, 20, 21, 22, 23, 24, 25, 26, 27, 28, 29, 30, 31] channels: 0xffffffff
CopyGB RD Q: Bank 8, Total burst till now: 48
CopyGB RD Q: Bank 12, Row index 387, Op size 16
How COPY_MIN_GB_only_trace hexadecimal channel mask looks for [0, 1, 2, 3, 4, 5, 6, 7, 8, 9, 10, 11, 12, 13, 14, 15, 16, 17, 18, 19, 20, 21, 22, 23, 24, 25, 26, 27, 28, 29, 30, 31] channels: 0xffffffff
CopyGB RD Q: Bank 12, Total burst till now: 64
CopyGB RD K: Bank 0, Row index 388, Op size 16
How COPY_MIN_GB_only_trace hexadecimal channel mask looks for [0, 1, 2, 3, 4, 5, 6, 7, 8, 9, 10, 11, 12, 13, 14, 15, 16, 17, 18, 19, 20, 21, 22, 23, 24, 25, 26, 27, 28, 29, 30, 31] channels: 0xffffffff
CopyGB RD K: Bank 0, Total burst till now: 16
CopyGB RD K: Bank 4, Row index 388, Op size 16
How COPY_MIN_GB_only_trace hexadecimal channel mask looks for [0, 1, 2, 3, 4, 5, 6, 7, 8, 9, 10, 11, 12, 13, 14, 15, 16, 17, 18, 19, 20, 21, 22, 23, 24, 25, 26, 27, 28, 29, 30, 31] channels: 0xffffffff
CopyGB RD K: Bank 4, Total burst till now: 32
CopyGB RD K: Bank 8, Row index 388, Op size 16
How COPY_MIN_GB_only_trace hexadecimal channel mask looks for [0, 1, 2, 3, 4, 5, 6, 7, 8, 9, 10, 11, 12, 13, 14, 15, 16, 17, 18, 19, 20, 21, 22, 23, 24, 25, 26, 27, 28, 29, 30, 31] channels: 0xffffffff
CopyGB RD K: Bank 8, Total burst till now: 48
CopyGB RD K: Bank 12, Row index 388, Op size 16
How COPY_MIN_GB_only_trace hexadecimal channel mask looks for [0, 1, 2, 3, 4, 5, 6, 7, 8, 9, 10, 11, 12, 13, 14, 15, 16, 17, 18, 19, 20, 21, 22, 23, 24, 25, 26, 27, 28, 29, 30, 31] channels: 0xffffffff
CopyGB RD K: Bank 12, Total burst till now: 64
CopyGB RD INV Q: Bank 2, Row index 387, Op size 16
How COPY_MIN_GB_only_trace hexadecimal channel mask looks for [0, 1, 2, 3, 4, 5, 6, 7, 8, 9, 10, 11, 12, 13, 14, 15, 16, 17, 18, 19, 20, 21, 22, 23, 24, 25, 26, 27, 28, 29, 30, 31] channels: 0xffffffff
CopyGB RD INV Q: Bank 2, Total burst till now: 16
CopyGB RD INV Q: Bank 6, Row index 387, Op size 16
How COPY_MIN_GB_only_trace hexadecimal channel mask looks for [0, 1, 2, 3, 4, 5, 6, 7, 8, 9, 10, 11, 12, 13, 14, 15, 16, 17, 18, 19, 20, 21, 22, 23, 24, 25, 26, 27, 28, 29, 30, 31] channels: 0xffffffff
CopyGB RD INV Q: Bank 6, Total burst till now: 32
CopyGB RD INV Q: Bank 10, Row index 387, Op size 16
How COPY_MIN_GB_only_trace hexadecimal channel mask looks for [0, 1, 2, 3, 4, 5, 6, 7, 8, 9, 10, 11, 12, 13, 14, 15, 16, 17, 18, 19, 20, 21, 22, 23, 24, 25, 26, 27, 28, 29, 30, 31] channels: 0xffffffff
CopyGB RD INV Q: Bank 10, Total burst till now: 48
CopyGB RD INV Q: Bank 14, Row index 387, Op size 16
How COPY_MIN_GB_only_trace hexadecimal channel mask looks for [0, 1, 2, 3, 4, 5, 6, 7, 8, 9, 10, 11, 12, 13, 14, 15, 16, 17, 18, 19, 20, 21, 22, 23, 24, 25, 26, 27, 28, 29, 30, 31] channels: 0xffffffff
CopyGB RD INV Q: Bank 14, Total burst till now: 64
CopyGB RD INV K: Bank 2, Row index 388, Op size 16
How COPY_MIN_GB_only_trace hexadecimal channel mask looks for [0, 1, 2, 3, 4, 5, 6, 7, 8, 9, 10, 11, 12, 13, 14, 15, 16, 17, 18, 19, 20, 21, 22, 23, 24, 25, 26, 27, 28, 29, 30, 31] channels: 0xffffffff
CopyGB RD INV K: Bank 2, Total burst till now: 16
CopyGB RD INV K: Bank 6, Row index 388, Op size 16
How COPY_MIN_GB_only_trace hexadecimal channel mask looks for [0, 1, 2, 3, 4, 5, 6, 7, 8, 9, 10, 11, 12, 13, 14, 15, 16, 17, 18, 19, 20, 21, 22, 23, 24, 25, 26, 27, 28, 29, 30, 31] channels: 0xffffffff
CopyGB RD INV K: Bank 6, Total burst till now: 32
CopyGB RD INV K: Bank 10, Row index 388, Op size 16
How COPY_MIN_GB_only_trace hexadecimal channel mask looks for [0, 1, 2, 3, 4, 5, 6, 7, 8, 9, 10, 11, 12, 13, 14, 15, 16, 17, 18, 19, 20, 21, 22, 23, 24, 25, 26, 27, 28, 29, 30, 31] channels: 0xffffffff
CopyGB RD INV K: Bank 10, Total burst till now: 48
CopyGB RD INV K: Bank 14, Row index 388, Op size 16
How COPY_MIN_GB_only_trace hexadecimal channel mask looks for [0, 1, 2, 3, 4, 5, 6, 7, 8, 9, 10, 11, 12, 13, 14, 15, 16, 17, 18, 19, 20, 21, 22, 23, 24, 25, 26, 27, 28, 29, 30, 31] channels: 0xffffffff
CopyGB RD INV K: Bank 14, Total burst till now: 64
dim=4096 and burst_length=16
Total elements turned number of block * dimension =16384
Model: None, RD-WR SBK for Q and K is same=8192, ewmul_q_burst=4096, ewmul_k_burst=4096
================================ END OF ROT EMB TRACE ==================================
How COPY_GB_BK_only_trace hexadecimal channel mask looks for [0, 1, 2, 3, 4, 5, 6, 7, 8, 9, 10, 11, 12, 13, 14, 15, 16, 17, 18, 19, 20, 21, 22, 23, 24, 25, 26, 27, 28, 29, 30, 31] channels: 0xffffffff
How COPY_GB_BK_only_trace hexadecimal channel mask looks for [0, 1, 2, 3, 4, 5, 6, 7, 8, 9, 10, 11, 12, 13, 14, 15, 16, 17, 18, 19, 20, 21, 22, 23, 24, 25, 26, 27, 28, 29, 30, 31] channels: 0xffffffff
How COPY_GB_BK_only_trace hexadecimal channel mask looks for [0, 1, 2, 3, 4, 5, 6, 7, 8, 9, 10, 11, 12, 13, 14, 15, 16, 17, 18, 19, 20, 21, 22, 23, 24, 25, 26, 27, 28, 29, 30, 31] channels: 0xffffffff
How COPY_GB_BK_only_trace hexadecimal channel mask looks for [0, 1, 2, 3, 4, 5, 6, 7, 8, 9, 10, 11, 12, 13, 14, 15, 16, 17, 18, 19, 20, 21, 22, 23, 24, 25, 26, 27, 28, 29, 30, 31] channels: 0xffffffff
How COPY_GB_BK_only_trace hexadecimal channel mask looks for [0, 1, 2, 3, 4, 5, 6, 7, 8, 9, 10, 11, 12, 13, 14, 15, 16, 17, 18, 19, 20, 21, 22, 23, 24, 25, 26, 27, 28, 29, 30, 31] channels: 0xffffffff
How COPY_GB_BK_only_trace hexadecimal channel mask looks for [0, 1, 2, 3, 4, 5, 6, 7, 8, 9, 10, 11, 12, 13, 14, 15, 16, 17, 18, 19, 20, 21, 22, 23, 24, 25, 26, 27, 28, 29, 30, 31] channels: 0xffffffff
How COPY_GB_BK_only_trace hexadecimal channel mask looks for [0, 1, 2, 3, 4, 5, 6, 7, 8, 9, 10, 11, 12, 13, 14, 15, 16, 17, 18, 19, 20, 21, 22, 23, 24, 25, 26, 27, 28, 29, 30, 31] channels: 0xffffffff
How COPY_GB_BK_only_trace hexadecimal channel mask looks for [0, 1, 2, 3, 4, 5, 6, 7, 8, 9, 10, 11, 12, 13, 14, 15, 16, 17, 18, 19, 20, 21, 22, 23, 24, 25, 26, 27, 28, 29, 30, 31] channels: 0xffffffff

 generate trace in function_sim, model name=None

Entered trace only in Llama.py
How COPY_GB_BK_only_trace hexadecimal channel mask looks for [0, 1, 2, 3, 4, 5, 6, 7, 8, 9, 10, 11, 12, 13, 14, 15, 16, 17, 18, 19, 20, 21, 22, 23, 24, 25, 26, 27, 28, 29, 30, 31] channels: 0xffffffff
How COPY_GB_BK_only_trace hexadecimal channel mask looks for [0, 1, 2, 3, 4, 5, 6, 7, 8, 9, 10, 11, 12, 13, 14, 15, 16, 17, 18, 19, 20, 21, 22, 23, 24, 25, 26, 27, 28, 29, 30, 31] channels: 0xffffffff
How COPY_GB_BK_only_trace hexadecimal channel mask looks for [0, 1, 2, 3, 4, 5, 6, 7, 8, 9, 10, 11, 12, 13, 14, 15, 16, 17, 18, 19, 20, 21, 22, 23, 24, 25, 26, 27, 28, 29, 30, 31] channels: 0xffffffff
How COPY_GB_BK_only_trace hexadecimal channel mask looks for [0, 1, 2, 3, 4, 5, 6, 7, 8, 9, 10, 11, 12, 13, 14, 15, 16, 17, 18, 19, 20, 21, 22, 23, 24, 25, 26, 27, 28, 29, 30, 31] channels: 0xffffffff
Entered trace only in Llama.py: trace_fc_kqvo is true, model name =None 
Model name =None with model parallel enable: False,  Dimension =4096, Total banks =128
============================== ROT EMB ==== None ====================================

EQUIVALENCE author=128, intermediate=128, mine=128

Number of banks per device:  16
Number of blocks per device:  4
Channels required for rotation of single block:  8
Channels required for rotation of all blocks:  32
All channels list for multi transformer blocks for rotation:  [0, 1, 2, 3, 4, 5, 6, 7, 8, 9, 10, 11, 12, 13, 14, 15, 16, 17, 18, 19, 20, 21, 22, 23, 24, 25, 26, 27, 28, 29, 30, 31]
EWMUL length=128 and utilized banks=32

Total banks: 128, Channels per block: 8, Banks per device: 16
EWMUL length=128 and utilized banks=32 and per channel banks=4

CopyGB RD Q: Bank 0, Row index 387, Op size 16
How COPY_MIN_GB_only_trace hexadecimal channel mask looks for [0, 1, 2, 3, 4, 5, 6, 7, 8, 9, 10, 11, 12, 13, 14, 15, 16, 17, 18, 19, 20, 21, 22, 23, 24, 25, 26, 27, 28, 29, 30, 31] channels: 0xffffffff
CopyGB RD Q: Bank 0, Total burst till now: 16
CopyGB RD Q: Bank 4, Row index 387, Op size 16
How COPY_MIN_GB_only_trace hexadecimal channel mask looks for [0, 1, 2, 3, 4, 5, 6, 7, 8, 9, 10, 11, 12, 13, 14, 15, 16, 17, 18, 19, 20, 21, 22, 23, 24, 25, 26, 27, 28, 29, 30, 31] channels: 0xffffffff
CopyGB RD Q: Bank 4, Total burst till now: 32
CopyGB RD Q: Bank 8, Row index 387, Op size 16
How COPY_MIN_GB_only_trace hexadecimal channel mask looks for [0, 1, 2, 3, 4, 5, 6, 7, 8, 9, 10, 11, 12, 13, 14, 15, 16, 17, 18, 19, 20, 21, 22, 23, 24, 25, 26, 27, 28, 29, 30, 31] channels: 0xffffffff
CopyGB RD Q: Bank 8, Total burst till now: 48
CopyGB RD Q: Bank 12, Row index 387, Op size 16
How COPY_MIN_GB_only_trace hexadecimal channel mask looks for [0, 1, 2, 3, 4, 5, 6, 7, 8, 9, 10, 11, 12, 13, 14, 15, 16, 17, 18, 19, 20, 21, 22, 23, 24, 25, 26, 27, 28, 29, 30, 31] channels: 0xffffffff
CopyGB RD Q: Bank 12, Total burst till now: 64
CopyGB RD K: Bank 0, Row index 388, Op size 16
How COPY_MIN_GB_only_trace hexadecimal channel mask looks for [0, 1, 2, 3, 4, 5, 6, 7, 8, 9, 10, 11, 12, 13, 14, 15, 16, 17, 18, 19, 20, 21, 22, 23, 24, 25, 26, 27, 28, 29, 30, 31] channels: 0xffffffff
CopyGB RD K: Bank 0, Total burst till now: 16
CopyGB RD K: Bank 4, Row index 388, Op size 16
How COPY_MIN_GB_only_trace hexadecimal channel mask looks for [0, 1, 2, 3, 4, 5, 6, 7, 8, 9, 10, 11, 12, 13, 14, 15, 16, 17, 18, 19, 20, 21, 22, 23, 24, 25, 26, 27, 28, 29, 30, 31] channels: 0xffffffff
CopyGB RD K: Bank 4, Total burst till now: 32
CopyGB RD K: Bank 8, Row index 388, Op size 16
How COPY_MIN_GB_only_trace hexadecimal channel mask looks for [0, 1, 2, 3, 4, 5, 6, 7, 8, 9, 10, 11, 12, 13, 14, 15, 16, 17, 18, 19, 20, 21, 22, 23, 24, 25, 26, 27, 28, 29, 30, 31] channels: 0xffffffff
CopyGB RD K: Bank 8, Total burst till now: 48
CopyGB RD K: Bank 12, Row index 388, Op size 16
How COPY_MIN_GB_only_trace hexadecimal channel mask looks for [0, 1, 2, 3, 4, 5, 6, 7, 8, 9, 10, 11, 12, 13, 14, 15, 16, 17, 18, 19, 20, 21, 22, 23, 24, 25, 26, 27, 28, 29, 30, 31] channels: 0xffffffff
CopyGB RD K: Bank 12, Total burst till now: 64
CopyGB RD INV Q: Bank 2, Row index 387, Op size 16
How COPY_MIN_GB_only_trace hexadecimal channel mask looks for [0, 1, 2, 3, 4, 5, 6, 7, 8, 9, 10, 11, 12, 13, 14, 15, 16, 17, 18, 19, 20, 21, 22, 23, 24, 25, 26, 27, 28, 29, 30, 31] channels: 0xffffffff
CopyGB RD INV Q: Bank 2, Total burst till now: 16
CopyGB RD INV Q: Bank 6, Row index 387, Op size 16
How COPY_MIN_GB_only_trace hexadecimal channel mask looks for [0, 1, 2, 3, 4, 5, 6, 7, 8, 9, 10, 11, 12, 13, 14, 15, 16, 17, 18, 19, 20, 21, 22, 23, 24, 25, 26, 27, 28, 29, 30, 31] channels: 0xffffffff
CopyGB RD INV Q: Bank 6, Total burst till now: 32
CopyGB RD INV Q: Bank 10, Row index 387, Op size 16
How COPY_MIN_GB_only_trace hexadecimal channel mask looks for [0, 1, 2, 3, 4, 5, 6, 7, 8, 9, 10, 11, 12, 13, 14, 15, 16, 17, 18, 19, 20, 21, 22, 23, 24, 25, 26, 27, 28, 29, 30, 31] channels: 0xffffffff
CopyGB RD INV Q: Bank 10, Total burst till now: 48
CopyGB RD INV Q: Bank 14, Row index 387, Op size 16
How COPY_MIN_GB_only_trace hexadecimal channel mask looks for [0, 1, 2, 3, 4, 5, 6, 7, 8, 9, 10, 11, 12, 13, 14, 15, 16, 17, 18, 19, 20, 21, 22, 23, 24, 25, 26, 27, 28, 29, 30, 31] channels: 0xffffffff
CopyGB RD INV Q: Bank 14, Total burst till now: 64
CopyGB RD INV K: Bank 2, Row index 388, Op size 16
How COPY_MIN_GB_only_trace hexadecimal channel mask looks for [0, 1, 2, 3, 4, 5, 6, 7, 8, 9, 10, 11, 12, 13, 14, 15, 16, 17, 18, 19, 20, 21, 22, 23, 24, 25, 26, 27, 28, 29, 30, 31] channels: 0xffffffff
CopyGB RD INV K: Bank 2, Total burst till now: 16
CopyGB RD INV K: Bank 6, Row index 388, Op size 16
How COPY_MIN_GB_only_trace hexadecimal channel mask looks for [0, 1, 2, 3, 4, 5, 6, 7, 8, 9, 10, 11, 12, 13, 14, 15, 16, 17, 18, 19, 20, 21, 22, 23, 24, 25, 26, 27, 28, 29, 30, 31] channels: 0xffffffff
CopyGB RD INV K: Bank 6, Total burst till now: 32
CopyGB RD INV K: Bank 10, Row index 388, Op size 16
How COPY_MIN_GB_only_trace hexadecimal channel mask looks for [0, 1, 2, 3, 4, 5, 6, 7, 8, 9, 10, 11, 12, 13, 14, 15, 16, 17, 18, 19, 20, 21, 22, 23, 24, 25, 26, 27, 28, 29, 30, 31] channels: 0xffffffff
CopyGB RD INV K: Bank 10, Total burst till now: 48
CopyGB RD INV K: Bank 14, Row index 388, Op size 16
How COPY_MIN_GB_only_trace hexadecimal channel mask looks for [0, 1, 2, 3, 4, 5, 6, 7, 8, 9, 10, 11, 12, 13, 14, 15, 16, 17, 18, 19, 20, 21, 22, 23, 24, 25, 26, 27, 28, 29, 30, 31] channels: 0xffffffff
CopyGB RD INV K: Bank 14, Total burst till now: 64
dim=4096 and burst_length=16
Total elements turned number of block * dimension =16384
Model: None, RD-WR SBK for Q and K is same=8192, ewmul_q_burst=4096, ewmul_k_burst=4096
================================ END OF ROT EMB TRACE ==================================
How COPY_GB_BK_only_trace hexadecimal channel mask looks for [0, 1, 2, 3, 4, 5, 6, 7, 8, 9, 10, 11, 12, 13, 14, 15, 16, 17, 18, 19, 20, 21, 22, 23, 24, 25, 26, 27, 28, 29, 30, 31] channels: 0xffffffff
How COPY_GB_BK_only_trace hexadecimal channel mask looks for [0, 1, 2, 3, 4, 5, 6, 7, 8, 9, 10, 11, 12, 13, 14, 15, 16, 17, 18, 19, 20, 21, 22, 23, 24, 25, 26, 27, 28, 29, 30, 31] channels: 0xffffffff
How COPY_GB_BK_only_trace hexadecimal channel mask looks for [0, 1, 2, 3, 4, 5, 6, 7, 8, 9, 10, 11, 12, 13, 14, 15, 16, 17, 18, 19, 20, 21, 22, 23, 24, 25, 26, 27, 28, 29, 30, 31] channels: 0xffffffff
How COPY_GB_BK_only_trace hexadecimal channel mask looks for [0, 1, 2, 3, 4, 5, 6, 7, 8, 9, 10, 11, 12, 13, 14, 15, 16, 17, 18, 19, 20, 21, 22, 23, 24, 25, 26, 27, 28, 29, 30, 31] channels: 0xffffffff
How COPY_GB_BK_only_trace hexadecimal channel mask looks for [0, 1, 2, 3, 4, 5, 6, 7, 8, 9, 10, 11, 12, 13, 14, 15, 16, 17, 18, 19, 20, 21, 22, 23, 24, 25, 26, 27, 28, 29, 30, 31] channels: 0xffffffff
How COPY_GB_BK_only_trace hexadecimal channel mask looks for [0, 1, 2, 3, 4, 5, 6, 7, 8, 9, 10, 11, 12, 13, 14, 15, 16, 17, 18, 19, 20, 21, 22, 23, 24, 25, 26, 27, 28, 29, 30, 31] channels: 0xffffffff
How COPY_GB_BK_only_trace hexadecimal channel mask looks for [0, 1, 2, 3, 4, 5, 6, 7, 8, 9, 10, 11, 12, 13, 14, 15, 16, 17, 18, 19, 20, 21, 22, 23, 24, 25, 26, 27, 28, 29, 30, 31] channels: 0xffffffff
How COPY_GB_BK_only_trace hexadecimal channel mask looks for [0, 1, 2, 3, 4, 5, 6, 7, 8, 9, 10, 11, 12, 13, 14, 15, 16, 17, 18, 19, 20, 21, 22, 23, 24, 25, 26, 27, 28, 29, 30, 31] channels: 0xffffffff

 generate trace in function_sim, model name=None

Entered trace only in Llama.py
How COPY_GB_BK_only_trace hexadecimal channel mask looks for [0, 1, 2, 3, 4, 5, 6, 7, 8, 9, 10, 11, 12, 13, 14, 15, 16, 17, 18, 19, 20, 21, 22, 23, 24, 25, 26, 27, 28, 29, 30, 31] channels: 0xffffffff
How COPY_GB_BK_only_trace hexadecimal channel mask looks for [0, 1, 2, 3, 4, 5, 6, 7, 8, 9, 10, 11, 12, 13, 14, 15, 16, 17, 18, 19, 20, 21, 22, 23, 24, 25, 26, 27, 28, 29, 30, 31] channels: 0xffffffff
How COPY_GB_BK_only_trace hexadecimal channel mask looks for [0, 1, 2, 3, 4, 5, 6, 7, 8, 9, 10, 11, 12, 13, 14, 15, 16, 17, 18, 19, 20, 21, 22, 23, 24, 25, 26, 27, 28, 29, 30, 31] channels: 0xffffffff
How COPY_GB_BK_only_trace hexadecimal channel mask looks for [0, 1, 2, 3, 4, 5, 6, 7, 8, 9, 10, 11, 12, 13, 14, 15, 16, 17, 18, 19, 20, 21, 22, 23, 24, 25, 26, 27, 28, 29, 30, 31] channels: 0xffffffff
Entered trace only in Llama.py: trace_fc_kqvo is true, model name =None 
Model name =None with model parallel enable: False,  Dimension =4096, Total banks =128
============================== ROT EMB ==== None ====================================

EQUIVALENCE author=128, intermediate=128, mine=128

Number of banks per device:  16
Number of blocks per device:  4
Channels required for rotation of single block:  8
Channels required for rotation of all blocks:  32
All channels list for multi transformer blocks for rotation:  [0, 1, 2, 3, 4, 5, 6, 7, 8, 9, 10, 11, 12, 13, 14, 15, 16, 17, 18, 19, 20, 21, 22, 23, 24, 25, 26, 27, 28, 29, 30, 31]
EWMUL length=128 and utilized banks=32

Total banks: 128, Channels per block: 8, Banks per device: 16
EWMUL length=128 and utilized banks=32 and per channel banks=4

CopyGB RD Q: Bank 0, Row index 387, Op size 16
How COPY_MIN_GB_only_trace hexadecimal channel mask looks for [0, 1, 2, 3, 4, 5, 6, 7, 8, 9, 10, 11, 12, 13, 14, 15, 16, 17, 18, 19, 20, 21, 22, 23, 24, 25, 26, 27, 28, 29, 30, 31] channels: 0xffffffff
CopyGB RD Q: Bank 0, Total burst till now: 16
CopyGB RD Q: Bank 4, Row index 387, Op size 16
How COPY_MIN_GB_only_trace hexadecimal channel mask looks for [0, 1, 2, 3, 4, 5, 6, 7, 8, 9, 10, 11, 12, 13, 14, 15, 16, 17, 18, 19, 20, 21, 22, 23, 24, 25, 26, 27, 28, 29, 30, 31] channels: 0xffffffff
CopyGB RD Q: Bank 4, Total burst till now: 32
CopyGB RD Q: Bank 8, Row index 387, Op size 16
How COPY_MIN_GB_only_trace hexadecimal channel mask looks for [0, 1, 2, 3, 4, 5, 6, 7, 8, 9, 10, 11, 12, 13, 14, 15, 16, 17, 18, 19, 20, 21, 22, 23, 24, 25, 26, 27, 28, 29, 30, 31] channels: 0xffffffff
CopyGB RD Q: Bank 8, Total burst till now: 48
CopyGB RD Q: Bank 12, Row index 387, Op size 16
How COPY_MIN_GB_only_trace hexadecimal channel mask looks for [0, 1, 2, 3, 4, 5, 6, 7, 8, 9, 10, 11, 12, 13, 14, 15, 16, 17, 18, 19, 20, 21, 22, 23, 24, 25, 26, 27, 28, 29, 30, 31] channels: 0xffffffff
CopyGB RD Q: Bank 12, Total burst till now: 64
CopyGB RD K: Bank 0, Row index 388, Op size 16
How COPY_MIN_GB_only_trace hexadecimal channel mask looks for [0, 1, 2, 3, 4, 5, 6, 7, 8, 9, 10, 11, 12, 13, 14, 15, 16, 17, 18, 19, 20, 21, 22, 23, 24, 25, 26, 27, 28, 29, 30, 31] channels: 0xffffffff
CopyGB RD K: Bank 0, Total burst till now: 16
CopyGB RD K: Bank 4, Row index 388, Op size 16
How COPY_MIN_GB_only_trace hexadecimal channel mask looks for [0, 1, 2, 3, 4, 5, 6, 7, 8, 9, 10, 11, 12, 13, 14, 15, 16, 17, 18, 19, 20, 21, 22, 23, 24, 25, 26, 27, 28, 29, 30, 31] channels: 0xffffffff
CopyGB RD K: Bank 4, Total burst till now: 32
CopyGB RD K: Bank 8, Row index 388, Op size 16
How COPY_MIN_GB_only_trace hexadecimal channel mask looks for [0, 1, 2, 3, 4, 5, 6, 7, 8, 9, 10, 11, 12, 13, 14, 15, 16, 17, 18, 19, 20, 21, 22, 23, 24, 25, 26, 27, 28, 29, 30, 31] channels: 0xffffffff
CopyGB RD K: Bank 8, Total burst till now: 48
CopyGB RD K: Bank 12, Row index 388, Op size 16
How COPY_MIN_GB_only_trace hexadecimal channel mask looks for [0, 1, 2, 3, 4, 5, 6, 7, 8, 9, 10, 11, 12, 13, 14, 15, 16, 17, 18, 19, 20, 21, 22, 23, 24, 25, 26, 27, 28, 29, 30, 31] channels: 0xffffffff
CopyGB RD K: Bank 12, Total burst till now: 64
CopyGB RD INV Q: Bank 2, Row index 387, Op size 16
How COPY_MIN_GB_only_trace hexadecimal channel mask looks for [0, 1, 2, 3, 4, 5, 6, 7, 8, 9, 10, 11, 12, 13, 14, 15, 16, 17, 18, 19, 20, 21, 22, 23, 24, 25, 26, 27, 28, 29, 30, 31] channels: 0xffffffff
CopyGB RD INV Q: Bank 2, Total burst till now: 16
CopyGB RD INV Q: Bank 6, Row index 387, Op size 16
How COPY_MIN_GB_only_trace hexadecimal channel mask looks for [0, 1, 2, 3, 4, 5, 6, 7, 8, 9, 10, 11, 12, 13, 14, 15, 16, 17, 18, 19, 20, 21, 22, 23, 24, 25, 26, 27, 28, 29, 30, 31] channels: 0xffffffff
CopyGB RD INV Q: Bank 6, Total burst till now: 32
CopyGB RD INV Q: Bank 10, Row index 387, Op size 16
How COPY_MIN_GB_only_trace hexadecimal channel mask looks for [0, 1, 2, 3, 4, 5, 6, 7, 8, 9, 10, 11, 12, 13, 14, 15, 16, 17, 18, 19, 20, 21, 22, 23, 24, 25, 26, 27, 28, 29, 30, 31] channels: 0xffffffff
CopyGB RD INV Q: Bank 10, Total burst till now: 48
CopyGB RD INV Q: Bank 14, Row index 387, Op size 16
How COPY_MIN_GB_only_trace hexadecimal channel mask looks for [0, 1, 2, 3, 4, 5, 6, 7, 8, 9, 10, 11, 12, 13, 14, 15, 16, 17, 18, 19, 20, 21, 22, 23, 24, 25, 26, 27, 28, 29, 30, 31] channels: 0xffffffff
CopyGB RD INV Q: Bank 14, Total burst till now: 64
CopyGB RD INV K: Bank 2, Row index 388, Op size 16
How COPY_MIN_GB_only_trace hexadecimal channel mask looks for [0, 1, 2, 3, 4, 5, 6, 7, 8, 9, 10, 11, 12, 13, 14, 15, 16, 17, 18, 19, 20, 21, 22, 23, 24, 25, 26, 27, 28, 29, 30, 31] channels: 0xffffffff
CopyGB RD INV K: Bank 2, Total burst till now: 16
CopyGB RD INV K: Bank 6, Row index 388, Op size 16
How COPY_MIN_GB_only_trace hexadecimal channel mask looks for [0, 1, 2, 3, 4, 5, 6, 7, 8, 9, 10, 11, 12, 13, 14, 15, 16, 17, 18, 19, 20, 21, 22, 23, 24, 25, 26, 27, 28, 29, 30, 31] channels: 0xffffffff
CopyGB RD INV K: Bank 6, Total burst till now: 32
CopyGB RD INV K: Bank 10, Row index 388, Op size 16
How COPY_MIN_GB_only_trace hexadecimal channel mask looks for [0, 1, 2, 3, 4, 5, 6, 7, 8, 9, 10, 11, 12, 13, 14, 15, 16, 17, 18, 19, 20, 21, 22, 23, 24, 25, 26, 27, 28, 29, 30, 31] channels: 0xffffffff
CopyGB RD INV K: Bank 10, Total burst till now: 48
CopyGB RD INV K: Bank 14, Row index 388, Op size 16
How COPY_MIN_GB_only_trace hexadecimal channel mask looks for [0, 1, 2, 3, 4, 5, 6, 7, 8, 9, 10, 11, 12, 13, 14, 15, 16, 17, 18, 19, 20, 21, 22, 23, 24, 25, 26, 27, 28, 29, 30, 31] channels: 0xffffffff
CopyGB RD INV K: Bank 14, Total burst till now: 64
dim=4096 and burst_length=16
Total elements turned number of block * dimension =16384
Model: None, RD-WR SBK for Q and K is same=8192, ewmul_q_burst=4096, ewmul_k_burst=4096
================================ END OF ROT EMB TRACE ==================================
How COPY_GB_BK_only_trace hexadecimal channel mask looks for [0, 1, 2, 3, 4, 5, 6, 7, 8, 9, 10, 11, 12, 13, 14, 15, 16, 17, 18, 19, 20, 21, 22, 23, 24, 25, 26, 27, 28, 29, 30, 31] channels: 0xffffffff
How COPY_GB_BK_only_trace hexadecimal channel mask looks for [0, 1, 2, 3, 4, 5, 6, 7, 8, 9, 10, 11, 12, 13, 14, 15, 16, 17, 18, 19, 20, 21, 22, 23, 24, 25, 26, 27, 28, 29, 30, 31] channels: 0xffffffff
How COPY_GB_BK_only_trace hexadecimal channel mask looks for [0, 1, 2, 3, 4, 5, 6, 7, 8, 9, 10, 11, 12, 13, 14, 15, 16, 17, 18, 19, 20, 21, 22, 23, 24, 25, 26, 27, 28, 29, 30, 31] channels: 0xffffffff
How COPY_GB_BK_only_trace hexadecimal channel mask looks for [0, 1, 2, 3, 4, 5, 6, 7, 8, 9, 10, 11, 12, 13, 14, 15, 16, 17, 18, 19, 20, 21, 22, 23, 24, 25, 26, 27, 28, 29, 30, 31] channels: 0xffffffff
How COPY_GB_BK_only_trace hexadecimal channel mask looks for [0, 1, 2, 3, 4, 5, 6, 7, 8, 9, 10, 11, 12, 13, 14, 15, 16, 17, 18, 19, 20, 21, 22, 23, 24, 25, 26, 27, 28, 29, 30, 31] channels: 0xffffffff
How COPY_GB_BK_only_trace hexadecimal channel mask looks for [0, 1, 2, 3, 4, 5, 6, 7, 8, 9, 10, 11, 12, 13, 14, 15, 16, 17, 18, 19, 20, 21, 22, 23, 24, 25, 26, 27, 28, 29, 30, 31] channels: 0xffffffff
How COPY_GB_BK_only_trace hexadecimal channel mask looks for [0, 1, 2, 3, 4, 5, 6, 7, 8, 9, 10, 11, 12, 13, 14, 15, 16, 17, 18, 19, 20, 21, 22, 23, 24, 25, 26, 27, 28, 29, 30, 31] channels: 0xffffffff
How COPY_GB_BK_only_trace hexadecimal channel mask looks for [0, 1, 2, 3, 4, 5, 6, 7, 8, 9, 10, 11, 12, 13, 14, 15, 16, 17, 18, 19, 20, 21, 22, 23, 24, 25, 26, 27, 28, 29, 30, 31] channels: 0xffffffff

 generate trace in function_sim, model name=None

Entered trace only in Llama.py
How COPY_GB_BK_only_trace hexadecimal channel mask looks for [0, 1, 2, 3, 4, 5, 6, 7, 8, 9, 10, 11, 12, 13, 14, 15, 16, 17, 18, 19, 20, 21, 22, 23, 24, 25, 26, 27, 28, 29, 30, 31] channels: 0xffffffff
How COPY_GB_BK_only_trace hexadecimal channel mask looks for [0, 1, 2, 3, 4, 5, 6, 7, 8, 9, 10, 11, 12, 13, 14, 15, 16, 17, 18, 19, 20, 21, 22, 23, 24, 25, 26, 27, 28, 29, 30, 31] channels: 0xffffffff
How COPY_GB_BK_only_trace hexadecimal channel mask looks for [0, 1, 2, 3, 4, 5, 6, 7, 8, 9, 10, 11, 12, 13, 14, 15, 16, 17, 18, 19, 20, 21, 22, 23, 24, 25, 26, 27, 28, 29, 30, 31] channels: 0xffffffff
How COPY_GB_BK_only_trace hexadecimal channel mask looks for [0, 1, 2, 3, 4, 5, 6, 7, 8, 9, 10, 11, 12, 13, 14, 15, 16, 17, 18, 19, 20, 21, 22, 23, 24, 25, 26, 27, 28, 29, 30, 31] channels: 0xffffffff
Entered trace only in Llama.py: trace_fc_kqvo is true, model name =None 
Model name =None with model parallel enable: False,  Dimension =4096, Total banks =128
============================== ROT EMB ==== None ====================================

EQUIVALENCE author=128, intermediate=128, mine=128

Number of banks per device:  16
Number of blocks per device:  4
Channels required for rotation of single block:  8
Channels required for rotation of all blocks:  32
All channels list for multi transformer blocks for rotation:  [0, 1, 2, 3, 4, 5, 6, 7, 8, 9, 10, 11, 12, 13, 14, 15, 16, 17, 18, 19, 20, 21, 22, 23, 24, 25, 26, 27, 28, 29, 30, 31]
EWMUL length=128 and utilized banks=32

Total banks: 128, Channels per block: 8, Banks per device: 16
EWMUL length=128 and utilized banks=32 and per channel banks=4

CopyGB RD Q: Bank 0, Row index 387, Op size 16
How COPY_MIN_GB_only_trace hexadecimal channel mask looks for [0, 1, 2, 3, 4, 5, 6, 7, 8, 9, 10, 11, 12, 13, 14, 15, 16, 17, 18, 19, 20, 21, 22, 23, 24, 25, 26, 27, 28, 29, 30, 31] channels: 0xffffffff
CopyGB RD Q: Bank 0, Total burst till now: 16
CopyGB RD Q: Bank 4, Row index 387, Op size 16
How COPY_MIN_GB_only_trace hexadecimal channel mask looks for [0, 1, 2, 3, 4, 5, 6, 7, 8, 9, 10, 11, 12, 13, 14, 15, 16, 17, 18, 19, 20, 21, 22, 23, 24, 25, 26, 27, 28, 29, 30, 31] channels: 0xffffffff
CopyGB RD Q: Bank 4, Total burst till now: 32
CopyGB RD Q: Bank 8, Row index 387, Op size 16
How COPY_MIN_GB_only_trace hexadecimal channel mask looks for [0, 1, 2, 3, 4, 5, 6, 7, 8, 9, 10, 11, 12, 13, 14, 15, 16, 17, 18, 19, 20, 21, 22, 23, 24, 25, 26, 27, 28, 29, 30, 31] channels: 0xffffffff
CopyGB RD Q: Bank 8, Total burst till now: 48
CopyGB RD Q: Bank 12, Row index 387, Op size 16
How COPY_MIN_GB_only_trace hexadecimal channel mask looks for [0, 1, 2, 3, 4, 5, 6, 7, 8, 9, 10, 11, 12, 13, 14, 15, 16, 17, 18, 19, 20, 21, 22, 23, 24, 25, 26, 27, 28, 29, 30, 31] channels: 0xffffffff
CopyGB RD Q: Bank 12, Total burst till now: 64
CopyGB RD K: Bank 0, Row index 388, Op size 16
How COPY_MIN_GB_only_trace hexadecimal channel mask looks for [0, 1, 2, 3, 4, 5, 6, 7, 8, 9, 10, 11, 12, 13, 14, 15, 16, 17, 18, 19, 20, 21, 22, 23, 24, 25, 26, 27, 28, 29, 30, 31] channels: 0xffffffff
CopyGB RD K: Bank 0, Total burst till now: 16
CopyGB RD K: Bank 4, Row index 388, Op size 16
How COPY_MIN_GB_only_trace hexadecimal channel mask looks for [0, 1, 2, 3, 4, 5, 6, 7, 8, 9, 10, 11, 12, 13, 14, 15, 16, 17, 18, 19, 20, 21, 22, 23, 24, 25, 26, 27, 28, 29, 30, 31] channels: 0xffffffff
CopyGB RD K: Bank 4, Total burst till now: 32
CopyGB RD K: Bank 8, Row index 388, Op size 16
How COPY_MIN_GB_only_trace hexadecimal channel mask looks for [0, 1, 2, 3, 4, 5, 6, 7, 8, 9, 10, 11, 12, 13, 14, 15, 16, 17, 18, 19, 20, 21, 22, 23, 24, 25, 26, 27, 28, 29, 30, 31] channels: 0xffffffff
CopyGB RD K: Bank 8, Total burst till now: 48
CopyGB RD K: Bank 12, Row index 388, Op size 16
How COPY_MIN_GB_only_trace hexadecimal channel mask looks for [0, 1, 2, 3, 4, 5, 6, 7, 8, 9, 10, 11, 12, 13, 14, 15, 16, 17, 18, 19, 20, 21, 22, 23, 24, 25, 26, 27, 28, 29, 30, 31] channels: 0xffffffff
CopyGB RD K: Bank 12, Total burst till now: 64
CopyGB RD INV Q: Bank 2, Row index 387, Op size 16
How COPY_MIN_GB_only_trace hexadecimal channel mask looks for [0, 1, 2, 3, 4, 5, 6, 7, 8, 9, 10, 11, 12, 13, 14, 15, 16, 17, 18, 19, 20, 21, 22, 23, 24, 25, 26, 27, 28, 29, 30, 31] channels: 0xffffffff
CopyGB RD INV Q: Bank 2, Total burst till now: 16
CopyGB RD INV Q: Bank 6, Row index 387, Op size 16
How COPY_MIN_GB_only_trace hexadecimal channel mask looks for [0, 1, 2, 3, 4, 5, 6, 7, 8, 9, 10, 11, 12, 13, 14, 15, 16, 17, 18, 19, 20, 21, 22, 23, 24, 25, 26, 27, 28, 29, 30, 31] channels: 0xffffffff
CopyGB RD INV Q: Bank 6, Total burst till now: 32
CopyGB RD INV Q: Bank 10, Row index 387, Op size 16
How COPY_MIN_GB_only_trace hexadecimal channel mask looks for [0, 1, 2, 3, 4, 5, 6, 7, 8, 9, 10, 11, 12, 13, 14, 15, 16, 17, 18, 19, 20, 21, 22, 23, 24, 25, 26, 27, 28, 29, 30, 31] channels: 0xffffffff
CopyGB RD INV Q: Bank 10, Total burst till now: 48
CopyGB RD INV Q: Bank 14, Row index 387, Op size 16
How COPY_MIN_GB_only_trace hexadecimal channel mask looks for [0, 1, 2, 3, 4, 5, 6, 7, 8, 9, 10, 11, 12, 13, 14, 15, 16, 17, 18, 19, 20, 21, 22, 23, 24, 25, 26, 27, 28, 29, 30, 31] channels: 0xffffffff
CopyGB RD INV Q: Bank 14, Total burst till now: 64
CopyGB RD INV K: Bank 2, Row index 388, Op size 16
How COPY_MIN_GB_only_trace hexadecimal channel mask looks for [0, 1, 2, 3, 4, 5, 6, 7, 8, 9, 10, 11, 12, 13, 14, 15, 16, 17, 18, 19, 20, 21, 22, 23, 24, 25, 26, 27, 28, 29, 30, 31] channels: 0xffffffff
CopyGB RD INV K: Bank 2, Total burst till now: 16
CopyGB RD INV K: Bank 6, Row index 388, Op size 16
How COPY_MIN_GB_only_trace hexadecimal channel mask looks for [0, 1, 2, 3, 4, 5, 6, 7, 8, 9, 10, 11, 12, 13, 14, 15, 16, 17, 18, 19, 20, 21, 22, 23, 24, 25, 26, 27, 28, 29, 30, 31] channels: 0xffffffff
CopyGB RD INV K: Bank 6, Total burst till now: 32
CopyGB RD INV K: Bank 10, Row index 388, Op size 16
How COPY_MIN_GB_only_trace hexadecimal channel mask looks for [0, 1, 2, 3, 4, 5, 6, 7, 8, 9, 10, 11, 12, 13, 14, 15, 16, 17, 18, 19, 20, 21, 22, 23, 24, 25, 26, 27, 28, 29, 30, 31] channels: 0xffffffff
CopyGB RD INV K: Bank 10, Total burst till now: 48
CopyGB RD INV K: Bank 14, Row index 388, Op size 16
How COPY_MIN_GB_only_trace hexadecimal channel mask looks for [0, 1, 2, 3, 4, 5, 6, 7, 8, 9, 10, 11, 12, 13, 14, 15, 16, 17, 18, 19, 20, 21, 22, 23, 24, 25, 26, 27, 28, 29, 30, 31] channels: 0xffffffff
CopyGB RD INV K: Bank 14, Total burst till now: 64
dim=4096 and burst_length=16
Total elements turned number of block * dimension =16384
Model: None, RD-WR SBK for Q and K is same=8192, ewmul_q_burst=4096, ewmul_k_burst=4096
================================ END OF ROT EMB TRACE ==================================
How COPY_GB_BK_only_trace hexadecimal channel mask looks for [0, 1, 2, 3, 4, 5, 6, 7, 8, 9, 10, 11, 12, 13, 14, 15, 16, 17, 18, 19, 20, 21, 22, 23, 24, 25, 26, 27, 28, 29, 30, 31] channels: 0xffffffff
How COPY_GB_BK_only_trace hexadecimal channel mask looks for [0, 1, 2, 3, 4, 5, 6, 7, 8, 9, 10, 11, 12, 13, 14, 15, 16, 17, 18, 19, 20, 21, 22, 23, 24, 25, 26, 27, 28, 29, 30, 31] channels: 0xffffffff
How COPY_GB_BK_only_trace hexadecimal channel mask looks for [0, 1, 2, 3, 4, 5, 6, 7, 8, 9, 10, 11, 12, 13, 14, 15, 16, 17, 18, 19, 20, 21, 22, 23, 24, 25, 26, 27, 28, 29, 30, 31] channels: 0xffffffff
How COPY_GB_BK_only_trace hexadecimal channel mask looks for [0, 1, 2, 3, 4, 5, 6, 7, 8, 9, 10, 11, 12, 13, 14, 15, 16, 17, 18, 19, 20, 21, 22, 23, 24, 25, 26, 27, 28, 29, 30, 31] channels: 0xffffffff
How COPY_GB_BK_only_trace hexadecimal channel mask looks for [0, 1, 2, 3, 4, 5, 6, 7, 8, 9, 10, 11, 12, 13, 14, 15, 16, 17, 18, 19, 20, 21, 22, 23, 24, 25, 26, 27, 28, 29, 30, 31] channels: 0xffffffff
How COPY_GB_BK_only_trace hexadecimal channel mask looks for [0, 1, 2, 3, 4, 5, 6, 7, 8, 9, 10, 11, 12, 13, 14, 15, 16, 17, 18, 19, 20, 21, 22, 23, 24, 25, 26, 27, 28, 29, 30, 31] channels: 0xffffffff
How COPY_GB_BK_only_trace hexadecimal channel mask looks for [0, 1, 2, 3, 4, 5, 6, 7, 8, 9, 10, 11, 12, 13, 14, 15, 16, 17, 18, 19, 20, 21, 22, 23, 24, 25, 26, 27, 28, 29, 30, 31] channels: 0xffffffff
How COPY_GB_BK_only_trace hexadecimal channel mask looks for [0, 1, 2, 3, 4, 5, 6, 7, 8, 9, 10, 11, 12, 13, 14, 15, 16, 17, 18, 19, 20, 21, 22, 23, 24, 25, 26, 27, 28, 29, 30, 31] channels: 0xffffffff
/home/mainuddin/flyCENT/CENT/cent_simulation/run_sim.py:398: FutureWarning: The behavior of DataFrame concatenation with empty or all-NA entries is deprecated. In a future version, this will no longer exclude empty or all-NA columns when determining the result dtypes. To retain the old behavior, exclude the relevant entries before the concat operation.
  results_df = pd.concat([results_df, new_result_df], ignore_index=True)
====================================== END CONF ======================================
current run_sim.py directory files after trace generation:  /home/mainuddin/flyCENT/CENT/cent_simulation

=== NEW TRACES GENERATED 33 . COMBINED STATS SAVED TO: ../cent_simulation/logs/Llama2-7B_all_traces_burst_stats.json ===
=================================================================

../aim_simulator/build/ramulator2 -f ../aim_simulator/test/example.yaml -t ../trace/32_channels_per_device/pipeline_parallel_embedding/Llama2-7B/trace_8_channels_per_block_seqlen_4096.txt
../aim_simulator/build/ramulator2 -f ../aim_simulator/test/example.yaml -t ../trace/32_channels_per_device/pipeline_parallel/Llama2-7B/trace_8_channels_per_block_seqlen_128.txt
../aim_simulator/build/ramulator2 -f ../aim_simulator/test/example.yaml -t ../trace/32_channels_per_device/pipeline_parallel/Llama2-7B/trace_8_channels_per_block_seqlen_256.txt
../aim_simulator/build/ramulator2 -f ../aim_simulator/test/example.yaml -t ../trace/32_channels_per_device/pipeline_parallel/Llama2-7B/trace_8_channels_per_block_seqlen_384.txt
../aim_simulator/build/ramulator2 -f ../aim_simulator/test/example.yaml -t ../trace/32_channels_per_device/pipeline_parallel/Llama2-7B/trace_8_channels_per_block_seqlen_512.txt
../aim_simulator/build/ramulator2 -f ../aim_simulator/test/example.yaml -t ../trace/32_channels_per_device/pipeline_parallel/Llama2-7B/trace_8_channels_per_block_seqlen_640.txt
../aim_simulator/build/ramulator2 -f ../aim_simulator/test/example.yaml -t ../trace/32_channels_per_device/pipeline_parallel/Llama2-7B/trace_8_channels_per_block_seqlen_768.txt
../aim_simulator/build/ramulator2 -f ../aim_simulator/test/example.yaml -t ../trace/32_channels_per_device/pipeline_parallel/Llama2-7B/trace_8_channels_per_block_seqlen_896.txt
../aim_simulator/build/ramulator2 -f ../aim_simulator/test/example.yaml -t ../trace/32_channels_per_device/pipeline_parallel/Llama2-7B/trace_8_channels_per_block_seqlen_1024.txt
../aim_simulator/build/ramulator2 -f ../aim_simulator/test/example.yaml -t ../trace/32_channels_per_device/pipeline_parallel/Llama2-7B/trace_8_channels_per_block_seqlen_1152.txt
../aim_simulator/build/ramulator2 -f ../aim_simulator/test/example.yaml -t ../trace/32_channels_per_device/pipeline_parallel/Llama2-7B/trace_8_channels_per_block_seqlen_1280.txt
../aim_simulator/build/ramulator2 -f ../aim_simulator/test/example.yaml -t ../trace/32_channels_per_device/pipeline_parallel/Llama2-7B/trace_8_channels_per_block_seqlen_1408.txt
../aim_simulator/build/ramulator2 -f ../aim_simulator/test/example.yaml -t ../trace/32_channels_per_device/pipeline_parallel/Llama2-7B/trace_8_channels_per_block_seqlen_1536.txt
../aim_simulator/build/ramulator2 -f ../aim_simulator/test/example.yaml -t ../trace/32_channels_per_device/pipeline_parallel/Llama2-7B/trace_8_channels_per_block_seqlen_1664.txt
../aim_simulator/build/ramulator2 -f ../aim_simulator/test/example.yaml -t ../trace/32_channels_per_device/pipeline_parallel/Llama2-7B/trace_8_channels_per_block_seqlen_1792.txt
../aim_simulator/build/ramulator2 -f ../aim_simulator/test/example.yaml -t ../trace/32_channels_per_device/pipeline_parallel/Llama2-7B/trace_8_channels_per_block_seqlen_1920.txt
../aim_simulator/build/ramulator2 -f ../aim_simulator/test/example.yaml -t ../trace/32_channels_per_device/pipeline_parallel/Llama2-7B/trace_8_channels_per_block_seqlen_2048.txt
../aim_simulator/build/ramulator2 -f ../aim_simulator/test/example.yaml -t ../trace/32_channels_per_device/pipeline_parallel/Llama2-7B/trace_8_channels_per_block_seqlen_2176.txt
../aim_simulator/build/ramulator2 -f ../aim_simulator/test/example.yaml -t ../trace/32_channels_per_device/pipeline_parallel/Llama2-7B/trace_8_channels_per_block_seqlen_2304.txt
../aim_simulator/build/ramulator2 -f ../aim_simulator/test/example.yaml -t ../trace/32_channels_per_device/pipeline_parallel/Llama2-7B/trace_8_channels_per_block_seqlen_2432.txt
../aim_simulator/build/ramulator2 -f ../aim_simulator/test/example.yaml -t ../trace/32_channels_per_device/pipeline_parallel/Llama2-7B/trace_8_channels_per_block_seqlen_2560.txt
../aim_simulator/build/ramulator2 -f ../aim_simulator/test/example.yaml -t ../trace/32_channels_per_device/pipeline_parallel/Llama2-7B/trace_8_channels_per_block_seqlen_2688.txt
../aim_simulator/build/ramulator2 -f ../aim_simulator/test/example.yaml -t ../trace/32_channels_per_device/pipeline_parallel/Llama2-7B/trace_8_channels_per_block_seqlen_2816.txt
../aim_simulator/build/ramulator2 -f ../aim_simulator/test/example.yaml -t ../trace/32_channels_per_device/pipeline_parallel/Llama2-7B/trace_8_channels_per_block_seqlen_2944.txt
../aim_simulator/build/ramulator2 -f ../aim_simulator/test/example.yaml -t ../trace/32_channels_per_device/pipeline_parallel/Llama2-7B/trace_8_channels_per_block_seqlen_3072.txt
../aim_simulator/build/ramulator2 -f ../aim_simulator/test/example.yaml -t ../trace/32_channels_per_device/pipeline_parallel/Llama2-7B/trace_8_channels_per_block_seqlen_3200.txt
../aim_simulator/build/ramulator2 -f ../aim_simulator/test/example.yaml -t ../trace/32_channels_per_device/pipeline_parallel/Llama2-7B/trace_8_channels_per_block_seqlen_3328.txt
../aim_simulator/build/ramulator2 -f ../aim_simulator/test/example.yaml -t ../trace/32_channels_per_device/pipeline_parallel/Llama2-7B/trace_8_channels_per_block_seqlen_3456.txt
../aim_simulator/build/ramulator2 -f ../aim_simulator/test/example.yaml -t ../trace/32_channels_per_device/pipeline_parallel/Llama2-7B/trace_8_channels_per_block_seqlen_3584.txt
../aim_simulator/build/ramulator2 -f ../aim_simulator/test/example.yaml -t ../trace/32_channels_per_device/pipeline_parallel/Llama2-7B/trace_8_channels_per_block_seqlen_3712.txt
../aim_simulator/build/ramulator2 -f ../aim_simulator/test/example.yaml -t ../trace/32_channels_per_device/pipeline_parallel/Llama2-7B/trace_8_channels_per_block_seqlen_3840.txt
../aim_simulator/build/ramulator2 -f ../aim_simulator/test/example.yaml -t ../trace/32_channels_per_device/pipeline_parallel/Llama2-7B/trace_8_channels_per_block_seqlen_3968.txt
../aim_simulator/build/ramulator2 -f ../aim_simulator/test/example.yaml -t ../trace/32_channels_per_device/pipeline_parallel/Llama2-7B/trace_8_channels_per_block_seqlen_4096.txt
Processing results...
Updating simulation results to CSV file...
